origin,destination,carrier_code,carrier_name,flight_num,travel_date,advance_purchase_days,fare_class,base_fare,taxes_and_fees,total_fare,fare_split_estimated,departure_time,status,scraped_at,capture_run,source,source_name
DEL,BOM,6E,IndiGo,6E 6676,2026-09-07,1,business,,,28443.0,False,12:00,ok,2026-09-06T11:56:58.822929+05:30,2026-09-06_1156IST,airline_direct,IndiGo
DEL,BOM,6E,IndiGo,6E 6676,2026-09-07,1,economy,,,6305.0,False,12:00,ok,2026-09-06T11:56:58.822929+05:30,2026-09-06_1156IST,airline_direct,IndiGo
DEL,BOM,6E,IndiGo,6E 324,2026-09-07,1,business,,,28443.0,False,13:00,ok,2026-09-06T11:56:58.822929+05:30,2026-09-06_1156IST,airline_direct,IndiGo
DEL,BOM,6E,IndiGo,6E 324,2026-09-07,1,economy,,,6305.0,False,13:00,ok,2026-09-06T11:56:58.822929+05:30,2026-09-06_1156IST,airline_direct,IndiGo
DEL,BOM,6E,IndiGo,6E 6022,2026-09-07,1,business,,,24260.0,False,14:00,ok,2026-09-06T11:56:58.822929+05:30,2026-09-06_1156IST,airline_direct,IndiGo
DEL,BOM,6E,IndiGo,6E 6022,2026-09-07,1,economy,,,6305.0,False,14:00,ok,2026-09-06T11:56:58.822929+05:30,2026-09-06_1156IST,airline_direct,IndiGo
DEL,BOM,6E,IndiGo,6E 6318,2026-09-07,1,business,,,24260.0,False,14:45,ok,2026-09-06T11:56:58.822929+05:30,2026-09-06_1156IST,airline_direct,IndiGo
DEL,BOM,6E,IndiGo,6E 6318,2026-09-07,1,economy,,,6305.0,False,14:45,ok,2026-09-06T11:56:58.822929+05:30,2026-09-06_1156IST,airline_direct,IndiGo
DEL,BOM,6E,IndiGo,6E 864,2026-09-07,1,business,,,24260.0,False,15:30,ok,2026-09-06T11:56:58.822929+05:30,2026-09-06_1156IST,airline_direct,IndiGo
DEL,BOM,6E,IndiGo,6E 864,2026-09-07,1,economy,,,6305.0,False,15:30,ok,2026-09-06T11:56:58.822929+05:30,2026-09-06_1156IST,airline_direct,IndiGo
DEL,BOM,6E,IndiGo,6E 327,2026-09-07,1,business,,,24260.0,False,16:15,ok,2026-09-06T11:56:58.822929+05:30,2026-09-06_1156IST,airline_direct,IndiGo
DEL,BOM,6E,IndiGo,6E 327,2026-09-07,1,economy,,,6305.0,False,16:15,ok,2026-09-06T11:56:58.822929+05:30,2026-09-06_1156IST,airline_direct,IndiGo
DEL,BOM,6E,IndiGo,6E 6706,2026-09-07,1,business,,,28443.0,False,17:00,ok,2026-09-06T11:56:58.822929+05:30,2026-09-06_1156IST,airline_direct,IndiGo
DEL,BOM,6E,IndiGo,6E 6706,2026-09-07,1,economy,,,6305.0,False,17:00,ok,2026-09-06T11:56:58.822929+05:30,2026-09-06_1156IST,airline_direct,IndiGo
DEL,BOM,6E,IndiGo,6E 853,2026-09-07,1,business,,,28443.0,False,20:45,ok,2026-09-06T11:56:58.822929+05:30,2026-09-06_1156IST,airline_direct,IndiGo
DEL,BOM,6E,IndiGo,6E 853,2026-09-07,1,economy,,,6305.0,False,20:45,ok,2026-09-06T11:56:58.822929+05:30,2026-09-06_1156IST,airline_direct,IndiGo
DEL,BOM,6E,IndiGo,6E 395,2026-09-07,1,business,,,24260.0,False,21:45,ok,2026-09-06T11:56:58.822929+05:30,2026-09-06_1156IST,airline_direct,IndiGo
DEL,BOM,6E,IndiGo,6E 395,2026-09-07,1,economy,,,6305.0,False,21:45,ok,2026-09-06T11:56:58.822929+05:30,2026-09-06_1156IST,airline_direct,IndiGo
DEL,BOM,6E,IndiGo,6E 6114,2026-09-07,1,business,,,24260.0,False,22:45,ok,2026-09-06T11:56:58.822929+05:30,2026-09-06_1156IST,airline_direct,IndiGo
DEL,BOM,6E,IndiGo,6E 6114,2026-09-07,1,economy,,,6305.0,False,22:45,ok,2026-09-06T11:56:58.822929+05:30,2026-09-06_1156IST,airline_direct,IndiGo
DEL,BOM,6E,IndiGo,6E 322,2026-09-07,1,business,,,24260.0,False,23:30,ok,2026-09-06T11:56:58.822929+05:30,2026-09-06_1156IST,airline_direct,IndiGo
DEL,BOM,6E,IndiGo,6E 322,2026-09-07,1,economy,,,6305.0,False,23:30,ok,2026-09-06T11:56:58.822929+05:30,2026-09-06_1156IST,airline_direct,IndiGo
DEL,BOM,6E,IndiGo,6E 354,2026-09-07,1,business,,,33500.0,False,19:00,ok,2026-09-06T11:56:58.822929+05:30,2026-09-06_1156IST,airline_direct,IndiGo
DEL,BOM,6E,IndiGo,6E 354,2026-09-07,1,economy,,,6357.0,False,19:00,ok,2026-09-06T11:56:58.822929+05:30,2026-09-06_1156IST,airline_direct,IndiGo
DEL,BOM,6E,IndiGo,6E 6328,2026-09-07,1,business,,,28443.0,False,10:15,ok,2026-09-06T11:56:58.822929+05:30,2026-09-06_1156IST,airline_direct,IndiGo
DEL,BOM,6E,IndiGo,6E 6328,2026-09-07,1,economy,,,6431.0,False,10:15,ok,2026-09-06T11:56:58.822929+05:30,2026-09-06_1156IST,airline_direct,IndiGo
DEL,BOM,6E,IndiGo,6E 6047,2026-09-07,1,business,,,24260.0,False,11:00,ok,2026-09-06T11:56:58.822929+05:30,2026-09-06_1156IST,airline_direct,IndiGo
DEL,BOM,6E,IndiGo,6E 6047,2026-09-07,1,economy,,,6431.0,False,11:00,ok,2026-09-06T11:56:58.822929+05:30,2026-09-06_1156IST,airline_direct,IndiGo
DEL,BOM,6E,IndiGo,6E 329,2026-09-07,1,business,,,33500.0,False,18:00,ok,2026-09-06T11:56:58.822929+05:30,2026-09-06_1156IST,airline_direct,IndiGo
DEL,BOM,6E,IndiGo,6E 329,2026-09-07,1,economy,,,6431.0,False,18:00,ok,2026-09-06T11:56:58.822929+05:30,2026-09-06_1156IST,airline_direct,IndiGo
DEL,BOM,6E,IndiGo,6E 303,2026-09-07,1,business,,,33500.0,False,20:00,ok,2026-09-06T11:56:58.822929+05:30,2026-09-06_1156IST,airline_direct,IndiGo
DEL,BOM,6E,IndiGo,6E 303,2026-09-07,1,economy,,,6431.0,False,20:00,ok,2026-09-06T11:56:58.822929+05:30,2026-09-06_1156IST,airline_direct,IndiGo
DEL,BOM,6E,IndiGo,6E 675,2026-09-07,1,business,,,33500.0,False,08:45,ok,2026-09-06T11:56:58.822929+05:30,2026-09-06_1156IST,airline_direct,IndiGo
DEL,BOM,6E,IndiGo,6E 675,2026-09-07,1,economy,,,9260.0,False,08:45,ok,2026-09-06T11:56:58.822929+05:30,2026-09-06_1156IST,airline_direct,IndiGo
DEL,BOM,6E,IndiGo,6E 320,2026-09-07,1,business,,,33500.0,False,08:00,ok,2026-09-06T11:56:58.822929+05:30,2026-09-06_1156IST,airline_direct,IndiGo
DEL,BOM,6E,IndiGo,6E 320,2026-09-07,1,economy,,,11885.0,False,08:00,ok,2026-09-06T11:56:58.822929+05:30,2026-09-06_1156IST,airline_direct,IndiGo
DEL,BOM,6E,IndiGo,6E 6814,2026-09-07,1,business,,,28443.0,False,07:15,ok,2026-09-06T11:56:58.822929+05:30,2026-09-06_1156IST,airline_direct,IndiGo
DEL,BOM,6E,IndiGo,6E 6814,2026-09-07,1,economy,,,13145.0,False,07:15,ok,2026-09-06T11:56:58.822929+05:30,2026-09-06_1156IST,airline_direct,IndiGo
DEL,BOM,6E,IndiGo,6E 6218,2026-09-07,1,business,,,24260.0,False,06:05,ok,2026-09-06T11:56:58.822929+05:30,2026-09-06_1156IST,airline_direct,IndiGo
DEL,BOM,6E,IndiGo,6E 6218,2026-09-07,1,economy,,,16715.0,False,06:05,ok,2026-09-06T11:56:58.822929+05:30,2026-09-06_1156IST,airline_direct,IndiGo
DEL,BOM,6E,IndiGo,6E 449,2026-09-07,1,business,,,24260.0,False,05:00,ok,2026-09-06T11:56:58.822929+05:30,2026-09-06_1156IST,airline_direct,IndiGo
DEL,BOM,6E,IndiGo,6E 449,2026-09-07,1,economy,,,19130.0,False,05:00,ok,2026-09-06T11:56:58.822929+05:30,2026-09-06_1156IST,airline_direct,IndiGo
DEL,BOM,6E,IndiGo,6E 6107,2026-09-07,1,business,,,24260.0,False,09:30,ok,2026-09-06T11:56:58.822929+05:30,2026-09-06_1156IST,airline_direct,IndiGo
DEL,BOM,6E,IndiGo,6E 2021,2026-09-07,1,economy,,,6222.0,False,12:10,ok,2026-09-06T11:56:58.822929+05:30,2026-09-06_1156IST,airline_direct,IndiGo
DEL,BOM,6E,IndiGo,6E 6829,2026-09-07,1,economy,,,6222.0,False,17:20,ok,2026-09-06T11:56:58.822929+05:30,2026-09-06_1156IST,airline_direct,IndiGo
DEL,BOM,6E,IndiGo,6E 2169,2026-09-07,1,economy,,,6222.0,False,19:40,ok,2026-09-06T11:56:58.822929+05:30,2026-09-06_1156IST,airline_direct,IndiGo
DEL,BOM,6E,IndiGo,6E 6050,2026-09-07,1,economy,,,6300.0,False,08:15,ok,2026-09-06T11:56:58.822929+05:30,2026-09-06_1156IST,airline_direct,IndiGo
DEL,BOM,6E,IndiGo,6E 5298,2026-09-07,1,economy,,,6300.0,False,09:00,ok,2026-09-06T11:56:58.822929+05:30,2026-09-06_1156IST,airline_direct,IndiGo
DEL,BOM,6E,IndiGo,6E 5038,2026-09-07,1,economy,,,6300.0,False,14:00,ok,2026-09-06T11:56:58.822929+05:30,2026-09-06_1156IST,airline_direct,IndiGo
DEL,BOM,6E,IndiGo,6E 2151,2026-09-07,1,economy,,,6300.0,False,19:45,ok,2026-09-06T11:56:58.822929+05:30,2026-09-06_1156IST,airline_direct,IndiGo
DEL,BOM,6E,IndiGo,6E 6479,2026-09-07,1,economy,,,6300.0,False,21:25,ok,2026-09-06T11:56:58.822929+05:30,2026-09-06_1156IST,airline_direct,IndiGo
DEL,BOM,6E,IndiGo,6E 6018,2026-09-07,1,economy,,,6693.0,False,04:40,ok,2026-09-06T11:56:58.822929+05:30,2026-09-06_1156IST,airline_direct,IndiGo
DEL,BOM,6E,IndiGo,6E 5206,2026-09-07,1,economy,,,6772.0,False,13:20,ok,2026-09-06T11:56:58.822929+05:30,2026-09-06_1156IST,airline_direct,IndiGo
DEL,BOM,6E,IndiGo,6E 6569,2026-09-07,1,economy,,,7781.0,False,05:00,ok,2026-09-06T11:56:58.822929+05:30,2026-09-06_1156IST,airline_direct,IndiGo
DEL,BOM,6E,IndiGo,6E 358,2026-09-07,1,economy,,,8070.0,False,12:15,ok,2026-09-06T11:56:58.822929+05:30,2026-09-06_1156IST,airline_direct,IndiGo
DEL,BOM,6E,IndiGo,6E 357,2026-09-07,1,economy,,,8070.0,False,19:30,ok,2026-09-06T11:56:58.822929+05:30,2026-09-06_1156IST,airline_direct,IndiGo
DEL,BOM,6E,IndiGo,6E 6497,2026-09-07,1,economy,,,8618.0,False,18:40,ok,2026-09-06T11:56:58.822929+05:30,2026-09-06_1156IST,airline_direct,IndiGo
DEL,BOM,6E,IndiGo,6E 884,2026-09-07,1,business,,,40956.0,False,11:45,ok,2026-09-06T11:56:58.822929+05:30,2026-09-06_1156IST,airline_direct,IndiGo
DEL,BOM,6E,IndiGo,6E 884,2026-09-07,1,economy,,,9305.0,False,11:45,ok,2026-09-06T11:56:58.822929+05:30,2026-09-06_1156IST,airline_direct,IndiGo
DEL,BOM,6E,IndiGo,6E 2331,2026-09-07,1,economy,,,9721.0,False,12:20,ok,2026-09-06T11:56:58.822929+05:30,2026-09-06_1156IST,airline_direct,IndiGo
DEL,BOM,6E,IndiGo,6E 6983,2026-09-07,1,economy,,,9721.0,False,15:35,ok,2026-09-06T11:56:58.822929+05:30,2026-09-06_1156IST,airline_direct,IndiGo
DEL,BOM,6E,IndiGo,6E 5033,2026-09-07,1,economy,,,9721.0,False,15:50,ok,2026-09-06T11:56:58.822929+05:30,2026-09-06_1156IST,airline_direct,IndiGo
DEL,BOM,6E,IndiGo,6E 2249,2026-09-07,1,economy,,,9852.0,False,15:00,ok,2026-09-06T11:56:58.822929+05:30,2026-09-06_1156IST,airline_direct,IndiGo
DEL,BOM,6E,IndiGo,6E 931,2026-09-07,1,economy,,,10554.0,False,19:35,ok,2026-09-06T11:56:58.822929+05:30,2026-09-06_1156IST,airline_direct,IndiGo
DEL,BOM,6E,IndiGo,6E 5119,2026-09-07,1,economy,,,11468.0,False,05:10,ok,2026-09-06T11:56:58.822929+05:30,2026-09-06_1156IST,airline_direct,IndiGo
DEL,BOM,6E,IndiGo,6E 6433,2026-09-07,1,economy,,,11600.0,False,16:30,ok,2026-09-06T11:56:58.822929+05:30,2026-09-06_1156IST,airline_direct,IndiGo
DEL,BOM,6E,IndiGo,6E 2298,2026-09-07,1,economy,,,12473.0,False,09:45,ok,2026-09-06T11:56:58.822929+05:30,2026-09-06_1156IST,airline_direct,IndiGo
DEL,BOM,6E,IndiGo,6E 882,2026-09-07,1,business,,,29592.0,False,23:15,ok,2026-09-06T11:56:58.822929+05:30,2026-09-06_1156IST,airline_direct,IndiGo
DEL,BOM,6E,IndiGo,6E 882,2026-09-07,1,economy,,,13111.0,False,23:15,ok,2026-09-06T11:56:58.822929+05:30,2026-09-06_1156IST,airline_direct,IndiGo
DEL,BOM,6E,IndiGo,6E 6829,2026-09-07,1,economy,,,13243.0,False,17:20,ok,2026-09-06T11:56:58.822929+05:30,2026-09-06_1156IST,airline_direct,IndiGo
DEL,BOM,6E,IndiGo,6E 5138,2026-09-07,1,economy,,,13710.0,False,19:10,ok,2026-09-06T11:56:58.822929+05:30,2026-09-06_1156IST,airline_direct,IndiGo
DEL,BOM,6E,IndiGo,6E 2013,2026-09-07,1,economy,,,16129.0,False,21:50,ok,2026-09-06T11:56:58.822929+05:30,2026-09-06_1156IST,airline_direct,IndiGo
DEL,BOM,6E,IndiGo,6E 6459,2026-09-07,1,economy,,,16261.0,False,05:55,ok,2026-09-06T11:56:58.822929+05:30,2026-09-06_1156IST,airline_direct,IndiGo
DEL,BOM,6E,IndiGo,6E 6488,2026-09-07,1,economy,,,16303.0,False,11:20,ok,2026-09-06T11:56:58.822929+05:30,2026-09-06_1156IST,airline_direct,IndiGo
DEL,BOM,6E,IndiGo,6E 6601,2026-09-07,1,business,,,36166.0,False,19:45,ok,2026-09-06T11:56:58.822929+05:30,2026-09-06_1156IST,airline_direct,IndiGo
DEL,BOM,6E,IndiGo,6E 6601,2026-09-07,1,economy,,,17710.0,False,19:45,ok,2026-09-06T11:56:58.822929+05:30,2026-09-06_1156IST,airline_direct,IndiGo
DEL,BOM,6E,IndiGo,6E 5073,2026-09-07,1,economy,,,19211.0,False,17:05,ok,2026-09-06T11:56:58.822929+05:30,2026-09-06_1156IST,airline_direct,IndiGo
DEL,BOM,6E,IndiGo,6E 6282,2026-09-07,1,business,,,40956.0,False,13:30,ok,2026-09-06T11:56:58.822929+05:30,2026-09-06_1156IST,airline_direct,IndiGo
DEL,BOM,6E,IndiGo,6E 6282,2026-09-07,1,economy,,,21327.0,False,13:30,ok,2026-09-06T11:56:58.822929+05:30,2026-09-06_1156IST,airline_direct,IndiGo
DEL,BOM,6E,IndiGo,6E 2381,2026-09-07,1,economy,,,21327.0,False,13:45,ok,2026-09-06T11:56:58.822929+05:30,2026-09-06_1156IST,airline_direct,IndiGo
DEL,BOM,6E,IndiGo,6E 6261,2026-09-07,1,economy,,,24504.0,False,00:15,ok,2026-09-06T11:56:58.822929+05:30,2026-09-06_1156IST,airline_direct,IndiGo
DEL,BOM,6E,IndiGo,6E 704,2026-09-07,1,business,,,40956.0,False,02:25,ok,2026-09-06T11:56:58.822929+05:30,2026-09-06_1156IST,airline_direct,IndiGo
DEL,BOM,6E,IndiGo,6E 704,2026-09-07,1,economy,,,25448.0,False,02:25,ok,2026-09-06T11:56:58.822929+05:30,2026-09-06_1156IST,airline_direct,IndiGo
DEL,BOM,6E,IndiGo,6E 6293,2026-09-07,1,business,,,36166.0,False,09:55,ok,2026-09-06T11:56:58.822929+05:30,2026-09-06_1156IST,airline_direct,IndiGo
DEL,BOM,6E,IndiGo,6E 6293,2026-09-07,1,economy,,,25772.0,False,09:55,ok,2026-09-06T11:56:58.822929+05:30,2026-09-06_1156IST,airline_direct,IndiGo
DEL,BOM,6E,IndiGo,6E 6282,2026-09-07,1,business,,,36166.0,False,13:30,ok,2026-09-06T11:56:58.822929+05:30,2026-09-06_1156IST,airline_direct,IndiGo
DEL,BOM,6E,IndiGo,6E 6282,2026-09-07,1,economy,,,26432.0,False,13:30,ok,2026-09-06T11:56:58.822929+05:30,2026-09-06_1156IST,airline_direct,IndiGo
DEL,BOM,6E,IndiGo,6E 6212,2026-09-07,1,business,,,36166.0,False,14:45,ok,2026-09-06T11:56:58.822929+05:30,2026-09-06_1156IST,airline_direct,IndiGo
DEL,BOM,6E,IndiGo,6E 6212,2026-09-07,1,economy,,,26432.0,False,14:45,ok,2026-09-06T11:56:58.822929+05:30,2026-09-06_1156IST,airline_direct,IndiGo
DEL,BOM,6E,IndiGo,6E 5073,2026-09-07,1,economy,,,28487.0,False,17:05,ok,2026-09-06T11:56:58.822929+05:30,2026-09-06_1156IST,airline_direct,IndiGo
DEL,BOM,6E,IndiGo,6E 2341,2026-09-07,1,economy,,,29675.0,False,14:50,ok,2026-09-06T11:56:58.822929+05:30,2026-09-06_1156IST,airline_direct,IndiGo
DEL,BOM,6E,IndiGo,6E 704,2026-09-07,1,business,,,38630.0,False,02:25,ok,2026-09-06T11:56:58.822929+05:30,2026-09-06_1156IST,airline_direct,IndiGo
DEL,BOM,6E,IndiGo,6E 704,2026-09-07,1,economy,,,29858.0,False,02:25,ok,2026-09-06T11:56:58.822929+05:30,2026-09-06_1156IST,airline_direct,IndiGo
DEL,BOM,6E,IndiGo,6E 2076,2026-09-07,1,economy,,,30065.0,False,07:30,ok,2026-09-06T11:56:58.822929+05:30,2026-09-06_1156IST,airline_direct,IndiGo
DEL,BOM,6E,IndiGo,6E 5119,2026-09-07,1,economy,,,30225.0,False,05:10,ok,2026-09-06T11:56:58.822929+05:30,2026-09-06_1156IST,airline_direct,IndiGo
DEL,BOM,6E,IndiGo,6E 705,2026-09-07,1,business,,,36166.0,False,08:30,ok,2026-09-06T11:56:58.822929+05:30,2026-09-06_1156IST,airline_direct,IndiGo
DEL,BOM,6E,IndiGo,6E 705,2026-09-07,1,economy,,,31447.0,False,08:30,ok,2026-09-06T11:56:58.822929+05:30,2026-09-06_1156IST,airline_direct,IndiGo
DEL,BLR,6E,IndiGo,6E 871,2026-09-07,1,business,,,29942.0,False,23:30,ok,2026-09-06T11:58:10.121769+05:30,2026-09-06_1158IST,airline_direct,IndiGo
DEL,BLR,6E,IndiGo,6E 871,2026-09-07,1,economy,,,10128.0,False,23:30,ok,2026-09-06T11:58:10.121769+05:30,2026-09-06_1158IST,airline_direct,IndiGo
DEL,BLR,6E,IndiGo,6E 846,2026-09-07,1,business,,,29942.0,False,22:00,ok,2026-09-06T11:58:10.121769+05:30,2026-09-06_1158IST,airline_direct,IndiGo
DEL,BLR,6E,IndiGo,6E 846,2026-09-07,1,economy,,,10675.0,False,22:00,ok,2026-09-06T11:58:10.121769+05:30,2026-09-06_1158IST,airline_direct,IndiGo
DEL,BLR,6E,IndiGo,6E 811,2026-09-07,1,business,,,29942.0,False,18:20,ok,2026-09-06T11:58:10.121769+05:30,2026-09-06_1158IST,airline_direct,IndiGo
DEL,BLR,6E,IndiGo,6E 811,2026-09-07,1,economy,,,11257.0,False,18:20,ok,2026-09-06T11:58:10.121769+05:30,2026-09-06_1158IST,airline_direct,IndiGo
DEL,BLR,6E,IndiGo,6E 6515,2026-09-07,1,business,,,29942.0,False,20:45,ok,2026-09-06T11:58:10.121769+05:30,2026-09-06_1158IST,airline_direct,IndiGo
DEL,BLR,6E,IndiGo,6E 6515,2026-09-07,1,economy,,,11257.0,False,20:45,ok,2026-09-06T11:58:10.121769+05:30,2026-09-06_1158IST,airline_direct,IndiGo
DEL,BLR,6E,IndiGo,6E 880,2026-09-07,1,business,,,29942.0,False,15:45,ok,2026-09-06T11:58:10.121769+05:30,2026-09-06_1158IST,airline_direct,IndiGo
DEL,BLR,6E,IndiGo,6E 880,2026-09-07,1,economy,,,11873.0,False,15:45,ok,2026-09-06T11:58:10.121769+05:30,2026-09-06_1158IST,airline_direct,IndiGo
DEL,BLR,6E,IndiGo,6E 837,2026-09-07,1,business,,,29942.0,False,17:00,ok,2026-09-06T11:58:10.121769+05:30,2026-09-06_1158IST,airline_direct,IndiGo
DEL,BLR,6E,IndiGo,6E 837,2026-09-07,1,economy,,,11873.0,False,17:00,ok,2026-09-06T11:58:10.121769+05:30,2026-09-06_1158IST,airline_direct,IndiGo
DEL,BLR,6E,IndiGo,6E 828,2026-09-07,1,business,,,29942.0,False,14:30,ok,2026-09-06T11:58:10.121769+05:30,2026-09-06_1158IST,airline_direct,IndiGo
DEL,BLR,6E,IndiGo,6E 828,2026-09-07,1,economy,,,12529.0,False,14:30,ok,2026-09-06T11:58:10.121769+05:30,2026-09-06_1158IST,airline_direct,IndiGo
DEL,BLR,6E,IndiGo,6E 861,2026-09-07,1,business,,,29942.0,False,19:30,ok,2026-09-06T11:58:10.121769+05:30,2026-09-06_1158IST,airline_direct,IndiGo
DEL,BLR,6E,IndiGo,6E 861,2026-09-07,1,economy,,,12529.0,False,19:30,ok,2026-09-06T11:58:10.121769+05:30,2026-09-06_1158IST,airline_direct,IndiGo
DEL,BLR,6E,IndiGo,6E 176,2026-09-07,1,business,,,29942.0,False,13:15,ok,2026-09-06T11:58:10.121769+05:30,2026-09-06_1158IST,airline_direct,IndiGo
DEL,BLR,6E,IndiGo,6E 176,2026-09-07,1,economy,,,13964.0,False,13:15,ok,2026-09-06T11:58:10.121769+05:30,2026-09-06_1158IST,airline_direct,IndiGo
DEL,BLR,6E,IndiGo,6E 850,2026-09-07,1,business,,,29942.0,False,12:20,ok,2026-09-06T11:58:10.121769+05:30,2026-09-06_1158IST,airline_direct,IndiGo
DEL,BLR,6E,IndiGo,6E 850,2026-09-07,1,economy,,,14750.0,False,12:20,ok,2026-09-06T11:58:10.121769+05:30,2026-09-06_1158IST,airline_direct,IndiGo
DEL,BLR,6E,IndiGo,6E 820,2026-09-07,1,business,,,29942.0,False,03:00,ok,2026-09-06T11:58:10.121769+05:30,2026-09-06_1158IST,airline_direct,IndiGo
DEL,BLR,6E,IndiGo,6E 820,2026-09-07,1,economy,,,16471.0,False,03:00,ok,2026-09-06T11:58:10.121769+05:30,2026-09-06_1158IST,airline_direct,IndiGo
DEL,BLR,6E,IndiGo,6E 826,2026-09-07,1,business,,,29942.0,False,09:30,ok,2026-09-06T11:58:10.121769+05:30,2026-09-06_1158IST,airline_direct,IndiGo
DEL,BLR,6E,IndiGo,6E 826,2026-09-07,1,economy,,,17412.0,False,09:30,ok,2026-09-06T11:58:10.121769+05:30,2026-09-06_1158IST,airline_direct,IndiGo
DEL,BLR,6E,IndiGo,6E 842,2026-09-07,1,business,,,29942.0,False,10:45,ok,2026-09-06T11:58:10.121769+05:30,2026-09-06_1158IST,airline_direct,IndiGo
DEL,BLR,6E,IndiGo,6E 842,2026-09-07,1,economy,,,17412.0,False,10:45,ok,2026-09-06T11:58:10.121769+05:30,2026-09-06_1158IST,airline_direct,IndiGo
DEL,BLR,6E,IndiGo,6E 2314,2026-09-07,1,business,,,29942.0,False,05:45,ok,2026-09-06T11:58:10.121769+05:30,2026-09-06_1158IST,airline_direct,IndiGo
DEL,BLR,6E,IndiGo,6E 810,2026-09-07,1,business,,,29942.0,False,07:05,ok,2026-09-06T11:58:10.121769+05:30,2026-09-06_1158IST,airline_direct,IndiGo
DEL,BLR,6E,IndiGo,6E 873,2026-09-07,1,business,,,29942.0,False,08:20,ok,2026-09-06T11:58:10.121769+05:30,2026-09-06_1158IST,airline_direct,IndiGo
DEL,BLR,6E,IndiGo,6E 6437,2026-09-07,1,business,,,30866.0,False,16:25,ok,2026-09-06T11:58:10.121769+05:30,2026-09-06_1158IST,airline_direct,IndiGo
DEL,BLR,6E,IndiGo,6E 6437,2026-09-07,1,economy,,,9161.0,False,16:25,ok,2026-09-06T11:58:10.121769+05:30,2026-09-06_1158IST,airline_direct,IndiGo
DEL,BLR,6E,IndiGo,6E 329,2026-09-07,1,business,,,47911.0,False,18:00,ok,2026-09-06T11:58:10.121769+05:30,2026-09-06_1158IST,airline_direct,IndiGo
DEL,BLR,6E,IndiGo,6E 329,2026-09-07,1,economy,,,9161.0,False,18:00,ok,2026-09-06T11:58:10.121769+05:30,2026-09-06_1158IST,airline_direct,IndiGo
DEL,BLR,6E,IndiGo,6E 853,2026-09-07,1,business,,,44135.0,False,20:45,ok,2026-09-06T11:58:10.121769+05:30,2026-09-06_1158IST,airline_direct,IndiGo
DEL,BLR,6E,IndiGo,6E 853,2026-09-07,1,economy,,,9161.0,False,20:45,ok,2026-09-06T11:58:10.121769+05:30,2026-09-06_1158IST,airline_direct,IndiGo
DEL,BLR,6E,IndiGo,6E 6673,2026-09-07,1,economy,,,9161.0,False,21:15,ok,2026-09-06T11:58:10.121769+05:30,2026-09-06_1158IST,airline_direct,IndiGo
DEL,BLR,6E,IndiGo,6E 2618,2026-09-07,1,business,,,26816.0,False,23:00,ok,2026-09-06T11:58:10.121769+05:30,2026-09-06_1158IST,airline_direct,IndiGo
DEL,BLR,6E,IndiGo,6E 2618,2026-09-07,1,economy,,,9161.0,False,23:00,ok,2026-09-06T11:58:10.121769+05:30,2026-09-06_1158IST,airline_direct,IndiGo
DEL,BLR,6E,IndiGo,6E 6497,2026-09-07,1,economy,,,9371.0,False,18:40,ok,2026-09-06T11:58:10.121769+05:30,2026-09-06_1158IST,airline_direct,IndiGo
DEL,BLR,6E,IndiGo,6E 5001,2026-09-07,1,economy,,,9397.0,False,17:10,ok,2026-09-06T11:58:10.121769+05:30,2026-09-06_1158IST,airline_direct,IndiGo
DEL,BLR,6E,IndiGo,6E 6282,2026-09-07,1,economy,,,9767.0,False,13:30,ok,2026-09-06T11:58:10.121769+05:30,2026-09-06_1158IST,airline_direct,IndiGo
DEL,BLR,6E,IndiGo,6E 5073,2026-09-07,1,economy,,,9898.0,False,17:05,ok,2026-09-06T11:58:10.121769+05:30,2026-09-06_1158IST,airline_direct,IndiGo
DEL,BLR,6E,IndiGo,6E 2379,2026-09-07,1,economy,,,9977.0,False,15:45,ok,2026-09-06T11:58:10.121769+05:30,2026-09-06_1158IST,airline_direct,IndiGo
DEL,BLR,6E,IndiGo,6E 6632,2026-09-07,1,economy,,,9977.0,False,17:50,ok,2026-09-06T11:58:10.121769+05:30,2026-09-06_1158IST,airline_direct,IndiGo
DEL,BLR,6E,IndiGo,6E 884,2026-09-07,1,economy,,,10576.0,False,11:45,ok,2026-09-06T11:58:10.121769+05:30,2026-09-06_1158IST,airline_direct,IndiGo
DEL,BLR,6E,IndiGo,6E 2151,2026-09-07,1,economy,,,10786.0,False,19:45,ok,2026-09-06T11:58:10.121769+05:30,2026-09-06_1158IST,airline_direct,IndiGo
DEL,BLR,6E,IndiGo,6E 6706,2026-09-07,1,business,,,44135.0,False,17:00,ok,2026-09-06T11:58:10.121769+05:30,2026-09-06_1158IST,airline_direct,IndiGo
DEL,BLR,6E,IndiGo,6E 6706,2026-09-07,1,economy,,,11078.0,False,17:00,ok,2026-09-06T11:58:10.121769+05:30,2026-09-06_1158IST,airline_direct,IndiGo
DEL,BLR,6E,IndiGo,6E 2277,2026-09-07,1,economy,,,11677.0,False,10:25,ok,2026-09-06T11:58:10.121769+05:30,2026-09-06_1158IST,airline_direct,IndiGo
DEL,BLR,6E,IndiGo,6E 5033,2026-09-07,1,economy,,,11677.0,False,15:50,ok,2026-09-06T11:58:10.121769+05:30,2026-09-06_1158IST,airline_direct,IndiGo
DEL,BLR,6E,IndiGo,6E 329,2026-09-07,1,business,,,47911.0,False,18:00,ok,2026-09-06T11:58:10.121769+05:30,2026-09-06_1158IST,airline_direct,IndiGo
DEL,BLR,6E,IndiGo,6E 329,2026-09-07,1,economy,,,12017.0,False,18:00,ok,2026-09-06T11:58:10.121769+05:30,2026-09-06_1158IST,airline_direct,IndiGo
DEL,BLR,6E,IndiGo,6E 5191,2026-09-07,1,business,,,41370.0,False,05:00,ok,2026-09-06T11:58:10.121769+05:30,2026-09-06_1158IST,airline_direct,IndiGo
DEL,BLR,6E,IndiGo,6E 5191,2026-09-07,1,economy,,,12018.0,False,05:00,ok,2026-09-06T11:58:10.121769+05:30,2026-09-06_1158IST,airline_direct,IndiGo
DEL,BLR,6E,IndiGo,6E 6115,2026-09-07,1,economy,,,13130.0,False,13:10,ok,2026-09-06T11:58:10.121769+05:30,2026-09-06_1158IST,airline_direct,IndiGo
DEL,BLR,6E,IndiGo,6E 2349,2026-09-07,1,economy,,,13580.0,False,10:55,ok,2026-09-06T11:58:10.121769+05:30,2026-09-06_1158IST,airline_direct,IndiGo
DEL,BLR,6E,IndiGo,6E 5119,2026-09-07,1,economy,,,13652.0,False,05:10,ok,2026-09-06T11:58:10.121769+05:30,2026-09-06_1158IST,airline_direct,IndiGo
DEL,BLR,6E,IndiGo,6E 6022,2026-09-07,1,business,,,40536.0,False,14:00,ok,2026-09-06T11:58:10.121769+05:30,2026-09-06_1158IST,airline_direct,IndiGo
DEL,BLR,6E,IndiGo,6E 6022,2026-09-07,1,economy,,,14586.0,False,14:00,ok,2026-09-06T11:58:10.121769+05:30,2026-09-06_1158IST,airline_direct,IndiGo
DEL,BLR,6E,IndiGo,6E 2557,2026-09-07,1,economy,,,15522.0,False,15:20,ok,2026-09-06T11:58:10.121769+05:30,2026-09-06_1158IST,airline_direct,IndiGo
DEL,BLR,6E,IndiGo,6E 434,2026-09-07,1,economy,,,16213.0,False,11:00,ok,2026-09-06T11:58:10.121769+05:30,2026-09-06_1158IST,airline_direct,IndiGo
DEL,BLR,6E,IndiGo,6E 5038,2026-09-07,1,economy,,,16213.0,False,14:00,ok,2026-09-06T11:58:10.121769+05:30,2026-09-06_1158IST,airline_direct,IndiGo
DEL,BLR,6E,IndiGo,6E 6091,2026-09-07,1,economy,,,17483.0,False,15:15,ok,2026-09-06T11:58:10.121769+05:30,2026-09-06_1158IST,airline_direct,IndiGo
DEL,BLR,6E,IndiGo,6E 947,2026-09-07,1,economy,,,17483.0,False,16:40,ok,2026-09-06T11:58:10.121769+05:30,2026-09-06_1158IST,airline_direct,IndiGo
DEL,BLR,6E,IndiGo,6E 950,2026-09-07,1,economy,,,17483.0,False,18:15,ok,2026-09-06T11:58:10.121769+05:30,2026-09-06_1158IST,airline_direct,IndiGo
DEL,BLR,6E,IndiGo,6E 6212,2026-09-07,1,economy,,,19247.0,False,14:45,ok,2026-09-06T11:58:10.121769+05:30,2026-09-06_1158IST,airline_direct,IndiGo
DEL,BLR,6E,IndiGo,6E 6217,2026-09-07,1,economy,,,19247.0,False,16:15,ok,2026-09-06T11:58:10.121769+05:30,2026-09-06_1158IST,airline_direct,IndiGo
DEL,BLR,6E,IndiGo,6E 6217,2026-09-07,1,economy,,,19247.0,False,16:15,ok,2026-09-06T11:58:10.121769+05:30,2026-09-06_1158IST,airline_direct,IndiGo
DEL,BLR,6E,IndiGo,6E 717,2026-09-07,1,economy,,,19247.0,False,17:55,ok,2026-09-06T11:58:10.121769+05:30,2026-09-06_1158IST,airline_direct,IndiGo
DEL,BLR,6E,IndiGo,6E 320,2026-09-07,1,business,,,47911.0,False,08:00,ok,2026-09-06T11:58:10.121769+05:30,2026-09-06_1158IST,airline_direct,IndiGo
DEL,BLR,6E,IndiGo,6E 320,2026-09-07,1,economy,,,19588.0,False,08:00,ok,2026-09-06T11:58:10.121769+05:30,2026-09-06_1158IST,airline_direct,IndiGo
DEL,BLR,6E,IndiGo,6E 940,2026-09-07,1,economy,,,20253.0,False,09:15,ok,2026-09-06T11:58:10.121769+05:30,2026-09-06_1158IST,airline_direct,IndiGo
DEL,BLR,6E,IndiGo,6E 6829,2026-09-07,1,economy,,,20793.0,False,17:20,ok,2026-09-06T11:58:10.121769+05:30,2026-09-06_1158IST,airline_direct,IndiGo
DEL,BLR,6E,IndiGo,6E 6433,2026-09-07,1,economy,,,23216.0,False,16:30,ok,2026-09-06T11:58:10.121769+05:30,2026-09-06_1158IST,airline_direct,IndiGo
DEL,BLR,6E,IndiGo,6E 931,2026-09-07,1,economy,,,23393.0,False,19:35,ok,2026-09-06T11:58:10.121769+05:30,2026-09-06_1158IST,airline_direct,IndiGo
DEL,BLR,6E,IndiGo,6E 704,2026-09-07,1,economy,,,24021.0,False,02:25,ok,2026-09-06T11:58:10.121769+05:30,2026-09-06_1158IST,airline_direct,IndiGo
DEL,BLR,6E,IndiGo,6E 513,2026-09-07,1,business,,,39954.0,False,08:30,ok,2026-09-06T11:58:10.121769+05:30,2026-09-06_1158IST,airline_direct,IndiGo
DEL,BLR,6E,IndiGo,6E 513,2026-09-07,1,economy,,,24462.0,False,08:30,ok,2026-09-06T11:58:10.121769+05:30,2026-09-06_1158IST,airline_direct,IndiGo
DEL,BLR,6E,IndiGo,6E 6476,2026-09-07,1,economy,,,24924.0,False,07:05,ok,2026-09-06T11:58:10.121769+05:30,2026-09-06_1158IST,airline_direct,IndiGo
DEL,BLR,6E,IndiGo,6E 6470,2026-09-07,1,economy,,,25025.0,False,06:55,ok,2026-09-06T11:58:10.121769+05:30,2026-09-06_1158IST,airline_direct,IndiGo
DEL,BLR,6E,IndiGo,6E 2343,2026-09-07,1,economy,,,25748.0,False,02:20,ok,2026-09-06T11:58:10.121769+05:30,2026-09-06_1158IST,airline_direct,IndiGo
DEL,BLR,6E,IndiGo,6E 6293,2026-09-07,1,economy,,,26537.0,False,09:55,ok,2026-09-06T11:58:10.121769+05:30,2026-09-06_1158IST,airline_direct,IndiGo
DEL,BLR,6E,IndiGo,6E 2364,2026-09-07,1,economy,,,27348.0,False,04:50,ok,2026-09-06T11:58:10.121769+05:30,2026-09-06_1158IST,airline_direct,IndiGo
BOM,BLR,6E,IndiGo,6E 5388,2026-09-07,1,business,,,22488.0,False,22:20,ok,2026-09-06T11:59:21.291719+05:30,2026-09-06_1159IST,airline_direct,IndiGo
BOM,BLR,6E,IndiGo,6E 5388,2026-09-07,1,economy,,,6747.0,False,22:20,ok,2026-09-06T11:59:21.291719+05:30,2026-09-06_1159IST,airline_direct,IndiGo
BOM,BLR,6E,IndiGo,6E 6188,2026-09-07,1,business,,,22488.0,False,21:30,ok,2026-09-06T11:59:21.291719+05:30,2026-09-06_1159IST,airline_direct,IndiGo
BOM,BLR,6E,IndiGo,6E 6188,2026-09-07,1,economy,,,7377.0,False,21:30,ok,2026-09-06T11:59:21.291719+05:30,2026-09-06_1159IST,airline_direct,IndiGo
BOM,BLR,6E,IndiGo,6E 5382,2026-09-07,1,business,,,22488.0,False,14:30,ok,2026-09-06T11:59:21.291719+05:30,2026-09-06_1159IST,airline_direct,IndiGo
BOM,BLR,6E,IndiGo,6E 5382,2026-09-07,1,economy,,,8742.0,False,14:30,ok,2026-09-06T11:59:21.291719+05:30,2026-09-06_1159IST,airline_direct,IndiGo
BOM,BLR,6E,IndiGo,6E 5221,2026-09-07,1,business,,,22488.0,False,17:00,ok,2026-09-06T11:59:21.291719+05:30,2026-09-06_1159IST,airline_direct,IndiGo
BOM,BLR,6E,IndiGo,6E 5221,2026-09-07,1,economy,,,8742.0,False,17:00,ok,2026-09-06T11:59:21.291719+05:30,2026-09-06_1159IST,airline_direct,IndiGo
BOM,BLR,6E,IndiGo,6E 5217,2026-09-07,1,business,,,22488.0,False,11:00,ok,2026-09-06T11:59:21.291719+05:30,2026-09-06_1159IST,airline_direct,IndiGo
BOM,BLR,6E,IndiGo,6E 5217,2026-09-07,1,economy,,,9267.0,False,11:00,ok,2026-09-06T11:59:21.291719+05:30,2026-09-06_1159IST,airline_direct,IndiGo
BOM,BLR,6E,IndiGo,6E 5184,2026-09-07,1,business,,,22488.0,False,12:30,ok,2026-09-06T11:59:21.291719+05:30,2026-09-06_1159IST,airline_direct,IndiGo
BOM,BLR,6E,IndiGo,6E 5184,2026-09-07,1,economy,,,9267.0,False,12:30,ok,2026-09-06T11:59:21.291719+05:30,2026-09-06_1159IST,airline_direct,IndiGo
BOM,BLR,6E,IndiGo,6E 5092,2026-09-07,1,business,,,26688.0,False,09:50,ok,2026-09-06T11:59:21.291719+05:30,2026-09-06_1159IST,airline_direct,IndiGo
BOM,BLR,6E,IndiGo,6E 5092,2026-09-07,1,economy,,,9792.0,False,09:50,ok,2026-09-06T11:59:21.291719+05:30,2026-09-06_1159IST,airline_direct,IndiGo
BOM,BLR,6E,IndiGo,6E 5294,2026-09-07,1,business,,,22488.0,False,04:30,ok,2026-09-06T11:59:21.291719+05:30,2026-09-06_1159IST,airline_direct,IndiGo
BOM,BLR,6E,IndiGo,6E 5294,2026-09-07,1,economy,,,10341.0,False,04:30,ok,2026-09-06T11:59:21.291719+05:30,2026-09-06_1159IST,airline_direct,IndiGo
BOM,BLR,6E,IndiGo,6E 5047,2026-09-07,1,business,,,22488.0,False,18:30,ok,2026-09-06T11:59:21.291719+05:30,2026-09-06_1159IST,airline_direct,IndiGo
BOM,BLR,6E,IndiGo,6E 5047,2026-09-07,1,economy,,,10422.0,False,18:30,ok,2026-09-06T11:59:21.291719+05:30,2026-09-06_1159IST,airline_direct,IndiGo
BOM,BLR,6E,IndiGo,6E 5323,2026-09-07,1,business,,,22488.0,False,01:10,ok,2026-09-06T11:59:21.291719+05:30,2026-09-06_1159IST,airline_direct,IndiGo
BOM,BLR,6E,IndiGo,6E 5323,2026-09-07,1,economy,,,12126.0,False,01:10,ok,2026-09-06T11:59:21.291719+05:30,2026-09-06_1159IST,airline_direct,IndiGo
BOM,BLR,6E,IndiGo,6E 5296,2026-09-07,1,business,,,22488.0,False,06:30,ok,2026-09-06T11:59:21.291719+05:30,2026-09-06_1159IST,airline_direct,IndiGo
BOM,BLR,6E,IndiGo,6E 5296,2026-09-07,1,economy,,,13362.0,False,06:30,ok,2026-09-06T11:59:21.291719+05:30,2026-09-06_1159IST,airline_direct,IndiGo
BOM,BLR,6E,IndiGo,6E 5193,2026-09-07,1,economy,,,15252.0,False,08:05,ok,2026-09-06T11:59:21.291719+05:30,2026-09-06_1159IST,airline_direct,IndiGo
BOM,BLR,6E,IndiGo,6E 5337,2026-09-07,1,economy,,,6255.0,False,13:45,ok,2026-09-06T11:59:21.291719+05:30,2026-09-06_1159IST,airline_direct,IndiGo
BOM,BLR,6E,IndiGo,6E 240,2026-09-07,1,economy,,,6255.0,False,15:45,ok,2026-09-06T11:59:21.291719+05:30,2026-09-06_1159IST,airline_direct,IndiGo
BOM,BLR,6E,IndiGo,6E 5386,2026-09-07,1,economy,,,6500.0,False,15:10,ok,2026-09-06T11:59:21.291719+05:30,2026-09-06_1159IST,airline_direct,IndiGo
BOM,BLR,6E,IndiGo,6E 5196,2026-09-07,1,economy,,,6710.0,False,15:25,ok,2026-09-06T11:59:21.291719+05:30,2026-09-06_1159IST,airline_direct,IndiGo
BOM,BLR,6E,IndiGo,6E 5048,2026-09-07,1,economy,,,6710.0,False,17:25,ok,2026-09-06T11:59:21.291719+05:30,2026-09-06_1159IST,airline_direct,IndiGo
BOM,BLR,6E,IndiGo,6E 5337,2026-09-07,1,economy,,,7761.0,False,13:45,ok,2026-09-06T11:59:21.291719+05:30,2026-09-06_1159IST,airline_direct,IndiGo
BOM,BLR,6E,IndiGo,6E 5196,2026-09-07,1,economy,,,7761.0,False,15:25,ok,2026-09-06T11:59:21.291719+05:30,2026-09-06_1159IST,airline_direct,IndiGo
BOM,BLR,6E,IndiGo,6E 437,2026-09-07,1,economy,,,7761.0,False,17:10,ok,2026-09-06T11:59:21.291719+05:30,2026-09-06_1159IST,airline_direct,IndiGo
BOM,BLR,6E,IndiGo,6E 673,2026-09-07,1,economy,,,8366.0,False,12:30,ok,2026-09-06T11:59:21.291719+05:30,2026-09-06_1159IST,airline_direct,IndiGo
BOM,BLR,6E,IndiGo,6E 5178,2026-09-07,1,economy,,,8821.0,False,11:45,ok,2026-09-06T11:59:21.291719+05:30,2026-09-06_1159IST,airline_direct,IndiGo
BOM,BLR,6E,IndiGo,6E 5228,2026-09-07,1,economy,,,8821.0,False,16:45,ok,2026-09-06T11:59:21.291719+05:30,2026-09-06_1159IST,airline_direct,IndiGo
BOM,BLR,6E,IndiGo,6E 5228,2026-09-07,1,economy,,,8821.0,False,16:45,ok,2026-09-06T11:59:21.291719+05:30,2026-09-06_1159IST,airline_direct,IndiGo
BOM,BLR,6E,IndiGo,6E 6701,2026-09-07,1,economy,,,9763.0,False,05:35,ok,2026-09-06T11:59:21.291719+05:30,2026-09-06_1159IST,airline_direct,IndiGo
BOM,BLR,6E,IndiGo,6E 673,2026-09-07,1,economy,,,9763.0,False,12:30,ok,2026-09-06T11:59:21.291719+05:30,2026-09-06_1159IST,airline_direct,IndiGo
BOM,BLR,6E,IndiGo,6E 673,2026-09-07,1,economy,,,9763.0,False,12:30,ok,2026-09-06T11:59:21.291719+05:30,2026-09-06_1159IST,airline_direct,IndiGo
BOM,BLR,6E,IndiGo,6E 5123,2026-09-07,1,economy,,,10487.0,False,14:40,ok,2026-09-06T11:59:21.291719+05:30,2026-09-06_1159IST,airline_direct,IndiGo
BOM,BLR,6E,IndiGo,6E 6701,2026-09-07,1,economy,,,10566.0,False,05:35,ok,2026-09-06T11:59:21.291719+05:30,2026-09-06_1159IST,airline_direct,IndiGo
BOM,BLR,6E,IndiGo,6E 6599,2026-09-07,1,economy,,,10697.0,False,16:50,ok,2026-09-06T11:59:21.291719+05:30,2026-09-06_1159IST,airline_direct,IndiGo
BOM,BLR,6E,IndiGo,6E 136,2026-09-07,1,economy,,,10922.0,False,04:05,ok,2026-09-06T11:59:21.291719+05:30,2026-09-06_1159IST,airline_direct,IndiGo
BOM,BLR,6E,IndiGo,6E 5313,2026-09-07,1,economy,,,11370.0,False,09:50,ok,2026-09-06T11:59:21.291719+05:30,2026-09-06_1159IST,airline_direct,IndiGo
BOM,BLR,6E,IndiGo,6E 6349,2026-09-07,1,economy,,,11370.0,False,11:40,ok,2026-09-06T11:59:21.291719+05:30,2026-09-06_1159IST,airline_direct,IndiGo
BOM,BLR,6E,IndiGo,6E 632,2026-09-07,1,economy,,,11450.0,False,04:00,ok,2026-09-06T11:59:21.291719+05:30,2026-09-06_1159IST,airline_direct,IndiGo
BOM,BLR,6E,IndiGo,6E 5241,2026-09-07,1,economy,,,11891.0,False,16:40,ok,2026-09-06T11:59:21.291719+05:30,2026-09-06_1159IST,airline_direct,IndiGo
BOM,BLR,6E,IndiGo,6E 5313,2026-09-07,1,economy,,,12321.0,False,09:50,ok,2026-09-06T11:59:21.291719+05:30,2026-09-06_1159IST,airline_direct,IndiGo
BOM,BLR,6E,IndiGo,6E 6349,2026-09-07,1,economy,,,12321.0,False,11:40,ok,2026-09-06T11:59:21.291719+05:30,2026-09-06_1159IST,airline_direct,IndiGo
BOM,BLR,6E,IndiGo,6E 6802,2026-09-07,1,economy,,,12343.0,False,16:55,ok,2026-09-06T11:59:21.291719+05:30,2026-09-06_1159IST,airline_direct,IndiGo
BOM,BLR,6E,IndiGo,6E 6361,2026-09-07,1,economy,,,13625.0,False,05:00,ok,2026-09-06T11:59:21.291719+05:30,2026-09-06_1159IST,airline_direct,IndiGo
BOM,BLR,6E,IndiGo,6E 5188,2026-09-07,1,economy,,,13640.0,False,06:15,ok,2026-09-06T11:59:21.291719+05:30,2026-09-06_1159IST,airline_direct,IndiGo
BOM,BLR,6E,IndiGo,6E 5082,2026-09-07,1,economy,,,14416.0,False,18:05,ok,2026-09-06T11:59:21.291719+05:30,2026-09-06_1159IST,airline_direct,IndiGo
BOM,BLR,6E,IndiGo,6E 6674,2026-09-07,1,economy,,,14453.0,False,09:05,ok,2026-09-06T11:59:21.291719+05:30,2026-09-06_1159IST,airline_direct,IndiGo
BOM,BLR,6E,IndiGo,6E 5204,2026-09-07,1,economy,,,15318.0,False,08:15,ok,2026-09-06T11:59:21.291719+05:30,2026-09-06_1159IST,airline_direct,IndiGo
BOM,BLR,6E,IndiGo,6E 5241,2026-09-07,1,economy,,,15461.0,False,16:40,ok,2026-09-06T11:59:21.291719+05:30,2026-09-06_1159IST,airline_direct,IndiGo
BOM,BLR,6E,IndiGo,6E 136,2026-09-07,1,economy,,,15622.0,False,04:05,ok,2026-09-06T11:59:21.291719+05:30,2026-09-06_1159IST,airline_direct,IndiGo
BOM,BLR,6E,IndiGo,6E 136,2026-09-07,1,economy,,,15622.0,False,04:05,ok,2026-09-06T11:59:21.291719+05:30,2026-09-06_1159IST,airline_direct,IndiGo
BOM,BLR,6E,IndiGo,6E 5386,2026-09-07,1,economy,,,16928.0,False,15:10,ok,2026-09-06T11:59:21.291719+05:30,2026-09-06_1159IST,airline_direct,IndiGo
BOM,BLR,6E,IndiGo,6E 5386,2026-09-07,1,economy,,,16928.0,False,15:10,ok,2026-09-06T11:59:21.291719+05:30,2026-09-06_1159IST,airline_direct,IndiGo
BOM,BLR,6E,IndiGo,6E 5386,2026-09-07,1,economy,,,16928.0,False,15:10,ok,2026-09-06T11:59:21.291719+05:30,2026-09-06_1159IST,airline_direct,IndiGo
BOM,BLR,6E,IndiGo,6E 230,2026-09-07,1,economy,,,17201.0,False,13:55,ok,2026-09-06T11:59:21.291719+05:30,2026-09-06_1159IST,airline_direct,IndiGo
BOM,BLR,6E,IndiGo,6E 5109,2026-09-07,1,economy,,,17667.0,False,09:35,ok,2026-09-06T11:59:21.291719+05:30,2026-09-06_1159IST,airline_direct,IndiGo
BOM,BLR,6E,IndiGo,6E 261,2026-09-07,1,economy,,,19007.0,False,11:20,ok,2026-09-06T11:59:21.291719+05:30,2026-09-06_1159IST,airline_direct,IndiGo
BOM,BLR,6E,IndiGo,6E 6187,2026-09-07,1,economy,,,19536.0,False,00:30,ok,2026-09-06T11:59:21.291719+05:30,2026-09-06_1159IST,airline_direct,IndiGo
BOM,BLR,6E,IndiGo,6E 5178,2026-09-07,1,economy,,,22464.0,False,11:45,ok,2026-09-06T11:59:21.291719+05:30,2026-09-06_1159IST,airline_direct,IndiGo
BOM,BLR,6E,IndiGo,6E 5178,2026-09-07,1,economy,,,22464.0,False,11:45,ok,2026-09-06T11:59:21.291719+05:30,2026-09-06_1159IST,airline_direct,IndiGo
BOM,BLR,6E,IndiGo,6E 5318,2026-09-07,1,economy,,,23304.0,False,10:15,ok,2026-09-06T11:59:21.291719+05:30,2026-09-06_1159IST,airline_direct,IndiGo
BOM,BLR,6E,IndiGo,6E 5318,2026-09-07,1,economy,,,23304.0,False,10:15,ok,2026-09-06T11:59:21.291719+05:30,2026-09-06_1159IST,airline_direct,IndiGo
BOM,BLR,6E,IndiGo,6E 6057,2026-09-07,1,economy,,,25270.0,False,09:15,ok,2026-09-06T11:59:21.291719+05:30,2026-09-06_1159IST,airline_direct,IndiGo
BOM,BLR,6E,IndiGo,6E 2237,2026-09-07,1,economy,,,26438.0,False,18:40,ok,2026-09-06T11:59:21.291719+05:30,2026-09-06_1159IST,airline_direct,IndiGo
BOM,BLR,6E,IndiGo,6E 5107,2026-09-07,1,economy,,,26592.0,False,20:00,ok,2026-09-06T11:59:21.291719+05:30,2026-09-06_1159IST,airline_direct,IndiGo
DEL,CCU,6E,IndiGo,6E 910,2026-09-07,1,business,,,26140.0,False,14:25,ok,2026-09-06T12:00:26.100524+05:30,2026-09-06_1200IST,airline_direct,IndiGo
DEL,CCU,6E,IndiGo,6E 910,2026-09-07,1,economy,,,8502.0,False,14:25,ok,2026-09-06T12:00:26.100524+05:30,2026-09-06_1200IST,airline_direct,IndiGo
DEL,CCU,6E,IndiGo,6E 2276,2026-09-07,1,business,,,26140.0,False,17:55,ok,2026-09-06T12:00:26.100524+05:30,2026-09-06_1200IST,airline_direct,IndiGo
DEL,CCU,6E,IndiGo,6E 2276,2026-09-07,1,economy,,,8502.0,False,17:55,ok,2026-09-06T12:00:26.100524+05:30,2026-09-06_1200IST,airline_direct,IndiGo
DEL,CCU,6E,IndiGo,6E 247,2026-09-07,1,business,,,26140.0,False,23:30,ok,2026-09-06T12:00:26.100524+05:30,2026-09-06_1200IST,airline_direct,IndiGo
DEL,CCU,6E,IndiGo,6E 247,2026-09-07,1,economy,,,8502.0,False,23:30,ok,2026-09-06T12:00:26.100524+05:30,2026-09-06_1200IST,airline_direct,IndiGo
DEL,CCU,6E,IndiGo,6E 897,2026-09-07,1,business,,,26140.0,False,12:45,ok,2026-09-06T12:00:26.100524+05:30,2026-09-06_1200IST,airline_direct,IndiGo
DEL,CCU,6E,IndiGo,6E 897,2026-09-07,1,economy,,,8765.0,False,12:45,ok,2026-09-06T12:00:26.100524+05:30,2026-09-06_1200IST,airline_direct,IndiGo
DEL,CCU,6E,IndiGo,6E 6517,2026-09-07,1,business,,,26140.0,False,19:30,ok,2026-09-06T12:00:26.100524+05:30,2026-09-06_1200IST,airline_direct,IndiGo
DEL,CCU,6E,IndiGo,6E 6517,2026-09-07,1,economy,,,8765.0,False,19:30,ok,2026-09-06T12:00:26.100524+05:30,2026-09-06_1200IST,airline_direct,IndiGo
DEL,CCU,6E,IndiGo,6E 6415,2026-09-07,1,business,,,26140.0,False,16:00,ok,2026-09-06T12:00:26.100524+05:30,2026-09-06_1200IST,airline_direct,IndiGo
DEL,CCU,6E,IndiGo,6E 6415,2026-09-07,1,economy,,,9080.0,False,16:00,ok,2026-09-06T12:00:26.100524+05:30,2026-09-06_1200IST,airline_direct,IndiGo
DEL,CCU,6E,IndiGo,6E 5191,2026-09-07,1,business,,,26140.0,False,05:00,ok,2026-09-06T12:00:26.100524+05:30,2026-09-06_1200IST,airline_direct,IndiGo
DEL,CCU,6E,IndiGo,6E 5191,2026-09-07,1,economy,,,9552.0,False,05:00,ok,2026-09-06T12:00:26.100524+05:30,2026-09-06_1200IST,airline_direct,IndiGo
DEL,CCU,6E,IndiGo,6E 340,2026-09-07,1,business,,,26140.0,False,07:20,ok,2026-09-06T12:00:26.100524+05:30,2026-09-06_1200IST,airline_direct,IndiGo
DEL,CCU,6E,IndiGo,6E 340,2026-09-07,1,economy,,,10707.0,False,07:20,ok,2026-09-06T12:00:26.100524+05:30,2026-09-06_1200IST,airline_direct,IndiGo
DEL,CCU,6E,IndiGo,6E 513,2026-09-07,1,business,,,26140.0,False,08:30,ok,2026-09-06T12:00:26.100524+05:30,2026-09-06_1200IST,airline_direct,IndiGo
DEL,CCU,6E,IndiGo,6E 513,2026-09-07,1,economy,,,11442.0,False,08:30,ok,2026-09-06T12:00:26.100524+05:30,2026-09-06_1200IST,airline_direct,IndiGo
DEL,CCU,6E,IndiGo,6E 894,2026-09-07,1,business,,,26140.0,False,10:15,ok,2026-09-06T12:00:26.100524+05:30,2026-09-06_1200IST,airline_direct,IndiGo
DEL,CCU,6E,IndiGo,6E 894,2026-09-07,1,economy,,,11442.0,False,10:15,ok,2026-09-06T12:00:26.100524+05:30,2026-09-06_1200IST,airline_direct,IndiGo
DEL,CCU,6E,IndiGo,6E 2296,2026-09-07,1,economy,,,7578.0,False,09:20,ok,2026-09-06T12:00:26.100524+05:30,2026-09-06_1200IST,airline_direct,IndiGo
DEL,CCU,6E,IndiGo,6E 5038,2026-09-07,1,economy,,,7578.0,False,14:00,ok,2026-09-06T12:00:26.100524+05:30,2026-09-06_1200IST,airline_direct,IndiGo
DEL,CCU,6E,IndiGo,6E 5033,2026-09-07,1,economy,,,7578.0,False,15:50,ok,2026-09-06T12:00:26.100524+05:30,2026-09-06_1200IST,airline_direct,IndiGo
DEL,CCU,6E,IndiGo,6E 5041,2026-09-07,1,economy,,,7683.0,False,15:10,ok,2026-09-06T12:00:26.100524+05:30,2026-09-06_1200IST,airline_direct,IndiGo
DEL,CCU,6E,IndiGo,6E 6829,2026-09-07,1,economy,,,7710.0,False,17:20,ok,2026-09-06T12:00:26.100524+05:30,2026-09-06_1200IST,airline_direct,IndiGo
DEL,CCU,6E,IndiGo,6E 6282,2026-09-07,1,business,,,33806.0,False,13:30,ok,2026-09-06T12:00:26.100524+05:30,2026-09-06_1200IST,airline_direct,IndiGo
DEL,CCU,6E,IndiGo,6E 6282,2026-09-07,1,economy,,,7920.0,False,13:30,ok,2026-09-06T12:00:26.100524+05:30,2026-09-06_1200IST,airline_direct,IndiGo
DEL,CCU,6E,IndiGo,6E 6217,2026-09-07,1,business,,,33334.0,False,16:15,ok,2026-09-06T12:00:26.100524+05:30,2026-09-06_1200IST,airline_direct,IndiGo
DEL,CCU,6E,IndiGo,6E 6217,2026-09-07,1,economy,,,7920.0,False,16:15,ok,2026-09-06T12:00:26.100524+05:30,2026-09-06_1200IST,airline_direct,IndiGo
DEL,CCU,6E,IndiGo,6E 2373,2026-09-07,1,economy,,,7975.0,False,11:10,ok,2026-09-06T12:00:26.100524+05:30,2026-09-06_1200IST,airline_direct,IndiGo
DEL,CCU,6E,IndiGo,6E 2453,2026-09-07,1,economy,,,7975.0,False,13:35,ok,2026-09-06T12:00:26.100524+05:30,2026-09-06_1200IST,airline_direct,IndiGo
DEL,CCU,6E,IndiGo,6E 6551,2026-09-07,1,economy,,,8025.0,False,12:00,ok,2026-09-06T12:00:26.100524+05:30,2026-09-06_1200IST,airline_direct,IndiGo
DEL,CCU,6E,IndiGo,6E 2296,2026-09-07,1,economy,,,8185.0,False,09:20,ok,2026-09-06T12:00:26.100524+05:30,2026-09-06_1200IST,airline_direct,IndiGo
DEL,CCU,6E,IndiGo,6E 2259,2026-09-07,1,economy,,,8185.0,False,12:20,ok,2026-09-06T12:00:26.100524+05:30,2026-09-06_1200IST,airline_direct,IndiGo
DEL,CCU,6E,IndiGo,6E 2259,2026-09-07,1,economy,,,8185.0,False,12:20,ok,2026-09-06T12:00:26.100524+05:30,2026-09-06_1200IST,airline_direct,IndiGo
DEL,CCU,6E,IndiGo,6E 2614,2026-09-07,1,economy,,,8185.0,False,14:40,ok,2026-09-06T12:00:26.100524+05:30,2026-09-06_1200IST,airline_direct,IndiGo
DEL,CCU,6E,IndiGo,6E 6212,2026-09-07,1,business,,,33334.0,False,14:45,ok,2026-09-06T12:00:26.100524+05:30,2026-09-06_1200IST,airline_direct,IndiGo
DEL,CCU,6E,IndiGo,6E 6212,2026-09-07,1,economy,,,8527.0,False,14:45,ok,2026-09-06T12:00:26.100524+05:30,2026-09-06_1200IST,airline_direct,IndiGo
DEL,CCU,6E,IndiGo,6E 717,2026-09-07,1,business,,,33334.0,False,17:55,ok,2026-09-06T12:00:26.100524+05:30,2026-09-06_1200IST,airline_direct,IndiGo
DEL,CCU,6E,IndiGo,6E 717,2026-09-07,1,economy,,,8527.0,False,17:55,ok,2026-09-06T12:00:26.100524+05:30,2026-09-06_1200IST,airline_direct,IndiGo
DEL,CCU,6E,IndiGo,6E 882,2026-09-07,1,economy,,,8527.0,False,23:15,ok,2026-09-06T12:00:26.100524+05:30,2026-09-06_1200IST,airline_direct,IndiGo
DEL,CCU,6E,IndiGo,6E 5036,2026-09-07,1,economy,,,8774.0,False,08:00,ok,2026-09-06T12:00:26.100524+05:30,2026-09-06_1200IST,airline_direct,IndiGo
DEL,CCU,6E,IndiGo,6E 2614,2026-09-07,1,economy,,,8853.0,False,14:40,ok,2026-09-06T12:00:26.100524+05:30,2026-09-06_1200IST,airline_direct,IndiGo
DEL,CCU,6E,IndiGo,6E 704,2026-09-07,1,business,,,33334.0,False,02:25,ok,2026-09-06T12:00:26.100524+05:30,2026-09-06_1200IST,airline_direct,IndiGo
DEL,CCU,6E,IndiGo,6E 704,2026-09-07,1,economy,,,9194.0,False,02:25,ok,2026-09-06T12:00:26.100524+05:30,2026-09-06_1200IST,airline_direct,IndiGo
DEL,CCU,6E,IndiGo,6E 5307,2026-09-07,1,economy,,,9562.0,False,10:50,ok,2026-09-06T12:00:26.100524+05:30,2026-09-06_1200IST,airline_direct,IndiGo
DEL,CCU,6E,IndiGo,6E 6124,2026-09-07,1,economy,,,9877.0,False,07:30,ok,2026-09-06T12:00:26.100524+05:30,2026-09-06_1200IST,airline_direct,IndiGo
DEL,CCU,6E,IndiGo,6E 5073,2026-09-07,1,economy,,,9928.0,False,17:05,ok,2026-09-06T12:00:26.100524+05:30,2026-09-06_1200IST,airline_direct,IndiGo
DEL,CCU,6E,IndiGo,6E 6073,2026-09-07,1,economy,,,10393.0,False,05:00,ok,2026-09-06T12:00:26.100524+05:30,2026-09-06_1200IST,airline_direct,IndiGo
DEL,CCU,6E,IndiGo,6E 2361,2026-09-07,1,economy,,,10728.0,False,14:35,ok,2026-09-06T12:00:26.100524+05:30,2026-09-06_1200IST,airline_direct,IndiGo
DEL,CCU,6E,IndiGo,6E 884,2026-09-07,1,business,,,33806.0,False,11:45,ok,2026-09-06T12:00:26.100524+05:30,2026-09-06_1200IST,airline_direct,IndiGo
DEL,CCU,6E,IndiGo,6E 884,2026-09-07,1,economy,,,10735.0,False,11:45,ok,2026-09-06T12:00:26.100524+05:30,2026-09-06_1200IST,airline_direct,IndiGo
DEL,CCU,6E,IndiGo,6E 2341,2026-09-07,1,economy,,,10735.0,False,14:50,ok,2026-09-06T12:00:26.100524+05:30,2026-09-06_1200IST,airline_direct,IndiGo
DEL,CCU,6E,IndiGo,6E 2331,2026-09-07,1,economy,,,11621.0,False,12:20,ok,2026-09-06T12:00:26.100524+05:30,2026-09-06_1200IST,airline_direct,IndiGo
DEL,CCU,6E,IndiGo,6E 2341,2026-09-07,1,economy,,,11621.0,False,14:50,ok,2026-09-06T12:00:26.100524+05:30,2026-09-06_1200IST,airline_direct,IndiGo
DEL,CCU,6E,IndiGo,6E 6371,2026-09-07,1,economy,,,11726.0,False,06:20,ok,2026-09-06T12:00:26.100524+05:30,2026-09-06_1200IST,airline_direct,IndiGo
DEL,CCU,6E,IndiGo,6E 6293,2026-09-07,1,economy,,,12595.0,False,09:55,ok,2026-09-06T12:00:26.100524+05:30,2026-09-06_1200IST,airline_direct,IndiGo
DEL,CCU,6E,IndiGo,6E 705,2026-09-07,1,business,,,33806.0,False,08:30,ok,2026-09-06T12:00:26.100524+05:30,2026-09-06_1200IST,airline_direct,IndiGo
DEL,CCU,6E,IndiGo,6E 705,2026-09-07,1,economy,,,14845.0,False,08:30,ok,2026-09-06T12:00:26.100524+05:30,2026-09-06_1200IST,airline_direct,IndiGo
DEL,CCU,6E,IndiGo,6E 6190,2026-09-07,1,economy,,,15799.0,False,07:40,ok,2026-09-06T12:00:26.100524+05:30,2026-09-06_1200IST,airline_direct,IndiGo
DEL,CCU,6E,IndiGo,6E 5041,2026-09-07,1,economy,,,15904.0,False,15:10,ok,2026-09-06T12:00:26.100524+05:30,2026-09-06_1200IST,airline_direct,IndiGo
DEL,CCU,6E,IndiGo,6E 705,2026-09-07,1,economy,,,16140.0,False,08:30,ok,2026-09-06T12:00:26.100524+05:30,2026-09-06_1200IST,airline_direct,IndiGo
DEL,CCU,6E,IndiGo,6E 6190,2026-09-07,1,economy,,,17003.0,False,07:40,ok,2026-09-06T12:00:26.100524+05:30,2026-09-06_1200IST,airline_direct,IndiGo
DEL,CCU,6E,IndiGo,6E 6459,2026-09-07,1,economy,,,17143.0,False,05:55,ok,2026-09-06T12:00:26.100524+05:30,2026-09-06_1200IST,airline_direct,IndiGo
DEL,CCU,6E,IndiGo,6E 203,2026-09-07,1,business,,,35200.0,False,07:10,ok,2026-09-06T12:00:26.100524+05:30,2026-09-06_1200IST,airline_direct,IndiGo
DEL,CCU,6E,IndiGo,6E 203,2026-09-07,1,economy,,,17563.0,False,07:10,ok,2026-09-06T12:00:26.100524+05:30,2026-09-06_1200IST,airline_direct,IndiGo
DEL,CCU,6E,IndiGo,6E 203,2026-09-07,1,economy,,,17563.0,False,07:10,ok,2026-09-06T12:00:26.100524+05:30,2026-09-06_1200IST,airline_direct,IndiGo
DEL,CCU,6E,IndiGo,6E 6245,2026-09-07,1,economy,,,17879.0,False,06:20,ok,2026-09-06T12:00:26.100524+05:30,2026-09-06_1200IST,airline_direct,IndiGo
DEL,CCU,6E,IndiGo,6E 6130,2026-09-07,1,economy,,,18550.0,False,12:55,ok,2026-09-06T12:00:26.100524+05:30,2026-09-06_1200IST,airline_direct,IndiGo
DEL,CCU,6E,IndiGo,6E 2203,2026-09-07,1,economy,,,18892.0,False,04:45,ok,2026-09-06T12:00:26.100524+05:30,2026-09-06_1200IST,airline_direct,IndiGo
DEL,CCU,6E,IndiGo,6E 6503,2026-09-07,1,economy,,,19272.0,False,13:25,ok,2026-09-06T12:00:26.100524+05:30,2026-09-06_1200IST,airline_direct,IndiGo
DEL,CCU,6E,IndiGo,6E 6312,2026-09-07,1,economy,,,21898.0,False,14:25,ok,2026-09-06T12:00:26.100524+05:30,2026-09-06_1200IST,airline_direct,IndiGo
DEL,CCU,6E,IndiGo,6E 5215,2026-09-07,1,economy,,,22419.0,False,07:45,ok,2026-09-06T12:00:26.100524+05:30,2026-09-06_1200IST,airline_direct,IndiGo
DEL,CCU,6E,IndiGo,6E 734,2026-09-07,1,economy,,,22475.0,False,16:20,ok,2026-09-06T12:00:26.100524+05:30,2026-09-06_1200IST,airline_direct,IndiGo
DEL,CCU,6E,IndiGo,6E 704,2026-09-07,1,business,,,36048.0,False,02:25,ok,2026-09-06T12:00:26.100524+05:30,2026-09-06_1200IST,airline_direct,IndiGo
DEL,CCU,6E,IndiGo,6E 704,2026-09-07,1,economy,,,22572.0,False,02:25,ok,2026-09-06T12:00:26.100524+05:30,2026-09-06_1200IST,airline_direct,IndiGo
DEL,CCU,6E,IndiGo,6E 5119,2026-09-07,1,economy,,,22739.0,False,05:10,ok,2026-09-06T12:00:26.100524+05:30,2026-09-06_1200IST,airline_direct,IndiGo
BLR,HYD,6E,IndiGo,6E 6178,2026-09-07,1,economy,,,10390.0,False,06:25,ok,2026-09-06T12:01:24.289590+05:30,2026-09-06_1201IST,airline_direct,IndiGo
BLR,HYD,6E,IndiGo,6E 6067,2026-09-07,1,economy,,,12416.0,False,16:30,ok,2026-09-06T12:01:24.289590+05:30,2026-09-06_1201IST,airline_direct,IndiGo
BLR,HYD,6E,IndiGo,6E 6784,2026-09-07,1,economy,,,12416.0,False,21:30,ok,2026-09-06T12:01:24.289590+05:30,2026-09-06_1201IST,airline_direct,IndiGo
BLR,HYD,6E,IndiGo,6E 638,2026-09-07,1,economy,,,14882.0,False,18:35,ok,2026-09-06T12:01:24.289590+05:30,2026-09-06_1201IST,airline_direct,IndiGo
BLR,HYD,6E,IndiGo,6E 6404,2026-09-07,1,economy,,,16310.0,False,11:35,ok,2026-09-06T12:01:24.289590+05:30,2026-09-06_1201IST,airline_direct,IndiGo
BLR,HYD,6E,IndiGo,6E 855,2026-09-07,1,economy,,,16310.0,False,19:45,ok,2026-09-06T12:01:24.289590+05:30,2026-09-06_1201IST,airline_direct,IndiGo
BLR,HYD,6E,IndiGo,6E 484,2026-09-07,1,economy,,,17886.0,False,08:15,ok,2026-09-06T12:01:24.289590+05:30,2026-09-06_1201IST,airline_direct,IndiGo
BLR,HYD,6E,IndiGo,6E 312,2026-09-07,1,economy,,,17886.0,False,09:15,ok,2026-09-06T12:01:24.289590+05:30,2026-09-06_1201IST,airline_direct,IndiGo
BLR,HYD,6E,IndiGo,6E 537,2026-09-07,1,economy,,,17886.0,False,10:15,ok,2026-09-06T12:01:24.289590+05:30,2026-09-06_1201IST,airline_direct,IndiGo
BLR,HYD,6E,IndiGo,6E 173,2026-09-07,1,economy,,,6271.0,False,15:30,ok,2026-09-06T12:01:24.289590+05:30,2026-09-06_1201IST,airline_direct,IndiGo
BLR,HYD,6E,IndiGo,6E 105,2026-09-07,1,economy,,,6271.0,False,18:45,ok,2026-09-06T12:01:24.289590+05:30,2026-09-06_1201IST,airline_direct,IndiGo
BLR,HYD,6E,IndiGo,6E 441,2026-09-07,1,economy,,,6271.0,False,20:40,ok,2026-09-06T12:01:24.289590+05:30,2026-09-06_1201IST,airline_direct,IndiGo
BLR,HYD,6E,IndiGo,6E 528,2026-09-07,1,economy,,,6271.0,False,21:40,ok,2026-09-06T12:01:24.289590+05:30,2026-09-06_1201IST,airline_direct,IndiGo
BLR,HYD,6E,IndiGo,6E 6753,2026-09-07,1,economy,,,6724.0,False,15:15,ok,2026-09-06T12:01:24.289590+05:30,2026-09-06_1201IST,airline_direct,IndiGo
BLR,HYD,6E,IndiGo,6E 173,2026-09-07,1,economy,,,6724.0,False,15:30,ok,2026-09-06T12:01:24.289590+05:30,2026-09-06_1201IST,airline_direct,IndiGo
BLR,HYD,6E,IndiGo,6E 6017,2026-09-07,1,economy,,,6724.0,False,18:15,ok,2026-09-06T12:01:24.289590+05:30,2026-09-06_1201IST,airline_direct,IndiGo
BLR,HYD,6E,IndiGo,6E 116,2026-09-07,1,economy,,,6724.0,False,23:05,ok,2026-09-06T12:01:24.289590+05:30,2026-09-06_1201IST,airline_direct,IndiGo
BLR,HYD,6E,IndiGo,6E 6168,2026-09-07,1,economy,,,7221.0,False,17:40,ok,2026-09-06T12:01:24.289590+05:30,2026-09-06_1201IST,airline_direct,IndiGo
BLR,HYD,6E,IndiGo,6E 6554,2026-09-07,1,economy,,,7221.0,False,19:15,ok,2026-09-06T12:01:24.289590+05:30,2026-09-06_1201IST,airline_direct,IndiGo
BLR,HYD,6E,IndiGo,6E 6753,2026-09-07,1,economy,,,7767.0,False,15:15,ok,2026-09-06T12:01:24.289590+05:30,2026-09-06_1201IST,airline_direct,IndiGo
BLR,HYD,6E,IndiGo,6E 6891,2026-09-07,1,economy,,,7767.0,False,17:15,ok,2026-09-06T12:01:24.289590+05:30,2026-09-06_1201IST,airline_direct,IndiGo
BLR,HYD,6E,IndiGo,6E 6168,2026-09-07,1,economy,,,8369.0,False,17:40,ok,2026-09-06T12:01:24.289590+05:30,2026-09-06_1201IST,airline_direct,IndiGo
BLR,HYD,6E,IndiGo,6E 6542,2026-09-07,1,economy,,,9756.0,False,13:10,ok,2026-09-06T12:01:24.289590+05:30,2026-09-06_1201IST,airline_direct,IndiGo
BLR,HYD,6E,IndiGo,6E 574,2026-09-07,1,economy,,,9887.0,False,11:05,ok,2026-09-06T12:01:24.289590+05:30,2026-09-06_1201IST,airline_direct,IndiGo
BLR,HYD,6E,IndiGo,6E 6336,2026-09-07,1,economy,,,10167.0,False,12:40,ok,2026-09-06T12:01:24.289590+05:30,2026-09-06_1201IST,airline_direct,IndiGo
BLR,HYD,6E,IndiGo,6E 6336,2026-09-07,1,economy,,,10167.0,False,12:40,ok,2026-09-06T12:01:24.289590+05:30,2026-09-06_1201IST,airline_direct,IndiGo
BLR,HYD,6E,IndiGo,6E 6208,2026-09-07,1,economy,,,10251.0,False,12:45,ok,2026-09-06T12:01:24.289590+05:30,2026-09-06_1201IST,airline_direct,IndiGo
BLR,HYD,6E,IndiGo,6E 356,2026-09-07,1,economy,,,10507.0,False,17:15,ok,2026-09-06T12:01:24.289590+05:30,2026-09-06_1201IST,airline_direct,IndiGo
BLR,HYD,6E,IndiGo,6E 356,2026-09-07,1,economy,,,10507.0,False,17:15,ok,2026-09-06T12:01:24.289590+05:30,2026-09-06_1201IST,airline_direct,IndiGo
BLR,HYD,6E,IndiGo,6E 763,2026-09-07,1,economy,,,10554.0,False,07:05,ok,2026-09-06T12:01:24.289590+05:30,2026-09-06_1201IST,airline_direct,IndiGo
BLR,HYD,6E,IndiGo,6E 6104,2026-09-07,1,economy,,,10554.0,False,11:40,ok,2026-09-06T12:01:24.289590+05:30,2026-09-06_1201IST,airline_direct,IndiGo
BLR,HYD,6E,IndiGo,6E 7204,2026-09-07,1,economy,,,10775.0,False,06:50,ok,2026-09-06T12:01:24.289590+05:30,2026-09-06_1201IST,airline_direct,IndiGo
BLR,HYD,6E,IndiGo,6E 6702,2026-09-07,1,economy,,,11432.0,False,05:20,ok,2026-09-06T12:01:24.289590+05:30,2026-09-06_1201IST,airline_direct,IndiGo
BLR,HYD,6E,IndiGo,6E 6104,2026-09-07,1,economy,,,11432.0,False,11:40,ok,2026-09-06T12:01:24.289590+05:30,2026-09-06_1201IST,airline_direct,IndiGo
BLR,HYD,6E,IndiGo,6E 6208,2026-09-07,1,economy,,,11492.0,False,12:45,ok,2026-09-06T12:01:24.289590+05:30,2026-09-06_1201IST,airline_direct,IndiGo
BLR,HYD,6E,IndiGo,6E 6653,2026-09-07,1,economy,,,12220.0,False,12:35,ok,2026-09-06T12:01:24.289590+05:30,2026-09-06_1201IST,airline_direct,IndiGo
BLR,HYD,6E,IndiGo,6E 763,2026-09-07,1,economy,,,12396.0,False,07:05,ok,2026-09-06T12:01:24.289590+05:30,2026-09-06_1201IST,airline_direct,IndiGo
BLR,HYD,6E,IndiGo,6E 7005,2026-09-07,1,economy,,,12396.0,False,08:05,ok,2026-09-06T12:01:24.289590+05:30,2026-09-06_1201IST,airline_direct,IndiGo
BLR,HYD,6E,IndiGo,6E 6445,2026-09-07,1,economy,,,12396.0,False,10:25,ok,2026-09-06T12:01:24.289590+05:30,2026-09-06_1201IST,airline_direct,IndiGo
BLR,HYD,6E,IndiGo,6E 6445,2026-09-07,1,economy,,,12396.0,False,10:25,ok,2026-09-06T12:01:24.289590+05:30,2026-09-06_1201IST,airline_direct,IndiGo
BLR,HYD,6E,IndiGo,6E 6104,2026-09-07,1,economy,,,12396.0,False,11:40,ok,2026-09-06T12:01:24.289590+05:30,2026-09-06_1201IST,airline_direct,IndiGo
BLR,HYD,6E,IndiGo,6E 7227,2026-09-07,1,economy,,,12812.0,False,06:25,ok,2026-09-06T12:01:24.289590+05:30,2026-09-06_1201IST,airline_direct,IndiGo
BLR,HYD,6E,IndiGo,6E 6653,2026-09-07,1,economy,,,13030.0,False,12:35,ok,2026-09-06T12:01:24.289590+05:30,2026-09-06_1201IST,airline_direct,IndiGo
BLR,HYD,6E,IndiGo,6E 7285,2026-09-07,1,economy,,,13207.0,False,06:50,ok,2026-09-06T12:01:24.289590+05:30,2026-09-06_1201IST,airline_direct,IndiGo
BLR,HYD,6E,IndiGo,6E 703,2026-09-07,1,economy,,,13456.0,False,12:55,ok,2026-09-06T12:01:24.289590+05:30,2026-09-06_1201IST,airline_direct,IndiGo
BLR,HYD,6E,IndiGo,6E 109,2026-09-07,1,economy,,,13456.0,False,17:00,ok,2026-09-06T12:01:24.289590+05:30,2026-09-06_1201IST,airline_direct,IndiGo
BLR,HYD,6E,IndiGo,6E 6702,2026-09-07,1,economy,,,14623.0,False,05:20,ok,2026-09-06T12:01:24.289590+05:30,2026-09-06_1201IST,airline_direct,IndiGo
BLR,HYD,6E,IndiGo,6E 763,2026-09-07,1,economy,,,14623.0,False,07:05,ok,2026-09-06T12:01:24.289590+05:30,2026-09-06_1201IST,airline_direct,IndiGo
BLR,HYD,6E,IndiGo,6E 7005,2026-09-07,1,economy,,,14623.0,False,08:05,ok,2026-09-06T12:01:24.289590+05:30,2026-09-06_1201IST,airline_direct,IndiGo
BLR,HYD,6E,IndiGo,6E 6162,2026-09-07,1,economy,,,14623.0,False,18:50,ok,2026-09-06T12:01:24.289590+05:30,2026-09-06_1201IST,airline_direct,IndiGo
BLR,HYD,6E,IndiGo,6E 7071,2026-09-07,1,economy,,,15576.0,False,10:55,ok,2026-09-06T12:01:24.289590+05:30,2026-09-06_1201IST,airline_direct,IndiGo
BLR,HYD,6E,IndiGo,6E 6876,2026-09-07,1,economy,,,15904.0,False,02:40,ok,2026-09-06T12:01:24.289590+05:30,2026-09-06_1201IST,airline_direct,IndiGo
BLR,HYD,6E,IndiGo,6E 6583,2026-09-07,1,economy,,,16246.0,False,10:40,ok,2026-09-06T12:01:24.289590+05:30,2026-09-06_1201IST,airline_direct,IndiGo
BLR,HYD,6E,IndiGo,6E 857,2026-09-07,1,economy,,,18201.0,False,07:05,ok,2026-09-06T12:01:24.289590+05:30,2026-09-06_1201IST,airline_direct,IndiGo
BLR,HYD,6E,IndiGo,6E 7204,2026-09-07,1,economy,,,18461.0,False,06:50,ok,2026-09-06T12:01:24.289590+05:30,2026-09-06_1201IST,airline_direct,IndiGo
BLR,HYD,6E,IndiGo,6E 857,2026-09-07,1,economy,,,19776.0,False,07:05,ok,2026-09-06T12:01:24.289590+05:30,2026-09-06_1201IST,airline_direct,IndiGo
BLR,HYD,6E,IndiGo,6E 6563,2026-09-07,1,economy,,,21151.0,False,01:05,ok,2026-09-06T12:01:24.289590+05:30,2026-09-06_1201IST,airline_direct,IndiGo
BLR,HYD,6E,IndiGo,6E 7737,2026-09-07,1,economy,,,22097.0,False,10:50,ok,2026-09-06T12:01:24.289590+05:30,2026-09-06_1201IST,airline_direct,IndiGo
BLR,HYD,6E,IndiGo,6E 7737,2026-09-07,1,economy,,,29015.0,False,10:50,ok,2026-09-06T12:01:24.289590+05:30,2026-09-06_1201IST,airline_direct,IndiGo
MAA,DEL,6E,IndiGo,6E 951,2026-09-07,1,business,,,28240.0,False,21:50,ok,2026-09-06T12:02:28.526194+05:30,2026-09-06_1202IST,airline_direct,IndiGo
MAA,DEL,6E,IndiGo,6E 951,2026-09-07,1,economy,,,10785.0,False,21:50,ok,2026-09-06T12:02:28.526194+05:30,2026-09-06_1202IST,airline_direct,IndiGo
MAA,DEL,6E,IndiGo,6E 948,2026-09-07,1,business,,,28240.0,False,14:30,ok,2026-09-06T12:02:28.526194+05:30,2026-09-06_1202IST,airline_direct,IndiGo
MAA,DEL,6E,IndiGo,6E 948,2026-09-07,1,economy,,,11303.0,False,14:30,ok,2026-09-06T12:02:28.526194+05:30,2026-09-06_1202IST,airline_direct,IndiGo
MAA,DEL,6E,IndiGo,6E 613,2026-09-07,1,business,,,30280.0,False,19:00,ok,2026-09-06T12:02:28.526194+05:30,2026-09-06_1202IST,airline_direct,IndiGo
MAA,DEL,6E,IndiGo,6E 613,2026-09-07,1,economy,,,11303.0,False,19:00,ok,2026-09-06T12:02:28.526194+05:30,2026-09-06_1202IST,airline_direct,IndiGo
MAA,DEL,6E,IndiGo,6E 2369,2026-09-07,1,business,,,28240.0,False,23:45,ok,2026-09-06T12:02:28.526194+05:30,2026-09-06_1202IST,airline_direct,IndiGo
MAA,DEL,6E,IndiGo,6E 2369,2026-09-07,1,economy,,,11303.0,False,23:45,ok,2026-09-06T12:02:28.526194+05:30,2026-09-06_1202IST,airline_direct,IndiGo
MAA,DEL,6E,IndiGo,6E 939,2026-09-07,1,business,,,28240.0,False,13:00,ok,2026-09-06T12:02:28.526194+05:30,2026-09-06_1202IST,airline_direct,IndiGo
MAA,DEL,6E,IndiGo,6E 939,2026-09-07,1,economy,,,11850.0,False,13:00,ok,2026-09-06T12:02:28.526194+05:30,2026-09-06_1202IST,airline_direct,IndiGo
MAA,DEL,6E,IndiGo,6E 6002,2026-09-07,1,business,,,28240.0,False,11:10,ok,2026-09-06T12:02:28.526194+05:30,2026-09-06_1202IST,airline_direct,IndiGo
MAA,DEL,6E,IndiGo,6E 6002,2026-09-07,1,economy,,,13035.0,False,11:10,ok,2026-09-06T12:02:28.526194+05:30,2026-09-06_1202IST,airline_direct,IndiGo
MAA,DEL,6E,IndiGo,6E 698,2026-09-07,1,business,,,28240.0,False,16:45,ok,2026-09-06T12:02:28.526194+05:30,2026-09-06_1202IST,airline_direct,IndiGo
MAA,DEL,6E,IndiGo,6E 698,2026-09-07,1,economy,,,13035.0,False,16:45,ok,2026-09-06T12:02:28.526194+05:30,2026-09-06_1202IST,airline_direct,IndiGo
MAA,DEL,6E,IndiGo,6E 404,2026-09-07,1,business,,,39899.0,False,09:15,ok,2026-09-06T12:02:28.526194+05:30,2026-09-06_1202IST,airline_direct,IndiGo
MAA,DEL,6E,IndiGo,6E 404,2026-09-07,1,economy,,,16620.0,False,09:15,ok,2026-09-06T12:02:28.526194+05:30,2026-09-06_1202IST,airline_direct,IndiGo
MAA,DEL,6E,IndiGo,6E 937,2026-09-07,1,business,,,28240.0,False,06:30,ok,2026-09-06T12:02:28.526194+05:30,2026-09-06_1202IST,airline_direct,IndiGo
MAA,DEL,6E,IndiGo,6E 937,2026-09-07,1,economy,,,22411.0,False,06:30,ok,2026-09-06T12:02:28.526194+05:30,2026-09-06_1202IST,airline_direct,IndiGo
MAA,DEL,6E,IndiGo,6E 6925,2026-09-07,1,economy,,,9619.0,False,12:00,ok,2026-09-06T12:02:28.526194+05:30,2026-09-06_1202IST,airline_direct,IndiGo
MAA,DEL,6E,IndiGo,6E 6158,2026-09-07,1,economy,,,9619.0,False,16:10,ok,2026-09-06T12:02:28.526194+05:30,2026-09-06_1202IST,airline_direct,IndiGo
MAA,DEL,6E,IndiGo,6E 489,2026-09-07,1,economy,,,9619.0,False,18:15,ok,2026-09-06T12:02:28.526194+05:30,2026-09-06_1202IST,airline_direct,IndiGo
MAA,DEL,6E,IndiGo,6E 193,2026-09-07,1,economy,,,9619.0,False,20:00,ok,2026-09-06T12:02:28.526194+05:30,2026-09-06_1202IST,airline_direct,IndiGo
MAA,DEL,6E,IndiGo,6E 6487,2026-09-07,1,economy,,,9619.0,False,21:25,ok,2026-09-06T12:02:28.526194+05:30,2026-09-06_1202IST,airline_direct,IndiGo
MAA,DEL,6E,IndiGo,6E 561,2026-09-07,1,business,,,32425.0,False,22:20,ok,2026-09-06T12:02:28.526194+05:30,2026-09-06_1202IST,airline_direct,IndiGo
MAA,DEL,6E,IndiGo,6E 561,2026-09-07,1,economy,,,9619.0,False,22:20,ok,2026-09-06T12:02:28.526194+05:30,2026-09-06_1202IST,airline_direct,IndiGo
MAA,DEL,6E,IndiGo,6E 6005,2026-09-07,1,economy,,,9697.0,False,15:45,ok,2026-09-06T12:02:28.526194+05:30,2026-09-06_1202IST,airline_direct,IndiGo
MAA,DEL,6E,IndiGo,6E 365,2026-09-07,1,economy,,,9697.0,False,17:45,ok,2026-09-06T12:02:28.526194+05:30,2026-09-06_1202IST,airline_direct,IndiGo
MAA,DEL,6E,IndiGo,6E 726,2026-09-07,1,economy,,,9697.0,False,18:20,ok,2026-09-06T12:02:28.526194+05:30,2026-09-06_1202IST,airline_direct,IndiGo
MAA,DEL,6E,IndiGo,6E 189,2026-09-07,1,economy,,,9697.0,False,19:05,ok,2026-09-06T12:02:28.526194+05:30,2026-09-06_1202IST,airline_direct,IndiGo
MAA,DEL,6E,IndiGo,6E 6326,2026-09-07,1,business,,,37589.0,False,11:45,ok,2026-09-06T12:02:28.526194+05:30,2026-09-06_1202IST,airline_direct,IndiGo
MAA,DEL,6E,IndiGo,6E 6326,2026-09-07,1,economy,,,9829.0,False,11:45,ok,2026-09-06T12:02:28.526194+05:30,2026-09-06_1202IST,airline_direct,IndiGo
MAA,DEL,6E,IndiGo,6E 5258,2026-09-07,1,business,,,39741.0,False,12:45,ok,2026-09-06T12:02:28.526194+05:30,2026-09-06_1202IST,airline_direct,IndiGo
MAA,DEL,6E,IndiGo,6E 5258,2026-09-07,1,economy,,,9829.0,False,12:45,ok,2026-09-06T12:02:28.526194+05:30,2026-09-06_1202IST,airline_direct,IndiGo
MAA,DEL,6E,IndiGo,6E 5258,2026-09-07,1,business,,,39741.0,False,12:45,ok,2026-09-06T12:02:28.526194+05:30,2026-09-06_1202IST,airline_direct,IndiGo
MAA,DEL,6E,IndiGo,6E 5258,2026-09-07,1,economy,,,9829.0,False,12:45,ok,2026-09-06T12:02:28.526194+05:30,2026-09-06_1202IST,airline_direct,IndiGo
MAA,DEL,6E,IndiGo,6E 981,2026-09-07,1,economy,,,9829.0,False,13:50,ok,2026-09-06T12:02:28.526194+05:30,2026-09-06_1202IST,airline_direct,IndiGo
MAA,DEL,6E,IndiGo,6E 5104,2026-09-07,1,business,,,47116.0,False,16:40,ok,2026-09-06T12:02:28.526194+05:30,2026-09-06_1202IST,airline_direct,IndiGo
MAA,DEL,6E,IndiGo,6E 5104,2026-09-07,1,economy,,,9829.0,False,16:40,ok,2026-09-06T12:02:28.526194+05:30,2026-09-06_1202IST,airline_direct,IndiGo
MAA,DEL,6E,IndiGo,6E 973,2026-09-07,1,economy,,,11208.0,False,11:55,ok,2026-09-06T12:02:28.526194+05:30,2026-09-06_1202IST,airline_direct,IndiGo
MAA,DEL,6E,IndiGo,6E 321,2026-09-07,1,business,,,39241.0,False,08:20,ok,2026-09-06T12:02:28.526194+05:30,2026-09-06_1202IST,airline_direct,IndiGo
MAA,DEL,6E,IndiGo,6E 321,2026-09-07,1,economy,,,11418.0,False,08:20,ok,2026-09-06T12:02:28.526194+05:30,2026-09-06_1202IST,airline_direct,IndiGo
MAA,DEL,6E,IndiGo,6E 6892,2026-09-07,1,economy,,,12085.0,False,10:55,ok,2026-09-06T12:02:28.526194+05:30,2026-09-06_1202IST,airline_direct,IndiGo
MAA,DEL,6E,IndiGo,6E 183,2026-09-07,1,business,,,36321.0,False,16:35,ok,2026-09-06T12:02:28.526194+05:30,2026-09-06_1202IST,airline_direct,IndiGo
MAA,DEL,6E,IndiGo,6E 183,2026-09-07,1,economy,,,12123.0,False,16:35,ok,2026-09-06T12:02:28.526194+05:30,2026-09-06_1202IST,airline_direct,IndiGo
MAA,DEL,6E,IndiGo,6E 847,2026-09-07,1,economy,,,12129.0,False,16:15,ok,2026-09-06T12:02:28.526194+05:30,2026-09-06_1202IST,airline_direct,IndiGo
MAA,DEL,6E,IndiGo,6E 5214,2026-09-07,1,business,,,39741.0,False,11:00,ok,2026-09-06T12:02:28.526194+05:30,2026-09-06_1202IST,airline_direct,IndiGo
MAA,DEL,6E,IndiGo,6E 5214,2026-09-07,1,economy,,,12333.0,False,11:00,ok,2026-09-06T12:02:28.526194+05:30,2026-09-06_1202IST,airline_direct,IndiGo
MAA,DEL,6E,IndiGo,6E 6209,2026-09-07,1,economy,,,12432.0,False,14:35,ok,2026-09-06T12:02:28.526194+05:30,2026-09-06_1202IST,airline_direct,IndiGo
MAA,DEL,6E,IndiGo,6E 6209,2026-09-07,1,economy,,,12432.0,False,14:35,ok,2026-09-06T12:02:28.526194+05:30,2026-09-06_1202IST,airline_direct,IndiGo
MAA,DEL,6E,IndiGo,6E 365,2026-09-07,1,economy,,,12432.0,False,17:45,ok,2026-09-06T12:02:28.526194+05:30,2026-09-06_1202IST,airline_direct,IndiGo
MAA,DEL,6E,IndiGo,6E 6892,2026-09-07,1,economy,,,12733.0,False,10:55,ok,2026-09-06T12:02:28.526194+05:30,2026-09-06_1202IST,airline_direct,IndiGo
MAA,DEL,6E,IndiGo,6E 562,2026-09-07,1,economy,,,13307.0,False,18:20,ok,2026-09-06T12:02:28.526194+05:30,2026-09-06_1202IST,airline_direct,IndiGo
MAA,DEL,6E,IndiGo,6E 5371,2026-09-07,1,business,,,43340.0,False,14:45,ok,2026-09-06T12:02:28.526194+05:30,2026-09-06_1202IST,airline_direct,IndiGo
MAA,DEL,6E,IndiGo,6E 5371,2026-09-07,1,economy,,,15669.0,False,14:45,ok,2026-09-06T12:02:28.526194+05:30,2026-09-06_1202IST,airline_direct,IndiGo
MAA,DEL,6E,IndiGo,6E 606,2026-09-07,1,business,,,35937.0,False,18:05,ok,2026-09-06T12:02:28.526194+05:30,2026-09-06_1202IST,airline_direct,IndiGo
MAA,DEL,6E,IndiGo,6E 606,2026-09-07,1,economy,,,16039.0,False,18:05,ok,2026-09-06T12:02:28.526194+05:30,2026-09-06_1202IST,airline_direct,IndiGo
MAA,DEL,6E,IndiGo,6E 6925,2026-09-07,1,economy,,,16308.0,False,12:00,ok,2026-09-06T12:02:28.526194+05:30,2026-09-06_1202IST,airline_direct,IndiGo
MAA,DEL,6E,IndiGo,6E 5314,2026-09-07,1,business,,,39741.0,False,06:45,ok,2026-09-06T12:02:28.526194+05:30,2026-09-06_1202IST,airline_direct,IndiGo
MAA,DEL,6E,IndiGo,6E 5314,2026-09-07,1,economy,,,16996.0,False,06:45,ok,2026-09-06T12:02:28.526194+05:30,2026-09-06_1202IST,airline_direct,IndiGo
MAA,DEL,6E,IndiGo,6E 6348,2026-09-07,1,business,,,39741.0,False,09:00,ok,2026-09-06T12:02:28.526194+05:30,2026-09-06_1202IST,airline_direct,IndiGo
MAA,DEL,6E,IndiGo,6E 6348,2026-09-07,1,economy,,,16996.0,False,09:00,ok,2026-09-06T12:02:28.526194+05:30,2026-09-06_1202IST,airline_direct,IndiGo
MAA,DEL,6E,IndiGo,6E 6348,2026-09-07,1,business,,,39741.0,False,09:00,ok,2026-09-06T12:02:28.526194+05:30,2026-09-06_1202IST,airline_direct,IndiGo
MAA,DEL,6E,IndiGo,6E 6348,2026-09-07,1,economy,,,16996.0,False,09:00,ok,2026-09-06T12:02:28.526194+05:30,2026-09-06_1202IST,airline_direct,IndiGo
MAA,DEL,6E,IndiGo,6E 6815,2026-09-07,1,economy,,,18492.0,False,08:55,ok,2026-09-06T12:02:28.526194+05:30,2026-09-06_1202IST,airline_direct,IndiGo
MAA,DEL,6E,IndiGo,6E 597,2026-09-07,1,economy,,,18622.0,False,17:45,ok,2026-09-06T12:02:28.526194+05:30,2026-09-06_1202IST,airline_direct,IndiGo
MAA,DEL,6E,IndiGo,6E 848,2026-09-07,1,economy,,,19870.0,False,17:50,ok,2026-09-06T12:02:28.526194+05:30,2026-09-06_1202IST,airline_direct,IndiGo
MAA,DEL,6E,IndiGo,6E 5367,2026-09-07,1,business,,,40966.0,False,18:15,ok,2026-09-06T12:02:28.526194+05:30,2026-09-06_1202IST,airline_direct,IndiGo
MAA,DEL,6E,IndiGo,6E 5367,2026-09-07,1,economy,,,20162.0,False,18:15,ok,2026-09-06T12:02:28.526194+05:30,2026-09-06_1202IST,airline_direct,IndiGo
MAA,DEL,6E,IndiGo,6E 6081,2026-09-07,1,economy,,,20267.0,False,07:05,ok,2026-09-06T12:02:28.526194+05:30,2026-09-06_1202IST,airline_direct,IndiGo
MAA,DEL,6E,IndiGo,6E 834,2026-09-07,1,economy,,,20664.0,False,09:05,ok,2026-09-06T12:02:28.526194+05:30,2026-09-06_1202IST,airline_direct,IndiGo
MAA,DEL,6E,IndiGo,6E 834,2026-09-07,1,economy,,,21370.0,False,09:05,ok,2026-09-06T12:02:28.526194+05:30,2026-09-06_1202IST,airline_direct,IndiGo
MAA,DEL,6E,IndiGo,6E 372,2026-09-07,1,economy,,,21811.0,False,09:55,ok,2026-09-06T12:02:28.526194+05:30,2026-09-06_1202IST,airline_direct,IndiGo
MAA,DEL,6E,IndiGo,6E 372,2026-09-07,1,economy,,,21811.0,False,09:55,ok,2026-09-06T12:02:28.526194+05:30,2026-09-06_1202IST,airline_direct,IndiGo
MAA,DEL,6E,IndiGo,6E 495,2026-09-07,1,economy,,,23779.0,False,07:10,ok,2026-09-06T12:02:28.526194+05:30,2026-09-06_1202IST,airline_direct,IndiGo
MAA,DEL,6E,IndiGo,6E 6140,2026-09-07,1,business,,,39976.0,False,02:30,ok,2026-09-06T12:02:28.526194+05:30,2026-09-06_1202IST,airline_direct,IndiGo
MAA,DEL,6E,IndiGo,6E 6140,2026-09-07,1,economy,,,25804.0,False,02:30,ok,2026-09-06T12:02:28.526194+05:30,2026-09-06_1202IST,airline_direct,IndiGo
MAA,DEL,6E,IndiGo,6E 401,2026-09-07,1,economy,,,26007.0,False,08:10,ok,2026-09-06T12:02:28.526194+05:30,2026-09-06_1202IST,airline_direct,IndiGo
MAA,DEL,6E,IndiGo,6E 495,2026-09-07,1,economy,,,26350.0,False,07:10,ok,2026-09-06T12:02:28.526194+05:30,2026-09-06_1202IST,airline_direct,IndiGo
MAA,DEL,6E,IndiGo,6E 607,2026-09-07,1,business,,,44109.0,False,05:40,ok,2026-09-06T12:02:28.526194+05:30,2026-09-06_1202IST,airline_direct,IndiGo
MAA,DEL,6E,IndiGo,6E 607,2026-09-07,1,economy,,,29197.0,False,05:40,ok,2026-09-06T12:02:28.526194+05:30,2026-09-06_1202IST,airline_direct,IndiGo
MAA,DEL,6E,IndiGo,6E 6140,2026-09-07,1,business,,,43752.0,False,02:30,ok,2026-09-06T12:02:28.526194+05:30,2026-09-06_1202IST,airline_direct,IndiGo
MAA,DEL,6E,IndiGo,6E 6140,2026-09-07,1,economy,,,33364.0,False,02:30,ok,2026-09-06T12:02:28.526194+05:30,2026-09-06_1202IST,airline_direct,IndiGo
MAA,DEL,6E,IndiGo,6E 5093,2026-09-07,1,business,,,47116.0,False,05:00,ok,2026-09-06T12:02:28.526194+05:30,2026-09-06_1202IST,airline_direct,IndiGo
MAA,DEL,6E,IndiGo,6E 5093,2026-09-07,1,economy,,,34756.0,False,05:00,ok,2026-09-06T12:02:28.526194+05:30,2026-09-06_1202IST,airline_direct,IndiGo
MAA,DEL,6E,IndiGo,6E 244,2026-09-07,1,economy,,,39416.0,False,03:55,ok,2026-09-06T12:02:28.526194+05:30,2026-09-06_1202IST,airline_direct,IndiGo
MAA,DEL,6E,IndiGo,6E 6081,2026-09-07,1,,,,,False,07:05,sold_out,2026-09-06T12:02:28.526194+05:30,2026-09-06_1202IST,airline_direct,IndiGo
DEL,BOM,6E,IndiGo,6E 6218,2026-09-13,7,business,,,24260.0,False,06:05,ok,2026-09-06T12:03:33.159685+05:30,2026-09-06_1203IST,airline_direct,IndiGo
DEL,BOM,6E,IndiGo,6E 6218,2026-09-13,7,economy,,,6305.0,False,06:05,ok,2026-09-06T12:03:33.159685+05:30,2026-09-06_1203IST,airline_direct,IndiGo
DEL,BOM,6E,IndiGo,6E 320,2026-09-13,7,business,,,24260.0,False,08:00,ok,2026-09-06T12:03:33.159685+05:30,2026-09-06_1203IST,airline_direct,IndiGo
DEL,BOM,6E,IndiGo,6E 320,2026-09-13,7,economy,,,6305.0,False,08:00,ok,2026-09-06T12:03:33.159685+05:30,2026-09-06_1203IST,airline_direct,IndiGo
DEL,BOM,6E,IndiGo,6E 675,2026-09-13,7,business,,,24260.0,False,08:45,ok,2026-09-06T12:03:33.159685+05:30,2026-09-06_1203IST,airline_direct,IndiGo
DEL,BOM,6E,IndiGo,6E 675,2026-09-13,7,economy,,,6305.0,False,08:45,ok,2026-09-06T12:03:33.159685+05:30,2026-09-06_1203IST,airline_direct,IndiGo
DEL,BOM,6E,IndiGo,6E 6107,2026-09-13,7,business,,,24260.0,False,09:30,ok,2026-09-06T12:03:33.159685+05:30,2026-09-06_1203IST,airline_direct,IndiGo
DEL,BOM,6E,IndiGo,6E 6107,2026-09-13,7,economy,,,6305.0,False,09:30,ok,2026-09-06T12:03:33.159685+05:30,2026-09-06_1203IST,airline_direct,IndiGo
DEL,BOM,6E,IndiGo,6E 6328,2026-09-13,7,business,,,24260.0,False,10:15,ok,2026-09-06T12:03:33.159685+05:30,2026-09-06_1203IST,airline_direct,IndiGo
DEL,BOM,6E,IndiGo,6E 6328,2026-09-13,7,economy,,,6305.0,False,10:15,ok,2026-09-06T12:03:33.159685+05:30,2026-09-06_1203IST,airline_direct,IndiGo
DEL,BOM,6E,IndiGo,6E 6318,2026-09-13,7,business,,,24260.0,False,14:45,ok,2026-09-06T12:03:33.159685+05:30,2026-09-06_1203IST,airline_direct,IndiGo
DEL,BOM,6E,IndiGo,6E 6318,2026-09-13,7,economy,,,6305.0,False,14:45,ok,2026-09-06T12:03:33.159685+05:30,2026-09-06_1203IST,airline_direct,IndiGo
DEL,BOM,6E,IndiGo,6E 329,2026-09-13,7,business,,,24260.0,False,18:00,ok,2026-09-06T12:03:33.159685+05:30,2026-09-06_1203IST,airline_direct,IndiGo
DEL,BOM,6E,IndiGo,6E 329,2026-09-13,7,economy,,,6305.0,False,18:00,ok,2026-09-06T12:03:33.159685+05:30,2026-09-06_1203IST,airline_direct,IndiGo
DEL,BOM,6E,IndiGo,6E 354,2026-09-13,7,business,,,24260.0,False,19:00,ok,2026-09-06T12:03:33.159685+05:30,2026-09-06_1203IST,airline_direct,IndiGo
DEL,BOM,6E,IndiGo,6E 354,2026-09-13,7,economy,,,6305.0,False,19:00,ok,2026-09-06T12:03:33.159685+05:30,2026-09-06_1203IST,airline_direct,IndiGo
DEL,BOM,6E,IndiGo,6E 303,2026-09-13,7,business,,,24260.0,False,20:00,ok,2026-09-06T12:03:33.159685+05:30,2026-09-06_1203IST,airline_direct,IndiGo
DEL,BOM,6E,IndiGo,6E 303,2026-09-13,7,economy,,,6305.0,False,20:00,ok,2026-09-06T12:03:33.159685+05:30,2026-09-06_1203IST,airline_direct,IndiGo
DEL,BOM,6E,IndiGo,6E 853,2026-09-13,7,business,,,24260.0,False,20:45,ok,2026-09-06T12:03:33.159685+05:30,2026-09-06_1203IST,airline_direct,IndiGo
DEL,BOM,6E,IndiGo,6E 853,2026-09-13,7,economy,,,6305.0,False,20:45,ok,2026-09-06T12:03:33.159685+05:30,2026-09-06_1203IST,airline_direct,IndiGo
DEL,BOM,6E,IndiGo,6E 395,2026-09-13,7,business,,,24260.0,False,21:45,ok,2026-09-06T12:03:33.159685+05:30,2026-09-06_1203IST,airline_direct,IndiGo
DEL,BOM,6E,IndiGo,6E 395,2026-09-13,7,economy,,,6305.0,False,21:45,ok,2026-09-06T12:03:33.159685+05:30,2026-09-06_1203IST,airline_direct,IndiGo
DEL,BOM,6E,IndiGo,6E 6114,2026-09-13,7,business,,,24260.0,False,22:45,ok,2026-09-06T12:03:33.159685+05:30,2026-09-06_1203IST,airline_direct,IndiGo
DEL,BOM,6E,IndiGo,6E 6114,2026-09-13,7,economy,,,6305.0,False,22:45,ok,2026-09-06T12:03:33.159685+05:30,2026-09-06_1203IST,airline_direct,IndiGo
DEL,BOM,6E,IndiGo,6E 322,2026-09-13,7,business,,,24260.0,False,23:30,ok,2026-09-06T12:03:33.159685+05:30,2026-09-06_1203IST,airline_direct,IndiGo
DEL,BOM,6E,IndiGo,6E 322,2026-09-13,7,economy,,,6305.0,False,23:30,ok,2026-09-06T12:03:33.159685+05:30,2026-09-06_1203IST,airline_direct,IndiGo
DEL,BOM,6E,IndiGo,6E 6047,2026-09-13,7,business,,,24260.0,False,11:00,ok,2026-09-06T12:03:33.159685+05:30,2026-09-06_1203IST,airline_direct,IndiGo
DEL,BOM,6E,IndiGo,6E 6047,2026-09-13,7,economy,,,6357.0,False,11:00,ok,2026-09-06T12:03:33.159685+05:30,2026-09-06_1203IST,airline_direct,IndiGo
DEL,BOM,6E,IndiGo,6E 6676,2026-09-13,7,business,,,24260.0,False,12:00,ok,2026-09-06T12:03:33.159685+05:30,2026-09-06_1203IST,airline_direct,IndiGo
DEL,BOM,6E,IndiGo,6E 6676,2026-09-13,7,economy,,,6357.0,False,12:00,ok,2026-09-06T12:03:33.159685+05:30,2026-09-06_1203IST,airline_direct,IndiGo
DEL,BOM,6E,IndiGo,6E 324,2026-09-13,7,business,,,24260.0,False,13:00,ok,2026-09-06T12:03:33.159685+05:30,2026-09-06_1203IST,airline_direct,IndiGo
DEL,BOM,6E,IndiGo,6E 324,2026-09-13,7,economy,,,6357.0,False,13:00,ok,2026-09-06T12:03:33.159685+05:30,2026-09-06_1203IST,airline_direct,IndiGo
DEL,BOM,6E,IndiGo,6E 327,2026-09-13,7,business,,,24260.0,False,16:15,ok,2026-09-06T12:03:33.159685+05:30,2026-09-06_1203IST,airline_direct,IndiGo
DEL,BOM,6E,IndiGo,6E 327,2026-09-13,7,economy,,,6357.0,False,16:15,ok,2026-09-06T12:03:33.159685+05:30,2026-09-06_1203IST,airline_direct,IndiGo
DEL,BOM,6E,IndiGo,6E 6706,2026-09-13,7,business,,,24260.0,False,17:00,ok,2026-09-06T12:03:33.159685+05:30,2026-09-06_1203IST,airline_direct,IndiGo
DEL,BOM,6E,IndiGo,6E 6706,2026-09-13,7,economy,,,6357.0,False,17:00,ok,2026-09-06T12:03:33.159685+05:30,2026-09-06_1203IST,airline_direct,IndiGo
DEL,BOM,6E,IndiGo,6E 6022,2026-09-13,7,business,,,24260.0,False,14:00,ok,2026-09-06T12:03:33.159685+05:30,2026-09-06_1203IST,airline_direct,IndiGo
DEL,BOM,6E,IndiGo,6E 6022,2026-09-13,7,economy,,,6431.0,False,14:00,ok,2026-09-06T12:03:33.159685+05:30,2026-09-06_1203IST,airline_direct,IndiGo
DEL,BOM,6E,IndiGo,6E 864,2026-09-13,7,business,,,24260.0,False,15:30,ok,2026-09-06T12:03:33.159685+05:30,2026-09-06_1203IST,airline_direct,IndiGo
DEL,BOM,6E,IndiGo,6E 864,2026-09-13,7,economy,,,6431.0,False,15:30,ok,2026-09-06T12:03:33.159685+05:30,2026-09-06_1203IST,airline_direct,IndiGo
DEL,BOM,6E,IndiGo,6E 6261,2026-09-13,7,economy,,,7120.0,False,00:15,ok,2026-09-06T12:03:33.159685+05:30,2026-09-06_1203IST,airline_direct,IndiGo
DEL,BOM,6E,IndiGo,6E 5119,2026-09-13,7,economy,,,7120.0,False,05:10,ok,2026-09-06T12:03:33.159685+05:30,2026-09-06_1203IST,airline_direct,IndiGo
DEL,BOM,6E,IndiGo,6E 5119,2026-09-13,7,economy,,,7120.0,False,05:10,ok,2026-09-06T12:03:33.159685+05:30,2026-09-06_1203IST,airline_direct,IndiGo
DEL,BOM,6E,IndiGo,6E 6171,2026-09-13,7,economy,,,7120.0,False,05:40,ok,2026-09-06T12:03:33.159685+05:30,2026-09-06_1203IST,airline_direct,IndiGo
DEL,BOM,6E,IndiGo,6E 2076,2026-09-13,7,economy,,,7120.0,False,07:30,ok,2026-09-06T12:03:33.159685+05:30,2026-09-06_1203IST,airline_direct,IndiGo
DEL,BOM,6E,IndiGo,6E 2298,2026-09-13,7,economy,,,7120.0,False,09:45,ok,2026-09-06T12:03:33.159685+05:30,2026-09-06_1203IST,airline_direct,IndiGo
DEL,BOM,6E,IndiGo,6E 2331,2026-09-13,7,economy,,,7120.0,False,12:20,ok,2026-09-06T12:03:33.159685+05:30,2026-09-06_1203IST,airline_direct,IndiGo
DEL,BOM,6E,IndiGo,6E 2341,2026-09-13,7,economy,,,7120.0,False,14:50,ok,2026-09-06T12:03:33.159685+05:30,2026-09-06_1203IST,airline_direct,IndiGo
DEL,BOM,6E,IndiGo,6E 6983,2026-09-13,7,economy,,,7120.0,False,15:35,ok,2026-09-06T12:03:33.159685+05:30,2026-09-06_1203IST,airline_direct,IndiGo
DEL,BOM,6E,IndiGo,6E 5073,2026-09-13,7,economy,,,7120.0,False,17:05,ok,2026-09-06T12:03:33.159685+05:30,2026-09-06_1203IST,airline_direct,IndiGo
DEL,BOM,6E,IndiGo,6E 5073,2026-09-13,7,economy,,,7120.0,False,17:05,ok,2026-09-06T12:03:33.159685+05:30,2026-09-06_1203IST,airline_direct,IndiGo
DEL,BOM,6E,IndiGo,6E 5014,2026-09-13,7,economy,,,7120.0,False,18:30,ok,2026-09-06T12:03:33.159685+05:30,2026-09-06_1203IST,airline_direct,IndiGo
DEL,BOM,6E,IndiGo,6E 931,2026-09-13,7,economy,,,7120.0,False,19:35,ok,2026-09-06T12:03:33.159685+05:30,2026-09-06_1203IST,airline_direct,IndiGo
DEL,BOM,6E,IndiGo,6E 2013,2026-09-13,7,economy,,,7120.0,False,21:50,ok,2026-09-06T12:03:33.159685+05:30,2026-09-06_1203IST,airline_direct,IndiGo
DEL,BOM,6E,IndiGo,6E 6569,2026-09-13,7,economy,,,7252.0,False,05:00,ok,2026-09-06T12:03:33.159685+05:30,2026-09-06_1203IST,airline_direct,IndiGo
DEL,BOM,6E,IndiGo,6E 6459,2026-09-13,7,economy,,,7252.0,False,05:55,ok,2026-09-06T12:03:33.159685+05:30,2026-09-06_1203IST,airline_direct,IndiGo
DEL,BOM,6E,IndiGo,6E 6443,2026-09-13,7,economy,,,7252.0,False,09:00,ok,2026-09-06T12:03:33.159685+05:30,2026-09-06_1203IST,airline_direct,IndiGo
DEL,BOM,6E,IndiGo,6E 6488,2026-09-13,7,economy,,,7252.0,False,11:20,ok,2026-09-06T12:03:33.159685+05:30,2026-09-06_1203IST,airline_direct,IndiGo
DEL,BOM,6E,IndiGo,6E 2249,2026-09-13,7,economy,,,7252.0,False,15:00,ok,2026-09-06T12:03:33.159685+05:30,2026-09-06_1203IST,airline_direct,IndiGo
DEL,BOM,6E,IndiGo,6E 6433,2026-09-13,7,economy,,,7252.0,False,16:30,ok,2026-09-06T12:03:33.159685+05:30,2026-09-06_1203IST,airline_direct,IndiGo
DEL,BOM,6E,IndiGo,6E 6829,2026-09-13,7,economy,,,7252.0,False,17:20,ok,2026-09-06T12:03:33.159685+05:30,2026-09-06_1203IST,airline_direct,IndiGo
DEL,BOM,6E,IndiGo,6E 6829,2026-09-13,7,economy,,,7252.0,False,17:20,ok,2026-09-06T12:03:33.159685+05:30,2026-09-06_1203IST,airline_direct,IndiGo
DEL,BOM,6E,IndiGo,6E 5138,2026-09-13,7,economy,,,7252.0,False,19:10,ok,2026-09-06T12:03:33.159685+05:30,2026-09-06_1203IST,airline_direct,IndiGo
DEL,BOM,6E,IndiGo,6E 184,2026-09-13,7,economy,,,7252.0,False,19:40,ok,2026-09-06T12:03:33.159685+05:30,2026-09-06_1203IST,airline_direct,IndiGo
DEL,BOM,6E,IndiGo,6E 6476,2026-09-13,7,economy,,,7330.0,False,07:05,ok,2026-09-06T12:03:33.159685+05:30,2026-09-06_1203IST,airline_direct,IndiGo
DEL,BOM,6E,IndiGo,6E 6476,2026-09-13,7,economy,,,7330.0,False,07:05,ok,2026-09-06T12:03:33.159685+05:30,2026-09-06_1203IST,airline_direct,IndiGo
DEL,BOM,6E,IndiGo,6E 5298,2026-09-13,7,economy,,,7330.0,False,09:00,ok,2026-09-06T12:03:33.159685+05:30,2026-09-06_1203IST,airline_direct,IndiGo
DEL,BOM,6E,IndiGo,6E 5206,2026-09-13,7,economy,,,7330.0,False,13:20,ok,2026-09-06T12:03:33.159685+05:30,2026-09-06_1203IST,airline_direct,IndiGo
DEL,BOM,6E,IndiGo,6E 5038,2026-09-13,7,economy,,,7330.0,False,14:00,ok,2026-09-06T12:03:33.159685+05:30,2026-09-06_1203IST,airline_direct,IndiGo
DEL,BOM,6E,IndiGo,6E 2151,2026-09-13,7,economy,,,7330.0,False,19:45,ok,2026-09-06T12:03:33.159685+05:30,2026-09-06_1203IST,airline_direct,IndiGo
DEL,BOM,6E,IndiGo,6E 6479,2026-09-13,7,economy,,,7330.0,False,21:25,ok,2026-09-06T12:03:33.159685+05:30,2026-09-06_1203IST,airline_direct,IndiGo
DEL,BOM,6E,IndiGo,6E 705,2026-09-13,7,business,,,36166.0,False,08:30,ok,2026-09-06T12:03:33.159685+05:30,2026-09-06_1203IST,airline_direct,IndiGo
DEL,BOM,6E,IndiGo,6E 705,2026-09-13,7,economy,,,7462.0,False,08:30,ok,2026-09-06T12:03:33.159685+05:30,2026-09-06_1203IST,airline_direct,IndiGo
DEL,BOM,6E,IndiGo,6E 6293,2026-09-13,7,business,,,36166.0,False,09:55,ok,2026-09-06T12:03:33.159685+05:30,2026-09-06_1203IST,airline_direct,IndiGo
DEL,BOM,6E,IndiGo,6E 6293,2026-09-13,7,economy,,,7462.0,False,09:55,ok,2026-09-06T12:03:33.159685+05:30,2026-09-06_1203IST,airline_direct,IndiGo
DEL,BOM,6E,IndiGo,6E 6282,2026-09-13,7,business,,,36166.0,False,13:30,ok,2026-09-06T12:03:33.159685+05:30,2026-09-06_1203IST,airline_direct,IndiGo
DEL,BOM,6E,IndiGo,6E 6282,2026-09-13,7,economy,,,7462.0,False,13:30,ok,2026-09-06T12:03:33.159685+05:30,2026-09-06_1203IST,airline_direct,IndiGo
DEL,BOM,6E,IndiGo,6E 6282,2026-09-13,7,business,,,36166.0,False,13:30,ok,2026-09-06T12:03:33.159685+05:30,2026-09-06_1203IST,airline_direct,IndiGo
DEL,BOM,6E,IndiGo,6E 6282,2026-09-13,7,economy,,,7462.0,False,13:30,ok,2026-09-06T12:03:33.159685+05:30,2026-09-06_1203IST,airline_direct,IndiGo
DEL,BOM,6E,IndiGo,6E 6212,2026-09-13,7,business,,,36166.0,False,14:45,ok,2026-09-06T12:03:33.159685+05:30,2026-09-06_1203IST,airline_direct,IndiGo
DEL,BOM,6E,IndiGo,6E 6212,2026-09-13,7,economy,,,7462.0,False,14:45,ok,2026-09-06T12:03:33.159685+05:30,2026-09-06_1203IST,airline_direct,IndiGo
DEL,BOM,6E,IndiGo,6E 6497,2026-09-13,7,economy,,,7462.0,False,18:40,ok,2026-09-06T12:03:33.159685+05:30,2026-09-06_1203IST,airline_direct,IndiGo
DEL,BOM,6E,IndiGo,6E 6601,2026-09-13,7,business,,,36166.0,False,19:45,ok,2026-09-06T12:03:33.159685+05:30,2026-09-06_1203IST,airline_direct,IndiGo
DEL,BOM,6E,IndiGo,6E 6601,2026-09-13,7,economy,,,7462.0,False,19:45,ok,2026-09-06T12:03:33.159685+05:30,2026-09-06_1203IST,airline_direct,IndiGo
DEL,BOM,6E,IndiGo,6E 882,2026-09-13,7,business,,,29592.0,False,23:15,ok,2026-09-06T12:03:33.159685+05:30,2026-09-06_1203IST,airline_direct,IndiGo
DEL,BOM,6E,IndiGo,6E 882,2026-09-13,7,economy,,,7462.0,False,23:15,ok,2026-09-06T12:03:33.159685+05:30,2026-09-06_1203IST,airline_direct,IndiGo
DEL,BOM,6E,IndiGo,6E 2235,2026-09-13,7,economy,,,7540.0,False,19:30,ok,2026-09-06T12:03:33.159685+05:30,2026-09-06_1203IST,airline_direct,IndiGo
DEL,BOM,6E,IndiGo,6E 2496,2026-09-13,7,economy,,,7777.0,False,12:40,ok,2026-09-06T12:03:33.159685+05:30,2026-09-06_1203IST,airline_direct,IndiGo
DEL,BOM,6E,IndiGo,6E 758,2026-09-13,7,economy,,,7905.0,False,16:10,ok,2026-09-06T12:03:33.159685+05:30,2026-09-06_1203IST,airline_direct,IndiGo
DEL,BOM,6E,IndiGo,6E 5033,2026-09-13,7,economy,,,8325.0,False,15:50,ok,2026-09-06T12:03:33.159685+05:30,2026-09-06_1203IST,airline_direct,IndiGo
DEL,BOM,6E,IndiGo,6E 2349,2026-09-13,7,economy,,,10085.0,False,10:55,ok,2026-09-06T12:03:33.159685+05:30,2026-09-06_1203IST,airline_direct,IndiGo
DEL,BOM,6E,IndiGo,6E 358,2026-09-13,7,economy,,,20942.0,False,12:15,ok,2026-09-06T12:03:33.159685+05:30,2026-09-06_1203IST,airline_direct,IndiGo
DEL,BLR,6E,IndiGo,6E 2314,2026-09-13,7,business,,,29942.0,False,05:45,ok,2026-09-06T12:04:32.823187+05:30,2026-09-06_1204IST,airline_direct,IndiGo
DEL,BLR,6E,IndiGo,6E 2314,2026-09-13,7,economy,,,8671.0,False,05:45,ok,2026-09-06T12:04:32.823187+05:30,2026-09-06_1204IST,airline_direct,IndiGo
DEL,BLR,6E,IndiGo,6E 846,2026-09-13,7,business,,,29942.0,False,22:00,ok,2026-09-06T12:04:32.823187+05:30,2026-09-06_1204IST,airline_direct,IndiGo
DEL,BLR,6E,IndiGo,6E 846,2026-09-13,7,economy,,,8671.0,False,22:00,ok,2026-09-06T12:04:32.823187+05:30,2026-09-06_1204IST,airline_direct,IndiGo
DEL,BLR,6E,IndiGo,6E 871,2026-09-13,7,business,,,29942.0,False,23:30,ok,2026-09-06T12:04:32.823187+05:30,2026-09-06_1204IST,airline_direct,IndiGo
DEL,BLR,6E,IndiGo,6E 871,2026-09-13,7,economy,,,8671.0,False,23:30,ok,2026-09-06T12:04:32.823187+05:30,2026-09-06_1204IST,airline_direct,IndiGo
DEL,BLR,6E,IndiGo,6E 820,2026-09-13,7,business,,,29942.0,False,03:00,ok,2026-09-06T12:04:32.823187+05:30,2026-09-06_1204IST,airline_direct,IndiGo
DEL,BLR,6E,IndiGo,6E 820,2026-09-13,7,economy,,,9128.0,False,03:00,ok,2026-09-06T12:04:32.823187+05:30,2026-09-06_1204IST,airline_direct,IndiGo
DEL,BLR,6E,IndiGo,6E 810,2026-09-13,7,business,,,29942.0,False,07:05,ok,2026-09-06T12:04:32.823187+05:30,2026-09-06_1204IST,airline_direct,IndiGo
DEL,BLR,6E,IndiGo,6E 810,2026-09-13,7,economy,,,9128.0,False,07:05,ok,2026-09-06T12:04:32.823187+05:30,2026-09-06_1204IST,airline_direct,IndiGo
DEL,BLR,6E,IndiGo,6E 861,2026-09-13,7,business,,,29942.0,False,19:30,ok,2026-09-06T12:04:32.823187+05:30,2026-09-06_1204IST,airline_direct,IndiGo
DEL,BLR,6E,IndiGo,6E 861,2026-09-13,7,economy,,,9128.0,False,19:30,ok,2026-09-06T12:04:32.823187+05:30,2026-09-06_1204IST,airline_direct,IndiGo
DEL,BLR,6E,IndiGo,6E 6515,2026-09-13,7,business,,,29942.0,False,20:45,ok,2026-09-06T12:04:32.823187+05:30,2026-09-06_1204IST,airline_direct,IndiGo
DEL,BLR,6E,IndiGo,6E 6515,2026-09-13,7,economy,,,9128.0,False,20:45,ok,2026-09-06T12:04:32.823187+05:30,2026-09-06_1204IST,airline_direct,IndiGo
DEL,BLR,6E,IndiGo,6E 873,2026-09-13,7,business,,,29942.0,False,08:20,ok,2026-09-06T12:04:32.823187+05:30,2026-09-06_1204IST,airline_direct,IndiGo
DEL,BLR,6E,IndiGo,6E 873,2026-09-13,7,economy,,,9613.0,False,08:20,ok,2026-09-06T12:04:32.823187+05:30,2026-09-06_1204IST,airline_direct,IndiGo
DEL,BLR,6E,IndiGo,6E 811,2026-09-13,7,business,,,29942.0,False,18:20,ok,2026-09-06T12:04:32.823187+05:30,2026-09-06_1204IST,airline_direct,IndiGo
DEL,BLR,6E,IndiGo,6E 811,2026-09-13,7,economy,,,9613.0,False,18:20,ok,2026-09-06T12:04:32.823187+05:30,2026-09-06_1204IST,airline_direct,IndiGo
DEL,BLR,6E,IndiGo,6E 826,2026-09-13,7,business,,,29942.0,False,09:30,ok,2026-09-06T12:04:32.823187+05:30,2026-09-06_1204IST,airline_direct,IndiGo
DEL,BLR,6E,IndiGo,6E 826,2026-09-13,7,economy,,,10128.0,False,09:30,ok,2026-09-06T12:04:32.823187+05:30,2026-09-06_1204IST,airline_direct,IndiGo
DEL,BLR,6E,IndiGo,6E 828,2026-09-13,7,business,,,29942.0,False,14:30,ok,2026-09-06T12:04:32.823187+05:30,2026-09-06_1204IST,airline_direct,IndiGo
DEL,BLR,6E,IndiGo,6E 828,2026-09-13,7,economy,,,10128.0,False,14:30,ok,2026-09-06T12:04:32.823187+05:30,2026-09-06_1204IST,airline_direct,IndiGo
DEL,BLR,6E,IndiGo,6E 842,2026-09-13,7,business,,,29942.0,False,10:45,ok,2026-09-06T12:04:32.823187+05:30,2026-09-06_1204IST,airline_direct,IndiGo
DEL,BLR,6E,IndiGo,6E 842,2026-09-13,7,economy,,,10675.0,False,10:45,ok,2026-09-06T12:04:32.823187+05:30,2026-09-06_1204IST,airline_direct,IndiGo
DEL,BLR,6E,IndiGo,6E 850,2026-09-13,7,business,,,29942.0,False,12:20,ok,2026-09-06T12:04:32.823187+05:30,2026-09-06_1204IST,airline_direct,IndiGo
DEL,BLR,6E,IndiGo,6E 850,2026-09-13,7,economy,,,10675.0,False,12:20,ok,2026-09-06T12:04:32.823187+05:30,2026-09-06_1204IST,airline_direct,IndiGo
DEL,BLR,6E,IndiGo,6E 176,2026-09-13,7,business,,,29942.0,False,13:15,ok,2026-09-06T12:04:32.823187+05:30,2026-09-06_1204IST,airline_direct,IndiGo
DEL,BLR,6E,IndiGo,6E 176,2026-09-13,7,economy,,,10675.0,False,13:15,ok,2026-09-06T12:04:32.823187+05:30,2026-09-06_1204IST,airline_direct,IndiGo
DEL,BLR,6E,IndiGo,6E 837,2026-09-13,7,business,,,29942.0,False,17:00,ok,2026-09-06T12:04:32.823187+05:30,2026-09-06_1204IST,airline_direct,IndiGo
DEL,BLR,6E,IndiGo,6E 837,2026-09-13,7,economy,,,10675.0,False,17:00,ok,2026-09-06T12:04:32.823187+05:30,2026-09-06_1204IST,airline_direct,IndiGo
DEL,BLR,6E,IndiGo,6E 880,2026-09-13,7,business,,,29942.0,False,15:45,ok,2026-09-06T12:04:32.823187+05:30,2026-09-06_1204IST,airline_direct,IndiGo
DEL,BLR,6E,IndiGo,6E 880,2026-09-13,7,economy,,,11873.0,False,15:45,ok,2026-09-06T12:04:32.823187+05:30,2026-09-06_1204IST,airline_direct,IndiGo
DEL,BLR,6E,IndiGo,6E 6433,2026-09-13,7,economy,,,9867.0,False,16:30,ok,2026-09-06T12:04:32.823187+05:30,2026-09-06_1204IST,airline_direct,IndiGo
DEL,BLR,6E,IndiGo,6E 6293,2026-09-13,7,business,,,27917.0,False,09:55,ok,2026-09-06T12:04:32.823187+05:30,2026-09-06_1204IST,airline_direct,IndiGo
DEL,BLR,6E,IndiGo,6E 6293,2026-09-13,7,economy,,,9946.0,False,09:55,ok,2026-09-06T12:04:32.823187+05:30,2026-09-06_1204IST,airline_direct,IndiGo
DEL,BLR,6E,IndiGo,6E 6282,2026-09-13,7,business,,,27551.0,False,13:30,ok,2026-09-06T12:04:32.823187+05:30,2026-09-06_1204IST,airline_direct,IndiGo
DEL,BLR,6E,IndiGo,6E 6282,2026-09-13,7,economy,,,9946.0,False,13:30,ok,2026-09-06T12:04:32.823187+05:30,2026-09-06_1204IST,airline_direct,IndiGo
DEL,BLR,6E,IndiGo,6E 6212,2026-09-13,7,business,,,27551.0,False,14:45,ok,2026-09-06T12:04:32.823187+05:30,2026-09-06_1204IST,airline_direct,IndiGo
DEL,BLR,6E,IndiGo,6E 6212,2026-09-13,7,economy,,,9946.0,False,14:45,ok,2026-09-06T12:04:32.823187+05:30,2026-09-06_1204IST,airline_direct,IndiGo
DEL,BLR,6E,IndiGo,6E 6217,2026-09-13,7,business,,,27551.0,False,16:15,ok,2026-09-06T12:04:32.823187+05:30,2026-09-06_1204IST,airline_direct,IndiGo
DEL,BLR,6E,IndiGo,6E 6217,2026-09-13,7,economy,,,9946.0,False,16:15,ok,2026-09-06T12:04:32.823187+05:30,2026-09-06_1204IST,airline_direct,IndiGo
DEL,BLR,6E,IndiGo,6E 717,2026-09-13,7,business,,,27551.0,False,17:55,ok,2026-09-06T12:04:32.823187+05:30,2026-09-06_1204IST,airline_direct,IndiGo
DEL,BLR,6E,IndiGo,6E 717,2026-09-13,7,economy,,,9946.0,False,17:55,ok,2026-09-06T12:04:32.823187+05:30,2026-09-06_1204IST,airline_direct,IndiGo
DEL,BLR,6E,IndiGo,6E 2343,2026-09-13,7,business,,,27189.0,False,02:20,ok,2026-09-06T12:04:32.823187+05:30,2026-09-06_1204IST,airline_direct,IndiGo
DEL,BLR,6E,IndiGo,6E 2343,2026-09-13,7,economy,,,10077.0,False,02:20,ok,2026-09-06T12:04:32.823187+05:30,2026-09-06_1204IST,airline_direct,IndiGo
DEL,BLR,6E,IndiGo,6E 5119,2026-09-13,7,economy,,,10077.0,False,05:10,ok,2026-09-06T12:04:32.823187+05:30,2026-09-06_1204IST,airline_direct,IndiGo
DEL,BLR,6E,IndiGo,6E 6459,2026-09-13,7,economy,,,10077.0,False,05:55,ok,2026-09-06T12:04:32.823187+05:30,2026-09-06_1204IST,airline_direct,IndiGo
DEL,BLR,6E,IndiGo,6E 6470,2026-09-13,7,economy,,,10077.0,False,06:55,ok,2026-09-06T12:04:32.823187+05:30,2026-09-06_1204IST,airline_direct,IndiGo
DEL,BLR,6E,IndiGo,6E 320,2026-09-13,7,business,,,40536.0,False,08:00,ok,2026-09-06T12:04:32.823187+05:30,2026-09-06_1204IST,airline_direct,IndiGo
DEL,BLR,6E,IndiGo,6E 320,2026-09-13,7,economy,,,10077.0,False,08:00,ok,2026-09-06T12:04:32.823187+05:30,2026-09-06_1204IST,airline_direct,IndiGo
DEL,BLR,6E,IndiGo,6E 6047,2026-09-13,7,business,,,40536.0,False,11:00,ok,2026-09-06T12:04:32.823187+05:30,2026-09-06_1204IST,airline_direct,IndiGo
DEL,BLR,6E,IndiGo,6E 6047,2026-09-13,7,economy,,,10077.0,False,11:00,ok,2026-09-06T12:04:32.823187+05:30,2026-09-06_1204IST,airline_direct,IndiGo
DEL,BLR,6E,IndiGo,6E 6488,2026-09-13,7,economy,,,10077.0,False,11:20,ok,2026-09-06T12:04:32.823187+05:30,2026-09-06_1204IST,airline_direct,IndiGo
DEL,BLR,6E,IndiGo,6E 2557,2026-09-13,7,economy,,,10077.0,False,15:20,ok,2026-09-06T12:04:32.823187+05:30,2026-09-06_1204IST,airline_direct,IndiGo
DEL,BLR,6E,IndiGo,6E 864,2026-09-13,7,business,,,40536.0,False,15:30,ok,2026-09-06T12:04:32.823187+05:30,2026-09-06_1204IST,airline_direct,IndiGo
DEL,BLR,6E,IndiGo,6E 864,2026-09-13,7,economy,,,10077.0,False,15:30,ok,2026-09-06T12:04:32.823187+05:30,2026-09-06_1204IST,airline_direct,IndiGo
DEL,BLR,6E,IndiGo,6E 734,2026-09-13,7,economy,,,10077.0,False,16:20,ok,2026-09-06T12:04:32.823187+05:30,2026-09-06_1204IST,airline_direct,IndiGo
DEL,BLR,6E,IndiGo,6E 6437,2026-09-13,7,business,,,27189.0,False,16:25,ok,2026-09-06T12:04:32.823187+05:30,2026-09-06_1204IST,airline_direct,IndiGo
DEL,BLR,6E,IndiGo,6E 6437,2026-09-13,7,economy,,,10077.0,False,16:25,ok,2026-09-06T12:04:32.823187+05:30,2026-09-06_1204IST,airline_direct,IndiGo
DEL,BLR,6E,IndiGo,6E 5073,2026-09-13,7,economy,,,10077.0,False,17:05,ok,2026-09-06T12:04:32.823187+05:30,2026-09-06_1204IST,airline_direct,IndiGo
DEL,BLR,6E,IndiGo,6E 6829,2026-09-13,7,economy,,,10077.0,False,17:20,ok,2026-09-06T12:04:32.823187+05:30,2026-09-06_1204IST,airline_direct,IndiGo
DEL,BLR,6E,IndiGo,6E 329,2026-09-13,7,business,,,40536.0,False,18:00,ok,2026-09-06T12:04:32.823187+05:30,2026-09-06_1204IST,airline_direct,IndiGo
DEL,BLR,6E,IndiGo,6E 329,2026-09-13,7,economy,,,10077.0,False,18:00,ok,2026-09-06T12:04:32.823187+05:30,2026-09-06_1204IST,airline_direct,IndiGo
DEL,BLR,6E,IndiGo,6E 329,2026-09-13,7,business,,,40536.0,False,18:00,ok,2026-09-06T12:04:32.823187+05:30,2026-09-06_1204IST,airline_direct,IndiGo
DEL,BLR,6E,IndiGo,6E 329,2026-09-13,7,economy,,,10077.0,False,18:00,ok,2026-09-06T12:04:32.823187+05:30,2026-09-06_1204IST,airline_direct,IndiGo
DEL,BLR,6E,IndiGo,6E 931,2026-09-13,7,economy,,,10077.0,False,19:35,ok,2026-09-06T12:04:32.823187+05:30,2026-09-06_1204IST,airline_direct,IndiGo
DEL,BLR,6E,IndiGo,6E 853,2026-09-13,7,business,,,40536.0,False,20:45,ok,2026-09-06T12:04:32.823187+05:30,2026-09-06_1204IST,airline_direct,IndiGo
DEL,BLR,6E,IndiGo,6E 853,2026-09-13,7,economy,,,10077.0,False,20:45,ok,2026-09-06T12:04:32.823187+05:30,2026-09-06_1204IST,airline_direct,IndiGo
DEL,BLR,6E,IndiGo,6E 6673,2026-09-13,7,economy,,,10077.0,False,21:15,ok,2026-09-06T12:04:32.823187+05:30,2026-09-06_1204IST,airline_direct,IndiGo
DEL,BLR,6E,IndiGo,6E 2618,2026-09-13,7,business,,,26999.0,False,23:00,ok,2026-09-06T12:04:32.823187+05:30,2026-09-06_1204IST,airline_direct,IndiGo
DEL,BLR,6E,IndiGo,6E 2618,2026-09-13,7,economy,,,10077.0,False,23:00,ok,2026-09-06T12:04:32.823187+05:30,2026-09-06_1204IST,airline_direct,IndiGo
DEL,BLR,6E,IndiGo,6E 6476,2026-09-13,7,economy,,,10156.0,False,07:05,ok,2026-09-06T12:04:32.823187+05:30,2026-09-06_1204IST,airline_direct,IndiGo
DEL,BLR,6E,IndiGo,6E 940,2026-09-13,7,business,,,32913.0,False,09:15,ok,2026-09-06T12:04:32.823187+05:30,2026-09-06_1204IST,airline_direct,IndiGo
DEL,BLR,6E,IndiGo,6E 940,2026-09-13,7,economy,,,10156.0,False,09:15,ok,2026-09-06T12:04:32.823187+05:30,2026-09-06_1204IST,airline_direct,IndiGo
DEL,BLR,6E,IndiGo,6E 434,2026-09-13,7,business,,,32913.0,False,11:00,ok,2026-09-06T12:04:32.823187+05:30,2026-09-06_1204IST,airline_direct,IndiGo
DEL,BLR,6E,IndiGo,6E 434,2026-09-13,7,economy,,,10156.0,False,11:00,ok,2026-09-06T12:04:32.823187+05:30,2026-09-06_1204IST,airline_direct,IndiGo
DEL,BLR,6E,IndiGo,6E 5038,2026-09-13,7,economy,,,10156.0,False,14:00,ok,2026-09-06T12:04:32.823187+05:30,2026-09-06_1204IST,airline_direct,IndiGo
DEL,BLR,6E,IndiGo,6E 6091,2026-09-13,7,business,,,32913.0,False,15:15,ok,2026-09-06T12:04:32.823187+05:30,2026-09-06_1204IST,airline_direct,IndiGo
DEL,BLR,6E,IndiGo,6E 6091,2026-09-13,7,economy,,,10156.0,False,15:15,ok,2026-09-06T12:04:32.823187+05:30,2026-09-06_1204IST,airline_direct,IndiGo
DEL,BLR,6E,IndiGo,6E 5033,2026-09-13,7,economy,,,10156.0,False,15:50,ok,2026-09-06T12:04:32.823187+05:30,2026-09-06_1204IST,airline_direct,IndiGo
DEL,BLR,6E,IndiGo,6E 947,2026-09-13,7,business,,,31327.0,False,16:40,ok,2026-09-06T12:04:32.823187+05:30,2026-09-06_1204IST,airline_direct,IndiGo
DEL,BLR,6E,IndiGo,6E 947,2026-09-13,7,economy,,,10156.0,False,16:40,ok,2026-09-06T12:04:32.823187+05:30,2026-09-06_1204IST,airline_direct,IndiGo
DEL,BLR,6E,IndiGo,6E 2037,2026-09-13,7,economy,,,10156.0,False,17:45,ok,2026-09-06T12:04:32.823187+05:30,2026-09-06_1204IST,airline_direct,IndiGo
DEL,BLR,6E,IndiGo,6E 950,2026-09-13,7,business,,,31327.0,False,18:15,ok,2026-09-06T12:04:32.823187+05:30,2026-09-06_1204IST,airline_direct,IndiGo
DEL,BLR,6E,IndiGo,6E 950,2026-09-13,7,economy,,,10156.0,False,18:15,ok,2026-09-06T12:04:32.823187+05:30,2026-09-06_1204IST,airline_direct,IndiGo
DEL,BLR,6E,IndiGo,6E 2151,2026-09-13,7,economy,,,10156.0,False,19:45,ok,2026-09-06T12:04:32.823187+05:30,2026-09-06_1204IST,airline_direct,IndiGo
DEL,BLR,6E,IndiGo,6E 6497,2026-09-13,7,economy,,,10287.0,False,18:40,ok,2026-09-06T12:04:32.823187+05:30,2026-09-06_1204IST,airline_direct,IndiGo
DEL,BLR,6E,IndiGo,6E 5191,2026-09-13,7,business,,,35824.0,False,05:00,ok,2026-09-06T12:04:32.823187+05:30,2026-09-06_1204IST,airline_direct,IndiGo
DEL,BLR,6E,IndiGo,6E 5191,2026-09-13,7,economy,,,10497.0,False,05:00,ok,2026-09-06T12:04:32.823187+05:30,2026-09-06_1204IST,airline_direct,IndiGo
DEL,BLR,6E,IndiGo,6E 758,2026-09-13,7,economy,,,10720.0,False,16:10,ok,2026-09-06T12:04:32.823187+05:30,2026-09-06_1204IST,airline_direct,IndiGo
DEL,BLR,6E,IndiGo,6E 754,2026-09-13,7,economy,,,11933.0,False,17:10,ok,2026-09-06T12:04:32.823187+05:30,2026-09-06_1204IST,airline_direct,IndiGo
DEL,BLR,6E,IndiGo,6E 2349,2026-09-13,7,economy,,,13160.0,False,10:55,ok,2026-09-06T12:04:32.823187+05:30,2026-09-06_1204IST,airline_direct,IndiGo
DEL,BLR,6E,IndiGo,6E 884,2026-09-13,7,business,,,27551.0,False,11:45,ok,2026-09-06T12:04:32.823187+05:30,2026-09-06_1204IST,airline_direct,IndiGo
DEL,BLR,6E,IndiGo,6E 884,2026-09-13,7,economy,,,13177.0,False,11:45,ok,2026-09-06T12:04:32.823187+05:30,2026-09-06_1204IST,airline_direct,IndiGo
DEL,BLR,6E,IndiGo,6E 2364,2026-09-13,7,economy,,,14970.0,False,04:50,ok,2026-09-06T12:04:32.823187+05:30,2026-09-06_1204IST,airline_direct,IndiGo
DEL,BLR,6E,IndiGo,6E 358,2026-09-13,7,economy,,,19664.0,False,12:15,ok,2026-09-06T12:04:32.823187+05:30,2026-09-06_1204IST,airline_direct,IndiGo
DEL,BLR,6E,IndiGo,6E 2277,2026-09-13,7,economy,,,24599.0,False,10:25,ok,2026-09-06T12:04:32.823187+05:30,2026-09-06_1204IST,airline_direct,IndiGo
BOM,BLR,6E,IndiGo,6E 5323,2026-09-13,7,business,,,22488.0,False,01:10,ok,2026-09-06T12:05:44.809839+05:30,2026-09-06_1205IST,airline_direct,IndiGo
BOM,BLR,6E,IndiGo,6E 5323,2026-09-13,7,economy,,,5091.0,False,01:10,ok,2026-09-06T12:05:44.809839+05:30,2026-09-06_1205IST,airline_direct,IndiGo
BOM,BLR,6E,IndiGo,6E 5294,2026-09-13,7,business,,,22488.0,False,04:30,ok,2026-09-06T12:05:44.809839+05:30,2026-09-06_1205IST,airline_direct,IndiGo
BOM,BLR,6E,IndiGo,6E 5294,2026-09-13,7,economy,,,5406.0,False,04:30,ok,2026-09-06T12:05:44.809839+05:30,2026-09-06_1205IST,airline_direct,IndiGo
BOM,BLR,6E,IndiGo,6E 5296,2026-09-13,7,business,,,22488.0,False,06:30,ok,2026-09-06T12:05:44.809839+05:30,2026-09-06_1205IST,airline_direct,IndiGo
BOM,BLR,6E,IndiGo,6E 5296,2026-09-13,7,economy,,,6747.0,False,06:30,ok,2026-09-06T12:05:44.809839+05:30,2026-09-06_1205IST,airline_direct,IndiGo
BOM,BLR,6E,IndiGo,6E 5193,2026-09-13,7,economy,,,6747.0,False,08:05,ok,2026-09-06T12:05:44.809839+05:30,2026-09-06_1205IST,airline_direct,IndiGo
BOM,BLR,6E,IndiGo,6E 5092,2026-09-13,7,business,,,22488.0,False,09:50,ok,2026-09-06T12:05:44.809839+05:30,2026-09-06_1205IST,airline_direct,IndiGo
BOM,BLR,6E,IndiGo,6E 5092,2026-09-13,7,economy,,,6747.0,False,09:50,ok,2026-09-06T12:05:44.809839+05:30,2026-09-06_1205IST,airline_direct,IndiGo
BOM,BLR,6E,IndiGo,6E 5382,2026-09-13,7,business,,,22488.0,False,14:30,ok,2026-09-06T12:05:44.809839+05:30,2026-09-06_1205IST,airline_direct,IndiGo
BOM,BLR,6E,IndiGo,6E 5382,2026-09-13,7,economy,,,6747.0,False,14:30,ok,2026-09-06T12:05:44.809839+05:30,2026-09-06_1205IST,airline_direct,IndiGo
BOM,BLR,6E,IndiGo,6E 5071,2026-09-13,7,business,,,22488.0,False,15:35,ok,2026-09-06T12:05:44.809839+05:30,2026-09-06_1205IST,airline_direct,IndiGo
BOM,BLR,6E,IndiGo,6E 5071,2026-09-13,7,economy,,,6747.0,False,15:35,ok,2026-09-06T12:05:44.809839+05:30,2026-09-06_1205IST,airline_direct,IndiGo
BOM,BLR,6E,IndiGo,6E 5388,2026-09-13,7,business,,,22488.0,False,22:20,ok,2026-09-06T12:05:44.809839+05:30,2026-09-06_1205IST,airline_direct,IndiGo
BOM,BLR,6E,IndiGo,6E 5388,2026-09-13,7,economy,,,6747.0,False,22:20,ok,2026-09-06T12:05:44.809839+05:30,2026-09-06_1205IST,airline_direct,IndiGo
BOM,BLR,6E,IndiGo,6E 5217,2026-09-13,7,business,,,22488.0,False,11:00,ok,2026-09-06T12:05:44.809839+05:30,2026-09-06_1205IST,airline_direct,IndiGo
BOM,BLR,6E,IndiGo,6E 5217,2026-09-13,7,economy,,,7062.0,False,11:00,ok,2026-09-06T12:05:44.809839+05:30,2026-09-06_1205IST,airline_direct,IndiGo
BOM,BLR,6E,IndiGo,6E 5184,2026-09-13,7,business,,,22488.0,False,12:30,ok,2026-09-06T12:05:44.809839+05:30,2026-09-06_1205IST,airline_direct,IndiGo
BOM,BLR,6E,IndiGo,6E 5184,2026-09-13,7,economy,,,7062.0,False,12:30,ok,2026-09-06T12:05:44.809839+05:30,2026-09-06_1205IST,airline_direct,IndiGo
BOM,BLR,6E,IndiGo,6E 5221,2026-09-13,7,business,,,22488.0,False,17:00,ok,2026-09-06T12:05:44.809839+05:30,2026-09-06_1205IST,airline_direct,IndiGo
BOM,BLR,6E,IndiGo,6E 5221,2026-09-13,7,economy,,,7062.0,False,17:00,ok,2026-09-06T12:05:44.809839+05:30,2026-09-06_1205IST,airline_direct,IndiGo
BOM,BLR,6E,IndiGo,6E 5047,2026-09-13,7,business,,,22488.0,False,18:30,ok,2026-09-06T12:05:44.809839+05:30,2026-09-06_1205IST,airline_direct,IndiGo
BOM,BLR,6E,IndiGo,6E 5047,2026-09-13,7,economy,,,7062.0,False,18:30,ok,2026-09-06T12:05:44.809839+05:30,2026-09-06_1205IST,airline_direct,IndiGo
BOM,BLR,6E,IndiGo,6E 5032,2026-09-13,7,business,,,22488.0,False,19:55,ok,2026-09-06T12:05:44.809839+05:30,2026-09-06_1205IST,airline_direct,IndiGo
BOM,BLR,6E,IndiGo,6E 5032,2026-09-13,7,economy,,,7062.0,False,19:55,ok,2026-09-06T12:05:44.809839+05:30,2026-09-06_1205IST,airline_direct,IndiGo
BOM,BLR,6E,IndiGo,6E 6188,2026-09-13,7,business,,,22488.0,False,21:30,ok,2026-09-06T12:05:44.809839+05:30,2026-09-06_1205IST,airline_direct,IndiGo
BOM,BLR,6E,IndiGo,6E 6188,2026-09-13,7,economy,,,7062.0,False,21:30,ok,2026-09-06T12:05:44.809839+05:30,2026-09-06_1205IST,airline_direct,IndiGo
BOM,BLR,6E,IndiGo,6E 230,2026-09-13,7,economy,,,7243.0,False,13:55,ok,2026-09-06T12:05:44.809839+05:30,2026-09-06_1205IST,airline_direct,IndiGo
BOM,BLR,6E,IndiGo,6E 230,2026-09-13,7,economy,,,7243.0,False,13:55,ok,2026-09-06T12:05:44.809839+05:30,2026-09-06_1205IST,airline_direct,IndiGo
BOM,BLR,6E,IndiGo,6E 5241,2026-09-13,7,economy,,,7243.0,False,16:40,ok,2026-09-06T12:05:44.809839+05:30,2026-09-06_1205IST,airline_direct,IndiGo
BOM,BLR,6E,IndiGo,6E 5241,2026-09-13,7,economy,,,7243.0,False,16:40,ok,2026-09-06T12:05:44.809839+05:30,2026-09-06_1205IST,airline_direct,IndiGo
BOM,BLR,6E,IndiGo,6E 5386,2026-09-13,7,business,,,23210.0,False,15:10,ok,2026-09-06T12:05:44.809839+05:30,2026-09-06_1205IST,airline_direct,IndiGo
BOM,BLR,6E,IndiGo,6E 5386,2026-09-13,7,economy,,,7374.0,False,15:10,ok,2026-09-06T12:05:44.809839+05:30,2026-09-06_1205IST,airline_direct,IndiGo
BOM,BLR,6E,IndiGo,6E 5386,2026-09-13,7,business,,,23981.0,False,15:10,ok,2026-09-06T12:05:44.809839+05:30,2026-09-06_1205IST,airline_direct,IndiGo
BOM,BLR,6E,IndiGo,6E 5386,2026-09-13,7,economy,,,7374.0,False,15:10,ok,2026-09-06T12:05:44.809839+05:30,2026-09-06_1205IST,airline_direct,IndiGo
BOM,BLR,6E,IndiGo,6E 5386,2026-09-13,7,business,,,23210.0,False,15:10,ok,2026-09-06T12:05:44.809839+05:30,2026-09-06_1205IST,airline_direct,IndiGo
BOM,BLR,6E,IndiGo,6E 5386,2026-09-13,7,economy,,,7374.0,False,15:10,ok,2026-09-06T12:05:44.809839+05:30,2026-09-06_1205IST,airline_direct,IndiGo
BOM,BLR,6E,IndiGo,6E 5228,2026-09-13,7,business,,,23981.0,False,16:45,ok,2026-09-06T12:05:44.809839+05:30,2026-09-06_1205IST,airline_direct,IndiGo
BOM,BLR,6E,IndiGo,6E 5228,2026-09-13,7,economy,,,7374.0,False,16:45,ok,2026-09-06T12:05:44.809839+05:30,2026-09-06_1205IST,airline_direct,IndiGo
BOM,BLR,6E,IndiGo,6E 5228,2026-09-13,7,business,,,23210.0,False,16:45,ok,2026-09-06T12:05:44.809839+05:30,2026-09-06_1205IST,airline_direct,IndiGo
BOM,BLR,6E,IndiGo,6E 5228,2026-09-13,7,economy,,,7374.0,False,16:45,ok,2026-09-06T12:05:44.809839+05:30,2026-09-06_1205IST,airline_direct,IndiGo
BOM,BLR,6E,IndiGo,6E 6802,2026-09-13,7,economy,,,7505.0,False,16:55,ok,2026-09-06T12:05:44.809839+05:30,2026-09-06_1205IST,airline_direct,IndiGo
BOM,BLR,6E,IndiGo,6E 632,2026-09-13,7,economy,,,7584.0,False,04:00,ok,2026-09-06T12:05:44.809839+05:30,2026-09-06_1205IST,airline_direct,IndiGo
BOM,BLR,6E,IndiGo,6E 6701,2026-09-13,7,economy,,,7584.0,False,05:35,ok,2026-09-06T12:05:44.809839+05:30,2026-09-06_1205IST,airline_direct,IndiGo
BOM,BLR,6E,IndiGo,6E 6701,2026-09-13,7,economy,,,7584.0,False,05:35,ok,2026-09-06T12:05:44.809839+05:30,2026-09-06_1205IST,airline_direct,IndiGo
BOM,BLR,6E,IndiGo,6E 5188,2026-09-13,7,business,,,27632.0,False,06:15,ok,2026-09-06T12:05:44.809839+05:30,2026-09-06_1205IST,airline_direct,IndiGo
BOM,BLR,6E,IndiGo,6E 5188,2026-09-13,7,economy,,,7584.0,False,06:15,ok,2026-09-06T12:05:44.809839+05:30,2026-09-06_1205IST,airline_direct,IndiGo
BOM,BLR,6E,IndiGo,6E 5109,2026-09-13,7,economy,,,7584.0,False,09:35,ok,2026-09-06T12:05:44.809839+05:30,2026-09-06_1205IST,airline_direct,IndiGo
BOM,BLR,6E,IndiGo,6E 5313,2026-09-13,7,business,,,27632.0,False,09:50,ok,2026-09-06T12:05:44.809839+05:30,2026-09-06_1205IST,airline_direct,IndiGo
BOM,BLR,6E,IndiGo,6E 5313,2026-09-13,7,economy,,,7584.0,False,09:50,ok,2026-09-06T12:05:44.809839+05:30,2026-09-06_1205IST,airline_direct,IndiGo
BOM,BLR,6E,IndiGo,6E 5313,2026-09-13,7,business,,,27632.0,False,09:50,ok,2026-09-06T12:05:44.809839+05:30,2026-09-06_1205IST,airline_direct,IndiGo
BOM,BLR,6E,IndiGo,6E 5313,2026-09-13,7,economy,,,7584.0,False,09:50,ok,2026-09-06T12:05:44.809839+05:30,2026-09-06_1205IST,airline_direct,IndiGo
BOM,BLR,6E,IndiGo,6E 6349,2026-09-13,7,business,,,27632.0,False,11:40,ok,2026-09-06T12:05:44.809839+05:30,2026-09-06_1205IST,airline_direct,IndiGo
BOM,BLR,6E,IndiGo,6E 6349,2026-09-13,7,economy,,,7584.0,False,11:40,ok,2026-09-06T12:05:44.809839+05:30,2026-09-06_1205IST,airline_direct,IndiGo
BOM,BLR,6E,IndiGo,6E 6349,2026-09-13,7,business,,,27632.0,False,11:40,ok,2026-09-06T12:05:44.809839+05:30,2026-09-06_1205IST,airline_direct,IndiGo
BOM,BLR,6E,IndiGo,6E 6349,2026-09-13,7,economy,,,7584.0,False,11:40,ok,2026-09-06T12:05:44.809839+05:30,2026-09-06_1205IST,airline_direct,IndiGo
BOM,BLR,6E,IndiGo,6E 2284,2026-09-13,7,economy,,,7584.0,False,12:05,ok,2026-09-06T12:05:44.809839+05:30,2026-09-06_1205IST,airline_direct,IndiGo
BOM,BLR,6E,IndiGo,6E 5337,2026-09-13,7,business,,,27632.0,False,13:45,ok,2026-09-06T12:05:44.809839+05:30,2026-09-06_1205IST,airline_direct,IndiGo
BOM,BLR,6E,IndiGo,6E 5337,2026-09-13,7,economy,,,7584.0,False,13:45,ok,2026-09-06T12:05:44.809839+05:30,2026-09-06_1205IST,airline_direct,IndiGo
BOM,BLR,6E,IndiGo,6E 5196,2026-09-13,7,business,,,27632.0,False,15:25,ok,2026-09-06T12:05:44.809839+05:30,2026-09-06_1205IST,airline_direct,IndiGo
BOM,BLR,6E,IndiGo,6E 5196,2026-09-13,7,economy,,,7584.0,False,15:25,ok,2026-09-06T12:05:44.809839+05:30,2026-09-06_1205IST,airline_direct,IndiGo
BOM,BLR,6E,IndiGo,6E 5196,2026-09-13,7,business,,,26046.0,False,15:25,ok,2026-09-06T12:05:44.809839+05:30,2026-09-06_1205IST,airline_direct,IndiGo
BOM,BLR,6E,IndiGo,6E 5196,2026-09-13,7,economy,,,7584.0,False,15:25,ok,2026-09-06T12:05:44.809839+05:30,2026-09-06_1205IST,airline_direct,IndiGo
BOM,BLR,6E,IndiGo,6E 240,2026-09-13,7,economy,,,7584.0,False,15:45,ok,2026-09-06T12:05:44.809839+05:30,2026-09-06_1205IST,airline_direct,IndiGo
BOM,BLR,6E,IndiGo,6E 5048,2026-09-13,7,business,,,26046.0,False,17:25,ok,2026-09-06T12:05:44.809839+05:30,2026-09-06_1205IST,airline_direct,IndiGo
BOM,BLR,6E,IndiGo,6E 5048,2026-09-13,7,economy,,,7584.0,False,17:25,ok,2026-09-06T12:05:44.809839+05:30,2026-09-06_1205IST,airline_direct,IndiGo
BOM,BLR,6E,IndiGo,6E 5126,2026-09-13,7,economy,,,7584.0,False,18:15,ok,2026-09-06T12:05:44.809839+05:30,2026-09-06_1205IST,airline_direct,IndiGo
BOM,BLR,6E,IndiGo,6E 2237,2026-09-13,7,economy,,,7584.0,False,18:40,ok,2026-09-06T12:05:44.809839+05:30,2026-09-06_1205IST,airline_direct,IndiGo
BOM,BLR,6E,IndiGo,6E 5107,2026-09-13,7,economy,,,7584.0,False,20:00,ok,2026-09-06T12:05:44.809839+05:30,2026-09-06_1205IST,airline_direct,IndiGo
BOM,BLR,6E,IndiGo,6E 5181,2026-09-13,7,economy,,,7715.0,False,10:25,ok,2026-09-06T12:05:44.809839+05:30,2026-09-06_1205IST,airline_direct,IndiGo
BOM,BLR,6E,IndiGo,6E 6599,2026-09-13,7,economy,,,7715.0,False,16:50,ok,2026-09-06T12:05:44.809839+05:30,2026-09-06_1205IST,airline_direct,IndiGo
BOM,BLR,6E,IndiGo,6E 5082,2026-09-13,7,economy,,,7785.0,False,18:05,ok,2026-09-06T12:05:44.809839+05:30,2026-09-06_1205IST,airline_direct,IndiGo
BOM,BLR,6E,IndiGo,6E 5123,2026-09-13,7,economy,,,8047.0,False,14:40,ok,2026-09-06T12:05:44.809839+05:30,2026-09-06_1205IST,airline_direct,IndiGo
BOM,BLR,6E,IndiGo,6E 5201,2026-09-13,7,economy,,,8718.0,False,14:55,ok,2026-09-06T12:05:44.809839+05:30,2026-09-06_1205IST,airline_direct,IndiGo
BOM,BLR,6E,IndiGo,6E 6674,2026-09-13,7,economy,,,9154.0,False,09:05,ok,2026-09-06T12:05:44.809839+05:30,2026-09-06_1205IST,airline_direct,IndiGo
BOM,BLR,6E,IndiGo,6E 5178,2026-09-13,7,business,,,24495.0,False,11:45,ok,2026-09-06T12:05:44.809839+05:30,2026-09-06_1205IST,airline_direct,IndiGo
BOM,BLR,6E,IndiGo,6E 5178,2026-09-13,7,economy,,,9703.0,False,11:45,ok,2026-09-06T12:05:44.809839+05:30,2026-09-06_1205IST,airline_direct,IndiGo
BOM,BLR,6E,IndiGo,6E 673,2026-09-13,7,economy,,,10068.0,False,12:30,ok,2026-09-06T12:05:44.809839+05:30,2026-09-06_1205IST,airline_direct,IndiGo
BOM,BLR,6E,IndiGo,6E 437,2026-09-13,7,economy,,,10068.0,False,17:10,ok,2026-09-06T12:05:44.809839+05:30,2026-09-06_1205IST,airline_direct,IndiGo
BOM,BLR,6E,IndiGo,6E 5178,2026-09-13,7,business,,,25266.0,False,11:45,ok,2026-09-06T12:05:44.809839+05:30,2026-09-06_1205IST,airline_direct,IndiGo
BOM,BLR,6E,IndiGo,6E 5178,2026-09-13,7,economy,,,10389.0,False,11:45,ok,2026-09-06T12:05:44.809839+05:30,2026-09-06_1205IST,airline_direct,IndiGo
BOM,BLR,6E,IndiGo,6E 5318,2026-09-13,7,business,,,23981.0,False,10:15,ok,2026-09-06T12:05:44.809839+05:30,2026-09-06_1205IST,airline_direct,IndiGo
BOM,BLR,6E,IndiGo,6E 5318,2026-09-13,7,economy,,,11124.0,False,10:15,ok,2026-09-06T12:05:44.809839+05:30,2026-09-06_1205IST,airline_direct,IndiGo
BOM,BLR,6E,IndiGo,6E 5318,2026-09-13,7,business,,,25462.0,False,10:15,ok,2026-09-06T12:05:44.809839+05:30,2026-09-06_1205IST,airline_direct,IndiGo
BOM,BLR,6E,IndiGo,6E 5318,2026-09-13,7,economy,,,11468.0,False,10:15,ok,2026-09-06T12:05:44.809839+05:30,2026-09-06_1205IST,airline_direct,IndiGo
BOM,BLR,6E,IndiGo,6E 5178,2026-09-13,7,business,,,26747.0,False,11:45,ok,2026-09-06T12:05:44.809839+05:30,2026-09-06_1205IST,airline_direct,IndiGo
BOM,BLR,6E,IndiGo,6E 5178,2026-09-13,7,economy,,,11706.0,False,11:45,ok,2026-09-06T12:05:44.809839+05:30,2026-09-06_1205IST,airline_direct,IndiGo
BOM,BLR,6E,IndiGo,6E 673,2026-09-13,7,economy,,,12595.0,False,12:30,ok,2026-09-06T12:05:44.809839+05:30,2026-09-06_1205IST,airline_direct,IndiGo
BOM,BLR,6E,IndiGo,6E 6361,2026-09-13,7,economy,,,13255.0,False,05:00,ok,2026-09-06T12:05:44.809839+05:30,2026-09-06_1205IST,airline_direct,IndiGo
BOM,BLR,6E,IndiGo,6E 2011,2026-09-13,7,economy,,,13932.0,False,13:35,ok,2026-09-06T12:05:44.809839+05:30,2026-09-06_1205IST,airline_direct,IndiGo
BOM,BLR,6E,IndiGo,6E 230,2026-09-13,7,economy,,,14347.0,False,13:55,ok,2026-09-06T12:05:44.809839+05:30,2026-09-06_1205IST,airline_direct,IndiGo
BOM,BLR,6E,IndiGo,6E 261,2026-09-13,7,economy,,,16842.0,False,11:20,ok,2026-09-06T12:05:44.809839+05:30,2026-09-06_1205IST,airline_direct,IndiGo
BOM,BLR,6E,IndiGo,6E 6057,2026-09-13,7,economy,,,18729.0,False,09:15,ok,2026-09-06T12:05:44.809839+05:30,2026-09-06_1205IST,airline_direct,IndiGo
BOM,BLR,6E,IndiGo,6E 261,2026-09-13,7,economy,,,23089.0,False,11:20,ok,2026-09-06T12:05:44.809839+05:30,2026-09-06_1205IST,airline_direct,IndiGo
DEL,CCU,6E,IndiGo,6E 5191,2026-09-13,7,business,,,26140.0,False,05:00,ok,2026-09-06T12:06:51.271013+05:30,2026-09-06_1206IST,airline_direct,IndiGo
DEL,CCU,6E,IndiGo,6E 5191,2026-09-13,7,economy,,,8502.0,False,05:00,ok,2026-09-06T12:06:51.271013+05:30,2026-09-06_1206IST,airline_direct,IndiGo
DEL,CCU,6E,IndiGo,6E 340,2026-09-13,7,business,,,26140.0,False,07:20,ok,2026-09-06T12:06:51.271013+05:30,2026-09-06_1206IST,airline_direct,IndiGo
DEL,CCU,6E,IndiGo,6E 340,2026-09-13,7,economy,,,8502.0,False,07:20,ok,2026-09-06T12:06:51.271013+05:30,2026-09-06_1206IST,airline_direct,IndiGo
DEL,CCU,6E,IndiGo,6E 389,2026-09-13,7,business,,,26140.0,False,21:50,ok,2026-09-06T12:06:51.271013+05:30,2026-09-06_1206IST,airline_direct,IndiGo
DEL,CCU,6E,IndiGo,6E 389,2026-09-13,7,economy,,,9080.0,False,21:50,ok,2026-09-06T12:06:51.271013+05:30,2026-09-06_1206IST,airline_direct,IndiGo
DEL,CCU,6E,IndiGo,6E 247,2026-09-13,7,business,,,26140.0,False,23:30,ok,2026-09-06T12:06:51.271013+05:30,2026-09-06_1206IST,airline_direct,IndiGo
DEL,CCU,6E,IndiGo,6E 247,2026-09-13,7,economy,,,9080.0,False,23:30,ok,2026-09-06T12:06:51.271013+05:30,2026-09-06_1206IST,airline_direct,IndiGo
DEL,CCU,6E,IndiGo,6E 894,2026-09-13,7,business,,,26140.0,False,10:15,ok,2026-09-06T12:06:51.271013+05:30,2026-09-06_1206IST,airline_direct,IndiGo
DEL,CCU,6E,IndiGo,6E 894,2026-09-13,7,economy,,,10077.0,False,10:15,ok,2026-09-06T12:06:51.271013+05:30,2026-09-06_1206IST,airline_direct,IndiGo
DEL,CCU,6E,IndiGo,6E 2276,2026-09-13,7,business,,,29680.0,False,17:55,ok,2026-09-06T12:06:51.271013+05:30,2026-09-06_1206IST,airline_direct,IndiGo
DEL,CCU,6E,IndiGo,6E 2276,2026-09-13,7,economy,,,10077.0,False,17:55,ok,2026-09-06T12:06:51.271013+05:30,2026-09-06_1206IST,airline_direct,IndiGo
DEL,CCU,6E,IndiGo,6E 6517,2026-09-13,7,business,,,26140.0,False,19:30,ok,2026-09-06T12:06:51.271013+05:30,2026-09-06_1206IST,airline_direct,IndiGo
DEL,CCU,6E,IndiGo,6E 6517,2026-09-13,7,economy,,,10707.0,False,19:30,ok,2026-09-06T12:06:51.271013+05:30,2026-09-06_1206IST,airline_direct,IndiGo
DEL,CCU,6E,IndiGo,6E 897,2026-09-13,7,business,,,26140.0,False,12:45,ok,2026-09-06T12:06:51.271013+05:30,2026-09-06_1206IST,airline_direct,IndiGo
DEL,CCU,6E,IndiGo,6E 897,2026-09-13,7,economy,,,12230.0,False,12:45,ok,2026-09-06T12:06:51.271013+05:30,2026-09-06_1206IST,airline_direct,IndiGo
DEL,CCU,6E,IndiGo,6E 6415,2026-09-13,7,business,,,26140.0,False,16:00,ok,2026-09-06T12:06:51.271013+05:30,2026-09-06_1206IST,airline_direct,IndiGo
DEL,CCU,6E,IndiGo,6E 6415,2026-09-13,7,economy,,,13017.0,False,16:00,ok,2026-09-06T12:06:51.271013+05:30,2026-09-06_1206IST,airline_direct,IndiGo
DEL,CCU,6E,IndiGo,6E 910,2026-09-13,7,business,,,26140.0,False,14:25,ok,2026-09-06T12:06:51.271013+05:30,2026-09-06_1206IST,airline_direct,IndiGo
DEL,CCU,6E,IndiGo,6E 910,2026-09-13,7,economy,,,13857.0,False,14:25,ok,2026-09-06T12:06:51.271013+05:30,2026-09-06_1206IST,airline_direct,IndiGo
DEL,CCU,6E,IndiGo,6E 6245,2026-09-13,7,economy,,,7376.0,False,06:20,ok,2026-09-06T12:06:51.271013+05:30,2026-09-06_1206IST,airline_direct,IndiGo
DEL,CCU,6E,IndiGo,6E 2373,2026-09-13,7,economy,,,7376.0,False,11:10,ok,2026-09-06T12:06:51.271013+05:30,2026-09-06_1206IST,airline_direct,IndiGo
DEL,CCU,6E,IndiGo,6E 2453,2026-09-13,7,economy,,,7376.0,False,13:35,ok,2026-09-06T12:06:51.271013+05:30,2026-09-06_1206IST,airline_direct,IndiGo
DEL,CCU,6E,IndiGo,6E 5036,2026-09-13,7,economy,,,7507.0,False,08:00,ok,2026-09-06T12:06:51.271013+05:30,2026-09-06_1206IST,airline_direct,IndiGo
DEL,CCU,6E,IndiGo,6E 6312,2026-09-13,7,economy,,,7507.0,False,14:25,ok,2026-09-06T12:06:51.271013+05:30,2026-09-06_1206IST,airline_direct,IndiGo
DEL,CCU,6E,IndiGo,6E 2361,2026-09-13,7,economy,,,7507.0,False,14:35,ok,2026-09-06T12:06:51.271013+05:30,2026-09-06_1206IST,airline_direct,IndiGo
DEL,CCU,6E,IndiGo,6E 6073,2026-09-13,7,economy,,,7586.0,False,05:00,ok,2026-09-06T12:06:51.271013+05:30,2026-09-06_1206IST,airline_direct,IndiGo
DEL,CCU,6E,IndiGo,6E 5298,2026-09-13,7,economy,,,7586.0,False,09:00,ok,2026-09-06T12:06:51.271013+05:30,2026-09-06_1206IST,airline_direct,IndiGo
DEL,CCU,6E,IndiGo,6E 2296,2026-09-13,7,economy,,,7586.0,False,09:20,ok,2026-09-06T12:06:51.271013+05:30,2026-09-06_1206IST,airline_direct,IndiGo
DEL,CCU,6E,IndiGo,6E 5038,2026-09-13,7,economy,,,7586.0,False,14:00,ok,2026-09-06T12:06:51.271013+05:30,2026-09-06_1206IST,airline_direct,IndiGo
DEL,CCU,6E,IndiGo,6E 2203,2026-09-13,7,economy,,,7691.0,False,04:45,ok,2026-09-06T12:06:51.271013+05:30,2026-09-06_1206IST,airline_direct,IndiGo
DEL,CCU,6E,IndiGo,6E 5119,2026-09-13,7,economy,,,7927.0,False,05:10,ok,2026-09-06T12:06:51.271013+05:30,2026-09-06_1206IST,airline_direct,IndiGo
DEL,CCU,6E,IndiGo,6E 705,2026-09-13,7,business,,,32272.0,False,08:30,ok,2026-09-06T12:06:51.271013+05:30,2026-09-06_1206IST,airline_direct,IndiGo
DEL,CCU,6E,IndiGo,6E 705,2026-09-13,7,economy,,,7927.0,False,08:30,ok,2026-09-06T12:06:51.271013+05:30,2026-09-06_1206IST,airline_direct,IndiGo
DEL,CCU,6E,IndiGo,6E 705,2026-09-13,7,business,,,32272.0,False,08:30,ok,2026-09-06T12:06:51.271013+05:30,2026-09-06_1206IST,airline_direct,IndiGo
DEL,CCU,6E,IndiGo,6E 705,2026-09-13,7,economy,,,7927.0,False,08:30,ok,2026-09-06T12:06:51.271013+05:30,2026-09-06_1206IST,airline_direct,IndiGo
DEL,CCU,6E,IndiGo,6E 6293,2026-09-13,7,business,,,32272.0,False,09:55,ok,2026-09-06T12:06:51.271013+05:30,2026-09-06_1206IST,airline_direct,IndiGo
DEL,CCU,6E,IndiGo,6E 6293,2026-09-13,7,economy,,,7927.0,False,09:55,ok,2026-09-06T12:06:51.271013+05:30,2026-09-06_1206IST,airline_direct,IndiGo
DEL,CCU,6E,IndiGo,6E 2331,2026-09-13,7,economy,,,7927.0,False,12:20,ok,2026-09-06T12:06:51.271013+05:30,2026-09-06_1206IST,airline_direct,IndiGo
DEL,CCU,6E,IndiGo,6E 6282,2026-09-13,7,business,,,31918.0,False,13:30,ok,2026-09-06T12:06:51.271013+05:30,2026-09-06_1206IST,airline_direct,IndiGo
DEL,CCU,6E,IndiGo,6E 6282,2026-09-13,7,economy,,,7927.0,False,13:30,ok,2026-09-06T12:06:51.271013+05:30,2026-09-06_1206IST,airline_direct,IndiGo
DEL,CCU,6E,IndiGo,6E 6212,2026-09-13,7,business,,,31918.0,False,14:45,ok,2026-09-06T12:06:51.271013+05:30,2026-09-06_1206IST,airline_direct,IndiGo
DEL,CCU,6E,IndiGo,6E 6212,2026-09-13,7,economy,,,7927.0,False,14:45,ok,2026-09-06T12:06:51.271013+05:30,2026-09-06_1206IST,airline_direct,IndiGo
DEL,CCU,6E,IndiGo,6E 2341,2026-09-13,7,economy,,,7927.0,False,14:50,ok,2026-09-06T12:06:51.271013+05:30,2026-09-06_1206IST,airline_direct,IndiGo
DEL,CCU,6E,IndiGo,6E 6217,2026-09-13,7,business,,,31918.0,False,16:15,ok,2026-09-06T12:06:51.271013+05:30,2026-09-06_1206IST,airline_direct,IndiGo
DEL,CCU,6E,IndiGo,6E 6217,2026-09-13,7,economy,,,7927.0,False,16:15,ok,2026-09-06T12:06:51.271013+05:30,2026-09-06_1206IST,airline_direct,IndiGo
DEL,CCU,6E,IndiGo,6E 5073,2026-09-13,7,economy,,,7927.0,False,17:05,ok,2026-09-06T12:06:51.271013+05:30,2026-09-06_1206IST,airline_direct,IndiGo
DEL,CCU,6E,IndiGo,6E 717,2026-09-13,7,business,,,31918.0,False,17:55,ok,2026-09-06T12:06:51.271013+05:30,2026-09-06_1206IST,airline_direct,IndiGo
DEL,CCU,6E,IndiGo,6E 717,2026-09-13,7,economy,,,7927.0,False,17:55,ok,2026-09-06T12:06:51.271013+05:30,2026-09-06_1206IST,airline_direct,IndiGo
DEL,CCU,6E,IndiGo,6E 882,2026-09-13,7,business,,,31918.0,False,23:15,ok,2026-09-06T12:06:51.271013+05:30,2026-09-06_1206IST,airline_direct,IndiGo
DEL,CCU,6E,IndiGo,6E 882,2026-09-13,7,economy,,,7927.0,False,23:15,ok,2026-09-06T12:06:51.271013+05:30,2026-09-06_1206IST,airline_direct,IndiGo
DEL,CCU,6E,IndiGo,6E 6371,2026-09-13,7,economy,,,8032.0,False,06:20,ok,2026-09-06T12:06:51.271013+05:30,2026-09-06_1206IST,airline_direct,IndiGo
DEL,CCU,6E,IndiGo,6E 6551,2026-09-13,7,economy,,,8032.0,False,12:00,ok,2026-09-06T12:06:51.271013+05:30,2026-09-06_1206IST,airline_direct,IndiGo
DEL,CCU,6E,IndiGo,6E 6312,2026-09-13,7,economy,,,8115.0,False,14:25,ok,2026-09-06T12:06:51.271013+05:30,2026-09-06_1206IST,airline_direct,IndiGo
DEL,CCU,6E,IndiGo,6E 734,2026-09-13,7,economy,,,8115.0,False,16:20,ok,2026-09-06T12:06:51.271013+05:30,2026-09-06_1206IST,airline_direct,IndiGo
DEL,CCU,6E,IndiGo,6E 2259,2026-09-13,7,economy,,,8194.0,False,12:20,ok,2026-09-06T12:06:51.271013+05:30,2026-09-06_1206IST,airline_direct,IndiGo
DEL,CCU,6E,IndiGo,6E 6130,2026-09-13,7,economy,,,8194.0,False,12:55,ok,2026-09-06T12:06:51.271013+05:30,2026-09-06_1206IST,airline_direct,IndiGo
DEL,CCU,6E,IndiGo,6E 2614,2026-09-13,7,economy,,,8194.0,False,14:40,ok,2026-09-06T12:06:51.271013+05:30,2026-09-06_1206IST,airline_direct,IndiGo
DEL,CCU,6E,IndiGo,6E 2614,2026-09-13,7,economy,,,8194.0,False,14:40,ok,2026-09-06T12:06:51.271013+05:30,2026-09-06_1206IST,airline_direct,IndiGo
DEL,CCU,6E,IndiGo,6E 6293,2026-09-13,7,business,,,35104.0,False,09:55,ok,2026-09-06T12:06:51.271013+05:30,2026-09-06_1206IST,airline_direct,IndiGo
DEL,CCU,6E,IndiGo,6E 6293,2026-09-13,7,economy,,,8535.0,False,09:55,ok,2026-09-06T12:06:51.271013+05:30,2026-09-06_1206IST,airline_direct,IndiGo
DEL,CCU,6E,IndiGo,6E 6282,2026-09-13,7,business,,,35104.0,False,13:30,ok,2026-09-06T12:06:51.271013+05:30,2026-09-06_1206IST,airline_direct,IndiGo
DEL,CCU,6E,IndiGo,6E 6282,2026-09-13,7,economy,,,8535.0,False,13:30,ok,2026-09-06T12:06:51.271013+05:30,2026-09-06_1206IST,airline_direct,IndiGo
DEL,CCU,6E,IndiGo,6E 2296,2026-09-13,7,economy,,,8862.0,False,09:20,ok,2026-09-06T12:06:51.271013+05:30,2026-09-06_1206IST,airline_direct,IndiGo
DEL,CCU,6E,IndiGo,6E 5215,2026-09-13,7,economy,,,8967.0,False,07:45,ok,2026-09-06T12:06:51.271013+05:30,2026-09-06_1206IST,airline_direct,IndiGo
DEL,CCU,6E,IndiGo,6E 6053,2026-09-13,7,economy,,,10404.0,False,13:05,ok,2026-09-06T12:06:51.271013+05:30,2026-09-06_1206IST,airline_direct,IndiGo
DEL,CCU,6E,IndiGo,6E 6124,2026-09-13,7,economy,,,10509.0,False,07:30,ok,2026-09-06T12:06:51.271013+05:30,2026-09-06_1206IST,airline_direct,IndiGo
DEL,CCU,6E,IndiGo,6E 6503,2026-09-13,7,economy,,,10719.0,False,13:25,ok,2026-09-06T12:06:51.271013+05:30,2026-09-06_1206IST,airline_direct,IndiGo
DEL,CCU,6E,IndiGo,6E 6503,2026-09-13,7,economy,,,10719.0,False,13:25,ok,2026-09-06T12:06:51.271013+05:30,2026-09-06_1206IST,airline_direct,IndiGo
DEL,CCU,6E,IndiGo,6E 5307,2026-09-13,7,economy,,,11242.0,False,10:50,ok,2026-09-06T12:06:51.271013+05:30,2026-09-06_1206IST,airline_direct,IndiGo
DEL,CCU,6E,IndiGo,6E 6190,2026-09-13,7,economy,,,12268.0,False,07:40,ok,2026-09-06T12:06:51.271013+05:30,2026-09-06_1206IST,airline_direct,IndiGo
DEL,CCU,6E,IndiGo,6E 6190,2026-09-13,7,economy,,,12268.0,False,07:40,ok,2026-09-06T12:06:51.271013+05:30,2026-09-06_1206IST,airline_direct,IndiGo
DEL,CCU,6E,IndiGo,6E 5041,2026-09-13,7,economy,,,14625.0,False,15:10,ok,2026-09-06T12:06:51.271013+05:30,2026-09-06_1206IST,airline_direct,IndiGo
DEL,CCU,6E,IndiGo,6E 203,2026-09-13,7,business,,,33666.0,False,07:10,ok,2026-09-06T12:06:51.271013+05:30,2026-09-06_1206IST,airline_direct,IndiGo
DEL,CCU,6E,IndiGo,6E 203,2026-09-13,7,economy,,,16157.0,False,07:10,ok,2026-09-06T12:06:51.271013+05:30,2026-09-06_1206IST,airline_direct,IndiGo
DEL,CCU,6E,IndiGo,6E 203,2026-09-13,7,business,,,33666.0,False,07:10,ok,2026-09-06T12:06:51.271013+05:30,2026-09-06_1206IST,airline_direct,IndiGo
DEL,CCU,6E,IndiGo,6E 203,2026-09-13,7,economy,,,17151.0,False,07:10,ok,2026-09-06T12:06:51.271013+05:30,2026-09-06_1206IST,airline_direct,IndiGo
DEL,CCU,6E,IndiGo,6E 6829,2026-09-13,7,economy,,,17165.0,False,17:20,ok,2026-09-06T12:06:51.271013+05:30,2026-09-06_1206IST,airline_direct,IndiGo
DEL,CCU,6E,IndiGo,6E 884,2026-09-13,7,business,,,35104.0,False,11:45,ok,2026-09-06T12:06:51.271013+05:30,2026-09-06_1206IST,airline_direct,IndiGo
DEL,CCU,6E,IndiGo,6E 884,2026-09-13,7,economy,,,19986.0,False,11:45,ok,2026-09-06T12:06:51.271013+05:30,2026-09-06_1206IST,airline_direct,IndiGo
DEL,CCU,6E,IndiGo,6E 5041,2026-09-13,7,economy,,,20635.0,False,15:10,ok,2026-09-06T12:06:51.271013+05:30,2026-09-06_1206IST,airline_direct,IndiGo
DEL,CCU,6E,IndiGo,6E 5033,2026-09-13,7,economy,,,22423.0,False,15:50,ok,2026-09-06T12:06:51.271013+05:30,2026-09-06_1206IST,airline_direct,IndiGo
BLR,HYD,6E,IndiGo,6E 6178,2026-09-13,7,economy,,,4235.0,False,06:25,ok,2026-09-06T12:08:21.305506+05:30,2026-09-06_1208IST,airline_direct,IndiGo
BLR,HYD,6E,IndiGo,6E 484,2026-09-13,7,economy,,,4235.0,False,08:15,ok,2026-09-06T12:08:21.305506+05:30,2026-09-06_1208IST,airline_direct,IndiGo
BLR,HYD,6E,IndiGo,6E 312,2026-09-13,7,economy,,,4235.0,False,09:15,ok,2026-09-06T12:08:21.305506+05:30,2026-09-06_1208IST,airline_direct,IndiGo
BLR,HYD,6E,IndiGo,6E 537,2026-09-13,7,economy,,,4561.0,False,10:15,ok,2026-09-06T12:08:21.305506+05:30,2026-09-06_1208IST,airline_direct,IndiGo
BLR,HYD,6E,IndiGo,6E 6404,2026-09-13,7,economy,,,4561.0,False,11:35,ok,2026-09-06T12:08:21.305506+05:30,2026-09-06_1208IST,airline_direct,IndiGo
BLR,HYD,6E,IndiGo,6E 6784,2026-09-13,7,economy,,,4921.0,False,21:30,ok,2026-09-06T12:08:21.305506+05:30,2026-09-06_1208IST,airline_direct,IndiGo
BLR,HYD,6E,IndiGo,6E 855,2026-09-13,7,economy,,,5756.0,False,19:45,ok,2026-09-06T12:08:21.305506+05:30,2026-09-06_1208IST,airline_direct,IndiGo
BLR,HYD,6E,IndiGo,6E 6067,2026-09-13,7,economy,,,6772.0,False,16:30,ok,2026-09-06T12:08:21.305506+05:30,2026-09-06_1208IST,airline_direct,IndiGo
BLR,HYD,6E,IndiGo,6E 638,2026-09-13,7,economy,,,7361.0,False,18:35,ok,2026-09-06T12:08:21.305506+05:30,2026-09-06_1208IST,airline_direct,IndiGo
BLR,HYD,6E,IndiGo,6E 6563,2026-09-13,7,economy,,,5463.0,False,01:05,ok,2026-09-06T12:08:21.305506+05:30,2026-09-06_1208IST,airline_direct,IndiGo
BLR,HYD,6E,IndiGo,6E 6876,2026-09-13,7,economy,,,5463.0,False,02:40,ok,2026-09-06T12:08:21.305506+05:30,2026-09-06_1208IST,airline_direct,IndiGo
BLR,HYD,6E,IndiGo,6E 857,2026-09-13,7,economy,,,5463.0,False,07:05,ok,2026-09-06T12:08:21.305506+05:30,2026-09-06_1208IST,airline_direct,IndiGo
BLR,HYD,6E,IndiGo,6E 763,2026-09-13,7,economy,,,5463.0,False,07:05,ok,2026-09-06T12:08:21.305506+05:30,2026-09-06_1208IST,airline_direct,IndiGo
BLR,HYD,6E,IndiGo,6E 857,2026-09-13,7,economy,,,5463.0,False,07:05,ok,2026-09-06T12:08:21.305506+05:30,2026-09-06_1208IST,airline_direct,IndiGo
BLR,HYD,6E,IndiGo,6E 6269,2026-09-13,7,economy,,,5463.0,False,07:15,ok,2026-09-06T12:08:21.305506+05:30,2026-09-06_1208IST,airline_direct,IndiGo
BLR,HYD,6E,IndiGo,6E 6269,2026-09-13,7,economy,,,5463.0,False,07:15,ok,2026-09-06T12:08:21.305506+05:30,2026-09-06_1208IST,airline_direct,IndiGo
BLR,HYD,6E,IndiGo,6E 904,2026-09-13,7,economy,,,5463.0,False,10:50,ok,2026-09-06T12:08:21.305506+05:30,2026-09-06_1208IST,airline_direct,IndiGo
BLR,HYD,6E,IndiGo,6E 6104,2026-09-13,7,economy,,,5463.0,False,11:40,ok,2026-09-06T12:08:21.305506+05:30,2026-09-06_1208IST,airline_direct,IndiGo
BLR,HYD,6E,IndiGo,6E 6104,2026-09-13,7,economy,,,5463.0,False,11:40,ok,2026-09-06T12:08:21.305506+05:30,2026-09-06_1208IST,airline_direct,IndiGo
BLR,HYD,6E,IndiGo,6E 6653,2026-09-13,7,economy,,,5463.0,False,12:35,ok,2026-09-06T12:08:21.305506+05:30,2026-09-06_1208IST,airline_direct,IndiGo
BLR,HYD,6E,IndiGo,6E 6208,2026-09-13,7,economy,,,5463.0,False,12:45,ok,2026-09-06T12:08:21.305506+05:30,2026-09-06_1208IST,airline_direct,IndiGo
BLR,HYD,6E,IndiGo,6E 6208,2026-09-13,7,economy,,,5463.0,False,12:45,ok,2026-09-06T12:08:21.305506+05:30,2026-09-06_1208IST,airline_direct,IndiGo
BLR,HYD,6E,IndiGo,6E 6542,2026-09-13,7,economy,,,5463.0,False,13:10,ok,2026-09-06T12:08:21.305506+05:30,2026-09-06_1208IST,airline_direct,IndiGo
BLR,HYD,6E,IndiGo,6E 6753,2026-09-13,7,economy,,,5463.0,False,15:15,ok,2026-09-06T12:08:21.305506+05:30,2026-09-06_1208IST,airline_direct,IndiGo
BLR,HYD,6E,IndiGo,6E 6753,2026-09-13,7,economy,,,5463.0,False,15:15,ok,2026-09-06T12:08:21.305506+05:30,2026-09-06_1208IST,airline_direct,IndiGo
BLR,HYD,6E,IndiGo,6E 6753,2026-09-13,7,economy,,,5463.0,False,15:15,ok,2026-09-06T12:08:21.305506+05:30,2026-09-06_1208IST,airline_direct,IndiGo
BLR,HYD,6E,IndiGo,6E 173,2026-09-13,7,economy,,,5463.0,False,15:30,ok,2026-09-06T12:08:21.305506+05:30,2026-09-06_1208IST,airline_direct,IndiGo
BLR,HYD,6E,IndiGo,6E 173,2026-09-13,7,economy,,,5463.0,False,15:30,ok,2026-09-06T12:08:21.305506+05:30,2026-09-06_1208IST,airline_direct,IndiGo
BLR,HYD,6E,IndiGo,6E 356,2026-09-13,7,economy,,,5463.0,False,17:15,ok,2026-09-06T12:08:21.305506+05:30,2026-09-06_1208IST,airline_direct,IndiGo
BLR,HYD,6E,IndiGo,6E 6168,2026-09-13,7,economy,,,5463.0,False,17:40,ok,2026-09-06T12:08:21.305506+05:30,2026-09-06_1208IST,airline_direct,IndiGo
BLR,HYD,6E,IndiGo,6E 6168,2026-09-13,7,economy,,,5463.0,False,17:40,ok,2026-09-06T12:08:21.305506+05:30,2026-09-06_1208IST,airline_direct,IndiGo
BLR,HYD,6E,IndiGo,6E 6017,2026-09-13,7,economy,,,5463.0,False,18:15,ok,2026-09-06T12:08:21.305506+05:30,2026-09-06_1208IST,airline_direct,IndiGo
BLR,HYD,6E,IndiGo,6E 105,2026-09-13,7,economy,,,5463.0,False,18:50,ok,2026-09-06T12:08:21.305506+05:30,2026-09-06_1208IST,airline_direct,IndiGo
BLR,HYD,6E,IndiGo,6E 6554,2026-09-13,7,economy,,,5463.0,False,19:15,ok,2026-09-06T12:08:21.305506+05:30,2026-09-06_1208IST,airline_direct,IndiGo
BLR,HYD,6E,IndiGo,6E 441,2026-09-13,7,economy,,,5463.0,False,20:40,ok,2026-09-06T12:08:21.305506+05:30,2026-09-06_1208IST,airline_direct,IndiGo
BLR,HYD,6E,IndiGo,6E 528,2026-09-13,7,economy,,,5463.0,False,21:40,ok,2026-09-06T12:08:21.305506+05:30,2026-09-06_1208IST,airline_direct,IndiGo
BLR,HYD,6E,IndiGo,6E 116,2026-09-13,7,economy,,,5463.0,False,23:05,ok,2026-09-06T12:08:21.305506+05:30,2026-09-06_1208IST,airline_direct,IndiGo
BLR,HYD,6E,IndiGo,6E 574,2026-09-13,7,economy,,,5594.0,False,11:05,ok,2026-09-06T12:08:21.305506+05:30,2026-09-06_1208IST,airline_direct,IndiGo
BLR,HYD,6E,IndiGo,6E 6336,2026-09-13,7,economy,,,5594.0,False,12:25,ok,2026-09-06T12:08:21.305506+05:30,2026-09-06_1208IST,airline_direct,IndiGo
BLR,HYD,6E,IndiGo,6E 6336,2026-09-13,7,economy,,,5594.0,False,12:25,ok,2026-09-06T12:08:21.305506+05:30,2026-09-06_1208IST,airline_direct,IndiGo
BLR,HYD,6E,IndiGo,6E 763,2026-09-13,7,economy,,,5793.0,False,07:05,ok,2026-09-06T12:08:21.305506+05:30,2026-09-06_1208IST,airline_direct,IndiGo
BLR,HYD,6E,IndiGo,6E 356,2026-09-13,7,economy,,,5793.0,False,17:15,ok,2026-09-06T12:08:21.305506+05:30,2026-09-06_1208IST,airline_direct,IndiGo
BLR,HYD,6E,IndiGo,6E 7204,2026-09-13,7,economy,,,6153.0,False,06:50,ok,2026-09-06T12:08:21.305506+05:30,2026-09-06_1208IST,airline_direct,IndiGo
BLR,HYD,6E,IndiGo,6E 7005,2026-09-13,7,economy,,,6153.0,False,08:05,ok,2026-09-06T12:08:21.305506+05:30,2026-09-06_1208IST,airline_direct,IndiGo
BLR,HYD,6E,IndiGo,6E 109,2026-09-13,7,economy,,,6153.0,False,17:00,ok,2026-09-06T12:08:21.305506+05:30,2026-09-06_1208IST,airline_direct,IndiGo
BLR,HYD,6E,IndiGo,6E 7227,2026-09-13,7,economy,,,6412.0,False,06:25,ok,2026-09-06T12:08:21.305506+05:30,2026-09-06_1208IST,airline_direct,IndiGo
BLR,HYD,6E,IndiGo,6E 7204,2026-09-13,7,economy,,,6543.0,False,06:50,ok,2026-09-06T12:08:21.305506+05:30,2026-09-06_1208IST,airline_direct,IndiGo
BLR,HYD,6E,IndiGo,6E 6162,2026-09-13,7,economy,,,6543.0,False,18:50,ok,2026-09-06T12:08:21.305506+05:30,2026-09-06_1208IST,airline_direct,IndiGo
BLR,HYD,6E,IndiGo,6E 7071,2026-09-13,7,economy,,,6969.0,False,10:55,ok,2026-09-06T12:08:21.305506+05:30,2026-09-06_1208IST,airline_direct,IndiGo
BLR,HYD,6E,IndiGo,6E 6653,2026-09-13,7,economy,,,6969.0,False,12:35,ok,2026-09-06T12:08:21.305506+05:30,2026-09-06_1208IST,airline_direct,IndiGo
BLR,HYD,6E,IndiGo,6E 6891,2026-09-13,7,economy,,,6969.0,False,17:15,ok,2026-09-06T12:08:21.305506+05:30,2026-09-06_1208IST,airline_direct,IndiGo
BLR,HYD,6E,IndiGo,6E 763,2026-09-13,7,economy,,,7935.0,False,07:05,ok,2026-09-06T12:08:21.305506+05:30,2026-09-06_1208IST,airline_direct,IndiGo
BLR,HYD,6E,IndiGo,6E 7005,2026-09-13,7,economy,,,8484.0,False,08:05,ok,2026-09-06T12:08:21.305506+05:30,2026-09-06_1208IST,airline_direct,IndiGo
BLR,HYD,6E,IndiGo,6E 6583,2026-09-13,7,economy,,,11618.0,False,10:40,ok,2026-09-06T12:08:21.305506+05:30,2026-09-06_1208IST,airline_direct,IndiGo
BLR,HYD,6E,IndiGo,6E 703,2026-09-13,7,economy,,,12950.0,False,12:55,ok,2026-09-06T12:08:21.305506+05:30,2026-09-06_1208IST,airline_direct,IndiGo
BLR,HYD,6E,IndiGo,6E 6445,2026-09-13,7,economy,,,13653.0,False,10:25,ok,2026-09-06T12:08:21.305506+05:30,2026-09-06_1208IST,airline_direct,IndiGo
BLR,HYD,6E,IndiGo,6E 7285,2026-09-13,7,economy,,,15032.0,False,06:50,ok,2026-09-06T12:08:21.305506+05:30,2026-09-06_1208IST,airline_direct,IndiGo
BLR,HYD,6E,IndiGo,6E 7737,2026-09-13,7,economy,,,19200.0,False,15:15,ok,2026-09-06T12:08:21.305506+05:30,2026-09-06_1208IST,airline_direct,IndiGo
BLR,HYD,6E,IndiGo,6E 6445,2026-09-13,7,economy,,,22788.0,False,10:25,ok,2026-09-06T12:08:21.305506+05:30,2026-09-06_1208IST,airline_direct,IndiGo
MAA,DEL,6E,IndiGo,6E 937,2026-09-13,7,business,,,28240.0,False,06:30,ok,2026-09-06T12:09:19.037866+05:30,2026-09-06_1209IST,airline_direct,IndiGo
MAA,DEL,6E,IndiGo,6E 937,2026-09-13,7,economy,,,9830.0,False,06:30,ok,2026-09-06T12:09:19.037866+05:30,2026-09-06_1209IST,airline_direct,IndiGo
MAA,DEL,6E,IndiGo,6E 951,2026-09-13,7,business,,,28240.0,False,21:50,ok,2026-09-06T12:09:19.037866+05:30,2026-09-06_1209IST,airline_direct,IndiGo
MAA,DEL,6E,IndiGo,6E 951,2026-09-13,7,economy,,,9830.0,False,21:50,ok,2026-09-06T12:09:19.037866+05:30,2026-09-06_1209IST,airline_direct,IndiGo
MAA,DEL,6E,IndiGo,6E 2369,2026-09-13,7,business,,,28240.0,False,23:45,ok,2026-09-06T12:09:19.037866+05:30,2026-09-06_1209IST,airline_direct,IndiGo
MAA,DEL,6E,IndiGo,6E 2369,2026-09-13,7,economy,,,9830.0,False,23:45,ok,2026-09-06T12:09:19.037866+05:30,2026-09-06_1209IST,airline_direct,IndiGo
MAA,DEL,6E,IndiGo,6E 404,2026-09-13,7,business,,,28240.0,False,09:15,ok,2026-09-06T12:09:19.037866+05:30,2026-09-06_1209IST,airline_direct,IndiGo
MAA,DEL,6E,IndiGo,6E 404,2026-09-13,7,economy,,,10295.0,False,09:15,ok,2026-09-06T12:09:19.037866+05:30,2026-09-06_1209IST,airline_direct,IndiGo
MAA,DEL,6E,IndiGo,6E 939,2026-09-13,7,business,,,28240.0,False,13:00,ok,2026-09-06T12:09:19.037866+05:30,2026-09-06_1209IST,airline_direct,IndiGo
MAA,DEL,6E,IndiGo,6E 939,2026-09-13,7,economy,,,10785.0,False,13:00,ok,2026-09-06T12:09:19.037866+05:30,2026-09-06_1209IST,airline_direct,IndiGo
MAA,DEL,6E,IndiGo,6E 6002,2026-09-13,7,business,,,28240.0,False,11:10,ok,2026-09-06T12:09:19.037866+05:30,2026-09-06_1209IST,airline_direct,IndiGo
MAA,DEL,6E,IndiGo,6E 6002,2026-09-13,7,economy,,,11303.0,False,11:10,ok,2026-09-06T12:09:19.037866+05:30,2026-09-06_1209IST,airline_direct,IndiGo
MAA,DEL,6E,IndiGo,6E 948,2026-09-13,7,business,,,28240.0,False,14:30,ok,2026-09-06T12:09:19.037866+05:30,2026-09-06_1209IST,airline_direct,IndiGo
MAA,DEL,6E,IndiGo,6E 948,2026-09-13,7,economy,,,11303.0,False,14:30,ok,2026-09-06T12:09:19.037866+05:30,2026-09-06_1209IST,airline_direct,IndiGo
MAA,DEL,6E,IndiGo,6E 698,2026-09-13,7,business,,,28240.0,False,16:45,ok,2026-09-06T12:09:19.037866+05:30,2026-09-06_1209IST,airline_direct,IndiGo
MAA,DEL,6E,IndiGo,6E 698,2026-09-13,7,economy,,,11303.0,False,16:45,ok,2026-09-06T12:09:19.037866+05:30,2026-09-06_1209IST,airline_direct,IndiGo
MAA,DEL,6E,IndiGo,6E 613,2026-09-13,7,business,,,28240.0,False,19:00,ok,2026-09-06T12:09:19.037866+05:30,2026-09-06_1209IST,airline_direct,IndiGo
MAA,DEL,6E,IndiGo,6E 613,2026-09-13,7,economy,,,11303.0,False,19:00,ok,2026-09-06T12:09:19.037866+05:30,2026-09-06_1209IST,airline_direct,IndiGo
MAA,DEL,6E,IndiGo,6E 253,2026-09-13,7,economy,,,9778.0,False,03:10,ok,2026-09-06T12:09:19.037866+05:30,2026-09-06_1209IST,airline_direct,IndiGo
MAA,DEL,6E,IndiGo,6E 607,2026-09-13,7,business,,,27587.0,False,05:40,ok,2026-09-06T12:09:19.037866+05:30,2026-09-06_1209IST,airline_direct,IndiGo
MAA,DEL,6E,IndiGo,6E 607,2026-09-13,7,economy,,,9778.0,False,05:40,ok,2026-09-06T12:09:19.037866+05:30,2026-09-06_1209IST,airline_direct,IndiGo
MAA,DEL,6E,IndiGo,6E 495,2026-09-13,7,economy,,,9778.0,False,07:10,ok,2026-09-06T12:09:19.037866+05:30,2026-09-06_1209IST,airline_direct,IndiGo
MAA,DEL,6E,IndiGo,6E 495,2026-09-13,7,economy,,,9778.0,False,07:10,ok,2026-09-06T12:09:19.037866+05:30,2026-09-06_1209IST,airline_direct,IndiGo
MAA,DEL,6E,IndiGo,6E 401,2026-09-13,7,economy,,,9778.0,False,08:10,ok,2026-09-06T12:09:19.037866+05:30,2026-09-06_1209IST,airline_direct,IndiGo
MAA,DEL,6E,IndiGo,6E 834,2026-09-13,7,economy,,,9778.0,False,09:05,ok,2026-09-06T12:09:19.037866+05:30,2026-09-06_1209IST,airline_direct,IndiGo
MAA,DEL,6E,IndiGo,6E 834,2026-09-13,7,economy,,,9778.0,False,09:05,ok,2026-09-06T12:09:19.037866+05:30,2026-09-06_1209IST,airline_direct,IndiGo
MAA,DEL,6E,IndiGo,6E 372,2026-09-13,7,business,,,29407.0,False,09:55,ok,2026-09-06T12:09:19.037866+05:30,2026-09-06_1209IST,airline_direct,IndiGo
MAA,DEL,6E,IndiGo,6E 372,2026-09-13,7,economy,,,9778.0,False,09:55,ok,2026-09-06T12:09:19.037866+05:30,2026-09-06_1209IST,airline_direct,IndiGo
MAA,DEL,6E,IndiGo,6E 372,2026-09-13,7,business,,,29407.0,False,09:55,ok,2026-09-06T12:09:19.037866+05:30,2026-09-06_1209IST,airline_direct,IndiGo
MAA,DEL,6E,IndiGo,6E 372,2026-09-13,7,economy,,,9778.0,False,09:55,ok,2026-09-06T12:09:19.037866+05:30,2026-09-06_1209IST,airline_direct,IndiGo
MAA,DEL,6E,IndiGo,6E 502,2026-09-13,7,business,,,30775.0,False,11:10,ok,2026-09-06T12:09:19.037866+05:30,2026-09-06_1209IST,airline_direct,IndiGo
MAA,DEL,6E,IndiGo,6E 502,2026-09-13,7,economy,,,9778.0,False,11:10,ok,2026-09-06T12:09:19.037866+05:30,2026-09-06_1209IST,airline_direct,IndiGo
MAA,DEL,6E,IndiGo,6E 6925,2026-09-13,7,business,,,30979.0,False,12:00,ok,2026-09-06T12:09:19.037866+05:30,2026-09-06_1209IST,airline_direct,IndiGo
MAA,DEL,6E,IndiGo,6E 6925,2026-09-13,7,economy,,,9778.0,False,12:00,ok,2026-09-06T12:09:19.037866+05:30,2026-09-06_1209IST,airline_direct,IndiGo
MAA,DEL,6E,IndiGo,6E 183,2026-09-13,7,business,,,28769.0,False,16:35,ok,2026-09-06T12:09:19.037866+05:30,2026-09-06_1209IST,airline_direct,IndiGo
MAA,DEL,6E,IndiGo,6E 183,2026-09-13,7,economy,,,9778.0,False,16:35,ok,2026-09-06T12:09:19.037866+05:30,2026-09-06_1209IST,airline_direct,IndiGo
MAA,DEL,6E,IndiGo,6E 489,2026-09-13,7,economy,,,9778.0,False,18:15,ok,2026-09-06T12:09:19.037866+05:30,2026-09-06_1209IST,airline_direct,IndiGo
MAA,DEL,6E,IndiGo,6E 193,2026-09-13,7,business,,,30979.0,False,20:00,ok,2026-09-06T12:09:19.037866+05:30,2026-09-06_1209IST,airline_direct,IndiGo
MAA,DEL,6E,IndiGo,6E 193,2026-09-13,7,economy,,,9778.0,False,20:00,ok,2026-09-06T12:09:19.037866+05:30,2026-09-06_1209IST,airline_direct,IndiGo
MAA,DEL,6E,IndiGo,6E 6487,2026-09-13,7,business,,,30916.0,False,21:25,ok,2026-09-06T12:09:19.037866+05:30,2026-09-06_1209IST,airline_direct,IndiGo
MAA,DEL,6E,IndiGo,6E 6487,2026-09-13,7,economy,,,9778.0,False,21:25,ok,2026-09-06T12:09:19.037866+05:30,2026-09-06_1209IST,airline_direct,IndiGo
MAA,DEL,6E,IndiGo,6E 561,2026-09-13,7,business,,,27823.0,False,22:20,ok,2026-09-06T12:09:19.037866+05:30,2026-09-06_1209IST,airline_direct,IndiGo
MAA,DEL,6E,IndiGo,6E 561,2026-09-13,7,economy,,,9778.0,False,22:20,ok,2026-09-06T12:09:19.037866+05:30,2026-09-06_1209IST,airline_direct,IndiGo
MAA,DEL,6E,IndiGo,6E 6081,2026-09-13,7,business,,,32713.0,False,07:05,ok,2026-09-06T12:09:19.037866+05:30,2026-09-06_1209IST,airline_direct,IndiGo
MAA,DEL,6E,IndiGo,6E 6081,2026-09-13,7,economy,,,9857.0,False,07:05,ok,2026-09-06T12:09:19.037866+05:30,2026-09-06_1209IST,airline_direct,IndiGo
MAA,DEL,6E,IndiGo,6E 6081,2026-09-13,7,business,,,32713.0,False,07:05,ok,2026-09-06T12:09:19.037866+05:30,2026-09-06_1209IST,airline_direct,IndiGo
MAA,DEL,6E,IndiGo,6E 6081,2026-09-13,7,economy,,,9857.0,False,07:05,ok,2026-09-06T12:09:19.037866+05:30,2026-09-06_1209IST,airline_direct,IndiGo
MAA,DEL,6E,IndiGo,6E 6815,2026-09-13,7,business,,,32713.0,False,08:55,ok,2026-09-06T12:09:19.037866+05:30,2026-09-06_1209IST,airline_direct,IndiGo
MAA,DEL,6E,IndiGo,6E 6815,2026-09-13,7,economy,,,9857.0,False,08:55,ok,2026-09-06T12:09:19.037866+05:30,2026-09-06_1209IST,airline_direct,IndiGo
MAA,DEL,6E,IndiGo,6E 6892,2026-09-13,7,business,,,34299.0,False,10:55,ok,2026-09-06T12:09:19.037866+05:30,2026-09-06_1209IST,airline_direct,IndiGo
MAA,DEL,6E,IndiGo,6E 6892,2026-09-13,7,economy,,,9857.0,False,10:55,ok,2026-09-06T12:09:19.037866+05:30,2026-09-06_1209IST,airline_direct,IndiGo
MAA,DEL,6E,IndiGo,6E 6892,2026-09-13,7,business,,,34299.0,False,10:55,ok,2026-09-06T12:09:19.037866+05:30,2026-09-06_1209IST,airline_direct,IndiGo
MAA,DEL,6E,IndiGo,6E 6892,2026-09-13,7,economy,,,9857.0,False,10:55,ok,2026-09-06T12:09:19.037866+05:30,2026-09-06_1209IST,airline_direct,IndiGo
MAA,DEL,6E,IndiGo,6E 6209,2026-09-13,7,business,,,34299.0,False,14:35,ok,2026-09-06T12:09:19.037866+05:30,2026-09-06_1209IST,airline_direct,IndiGo
MAA,DEL,6E,IndiGo,6E 6209,2026-09-13,7,economy,,,9857.0,False,14:35,ok,2026-09-06T12:09:19.037866+05:30,2026-09-06_1209IST,airline_direct,IndiGo
MAA,DEL,6E,IndiGo,6E 847,2026-09-13,7,business,,,34299.0,False,16:15,ok,2026-09-06T12:09:19.037866+05:30,2026-09-06_1209IST,airline_direct,IndiGo
MAA,DEL,6E,IndiGo,6E 847,2026-09-13,7,economy,,,9857.0,False,16:15,ok,2026-09-06T12:09:19.037866+05:30,2026-09-06_1209IST,airline_direct,IndiGo
MAA,DEL,6E,IndiGo,6E 6140,2026-09-13,7,business,,,32304.0,False,02:30,ok,2026-09-06T12:09:19.037866+05:30,2026-09-06_1209IST,airline_direct,IndiGo
MAA,DEL,6E,IndiGo,6E 6140,2026-09-13,7,economy,,,9988.0,False,02:30,ok,2026-09-06T12:09:19.037866+05:30,2026-09-06_1209IST,airline_direct,IndiGo
MAA,DEL,6E,IndiGo,6E 5314,2026-09-13,7,business,,,39741.0,False,06:45,ok,2026-09-06T12:09:19.037866+05:30,2026-09-06_1209IST,airline_direct,IndiGo
MAA,DEL,6E,IndiGo,6E 5314,2026-09-13,7,economy,,,9988.0,False,06:45,ok,2026-09-06T12:09:19.037866+05:30,2026-09-06_1209IST,airline_direct,IndiGo
MAA,DEL,6E,IndiGo,6E 6348,2026-09-13,7,business,,,39741.0,False,09:00,ok,2026-09-06T12:09:19.037866+05:30,2026-09-06_1209IST,airline_direct,IndiGo
MAA,DEL,6E,IndiGo,6E 6348,2026-09-13,7,economy,,,9988.0,False,09:00,ok,2026-09-06T12:09:19.037866+05:30,2026-09-06_1209IST,airline_direct,IndiGo
MAA,DEL,6E,IndiGo,6E 6348,2026-09-13,7,business,,,39741.0,False,09:00,ok,2026-09-06T12:09:19.037866+05:30,2026-09-06_1209IST,airline_direct,IndiGo
MAA,DEL,6E,IndiGo,6E 6348,2026-09-13,7,economy,,,9988.0,False,09:00,ok,2026-09-06T12:09:19.037866+05:30,2026-09-06_1209IST,airline_direct,IndiGo
MAA,DEL,6E,IndiGo,6E 5214,2026-09-13,7,business,,,39741.0,False,11:00,ok,2026-09-06T12:09:19.037866+05:30,2026-09-06_1209IST,airline_direct,IndiGo
MAA,DEL,6E,IndiGo,6E 5214,2026-09-13,7,economy,,,9988.0,False,11:00,ok,2026-09-06T12:09:19.037866+05:30,2026-09-06_1209IST,airline_direct,IndiGo
MAA,DEL,6E,IndiGo,6E 6326,2026-09-13,7,business,,,35229.0,False,11:45,ok,2026-09-06T12:09:19.037866+05:30,2026-09-06_1209IST,airline_direct,IndiGo
MAA,DEL,6E,IndiGo,6E 6326,2026-09-13,7,economy,,,9988.0,False,11:45,ok,2026-09-06T12:09:19.037866+05:30,2026-09-06_1209IST,airline_direct,IndiGo
MAA,DEL,6E,IndiGo,6E 5258,2026-09-13,7,business,,,39741.0,False,12:45,ok,2026-09-06T12:09:19.037866+05:30,2026-09-06_1209IST,airline_direct,IndiGo
MAA,DEL,6E,IndiGo,6E 5258,2026-09-13,7,economy,,,9988.0,False,12:45,ok,2026-09-06T12:09:19.037866+05:30,2026-09-06_1209IST,airline_direct,IndiGo
MAA,DEL,6E,IndiGo,6E 5258,2026-09-13,7,business,,,39741.0,False,12:45,ok,2026-09-06T12:09:19.037866+05:30,2026-09-06_1209IST,airline_direct,IndiGo
MAA,DEL,6E,IndiGo,6E 5258,2026-09-13,7,economy,,,9988.0,False,12:45,ok,2026-09-06T12:09:19.037866+05:30,2026-09-06_1209IST,airline_direct,IndiGo
MAA,DEL,6E,IndiGo,6E 981,2026-09-13,7,economy,,,9988.0,False,13:50,ok,2026-09-06T12:09:19.037866+05:30,2026-09-06_1209IST,airline_direct,IndiGo
MAA,DEL,6E,IndiGo,6E 5371,2026-09-13,7,business,,,39741.0,False,14:45,ok,2026-09-06T12:09:19.037866+05:30,2026-09-06_1209IST,airline_direct,IndiGo
MAA,DEL,6E,IndiGo,6E 5371,2026-09-13,7,economy,,,9988.0,False,14:45,ok,2026-09-06T12:09:19.037866+05:30,2026-09-06_1209IST,airline_direct,IndiGo
MAA,DEL,6E,IndiGo,6E 5104,2026-09-13,7,business,,,39741.0,False,16:40,ok,2026-09-06T12:09:19.037866+05:30,2026-09-06_1209IST,airline_direct,IndiGo
MAA,DEL,6E,IndiGo,6E 5104,2026-09-13,7,economy,,,9988.0,False,16:40,ok,2026-09-06T12:09:19.037866+05:30,2026-09-06_1209IST,airline_direct,IndiGo
MAA,DEL,6E,IndiGo,6E 606,2026-09-13,7,business,,,35937.0,False,18:05,ok,2026-09-06T12:09:19.037866+05:30,2026-09-06_1209IST,airline_direct,IndiGo
MAA,DEL,6E,IndiGo,6E 606,2026-09-13,7,economy,,,9988.0,False,18:05,ok,2026-09-06T12:09:19.037866+05:30,2026-09-06_1209IST,airline_direct,IndiGo
MAA,DEL,6E,IndiGo,6E 5367,2026-09-13,7,business,,,39741.0,False,18:15,ok,2026-09-06T12:09:19.037866+05:30,2026-09-06_1209IST,airline_direct,IndiGo
MAA,DEL,6E,IndiGo,6E 5367,2026-09-13,7,economy,,,9988.0,False,18:15,ok,2026-09-06T12:09:19.037866+05:30,2026-09-06_1209IST,airline_direct,IndiGo
MAA,DEL,6E,IndiGo,6E 6209,2026-09-13,7,business,,,34299.0,False,14:35,ok,2026-09-06T12:09:19.037866+05:30,2026-09-06_1209IST,airline_direct,IndiGo
MAA,DEL,6E,IndiGo,6E 6209,2026-09-13,7,economy,,,10614.0,False,14:35,ok,2026-09-06T12:09:19.037866+05:30,2026-09-06_1209IST,airline_direct,IndiGo
MAA,DEL,6E,IndiGo,6E 7199,2026-09-13,7,economy,,,10614.0,False,15:05,ok,2026-09-06T12:09:19.037866+05:30,2026-09-06_1209IST,airline_direct,IndiGo
MAA,DEL,6E,IndiGo,6E 6005,2026-09-13,7,economy,,,10614.0,False,15:45,ok,2026-09-06T12:09:19.037866+05:30,2026-09-06_1209IST,airline_direct,IndiGo
MAA,DEL,6E,IndiGo,6E 539,2026-09-13,7,economy,,,11366.0,False,11:25,ok,2026-09-06T12:09:19.037866+05:30,2026-09-06_1209IST,airline_direct,IndiGo
MAA,DEL,6E,IndiGo,6E 6925,2026-09-13,7,business,,,30979.0,False,12:00,ok,2026-09-06T12:09:19.037866+05:30,2026-09-06_1209IST,airline_direct,IndiGo
MAA,DEL,6E,IndiGo,6E 6925,2026-09-13,7,economy,,,11366.0,False,12:00,ok,2026-09-06T12:09:19.037866+05:30,2026-09-06_1209IST,airline_direct,IndiGo
MAA,DEL,6E,IndiGo,6E 6158,2026-09-13,7,business,,,30979.0,False,16:10,ok,2026-09-06T12:09:19.037866+05:30,2026-09-06_1209IST,airline_direct,IndiGo
MAA,DEL,6E,IndiGo,6E 6158,2026-09-13,7,economy,,,11366.0,False,16:10,ok,2026-09-06T12:09:19.037866+05:30,2026-09-06_1209IST,airline_direct,IndiGo
MAA,DEL,6E,IndiGo,6E 562,2026-09-13,7,business,,,31579.0,False,18:20,ok,2026-09-06T12:09:19.037866+05:30,2026-09-06_1209IST,airline_direct,IndiGo
MAA,DEL,6E,IndiGo,6E 562,2026-09-13,7,economy,,,12277.0,False,18:20,ok,2026-09-06T12:09:19.037866+05:30,2026-09-06_1209IST,airline_direct,IndiGo
MAA,DEL,6E,IndiGo,6E 726,2026-09-13,7,economy,,,12356.0,False,18:20,ok,2026-09-06T12:09:19.037866+05:30,2026-09-06_1209IST,airline_direct,IndiGo
MAA,DEL,6E,IndiGo,6E 321,2026-09-13,7,business,,,35229.0,False,08:20,ok,2026-09-06T12:09:19.037866+05:30,2026-09-06_1209IST,airline_direct,IndiGo
MAA,DEL,6E,IndiGo,6E 321,2026-09-13,7,economy,,,12487.0,False,08:20,ok,2026-09-06T12:09:19.037866+05:30,2026-09-06_1209IST,airline_direct,IndiGo
MAA,DEL,6E,IndiGo,6E 189,2026-09-13,7,business,,,34299.0,False,19:05,ok,2026-09-06T12:09:19.037866+05:30,2026-09-06_1209IST,airline_direct,IndiGo
MAA,DEL,6E,IndiGo,6E 189,2026-09-13,7,economy,,,13383.0,False,19:05,ok,2026-09-06T12:09:19.037866+05:30,2026-09-06_1209IST,airline_direct,IndiGo
MAA,DEL,6E,IndiGo,6E 6113,2026-09-13,7,economy,,,13881.0,False,17:00,ok,2026-09-06T12:09:19.037866+05:30,2026-09-06_1209IST,airline_direct,IndiGo
MAA,DEL,6E,IndiGo,6E 597,2026-09-13,7,economy,,,14741.0,False,17:45,ok,2026-09-06T12:09:19.037866+05:30,2026-09-06_1209IST,airline_direct,IndiGo
MAA,DEL,6E,IndiGo,6E 973,2026-09-13,7,economy,,,16898.0,False,11:55,ok,2026-09-06T12:09:19.037866+05:30,2026-09-06_1209IST,airline_direct,IndiGo
MAA,DEL,6E,IndiGo,6E 848,2026-09-13,7,economy,,,21576.0,False,17:50,ok,2026-09-06T12:09:19.037866+05:30,2026-09-06_1209IST,airline_direct,IndiGo
DEL,BOM,6E,IndiGo,6E 6107,2026-09-21,15,business,,,21900.0,False,09:30,ok,2026-09-06T12:10:27.584638+05:30,2026-09-06_1210IST,airline_direct,IndiGo
DEL,BOM,6E,IndiGo,6E 6107,2026-09-21,15,economy,,,6305.0,False,09:30,ok,2026-09-06T12:10:27.584638+05:30,2026-09-06_1210IST,airline_direct,IndiGo
DEL,BOM,6E,IndiGo,6E 6047,2026-09-21,15,business,,,21900.0,False,11:00,ok,2026-09-06T12:10:27.584638+05:30,2026-09-06_1210IST,airline_direct,IndiGo
DEL,BOM,6E,IndiGo,6E 6047,2026-09-21,15,economy,,,6305.0,False,11:00,ok,2026-09-06T12:10:27.584638+05:30,2026-09-06_1210IST,airline_direct,IndiGo
DEL,BOM,6E,IndiGo,6E 6676,2026-09-21,15,business,,,21900.0,False,12:00,ok,2026-09-06T12:10:27.584638+05:30,2026-09-06_1210IST,airline_direct,IndiGo
DEL,BOM,6E,IndiGo,6E 6676,2026-09-21,15,economy,,,6305.0,False,12:00,ok,2026-09-06T12:10:27.584638+05:30,2026-09-06_1210IST,airline_direct,IndiGo
DEL,BOM,6E,IndiGo,6E 324,2026-09-21,15,business,,,21900.0,False,13:00,ok,2026-09-06T12:10:27.584638+05:30,2026-09-06_1210IST,airline_direct,IndiGo
DEL,BOM,6E,IndiGo,6E 324,2026-09-21,15,economy,,,6305.0,False,13:00,ok,2026-09-06T12:10:27.584638+05:30,2026-09-06_1210IST,airline_direct,IndiGo
DEL,BOM,6E,IndiGo,6E 6022,2026-09-21,15,business,,,21900.0,False,14:00,ok,2026-09-06T12:10:27.584638+05:30,2026-09-06_1210IST,airline_direct,IndiGo
DEL,BOM,6E,IndiGo,6E 6022,2026-09-21,15,economy,,,6305.0,False,14:00,ok,2026-09-06T12:10:27.584638+05:30,2026-09-06_1210IST,airline_direct,IndiGo
DEL,BOM,6E,IndiGo,6E 6318,2026-09-21,15,business,,,21900.0,False,14:45,ok,2026-09-06T12:10:27.584638+05:30,2026-09-06_1210IST,airline_direct,IndiGo
DEL,BOM,6E,IndiGo,6E 6318,2026-09-21,15,economy,,,6305.0,False,14:45,ok,2026-09-06T12:10:27.584638+05:30,2026-09-06_1210IST,airline_direct,IndiGo
DEL,BOM,6E,IndiGo,6E 864,2026-09-21,15,business,,,21900.0,False,15:30,ok,2026-09-06T12:10:27.584638+05:30,2026-09-06_1210IST,airline_direct,IndiGo
DEL,BOM,6E,IndiGo,6E 864,2026-09-21,15,economy,,,6305.0,False,15:30,ok,2026-09-06T12:10:27.584638+05:30,2026-09-06_1210IST,airline_direct,IndiGo
DEL,BOM,6E,IndiGo,6E 327,2026-09-21,15,business,,,21900.0,False,16:15,ok,2026-09-06T12:10:27.584638+05:30,2026-09-06_1210IST,airline_direct,IndiGo
DEL,BOM,6E,IndiGo,6E 327,2026-09-21,15,economy,,,6305.0,False,16:15,ok,2026-09-06T12:10:27.584638+05:30,2026-09-06_1210IST,airline_direct,IndiGo
DEL,BOM,6E,IndiGo,6E 6706,2026-09-21,15,business,,,21900.0,False,17:00,ok,2026-09-06T12:10:27.584638+05:30,2026-09-06_1210IST,airline_direct,IndiGo
DEL,BOM,6E,IndiGo,6E 6706,2026-09-21,15,economy,,,6305.0,False,17:00,ok,2026-09-06T12:10:27.584638+05:30,2026-09-06_1210IST,airline_direct,IndiGo
DEL,BOM,6E,IndiGo,6E 329,2026-09-21,15,business,,,21900.0,False,18:00,ok,2026-09-06T12:10:27.584638+05:30,2026-09-06_1210IST,airline_direct,IndiGo
DEL,BOM,6E,IndiGo,6E 329,2026-09-21,15,economy,,,6305.0,False,18:00,ok,2026-09-06T12:10:27.584638+05:30,2026-09-06_1210IST,airline_direct,IndiGo
DEL,BOM,6E,IndiGo,6E 354,2026-09-21,15,business,,,21900.0,False,19:00,ok,2026-09-06T12:10:27.584638+05:30,2026-09-06_1210IST,airline_direct,IndiGo
DEL,BOM,6E,IndiGo,6E 354,2026-09-21,15,economy,,,6305.0,False,19:00,ok,2026-09-06T12:10:27.584638+05:30,2026-09-06_1210IST,airline_direct,IndiGo
DEL,BOM,6E,IndiGo,6E 303,2026-09-21,15,business,,,21900.0,False,20:00,ok,2026-09-06T12:10:27.584638+05:30,2026-09-06_1210IST,airline_direct,IndiGo
DEL,BOM,6E,IndiGo,6E 303,2026-09-21,15,economy,,,6305.0,False,20:00,ok,2026-09-06T12:10:27.584638+05:30,2026-09-06_1210IST,airline_direct,IndiGo
DEL,BOM,6E,IndiGo,6E 6114,2026-09-21,15,business,,,21900.0,False,22:45,ok,2026-09-06T12:10:27.584638+05:30,2026-09-06_1210IST,airline_direct,IndiGo
DEL,BOM,6E,IndiGo,6E 6114,2026-09-21,15,economy,,,6305.0,False,22:45,ok,2026-09-06T12:10:27.584638+05:30,2026-09-06_1210IST,airline_direct,IndiGo
DEL,BOM,6E,IndiGo,6E 322,2026-09-21,15,business,,,21900.0,False,23:30,ok,2026-09-06T12:10:27.584638+05:30,2026-09-06_1210IST,airline_direct,IndiGo
DEL,BOM,6E,IndiGo,6E 322,2026-09-21,15,economy,,,6305.0,False,23:30,ok,2026-09-06T12:10:27.584638+05:30,2026-09-06_1210IST,airline_direct,IndiGo
DEL,BOM,6E,IndiGo,6E 449,2026-09-21,15,business,,,21900.0,False,05:00,ok,2026-09-06T12:10:27.584638+05:30,2026-09-06_1210IST,airline_direct,IndiGo
DEL,BOM,6E,IndiGo,6E 449,2026-09-21,15,economy,,,6357.0,False,05:00,ok,2026-09-06T12:10:27.584638+05:30,2026-09-06_1210IST,airline_direct,IndiGo
DEL,BOM,6E,IndiGo,6E 675,2026-09-21,15,business,,,21900.0,False,08:45,ok,2026-09-06T12:10:27.584638+05:30,2026-09-06_1210IST,airline_direct,IndiGo
DEL,BOM,6E,IndiGo,6E 675,2026-09-21,15,economy,,,6357.0,False,08:45,ok,2026-09-06T12:10:27.584638+05:30,2026-09-06_1210IST,airline_direct,IndiGo
DEL,BOM,6E,IndiGo,6E 6328,2026-09-21,15,business,,,21900.0,False,10:15,ok,2026-09-06T12:10:27.584638+05:30,2026-09-06_1210IST,airline_direct,IndiGo
DEL,BOM,6E,IndiGo,6E 6328,2026-09-21,15,economy,,,6357.0,False,10:15,ok,2026-09-06T12:10:27.584638+05:30,2026-09-06_1210IST,airline_direct,IndiGo
DEL,BOM,6E,IndiGo,6E 853,2026-09-21,15,business,,,21900.0,False,20:45,ok,2026-09-06T12:10:27.584638+05:30,2026-09-06_1210IST,airline_direct,IndiGo
DEL,BOM,6E,IndiGo,6E 853,2026-09-21,15,economy,,,6357.0,False,20:45,ok,2026-09-06T12:10:27.584638+05:30,2026-09-06_1210IST,airline_direct,IndiGo
DEL,BOM,6E,IndiGo,6E 395,2026-09-21,15,business,,,21900.0,False,21:45,ok,2026-09-06T12:10:27.584638+05:30,2026-09-06_1210IST,airline_direct,IndiGo
DEL,BOM,6E,IndiGo,6E 395,2026-09-21,15,economy,,,6357.0,False,21:45,ok,2026-09-06T12:10:27.584638+05:30,2026-09-06_1210IST,airline_direct,IndiGo
DEL,BOM,6E,IndiGo,6E 6218,2026-09-21,15,business,,,21900.0,False,06:05,ok,2026-09-06T12:10:27.584638+05:30,2026-09-06_1210IST,airline_direct,IndiGo
DEL,BOM,6E,IndiGo,6E 6218,2026-09-21,15,economy,,,6431.0,False,06:05,ok,2026-09-06T12:10:27.584638+05:30,2026-09-06_1210IST,airline_direct,IndiGo
DEL,BOM,6E,IndiGo,6E 6814,2026-09-21,15,business,,,21900.0,False,07:15,ok,2026-09-06T12:10:27.584638+05:30,2026-09-06_1210IST,airline_direct,IndiGo
DEL,BOM,6E,IndiGo,6E 6814,2026-09-21,15,economy,,,6688.0,False,07:15,ok,2026-09-06T12:10:27.584638+05:30,2026-09-06_1210IST,airline_direct,IndiGo
DEL,BOM,6E,IndiGo,6E 320,2026-09-21,15,business,,,33500.0,False,08:00,ok,2026-09-06T12:10:27.584638+05:30,2026-09-06_1210IST,airline_direct,IndiGo
DEL,BOM,6E,IndiGo,6E 320,2026-09-21,15,economy,,,6688.0,False,08:00,ok,2026-09-06T12:10:27.584638+05:30,2026-09-06_1210IST,airline_direct,IndiGo
DEL,BOM,6E,IndiGo,6E 6261,2026-09-21,15,economy,,,6618.0,False,00:15,ok,2026-09-06T12:10:27.584638+05:30,2026-09-06_1210IST,airline_direct,IndiGo
DEL,BOM,6E,IndiGo,6E 5119,2026-09-21,15,economy,,,6618.0,False,05:10,ok,2026-09-06T12:10:27.584638+05:30,2026-09-06_1210IST,airline_direct,IndiGo
DEL,BOM,6E,IndiGo,6E 5119,2026-09-21,15,economy,,,6618.0,False,05:10,ok,2026-09-06T12:10:27.584638+05:30,2026-09-06_1210IST,airline_direct,IndiGo
DEL,BOM,6E,IndiGo,6E 2383,2026-09-21,15,economy,,,6618.0,False,05:40,ok,2026-09-06T12:10:27.584638+05:30,2026-09-06_1210IST,airline_direct,IndiGo
DEL,BOM,6E,IndiGo,6E 2076,2026-09-21,15,economy,,,6618.0,False,07:30,ok,2026-09-06T12:10:27.584638+05:30,2026-09-06_1210IST,airline_direct,IndiGo
DEL,BOM,6E,IndiGo,6E 2331,2026-09-21,15,economy,,,6618.0,False,12:20,ok,2026-09-06T12:10:27.584638+05:30,2026-09-06_1210IST,airline_direct,IndiGo
DEL,BOM,6E,IndiGo,6E 2341,2026-09-21,15,economy,,,6618.0,False,14:50,ok,2026-09-06T12:10:27.584638+05:30,2026-09-06_1210IST,airline_direct,IndiGo
DEL,BOM,6E,IndiGo,6E 6983,2026-09-21,15,economy,,,6618.0,False,15:35,ok,2026-09-06T12:10:27.584638+05:30,2026-09-06_1210IST,airline_direct,IndiGo
DEL,BOM,6E,IndiGo,6E 5073,2026-09-21,15,economy,,,6618.0,False,17:05,ok,2026-09-06T12:10:27.584638+05:30,2026-09-06_1210IST,airline_direct,IndiGo
DEL,BOM,6E,IndiGo,6E 5073,2026-09-21,15,economy,,,6618.0,False,17:05,ok,2026-09-06T12:10:27.584638+05:30,2026-09-06_1210IST,airline_direct,IndiGo
DEL,BOM,6E,IndiGo,6E 5014,2026-09-21,15,economy,,,6618.0,False,18:30,ok,2026-09-06T12:10:27.584638+05:30,2026-09-06_1210IST,airline_direct,IndiGo
DEL,BOM,6E,IndiGo,6E 931,2026-09-21,15,economy,,,6618.0,False,19:35,ok,2026-09-06T12:10:27.584638+05:30,2026-09-06_1210IST,airline_direct,IndiGo
DEL,BOM,6E,IndiGo,6E 2013,2026-09-21,15,economy,,,6618.0,False,21:50,ok,2026-09-06T12:10:27.584638+05:30,2026-09-06_1210IST,airline_direct,IndiGo
DEL,BOM,6E,IndiGo,6E 6569,2026-09-21,15,economy,,,6750.0,False,05:00,ok,2026-09-06T12:10:27.584638+05:30,2026-09-06_1210IST,airline_direct,IndiGo
DEL,BOM,6E,IndiGo,6E 6459,2026-09-21,15,economy,,,6750.0,False,05:55,ok,2026-09-06T12:10:27.584638+05:30,2026-09-06_1210IST,airline_direct,IndiGo
DEL,BOM,6E,IndiGo,6E 6443,2026-09-21,15,economy,,,6750.0,False,09:00,ok,2026-09-06T12:10:27.584638+05:30,2026-09-06_1210IST,airline_direct,IndiGo
DEL,BOM,6E,IndiGo,6E 6488,2026-09-21,15,economy,,,6750.0,False,11:20,ok,2026-09-06T12:10:27.584638+05:30,2026-09-06_1210IST,airline_direct,IndiGo
DEL,BOM,6E,IndiGo,6E 2021,2026-09-21,15,economy,,,6750.0,False,12:10,ok,2026-09-06T12:10:27.584638+05:30,2026-09-06_1210IST,airline_direct,IndiGo
DEL,BOM,6E,IndiGo,6E 2249,2026-09-21,15,economy,,,6750.0,False,15:00,ok,2026-09-06T12:10:27.584638+05:30,2026-09-06_1210IST,airline_direct,IndiGo
DEL,BOM,6E,IndiGo,6E 6433,2026-09-21,15,economy,,,6750.0,False,16:30,ok,2026-09-06T12:10:27.584638+05:30,2026-09-06_1210IST,airline_direct,IndiGo
DEL,BOM,6E,IndiGo,6E 6829,2026-09-21,15,economy,,,6750.0,False,17:20,ok,2026-09-06T12:10:27.584638+05:30,2026-09-06_1210IST,airline_direct,IndiGo
DEL,BOM,6E,IndiGo,6E 6829,2026-09-21,15,economy,,,6750.0,False,17:20,ok,2026-09-06T12:10:27.584638+05:30,2026-09-06_1210IST,airline_direct,IndiGo
DEL,BOM,6E,IndiGo,6E 2169,2026-09-21,15,economy,,,6750.0,False,19:40,ok,2026-09-06T12:10:27.584638+05:30,2026-09-06_1210IST,airline_direct,IndiGo
DEL,BOM,6E,IndiGo,6E 6050,2026-09-21,15,economy,,,6828.0,False,08:15,ok,2026-09-06T12:10:27.584638+05:30,2026-09-06_1210IST,airline_direct,IndiGo
DEL,BOM,6E,IndiGo,6E 5298,2026-09-21,15,economy,,,6828.0,False,09:00,ok,2026-09-06T12:10:27.584638+05:30,2026-09-06_1210IST,airline_direct,IndiGo
DEL,BOM,6E,IndiGo,6E 5206,2026-09-21,15,economy,,,6828.0,False,13:20,ok,2026-09-06T12:10:27.584638+05:30,2026-09-06_1210IST,airline_direct,IndiGo
DEL,BOM,6E,IndiGo,6E 5038,2026-09-21,15,economy,,,6828.0,False,14:00,ok,2026-09-06T12:10:27.584638+05:30,2026-09-06_1210IST,airline_direct,IndiGo
DEL,BOM,6E,IndiGo,6E 2151,2026-09-21,15,economy,,,6828.0,False,19:45,ok,2026-09-06T12:10:27.584638+05:30,2026-09-06_1210IST,airline_direct,IndiGo
DEL,BOM,6E,IndiGo,6E 6479,2026-09-21,15,economy,,,6828.0,False,21:25,ok,2026-09-06T12:10:27.584638+05:30,2026-09-06_1210IST,airline_direct,IndiGo
DEL,BOM,6E,IndiGo,6E 704,2026-09-21,15,business,,,32081.0,False,02:25,ok,2026-09-06T12:10:27.584638+05:30,2026-09-06_1210IST,airline_direct,IndiGo
DEL,BOM,6E,IndiGo,6E 704,2026-09-21,15,economy,,,6960.0,False,02:25,ok,2026-09-06T12:10:27.584638+05:30,2026-09-06_1210IST,airline_direct,IndiGo
DEL,BOM,6E,IndiGo,6E 705,2026-09-21,15,business,,,29617.0,False,08:30,ok,2026-09-06T12:10:27.584638+05:30,2026-09-06_1210IST,airline_direct,IndiGo
DEL,BOM,6E,IndiGo,6E 705,2026-09-21,15,economy,,,6960.0,False,08:30,ok,2026-09-06T12:10:27.584638+05:30,2026-09-06_1210IST,airline_direct,IndiGo
DEL,BOM,6E,IndiGo,6E 6293,2026-09-21,15,business,,,29617.0,False,09:55,ok,2026-09-06T12:10:27.584638+05:30,2026-09-06_1210IST,airline_direct,IndiGo
DEL,BOM,6E,IndiGo,6E 6293,2026-09-21,15,economy,,,6960.0,False,09:55,ok,2026-09-06T12:10:27.584638+05:30,2026-09-06_1210IST,airline_direct,IndiGo
DEL,BOM,6E,IndiGo,6E 884,2026-09-21,15,business,,,29617.0,False,11:45,ok,2026-09-06T12:10:27.584638+05:30,2026-09-06_1210IST,airline_direct,IndiGo
DEL,BOM,6E,IndiGo,6E 884,2026-09-21,15,economy,,,6960.0,False,11:45,ok,2026-09-06T12:10:27.584638+05:30,2026-09-06_1210IST,airline_direct,IndiGo
DEL,BOM,6E,IndiGo,6E 6282,2026-09-21,15,business,,,29617.0,False,13:30,ok,2026-09-06T12:10:27.584638+05:30,2026-09-06_1210IST,airline_direct,IndiGo
DEL,BOM,6E,IndiGo,6E 6282,2026-09-21,15,economy,,,6960.0,False,13:30,ok,2026-09-06T12:10:27.584638+05:30,2026-09-06_1210IST,airline_direct,IndiGo
DEL,BOM,6E,IndiGo,6E 6282,2026-09-21,15,business,,,29617.0,False,13:30,ok,2026-09-06T12:10:27.584638+05:30,2026-09-06_1210IST,airline_direct,IndiGo
DEL,BOM,6E,IndiGo,6E 6282,2026-09-21,15,economy,,,6960.0,False,13:30,ok,2026-09-06T12:10:27.584638+05:30,2026-09-06_1210IST,airline_direct,IndiGo
DEL,BOM,6E,IndiGo,6E 6212,2026-09-21,15,business,,,29617.0,False,14:45,ok,2026-09-06T12:10:27.584638+05:30,2026-09-06_1210IST,airline_direct,IndiGo
DEL,BOM,6E,IndiGo,6E 6212,2026-09-21,15,economy,,,6960.0,False,14:45,ok,2026-09-06T12:10:27.584638+05:30,2026-09-06_1210IST,airline_direct,IndiGo
DEL,BOM,6E,IndiGo,6E 6497,2026-09-21,15,economy,,,6960.0,False,18:40,ok,2026-09-06T12:10:27.584638+05:30,2026-09-06_1210IST,airline_direct,IndiGo
DEL,BOM,6E,IndiGo,6E 6601,2026-09-21,15,business,,,29617.0,False,19:45,ok,2026-09-06T12:10:27.584638+05:30,2026-09-06_1210IST,airline_direct,IndiGo
DEL,BOM,6E,IndiGo,6E 6601,2026-09-21,15,economy,,,6960.0,False,19:45,ok,2026-09-06T12:10:27.584638+05:30,2026-09-06_1210IST,airline_direct,IndiGo
DEL,BOM,6E,IndiGo,6E 357,2026-09-21,15,business,,,37087.0,False,19:30,ok,2026-09-06T12:10:27.584638+05:30,2026-09-06_1210IST,airline_direct,IndiGo
DEL,BOM,6E,IndiGo,6E 357,2026-09-21,15,economy,,,7038.0,False,19:30,ok,2026-09-06T12:10:27.584638+05:30,2026-09-06_1210IST,airline_direct,IndiGo
DEL,BOM,6E,IndiGo,6E 882,2026-09-21,15,business,,,26583.0,False,23:15,ok,2026-09-06T12:10:27.584638+05:30,2026-09-06_1210IST,airline_direct,IndiGo
DEL,BOM,6E,IndiGo,6E 882,2026-09-21,15,economy,,,8059.0,False,23:15,ok,2026-09-06T12:10:27.584638+05:30,2026-09-06_1210IST,airline_direct,IndiGo
DEL,BOM,6E,IndiGo,6E 358,2026-09-21,15,business,,,42397.0,False,12:15,ok,2026-09-06T12:10:27.584638+05:30,2026-09-06_1210IST,airline_direct,IndiGo
DEL,BOM,6E,IndiGo,6E 358,2026-09-21,15,economy,,,8138.0,False,12:15,ok,2026-09-06T12:10:27.584638+05:30,2026-09-06_1210IST,airline_direct,IndiGo
DEL,BOM,6E,IndiGo,6E 5138,2026-09-21,15,economy,,,8482.0,False,19:10,ok,2026-09-06T12:10:27.584638+05:30,2026-09-06_1210IST,airline_direct,IndiGo
DEL,BOM,6E,IndiGo,6E 5033,2026-09-21,15,economy,,,11432.0,False,15:50,ok,2026-09-06T12:10:27.584638+05:30,2026-09-06_1210IST,airline_direct,IndiGo
DEL,BOM,6E,IndiGo,6E 2298,2026-09-21,15,economy,,,14939.0,False,09:45,ok,2026-09-06T12:10:27.584638+05:30,2026-09-06_1210IST,airline_direct,IndiGo
DEL,BLR,6E,IndiGo,6E 6515,2026-09-21,15,business,,,26048.0,False,20:45,ok,2026-09-06T12:11:34.986903+05:30,2026-09-06_1211IST,airline_direct,IndiGo
DEL,BLR,6E,IndiGo,6E 6515,2026-09-21,15,economy,,,8671.0,False,20:45,ok,2026-09-06T12:11:34.986903+05:30,2026-09-06_1211IST,airline_direct,IndiGo
DEL,BLR,6E,IndiGo,6E 846,2026-09-21,15,business,,,26048.0,False,22:00,ok,2026-09-06T12:11:34.986903+05:30,2026-09-06_1211IST,airline_direct,IndiGo
DEL,BLR,6E,IndiGo,6E 846,2026-09-21,15,economy,,,8671.0,False,22:00,ok,2026-09-06T12:11:34.986903+05:30,2026-09-06_1211IST,airline_direct,IndiGo
DEL,BLR,6E,IndiGo,6E 871,2026-09-21,15,business,,,26048.0,False,23:30,ok,2026-09-06T12:11:34.986903+05:30,2026-09-06_1211IST,airline_direct,IndiGo
DEL,BLR,6E,IndiGo,6E 871,2026-09-21,15,economy,,,8671.0,False,23:30,ok,2026-09-06T12:11:34.986903+05:30,2026-09-06_1211IST,airline_direct,IndiGo
DEL,BLR,6E,IndiGo,6E 811,2026-09-21,15,business,,,26048.0,False,18:20,ok,2026-09-06T12:11:34.986903+05:30,2026-09-06_1211IST,airline_direct,IndiGo
DEL,BLR,6E,IndiGo,6E 811,2026-09-21,15,economy,,,9128.0,False,18:20,ok,2026-09-06T12:11:34.986903+05:30,2026-09-06_1211IST,airline_direct,IndiGo
DEL,BLR,6E,IndiGo,6E 861,2026-09-21,15,business,,,30048.0,False,19:30,ok,2026-09-06T12:11:34.986903+05:30,2026-09-06_1211IST,airline_direct,IndiGo
DEL,BLR,6E,IndiGo,6E 861,2026-09-21,15,economy,,,9128.0,False,19:30,ok,2026-09-06T12:11:34.986903+05:30,2026-09-06_1211IST,airline_direct,IndiGo
DEL,BLR,6E,IndiGo,6E 820,2026-09-21,15,business,,,26048.0,False,03:00,ok,2026-09-06T12:11:34.986903+05:30,2026-09-06_1211IST,airline_direct,IndiGo
DEL,BLR,6E,IndiGo,6E 820,2026-09-21,15,economy,,,9613.0,False,03:00,ok,2026-09-06T12:11:34.986903+05:30,2026-09-06_1211IST,airline_direct,IndiGo
DEL,BLR,6E,IndiGo,6E 2314,2026-09-21,15,business,,,26048.0,False,05:45,ok,2026-09-06T12:11:34.986903+05:30,2026-09-06_1211IST,airline_direct,IndiGo
DEL,BLR,6E,IndiGo,6E 2314,2026-09-21,15,economy,,,9613.0,False,05:45,ok,2026-09-06T12:11:34.986903+05:30,2026-09-06_1211IST,airline_direct,IndiGo
DEL,BLR,6E,IndiGo,6E 828,2026-09-21,15,business,,,26048.0,False,14:30,ok,2026-09-06T12:11:34.986903+05:30,2026-09-06_1211IST,airline_direct,IndiGo
DEL,BLR,6E,IndiGo,6E 828,2026-09-21,15,economy,,,9613.0,False,14:30,ok,2026-09-06T12:11:34.986903+05:30,2026-09-06_1211IST,airline_direct,IndiGo
DEL,BLR,6E,IndiGo,6E 880,2026-09-21,15,business,,,26048.0,False,15:45,ok,2026-09-06T12:11:34.986903+05:30,2026-09-06_1211IST,airline_direct,IndiGo
DEL,BLR,6E,IndiGo,6E 880,2026-09-21,15,economy,,,9613.0,False,15:45,ok,2026-09-06T12:11:34.986903+05:30,2026-09-06_1211IST,airline_direct,IndiGo
DEL,BLR,6E,IndiGo,6E 837,2026-09-21,15,business,,,26048.0,False,17:00,ok,2026-09-06T12:11:34.986903+05:30,2026-09-06_1211IST,airline_direct,IndiGo
DEL,BLR,6E,IndiGo,6E 837,2026-09-21,15,economy,,,9613.0,False,17:00,ok,2026-09-06T12:11:34.986903+05:30,2026-09-06_1211IST,airline_direct,IndiGo
DEL,BLR,6E,IndiGo,6E 810,2026-09-21,15,business,,,26048.0,False,07:05,ok,2026-09-06T12:11:34.986903+05:30,2026-09-06_1211IST,airline_direct,IndiGo
DEL,BLR,6E,IndiGo,6E 810,2026-09-21,15,economy,,,10128.0,False,07:05,ok,2026-09-06T12:11:34.986903+05:30,2026-09-06_1211IST,airline_direct,IndiGo
DEL,BLR,6E,IndiGo,6E 873,2026-09-21,15,business,,,26048.0,False,08:20,ok,2026-09-06T12:11:34.986903+05:30,2026-09-06_1211IST,airline_direct,IndiGo
DEL,BLR,6E,IndiGo,6E 873,2026-09-21,15,economy,,,10128.0,False,08:20,ok,2026-09-06T12:11:34.986903+05:30,2026-09-06_1211IST,airline_direct,IndiGo
DEL,BLR,6E,IndiGo,6E 826,2026-09-21,15,business,,,26048.0,False,09:30,ok,2026-09-06T12:11:34.986903+05:30,2026-09-06_1211IST,airline_direct,IndiGo
DEL,BLR,6E,IndiGo,6E 826,2026-09-21,15,economy,,,10128.0,False,09:30,ok,2026-09-06T12:11:34.986903+05:30,2026-09-06_1211IST,airline_direct,IndiGo
DEL,BLR,6E,IndiGo,6E 842,2026-09-21,15,business,,,26048.0,False,10:45,ok,2026-09-06T12:11:34.986903+05:30,2026-09-06_1211IST,airline_direct,IndiGo
DEL,BLR,6E,IndiGo,6E 842,2026-09-21,15,economy,,,10675.0,False,10:45,ok,2026-09-06T12:11:34.986903+05:30,2026-09-06_1211IST,airline_direct,IndiGo
DEL,BLR,6E,IndiGo,6E 850,2026-09-21,15,business,,,26048.0,False,12:20,ok,2026-09-06T12:11:34.986903+05:30,2026-09-06_1211IST,airline_direct,IndiGo
DEL,BLR,6E,IndiGo,6E 850,2026-09-21,15,economy,,,10675.0,False,12:20,ok,2026-09-06T12:11:34.986903+05:30,2026-09-06_1211IST,airline_direct,IndiGo
DEL,BLR,6E,IndiGo,6E 176,2026-09-21,15,business,,,26048.0,False,13:15,ok,2026-09-06T12:11:34.986903+05:30,2026-09-06_1211IST,airline_direct,IndiGo
DEL,BLR,6E,IndiGo,6E 176,2026-09-21,15,economy,,,10675.0,False,13:15,ok,2026-09-06T12:11:34.986903+05:30,2026-09-06_1211IST,airline_direct,IndiGo
DEL,BLR,6E,IndiGo,6E 2151,2026-09-21,15,economy,,,9685.0,False,19:45,ok,2026-09-06T12:11:34.986903+05:30,2026-09-06_1211IST,airline_direct,IndiGo
DEL,BLR,6E,IndiGo,6E 6433,2026-09-21,15,economy,,,9867.0,False,16:30,ok,2026-09-06T12:11:34.986903+05:30,2026-09-06_1211IST,airline_direct,IndiGo
DEL,BLR,6E,IndiGo,6E 704,2026-09-21,15,business,,,24908.0,False,02:25,ok,2026-09-06T12:11:34.986903+05:30,2026-09-06_1211IST,airline_direct,IndiGo
DEL,BLR,6E,IndiGo,6E 704,2026-09-21,15,economy,,,9946.0,False,02:25,ok,2026-09-06T12:11:34.986903+05:30,2026-09-06_1211IST,airline_direct,IndiGo
DEL,BLR,6E,IndiGo,6E 884,2026-09-21,15,business,,,25312.0,False,11:45,ok,2026-09-06T12:11:34.986903+05:30,2026-09-06_1211IST,airline_direct,IndiGo
DEL,BLR,6E,IndiGo,6E 884,2026-09-21,15,economy,,,9946.0,False,11:45,ok,2026-09-06T12:11:34.986903+05:30,2026-09-06_1211IST,airline_direct,IndiGo
DEL,BLR,6E,IndiGo,6E 6282,2026-09-21,15,business,,,25312.0,False,13:30,ok,2026-09-06T12:11:34.986903+05:30,2026-09-06_1211IST,airline_direct,IndiGo
DEL,BLR,6E,IndiGo,6E 6282,2026-09-21,15,economy,,,9946.0,False,13:30,ok,2026-09-06T12:11:34.986903+05:30,2026-09-06_1211IST,airline_direct,IndiGo
DEL,BLR,6E,IndiGo,6E 6212,2026-09-21,15,business,,,24542.0,False,14:45,ok,2026-09-06T12:11:34.986903+05:30,2026-09-06_1211IST,airline_direct,IndiGo
DEL,BLR,6E,IndiGo,6E 6212,2026-09-21,15,economy,,,9946.0,False,14:45,ok,2026-09-06T12:11:34.986903+05:30,2026-09-06_1211IST,airline_direct,IndiGo
DEL,BLR,6E,IndiGo,6E 6217,2026-09-21,15,business,,,24908.0,False,16:15,ok,2026-09-06T12:11:34.986903+05:30,2026-09-06_1211IST,airline_direct,IndiGo
DEL,BLR,6E,IndiGo,6E 6217,2026-09-21,15,economy,,,9946.0,False,16:15,ok,2026-09-06T12:11:34.986903+05:30,2026-09-06_1211IST,airline_direct,IndiGo
DEL,BLR,6E,IndiGo,6E 717,2026-09-21,15,business,,,24908.0,False,17:55,ok,2026-09-06T12:11:34.986903+05:30,2026-09-06_1211IST,airline_direct,IndiGo
DEL,BLR,6E,IndiGo,6E 717,2026-09-21,15,economy,,,9946.0,False,17:55,ok,2026-09-06T12:11:34.986903+05:30,2026-09-06_1211IST,airline_direct,IndiGo
DEL,BLR,6E,IndiGo,6E 2343,2026-09-21,15,business,,,28270.0,False,02:20,ok,2026-09-06T12:11:34.986903+05:30,2026-09-06_1211IST,airline_direct,IndiGo
DEL,BLR,6E,IndiGo,6E 2343,2026-09-21,15,economy,,,10077.0,False,02:20,ok,2026-09-06T12:11:34.986903+05:30,2026-09-06_1211IST,airline_direct,IndiGo
DEL,BLR,6E,IndiGo,6E 5119,2026-09-21,15,economy,,,10077.0,False,05:10,ok,2026-09-06T12:11:34.986903+05:30,2026-09-06_1211IST,airline_direct,IndiGo
DEL,BLR,6E,IndiGo,6E 6459,2026-09-21,15,economy,,,10077.0,False,05:55,ok,2026-09-06T12:11:34.986903+05:30,2026-09-06_1211IST,airline_direct,IndiGo
DEL,BLR,6E,IndiGo,6E 6470,2026-09-21,15,economy,,,10077.0,False,06:55,ok,2026-09-06T12:11:34.986903+05:30,2026-09-06_1211IST,airline_direct,IndiGo
DEL,BLR,6E,IndiGo,6E 6022,2026-09-21,15,business,,,34636.0,False,14:00,ok,2026-09-06T12:11:34.986903+05:30,2026-09-06_1211IST,airline_direct,IndiGo
DEL,BLR,6E,IndiGo,6E 6022,2026-09-21,15,economy,,,10077.0,False,14:00,ok,2026-09-06T12:11:34.986903+05:30,2026-09-06_1211IST,airline_direct,IndiGo
DEL,BLR,6E,IndiGo,6E 2557,2026-09-21,15,economy,,,10077.0,False,15:20,ok,2026-09-06T12:11:34.986903+05:30,2026-09-06_1211IST,airline_direct,IndiGo
DEL,BLR,6E,IndiGo,6E 734,2026-09-21,15,economy,,,10077.0,False,16:20,ok,2026-09-06T12:11:34.986903+05:30,2026-09-06_1211IST,airline_direct,IndiGo
DEL,BLR,6E,IndiGo,6E 6437,2026-09-21,15,business,,,27386.0,False,16:25,ok,2026-09-06T12:11:34.986903+05:30,2026-09-06_1211IST,airline_direct,IndiGo
DEL,BLR,6E,IndiGo,6E 6437,2026-09-21,15,economy,,,10077.0,False,16:25,ok,2026-09-06T12:11:34.986903+05:30,2026-09-06_1211IST,airline_direct,IndiGo
DEL,BLR,6E,IndiGo,6E 6706,2026-09-21,15,business,,,34636.0,False,17:00,ok,2026-09-06T12:11:34.986903+05:30,2026-09-06_1211IST,airline_direct,IndiGo
DEL,BLR,6E,IndiGo,6E 6706,2026-09-21,15,economy,,,10077.0,False,17:00,ok,2026-09-06T12:11:34.986903+05:30,2026-09-06_1211IST,airline_direct,IndiGo
DEL,BLR,6E,IndiGo,6E 5073,2026-09-21,15,economy,,,10077.0,False,17:05,ok,2026-09-06T12:11:34.986903+05:30,2026-09-06_1211IST,airline_direct,IndiGo
DEL,BLR,6E,IndiGo,6E 6829,2026-09-21,15,economy,,,10077.0,False,17:20,ok,2026-09-06T12:11:34.986903+05:30,2026-09-06_1211IST,airline_direct,IndiGo
DEL,BLR,6E,IndiGo,6E 329,2026-09-21,15,business,,,34636.0,False,18:00,ok,2026-09-06T12:11:34.986903+05:30,2026-09-06_1211IST,airline_direct,IndiGo
DEL,BLR,6E,IndiGo,6E 329,2026-09-21,15,economy,,,10077.0,False,18:00,ok,2026-09-06T12:11:34.986903+05:30,2026-09-06_1211IST,airline_direct,IndiGo
DEL,BLR,6E,IndiGo,6E 6179,2026-09-21,15,economy,,,10077.0,False,18:30,ok,2026-09-06T12:11:34.986903+05:30,2026-09-06_1211IST,airline_direct,IndiGo
DEL,BLR,6E,IndiGo,6E 931,2026-09-21,15,economy,,,10077.0,False,19:35,ok,2026-09-06T12:11:34.986903+05:30,2026-09-06_1211IST,airline_direct,IndiGo
DEL,BLR,6E,IndiGo,6E 853,2026-09-21,15,business,,,34636.0,False,20:45,ok,2026-09-06T12:11:34.986903+05:30,2026-09-06_1211IST,airline_direct,IndiGo
DEL,BLR,6E,IndiGo,6E 853,2026-09-21,15,economy,,,10077.0,False,20:45,ok,2026-09-06T12:11:34.986903+05:30,2026-09-06_1211IST,airline_direct,IndiGo
DEL,BLR,6E,IndiGo,6E 6673,2026-09-21,15,business,,,26816.0,False,21:15,ok,2026-09-06T12:11:34.986903+05:30,2026-09-06_1211IST,airline_direct,IndiGo
DEL,BLR,6E,IndiGo,6E 6673,2026-09-21,15,economy,,,10077.0,False,21:15,ok,2026-09-06T12:11:34.986903+05:30,2026-09-06_1211IST,airline_direct,IndiGo
DEL,BLR,6E,IndiGo,6E 2618,2026-09-21,15,business,,,26816.0,False,23:00,ok,2026-09-06T12:11:34.986903+05:30,2026-09-06_1211IST,airline_direct,IndiGo
DEL,BLR,6E,IndiGo,6E 2618,2026-09-21,15,economy,,,10077.0,False,23:00,ok,2026-09-06T12:11:34.986903+05:30,2026-09-06_1211IST,airline_direct,IndiGo
DEL,BLR,6E,IndiGo,6E 6476,2026-09-21,15,economy,,,10105.0,False,07:05,ok,2026-09-06T12:11:34.986903+05:30,2026-09-06_1211IST,airline_direct,IndiGo
DEL,BLR,6E,IndiGo,6E 940,2026-09-21,15,business,,,28318.0,False,09:15,ok,2026-09-06T12:11:34.986903+05:30,2026-09-06_1211IST,airline_direct,IndiGo
DEL,BLR,6E,IndiGo,6E 940,2026-09-21,15,economy,,,10156.0,False,09:15,ok,2026-09-06T12:11:34.986903+05:30,2026-09-06_1211IST,airline_direct,IndiGo
DEL,BLR,6E,IndiGo,6E 434,2026-09-21,15,business,,,28318.0,False,11:00,ok,2026-09-06T12:11:34.986903+05:30,2026-09-06_1211IST,airline_direct,IndiGo
DEL,BLR,6E,IndiGo,6E 434,2026-09-21,15,economy,,,10156.0,False,11:00,ok,2026-09-06T12:11:34.986903+05:30,2026-09-06_1211IST,airline_direct,IndiGo
DEL,BLR,6E,IndiGo,6E 6115,2026-09-21,15,business,,,28318.0,False,13:10,ok,2026-09-06T12:11:34.986903+05:30,2026-09-06_1211IST,airline_direct,IndiGo
DEL,BLR,6E,IndiGo,6E 6115,2026-09-21,15,economy,,,10156.0,False,13:10,ok,2026-09-06T12:11:34.986903+05:30,2026-09-06_1211IST,airline_direct,IndiGo
DEL,BLR,6E,IndiGo,6E 5038,2026-09-21,15,economy,,,10156.0,False,14:00,ok,2026-09-06T12:11:34.986903+05:30,2026-09-06_1211IST,airline_direct,IndiGo
DEL,BLR,6E,IndiGo,6E 6091,2026-09-21,15,business,,,29038.0,False,15:15,ok,2026-09-06T12:11:34.986903+05:30,2026-09-06_1211IST,airline_direct,IndiGo
DEL,BLR,6E,IndiGo,6E 6091,2026-09-21,15,economy,,,10156.0,False,15:15,ok,2026-09-06T12:11:34.986903+05:30,2026-09-06_1211IST,airline_direct,IndiGo
DEL,BLR,6E,IndiGo,6E 947,2026-09-21,15,business,,,28318.0,False,16:40,ok,2026-09-06T12:11:34.986903+05:30,2026-09-06_1211IST,airline_direct,IndiGo
DEL,BLR,6E,IndiGo,6E 947,2026-09-21,15,economy,,,10156.0,False,16:40,ok,2026-09-06T12:11:34.986903+05:30,2026-09-06_1211IST,airline_direct,IndiGo
DEL,BLR,6E,IndiGo,6E 6632,2026-09-21,15,economy,,,10156.0,False,17:50,ok,2026-09-06T12:11:34.986903+05:30,2026-09-06_1211IST,airline_direct,IndiGo
DEL,BLR,6E,IndiGo,6E 950,2026-09-21,15,business,,,28318.0,False,18:15,ok,2026-09-06T12:11:34.986903+05:30,2026-09-06_1211IST,airline_direct,IndiGo
DEL,BLR,6E,IndiGo,6E 950,2026-09-21,15,economy,,,10156.0,False,18:15,ok,2026-09-06T12:11:34.986903+05:30,2026-09-06_1211IST,airline_direct,IndiGo
DEL,BLR,6E,IndiGo,6E 6497,2026-09-21,15,economy,,,10287.0,False,18:40,ok,2026-09-06T12:11:34.986903+05:30,2026-09-06_1211IST,airline_direct,IndiGo
DEL,BLR,6E,IndiGo,6E 2364,2026-09-21,15,economy,,,10314.0,False,04:50,ok,2026-09-06T12:11:34.986903+05:30,2026-09-06_1211IST,airline_direct,IndiGo
DEL,BLR,6E,IndiGo,6E 5001,2026-09-21,15,economy,,,10314.0,False,17:10,ok,2026-09-06T12:11:34.986903+05:30,2026-09-06_1211IST,airline_direct,IndiGo
DEL,BLR,6E,IndiGo,6E 5191,2026-09-21,15,business,,,31281.0,False,05:00,ok,2026-09-06T12:11:34.986903+05:30,2026-09-06_1211IST,airline_direct,IndiGo
DEL,BLR,6E,IndiGo,6E 5191,2026-09-21,15,economy,,,10497.0,False,05:00,ok,2026-09-06T12:11:34.986903+05:30,2026-09-06_1211IST,airline_direct,IndiGo
DEL,BLR,6E,IndiGo,6E 513,2026-09-21,15,business,,,31281.0,False,08:30,ok,2026-09-06T12:11:34.986903+05:30,2026-09-06_1211IST,airline_direct,IndiGo
DEL,BLR,6E,IndiGo,6E 513,2026-09-21,15,economy,,,10497.0,False,08:30,ok,2026-09-06T12:11:34.986903+05:30,2026-09-06_1211IST,airline_direct,IndiGo
DEL,BLR,6E,IndiGo,6E 5033,2026-09-21,15,economy,,,12051.0,False,15:50,ok,2026-09-06T12:11:34.986903+05:30,2026-09-06_1211IST,airline_direct,IndiGo
DEL,BLR,6E,IndiGo,6E 6293,2026-09-21,15,business,,,25759.0,False,09:55,ok,2026-09-06T12:11:34.986903+05:30,2026-09-06_1211IST,airline_direct,IndiGo
DEL,BLR,6E,IndiGo,6E 6293,2026-09-21,15,economy,,,12187.0,False,09:55,ok,2026-09-06T12:11:34.986903+05:30,2026-09-06_1211IST,airline_direct,IndiGo
DEL,BLR,6E,IndiGo,6E 2349,2026-09-21,15,economy,,,12530.0,False,10:55,ok,2026-09-06T12:11:34.986903+05:30,2026-09-06_1211IST,airline_direct,IndiGo
DEL,BLR,6E,IndiGo,6E 329,2026-09-21,15,business,,,34636.0,False,18:00,ok,2026-09-06T12:11:34.986903+05:30,2026-09-06_1211IST,airline_direct,IndiGo
DEL,BLR,6E,IndiGo,6E 329,2026-09-21,15,economy,,,13280.0,False,18:00,ok,2026-09-06T12:11:34.986903+05:30,2026-09-06_1211IST,airline_direct,IndiGo
DEL,BLR,6E,IndiGo,6E 2277,2026-09-21,15,business,,,37767.0,False,10:25,ok,2026-09-06T12:11:34.986903+05:30,2026-09-06_1211IST,airline_direct,IndiGo
DEL,BLR,6E,IndiGo,6E 2277,2026-09-21,15,economy,,,16383.0,False,10:25,ok,2026-09-06T12:11:34.986903+05:30,2026-09-06_1211IST,airline_direct,IndiGo
BOM,BLR,6E,IndiGo,6E 5184,2026-09-21,15,business,,,18948.0,False,12:30,ok,2026-09-06T12:12:46.383368+05:30,2026-09-06_1212IST,airline_direct,IndiGo
BOM,BLR,6E,IndiGo,6E 5184,2026-09-21,15,economy,,,6747.0,False,12:30,ok,2026-09-06T12:12:46.383368+05:30,2026-09-06_1212IST,airline_direct,IndiGo
BOM,BLR,6E,IndiGo,6E 5388,2026-09-21,15,business,,,18948.0,False,22:20,ok,2026-09-06T12:12:46.383368+05:30,2026-09-06_1212IST,airline_direct,IndiGo
BOM,BLR,6E,IndiGo,6E 5388,2026-09-21,15,economy,,,6747.0,False,22:20,ok,2026-09-06T12:12:46.383368+05:30,2026-09-06_1212IST,airline_direct,IndiGo
BOM,BLR,6E,IndiGo,6E 6188,2026-09-21,15,business,,,18948.0,False,21:30,ok,2026-09-06T12:12:46.383368+05:30,2026-09-06_1212IST,airline_direct,IndiGo
BOM,BLR,6E,IndiGo,6E 6188,2026-09-21,15,economy,,,7062.0,False,21:30,ok,2026-09-06T12:12:46.383368+05:30,2026-09-06_1212IST,airline_direct,IndiGo
BOM,BLR,6E,IndiGo,6E 5294,2026-09-21,15,business,,,18948.0,False,04:30,ok,2026-09-06T12:12:46.383368+05:30,2026-09-06_1212IST,airline_direct,IndiGo
BOM,BLR,6E,IndiGo,6E 5294,2026-09-21,15,economy,,,7611.0,False,04:30,ok,2026-09-06T12:12:46.383368+05:30,2026-09-06_1212IST,airline_direct,IndiGo
BOM,BLR,6E,IndiGo,6E 5296,2026-09-21,15,business,,,18948.0,False,06:30,ok,2026-09-06T12:12:46.383368+05:30,2026-09-06_1212IST,airline_direct,IndiGo
BOM,BLR,6E,IndiGo,6E 5296,2026-09-21,15,economy,,,7797.0,False,06:30,ok,2026-09-06T12:12:46.383368+05:30,2026-09-06_1212IST,airline_direct,IndiGo
BOM,BLR,6E,IndiGo,6E 5193,2026-09-21,15,economy,,,7797.0,False,08:05,ok,2026-09-06T12:12:46.383368+05:30,2026-09-06_1212IST,airline_direct,IndiGo
BOM,BLR,6E,IndiGo,6E 5092,2026-09-21,15,business,,,18948.0,False,09:50,ok,2026-09-06T12:12:46.383368+05:30,2026-09-06_1212IST,airline_direct,IndiGo
BOM,BLR,6E,IndiGo,6E 5092,2026-09-21,15,economy,,,7797.0,False,09:50,ok,2026-09-06T12:12:46.383368+05:30,2026-09-06_1212IST,airline_direct,IndiGo
BOM,BLR,6E,IndiGo,6E 5217,2026-09-21,15,business,,,18948.0,False,11:00,ok,2026-09-06T12:12:46.383368+05:30,2026-09-06_1212IST,airline_direct,IndiGo
BOM,BLR,6E,IndiGo,6E 5217,2026-09-21,15,economy,,,8217.0,False,11:00,ok,2026-09-06T12:12:46.383368+05:30,2026-09-06_1212IST,airline_direct,IndiGo
BOM,BLR,6E,IndiGo,6E 5221,2026-09-21,15,business,,,18948.0,False,17:00,ok,2026-09-06T12:12:46.383368+05:30,2026-09-06_1212IST,airline_direct,IndiGo
BOM,BLR,6E,IndiGo,6E 5221,2026-09-21,15,economy,,,8217.0,False,17:00,ok,2026-09-06T12:12:46.383368+05:30,2026-09-06_1212IST,airline_direct,IndiGo
BOM,BLR,6E,IndiGo,6E 5047,2026-09-21,15,business,,,18948.0,False,18:30,ok,2026-09-06T12:12:46.383368+05:30,2026-09-06_1212IST,airline_direct,IndiGo
BOM,BLR,6E,IndiGo,6E 5047,2026-09-21,15,economy,,,8217.0,False,18:30,ok,2026-09-06T12:12:46.383368+05:30,2026-09-06_1212IST,airline_direct,IndiGo
BOM,BLR,6E,IndiGo,6E 5382,2026-09-21,15,business,,,18948.0,False,14:30,ok,2026-09-06T12:12:46.383368+05:30,2026-09-06_1212IST,airline_direct,IndiGo
BOM,BLR,6E,IndiGo,6E 5382,2026-09-21,15,economy,,,8742.0,False,14:30,ok,2026-09-06T12:12:46.383368+05:30,2026-09-06_1212IST,airline_direct,IndiGo
BOM,BLR,6E,IndiGo,6E 5323,2026-09-21,15,business,,,18948.0,False,01:10,ok,2026-09-06T12:12:46.383368+05:30,2026-09-06_1212IST,airline_direct,IndiGo
BOM,BLR,6E,IndiGo,6E 5323,2026-09-21,15,economy,,,8871.0,False,01:10,ok,2026-09-06T12:12:46.383368+05:30,2026-09-06_1212IST,airline_direct,IndiGo
BOM,BLR,6E,IndiGo,6E 5318,2026-09-21,15,business,,,20441.0,False,10:15,ok,2026-09-06T12:12:46.383368+05:30,2026-09-06_1212IST,airline_direct,IndiGo
BOM,BLR,6E,IndiGo,6E 5318,2026-09-21,15,economy,,,7374.0,False,10:15,ok,2026-09-06T12:12:46.383368+05:30,2026-09-06_1212IST,airline_direct,IndiGo
BOM,BLR,6E,IndiGo,6E 5386,2026-09-21,15,business,,,20036.0,False,15:10,ok,2026-09-06T12:12:46.383368+05:30,2026-09-06_1212IST,airline_direct,IndiGo
BOM,BLR,6E,IndiGo,6E 5386,2026-09-21,15,economy,,,7374.0,False,15:10,ok,2026-09-06T12:12:46.383368+05:30,2026-09-06_1212IST,airline_direct,IndiGo
BOM,BLR,6E,IndiGo,6E 6802,2026-09-21,15,economy,,,7505.0,False,16:55,ok,2026-09-06T12:12:46.383368+05:30,2026-09-06_1212IST,airline_direct,IndiGo
BOM,BLR,6E,IndiGo,6E 632,2026-09-21,15,economy,,,7584.0,False,04:00,ok,2026-09-06T12:12:46.383368+05:30,2026-09-06_1212IST,airline_direct,IndiGo
BOM,BLR,6E,IndiGo,6E 136,2026-09-21,15,business,,,25173.0,False,04:05,ok,2026-09-06T12:12:46.383368+05:30,2026-09-06_1212IST,airline_direct,IndiGo
BOM,BLR,6E,IndiGo,6E 136,2026-09-21,15,economy,,,7584.0,False,04:05,ok,2026-09-06T12:12:46.383368+05:30,2026-09-06_1212IST,airline_direct,IndiGo
BOM,BLR,6E,IndiGo,6E 136,2026-09-21,15,business,,,24760.0,False,04:05,ok,2026-09-06T12:12:46.383368+05:30,2026-09-06_1212IST,airline_direct,IndiGo
BOM,BLR,6E,IndiGo,6E 136,2026-09-21,15,economy,,,7584.0,False,04:05,ok,2026-09-06T12:12:46.383368+05:30,2026-09-06_1212IST,airline_direct,IndiGo
BOM,BLR,6E,IndiGo,6E 136,2026-09-21,15,business,,,25173.0,False,04:05,ok,2026-09-06T12:12:46.383368+05:30,2026-09-06_1212IST,airline_direct,IndiGo
BOM,BLR,6E,IndiGo,6E 136,2026-09-21,15,economy,,,7584.0,False,04:05,ok,2026-09-06T12:12:46.383368+05:30,2026-09-06_1212IST,airline_direct,IndiGo
BOM,BLR,6E,IndiGo,6E 6701,2026-09-21,15,economy,,,7584.0,False,05:35,ok,2026-09-06T12:12:46.383368+05:30,2026-09-06_1212IST,airline_direct,IndiGo
BOM,BLR,6E,IndiGo,6E 6701,2026-09-21,15,economy,,,7584.0,False,05:35,ok,2026-09-06T12:12:46.383368+05:30,2026-09-06_1212IST,airline_direct,IndiGo
BOM,BLR,6E,IndiGo,6E 5204,2026-09-21,15,business,,,24040.0,False,08:15,ok,2026-09-06T12:12:46.383368+05:30,2026-09-06_1212IST,airline_direct,IndiGo
BOM,BLR,6E,IndiGo,6E 5204,2026-09-21,15,economy,,,7584.0,False,08:15,ok,2026-09-06T12:12:46.383368+05:30,2026-09-06_1212IST,airline_direct,IndiGo
BOM,BLR,6E,IndiGo,6E 5313,2026-09-21,15,business,,,24040.0,False,09:50,ok,2026-09-06T12:12:46.383368+05:30,2026-09-06_1212IST,airline_direct,IndiGo
BOM,BLR,6E,IndiGo,6E 5313,2026-09-21,15,economy,,,7584.0,False,09:50,ok,2026-09-06T12:12:46.383368+05:30,2026-09-06_1212IST,airline_direct,IndiGo
BOM,BLR,6E,IndiGo,6E 5313,2026-09-21,15,business,,,24040.0,False,09:50,ok,2026-09-06T12:12:46.383368+05:30,2026-09-06_1212IST,airline_direct,IndiGo
BOM,BLR,6E,IndiGo,6E 5313,2026-09-21,15,economy,,,7584.0,False,09:50,ok,2026-09-06T12:12:46.383368+05:30,2026-09-06_1212IST,airline_direct,IndiGo
BOM,BLR,6E,IndiGo,6E 6349,2026-09-21,15,business,,,24040.0,False,11:40,ok,2026-09-06T12:12:46.383368+05:30,2026-09-06_1212IST,airline_direct,IndiGo
BOM,BLR,6E,IndiGo,6E 6349,2026-09-21,15,economy,,,7584.0,False,11:40,ok,2026-09-06T12:12:46.383368+05:30,2026-09-06_1212IST,airline_direct,IndiGo
BOM,BLR,6E,IndiGo,6E 6349,2026-09-21,15,business,,,24040.0,False,11:40,ok,2026-09-06T12:12:46.383368+05:30,2026-09-06_1212IST,airline_direct,IndiGo
BOM,BLR,6E,IndiGo,6E 6349,2026-09-21,15,economy,,,7584.0,False,11:40,ok,2026-09-06T12:12:46.383368+05:30,2026-09-06_1212IST,airline_direct,IndiGo
BOM,BLR,6E,IndiGo,6E 673,2026-09-21,15,economy,,,7584.0,False,12:30,ok,2026-09-06T12:12:46.383368+05:30,2026-09-06_1212IST,airline_direct,IndiGo
BOM,BLR,6E,IndiGo,6E 673,2026-09-21,15,economy,,,7584.0,False,12:30,ok,2026-09-06T12:12:46.383368+05:30,2026-09-06_1212IST,airline_direct,IndiGo
BOM,BLR,6E,IndiGo,6E 5337,2026-09-21,15,business,,,24040.0,False,13:45,ok,2026-09-06T12:12:46.383368+05:30,2026-09-06_1212IST,airline_direct,IndiGo
BOM,BLR,6E,IndiGo,6E 5337,2026-09-21,15,economy,,,7584.0,False,13:45,ok,2026-09-06T12:12:46.383368+05:30,2026-09-06_1212IST,airline_direct,IndiGo
BOM,BLR,6E,IndiGo,6E 5337,2026-09-21,15,business,,,24760.0,False,13:45,ok,2026-09-06T12:12:46.383368+05:30,2026-09-06_1212IST,airline_direct,IndiGo
BOM,BLR,6E,IndiGo,6E 5337,2026-09-21,15,economy,,,7584.0,False,13:45,ok,2026-09-06T12:12:46.383368+05:30,2026-09-06_1212IST,airline_direct,IndiGo
BOM,BLR,6E,IndiGo,6E 5196,2026-09-21,15,business,,,24760.0,False,15:25,ok,2026-09-06T12:12:46.383368+05:30,2026-09-06_1212IST,airline_direct,IndiGo
BOM,BLR,6E,IndiGo,6E 5196,2026-09-21,15,economy,,,7584.0,False,15:25,ok,2026-09-06T12:12:46.383368+05:30,2026-09-06_1212IST,airline_direct,IndiGo
BOM,BLR,6E,IndiGo,6E 240,2026-09-21,15,economy,,,7584.0,False,15:45,ok,2026-09-06T12:12:46.383368+05:30,2026-09-06_1212IST,airline_direct,IndiGo
BOM,BLR,6E,IndiGo,6E 437,2026-09-21,15,economy,,,7584.0,False,17:10,ok,2026-09-06T12:12:46.383368+05:30,2026-09-06_1212IST,airline_direct,IndiGo
BOM,BLR,6E,IndiGo,6E 5048,2026-09-21,15,business,,,24040.0,False,17:25,ok,2026-09-06T12:12:46.383368+05:30,2026-09-06_1212IST,airline_direct,IndiGo
BOM,BLR,6E,IndiGo,6E 5048,2026-09-21,15,economy,,,7584.0,False,17:25,ok,2026-09-06T12:12:46.383368+05:30,2026-09-06_1212IST,airline_direct,IndiGo
BOM,BLR,6E,IndiGo,6E 5126,2026-09-21,15,economy,,,7584.0,False,18:15,ok,2026-09-06T12:12:46.383368+05:30,2026-09-06_1212IST,airline_direct,IndiGo
BOM,BLR,6E,IndiGo,6E 2237,2026-09-21,15,economy,,,7584.0,False,18:40,ok,2026-09-06T12:12:46.383368+05:30,2026-09-06_1212IST,airline_direct,IndiGo
BOM,BLR,6E,IndiGo,6E 5107,2026-09-21,15,economy,,,7584.0,False,20:00,ok,2026-09-06T12:12:46.383368+05:30,2026-09-06_1212IST,airline_direct,IndiGo
BOM,BLR,6E,IndiGo,6E 6599,2026-09-21,15,economy,,,7715.0,False,16:50,ok,2026-09-06T12:12:46.383368+05:30,2026-09-06_1212IST,airline_direct,IndiGo
BOM,BLR,6E,IndiGo,6E 5241,2026-09-21,15,economy,,,7785.0,False,16:40,ok,2026-09-06T12:12:46.383368+05:30,2026-09-06_1212IST,airline_direct,IndiGo
BOM,BLR,6E,IndiGo,6E 5241,2026-09-21,15,economy,,,7785.0,False,16:40,ok,2026-09-06T12:12:46.383368+05:30,2026-09-06_1212IST,airline_direct,IndiGo
BOM,BLR,6E,IndiGo,6E 6187,2026-09-21,15,economy,,,7916.0,False,00:30,ok,2026-09-06T12:12:46.383368+05:30,2026-09-06_1212IST,airline_direct,IndiGo
BOM,BLR,6E,IndiGo,6E 6057,2026-09-21,15,economy,,,7916.0,False,09:15,ok,2026-09-06T12:12:46.383368+05:30,2026-09-06_1212IST,airline_direct,IndiGo
BOM,BLR,6E,IndiGo,6E 5178,2026-09-21,15,business,,,20441.0,False,11:45,ok,2026-09-06T12:12:46.383368+05:30,2026-09-06_1212IST,airline_direct,IndiGo
BOM,BLR,6E,IndiGo,6E 5178,2026-09-21,15,economy,,,7916.0,False,11:45,ok,2026-09-06T12:12:46.383368+05:30,2026-09-06_1212IST,airline_direct,IndiGo
BOM,BLR,6E,IndiGo,6E 5178,2026-09-21,15,business,,,20441.0,False,11:45,ok,2026-09-06T12:12:46.383368+05:30,2026-09-06_1212IST,airline_direct,IndiGo
BOM,BLR,6E,IndiGo,6E 5178,2026-09-21,15,economy,,,7916.0,False,11:45,ok,2026-09-06T12:12:46.383368+05:30,2026-09-06_1212IST,airline_direct,IndiGo
BOM,BLR,6E,IndiGo,6E 5386,2026-09-21,15,business,,,20441.0,False,15:10,ok,2026-09-06T12:12:46.383368+05:30,2026-09-06_1212IST,airline_direct,IndiGo
BOM,BLR,6E,IndiGo,6E 5386,2026-09-21,15,economy,,,7916.0,False,15:10,ok,2026-09-06T12:12:46.383368+05:30,2026-09-06_1212IST,airline_direct,IndiGo
BOM,BLR,6E,IndiGo,6E 5386,2026-09-21,15,business,,,19670.0,False,15:10,ok,2026-09-06T12:12:46.383368+05:30,2026-09-06_1212IST,airline_direct,IndiGo
BOM,BLR,6E,IndiGo,6E 5386,2026-09-21,15,economy,,,7916.0,False,15:10,ok,2026-09-06T12:12:46.383368+05:30,2026-09-06_1212IST,airline_direct,IndiGo
BOM,BLR,6E,IndiGo,6E 5386,2026-09-21,15,business,,,20036.0,False,15:10,ok,2026-09-06T12:12:46.383368+05:30,2026-09-06_1212IST,airline_direct,IndiGo
BOM,BLR,6E,IndiGo,6E 5386,2026-09-21,15,economy,,,7916.0,False,15:10,ok,2026-09-06T12:12:46.383368+05:30,2026-09-06_1212IST,airline_direct,IndiGo
BOM,BLR,6E,IndiGo,6E 5228,2026-09-21,15,business,,,20036.0,False,16:45,ok,2026-09-06T12:12:46.383368+05:30,2026-09-06_1212IST,airline_direct,IndiGo
BOM,BLR,6E,IndiGo,6E 5228,2026-09-21,15,economy,,,7916.0,False,16:45,ok,2026-09-06T12:12:46.383368+05:30,2026-09-06_1212IST,airline_direct,IndiGo
BOM,BLR,6E,IndiGo,6E 5228,2026-09-21,15,business,,,20036.0,False,16:45,ok,2026-09-06T12:12:46.383368+05:30,2026-09-06_1212IST,airline_direct,IndiGo
BOM,BLR,6E,IndiGo,6E 5228,2026-09-21,15,economy,,,7916.0,False,16:45,ok,2026-09-06T12:12:46.383368+05:30,2026-09-06_1212IST,airline_direct,IndiGo
BOM,BLR,6E,IndiGo,6E 5123,2026-09-21,15,economy,,,8047.0,False,14:40,ok,2026-09-06T12:12:46.383368+05:30,2026-09-06_1212IST,airline_direct,IndiGo
BOM,BLR,6E,IndiGo,6E 5109,2026-09-21,15,economy,,,8126.0,False,09:35,ok,2026-09-06T12:12:46.383368+05:30,2026-09-06_1212IST,airline_direct,IndiGo
BOM,BLR,6E,IndiGo,6E 5082,2026-09-21,15,economy,,,8377.0,False,18:05,ok,2026-09-06T12:12:46.383368+05:30,2026-09-06_1212IST,airline_direct,IndiGo
BOM,BLR,6E,IndiGo,6E 6361,2026-09-21,15,economy,,,9023.0,False,05:00,ok,2026-09-06T12:12:46.383368+05:30,2026-09-06_1212IST,airline_direct,IndiGo
BOM,BLR,6E,IndiGo,6E 5196,2026-09-21,15,business,,,24040.0,False,15:25,ok,2026-09-06T12:12:46.383368+05:30,2026-09-06_1212IST,airline_direct,IndiGo
BOM,BLR,6E,IndiGo,6E 5196,2026-09-21,15,economy,,,10276.0,False,15:25,ok,2026-09-06T12:12:46.383368+05:30,2026-09-06_1212IST,airline_direct,IndiGo
BOM,BLR,6E,IndiGo,6E 6674,2026-09-21,15,economy,,,10284.0,False,09:05,ok,2026-09-06T12:12:46.383368+05:30,2026-09-06_1212IST,airline_direct,IndiGo
BOM,BLR,6E,IndiGo,6E 5188,2026-09-21,15,business,,,25173.0,False,06:15,ok,2026-09-06T12:12:46.383368+05:30,2026-09-06_1212IST,airline_direct,IndiGo
BOM,BLR,6E,IndiGo,6E 5188,2026-09-21,15,economy,,,12143.0,False,06:15,ok,2026-09-06T12:12:46.383368+05:30,2026-09-06_1212IST,airline_direct,IndiGo
BOM,BLR,6E,IndiGo,6E 5178,2026-09-21,15,business,,,20887.0,False,11:45,ok,2026-09-06T12:12:46.383368+05:30,2026-09-06_1212IST,airline_direct,IndiGo
BOM,BLR,6E,IndiGo,6E 5178,2026-09-21,15,economy,,,12465.0,False,11:45,ok,2026-09-06T12:12:46.383368+05:30,2026-09-06_1212IST,airline_direct,IndiGo
BOM,BLR,6E,IndiGo,6E 230,2026-09-21,15,economy,,,12898.0,False,13:55,ok,2026-09-06T12:12:46.383368+05:30,2026-09-06_1212IST,airline_direct,IndiGo
BOM,BLR,6E,IndiGo,6E 5318,2026-09-21,15,business,,,20887.0,False,10:15,ok,2026-09-06T12:12:46.383368+05:30,2026-09-06_1212IST,airline_direct,IndiGo
BOM,BLR,6E,IndiGo,6E 5318,2026-09-21,15,economy,,,12990.0,False,10:15,ok,2026-09-06T12:12:46.383368+05:30,2026-09-06_1212IST,airline_direct,IndiGo
BOM,BLR,6E,IndiGo,6E 261,2026-09-21,15,economy,,,24139.0,False,11:20,ok,2026-09-06T12:12:46.383368+05:30,2026-09-06_1212IST,airline_direct,IndiGo
DEL,CCU,6E,IndiGo,6E 5191,2026-09-21,15,business,,,22600.0,False,05:00,ok,2026-09-06T12:13:46.073770+05:30,2026-09-06_1213IST,airline_direct,IndiGo
DEL,CCU,6E,IndiGo,6E 5191,2026-09-21,15,economy,,,8502.0,False,05:00,ok,2026-09-06T12:13:46.073770+05:30,2026-09-06_1213IST,airline_direct,IndiGo
DEL,CCU,6E,IndiGo,6E 340,2026-09-21,15,business,,,22600.0,False,07:20,ok,2026-09-06T12:13:46.073770+05:30,2026-09-06_1213IST,airline_direct,IndiGo
DEL,CCU,6E,IndiGo,6E 340,2026-09-21,15,economy,,,8502.0,False,07:20,ok,2026-09-06T12:13:46.073770+05:30,2026-09-06_1213IST,airline_direct,IndiGo
DEL,CCU,6E,IndiGo,6E 513,2026-09-21,15,business,,,22600.0,False,08:30,ok,2026-09-06T12:13:46.073770+05:30,2026-09-06_1213IST,airline_direct,IndiGo
DEL,CCU,6E,IndiGo,6E 513,2026-09-21,15,economy,,,8502.0,False,08:30,ok,2026-09-06T12:13:46.073770+05:30,2026-09-06_1213IST,airline_direct,IndiGo
DEL,CCU,6E,IndiGo,6E 897,2026-09-21,15,business,,,22600.0,False,12:45,ok,2026-09-06T12:13:46.073770+05:30,2026-09-06_1213IST,airline_direct,IndiGo
DEL,CCU,6E,IndiGo,6E 897,2026-09-21,15,economy,,,8502.0,False,12:45,ok,2026-09-06T12:13:46.073770+05:30,2026-09-06_1213IST,airline_direct,IndiGo
DEL,CCU,6E,IndiGo,6E 910,2026-09-21,15,business,,,22600.0,False,14:25,ok,2026-09-06T12:13:46.073770+05:30,2026-09-06_1213IST,airline_direct,IndiGo
DEL,CCU,6E,IndiGo,6E 910,2026-09-21,15,economy,,,8502.0,False,14:25,ok,2026-09-06T12:13:46.073770+05:30,2026-09-06_1213IST,airline_direct,IndiGo
DEL,CCU,6E,IndiGo,6E 6415,2026-09-21,15,business,,,22600.0,False,16:00,ok,2026-09-06T12:13:46.073770+05:30,2026-09-06_1213IST,airline_direct,IndiGo
DEL,CCU,6E,IndiGo,6E 6415,2026-09-21,15,economy,,,8502.0,False,16:00,ok,2026-09-06T12:13:46.073770+05:30,2026-09-06_1213IST,airline_direct,IndiGo
DEL,CCU,6E,IndiGo,6E 2276,2026-09-21,15,business,,,22600.0,False,17:55,ok,2026-09-06T12:13:46.073770+05:30,2026-09-06_1213IST,airline_direct,IndiGo
DEL,CCU,6E,IndiGo,6E 2276,2026-09-21,15,economy,,,8502.0,False,17:55,ok,2026-09-06T12:13:46.073770+05:30,2026-09-06_1213IST,airline_direct,IndiGo
DEL,CCU,6E,IndiGo,6E 6517,2026-09-21,15,business,,,22600.0,False,19:30,ok,2026-09-06T12:13:46.073770+05:30,2026-09-06_1213IST,airline_direct,IndiGo
DEL,CCU,6E,IndiGo,6E 6517,2026-09-21,15,economy,,,8502.0,False,19:30,ok,2026-09-06T12:13:46.073770+05:30,2026-09-06_1213IST,airline_direct,IndiGo
DEL,CCU,6E,IndiGo,6E 247,2026-09-21,15,business,,,22600.0,False,23:30,ok,2026-09-06T12:13:46.073770+05:30,2026-09-06_1213IST,airline_direct,IndiGo
DEL,CCU,6E,IndiGo,6E 247,2026-09-21,15,economy,,,8502.0,False,23:30,ok,2026-09-06T12:13:46.073770+05:30,2026-09-06_1213IST,airline_direct,IndiGo
DEL,CCU,6E,IndiGo,6E 894,2026-09-21,15,business,,,22600.0,False,10:15,ok,2026-09-06T12:13:46.073770+05:30,2026-09-06_1213IST,airline_direct,IndiGo
DEL,CCU,6E,IndiGo,6E 894,2026-09-21,15,economy,,,8765.0,False,10:15,ok,2026-09-06T12:13:46.073770+05:30,2026-09-06_1213IST,airline_direct,IndiGo
DEL,CCU,6E,IndiGo,6E 6245,2026-09-21,15,economy,,,7376.0,False,06:20,ok,2026-09-06T12:13:46.073770+05:30,2026-09-06_1213IST,airline_direct,IndiGo
DEL,CCU,6E,IndiGo,6E 2373,2026-09-21,15,economy,,,7376.0,False,11:10,ok,2026-09-06T12:13:46.073770+05:30,2026-09-06_1213IST,airline_direct,IndiGo
DEL,CCU,6E,IndiGo,6E 2453,2026-09-21,15,economy,,,7376.0,False,13:35,ok,2026-09-06T12:13:46.073770+05:30,2026-09-06_1213IST,airline_direct,IndiGo
DEL,CCU,6E,IndiGo,6E 6459,2026-09-21,15,economy,,,7507.0,False,05:55,ok,2026-09-06T12:13:46.073770+05:30,2026-09-06_1213IST,airline_direct,IndiGo
DEL,CCU,6E,IndiGo,6E 5036,2026-09-21,15,economy,,,7507.0,False,08:00,ok,2026-09-06T12:13:46.073770+05:30,2026-09-06_1213IST,airline_direct,IndiGo
DEL,CCU,6E,IndiGo,6E 2361,2026-09-21,15,economy,,,7507.0,False,14:35,ok,2026-09-06T12:13:46.073770+05:30,2026-09-06_1213IST,airline_direct,IndiGo
DEL,CCU,6E,IndiGo,6E 6073,2026-09-21,15,economy,,,7586.0,False,05:00,ok,2026-09-06T12:13:46.073770+05:30,2026-09-06_1213IST,airline_direct,IndiGo
DEL,CCU,6E,IndiGo,6E 6190,2026-09-21,15,economy,,,7586.0,False,07:40,ok,2026-09-06T12:13:46.073770+05:30,2026-09-06_1213IST,airline_direct,IndiGo
DEL,CCU,6E,IndiGo,6E 2296,2026-09-21,15,economy,,,7586.0,False,09:20,ok,2026-09-06T12:13:46.073770+05:30,2026-09-06_1213IST,airline_direct,IndiGo
DEL,CCU,6E,IndiGo,6E 5038,2026-09-21,15,economy,,,7586.0,False,14:00,ok,2026-09-06T12:13:46.073770+05:30,2026-09-06_1213IST,airline_direct,IndiGo
DEL,CCU,6E,IndiGo,6E 5033,2026-09-21,15,economy,,,7586.0,False,15:50,ok,2026-09-06T12:13:46.073770+05:30,2026-09-06_1213IST,airline_direct,IndiGo
DEL,CCU,6E,IndiGo,6E 2203,2026-09-21,15,economy,,,7691.0,False,04:45,ok,2026-09-06T12:13:46.073770+05:30,2026-09-06_1213IST,airline_direct,IndiGo
DEL,CCU,6E,IndiGo,6E 6124,2026-09-21,15,economy,,,7691.0,False,07:30,ok,2026-09-06T12:13:46.073770+05:30,2026-09-06_1213IST,airline_direct,IndiGo
DEL,CCU,6E,IndiGo,6E 5215,2026-09-21,15,economy,,,7691.0,False,07:45,ok,2026-09-06T12:13:46.073770+05:30,2026-09-06_1213IST,airline_direct,IndiGo
DEL,CCU,6E,IndiGo,6E 5307,2026-09-21,15,economy,,,7691.0,False,10:50,ok,2026-09-06T12:13:46.073770+05:30,2026-09-06_1213IST,airline_direct,IndiGo
DEL,CCU,6E,IndiGo,6E 5041,2026-09-21,15,economy,,,7691.0,False,15:10,ok,2026-09-06T12:13:46.073770+05:30,2026-09-06_1213IST,airline_direct,IndiGo
DEL,CCU,6E,IndiGo,6E 5041,2026-09-21,15,economy,,,7691.0,False,15:10,ok,2026-09-06T12:13:46.073770+05:30,2026-09-06_1213IST,airline_direct,IndiGo
DEL,CCU,6E,IndiGo,6E 6829,2026-09-21,15,economy,,,7717.0,False,17:20,ok,2026-09-06T12:13:46.073770+05:30,2026-09-06_1213IST,airline_direct,IndiGo
DEL,CCU,6E,IndiGo,6E 6503,2026-09-21,15,economy,,,7901.0,False,13:25,ok,2026-09-06T12:13:46.073770+05:30,2026-09-06_1213IST,airline_direct,IndiGo
DEL,CCU,6E,IndiGo,6E 704,2026-09-21,15,business,,,28201.0,False,02:25,ok,2026-09-06T12:13:46.073770+05:30,2026-09-06_1213IST,airline_direct,IndiGo
DEL,CCU,6E,IndiGo,6E 704,2026-09-21,15,economy,,,7927.0,False,02:25,ok,2026-09-06T12:13:46.073770+05:30,2026-09-06_1213IST,airline_direct,IndiGo
DEL,CCU,6E,IndiGo,6E 704,2026-09-21,15,business,,,28673.0,False,02:25,ok,2026-09-06T12:13:46.073770+05:30,2026-09-06_1213IST,airline_direct,IndiGo
DEL,CCU,6E,IndiGo,6E 704,2026-09-21,15,economy,,,7927.0,False,02:25,ok,2026-09-06T12:13:46.073770+05:30,2026-09-06_1213IST,airline_direct,IndiGo
DEL,CCU,6E,IndiGo,6E 5119,2026-09-21,15,economy,,,7927.0,False,05:10,ok,2026-09-06T12:13:46.073770+05:30,2026-09-06_1213IST,airline_direct,IndiGo
DEL,CCU,6E,IndiGo,6E 705,2026-09-21,15,business,,,28673.0,False,08:30,ok,2026-09-06T12:13:46.073770+05:30,2026-09-06_1213IST,airline_direct,IndiGo
DEL,CCU,6E,IndiGo,6E 705,2026-09-21,15,economy,,,7927.0,False,08:30,ok,2026-09-06T12:13:46.073770+05:30,2026-09-06_1213IST,airline_direct,IndiGo
DEL,CCU,6E,IndiGo,6E 705,2026-09-21,15,business,,,28673.0,False,08:30,ok,2026-09-06T12:13:46.073770+05:30,2026-09-06_1213IST,airline_direct,IndiGo
DEL,CCU,6E,IndiGo,6E 705,2026-09-21,15,economy,,,7927.0,False,08:30,ok,2026-09-06T12:13:46.073770+05:30,2026-09-06_1213IST,airline_direct,IndiGo
DEL,CCU,6E,IndiGo,6E 6293,2026-09-21,15,business,,,28673.0,False,09:55,ok,2026-09-06T12:13:46.073770+05:30,2026-09-06_1213IST,airline_direct,IndiGo
DEL,CCU,6E,IndiGo,6E 6293,2026-09-21,15,economy,,,7927.0,False,09:55,ok,2026-09-06T12:13:46.073770+05:30,2026-09-06_1213IST,airline_direct,IndiGo
DEL,CCU,6E,IndiGo,6E 884,2026-09-21,15,business,,,28673.0,False,11:45,ok,2026-09-06T12:13:46.073770+05:30,2026-09-06_1213IST,airline_direct,IndiGo
DEL,CCU,6E,IndiGo,6E 884,2026-09-21,15,economy,,,7927.0,False,11:45,ok,2026-09-06T12:13:46.073770+05:30,2026-09-06_1213IST,airline_direct,IndiGo
DEL,CCU,6E,IndiGo,6E 2331,2026-09-21,15,economy,,,7927.0,False,12:20,ok,2026-09-06T12:13:46.073770+05:30,2026-09-06_1213IST,airline_direct,IndiGo
DEL,CCU,6E,IndiGo,6E 6282,2026-09-21,15,business,,,28673.0,False,13:30,ok,2026-09-06T12:13:46.073770+05:30,2026-09-06_1213IST,airline_direct,IndiGo
DEL,CCU,6E,IndiGo,6E 6282,2026-09-21,15,economy,,,7927.0,False,13:30,ok,2026-09-06T12:13:46.073770+05:30,2026-09-06_1213IST,airline_direct,IndiGo
DEL,CCU,6E,IndiGo,6E 6212,2026-09-21,15,business,,,28201.0,False,14:45,ok,2026-09-06T12:13:46.073770+05:30,2026-09-06_1213IST,airline_direct,IndiGo
DEL,CCU,6E,IndiGo,6E 6212,2026-09-21,15,economy,,,7927.0,False,14:45,ok,2026-09-06T12:13:46.073770+05:30,2026-09-06_1213IST,airline_direct,IndiGo
DEL,CCU,6E,IndiGo,6E 2341,2026-09-21,15,economy,,,7927.0,False,14:50,ok,2026-09-06T12:13:46.073770+05:30,2026-09-06_1213IST,airline_direct,IndiGo
DEL,CCU,6E,IndiGo,6E 2341,2026-09-21,15,economy,,,7927.0,False,14:50,ok,2026-09-06T12:13:46.073770+05:30,2026-09-06_1213IST,airline_direct,IndiGo
DEL,CCU,6E,IndiGo,6E 6217,2026-09-21,15,business,,,28201.0,False,16:15,ok,2026-09-06T12:13:46.073770+05:30,2026-09-06_1213IST,airline_direct,IndiGo
DEL,CCU,6E,IndiGo,6E 6217,2026-09-21,15,economy,,,7927.0,False,16:15,ok,2026-09-06T12:13:46.073770+05:30,2026-09-06_1213IST,airline_direct,IndiGo
DEL,CCU,6E,IndiGo,6E 5073,2026-09-21,15,economy,,,7927.0,False,17:05,ok,2026-09-06T12:13:46.073770+05:30,2026-09-06_1213IST,airline_direct,IndiGo
DEL,CCU,6E,IndiGo,6E 717,2026-09-21,15,business,,,28201.0,False,17:55,ok,2026-09-06T12:13:46.073770+05:30,2026-09-06_1213IST,airline_direct,IndiGo
DEL,CCU,6E,IndiGo,6E 717,2026-09-21,15,economy,,,7927.0,False,17:55,ok,2026-09-06T12:13:46.073770+05:30,2026-09-06_1213IST,airline_direct,IndiGo
DEL,CCU,6E,IndiGo,6E 6371,2026-09-21,15,economy,,,8032.0,False,06:20,ok,2026-09-06T12:13:46.073770+05:30,2026-09-06_1213IST,airline_direct,IndiGo
DEL,CCU,6E,IndiGo,6E 6551,2026-09-21,15,economy,,,8032.0,False,12:00,ok,2026-09-06T12:13:46.073770+05:30,2026-09-06_1213IST,airline_direct,IndiGo
DEL,CCU,6E,IndiGo,6E 6312,2026-09-21,15,economy,,,8115.0,False,14:25,ok,2026-09-06T12:13:46.073770+05:30,2026-09-06_1213IST,airline_direct,IndiGo
DEL,CCU,6E,IndiGo,6E 734,2026-09-21,15,economy,,,8115.0,False,16:20,ok,2026-09-06T12:13:46.073770+05:30,2026-09-06_1213IST,airline_direct,IndiGo
DEL,CCU,6E,IndiGo,6E 6190,2026-09-21,15,economy,,,8194.0,False,07:40,ok,2026-09-06T12:13:46.073770+05:30,2026-09-06_1213IST,airline_direct,IndiGo
DEL,CCU,6E,IndiGo,6E 2296,2026-09-21,15,economy,,,8194.0,False,09:20,ok,2026-09-06T12:13:46.073770+05:30,2026-09-06_1213IST,airline_direct,IndiGo
DEL,CCU,6E,IndiGo,6E 2259,2026-09-21,15,economy,,,8194.0,False,12:20,ok,2026-09-06T12:13:46.073770+05:30,2026-09-06_1213IST,airline_direct,IndiGo
DEL,CCU,6E,IndiGo,6E 2259,2026-09-21,15,economy,,,8194.0,False,12:20,ok,2026-09-06T12:13:46.073770+05:30,2026-09-06_1213IST,airline_direct,IndiGo
DEL,CCU,6E,IndiGo,6E 6130,2026-09-21,15,economy,,,8194.0,False,12:55,ok,2026-09-06T12:13:46.073770+05:30,2026-09-06_1213IST,airline_direct,IndiGo
DEL,CCU,6E,IndiGo,6E 2614,2026-09-21,15,economy,,,8194.0,False,14:40,ok,2026-09-06T12:13:46.073770+05:30,2026-09-06_1213IST,airline_direct,IndiGo
DEL,CCU,6E,IndiGo,6E 2614,2026-09-21,15,economy,,,8194.0,False,14:40,ok,2026-09-06T12:13:46.073770+05:30,2026-09-06_1213IST,airline_direct,IndiGo
DEL,CCU,6E,IndiGo,6E 203,2026-09-21,15,business,,,28673.0,False,07:10,ok,2026-09-06T12:13:46.073770+05:30,2026-09-06_1213IST,airline_direct,IndiGo
DEL,CCU,6E,IndiGo,6E 203,2026-09-21,15,economy,,,8535.0,False,07:10,ok,2026-09-06T12:13:46.073770+05:30,2026-09-06_1213IST,airline_direct,IndiGo
DEL,CCU,6E,IndiGo,6E 203,2026-09-21,15,business,,,28673.0,False,07:10,ok,2026-09-06T12:13:46.073770+05:30,2026-09-06_1213IST,airline_direct,IndiGo
DEL,CCU,6E,IndiGo,6E 203,2026-09-21,15,economy,,,8535.0,False,07:10,ok,2026-09-06T12:13:46.073770+05:30,2026-09-06_1213IST,airline_direct,IndiGo
DEL,CCU,6E,IndiGo,6E 882,2026-09-21,15,business,,,28201.0,False,23:15,ok,2026-09-06T12:13:46.073770+05:30,2026-09-06_1213IST,airline_direct,IndiGo
DEL,CCU,6E,IndiGo,6E 882,2026-09-21,15,economy,,,8535.0,False,23:15,ok,2026-09-06T12:13:46.073770+05:30,2026-09-06_1213IST,airline_direct,IndiGo
BLR,HYD,6E,IndiGo,6E 6067,2026-09-21,15,economy,,,4235.0,False,16:30,ok,2026-09-06T12:14:55.856000+05:30,2026-09-06_1214IST,airline_direct,IndiGo
BLR,HYD,6E,IndiGo,6E 6784,2026-09-21,15,economy,,,4235.0,False,21:30,ok,2026-09-06T12:14:55.856000+05:30,2026-09-06_1214IST,airline_direct,IndiGo
BLR,HYD,6E,IndiGo,6E 638,2026-09-21,15,economy,,,4561.0,False,18:35,ok,2026-09-06T12:14:55.856000+05:30,2026-09-06_1214IST,airline_direct,IndiGo
BLR,HYD,6E,IndiGo,6E 6404,2026-09-21,15,economy,,,4921.0,False,11:35,ok,2026-09-06T12:14:55.856000+05:30,2026-09-06_1214IST,airline_direct,IndiGo
BLR,HYD,6E,IndiGo,6E 855,2026-09-21,15,economy,,,4921.0,False,19:45,ok,2026-09-06T12:14:55.856000+05:30,2026-09-06_1214IST,airline_direct,IndiGo
BLR,HYD,6E,IndiGo,6E 312,2026-09-21,15,economy,,,5318.0,False,09:15,ok,2026-09-06T12:14:55.856000+05:30,2026-09-06_1214IST,airline_direct,IndiGo
BLR,HYD,6E,IndiGo,6E 537,2026-09-21,15,economy,,,5756.0,False,10:15,ok,2026-09-06T12:14:55.856000+05:30,2026-09-06_1214IST,airline_direct,IndiGo
BLR,HYD,6E,IndiGo,6E 484,2026-09-21,15,economy,,,6239.0,False,08:15,ok,2026-09-06T12:14:55.856000+05:30,2026-09-06_1214IST,airline_direct,IndiGo
BLR,HYD,6E,IndiGo,6E 6178,2026-09-21,15,economy,,,6772.0,False,06:25,ok,2026-09-06T12:14:55.856000+05:30,2026-09-06_1214IST,airline_direct,IndiGo
BLR,HYD,6E,IndiGo,6E 857,2026-09-21,15,economy,,,5463.0,False,07:05,ok,2026-09-06T12:14:55.856000+05:30,2026-09-06_1214IST,airline_direct,IndiGo
BLR,HYD,6E,IndiGo,6E 857,2026-09-21,15,economy,,,5463.0,False,07:05,ok,2026-09-06T12:14:55.856000+05:30,2026-09-06_1214IST,airline_direct,IndiGo
BLR,HYD,6E,IndiGo,6E 763,2026-09-21,15,economy,,,5463.0,False,07:05,ok,2026-09-06T12:14:55.856000+05:30,2026-09-06_1214IST,airline_direct,IndiGo
BLR,HYD,6E,IndiGo,6E 763,2026-09-21,15,economy,,,5463.0,False,07:05,ok,2026-09-06T12:14:55.856000+05:30,2026-09-06_1214IST,airline_direct,IndiGo
BLR,HYD,6E,IndiGo,6E 6269,2026-09-21,15,economy,,,5463.0,False,07:15,ok,2026-09-06T12:14:55.856000+05:30,2026-09-06_1214IST,airline_direct,IndiGo
BLR,HYD,6E,IndiGo,6E 6445,2026-09-21,15,economy,,,5463.0,False,10:25,ok,2026-09-06T12:14:55.856000+05:30,2026-09-06_1214IST,airline_direct,IndiGo
BLR,HYD,6E,IndiGo,6E 904,2026-09-21,15,economy,,,5463.0,False,10:45,ok,2026-09-06T12:14:55.856000+05:30,2026-09-06_1214IST,airline_direct,IndiGo
BLR,HYD,6E,IndiGo,6E 6104,2026-09-21,15,economy,,,5463.0,False,11:40,ok,2026-09-06T12:14:55.856000+05:30,2026-09-06_1214IST,airline_direct,IndiGo
BLR,HYD,6E,IndiGo,6E 6104,2026-09-21,15,economy,,,5463.0,False,11:40,ok,2026-09-06T12:14:55.856000+05:30,2026-09-06_1214IST,airline_direct,IndiGo
BLR,HYD,6E,IndiGo,6E 6104,2026-09-21,15,economy,,,5463.0,False,11:40,ok,2026-09-06T12:14:55.856000+05:30,2026-09-06_1214IST,airline_direct,IndiGo
BLR,HYD,6E,IndiGo,6E 6653,2026-09-21,15,economy,,,5463.0,False,12:35,ok,2026-09-06T12:14:55.856000+05:30,2026-09-06_1214IST,airline_direct,IndiGo
BLR,HYD,6E,IndiGo,6E 6208,2026-09-21,15,economy,,,5463.0,False,12:45,ok,2026-09-06T12:14:55.856000+05:30,2026-09-06_1214IST,airline_direct,IndiGo
BLR,HYD,6E,IndiGo,6E 6208,2026-09-21,15,economy,,,5463.0,False,12:45,ok,2026-09-06T12:14:55.856000+05:30,2026-09-06_1214IST,airline_direct,IndiGo
BLR,HYD,6E,IndiGo,6E 6542,2026-09-21,15,economy,,,5463.0,False,13:10,ok,2026-09-06T12:14:55.856000+05:30,2026-09-06_1214IST,airline_direct,IndiGo
BLR,HYD,6E,IndiGo,6E 6753,2026-09-21,15,economy,,,5463.0,False,15:15,ok,2026-09-06T12:14:55.856000+05:30,2026-09-06_1214IST,airline_direct,IndiGo
BLR,HYD,6E,IndiGo,6E 6753,2026-09-21,15,economy,,,5463.0,False,15:15,ok,2026-09-06T12:14:55.856000+05:30,2026-09-06_1214IST,airline_direct,IndiGo
BLR,HYD,6E,IndiGo,6E 173,2026-09-21,15,economy,,,5463.0,False,15:30,ok,2026-09-06T12:14:55.856000+05:30,2026-09-06_1214IST,airline_direct,IndiGo
BLR,HYD,6E,IndiGo,6E 173,2026-09-21,15,economy,,,5463.0,False,15:30,ok,2026-09-06T12:14:55.856000+05:30,2026-09-06_1214IST,airline_direct,IndiGo
BLR,HYD,6E,IndiGo,6E 356,2026-09-21,15,economy,,,5463.0,False,17:15,ok,2026-09-06T12:14:55.856000+05:30,2026-09-06_1214IST,airline_direct,IndiGo
BLR,HYD,6E,IndiGo,6E 356,2026-09-21,15,economy,,,5463.0,False,17:15,ok,2026-09-06T12:14:55.856000+05:30,2026-09-06_1214IST,airline_direct,IndiGo
BLR,HYD,6E,IndiGo,6E 6168,2026-09-21,15,economy,,,5463.0,False,17:40,ok,2026-09-06T12:14:55.856000+05:30,2026-09-06_1214IST,airline_direct,IndiGo
BLR,HYD,6E,IndiGo,6E 6168,2026-09-21,15,economy,,,5463.0,False,17:40,ok,2026-09-06T12:14:55.856000+05:30,2026-09-06_1214IST,airline_direct,IndiGo
BLR,HYD,6E,IndiGo,6E 6017,2026-09-21,15,economy,,,5463.0,False,18:15,ok,2026-09-06T12:14:55.856000+05:30,2026-09-06_1214IST,airline_direct,IndiGo
BLR,HYD,6E,IndiGo,6E 105,2026-09-21,15,economy,,,5463.0,False,18:45,ok,2026-09-06T12:14:55.856000+05:30,2026-09-06_1214IST,airline_direct,IndiGo
BLR,HYD,6E,IndiGo,6E 6554,2026-09-21,15,economy,,,5463.0,False,19:15,ok,2026-09-06T12:14:55.856000+05:30,2026-09-06_1214IST,airline_direct,IndiGo
BLR,HYD,6E,IndiGo,6E 441,2026-09-21,15,economy,,,5463.0,False,20:40,ok,2026-09-06T12:14:55.856000+05:30,2026-09-06_1214IST,airline_direct,IndiGo
BLR,HYD,6E,IndiGo,6E 528,2026-09-21,15,economy,,,5463.0,False,21:40,ok,2026-09-06T12:14:55.856000+05:30,2026-09-06_1214IST,airline_direct,IndiGo
BLR,HYD,6E,IndiGo,6E 116,2026-09-21,15,economy,,,5463.0,False,23:05,ok,2026-09-06T12:14:55.856000+05:30,2026-09-06_1214IST,airline_direct,IndiGo
BLR,HYD,6E,IndiGo,6E 574,2026-09-21,15,economy,,,5594.0,False,11:05,ok,2026-09-06T12:14:55.856000+05:30,2026-09-06_1214IST,airline_direct,IndiGo
BLR,HYD,6E,IndiGo,6E 6336,2026-09-21,15,economy,,,5594.0,False,12:25,ok,2026-09-06T12:14:55.856000+05:30,2026-09-06_1214IST,airline_direct,IndiGo
BLR,HYD,6E,IndiGo,6E 6336,2026-09-21,15,economy,,,5594.0,False,12:25,ok,2026-09-06T12:14:55.856000+05:30,2026-09-06_1214IST,airline_direct,IndiGo
BLR,HYD,6E,IndiGo,6E 7737,2026-09-21,15,economy,,,6021.0,False,10:50,ok,2026-09-06T12:14:55.856000+05:30,2026-09-06_1214IST,airline_direct,IndiGo
BLR,HYD,6E,IndiGo,6E 6876,2026-09-21,15,economy,,,6153.0,False,02:40,ok,2026-09-06T12:14:55.856000+05:30,2026-09-06_1214IST,airline_direct,IndiGo
BLR,HYD,6E,IndiGo,6E 7005,2026-09-21,15,economy,,,6153.0,False,08:05,ok,2026-09-06T12:14:55.856000+05:30,2026-09-06_1214IST,airline_direct,IndiGo
BLR,HYD,6E,IndiGo,6E 7005,2026-09-21,15,economy,,,6153.0,False,08:05,ok,2026-09-06T12:14:55.856000+05:30,2026-09-06_1214IST,airline_direct,IndiGo
BLR,HYD,6E,IndiGo,6E 109,2026-09-21,15,economy,,,6153.0,False,17:00,ok,2026-09-06T12:14:55.856000+05:30,2026-09-06_1214IST,airline_direct,IndiGo
BLR,HYD,6E,IndiGo,6E 6891,2026-09-21,15,economy,,,6153.0,False,17:15,ok,2026-09-06T12:14:55.856000+05:30,2026-09-06_1214IST,airline_direct,IndiGo
BLR,HYD,6E,IndiGo,6E 6162,2026-09-21,15,economy,,,6153.0,False,18:50,ok,2026-09-06T12:14:55.856000+05:30,2026-09-06_1214IST,airline_direct,IndiGo
BLR,HYD,6E,IndiGo,6E 7227,2026-09-21,15,economy,,,6412.0,False,06:25,ok,2026-09-06T12:14:55.856000+05:30,2026-09-06_1214IST,airline_direct,IndiGo
BLR,HYD,6E,IndiGo,6E 7204,2026-09-21,15,economy,,,6543.0,False,06:50,ok,2026-09-06T12:14:55.856000+05:30,2026-09-06_1214IST,airline_direct,IndiGo
BLR,HYD,6E,IndiGo,6E 6563,2026-09-21,15,economy,,,6969.0,False,01:05,ok,2026-09-06T12:14:55.856000+05:30,2026-09-06_1214IST,airline_direct,IndiGo
BLR,HYD,6E,IndiGo,6E 7204,2026-09-21,15,economy,,,6969.0,False,06:50,ok,2026-09-06T12:14:55.856000+05:30,2026-09-06_1214IST,airline_direct,IndiGo
BLR,HYD,6E,IndiGo,6E 6445,2026-09-21,15,economy,,,7935.0,False,10:25,ok,2026-09-06T12:14:55.856000+05:30,2026-09-06_1214IST,airline_direct,IndiGo
BLR,HYD,6E,IndiGo,6E 703,2026-09-21,15,economy,,,7935.0,False,12:55,ok,2026-09-06T12:14:55.856000+05:30,2026-09-06_1214IST,airline_direct,IndiGo
BLR,HYD,6E,IndiGo,6E 7737,2026-09-21,15,economy,,,8352.0,False,10:50,ok,2026-09-06T12:14:55.856000+05:30,2026-09-06_1214IST,airline_direct,IndiGo
BLR,HYD,6E,IndiGo,6E 763,2026-09-21,15,economy,,,9730.0,False,07:05,ok,2026-09-06T12:14:55.856000+05:30,2026-09-06_1214IST,airline_direct,IndiGo
BLR,HYD,6E,IndiGo,6E 6269,2026-09-21,15,economy,,,10435.0,False,07:15,ok,2026-09-06T12:14:55.856000+05:30,2026-09-06_1214IST,airline_direct,IndiGo
BLR,HYD,6E,IndiGo,6E 7285,2026-09-21,15,economy,,,11326.0,False,06:50,ok,2026-09-06T12:14:55.856000+05:30,2026-09-06_1214IST,airline_direct,IndiGo
BLR,HYD,6E,IndiGo,6E 6653,2026-09-21,15,economy,,,12892.0,False,12:35,ok,2026-09-06T12:14:55.856000+05:30,2026-09-06_1214IST,airline_direct,IndiGo
BLR,HYD,6E,IndiGo,6E 6583,2026-09-21,15,economy,,,17747.0,False,10:40,ok,2026-09-06T12:14:55.856000+05:30,2026-09-06_1214IST,airline_direct,IndiGo
MAA,DEL,6E,IndiGo,6E 939,2026-09-21,15,business,,,24700.0,False,13:00,ok,2026-09-06T12:15:59.967042+05:30,2026-09-06_1215IST,airline_direct,IndiGo
MAA,DEL,6E,IndiGo,6E 939,2026-09-21,15,economy,,,9830.0,False,13:00,ok,2026-09-06T12:15:59.967042+05:30,2026-09-06_1215IST,airline_direct,IndiGo
MAA,DEL,6E,IndiGo,6E 948,2026-09-21,15,business,,,24700.0,False,14:30,ok,2026-09-06T12:15:59.967042+05:30,2026-09-06_1215IST,airline_direct,IndiGo
MAA,DEL,6E,IndiGo,6E 948,2026-09-21,15,economy,,,9830.0,False,14:30,ok,2026-09-06T12:15:59.967042+05:30,2026-09-06_1215IST,airline_direct,IndiGo
MAA,DEL,6E,IndiGo,6E 613,2026-09-21,15,business,,,24700.0,False,19:00,ok,2026-09-06T12:15:59.967042+05:30,2026-09-06_1215IST,airline_direct,IndiGo
MAA,DEL,6E,IndiGo,6E 613,2026-09-21,15,economy,,,9830.0,False,19:00,ok,2026-09-06T12:15:59.967042+05:30,2026-09-06_1215IST,airline_direct,IndiGo
MAA,DEL,6E,IndiGo,6E 951,2026-09-21,15,business,,,24700.0,False,21:50,ok,2026-09-06T12:15:59.967042+05:30,2026-09-06_1215IST,airline_direct,IndiGo
MAA,DEL,6E,IndiGo,6E 951,2026-09-21,15,economy,,,9830.0,False,21:50,ok,2026-09-06T12:15:59.967042+05:30,2026-09-06_1215IST,airline_direct,IndiGo
MAA,DEL,6E,IndiGo,6E 698,2026-09-21,15,business,,,24700.0,False,16:45,ok,2026-09-06T12:15:59.967042+05:30,2026-09-06_1215IST,airline_direct,IndiGo
MAA,DEL,6E,IndiGo,6E 698,2026-09-21,15,economy,,,10295.0,False,16:45,ok,2026-09-06T12:15:59.967042+05:30,2026-09-06_1215IST,airline_direct,IndiGo
MAA,DEL,6E,IndiGo,6E 6002,2026-09-21,15,business,,,24700.0,False,11:10,ok,2026-09-06T12:15:59.967042+05:30,2026-09-06_1215IST,airline_direct,IndiGo
MAA,DEL,6E,IndiGo,6E 6002,2026-09-21,15,economy,,,10785.0,False,11:10,ok,2026-09-06T12:15:59.967042+05:30,2026-09-06_1215IST,airline_direct,IndiGo
MAA,DEL,6E,IndiGo,6E 2369,2026-09-21,15,business,,,24700.0,False,23:45,ok,2026-09-06T12:15:59.967042+05:30,2026-09-06_1215IST,airline_direct,IndiGo
MAA,DEL,6E,IndiGo,6E 2369,2026-09-21,15,economy,,,10785.0,False,23:45,ok,2026-09-06T12:15:59.967042+05:30,2026-09-06_1215IST,airline_direct,IndiGo
MAA,DEL,6E,IndiGo,6E 937,2026-09-21,15,business,,,24700.0,False,06:30,ok,2026-09-06T12:15:59.967042+05:30,2026-09-06_1215IST,airline_direct,IndiGo
MAA,DEL,6E,IndiGo,6E 937,2026-09-21,15,economy,,,11303.0,False,06:30,ok,2026-09-06T12:15:59.967042+05:30,2026-09-06_1215IST,airline_direct,IndiGo
MAA,DEL,6E,IndiGo,6E 404,2026-09-21,15,business,,,24700.0,False,09:15,ok,2026-09-06T12:15:59.967042+05:30,2026-09-06_1215IST,airline_direct,IndiGo
MAA,DEL,6E,IndiGo,6E 404,2026-09-21,15,economy,,,11303.0,False,09:15,ok,2026-09-06T12:15:59.967042+05:30,2026-09-06_1215IST,airline_direct,IndiGo
MAA,DEL,6E,IndiGo,6E 253,2026-09-21,15,business,,,27587.0,False,03:10,ok,2026-09-06T12:15:59.967042+05:30,2026-09-06_1215IST,airline_direct,IndiGo
MAA,DEL,6E,IndiGo,6E 253,2026-09-21,15,economy,,,9778.0,False,03:10,ok,2026-09-06T12:15:59.967042+05:30,2026-09-06_1215IST,airline_direct,IndiGo
MAA,DEL,6E,IndiGo,6E 244,2026-09-21,15,economy,,,9778.0,False,03:55,ok,2026-09-06T12:15:59.967042+05:30,2026-09-06_1215IST,airline_direct,IndiGo
MAA,DEL,6E,IndiGo,6E 607,2026-09-21,15,business,,,29711.0,False,05:40,ok,2026-09-06T12:15:59.967042+05:30,2026-09-06_1215IST,airline_direct,IndiGo
MAA,DEL,6E,IndiGo,6E 607,2026-09-21,15,economy,,,9778.0,False,05:40,ok,2026-09-06T12:15:59.967042+05:30,2026-09-06_1215IST,airline_direct,IndiGo
MAA,DEL,6E,IndiGo,6E 495,2026-09-21,15,business,,,31584.0,False,07:10,ok,2026-09-06T12:15:59.967042+05:30,2026-09-06_1215IST,airline_direct,IndiGo
MAA,DEL,6E,IndiGo,6E 495,2026-09-21,15,economy,,,9778.0,False,07:10,ok,2026-09-06T12:15:59.967042+05:30,2026-09-06_1215IST,airline_direct,IndiGo
MAA,DEL,6E,IndiGo,6E 495,2026-09-21,15,business,,,31584.0,False,07:10,ok,2026-09-06T12:15:59.967042+05:30,2026-09-06_1215IST,airline_direct,IndiGo
MAA,DEL,6E,IndiGo,6E 495,2026-09-21,15,economy,,,9778.0,False,07:10,ok,2026-09-06T12:15:59.967042+05:30,2026-09-06_1215IST,airline_direct,IndiGo
MAA,DEL,6E,IndiGo,6E 834,2026-09-21,15,business,,,27970.0,False,09:05,ok,2026-09-06T12:15:59.967042+05:30,2026-09-06_1215IST,airline_direct,IndiGo
MAA,DEL,6E,IndiGo,6E 834,2026-09-21,15,economy,,,9778.0,False,09:05,ok,2026-09-06T12:15:59.967042+05:30,2026-09-06_1215IST,airline_direct,IndiGo
MAA,DEL,6E,IndiGo,6E 834,2026-09-21,15,business,,,27970.0,False,09:05,ok,2026-09-06T12:15:59.967042+05:30,2026-09-06_1215IST,airline_direct,IndiGo
MAA,DEL,6E,IndiGo,6E 834,2026-09-21,15,economy,,,9778.0,False,09:05,ok,2026-09-06T12:15:59.967042+05:30,2026-09-06_1215IST,airline_direct,IndiGo
MAA,DEL,6E,IndiGo,6E 372,2026-09-21,15,business,,,26398.0,False,09:55,ok,2026-09-06T12:15:59.967042+05:30,2026-09-06_1215IST,airline_direct,IndiGo
MAA,DEL,6E,IndiGo,6E 372,2026-09-21,15,economy,,,9778.0,False,09:55,ok,2026-09-06T12:15:59.967042+05:30,2026-09-06_1215IST,airline_direct,IndiGo
MAA,DEL,6E,IndiGo,6E 372,2026-09-21,15,business,,,26398.0,False,09:55,ok,2026-09-06T12:15:59.967042+05:30,2026-09-06_1215IST,airline_direct,IndiGo
MAA,DEL,6E,IndiGo,6E 372,2026-09-21,15,economy,,,9778.0,False,09:55,ok,2026-09-06T12:15:59.967042+05:30,2026-09-06_1215IST,airline_direct,IndiGo
MAA,DEL,6E,IndiGo,6E 502,2026-09-21,15,business,,,28061.0,False,11:10,ok,2026-09-06T12:15:59.967042+05:30,2026-09-06_1215IST,airline_direct,IndiGo
MAA,DEL,6E,IndiGo,6E 502,2026-09-21,15,economy,,,9778.0,False,11:10,ok,2026-09-06T12:15:59.967042+05:30,2026-09-06_1215IST,airline_direct,IndiGo
MAA,DEL,6E,IndiGo,6E 6925,2026-09-21,15,business,,,28570.0,False,12:00,ok,2026-09-06T12:15:59.967042+05:30,2026-09-06_1215IST,airline_direct,IndiGo
MAA,DEL,6E,IndiGo,6E 6925,2026-09-21,15,economy,,,9778.0,False,12:00,ok,2026-09-06T12:15:59.967042+05:30,2026-09-06_1215IST,airline_direct,IndiGo
MAA,DEL,6E,IndiGo,6E 6925,2026-09-21,15,business,,,28570.0,False,12:00,ok,2026-09-06T12:15:59.967042+05:30,2026-09-06_1215IST,airline_direct,IndiGo
MAA,DEL,6E,IndiGo,6E 6925,2026-09-21,15,economy,,,9778.0,False,12:00,ok,2026-09-06T12:15:59.967042+05:30,2026-09-06_1215IST,airline_direct,IndiGo
MAA,DEL,6E,IndiGo,6E 6158,2026-09-21,15,business,,,27420.0,False,16:10,ok,2026-09-06T12:15:59.967042+05:30,2026-09-06_1215IST,airline_direct,IndiGo
MAA,DEL,6E,IndiGo,6E 6158,2026-09-21,15,economy,,,9778.0,False,16:10,ok,2026-09-06T12:15:59.967042+05:30,2026-09-06_1215IST,airline_direct,IndiGo
MAA,DEL,6E,IndiGo,6E 183,2026-09-21,15,business,,,29713.0,False,16:35,ok,2026-09-06T12:15:59.967042+05:30,2026-09-06_1215IST,airline_direct,IndiGo
MAA,DEL,6E,IndiGo,6E 183,2026-09-21,15,economy,,,9778.0,False,16:35,ok,2026-09-06T12:15:59.967042+05:30,2026-09-06_1215IST,airline_direct,IndiGo
MAA,DEL,6E,IndiGo,6E 489,2026-09-21,15,economy,,,9778.0,False,18:15,ok,2026-09-06T12:15:59.967042+05:30,2026-09-06_1215IST,airline_direct,IndiGo
MAA,DEL,6E,IndiGo,6E 562,2026-09-21,15,business,,,27420.0,False,18:20,ok,2026-09-06T12:15:59.967042+05:30,2026-09-06_1215IST,airline_direct,IndiGo
MAA,DEL,6E,IndiGo,6E 562,2026-09-21,15,economy,,,9778.0,False,18:20,ok,2026-09-06T12:15:59.967042+05:30,2026-09-06_1215IST,airline_direct,IndiGo
MAA,DEL,6E,IndiGo,6E 193,2026-09-21,15,business,,,27420.0,False,20:00,ok,2026-09-06T12:15:59.967042+05:30,2026-09-06_1215IST,airline_direct,IndiGo
MAA,DEL,6E,IndiGo,6E 193,2026-09-21,15,economy,,,9778.0,False,20:00,ok,2026-09-06T12:15:59.967042+05:30,2026-09-06_1215IST,airline_direct,IndiGo
MAA,DEL,6E,IndiGo,6E 6487,2026-09-21,15,business,,,26857.0,False,21:25,ok,2026-09-06T12:15:59.967042+05:30,2026-09-06_1215IST,airline_direct,IndiGo
MAA,DEL,6E,IndiGo,6E 6487,2026-09-21,15,economy,,,9778.0,False,21:25,ok,2026-09-06T12:15:59.967042+05:30,2026-09-06_1215IST,airline_direct,IndiGo
MAA,DEL,6E,IndiGo,6E 561,2026-09-21,15,business,,,27587.0,False,22:20,ok,2026-09-06T12:15:59.967042+05:30,2026-09-06_1215IST,airline_direct,IndiGo
MAA,DEL,6E,IndiGo,6E 561,2026-09-21,15,economy,,,9778.0,False,22:20,ok,2026-09-06T12:15:59.967042+05:30,2026-09-06_1215IST,airline_direct,IndiGo
MAA,DEL,6E,IndiGo,6E 6815,2026-09-21,15,business,,,30424.0,False,08:55,ok,2026-09-06T12:15:59.967042+05:30,2026-09-06_1215IST,airline_direct,IndiGo
MAA,DEL,6E,IndiGo,6E 6815,2026-09-21,15,economy,,,9857.0,False,08:55,ok,2026-09-06T12:15:59.967042+05:30,2026-09-06_1215IST,airline_direct,IndiGo
MAA,DEL,6E,IndiGo,6E 6892,2026-09-21,15,business,,,30837.0,False,10:55,ok,2026-09-06T12:15:59.967042+05:30,2026-09-06_1215IST,airline_direct,IndiGo
MAA,DEL,6E,IndiGo,6E 6892,2026-09-21,15,economy,,,9857.0,False,10:55,ok,2026-09-06T12:15:59.967042+05:30,2026-09-06_1215IST,airline_direct,IndiGo
MAA,DEL,6E,IndiGo,6E 6892,2026-09-21,15,business,,,30837.0,False,10:55,ok,2026-09-06T12:15:59.967042+05:30,2026-09-06_1215IST,airline_direct,IndiGo
MAA,DEL,6E,IndiGo,6E 6892,2026-09-21,15,economy,,,9857.0,False,10:55,ok,2026-09-06T12:15:59.967042+05:30,2026-09-06_1215IST,airline_direct,IndiGo
MAA,DEL,6E,IndiGo,6E 6209,2026-09-21,15,business,,,29704.0,False,14:35,ok,2026-09-06T12:15:59.967042+05:30,2026-09-06_1215IST,airline_direct,IndiGo
MAA,DEL,6E,IndiGo,6E 6209,2026-09-21,15,economy,,,9857.0,False,14:35,ok,2026-09-06T12:15:59.967042+05:30,2026-09-06_1215IST,airline_direct,IndiGo
MAA,DEL,6E,IndiGo,6E 6209,2026-09-21,15,business,,,29704.0,False,14:35,ok,2026-09-06T12:15:59.967042+05:30,2026-09-06_1215IST,airline_direct,IndiGo
MAA,DEL,6E,IndiGo,6E 6209,2026-09-21,15,economy,,,9857.0,False,14:35,ok,2026-09-06T12:15:59.967042+05:30,2026-09-06_1215IST,airline_direct,IndiGo
MAA,DEL,6E,IndiGo,6E 847,2026-09-21,15,business,,,29704.0,False,16:15,ok,2026-09-06T12:15:59.967042+05:30,2026-09-06_1215IST,airline_direct,IndiGo
MAA,DEL,6E,IndiGo,6E 847,2026-09-21,15,economy,,,9857.0,False,16:15,ok,2026-09-06T12:15:59.967042+05:30,2026-09-06_1215IST,airline_direct,IndiGo
MAA,DEL,6E,IndiGo,6E 365,2026-09-21,15,business,,,29704.0,False,17:45,ok,2026-09-06T12:15:59.967042+05:30,2026-09-06_1215IST,airline_direct,IndiGo
MAA,DEL,6E,IndiGo,6E 365,2026-09-21,15,economy,,,9857.0,False,17:45,ok,2026-09-06T12:15:59.967042+05:30,2026-09-06_1215IST,airline_direct,IndiGo
MAA,DEL,6E,IndiGo,6E 189,2026-09-21,15,business,,,30424.0,False,19:05,ok,2026-09-06T12:15:59.967042+05:30,2026-09-06_1215IST,airline_direct,IndiGo
MAA,DEL,6E,IndiGo,6E 189,2026-09-21,15,economy,,,9857.0,False,19:05,ok,2026-09-06T12:15:59.967042+05:30,2026-09-06_1215IST,airline_direct,IndiGo
MAA,DEL,6E,IndiGo,6E 6812,2026-09-21,15,economy,,,9857.0,False,20:00,ok,2026-09-06T12:15:59.967042+05:30,2026-09-06_1215IST,airline_direct,IndiGo
MAA,DEL,6E,IndiGo,6E 6140,2026-09-21,15,business,,,29944.0,False,02:30,ok,2026-09-06T12:15:59.967042+05:30,2026-09-06_1215IST,airline_direct,IndiGo
MAA,DEL,6E,IndiGo,6E 6140,2026-09-21,15,economy,,,9988.0,False,02:30,ok,2026-09-06T12:15:59.967042+05:30,2026-09-06_1215IST,airline_direct,IndiGo
MAA,DEL,6E,IndiGo,6E 6140,2026-09-21,15,business,,,29944.0,False,02:30,ok,2026-09-06T12:15:59.967042+05:30,2026-09-06_1215IST,airline_direct,IndiGo
MAA,DEL,6E,IndiGo,6E 6140,2026-09-21,15,economy,,,9988.0,False,02:30,ok,2026-09-06T12:15:59.967042+05:30,2026-09-06_1215IST,airline_direct,IndiGo
MAA,DEL,6E,IndiGo,6E 5093,2026-09-21,15,business,,,35375.0,False,05:00,ok,2026-09-06T12:15:59.967042+05:30,2026-09-06_1215IST,airline_direct,IndiGo
MAA,DEL,6E,IndiGo,6E 5093,2026-09-21,15,economy,,,9988.0,False,05:00,ok,2026-09-06T12:15:59.967042+05:30,2026-09-06_1215IST,airline_direct,IndiGo
MAA,DEL,6E,IndiGo,6E 321,2026-09-21,15,business,,,31040.0,False,08:20,ok,2026-09-06T12:15:59.967042+05:30,2026-09-06_1215IST,airline_direct,IndiGo
MAA,DEL,6E,IndiGo,6E 321,2026-09-21,15,economy,,,9988.0,False,08:20,ok,2026-09-06T12:15:59.967042+05:30,2026-09-06_1215IST,airline_direct,IndiGo
MAA,DEL,6E,IndiGo,6E 6348,2026-09-21,15,business,,,35375.0,False,09:00,ok,2026-09-06T12:15:59.967042+05:30,2026-09-06_1215IST,airline_direct,IndiGo
MAA,DEL,6E,IndiGo,6E 6348,2026-09-21,15,economy,,,9988.0,False,09:00,ok,2026-09-06T12:15:59.967042+05:30,2026-09-06_1215IST,airline_direct,IndiGo
MAA,DEL,6E,IndiGo,6E 6326,2026-09-21,15,business,,,31040.0,False,11:45,ok,2026-09-06T12:15:59.967042+05:30,2026-09-06_1215IST,airline_direct,IndiGo
MAA,DEL,6E,IndiGo,6E 6326,2026-09-21,15,economy,,,9988.0,False,11:45,ok,2026-09-06T12:15:59.967042+05:30,2026-09-06_1215IST,airline_direct,IndiGo
MAA,DEL,6E,IndiGo,6E 5258,2026-09-21,15,business,,,35375.0,False,12:45,ok,2026-09-06T12:15:59.967042+05:30,2026-09-06_1215IST,airline_direct,IndiGo
MAA,DEL,6E,IndiGo,6E 5258,2026-09-21,15,economy,,,9988.0,False,12:45,ok,2026-09-06T12:15:59.967042+05:30,2026-09-06_1215IST,airline_direct,IndiGo
MAA,DEL,6E,IndiGo,6E 5258,2026-09-21,15,business,,,35375.0,False,12:45,ok,2026-09-06T12:15:59.967042+05:30,2026-09-06_1215IST,airline_direct,IndiGo
MAA,DEL,6E,IndiGo,6E 5258,2026-09-21,15,economy,,,9988.0,False,12:45,ok,2026-09-06T12:15:59.967042+05:30,2026-09-06_1215IST,airline_direct,IndiGo
MAA,DEL,6E,IndiGo,6E 981,2026-09-21,15,economy,,,9988.0,False,13:50,ok,2026-09-06T12:15:59.967042+05:30,2026-09-06_1215IST,airline_direct,IndiGo
MAA,DEL,6E,IndiGo,6E 5104,2026-09-21,15,business,,,35375.0,False,16:40,ok,2026-09-06T12:15:59.967042+05:30,2026-09-06_1215IST,airline_direct,IndiGo
MAA,DEL,6E,IndiGo,6E 5104,2026-09-21,15,economy,,,9988.0,False,16:40,ok,2026-09-06T12:15:59.967042+05:30,2026-09-06_1215IST,airline_direct,IndiGo
MAA,DEL,6E,IndiGo,6E 606,2026-09-21,15,business,,,30568.0,False,18:05,ok,2026-09-06T12:15:59.967042+05:30,2026-09-06_1215IST,airline_direct,IndiGo
MAA,DEL,6E,IndiGo,6E 606,2026-09-21,15,economy,,,9988.0,False,18:05,ok,2026-09-06T12:15:59.967042+05:30,2026-09-06_1215IST,airline_direct,IndiGo
MAA,DEL,6E,IndiGo,6E 5367,2026-09-21,15,business,,,35375.0,False,18:15,ok,2026-09-06T12:15:59.967042+05:30,2026-09-06_1215IST,airline_direct,IndiGo
MAA,DEL,6E,IndiGo,6E 5367,2026-09-21,15,economy,,,9988.0,False,18:15,ok,2026-09-06T12:15:59.967042+05:30,2026-09-06_1215IST,airline_direct,IndiGo
MAA,DEL,6E,IndiGo,6E 848,2026-09-21,15,economy,,,10535.0,False,17:50,ok,2026-09-06T12:15:59.967042+05:30,2026-09-06_1215IST,airline_direct,IndiGo
MAA,DEL,6E,IndiGo,6E 973,2026-09-21,15,economy,,,11366.0,False,11:55,ok,2026-09-06T12:15:59.967042+05:30,2026-09-06_1215IST,airline_direct,IndiGo
MAA,DEL,6E,IndiGo,6E 597,2026-09-21,15,economy,,,11733.0,False,17:45,ok,2026-09-06T12:15:59.967042+05:30,2026-09-06_1215IST,airline_direct,IndiGo
MAA,DEL,6E,IndiGo,6E 6081,2026-09-21,15,business,,,30837.0,False,07:05,ok,2026-09-06T12:15:59.967042+05:30,2026-09-06_1215IST,airline_direct,IndiGo
MAA,DEL,6E,IndiGo,6E 6081,2026-09-21,15,economy,,,13435.0,False,07:05,ok,2026-09-06T12:15:59.967042+05:30,2026-09-06_1215IST,airline_direct,IndiGo
MAA,DEL,6E,IndiGo,6E 6081,2026-09-21,15,business,,,30837.0,False,07:05,ok,2026-09-06T12:15:59.967042+05:30,2026-09-06_1215IST,airline_direct,IndiGo
MAA,DEL,6E,IndiGo,6E 6081,2026-09-21,15,economy,,,13435.0,False,07:05,ok,2026-09-06T12:15:59.967042+05:30,2026-09-06_1215IST,airline_direct,IndiGo
MAA,DEL,6E,IndiGo,6E 5214,2026-09-21,15,business,,,35375.0,False,11:00,ok,2026-09-06T12:15:59.967042+05:30,2026-09-06_1215IST,airline_direct,IndiGo
MAA,DEL,6E,IndiGo,6E 5214,2026-09-21,15,economy,,,13478.0,False,11:00,ok,2026-09-06T12:15:59.967042+05:30,2026-09-06_1215IST,airline_direct,IndiGo
MAA,DEL,6E,IndiGo,6E 5371,2026-09-21,15,business,,,35375.0,False,14:45,ok,2026-09-06T12:15:59.967042+05:30,2026-09-06_1215IST,airline_direct,IndiGo
MAA,DEL,6E,IndiGo,6E 5371,2026-09-21,15,economy,,,13478.0,False,14:45,ok,2026-09-06T12:15:59.967042+05:30,2026-09-06_1215IST,airline_direct,IndiGo
MAA,DEL,6E,IndiGo,6E 6348,2026-09-21,15,business,,,35375.0,False,09:00,ok,2026-09-06T12:15:59.967042+05:30,2026-09-06_1215IST,airline_direct,IndiGo
MAA,DEL,6E,IndiGo,6E 6348,2026-09-21,15,economy,,,14346.0,False,09:00,ok,2026-09-06T12:15:59.967042+05:30,2026-09-06_1215IST,airline_direct,IndiGo
MAA,DEL,6E,IndiGo,6E 5314,2026-09-21,15,business,,,35375.0,False,06:45,ok,2026-09-06T12:15:59.967042+05:30,2026-09-06_1215IST,airline_direct,IndiGo
MAA,DEL,6E,IndiGo,6E 5314,2026-09-21,15,economy,,,14826.0,False,06:45,ok,2026-09-06T12:15:59.967042+05:30,2026-09-06_1215IST,airline_direct,IndiGo
MAA,DEL,6E,IndiGo,6E 401,2026-09-21,15,economy,,,17908.0,False,08:10,ok,2026-09-06T12:15:59.967042+05:30,2026-09-06_1215IST,airline_direct,IndiGo
DEL,BOM,6E,IndiGo,6E 353,2026-10-06,30,business,,,21900.0,False,03:00,ok,2026-09-06T12:17:05.135344+05:30,2026-09-06_1217IST,airline_direct,IndiGo
DEL,BOM,6E,IndiGo,6E 353,2026-10-06,30,economy,,,6305.0,False,03:00,ok,2026-09-06T12:17:05.135344+05:30,2026-09-06_1217IST,airline_direct,IndiGo
DEL,BOM,6E,IndiGo,6E 449,2026-10-06,30,business,,,21900.0,False,05:00,ok,2026-09-06T12:17:05.135344+05:30,2026-09-06_1217IST,airline_direct,IndiGo
DEL,BOM,6E,IndiGo,6E 449,2026-10-06,30,economy,,,6305.0,False,05:00,ok,2026-09-06T12:17:05.135344+05:30,2026-09-06_1217IST,airline_direct,IndiGo
DEL,BOM,6E,IndiGo,6E 675,2026-10-06,30,business,,,21900.0,False,08:45,ok,2026-09-06T12:17:05.135344+05:30,2026-09-06_1217IST,airline_direct,IndiGo
DEL,BOM,6E,IndiGo,6E 675,2026-10-06,30,economy,,,6305.0,False,08:45,ok,2026-09-06T12:17:05.135344+05:30,2026-09-06_1217IST,airline_direct,IndiGo
DEL,BOM,6E,IndiGo,6E 6107,2026-10-06,30,business,,,21900.0,False,09:30,ok,2026-09-06T12:17:05.135344+05:30,2026-09-06_1217IST,airline_direct,IndiGo
DEL,BOM,6E,IndiGo,6E 6107,2026-10-06,30,economy,,,6305.0,False,09:30,ok,2026-09-06T12:17:05.135344+05:30,2026-09-06_1217IST,airline_direct,IndiGo
DEL,BOM,6E,IndiGo,6E 6328,2026-10-06,30,business,,,21900.0,False,10:15,ok,2026-09-06T12:17:05.135344+05:30,2026-09-06_1217IST,airline_direct,IndiGo
DEL,BOM,6E,IndiGo,6E 6328,2026-10-06,30,economy,,,6305.0,False,10:15,ok,2026-09-06T12:17:05.135344+05:30,2026-09-06_1217IST,airline_direct,IndiGo
DEL,BOM,6E,IndiGo,6E 6047,2026-10-06,30,business,,,21900.0,False,11:00,ok,2026-09-06T12:17:05.135344+05:30,2026-09-06_1217IST,airline_direct,IndiGo
DEL,BOM,6E,IndiGo,6E 6047,2026-10-06,30,economy,,,6305.0,False,11:00,ok,2026-09-06T12:17:05.135344+05:30,2026-09-06_1217IST,airline_direct,IndiGo
DEL,BOM,6E,IndiGo,6E 6676,2026-10-06,30,business,,,21900.0,False,12:00,ok,2026-09-06T12:17:05.135344+05:30,2026-09-06_1217IST,airline_direct,IndiGo
DEL,BOM,6E,IndiGo,6E 6676,2026-10-06,30,economy,,,6305.0,False,12:00,ok,2026-09-06T12:17:05.135344+05:30,2026-09-06_1217IST,airline_direct,IndiGo
DEL,BOM,6E,IndiGo,6E 324,2026-10-06,30,business,,,21900.0,False,13:00,ok,2026-09-06T12:17:05.135344+05:30,2026-09-06_1217IST,airline_direct,IndiGo
DEL,BOM,6E,IndiGo,6E 324,2026-10-06,30,economy,,,6305.0,False,13:00,ok,2026-09-06T12:17:05.135344+05:30,2026-09-06_1217IST,airline_direct,IndiGo
DEL,BOM,6E,IndiGo,6E 6022,2026-10-06,30,business,,,21900.0,False,14:00,ok,2026-09-06T12:17:05.135344+05:30,2026-09-06_1217IST,airline_direct,IndiGo
DEL,BOM,6E,IndiGo,6E 6022,2026-10-06,30,economy,,,6305.0,False,14:00,ok,2026-09-06T12:17:05.135344+05:30,2026-09-06_1217IST,airline_direct,IndiGo
DEL,BOM,6E,IndiGo,6E 6318,2026-10-06,30,business,,,21900.0,False,14:45,ok,2026-09-06T12:17:05.135344+05:30,2026-09-06_1217IST,airline_direct,IndiGo
DEL,BOM,6E,IndiGo,6E 6318,2026-10-06,30,economy,,,6305.0,False,14:45,ok,2026-09-06T12:17:05.135344+05:30,2026-09-06_1217IST,airline_direct,IndiGo
DEL,BOM,6E,IndiGo,6E 864,2026-10-06,30,business,,,21900.0,False,15:30,ok,2026-09-06T12:17:05.135344+05:30,2026-09-06_1217IST,airline_direct,IndiGo
DEL,BOM,6E,IndiGo,6E 864,2026-10-06,30,economy,,,6305.0,False,15:30,ok,2026-09-06T12:17:05.135344+05:30,2026-09-06_1217IST,airline_direct,IndiGo
DEL,BOM,6E,IndiGo,6E 327,2026-10-06,30,business,,,21900.0,False,16:15,ok,2026-09-06T12:17:05.135344+05:30,2026-09-06_1217IST,airline_direct,IndiGo
DEL,BOM,6E,IndiGo,6E 327,2026-10-06,30,economy,,,6305.0,False,16:15,ok,2026-09-06T12:17:05.135344+05:30,2026-09-06_1217IST,airline_direct,IndiGo
DEL,BOM,6E,IndiGo,6E 6706,2026-10-06,30,business,,,21900.0,False,17:00,ok,2026-09-06T12:17:05.135344+05:30,2026-09-06_1217IST,airline_direct,IndiGo
DEL,BOM,6E,IndiGo,6E 6706,2026-10-06,30,economy,,,6305.0,False,17:00,ok,2026-09-06T12:17:05.135344+05:30,2026-09-06_1217IST,airline_direct,IndiGo
DEL,BOM,6E,IndiGo,6E 6114,2026-10-06,30,business,,,21900.0,False,22:45,ok,2026-09-06T12:17:05.135344+05:30,2026-09-06_1217IST,airline_direct,IndiGo
DEL,BOM,6E,IndiGo,6E 6114,2026-10-06,30,economy,,,6305.0,False,22:45,ok,2026-09-06T12:17:05.135344+05:30,2026-09-06_1217IST,airline_direct,IndiGo
DEL,BOM,6E,IndiGo,6E 322,2026-10-06,30,business,,,21900.0,False,23:30,ok,2026-09-06T12:17:05.135344+05:30,2026-09-06_1217IST,airline_direct,IndiGo
DEL,BOM,6E,IndiGo,6E 322,2026-10-06,30,economy,,,6305.0,False,23:30,ok,2026-09-06T12:17:05.135344+05:30,2026-09-06_1217IST,airline_direct,IndiGo
DEL,BOM,6E,IndiGo,6E 6218,2026-10-06,30,business,,,21900.0,False,06:05,ok,2026-09-06T12:17:05.135344+05:30,2026-09-06_1217IST,airline_direct,IndiGo
DEL,BOM,6E,IndiGo,6E 6218,2026-10-06,30,economy,,,6357.0,False,06:05,ok,2026-09-06T12:17:05.135344+05:30,2026-09-06_1217IST,airline_direct,IndiGo
DEL,BOM,6E,IndiGo,6E 303,2026-10-06,30,business,,,21900.0,False,20:00,ok,2026-09-06T12:17:05.135344+05:30,2026-09-06_1217IST,airline_direct,IndiGo
DEL,BOM,6E,IndiGo,6E 303,2026-10-06,30,economy,,,6357.0,False,20:00,ok,2026-09-06T12:17:05.135344+05:30,2026-09-06_1217IST,airline_direct,IndiGo
DEL,BOM,6E,IndiGo,6E 6814,2026-10-06,30,business,,,21900.0,False,07:15,ok,2026-09-06T12:17:05.135344+05:30,2026-09-06_1217IST,airline_direct,IndiGo
DEL,BOM,6E,IndiGo,6E 6814,2026-10-06,30,economy,,,6431.0,False,07:15,ok,2026-09-06T12:17:05.135344+05:30,2026-09-06_1217IST,airline_direct,IndiGo
DEL,BOM,6E,IndiGo,6E 320,2026-10-06,30,business,,,21900.0,False,08:00,ok,2026-09-06T12:17:05.135344+05:30,2026-09-06_1217IST,airline_direct,IndiGo
DEL,BOM,6E,IndiGo,6E 320,2026-10-06,30,economy,,,6431.0,False,08:00,ok,2026-09-06T12:17:05.135344+05:30,2026-09-06_1217IST,airline_direct,IndiGo
DEL,BOM,6E,IndiGo,6E 329,2026-10-06,30,business,,,21900.0,False,18:00,ok,2026-09-06T12:17:05.135344+05:30,2026-09-06_1217IST,airline_direct,IndiGo
DEL,BOM,6E,IndiGo,6E 329,2026-10-06,30,economy,,,6431.0,False,18:00,ok,2026-09-06T12:17:05.135344+05:30,2026-09-06_1217IST,airline_direct,IndiGo
DEL,BOM,6E,IndiGo,6E 354,2026-10-06,30,business,,,21900.0,False,19:00,ok,2026-09-06T12:17:05.135344+05:30,2026-09-06_1217IST,airline_direct,IndiGo
DEL,BOM,6E,IndiGo,6E 354,2026-10-06,30,economy,,,6431.0,False,19:00,ok,2026-09-06T12:17:05.135344+05:30,2026-09-06_1217IST,airline_direct,IndiGo
DEL,BOM,6E,IndiGo,6E 853,2026-10-06,30,business,,,21900.0,False,20:45,ok,2026-09-06T12:17:05.135344+05:30,2026-09-06_1217IST,airline_direct,IndiGo
DEL,BOM,6E,IndiGo,6E 853,2026-10-06,30,economy,,,6431.0,False,20:45,ok,2026-09-06T12:17:05.135344+05:30,2026-09-06_1217IST,airline_direct,IndiGo
DEL,BOM,6E,IndiGo,6E 395,2026-10-06,30,business,,,21900.0,False,21:45,ok,2026-09-06T12:17:05.135344+05:30,2026-09-06_1217IST,airline_direct,IndiGo
DEL,BOM,6E,IndiGo,6E 395,2026-10-06,30,economy,,,6431.0,False,21:45,ok,2026-09-06T12:17:05.135344+05:30,2026-09-06_1217IST,airline_direct,IndiGo
DEL,BOM,6E,IndiGo,6E 6261,2026-10-06,30,economy,,,6090.0,False,00:15,ok,2026-09-06T12:17:05.135344+05:30,2026-09-06_1217IST,airline_direct,IndiGo
DEL,BOM,6E,IndiGo,6E 5119,2026-10-06,30,economy,,,6090.0,False,05:10,ok,2026-09-06T12:17:05.135344+05:30,2026-09-06_1217IST,airline_direct,IndiGo
DEL,BOM,6E,IndiGo,6E 5119,2026-10-06,30,economy,,,6090.0,False,05:10,ok,2026-09-06T12:17:05.135344+05:30,2026-09-06_1217IST,airline_direct,IndiGo
DEL,BOM,6E,IndiGo,6E 6171,2026-10-06,30,economy,,,6090.0,False,05:40,ok,2026-09-06T12:17:05.135344+05:30,2026-09-06_1217IST,airline_direct,IndiGo
DEL,BOM,6E,IndiGo,6E 2076,2026-10-06,30,economy,,,6090.0,False,07:30,ok,2026-09-06T12:17:05.135344+05:30,2026-09-06_1217IST,airline_direct,IndiGo
DEL,BOM,6E,IndiGo,6E 2331,2026-10-06,30,economy,,,6090.0,False,12:20,ok,2026-09-06T12:17:05.135344+05:30,2026-09-06_1217IST,airline_direct,IndiGo
DEL,BOM,6E,IndiGo,6E 6454,2026-10-06,30,economy,,,6090.0,False,13:50,ok,2026-09-06T12:17:05.135344+05:30,2026-09-06_1217IST,airline_direct,IndiGo
DEL,BOM,6E,IndiGo,6E 2341,2026-10-06,30,economy,,,6090.0,False,14:50,ok,2026-09-06T12:17:05.135344+05:30,2026-09-06_1217IST,airline_direct,IndiGo
DEL,BOM,6E,IndiGo,6E 6983,2026-10-06,30,economy,,,6090.0,False,15:35,ok,2026-09-06T12:17:05.135344+05:30,2026-09-06_1217IST,airline_direct,IndiGo
DEL,BOM,6E,IndiGo,6E 5073,2026-10-06,30,economy,,,6090.0,False,17:05,ok,2026-09-06T12:17:05.135344+05:30,2026-09-06_1217IST,airline_direct,IndiGo
DEL,BOM,6E,IndiGo,6E 5073,2026-10-06,30,economy,,,6090.0,False,17:05,ok,2026-09-06T12:17:05.135344+05:30,2026-09-06_1217IST,airline_direct,IndiGo
DEL,BOM,6E,IndiGo,6E 5014,2026-10-06,30,economy,,,6090.0,False,18:30,ok,2026-09-06T12:17:05.135344+05:30,2026-09-06_1217IST,airline_direct,IndiGo
DEL,BOM,6E,IndiGo,6E 931,2026-10-06,30,economy,,,6090.0,False,19:30,ok,2026-09-06T12:17:05.135344+05:30,2026-09-06_1217IST,airline_direct,IndiGo
DEL,BOM,6E,IndiGo,6E 6569,2026-10-06,30,economy,,,6222.0,False,05:00,ok,2026-09-06T12:17:05.135344+05:30,2026-09-06_1217IST,airline_direct,IndiGo
DEL,BOM,6E,IndiGo,6E 6459,2026-10-06,30,economy,,,6222.0,False,05:55,ok,2026-09-06T12:17:05.135344+05:30,2026-09-06_1217IST,airline_direct,IndiGo
DEL,BOM,6E,IndiGo,6E 6443,2026-10-06,30,economy,,,6222.0,False,09:00,ok,2026-09-06T12:17:05.135344+05:30,2026-09-06_1217IST,airline_direct,IndiGo
DEL,BOM,6E,IndiGo,6E 6488,2026-10-06,30,economy,,,6222.0,False,11:20,ok,2026-09-06T12:17:05.135344+05:30,2026-09-06_1217IST,airline_direct,IndiGo
DEL,BOM,6E,IndiGo,6E 2249,2026-10-06,30,economy,,,6222.0,False,15:00,ok,2026-09-06T12:17:05.135344+05:30,2026-09-06_1217IST,airline_direct,IndiGo
DEL,BOM,6E,IndiGo,6E 6433,2026-10-06,30,economy,,,6222.0,False,16:30,ok,2026-09-06T12:17:05.135344+05:30,2026-09-06_1217IST,airline_direct,IndiGo
DEL,BOM,6E,IndiGo,6E 6829,2026-10-06,30,economy,,,6222.0,False,17:20,ok,2026-09-06T12:17:05.135344+05:30,2026-09-06_1217IST,airline_direct,IndiGo
DEL,BOM,6E,IndiGo,6E 6829,2026-10-06,30,economy,,,6222.0,False,17:20,ok,2026-09-06T12:17:05.135344+05:30,2026-09-06_1217IST,airline_direct,IndiGo
DEL,BOM,6E,IndiGo,6E 5138,2026-10-06,30,economy,,,6222.0,False,19:10,ok,2026-09-06T12:17:05.135344+05:30,2026-09-06_1217IST,airline_direct,IndiGo
DEL,BOM,6E,IndiGo,6E 2169,2026-10-06,30,economy,,,6222.0,False,19:20,ok,2026-09-06T12:17:05.135344+05:30,2026-09-06_1217IST,airline_direct,IndiGo
DEL,BOM,6E,IndiGo,6E 6050,2026-10-06,30,economy,,,6300.0,False,08:15,ok,2026-09-06T12:17:05.135344+05:30,2026-09-06_1217IST,airline_direct,IndiGo
DEL,BOM,6E,IndiGo,6E 5298,2026-10-06,30,economy,,,6300.0,False,09:00,ok,2026-09-06T12:17:05.135344+05:30,2026-09-06_1217IST,airline_direct,IndiGo
DEL,BOM,6E,IndiGo,6E 2113,2026-10-06,30,economy,,,6300.0,False,13:20,ok,2026-09-06T12:17:05.135344+05:30,2026-09-06_1217IST,airline_direct,IndiGo
DEL,BOM,6E,IndiGo,6E 5038,2026-10-06,30,economy,,,6300.0,False,14:00,ok,2026-09-06T12:17:05.135344+05:30,2026-09-06_1217IST,airline_direct,IndiGo
DEL,BOM,6E,IndiGo,6E 758,2026-10-06,30,economy,,,6300.0,False,16:10,ok,2026-09-06T12:17:05.135344+05:30,2026-09-06_1217IST,airline_direct,IndiGo
DEL,BOM,6E,IndiGo,6E 2151,2026-10-06,30,economy,,,6300.0,False,19:45,ok,2026-09-06T12:17:05.135344+05:30,2026-09-06_1217IST,airline_direct,IndiGo
DEL,BOM,6E,IndiGo,6E 6479,2026-10-06,30,economy,,,6300.0,False,21:25,ok,2026-09-06T12:17:05.135344+05:30,2026-09-06_1217IST,airline_direct,IndiGo
DEL,BOM,6E,IndiGo,6E 704,2026-10-06,30,business,,,29617.0,False,02:25,ok,2026-09-06T12:17:05.135344+05:30,2026-09-06_1217IST,airline_direct,IndiGo
DEL,BOM,6E,IndiGo,6E 704,2026-10-06,30,economy,,,6432.0,False,02:25,ok,2026-09-06T12:17:05.135344+05:30,2026-09-06_1217IST,airline_direct,IndiGo
DEL,BOM,6E,IndiGo,6E 6026,2026-10-06,30,business,,,29617.0,False,05:30,ok,2026-09-06T12:17:05.135344+05:30,2026-09-06_1217IST,airline_direct,IndiGo
DEL,BOM,6E,IndiGo,6E 6026,2026-10-06,30,economy,,,6432.0,False,05:30,ok,2026-09-06T12:17:05.135344+05:30,2026-09-06_1217IST,airline_direct,IndiGo
DEL,BOM,6E,IndiGo,6E 705,2026-10-06,30,business,,,29617.0,False,08:30,ok,2026-09-06T12:17:05.135344+05:30,2026-09-06_1217IST,airline_direct,IndiGo
DEL,BOM,6E,IndiGo,6E 705,2026-10-06,30,economy,,,6432.0,False,08:30,ok,2026-09-06T12:17:05.135344+05:30,2026-09-06_1217IST,airline_direct,IndiGo
DEL,BOM,6E,IndiGo,6E 6293,2026-10-06,30,business,,,29617.0,False,09:55,ok,2026-09-06T12:17:05.135344+05:30,2026-09-06_1217IST,airline_direct,IndiGo
DEL,BOM,6E,IndiGo,6E 6293,2026-10-06,30,economy,,,6432.0,False,09:55,ok,2026-09-06T12:17:05.135344+05:30,2026-09-06_1217IST,airline_direct,IndiGo
DEL,BOM,6E,IndiGo,6E 6282,2026-10-06,30,business,,,29617.0,False,13:30,ok,2026-09-06T12:17:05.135344+05:30,2026-09-06_1217IST,airline_direct,IndiGo
DEL,BOM,6E,IndiGo,6E 6282,2026-10-06,30,economy,,,6432.0,False,13:30,ok,2026-09-06T12:17:05.135344+05:30,2026-09-06_1217IST,airline_direct,IndiGo
DEL,BOM,6E,IndiGo,6E 6212,2026-10-06,30,business,,,29617.0,False,14:45,ok,2026-09-06T12:17:05.135344+05:30,2026-09-06_1217IST,airline_direct,IndiGo
DEL,BOM,6E,IndiGo,6E 6212,2026-10-06,30,economy,,,6432.0,False,14:45,ok,2026-09-06T12:17:05.135344+05:30,2026-09-06_1217IST,airline_direct,IndiGo
DEL,BOM,6E,IndiGo,6E 6497,2026-10-06,30,economy,,,6432.0,False,18:40,ok,2026-09-06T12:17:05.135344+05:30,2026-09-06_1217IST,airline_direct,IndiGo
DEL,BOM,6E,IndiGo,6E 6601,2026-10-06,30,business,,,29617.0,False,19:45,ok,2026-09-06T12:17:05.135344+05:30,2026-09-06_1217IST,airline_direct,IndiGo
DEL,BOM,6E,IndiGo,6E 6601,2026-10-06,30,economy,,,6432.0,False,19:45,ok,2026-09-06T12:17:05.135344+05:30,2026-09-06_1217IST,airline_direct,IndiGo
DEL,BOM,6E,IndiGo,6E 358,2026-10-06,30,business,,,36522.0,False,12:10,ok,2026-09-06T12:17:05.135344+05:30,2026-09-06_1217IST,airline_direct,IndiGo
DEL,BOM,6E,IndiGo,6E 358,2026-10-06,30,economy,,,6510.0,False,12:10,ok,2026-09-06T12:17:05.135344+05:30,2026-09-06_1217IST,airline_direct,IndiGo
DEL,BOM,6E,IndiGo,6E 2496,2026-10-06,30,economy,,,6747.0,False,12:40,ok,2026-09-06T12:17:05.135344+05:30,2026-09-06_1217IST,airline_direct,IndiGo
DEL,BOM,6E,IndiGo,6E 717,2026-10-06,30,business,,,29617.0,False,17:55,ok,2026-09-06T12:17:05.135344+05:30,2026-09-06_1217IST,airline_direct,IndiGo
DEL,BOM,6E,IndiGo,6E 717,2026-10-06,30,economy,,,8618.0,False,17:55,ok,2026-09-06T12:17:05.135344+05:30,2026-09-06_1217IST,airline_direct,IndiGo
DEL,BOM,6E,IndiGo,6E 2013,2026-10-06,30,economy,,,8828.0,False,21:50,ok,2026-09-06T12:17:05.135344+05:30,2026-09-06_1217IST,airline_direct,IndiGo
DEL,BOM,6E,IndiGo,6E 2349,2026-10-06,30,economy,,,9314.0,False,10:55,ok,2026-09-06T12:17:05.135344+05:30,2026-09-06_1217IST,airline_direct,IndiGo
DEL,BOM,6E,IndiGo,6E 357,2026-10-06,30,business,,,35991.0,False,19:30,ok,2026-09-06T12:17:05.135344+05:30,2026-09-06_1217IST,airline_direct,IndiGo
DEL,BOM,6E,IndiGo,6E 357,2026-10-06,30,economy,,,9782.0,False,19:30,ok,2026-09-06T12:17:05.135344+05:30,2026-09-06_1217IST,airline_direct,IndiGo
DEL,BOM,6E,IndiGo,6E 882,2026-10-06,30,business,,,26583.0,False,23:15,ok,2026-09-06T12:17:05.135344+05:30,2026-09-06_1217IST,airline_direct,IndiGo
DEL,BOM,6E,IndiGo,6E 882,2026-10-06,30,economy,,,12484.0,False,23:15,ok,2026-09-06T12:17:05.135344+05:30,2026-09-06_1217IST,airline_direct,IndiGo
DEL,BLR,6E,IndiGo,6E 6054,2026-10-06,30,business,,,26048.0,False,01:05,ok,2026-09-06T12:18:18.328872+05:30,2026-09-06_1218IST,airline_direct,IndiGo
DEL,BLR,6E,IndiGo,6E 6054,2026-10-06,30,economy,,,8671.0,False,01:05,ok,2026-09-06T12:18:18.328872+05:30,2026-09-06_1218IST,airline_direct,IndiGo
DEL,BLR,6E,IndiGo,6E 820,2026-10-06,30,business,,,26048.0,False,03:00,ok,2026-09-06T12:18:18.328872+05:30,2026-09-06_1218IST,airline_direct,IndiGo
DEL,BLR,6E,IndiGo,6E 820,2026-10-06,30,economy,,,8671.0,False,03:00,ok,2026-09-06T12:18:18.328872+05:30,2026-09-06_1218IST,airline_direct,IndiGo
DEL,BLR,6E,IndiGo,6E 2314,2026-10-06,30,business,,,26048.0,False,05:45,ok,2026-09-06T12:18:18.328872+05:30,2026-09-06_1218IST,airline_direct,IndiGo
DEL,BLR,6E,IndiGo,6E 2314,2026-10-06,30,economy,,,8671.0,False,05:45,ok,2026-09-06T12:18:18.328872+05:30,2026-09-06_1218IST,airline_direct,IndiGo
DEL,BLR,6E,IndiGo,6E 810,2026-10-06,30,business,,,26048.0,False,07:05,ok,2026-09-06T12:18:18.328872+05:30,2026-09-06_1218IST,airline_direct,IndiGo
DEL,BLR,6E,IndiGo,6E 810,2026-10-06,30,economy,,,8671.0,False,07:05,ok,2026-09-06T12:18:18.328872+05:30,2026-09-06_1218IST,airline_direct,IndiGo
DEL,BLR,6E,IndiGo,6E 826,2026-10-06,30,business,,,26048.0,False,09:30,ok,2026-09-06T12:18:18.328872+05:30,2026-09-06_1218IST,airline_direct,IndiGo
DEL,BLR,6E,IndiGo,6E 826,2026-10-06,30,economy,,,8671.0,False,09:30,ok,2026-09-06T12:18:18.328872+05:30,2026-09-06_1218IST,airline_direct,IndiGo
DEL,BLR,6E,IndiGo,6E 842,2026-10-06,30,business,,,26048.0,False,10:45,ok,2026-09-06T12:18:18.328872+05:30,2026-09-06_1218IST,airline_direct,IndiGo
DEL,BLR,6E,IndiGo,6E 842,2026-10-06,30,economy,,,8671.0,False,10:45,ok,2026-09-06T12:18:18.328872+05:30,2026-09-06_1218IST,airline_direct,IndiGo
DEL,BLR,6E,IndiGo,6E 850,2026-10-06,30,business,,,26048.0,False,12:15,ok,2026-09-06T12:18:18.328872+05:30,2026-09-06_1218IST,airline_direct,IndiGo
DEL,BLR,6E,IndiGo,6E 850,2026-10-06,30,economy,,,8671.0,False,12:15,ok,2026-09-06T12:18:18.328872+05:30,2026-09-06_1218IST,airline_direct,IndiGo
DEL,BLR,6E,IndiGo,6E 176,2026-10-06,30,business,,,26048.0,False,13:15,ok,2026-09-06T12:18:18.328872+05:30,2026-09-06_1218IST,airline_direct,IndiGo
DEL,BLR,6E,IndiGo,6E 176,2026-10-06,30,economy,,,8671.0,False,13:15,ok,2026-09-06T12:18:18.328872+05:30,2026-09-06_1218IST,airline_direct,IndiGo
DEL,BLR,6E,IndiGo,6E 828,2026-10-06,30,business,,,26048.0,False,14:30,ok,2026-09-06T12:18:18.328872+05:30,2026-09-06_1218IST,airline_direct,IndiGo
DEL,BLR,6E,IndiGo,6E 828,2026-10-06,30,economy,,,8671.0,False,14:30,ok,2026-09-06T12:18:18.328872+05:30,2026-09-06_1218IST,airline_direct,IndiGo
DEL,BLR,6E,IndiGo,6E 880,2026-10-06,30,business,,,26048.0,False,15:45,ok,2026-09-06T12:18:18.328872+05:30,2026-09-06_1218IST,airline_direct,IndiGo
DEL,BLR,6E,IndiGo,6E 880,2026-10-06,30,economy,,,8671.0,False,15:45,ok,2026-09-06T12:18:18.328872+05:30,2026-09-06_1218IST,airline_direct,IndiGo
DEL,BLR,6E,IndiGo,6E 837,2026-10-06,30,business,,,26048.0,False,17:00,ok,2026-09-06T12:18:18.328872+05:30,2026-09-06_1218IST,airline_direct,IndiGo
DEL,BLR,6E,IndiGo,6E 837,2026-10-06,30,economy,,,8671.0,False,17:00,ok,2026-09-06T12:18:18.328872+05:30,2026-09-06_1218IST,airline_direct,IndiGo
DEL,BLR,6E,IndiGo,6E 811,2026-10-06,30,business,,,26048.0,False,18:20,ok,2026-09-06T12:18:18.328872+05:30,2026-09-06_1218IST,airline_direct,IndiGo
DEL,BLR,6E,IndiGo,6E 811,2026-10-06,30,economy,,,8671.0,False,18:20,ok,2026-09-06T12:18:18.328872+05:30,2026-09-06_1218IST,airline_direct,IndiGo
DEL,BLR,6E,IndiGo,6E 861,2026-10-06,30,business,,,26048.0,False,19:30,ok,2026-09-06T12:18:18.328872+05:30,2026-09-06_1218IST,airline_direct,IndiGo
DEL,BLR,6E,IndiGo,6E 861,2026-10-06,30,economy,,,8671.0,False,19:30,ok,2026-09-06T12:18:18.328872+05:30,2026-09-06_1218IST,airline_direct,IndiGo
DEL,BLR,6E,IndiGo,6E 871,2026-10-06,30,business,,,26048.0,False,23:30,ok,2026-09-06T12:18:18.328872+05:30,2026-09-06_1218IST,airline_direct,IndiGo
DEL,BLR,6E,IndiGo,6E 871,2026-10-06,30,economy,,,8671.0,False,23:30,ok,2026-09-06T12:18:18.328872+05:30,2026-09-06_1218IST,airline_direct,IndiGo
DEL,BLR,6E,IndiGo,6E 6515,2026-10-06,30,business,,,26048.0,False,20:45,ok,2026-09-06T12:18:18.328872+05:30,2026-09-06_1218IST,airline_direct,IndiGo
DEL,BLR,6E,IndiGo,6E 6515,2026-10-06,30,economy,,,9128.0,False,20:45,ok,2026-09-06T12:18:18.328872+05:30,2026-09-06_1218IST,airline_direct,IndiGo
DEL,BLR,6E,IndiGo,6E 846,2026-10-06,30,business,,,26048.0,False,22:00,ok,2026-09-06T12:18:18.328872+05:30,2026-09-06_1218IST,airline_direct,IndiGo
DEL,BLR,6E,IndiGo,6E 846,2026-10-06,30,economy,,,9613.0,False,22:00,ok,2026-09-06T12:18:18.328872+05:30,2026-09-06_1218IST,airline_direct,IndiGo
DEL,BLR,6E,IndiGo,6E 873,2026-10-06,30,business,,,26048.0,False,08:20,ok,2026-09-06T12:18:18.328872+05:30,2026-09-06_1218IST,airline_direct,IndiGo
DEL,BLR,6E,IndiGo,6E 873,2026-10-06,30,economy,,,10675.0,False,08:20,ok,2026-09-06T12:18:18.328872+05:30,2026-09-06_1218IST,airline_direct,IndiGo
DEL,BLR,6E,IndiGo,6E 704,2026-10-06,30,business,,,24908.0,False,02:25,ok,2026-09-06T12:18:18.328872+05:30,2026-09-06_1218IST,airline_direct,IndiGo
DEL,BLR,6E,IndiGo,6E 704,2026-10-06,30,economy,,,8360.0,False,02:25,ok,2026-09-06T12:18:18.328872+05:30,2026-09-06_1218IST,airline_direct,IndiGo
DEL,BLR,6E,IndiGo,6E 704,2026-10-06,30,business,,,24908.0,False,02:25,ok,2026-09-06T12:18:18.328872+05:30,2026-09-06_1218IST,airline_direct,IndiGo
DEL,BLR,6E,IndiGo,6E 704,2026-10-06,30,economy,,,8360.0,False,02:25,ok,2026-09-06T12:18:18.328872+05:30,2026-09-06_1218IST,airline_direct,IndiGo
DEL,BLR,6E,IndiGo,6E 6026,2026-10-06,30,business,,,25312.0,False,05:30,ok,2026-09-06T12:18:18.328872+05:30,2026-09-06_1218IST,airline_direct,IndiGo
DEL,BLR,6E,IndiGo,6E 6026,2026-10-06,30,economy,,,8360.0,False,05:30,ok,2026-09-06T12:18:18.328872+05:30,2026-09-06_1218IST,airline_direct,IndiGo
DEL,BLR,6E,IndiGo,6E 6293,2026-10-06,30,business,,,24908.0,False,09:55,ok,2026-09-06T12:18:18.328872+05:30,2026-09-06_1218IST,airline_direct,IndiGo
DEL,BLR,6E,IndiGo,6E 6293,2026-10-06,30,economy,,,8360.0,False,09:55,ok,2026-09-06T12:18:18.328872+05:30,2026-09-06_1218IST,airline_direct,IndiGo
DEL,BLR,6E,IndiGo,6E 884,2026-10-06,30,business,,,25312.0,False,11:45,ok,2026-09-06T12:18:18.328872+05:30,2026-09-06_1218IST,airline_direct,IndiGo
DEL,BLR,6E,IndiGo,6E 884,2026-10-06,30,economy,,,8360.0,False,11:45,ok,2026-09-06T12:18:18.328872+05:30,2026-09-06_1218IST,airline_direct,IndiGo
DEL,BLR,6E,IndiGo,6E 6282,2026-10-06,30,business,,,25312.0,False,13:30,ok,2026-09-06T12:18:18.328872+05:30,2026-09-06_1218IST,airline_direct,IndiGo
DEL,BLR,6E,IndiGo,6E 6282,2026-10-06,30,economy,,,8360.0,False,13:30,ok,2026-09-06T12:18:18.328872+05:30,2026-09-06_1218IST,airline_direct,IndiGo
DEL,BLR,6E,IndiGo,6E 6212,2026-10-06,30,business,,,25312.0,False,14:45,ok,2026-09-06T12:18:18.328872+05:30,2026-09-06_1218IST,airline_direct,IndiGo
DEL,BLR,6E,IndiGo,6E 6212,2026-10-06,30,economy,,,8360.0,False,14:45,ok,2026-09-06T12:18:18.328872+05:30,2026-09-06_1218IST,airline_direct,IndiGo
DEL,BLR,6E,IndiGo,6E 6217,2026-10-06,30,business,,,24542.0,False,16:15,ok,2026-09-06T12:18:18.328872+05:30,2026-09-06_1218IST,airline_direct,IndiGo
DEL,BLR,6E,IndiGo,6E 6217,2026-10-06,30,economy,,,8360.0,False,16:15,ok,2026-09-06T12:18:18.328872+05:30,2026-09-06_1218IST,airline_direct,IndiGo
DEL,BLR,6E,IndiGo,6E 717,2026-10-06,30,business,,,24542.0,False,17:55,ok,2026-09-06T12:18:18.328872+05:30,2026-09-06_1218IST,airline_direct,IndiGo
DEL,BLR,6E,IndiGo,6E 717,2026-10-06,30,economy,,,8360.0,False,17:55,ok,2026-09-06T12:18:18.328872+05:30,2026-09-06_1218IST,airline_direct,IndiGo
DEL,BLR,6E,IndiGo,6E 2343,2026-10-06,30,business,,,26690.0,False,02:20,ok,2026-09-06T12:18:18.328872+05:30,2026-09-06_1218IST,airline_direct,IndiGo
DEL,BLR,6E,IndiGo,6E 2343,2026-10-06,30,economy,,,8491.0,False,02:20,ok,2026-09-06T12:18:18.328872+05:30,2026-09-06_1218IST,airline_direct,IndiGo
DEL,BLR,6E,IndiGo,6E 6569,2026-10-06,30,economy,,,8491.0,False,05:00,ok,2026-09-06T12:18:18.328872+05:30,2026-09-06_1218IST,airline_direct,IndiGo
DEL,BLR,6E,IndiGo,6E 5119,2026-10-06,30,economy,,,8491.0,False,05:10,ok,2026-09-06T12:18:18.328872+05:30,2026-09-06_1218IST,airline_direct,IndiGo
DEL,BLR,6E,IndiGo,6E 6459,2026-10-06,30,economy,,,8491.0,False,05:55,ok,2026-09-06T12:18:18.328872+05:30,2026-09-06_1218IST,airline_direct,IndiGo
DEL,BLR,6E,IndiGo,6E 2361,2026-10-06,30,economy,,,8491.0,False,14:35,ok,2026-09-06T12:18:18.328872+05:30,2026-09-06_1218IST,airline_direct,IndiGo
DEL,BLR,6E,IndiGo,6E 990,2026-10-06,30,economy,,,8491.0,False,14:50,ok,2026-09-06T12:18:18.328872+05:30,2026-09-06_1218IST,airline_direct,IndiGo
DEL,BLR,6E,IndiGo,6E 2557,2026-10-06,30,economy,,,8491.0,False,15:20,ok,2026-09-06T12:18:18.328872+05:30,2026-09-06_1218IST,airline_direct,IndiGo
DEL,BLR,6E,IndiGo,6E 864,2026-10-06,30,business,,,34636.0,False,15:30,ok,2026-09-06T12:18:18.328872+05:30,2026-09-06_1218IST,airline_direct,IndiGo
DEL,BLR,6E,IndiGo,6E 864,2026-10-06,30,economy,,,8491.0,False,15:30,ok,2026-09-06T12:18:18.328872+05:30,2026-09-06_1218IST,airline_direct,IndiGo
DEL,BLR,6E,IndiGo,6E 734,2026-10-06,30,economy,,,8491.0,False,16:20,ok,2026-09-06T12:18:18.328872+05:30,2026-09-06_1218IST,airline_direct,IndiGo
DEL,BLR,6E,IndiGo,6E 6437,2026-10-06,30,business,,,26690.0,False,16:25,ok,2026-09-06T12:18:18.328872+05:30,2026-09-06_1218IST,airline_direct,IndiGo
DEL,BLR,6E,IndiGo,6E 6437,2026-10-06,30,economy,,,8491.0,False,16:25,ok,2026-09-06T12:18:18.328872+05:30,2026-09-06_1218IST,airline_direct,IndiGo
DEL,BLR,6E,IndiGo,6E 5073,2026-10-06,30,economy,,,8491.0,False,17:05,ok,2026-09-06T12:18:18.328872+05:30,2026-09-06_1218IST,airline_direct,IndiGo
DEL,BLR,6E,IndiGo,6E 329,2026-10-06,30,business,,,34636.0,False,18:00,ok,2026-09-06T12:18:18.328872+05:30,2026-09-06_1218IST,airline_direct,IndiGo
DEL,BLR,6E,IndiGo,6E 329,2026-10-06,30,economy,,,8491.0,False,18:00,ok,2026-09-06T12:18:18.328872+05:30,2026-09-06_1218IST,airline_direct,IndiGo
DEL,BLR,6E,IndiGo,6E 329,2026-10-06,30,business,,,34636.0,False,18:00,ok,2026-09-06T12:18:18.328872+05:30,2026-09-06_1218IST,airline_direct,IndiGo
DEL,BLR,6E,IndiGo,6E 329,2026-10-06,30,economy,,,8491.0,False,18:00,ok,2026-09-06T12:18:18.328872+05:30,2026-09-06_1218IST,airline_direct,IndiGo
DEL,BLR,6E,IndiGo,6E 6179,2026-10-06,30,economy,,,8491.0,False,18:30,ok,2026-09-06T12:18:18.328872+05:30,2026-09-06_1218IST,airline_direct,IndiGo
DEL,BLR,6E,IndiGo,6E 931,2026-10-06,30,economy,,,8491.0,False,19:30,ok,2026-09-06T12:18:18.328872+05:30,2026-09-06_1218IST,airline_direct,IndiGo
DEL,BLR,6E,IndiGo,6E 933,2026-10-06,30,economy,,,8570.0,False,02:55,ok,2026-09-06T12:18:18.328872+05:30,2026-09-06_1218IST,airline_direct,IndiGo
DEL,BLR,6E,IndiGo,6E 6476,2026-10-06,30,economy,,,8570.0,False,07:05,ok,2026-09-06T12:18:18.328872+05:30,2026-09-06_1218IST,airline_direct,IndiGo
DEL,BLR,6E,IndiGo,6E 2319,2026-10-06,30,economy,,,8570.0,False,09:55,ok,2026-09-06T12:18:18.328872+05:30,2026-09-06_1218IST,airline_direct,IndiGo
DEL,BLR,6E,IndiGo,6E 2147,2026-10-06,30,economy,,,8570.0,False,11:10,ok,2026-09-06T12:18:18.328872+05:30,2026-09-06_1218IST,airline_direct,IndiGo
DEL,BLR,6E,IndiGo,6E 358,2026-10-06,30,business,,,35289.0,False,12:10,ok,2026-09-06T12:18:18.328872+05:30,2026-09-06_1218IST,airline_direct,IndiGo
DEL,BLR,6E,IndiGo,6E 358,2026-10-06,30,economy,,,8570.0,False,12:10,ok,2026-09-06T12:18:18.328872+05:30,2026-09-06_1218IST,airline_direct,IndiGo
DEL,BLR,6E,IndiGo,6E 6115,2026-10-06,30,economy,,,8570.0,False,13:10,ok,2026-09-06T12:18:18.328872+05:30,2026-09-06_1218IST,airline_direct,IndiGo
DEL,BLR,6E,IndiGo,6E 5038,2026-10-06,30,economy,,,8570.0,False,14:00,ok,2026-09-06T12:18:18.328872+05:30,2026-09-06_1218IST,airline_direct,IndiGo
DEL,BLR,6E,IndiGo,6E 6091,2026-10-06,30,economy,,,8570.0,False,15:15,ok,2026-09-06T12:18:18.328872+05:30,2026-09-06_1218IST,airline_direct,IndiGo
DEL,BLR,6E,IndiGo,6E 2150,2026-10-06,30,business,,,34227.0,False,16:55,ok,2026-09-06T12:18:18.328872+05:30,2026-09-06_1218IST,airline_direct,IndiGo
DEL,BLR,6E,IndiGo,6E 2150,2026-10-06,30,economy,,,8570.0,False,16:55,ok,2026-09-06T12:18:18.328872+05:30,2026-09-06_1218IST,airline_direct,IndiGo
DEL,BLR,6E,IndiGo,6E 6632,2026-10-06,30,economy,,,8570.0,False,17:50,ok,2026-09-06T12:18:18.328872+05:30,2026-09-06_1218IST,airline_direct,IndiGo
DEL,BLR,6E,IndiGo,6E 950,2026-10-06,30,economy,,,8570.0,False,18:15,ok,2026-09-06T12:18:18.328872+05:30,2026-09-06_1218IST,airline_direct,IndiGo
DEL,BLR,6E,IndiGo,6E 2769,2026-10-06,30,economy,,,8701.0,False,08:10,ok,2026-09-06T12:18:18.328872+05:30,2026-09-06_1218IST,airline_direct,IndiGo
DEL,BLR,6E,IndiGo,6E 6497,2026-10-06,30,economy,,,8701.0,False,18:40,ok,2026-09-06T12:18:18.328872+05:30,2026-09-06_1218IST,airline_direct,IndiGo
DEL,BLR,6E,IndiGo,6E 2482,2026-10-06,30,economy,,,8701.0,False,19:55,ok,2026-09-06T12:18:18.328872+05:30,2026-09-06_1218IST,airline_direct,IndiGo
DEL,BLR,6E,IndiGo,6E 2364,2026-10-06,30,economy,,,8727.0,False,04:50,ok,2026-09-06T12:18:18.328872+05:30,2026-09-06_1218IST,airline_direct,IndiGo
DEL,BLR,6E,IndiGo,6E 5191,2026-10-06,30,economy,,,8911.0,False,05:00,ok,2026-09-06T12:18:18.328872+05:30,2026-09-06_1218IST,airline_direct,IndiGo
DEL,BLR,6E,IndiGo,6E 513,2026-10-06,30,economy,,,8911.0,False,08:30,ok,2026-09-06T12:18:18.328872+05:30,2026-09-06_1218IST,airline_direct,IndiGo
DEL,BLR,6E,IndiGo,6E 758,2026-10-06,30,economy,,,9029.0,False,16:10,ok,2026-09-06T12:18:18.328872+05:30,2026-09-06_1218IST,airline_direct,IndiGo
DEL,BLR,6E,IndiGo,6E 6488,2026-10-06,30,economy,,,9161.0,False,11:20,ok,2026-09-06T12:18:18.328872+05:30,2026-09-06_1218IST,airline_direct,IndiGo
DEL,BLR,6E,IndiGo,6E 2277,2026-10-06,30,business,,,34994.0,False,10:25,ok,2026-09-06T12:18:18.328872+05:30,2026-09-06_1218IST,airline_direct,IndiGo
DEL,BLR,6E,IndiGo,6E 2277,2026-10-06,30,economy,,,9239.0,False,10:25,ok,2026-09-06T12:18:18.328872+05:30,2026-09-06_1218IST,airline_direct,IndiGo
DEL,BLR,6E,IndiGo,6E 5033,2026-10-06,30,economy,,,9239.0,False,15:50,ok,2026-09-06T12:18:18.328872+05:30,2026-09-06_1218IST,airline_direct,IndiGo
DEL,BLR,6E,IndiGo,6E 853,2026-10-06,30,business,,,34636.0,False,20:45,ok,2026-09-06T12:18:18.328872+05:30,2026-09-06_1218IST,airline_direct,IndiGo
DEL,BLR,6E,IndiGo,6E 853,2026-10-06,30,economy,,,11225.0,False,20:45,ok,2026-09-06T12:18:18.328872+05:30,2026-09-06_1218IST,airline_direct,IndiGo
DEL,BLR,6E,IndiGo,6E 2618,2026-10-06,30,business,,,26315.0,False,23:00,ok,2026-09-06T12:18:18.328872+05:30,2026-09-06_1218IST,airline_direct,IndiGo
DEL,BLR,6E,IndiGo,6E 2618,2026-10-06,30,economy,,,12473.0,False,23:00,ok,2026-09-06T12:18:18.328872+05:30,2026-09-06_1218IST,airline_direct,IndiGo
DEL,BLR,6E,IndiGo,6E 6673,2026-10-06,30,business,,,26315.0,False,21:15,ok,2026-09-06T12:18:18.328872+05:30,2026-09-06_1218IST,airline_direct,IndiGo
DEL,BLR,6E,IndiGo,6E 6673,2026-10-06,30,economy,,,13208.0,False,21:15,ok,2026-09-06T12:18:18.328872+05:30,2026-09-06_1218IST,airline_direct,IndiGo
DEL,BLR,6E,IndiGo,6E 754,2026-10-06,30,economy,,,15070.0,False,17:10,ok,2026-09-06T12:18:18.328872+05:30,2026-09-06_1218IST,airline_direct,IndiGo
BOM,BLR,6E,IndiGo,6E 5323,2026-10-06,30,business,,,18948.0,False,01:10,ok,2026-09-06T12:19:21.640061+05:30,2026-09-06_1219IST,airline_direct,IndiGo
BOM,BLR,6E,IndiGo,6E 5323,2026-10-06,30,economy,,,5091.0,False,01:10,ok,2026-09-06T12:19:21.640061+05:30,2026-09-06_1219IST,airline_direct,IndiGo
BOM,BLR,6E,IndiGo,6E 5294,2026-10-06,30,business,,,18948.0,False,04:30,ok,2026-09-06T12:19:21.640061+05:30,2026-09-06_1219IST,airline_direct,IndiGo
BOM,BLR,6E,IndiGo,6E 5294,2026-10-06,30,economy,,,5091.0,False,04:30,ok,2026-09-06T12:19:21.640061+05:30,2026-09-06_1219IST,airline_direct,IndiGo
BOM,BLR,6E,IndiGo,6E 5296,2026-10-06,30,business,,,18948.0,False,06:15,ok,2026-09-06T12:19:21.640061+05:30,2026-09-06_1219IST,airline_direct,IndiGo
BOM,BLR,6E,IndiGo,6E 5296,2026-10-06,30,economy,,,6747.0,False,06:15,ok,2026-09-06T12:19:21.640061+05:30,2026-09-06_1219IST,airline_direct,IndiGo
BOM,BLR,6E,IndiGo,6E 5193,2026-10-06,30,business,,,18948.0,False,07:45,ok,2026-09-06T12:19:21.640061+05:30,2026-09-06_1219IST,airline_direct,IndiGo
BOM,BLR,6E,IndiGo,6E 5193,2026-10-06,30,economy,,,6747.0,False,07:45,ok,2026-09-06T12:19:21.640061+05:30,2026-09-06_1219IST,airline_direct,IndiGo
BOM,BLR,6E,IndiGo,6E 5092,2026-10-06,30,business,,,18948.0,False,09:50,ok,2026-09-06T12:19:21.640061+05:30,2026-09-06_1219IST,airline_direct,IndiGo
BOM,BLR,6E,IndiGo,6E 5092,2026-10-06,30,economy,,,6747.0,False,09:50,ok,2026-09-06T12:19:21.640061+05:30,2026-09-06_1219IST,airline_direct,IndiGo
BOM,BLR,6E,IndiGo,6E 5217,2026-10-06,30,business,,,18948.0,False,11:00,ok,2026-09-06T12:19:21.640061+05:30,2026-09-06_1219IST,airline_direct,IndiGo
BOM,BLR,6E,IndiGo,6E 5217,2026-10-06,30,economy,,,6747.0,False,11:00,ok,2026-09-06T12:19:21.640061+05:30,2026-09-06_1219IST,airline_direct,IndiGo
BOM,BLR,6E,IndiGo,6E 5184,2026-10-06,30,business,,,18948.0,False,12:30,ok,2026-09-06T12:19:21.640061+05:30,2026-09-06_1219IST,airline_direct,IndiGo
BOM,BLR,6E,IndiGo,6E 5184,2026-10-06,30,economy,,,6747.0,False,12:30,ok,2026-09-06T12:19:21.640061+05:30,2026-09-06_1219IST,airline_direct,IndiGo
BOM,BLR,6E,IndiGo,6E 5382,2026-10-06,30,business,,,18948.0,False,14:30,ok,2026-09-06T12:19:21.640061+05:30,2026-09-06_1219IST,airline_direct,IndiGo
BOM,BLR,6E,IndiGo,6E 5382,2026-10-06,30,economy,,,6747.0,False,14:30,ok,2026-09-06T12:19:21.640061+05:30,2026-09-06_1219IST,airline_direct,IndiGo
BOM,BLR,6E,IndiGo,6E 5071,2026-10-06,30,business,,,18948.0,False,15:35,ok,2026-09-06T12:19:21.640061+05:30,2026-09-06_1219IST,airline_direct,IndiGo
BOM,BLR,6E,IndiGo,6E 5071,2026-10-06,30,economy,,,6747.0,False,15:35,ok,2026-09-06T12:19:21.640061+05:30,2026-09-06_1219IST,airline_direct,IndiGo
BOM,BLR,6E,IndiGo,6E 5221,2026-10-06,30,business,,,18948.0,False,17:00,ok,2026-09-06T12:19:21.640061+05:30,2026-09-06_1219IST,airline_direct,IndiGo
BOM,BLR,6E,IndiGo,6E 5221,2026-10-06,30,economy,,,6747.0,False,17:00,ok,2026-09-06T12:19:21.640061+05:30,2026-09-06_1219IST,airline_direct,IndiGo
BOM,BLR,6E,IndiGo,6E 5032,2026-10-06,30,business,,,18948.0,False,19:50,ok,2026-09-06T12:19:21.640061+05:30,2026-09-06_1219IST,airline_direct,IndiGo
BOM,BLR,6E,IndiGo,6E 5032,2026-10-06,30,economy,,,6747.0,False,19:50,ok,2026-09-06T12:19:21.640061+05:30,2026-09-06_1219IST,airline_direct,IndiGo
BOM,BLR,6E,IndiGo,6E 6188,2026-10-06,30,business,,,18948.0,False,21:30,ok,2026-09-06T12:19:21.640061+05:30,2026-09-06_1219IST,airline_direct,IndiGo
BOM,BLR,6E,IndiGo,6E 6188,2026-10-06,30,economy,,,6747.0,False,21:30,ok,2026-09-06T12:19:21.640061+05:30,2026-09-06_1219IST,airline_direct,IndiGo
BOM,BLR,6E,IndiGo,6E 5388,2026-10-06,30,business,,,18948.0,False,22:20,ok,2026-09-06T12:19:21.640061+05:30,2026-09-06_1219IST,airline_direct,IndiGo
BOM,BLR,6E,IndiGo,6E 5388,2026-10-06,30,economy,,,6747.0,False,22:20,ok,2026-09-06T12:19:21.640061+05:30,2026-09-06_1219IST,airline_direct,IndiGo
BOM,BLR,6E,IndiGo,6E 5047,2026-10-06,30,business,,,18948.0,False,18:30,ok,2026-09-06T12:19:21.640061+05:30,2026-09-06_1219IST,airline_direct,IndiGo
BOM,BLR,6E,IndiGo,6E 5047,2026-10-06,30,economy,,,7062.0,False,18:30,ok,2026-09-06T12:19:21.640061+05:30,2026-09-06_1219IST,airline_direct,IndiGo
BOM,BLR,6E,IndiGo,6E 6361,2026-10-06,30,economy,,,5122.0,False,05:00,ok,2026-09-06T12:19:21.640061+05:30,2026-09-06_1219IST,airline_direct,IndiGo
BOM,BLR,6E,IndiGo,6E 261,2026-10-06,30,economy,,,5122.0,False,11:20,ok,2026-09-06T12:19:21.640061+05:30,2026-09-06_1219IST,airline_direct,IndiGo
BOM,BLR,6E,IndiGo,6E 261,2026-10-06,30,economy,,,5122.0,False,11:20,ok,2026-09-06T12:19:21.640061+05:30,2026-09-06_1219IST,airline_direct,IndiGo
BOM,BLR,6E,IndiGo,6E 230,2026-10-06,30,economy,,,5122.0,False,13:55,ok,2026-09-06T12:19:21.640061+05:30,2026-09-06_1219IST,airline_direct,IndiGo
BOM,BLR,6E,IndiGo,6E 5241,2026-10-06,30,economy,,,5122.0,False,16:40,ok,2026-09-06T12:19:21.640061+05:30,2026-09-06_1219IST,airline_direct,IndiGo
BOM,BLR,6E,IndiGo,6E 6187,2026-10-06,30,economy,,,5253.0,False,00:30,ok,2026-09-06T12:19:21.640061+05:30,2026-09-06_1219IST,airline_direct,IndiGo
BOM,BLR,6E,IndiGo,6E 5179,2026-10-06,30,business,,,20036.0,False,02:45,ok,2026-09-06T12:19:21.640061+05:30,2026-09-06_1219IST,airline_direct,IndiGo
BOM,BLR,6E,IndiGo,6E 5179,2026-10-06,30,economy,,,5253.0,False,02:45,ok,2026-09-06T12:19:21.640061+05:30,2026-09-06_1219IST,airline_direct,IndiGo
BOM,BLR,6E,IndiGo,6E 5179,2026-10-06,30,business,,,20036.0,False,02:45,ok,2026-09-06T12:19:21.640061+05:30,2026-09-06_1219IST,airline_direct,IndiGo
BOM,BLR,6E,IndiGo,6E 5179,2026-10-06,30,economy,,,5253.0,False,02:45,ok,2026-09-06T12:19:21.640061+05:30,2026-09-06_1219IST,airline_direct,IndiGo
BOM,BLR,6E,IndiGo,6E 6057,2026-10-06,30,economy,,,5253.0,False,09:15,ok,2026-09-06T12:19:21.640061+05:30,2026-09-06_1219IST,airline_direct,IndiGo
BOM,BLR,6E,IndiGo,6E 5318,2026-10-06,30,business,,,20036.0,False,10:15,ok,2026-09-06T12:19:21.640061+05:30,2026-09-06_1219IST,airline_direct,IndiGo
BOM,BLR,6E,IndiGo,6E 5318,2026-10-06,30,economy,,,5253.0,False,10:15,ok,2026-09-06T12:19:21.640061+05:30,2026-09-06_1219IST,airline_direct,IndiGo
BOM,BLR,6E,IndiGo,6E 5318,2026-10-06,30,business,,,20441.0,False,10:15,ok,2026-09-06T12:19:21.640061+05:30,2026-09-06_1219IST,airline_direct,IndiGo
BOM,BLR,6E,IndiGo,6E 5318,2026-10-06,30,economy,,,5253.0,False,10:15,ok,2026-09-06T12:19:21.640061+05:30,2026-09-06_1219IST,airline_direct,IndiGo
BOM,BLR,6E,IndiGo,6E 5178,2026-10-06,30,business,,,20036.0,False,11:40,ok,2026-09-06T12:19:21.640061+05:30,2026-09-06_1219IST,airline_direct,IndiGo
BOM,BLR,6E,IndiGo,6E 5178,2026-10-06,30,economy,,,5253.0,False,11:40,ok,2026-09-06T12:19:21.640061+05:30,2026-09-06_1219IST,airline_direct,IndiGo
BOM,BLR,6E,IndiGo,6E 5178,2026-10-06,30,business,,,20441.0,False,11:40,ok,2026-09-06T12:19:21.640061+05:30,2026-09-06_1219IST,airline_direct,IndiGo
BOM,BLR,6E,IndiGo,6E 5178,2026-10-06,30,economy,,,5253.0,False,11:40,ok,2026-09-06T12:19:21.640061+05:30,2026-09-06_1219IST,airline_direct,IndiGo
BOM,BLR,6E,IndiGo,6E 673,2026-10-06,30,economy,,,5253.0,False,12:30,ok,2026-09-06T12:19:21.640061+05:30,2026-09-06_1219IST,airline_direct,IndiGo
BOM,BLR,6E,IndiGo,6E 673,2026-10-06,30,economy,,,5253.0,False,12:30,ok,2026-09-06T12:19:21.640061+05:30,2026-09-06_1219IST,airline_direct,IndiGo
BOM,BLR,6E,IndiGo,6E 5386,2026-10-06,30,business,,,20441.0,False,15:10,ok,2026-09-06T12:19:21.640061+05:30,2026-09-06_1219IST,airline_direct,IndiGo
BOM,BLR,6E,IndiGo,6E 5386,2026-10-06,30,economy,,,5253.0,False,15:10,ok,2026-09-06T12:19:21.640061+05:30,2026-09-06_1219IST,airline_direct,IndiGo
BOM,BLR,6E,IndiGo,6E 5386,2026-10-06,30,business,,,19670.0,False,15:10,ok,2026-09-06T12:19:21.640061+05:30,2026-09-06_1219IST,airline_direct,IndiGo
BOM,BLR,6E,IndiGo,6E 5386,2026-10-06,30,economy,,,5253.0,False,15:10,ok,2026-09-06T12:19:21.640061+05:30,2026-09-06_1219IST,airline_direct,IndiGo
BOM,BLR,6E,IndiGo,6E 5386,2026-10-06,30,business,,,19670.0,False,15:10,ok,2026-09-06T12:19:21.640061+05:30,2026-09-06_1219IST,airline_direct,IndiGo
BOM,BLR,6E,IndiGo,6E 5386,2026-10-06,30,economy,,,5253.0,False,15:10,ok,2026-09-06T12:19:21.640061+05:30,2026-09-06_1219IST,airline_direct,IndiGo
BOM,BLR,6E,IndiGo,6E 5228,2026-10-06,30,business,,,19670.0,False,16:45,ok,2026-09-06T12:19:21.640061+05:30,2026-09-06_1219IST,airline_direct,IndiGo
BOM,BLR,6E,IndiGo,6E 5228,2026-10-06,30,economy,,,5253.0,False,16:45,ok,2026-09-06T12:19:21.640061+05:30,2026-09-06_1219IST,airline_direct,IndiGo
BOM,BLR,6E,IndiGo,6E 5228,2026-10-06,30,business,,,19670.0,False,16:45,ok,2026-09-06T12:19:21.640061+05:30,2026-09-06_1219IST,airline_direct,IndiGo
BOM,BLR,6E,IndiGo,6E 5228,2026-10-06,30,economy,,,5253.0,False,16:45,ok,2026-09-06T12:19:21.640061+05:30,2026-09-06_1219IST,airline_direct,IndiGo
BOM,BLR,6E,IndiGo,6E 911,2026-10-06,30,economy,,,5463.0,False,01:30,ok,2026-09-06T12:19:21.640061+05:30,2026-09-06_1219IST,airline_direct,IndiGo
BOM,BLR,6E,IndiGo,6E 632,2026-10-06,30,economy,,,5463.0,False,04:00,ok,2026-09-06T12:19:21.640061+05:30,2026-09-06_1219IST,airline_direct,IndiGo
BOM,BLR,6E,IndiGo,6E 6701,2026-10-06,30,economy,,,5463.0,False,05:35,ok,2026-09-06T12:19:21.640061+05:30,2026-09-06_1219IST,airline_direct,IndiGo
BOM,BLR,6E,IndiGo,6E 5188,2026-10-06,30,economy,,,5463.0,False,06:15,ok,2026-09-06T12:19:21.640061+05:30,2026-09-06_1219IST,airline_direct,IndiGo
BOM,BLR,6E,IndiGo,6E 5204,2026-10-06,30,economy,,,5463.0,False,08:15,ok,2026-09-06T12:19:21.640061+05:30,2026-09-06_1219IST,airline_direct,IndiGo
BOM,BLR,6E,IndiGo,6E 5109,2026-10-06,30,economy,,,5463.0,False,09:35,ok,2026-09-06T12:19:21.640061+05:30,2026-09-06_1219IST,airline_direct,IndiGo
BOM,BLR,6E,IndiGo,6E 5313,2026-10-06,30,economy,,,5463.0,False,09:50,ok,2026-09-06T12:19:21.640061+05:30,2026-09-06_1219IST,airline_direct,IndiGo
BOM,BLR,6E,IndiGo,6E 5313,2026-10-06,30,economy,,,5463.0,False,09:50,ok,2026-09-06T12:19:21.640061+05:30,2026-09-06_1219IST,airline_direct,IndiGo
BOM,BLR,6E,IndiGo,6E 6349,2026-10-06,30,economy,,,5463.0,False,11:40,ok,2026-09-06T12:19:21.640061+05:30,2026-09-06_1219IST,airline_direct,IndiGo
BOM,BLR,6E,IndiGo,6E 6349,2026-10-06,30,economy,,,5463.0,False,11:40,ok,2026-09-06T12:19:21.640061+05:30,2026-09-06_1219IST,airline_direct,IndiGo
BOM,BLR,6E,IndiGo,6E 2284,2026-10-06,30,economy,,,5463.0,False,12:05,ok,2026-09-06T12:19:21.640061+05:30,2026-09-06_1219IST,airline_direct,IndiGo
BOM,BLR,6E,IndiGo,6E 5337,2026-10-06,30,economy,,,5463.0,False,13:45,ok,2026-09-06T12:19:21.640061+05:30,2026-09-06_1219IST,airline_direct,IndiGo
BOM,BLR,6E,IndiGo,6E 5337,2026-10-06,30,economy,,,5463.0,False,13:45,ok,2026-09-06T12:19:21.640061+05:30,2026-09-06_1219IST,airline_direct,IndiGo
BOM,BLR,6E,IndiGo,6E 5201,2026-10-06,30,economy,,,5463.0,False,14:55,ok,2026-09-06T12:19:21.640061+05:30,2026-09-06_1219IST,airline_direct,IndiGo
BOM,BLR,6E,IndiGo,6E 5196,2026-10-06,30,economy,,,5463.0,False,15:25,ok,2026-09-06T12:19:21.640061+05:30,2026-09-06_1219IST,airline_direct,IndiGo
BOM,BLR,6E,IndiGo,6E 5196,2026-10-06,30,economy,,,5463.0,False,15:25,ok,2026-09-06T12:19:21.640061+05:30,2026-09-06_1219IST,airline_direct,IndiGo
BOM,BLR,6E,IndiGo,6E 240,2026-10-06,30,economy,,,5463.0,False,15:45,ok,2026-09-06T12:19:21.640061+05:30,2026-09-06_1219IST,airline_direct,IndiGo
BOM,BLR,6E,IndiGo,6E 437,2026-10-06,30,economy,,,5463.0,False,17:10,ok,2026-09-06T12:19:21.640061+05:30,2026-09-06_1219IST,airline_direct,IndiGo
BOM,BLR,6E,IndiGo,6E 5048,2026-10-06,30,economy,,,5463.0,False,17:25,ok,2026-09-06T12:19:21.640061+05:30,2026-09-06_1219IST,airline_direct,IndiGo
BOM,BLR,6E,IndiGo,6E 5126,2026-10-06,30,economy,,,5463.0,False,18:15,ok,2026-09-06T12:19:21.640061+05:30,2026-09-06_1219IST,airline_direct,IndiGo
BOM,BLR,6E,IndiGo,6E 2237,2026-10-06,30,economy,,,5463.0,False,18:40,ok,2026-09-06T12:19:21.640061+05:30,2026-09-06_1219IST,airline_direct,IndiGo
BOM,BLR,6E,IndiGo,6E 5107,2026-10-06,30,economy,,,5463.0,False,20:00,ok,2026-09-06T12:19:21.640061+05:30,2026-09-06_1219IST,airline_direct,IndiGo
BOM,BLR,6E,IndiGo,6E 5082,2026-10-06,30,economy,,,5913.0,False,18:05,ok,2026-09-06T12:19:21.640061+05:30,2026-09-06_1219IST,airline_direct,IndiGo
BOM,BLR,6E,IndiGo,6E 5123,2026-10-06,30,economy,,,6176.0,False,14:40,ok,2026-09-06T12:19:21.640061+05:30,2026-09-06_1219IST,airline_direct,IndiGo
BOM,BLR,6E,IndiGo,6E 2016,2026-10-06,30,economy,,,6255.0,False,13:35,ok,2026-09-06T12:19:21.640061+05:30,2026-09-06_1219IST,airline_direct,IndiGo
BOM,BLR,6E,IndiGo,6E 5181,2026-10-06,30,economy,,,8498.0,False,10:25,ok,2026-09-06T12:19:21.640061+05:30,2026-09-06_1219IST,airline_direct,IndiGo
BOM,BLR,6E,IndiGo,6E 5152,2026-10-06,30,economy,,,9910.0,False,23:10,ok,2026-09-06T12:19:21.640061+05:30,2026-09-06_1219IST,airline_direct,IndiGo
DEL,CCU,6E,IndiGo,6E 513,2026-10-06,30,business,,,22600.0,False,08:30,ok,2026-09-06T12:20:29.994615+05:30,2026-09-06_1220IST,airline_direct,IndiGo
DEL,CCU,6E,IndiGo,6E 513,2026-10-06,30,economy,,,8502.0,False,08:30,ok,2026-09-06T12:20:29.994615+05:30,2026-09-06_1220IST,airline_direct,IndiGo
DEL,CCU,6E,IndiGo,6E 930,2026-10-06,30,business,,,22600.0,False,02:45,ok,2026-09-06T12:20:29.994615+05:30,2026-09-06_1220IST,airline_direct,IndiGo
DEL,CCU,6E,IndiGo,6E 930,2026-10-06,30,economy,,,8765.0,False,02:45,ok,2026-09-06T12:20:29.994615+05:30,2026-09-06_1220IST,airline_direct,IndiGo
DEL,CCU,6E,IndiGo,6E 340,2026-10-06,30,business,,,22600.0,False,07:20,ok,2026-09-06T12:20:29.994615+05:30,2026-09-06_1220IST,airline_direct,IndiGo
DEL,CCU,6E,IndiGo,6E 340,2026-10-06,30,economy,,,8765.0,False,07:20,ok,2026-09-06T12:20:29.994615+05:30,2026-09-06_1220IST,airline_direct,IndiGo
DEL,CCU,6E,IndiGo,6E 894,2026-10-06,30,business,,,22600.0,False,10:15,ok,2026-09-06T12:20:29.994615+05:30,2026-09-06_1220IST,airline_direct,IndiGo
DEL,CCU,6E,IndiGo,6E 894,2026-10-06,30,economy,,,8765.0,False,10:15,ok,2026-09-06T12:20:29.994615+05:30,2026-09-06_1220IST,airline_direct,IndiGo
DEL,CCU,6E,IndiGo,6E 910,2026-10-06,30,business,,,22600.0,False,14:25,ok,2026-09-06T12:20:29.994615+05:30,2026-09-06_1220IST,airline_direct,IndiGo
DEL,CCU,6E,IndiGo,6E 910,2026-10-06,30,economy,,,8765.0,False,14:25,ok,2026-09-06T12:20:29.994615+05:30,2026-09-06_1220IST,airline_direct,IndiGo
DEL,CCU,6E,IndiGo,6E 389,2026-10-06,30,business,,,22600.0,False,21:50,ok,2026-09-06T12:20:29.994615+05:30,2026-09-06_1220IST,airline_direct,IndiGo
DEL,CCU,6E,IndiGo,6E 389,2026-10-06,30,economy,,,8765.0,False,21:50,ok,2026-09-06T12:20:29.994615+05:30,2026-09-06_1220IST,airline_direct,IndiGo
DEL,CCU,6E,IndiGo,6E 897,2026-10-06,30,business,,,22600.0,False,12:45,ok,2026-09-06T12:20:29.994615+05:30,2026-09-06_1220IST,airline_direct,IndiGo
DEL,CCU,6E,IndiGo,6E 897,2026-10-06,30,economy,,,9080.0,False,12:45,ok,2026-09-06T12:20:29.994615+05:30,2026-09-06_1220IST,airline_direct,IndiGo
DEL,CCU,6E,IndiGo,6E 6415,2026-10-06,30,business,,,22600.0,False,16:00,ok,2026-09-06T12:20:29.994615+05:30,2026-09-06_1220IST,airline_direct,IndiGo
DEL,CCU,6E,IndiGo,6E 6415,2026-10-06,30,economy,,,9080.0,False,16:00,ok,2026-09-06T12:20:29.994615+05:30,2026-09-06_1220IST,airline_direct,IndiGo
DEL,CCU,6E,IndiGo,6E 247,2026-10-06,30,business,,,22600.0,False,23:30,ok,2026-09-06T12:20:29.994615+05:30,2026-09-06_1220IST,airline_direct,IndiGo
DEL,CCU,6E,IndiGo,6E 247,2026-10-06,30,economy,,,9080.0,False,23:30,ok,2026-09-06T12:20:29.994615+05:30,2026-09-06_1220IST,airline_direct,IndiGo
DEL,CCU,6E,IndiGo,6E 5191,2026-10-06,30,business,,,22600.0,False,05:00,ok,2026-09-06T12:20:29.994615+05:30,2026-09-06_1220IST,airline_direct,IndiGo
DEL,CCU,6E,IndiGo,6E 5191,2026-10-06,30,economy,,,9552.0,False,05:00,ok,2026-09-06T12:20:29.994615+05:30,2026-09-06_1220IST,airline_direct,IndiGo
DEL,CCU,6E,IndiGo,6E 2276,2026-10-06,30,business,,,22600.0,False,17:55,ok,2026-09-06T12:20:29.994615+05:30,2026-09-06_1220IST,airline_direct,IndiGo
DEL,CCU,6E,IndiGo,6E 2276,2026-10-06,30,economy,,,9552.0,False,17:55,ok,2026-09-06T12:20:29.994615+05:30,2026-09-06_1220IST,airline_direct,IndiGo
DEL,CCU,6E,IndiGo,6E 6517,2026-10-06,30,business,,,22600.0,False,19:30,ok,2026-09-06T12:20:29.994615+05:30,2026-09-06_1220IST,airline_direct,IndiGo
DEL,CCU,6E,IndiGo,6E 6517,2026-10-06,30,economy,,,9552.0,False,19:30,ok,2026-09-06T12:20:29.994615+05:30,2026-09-06_1220IST,airline_direct,IndiGo
DEL,CCU,6E,IndiGo,6E 6190,2026-10-06,30,economy,,,7578.0,False,07:40,ok,2026-09-06T12:20:29.994615+05:30,2026-09-06_1220IST,airline_direct,IndiGo
DEL,CCU,6E,IndiGo,6E 2296,2026-10-06,30,economy,,,7578.0,False,09:20,ok,2026-09-06T12:20:29.994615+05:30,2026-09-06_1220IST,airline_direct,IndiGo
DEL,CCU,6E,IndiGo,6E 5041,2026-10-06,30,economy,,,7683.0,False,15:10,ok,2026-09-06T12:20:29.994615+05:30,2026-09-06_1220IST,airline_direct,IndiGo
DEL,CCU,6E,IndiGo,6E 6503,2026-10-06,30,economy,,,7893.0,False,13:25,ok,2026-09-06T12:20:29.994615+05:30,2026-09-06_1220IST,airline_direct,IndiGo
DEL,CCU,6E,IndiGo,6E 884,2026-10-06,30,business,,,29971.0,False,11:45,ok,2026-09-06T12:20:29.994615+05:30,2026-09-06_1220IST,airline_direct,IndiGo
DEL,CCU,6E,IndiGo,6E 884,2026-10-06,30,economy,,,7920.0,False,11:45,ok,2026-09-06T12:20:29.994615+05:30,2026-09-06_1220IST,airline_direct,IndiGo
DEL,CCU,6E,IndiGo,6E 2331,2026-10-06,30,economy,,,7920.0,False,12:20,ok,2026-09-06T12:20:29.994615+05:30,2026-09-06_1220IST,airline_direct,IndiGo
DEL,CCU,6E,IndiGo,6E 6212,2026-10-06,30,business,,,28909.0,False,14:45,ok,2026-09-06T12:20:29.994615+05:30,2026-09-06_1220IST,airline_direct,IndiGo
DEL,CCU,6E,IndiGo,6E 6212,2026-10-06,30,economy,,,7920.0,False,14:45,ok,2026-09-06T12:20:29.994615+05:30,2026-09-06_1220IST,airline_direct,IndiGo
DEL,CCU,6E,IndiGo,6E 6217,2026-10-06,30,business,,,27493.0,False,16:15,ok,2026-09-06T12:20:29.994615+05:30,2026-09-06_1220IST,airline_direct,IndiGo
DEL,CCU,6E,IndiGo,6E 6217,2026-10-06,30,economy,,,7920.0,False,16:15,ok,2026-09-06T12:20:29.994615+05:30,2026-09-06_1220IST,airline_direct,IndiGo
DEL,CCU,6E,IndiGo,6E 5073,2026-10-06,30,economy,,,7920.0,False,17:05,ok,2026-09-06T12:20:29.994615+05:30,2026-09-06_1220IST,airline_direct,IndiGo
DEL,CCU,6E,IndiGo,6E 6245,2026-10-06,30,economy,,,7975.0,False,06:20,ok,2026-09-06T12:20:29.994615+05:30,2026-09-06_1220IST,airline_direct,IndiGo
DEL,CCU,6E,IndiGo,6E 2113,2026-10-06,30,economy,,,7975.0,False,13:20,ok,2026-09-06T12:20:29.994615+05:30,2026-09-06_1220IST,airline_direct,IndiGo
DEL,CCU,6E,IndiGo,6E 2453,2026-10-06,30,economy,,,7975.0,False,13:35,ok,2026-09-06T12:20:29.994615+05:30,2026-09-06_1220IST,airline_direct,IndiGo
DEL,CCU,6E,IndiGo,6E 6459,2026-10-06,30,economy,,,8107.0,False,05:55,ok,2026-09-06T12:20:29.994615+05:30,2026-09-06_1220IST,airline_direct,IndiGo
DEL,CCU,6E,IndiGo,6E 2361,2026-10-06,30,economy,,,8107.0,False,14:35,ok,2026-09-06T12:20:29.994615+05:30,2026-09-06_1220IST,airline_direct,IndiGo
DEL,CCU,6E,IndiGo,6E 6073,2026-10-06,30,economy,,,8185.0,False,05:00,ok,2026-09-06T12:20:29.994615+05:30,2026-09-06_1220IST,airline_direct,IndiGo
DEL,CCU,6E,IndiGo,6E 6190,2026-10-06,30,economy,,,8185.0,False,07:40,ok,2026-09-06T12:20:29.994615+05:30,2026-09-06_1220IST,airline_direct,IndiGo
DEL,CCU,6E,IndiGo,6E 5038,2026-10-06,30,economy,,,8185.0,False,14:00,ok,2026-09-06T12:20:29.994615+05:30,2026-09-06_1220IST,airline_direct,IndiGo
DEL,CCU,6E,IndiGo,6E 2614,2026-10-06,30,economy,,,8185.0,False,14:40,ok,2026-09-06T12:20:29.994615+05:30,2026-09-06_1220IST,airline_direct,IndiGo
DEL,CCU,6E,IndiGo,6E 5033,2026-10-06,30,economy,,,8185.0,False,15:50,ok,2026-09-06T12:20:29.994615+05:30,2026-09-06_1220IST,airline_direct,IndiGo
DEL,CCU,6E,IndiGo,6E 5215,2026-10-06,30,economy,,,8290.0,False,07:40,ok,2026-09-06T12:20:29.994615+05:30,2026-09-06_1220IST,airline_direct,IndiGo
DEL,CCU,6E,IndiGo,6E 2316,2026-10-06,30,economy,,,8290.0,False,17:30,ok,2026-09-06T12:20:29.994615+05:30,2026-09-06_1220IST,airline_direct,IndiGo
DEL,CCU,6E,IndiGo,6E 6829,2026-10-06,30,economy,,,8317.0,False,17:20,ok,2026-09-06T12:20:29.994615+05:30,2026-09-06_1220IST,airline_direct,IndiGo
DEL,CCU,6E,IndiGo,6E 6211,2026-10-06,30,economy,,,8500.0,False,09:10,ok,2026-09-06T12:20:29.994615+05:30,2026-09-06_1220IST,airline_direct,IndiGo
DEL,CCU,6E,IndiGo,6E 6503,2026-10-06,30,economy,,,8500.0,False,13:25,ok,2026-09-06T12:20:29.994615+05:30,2026-09-06_1220IST,airline_direct,IndiGo
DEL,CCU,6E,IndiGo,6E 704,2026-10-06,30,business,,,30797.0,False,02:25,ok,2026-09-06T12:20:29.994615+05:30,2026-09-06_1220IST,airline_direct,IndiGo
DEL,CCU,6E,IndiGo,6E 704,2026-10-06,30,economy,,,8527.0,False,02:25,ok,2026-09-06T12:20:29.994615+05:30,2026-09-06_1220IST,airline_direct,IndiGo
DEL,CCU,6E,IndiGo,6E 5119,2026-10-06,30,economy,,,8527.0,False,05:10,ok,2026-09-06T12:20:29.994615+05:30,2026-09-06_1220IST,airline_direct,IndiGo
DEL,CCU,6E,IndiGo,6E 6026,2026-10-06,30,business,,,30797.0,False,05:30,ok,2026-09-06T12:20:29.994615+05:30,2026-09-06_1220IST,airline_direct,IndiGo
DEL,CCU,6E,IndiGo,6E 6026,2026-10-06,30,economy,,,8527.0,False,05:30,ok,2026-09-06T12:20:29.994615+05:30,2026-09-06_1220IST,airline_direct,IndiGo
DEL,CCU,6E,IndiGo,6E 203,2026-10-06,30,business,,,30797.0,False,07:10,ok,2026-09-06T12:20:29.994615+05:30,2026-09-06_1220IST,airline_direct,IndiGo
DEL,CCU,6E,IndiGo,6E 203,2026-10-06,30,economy,,,8527.0,False,07:10,ok,2026-09-06T12:20:29.994615+05:30,2026-09-06_1220IST,airline_direct,IndiGo
DEL,CCU,6E,IndiGo,6E 6282,2026-10-06,30,business,,,29971.0,False,13:30,ok,2026-09-06T12:20:29.994615+05:30,2026-09-06_1220IST,airline_direct,IndiGo
DEL,CCU,6E,IndiGo,6E 6282,2026-10-06,30,economy,,,8527.0,False,13:30,ok,2026-09-06T12:20:29.994615+05:30,2026-09-06_1220IST,airline_direct,IndiGo
DEL,CCU,6E,IndiGo,6E 6217,2026-10-06,30,business,,,28909.0,False,16:15,ok,2026-09-06T12:20:29.994615+05:30,2026-09-06_1220IST,airline_direct,IndiGo
DEL,CCU,6E,IndiGo,6E 6217,2026-10-06,30,economy,,,8527.0,False,16:15,ok,2026-09-06T12:20:29.994615+05:30,2026-09-06_1220IST,airline_direct,IndiGo
DEL,CCU,6E,IndiGo,6E 717,2026-10-06,30,business,,,28909.0,False,17:55,ok,2026-09-06T12:20:29.994615+05:30,2026-09-06_1220IST,airline_direct,IndiGo
DEL,CCU,6E,IndiGo,6E 717,2026-10-06,30,economy,,,8527.0,False,17:55,ok,2026-09-06T12:20:29.994615+05:30,2026-09-06_1220IST,airline_direct,IndiGo
DEL,CCU,6E,IndiGo,6E 717,2026-10-06,30,business,,,27493.0,False,17:55,ok,2026-09-06T12:20:29.994615+05:30,2026-09-06_1220IST,airline_direct,IndiGo
DEL,CCU,6E,IndiGo,6E 717,2026-10-06,30,economy,,,8527.0,False,17:55,ok,2026-09-06T12:20:29.994615+05:30,2026-09-06_1220IST,airline_direct,IndiGo
DEL,CCU,6E,IndiGo,6E 6551,2026-10-06,30,economy,,,8632.0,False,12:00,ok,2026-09-06T12:20:29.994615+05:30,2026-09-06_1220IST,airline_direct,IndiGo
DEL,CCU,6E,IndiGo,6E 2769,2026-10-06,30,economy,,,8643.0,False,08:10,ok,2026-09-06T12:20:29.994615+05:30,2026-09-06_1220IST,airline_direct,IndiGo
DEL,CCU,6E,IndiGo,6E 6236,2026-10-06,30,economy,,,8643.0,False,16:20,ok,2026-09-06T12:20:29.994615+05:30,2026-09-06_1220IST,airline_direct,IndiGo
DEL,CCU,6E,IndiGo,6E 6246,2026-10-06,30,economy,,,8774.0,False,05:25,ok,2026-09-06T12:20:29.994615+05:30,2026-09-06_1220IST,airline_direct,IndiGo
DEL,CCU,6E,IndiGo,6E 5036,2026-10-06,30,economy,,,8774.0,False,08:00,ok,2026-09-06T12:20:29.994615+05:30,2026-09-06_1220IST,airline_direct,IndiGo
DEL,CCU,6E,IndiGo,6E 6312,2026-10-06,30,economy,,,8774.0,False,14:25,ok,2026-09-06T12:20:29.994615+05:30,2026-09-06_1220IST,airline_direct,IndiGo
DEL,CCU,6E,IndiGo,6E 6312,2026-10-06,30,economy,,,8774.0,False,14:25,ok,2026-09-06T12:20:29.994615+05:30,2026-09-06_1220IST,airline_direct,IndiGo
DEL,CCU,6E,IndiGo,6E 2259,2026-10-06,30,economy,,,8853.0,False,12:20,ok,2026-09-06T12:20:29.994615+05:30,2026-09-06_1220IST,airline_direct,IndiGo
DEL,CCU,6E,IndiGo,6E 6053,2026-10-06,30,economy,,,8853.0,False,13:05,ok,2026-09-06T12:20:29.994615+05:30,2026-09-06_1220IST,airline_direct,IndiGo
DEL,CCU,6E,IndiGo,6E 2614,2026-10-06,30,economy,,,8853.0,False,14:40,ok,2026-09-06T12:20:29.994615+05:30,2026-09-06_1220IST,airline_direct,IndiGo
DEL,CCU,6E,IndiGo,6E 5215,2026-10-06,30,economy,,,8958.0,False,07:40,ok,2026-09-06T12:20:29.994615+05:30,2026-09-06_1220IST,airline_direct,IndiGo
DEL,CCU,6E,IndiGo,6E 6371,2026-10-06,30,economy,,,9299.0,False,06:20,ok,2026-09-06T12:20:29.994615+05:30,2026-09-06_1220IST,airline_direct,IndiGo
DEL,CCU,6E,IndiGo,6E 734,2026-10-06,30,economy,,,9508.0,False,16:20,ok,2026-09-06T12:20:29.994615+05:30,2026-09-06_1220IST,airline_direct,IndiGo
DEL,CCU,6E,IndiGo,6E 705,2026-10-06,30,business,,,30797.0,False,08:30,ok,2026-09-06T12:20:29.994615+05:30,2026-09-06_1220IST,airline_direct,IndiGo
DEL,CCU,6E,IndiGo,6E 705,2026-10-06,30,economy,,,9928.0,False,08:30,ok,2026-09-06T12:20:29.994615+05:30,2026-09-06_1220IST,airline_direct,IndiGo
DEL,CCU,6E,IndiGo,6E 704,2026-10-06,30,business,,,28909.0,False,02:25,ok,2026-09-06T12:20:29.994615+05:30,2026-09-06_1220IST,airline_direct,IndiGo
DEL,CCU,6E,IndiGo,6E 704,2026-10-06,30,economy,,,11621.0,False,02:25,ok,2026-09-06T12:20:29.994615+05:30,2026-09-06_1220IST,airline_direct,IndiGo
DEL,CCU,6E,IndiGo,6E 5041,2026-10-06,30,economy,,,13264.0,False,15:10,ok,2026-09-06T12:20:29.994615+05:30,2026-09-06_1220IST,airline_direct,IndiGo
BLR,HYD,6E,IndiGo,6E 484,2026-10-06,30,economy,,,4235.0,False,08:15,ok,2026-09-06T12:21:32.760268+05:30,2026-09-06_1221IST,airline_direct,IndiGo
BLR,HYD,6E,IndiGo,6E 6067,2026-10-06,30,economy,,,4561.0,False,16:30,ok,2026-09-06T12:21:32.760268+05:30,2026-09-06_1221IST,airline_direct,IndiGo
BLR,HYD,6E,IndiGo,6E 6784,2026-10-06,30,economy,,,4561.0,False,21:25,ok,2026-09-06T12:21:32.760268+05:30,2026-09-06_1221IST,airline_direct,IndiGo
BLR,HYD,6E,IndiGo,6E 312,2026-10-06,30,economy,,,4921.0,False,09:15,ok,2026-09-06T12:21:32.760268+05:30,2026-09-06_1221IST,airline_direct,IndiGo
BLR,HYD,6E,IndiGo,6E 537,2026-10-06,30,economy,,,4921.0,False,10:15,ok,2026-09-06T12:21:32.760268+05:30,2026-09-06_1221IST,airline_direct,IndiGo
BLR,HYD,6E,IndiGo,6E 6404,2026-10-06,30,economy,,,4921.0,False,11:35,ok,2026-09-06T12:21:32.760268+05:30,2026-09-06_1221IST,airline_direct,IndiGo
BLR,HYD,6E,IndiGo,6E 638,2026-10-06,30,economy,,,4921.0,False,18:35,ok,2026-09-06T12:21:32.760268+05:30,2026-09-06_1221IST,airline_direct,IndiGo
BLR,HYD,6E,IndiGo,6E 855,2026-10-06,30,economy,,,5318.0,False,19:45,ok,2026-09-06T12:21:32.760268+05:30,2026-09-06_1221IST,airline_direct,IndiGo
BLR,HYD,6E,IndiGo,6E 6178,2026-10-06,30,economy,,,6772.0,False,06:10,ok,2026-09-06T12:21:32.760268+05:30,2026-09-06_1221IST,airline_direct,IndiGo
BLR,HYD,6E,IndiGo,6E 6563,2026-10-06,30,economy,,,4553.0,False,01:05,ok,2026-09-06T12:21:32.760268+05:30,2026-09-06_1221IST,airline_direct,IndiGo
BLR,HYD,6E,IndiGo,6E 6876,2026-10-06,30,economy,,,4553.0,False,02:40,ok,2026-09-06T12:21:32.760268+05:30,2026-09-06_1221IST,airline_direct,IndiGo
BLR,HYD,6E,IndiGo,6E 857,2026-10-06,30,economy,,,4553.0,False,07:05,ok,2026-09-06T12:21:32.760268+05:30,2026-09-06_1221IST,airline_direct,IndiGo
BLR,HYD,6E,IndiGo,6E 857,2026-10-06,30,economy,,,4553.0,False,07:05,ok,2026-09-06T12:21:32.760268+05:30,2026-09-06_1221IST,airline_direct,IndiGo
BLR,HYD,6E,IndiGo,6E 763,2026-10-06,30,economy,,,4553.0,False,07:10,ok,2026-09-06T12:21:32.760268+05:30,2026-09-06_1221IST,airline_direct,IndiGo
BLR,HYD,6E,IndiGo,6E 763,2026-10-06,30,economy,,,4553.0,False,07:10,ok,2026-09-06T12:21:32.760268+05:30,2026-09-06_1221IST,airline_direct,IndiGo
BLR,HYD,6E,IndiGo,6E 763,2026-10-06,30,economy,,,4553.0,False,07:10,ok,2026-09-06T12:21:32.760268+05:30,2026-09-06_1221IST,airline_direct,IndiGo
BLR,HYD,6E,IndiGo,6E 6269,2026-10-06,30,economy,,,4553.0,False,07:15,ok,2026-09-06T12:21:32.760268+05:30,2026-09-06_1221IST,airline_direct,IndiGo
BLR,HYD,6E,IndiGo,6E 904,2026-10-06,30,economy,,,4553.0,False,10:50,ok,2026-09-06T12:21:32.760268+05:30,2026-09-06_1221IST,airline_direct,IndiGo
BLR,HYD,6E,IndiGo,6E 6104,2026-10-06,30,economy,,,4553.0,False,11:40,ok,2026-09-06T12:21:32.760268+05:30,2026-09-06_1221IST,airline_direct,IndiGo
BLR,HYD,6E,IndiGo,6E 6653,2026-10-06,30,economy,,,4553.0,False,12:35,ok,2026-09-06T12:21:32.760268+05:30,2026-09-06_1221IST,airline_direct,IndiGo
BLR,HYD,6E,IndiGo,6E 6208,2026-10-06,30,economy,,,4553.0,False,12:50,ok,2026-09-06T12:21:32.760268+05:30,2026-09-06_1221IST,airline_direct,IndiGo
BLR,HYD,6E,IndiGo,6E 6208,2026-10-06,30,economy,,,4553.0,False,12:50,ok,2026-09-06T12:21:32.760268+05:30,2026-09-06_1221IST,airline_direct,IndiGo
BLR,HYD,6E,IndiGo,6E 602,2026-10-06,30,economy,,,4553.0,False,14:40,ok,2026-09-06T12:21:32.760268+05:30,2026-09-06_1221IST,airline_direct,IndiGo
BLR,HYD,6E,IndiGo,6E 182,2026-10-06,30,economy,,,4553.0,False,15:00,ok,2026-09-06T12:21:32.760268+05:30,2026-09-06_1221IST,airline_direct,IndiGo
BLR,HYD,6E,IndiGo,6E 182,2026-10-06,30,economy,,,4553.0,False,15:00,ok,2026-09-06T12:21:32.760268+05:30,2026-09-06_1221IST,airline_direct,IndiGo
BLR,HYD,6E,IndiGo,6E 182,2026-10-06,30,economy,,,4553.0,False,15:00,ok,2026-09-06T12:21:32.760268+05:30,2026-09-06_1221IST,airline_direct,IndiGo
BLR,HYD,6E,IndiGo,6E 6753,2026-10-06,30,economy,,,4553.0,False,15:15,ok,2026-09-06T12:21:32.760268+05:30,2026-09-06_1221IST,airline_direct,IndiGo
BLR,HYD,6E,IndiGo,6E 6753,2026-10-06,30,economy,,,4553.0,False,15:15,ok,2026-09-06T12:21:32.760268+05:30,2026-09-06_1221IST,airline_direct,IndiGo
BLR,HYD,6E,IndiGo,6E 356,2026-10-06,30,economy,,,4553.0,False,17:15,ok,2026-09-06T12:21:32.760268+05:30,2026-09-06_1221IST,airline_direct,IndiGo
BLR,HYD,6E,IndiGo,6E 356,2026-10-06,30,economy,,,4553.0,False,17:15,ok,2026-09-06T12:21:32.760268+05:30,2026-09-06_1221IST,airline_direct,IndiGo
BLR,HYD,6E,IndiGo,6E 6168,2026-10-06,30,economy,,,4553.0,False,17:40,ok,2026-09-06T12:21:32.760268+05:30,2026-09-06_1221IST,airline_direct,IndiGo
BLR,HYD,6E,IndiGo,6E 6168,2026-10-06,30,economy,,,4553.0,False,17:40,ok,2026-09-06T12:21:32.760268+05:30,2026-09-06_1221IST,airline_direct,IndiGo
BLR,HYD,6E,IndiGo,6E 6017,2026-10-06,30,economy,,,4553.0,False,18:15,ok,2026-09-06T12:21:32.760268+05:30,2026-09-06_1221IST,airline_direct,IndiGo
BLR,HYD,6E,IndiGo,6E 105,2026-10-06,30,economy,,,4553.0,False,18:50,ok,2026-09-06T12:21:32.760268+05:30,2026-09-06_1221IST,airline_direct,IndiGo
BLR,HYD,6E,IndiGo,6E 6554,2026-10-06,30,economy,,,4553.0,False,19:15,ok,2026-09-06T12:21:32.760268+05:30,2026-09-06_1221IST,airline_direct,IndiGo
BLR,HYD,6E,IndiGo,6E 6583,2026-10-06,30,economy,,,4685.0,False,10:40,ok,2026-09-06T12:21:32.760268+05:30,2026-09-06_1221IST,airline_direct,IndiGo
BLR,HYD,6E,IndiGo,6E 6583,2026-10-06,30,economy,,,4685.0,False,10:40,ok,2026-09-06T12:21:32.760268+05:30,2026-09-06_1221IST,airline_direct,IndiGo
BLR,HYD,6E,IndiGo,6E 7204,2026-10-06,30,economy,,,5146.0,False,06:50,ok,2026-09-06T12:21:32.760268+05:30,2026-09-06_1221IST,airline_direct,IndiGo
BLR,HYD,6E,IndiGo,6E 6269,2026-10-06,30,economy,,,5146.0,False,07:15,ok,2026-09-06T12:21:32.760268+05:30,2026-09-06_1221IST,airline_direct,IndiGo
BLR,HYD,6E,IndiGo,6E 7005,2026-10-06,30,economy,,,5146.0,False,08:05,ok,2026-09-06T12:21:32.760268+05:30,2026-09-06_1221IST,airline_direct,IndiGo
BLR,HYD,6E,IndiGo,6E 7005,2026-10-06,30,economy,,,5146.0,False,08:05,ok,2026-09-06T12:21:32.760268+05:30,2026-09-06_1221IST,airline_direct,IndiGo
BLR,HYD,6E,IndiGo,6E 6003,2026-10-06,30,economy,,,5146.0,False,15:35,ok,2026-09-06T12:21:32.760268+05:30,2026-09-06_1221IST,airline_direct,IndiGo
BLR,HYD,6E,IndiGo,6E 6445,2026-10-06,30,economy,,,5486.0,False,10:25,ok,2026-09-06T12:21:32.760268+05:30,2026-09-06_1221IST,airline_direct,IndiGo
BLR,HYD,6E,IndiGo,6E 7227,2026-10-06,30,economy,,,5729.0,False,06:25,ok,2026-09-06T12:21:32.760268+05:30,2026-09-06_1221IST,airline_direct,IndiGo
BLR,HYD,6E,IndiGo,6E 6653,2026-10-06,30,economy,,,5861.0,False,12:35,ok,2026-09-06T12:21:32.760268+05:30,2026-09-06_1221IST,airline_direct,IndiGo
BLR,HYD,6E,IndiGo,6E 574,2026-10-06,30,economy,,,5992.0,False,11:05,ok,2026-09-06T12:21:32.760268+05:30,2026-09-06_1221IST,airline_direct,IndiGo
BLR,HYD,6E,IndiGo,6E 6336,2026-10-06,30,economy,,,5992.0,False,12:40,ok,2026-09-06T12:21:32.760268+05:30,2026-09-06_1221IST,airline_direct,IndiGo
BLR,HYD,6E,IndiGo,6E 6336,2026-10-06,30,economy,,,5992.0,False,12:40,ok,2026-09-06T12:21:32.760268+05:30,2026-09-06_1221IST,airline_direct,IndiGo
BLR,HYD,6E,IndiGo,6E 6162,2026-10-06,30,economy,,,6271.0,False,18:50,ok,2026-09-06T12:21:32.760268+05:30,2026-09-06_1221IST,airline_direct,IndiGo
BLR,HYD,6E,IndiGo,6E 7223,2026-10-06,30,economy,,,6810.0,False,15:30,ok,2026-09-06T12:21:32.760268+05:30,2026-09-06_1221IST,airline_direct,IndiGo
BLR,HYD,6E,IndiGo,6E 7204,2026-10-06,30,economy,,,7677.0,False,06:50,ok,2026-09-06T12:21:32.760268+05:30,2026-09-06_1221IST,airline_direct,IndiGo
BLR,HYD,6E,IndiGo,6E 7285,2026-10-06,30,economy,,,9202.0,False,06:50,ok,2026-09-06T12:21:32.760268+05:30,2026-09-06_1221IST,airline_direct,IndiGo
BLR,HYD,6E,IndiGo,6E 109,2026-10-06,30,economy,,,10944.0,False,17:00,ok,2026-09-06T12:21:32.760268+05:30,2026-09-06_1221IST,airline_direct,IndiGo
BLR,HYD,6E,IndiGo,6E 116,2026-10-06,30,economy,,,11042.0,False,23:05,ok,2026-09-06T12:21:32.760268+05:30,2026-09-06_1221IST,airline_direct,IndiGo
BLR,HYD,6E,IndiGo,6E 528,2026-10-06,30,economy,,,12674.0,False,21:40,ok,2026-09-06T12:21:32.760268+05:30,2026-09-06_1221IST,airline_direct,IndiGo
BLR,HYD,6E,IndiGo,6E 116,2026-10-06,30,economy,,,12674.0,False,23:05,ok,2026-09-06T12:21:32.760268+05:30,2026-09-06_1221IST,airline_direct,IndiGo
BLR,HYD,6E,IndiGo,6E 105,2026-10-06,30,economy,,,13159.0,False,18:50,ok,2026-09-06T12:21:32.760268+05:30,2026-09-06_1221IST,airline_direct,IndiGo
BLR,HYD,6E,IndiGo,6E 441,2026-10-06,30,economy,,,13335.0,False,20:40,ok,2026-09-06T12:21:32.760268+05:30,2026-09-06_1221IST,airline_direct,IndiGo
BLR,HYD,6E,IndiGo,6E 7176,2026-10-06,30,economy,,,5157.0,False,10:10,ok,2026-09-06T12:21:32.760268+05:30,2026-09-06_1221IST,airline_direct,IndiGo
MAA,DEL,6E,IndiGo,6E 953,2026-10-06,30,business,,,24700.0,False,02:45,ok,2026-09-06T12:22:41.475346+05:30,2026-09-06_1222IST,airline_direct,IndiGo
MAA,DEL,6E,IndiGo,6E 953,2026-10-06,30,economy,,,9830.0,False,02:45,ok,2026-09-06T12:22:41.475346+05:30,2026-09-06_1222IST,airline_direct,IndiGo
MAA,DEL,6E,IndiGo,6E 937,2026-10-06,30,business,,,24700.0,False,06:30,ok,2026-09-06T12:22:41.475346+05:30,2026-09-06_1222IST,airline_direct,IndiGo
MAA,DEL,6E,IndiGo,6E 937,2026-10-06,30,economy,,,9830.0,False,06:30,ok,2026-09-06T12:22:41.475346+05:30,2026-09-06_1222IST,airline_direct,IndiGo
MAA,DEL,6E,IndiGo,6E 404,2026-10-06,30,business,,,24700.0,False,09:15,ok,2026-09-06T12:22:41.475346+05:30,2026-09-06_1222IST,airline_direct,IndiGo
MAA,DEL,6E,IndiGo,6E 404,2026-10-06,30,economy,,,9830.0,False,09:15,ok,2026-09-06T12:22:41.475346+05:30,2026-09-06_1222IST,airline_direct,IndiGo
MAA,DEL,6E,IndiGo,6E 6002,2026-10-06,30,business,,,24700.0,False,11:10,ok,2026-09-06T12:22:41.475346+05:30,2026-09-06_1222IST,airline_direct,IndiGo
MAA,DEL,6E,IndiGo,6E 6002,2026-10-06,30,economy,,,9830.0,False,11:10,ok,2026-09-06T12:22:41.475346+05:30,2026-09-06_1222IST,airline_direct,IndiGo
MAA,DEL,6E,IndiGo,6E 939,2026-10-06,30,business,,,24700.0,False,13:00,ok,2026-09-06T12:22:41.475346+05:30,2026-09-06_1222IST,airline_direct,IndiGo
MAA,DEL,6E,IndiGo,6E 939,2026-10-06,30,economy,,,9830.0,False,13:00,ok,2026-09-06T12:22:41.475346+05:30,2026-09-06_1222IST,airline_direct,IndiGo
MAA,DEL,6E,IndiGo,6E 948,2026-10-06,30,business,,,24700.0,False,14:30,ok,2026-09-06T12:22:41.475346+05:30,2026-09-06_1222IST,airline_direct,IndiGo
MAA,DEL,6E,IndiGo,6E 948,2026-10-06,30,economy,,,9830.0,False,14:30,ok,2026-09-06T12:22:41.475346+05:30,2026-09-06_1222IST,airline_direct,IndiGo
MAA,DEL,6E,IndiGo,6E 613,2026-10-06,30,business,,,24700.0,False,19:00,ok,2026-09-06T12:22:41.475346+05:30,2026-09-06_1222IST,airline_direct,IndiGo
MAA,DEL,6E,IndiGo,6E 613,2026-10-06,30,economy,,,9830.0,False,19:00,ok,2026-09-06T12:22:41.475346+05:30,2026-09-06_1222IST,airline_direct,IndiGo
MAA,DEL,6E,IndiGo,6E 951,2026-10-06,30,business,,,24700.0,False,21:50,ok,2026-09-06T12:22:41.475346+05:30,2026-09-06_1222IST,airline_direct,IndiGo
MAA,DEL,6E,IndiGo,6E 951,2026-10-06,30,economy,,,9830.0,False,21:50,ok,2026-09-06T12:22:41.475346+05:30,2026-09-06_1222IST,airline_direct,IndiGo
MAA,DEL,6E,IndiGo,6E 2369,2026-10-06,30,business,,,24700.0,False,23:45,ok,2026-09-06T12:22:41.475346+05:30,2026-09-06_1222IST,airline_direct,IndiGo
MAA,DEL,6E,IndiGo,6E 2369,2026-10-06,30,economy,,,9830.0,False,23:45,ok,2026-09-06T12:22:41.475346+05:30,2026-09-06_1222IST,airline_direct,IndiGo
MAA,DEL,6E,IndiGo,6E 698,2026-10-06,30,business,,,24700.0,False,16:45,ok,2026-09-06T12:22:41.475346+05:30,2026-09-06_1222IST,airline_direct,IndiGo
MAA,DEL,6E,IndiGo,6E 698,2026-10-06,30,economy,,,10295.0,False,16:45,ok,2026-09-06T12:22:41.475346+05:30,2026-09-06_1222IST,airline_direct,IndiGo
MAA,DEL,6E,IndiGo,6E 597,2026-10-06,30,economy,,,9297.0,False,17:45,ok,2026-09-06T12:22:41.475346+05:30,2026-09-06_1222IST,airline_direct,IndiGo
MAA,DEL,6E,IndiGo,6E 6797,2026-10-06,30,economy,,,9409.0,False,13:10,ok,2026-09-06T12:22:41.475346+05:30,2026-09-06_1222IST,airline_direct,IndiGo
MAA,DEL,6E,IndiGo,6E 253,2026-10-06,30,business,,,28061.0,False,03:10,ok,2026-09-06T12:22:41.475346+05:30,2026-09-06_1222IST,airline_direct,IndiGo
MAA,DEL,6E,IndiGo,6E 253,2026-10-06,30,economy,,,9619.0,False,03:10,ok,2026-09-06T12:22:41.475346+05:30,2026-09-06_1222IST,airline_direct,IndiGo
MAA,DEL,6E,IndiGo,6E 244,2026-10-06,30,economy,,,9619.0,False,03:55,ok,2026-09-06T12:22:41.475346+05:30,2026-09-06_1222IST,airline_direct,IndiGo
MAA,DEL,6E,IndiGo,6E 607,2026-10-06,30,business,,,28061.0,False,05:40,ok,2026-09-06T12:22:41.475346+05:30,2026-09-06_1222IST,airline_direct,IndiGo
MAA,DEL,6E,IndiGo,6E 607,2026-10-06,30,economy,,,9619.0,False,05:40,ok,2026-09-06T12:22:41.475346+05:30,2026-09-06_1222IST,airline_direct,IndiGo
MAA,DEL,6E,IndiGo,6E 495,2026-10-06,30,economy,,,9619.0,False,07:10,ok,2026-09-06T12:22:41.475346+05:30,2026-09-06_1222IST,airline_direct,IndiGo
MAA,DEL,6E,IndiGo,6E 401,2026-10-06,30,economy,,,9619.0,False,08:10,ok,2026-09-06T12:22:41.475346+05:30,2026-09-06_1222IST,airline_direct,IndiGo
MAA,DEL,6E,IndiGo,6E 834,2026-10-06,30,economy,,,9619.0,False,09:05,ok,2026-09-06T12:22:41.475346+05:30,2026-09-06_1222IST,airline_direct,IndiGo
MAA,DEL,6E,IndiGo,6E 834,2026-10-06,30,economy,,,9619.0,False,09:05,ok,2026-09-06T12:22:41.475346+05:30,2026-09-06_1222IST,airline_direct,IndiGo
MAA,DEL,6E,IndiGo,6E 991,2026-10-06,30,economy,,,9619.0,False,09:30,ok,2026-09-06T12:22:41.475346+05:30,2026-09-06_1222IST,airline_direct,IndiGo
MAA,DEL,6E,IndiGo,6E 372,2026-10-06,30,economy,,,9619.0,False,09:55,ok,2026-09-06T12:22:41.475346+05:30,2026-09-06_1222IST,airline_direct,IndiGo
MAA,DEL,6E,IndiGo,6E 6079,2026-10-06,30,economy,,,9619.0,False,10:15,ok,2026-09-06T12:22:41.475346+05:30,2026-09-06_1222IST,airline_direct,IndiGo
MAA,DEL,6E,IndiGo,6E 6079,2026-10-06,30,economy,,,9619.0,False,10:15,ok,2026-09-06T12:22:41.475346+05:30,2026-09-06_1222IST,airline_direct,IndiGo
MAA,DEL,6E,IndiGo,6E 502,2026-10-06,30,business,,,28533.0,False,11:10,ok,2026-09-06T12:22:41.475346+05:30,2026-09-06_1222IST,airline_direct,IndiGo
MAA,DEL,6E,IndiGo,6E 502,2026-10-06,30,economy,,,9619.0,False,11:10,ok,2026-09-06T12:22:41.475346+05:30,2026-09-06_1222IST,airline_direct,IndiGo
MAA,DEL,6E,IndiGo,6E 725,2026-10-06,30,economy,,,9619.0,False,13:25,ok,2026-09-06T12:22:41.475346+05:30,2026-09-06_1222IST,airline_direct,IndiGo
MAA,DEL,6E,IndiGo,6E 6158,2026-10-06,30,economy,,,9619.0,False,16:10,ok,2026-09-06T12:22:41.475346+05:30,2026-09-06_1222IST,airline_direct,IndiGo
MAA,DEL,6E,IndiGo,6E 848,2026-10-06,30,economy,,,9619.0,False,17:50,ok,2026-09-06T12:22:41.475346+05:30,2026-09-06_1222IST,airline_direct,IndiGo
MAA,DEL,6E,IndiGo,6E 562,2026-10-06,30,economy,,,9619.0,False,18:20,ok,2026-09-06T12:22:41.475346+05:30,2026-09-06_1222IST,airline_direct,IndiGo
MAA,DEL,6E,IndiGo,6E 193,2026-10-06,30,economy,,,9619.0,False,20:00,ok,2026-09-06T12:22:41.475346+05:30,2026-09-06_1222IST,airline_direct,IndiGo
MAA,DEL,6E,IndiGo,6E 6081,2026-10-06,30,economy,,,9697.0,False,07:05,ok,2026-09-06T12:22:41.475346+05:30,2026-09-06_1222IST,airline_direct,IndiGo
MAA,DEL,6E,IndiGo,6E 6815,2026-10-06,30,economy,,,9697.0,False,08:55,ok,2026-09-06T12:22:41.475346+05:30,2026-09-06_1222IST,airline_direct,IndiGo
MAA,DEL,6E,IndiGo,6E 6892,2026-10-06,30,economy,,,9697.0,False,10:55,ok,2026-09-06T12:22:41.475346+05:30,2026-09-06_1222IST,airline_direct,IndiGo
MAA,DEL,6E,IndiGo,6E 6892,2026-10-06,30,economy,,,9697.0,False,10:55,ok,2026-09-06T12:22:41.475346+05:30,2026-09-06_1222IST,airline_direct,IndiGo
MAA,DEL,6E,IndiGo,6E 6209,2026-10-06,30,economy,,,9697.0,False,14:35,ok,2026-09-06T12:22:41.475346+05:30,2026-09-06_1222IST,airline_direct,IndiGo
MAA,DEL,6E,IndiGo,6E 6209,2026-10-06,30,economy,,,9697.0,False,14:35,ok,2026-09-06T12:22:41.475346+05:30,2026-09-06_1222IST,airline_direct,IndiGo
MAA,DEL,6E,IndiGo,6E 847,2026-10-06,30,economy,,,9697.0,False,16:15,ok,2026-09-06T12:22:41.475346+05:30,2026-09-06_1222IST,airline_direct,IndiGo
MAA,DEL,6E,IndiGo,6E 365,2026-10-06,30,economy,,,9697.0,False,17:45,ok,2026-09-06T12:22:41.475346+05:30,2026-09-06_1222IST,airline_direct,IndiGo
MAA,DEL,6E,IndiGo,6E 189,2026-10-06,30,economy,,,9697.0,False,19:05,ok,2026-09-06T12:22:41.475346+05:30,2026-09-06_1222IST,airline_direct,IndiGo
MAA,DEL,6E,IndiGo,6E 6812,2026-10-06,30,economy,,,9697.0,False,20:00,ok,2026-09-06T12:22:41.475346+05:30,2026-09-06_1222IST,airline_direct,IndiGo
MAA,DEL,6E,IndiGo,6E 6140,2026-10-06,30,business,,,29944.0,False,02:30,ok,2026-09-06T12:22:41.475346+05:30,2026-09-06_1222IST,airline_direct,IndiGo
MAA,DEL,6E,IndiGo,6E 6140,2026-10-06,30,economy,,,9829.0,False,02:30,ok,2026-09-06T12:22:41.475346+05:30,2026-09-06_1222IST,airline_direct,IndiGo
MAA,DEL,6E,IndiGo,6E 5093,2026-10-06,30,business,,,35375.0,False,05:00,ok,2026-09-06T12:22:41.475346+05:30,2026-09-06_1222IST,airline_direct,IndiGo
MAA,DEL,6E,IndiGo,6E 5093,2026-10-06,30,economy,,,9829.0,False,05:00,ok,2026-09-06T12:22:41.475346+05:30,2026-09-06_1222IST,airline_direct,IndiGo
MAA,DEL,6E,IndiGo,6E 321,2026-10-06,30,business,,,30568.0,False,08:20,ok,2026-09-06T12:22:41.475346+05:30,2026-09-06_1222IST,airline_direct,IndiGo
MAA,DEL,6E,IndiGo,6E 321,2026-10-06,30,economy,,,9829.0,False,08:20,ok,2026-09-06T12:22:41.475346+05:30,2026-09-06_1222IST,airline_direct,IndiGo
MAA,DEL,6E,IndiGo,6E 6348,2026-10-06,30,business,,,35375.0,False,09:00,ok,2026-09-06T12:22:41.475346+05:30,2026-09-06_1222IST,airline_direct,IndiGo
MAA,DEL,6E,IndiGo,6E 6348,2026-10-06,30,economy,,,9829.0,False,09:00,ok,2026-09-06T12:22:41.475346+05:30,2026-09-06_1222IST,airline_direct,IndiGo
MAA,DEL,6E,IndiGo,6E 6348,2026-10-06,30,business,,,35375.0,False,09:00,ok,2026-09-06T12:22:41.475346+05:30,2026-09-06_1222IST,airline_direct,IndiGo
MAA,DEL,6E,IndiGo,6E 6348,2026-10-06,30,economy,,,9829.0,False,09:00,ok,2026-09-06T12:22:41.475346+05:30,2026-09-06_1222IST,airline_direct,IndiGo
MAA,DEL,6E,IndiGo,6E 5214,2026-10-06,30,business,,,35375.0,False,11:00,ok,2026-09-06T12:22:41.475346+05:30,2026-09-06_1222IST,airline_direct,IndiGo
MAA,DEL,6E,IndiGo,6E 5214,2026-10-06,30,economy,,,9829.0,False,11:00,ok,2026-09-06T12:22:41.475346+05:30,2026-09-06_1222IST,airline_direct,IndiGo
MAA,DEL,6E,IndiGo,6E 5258,2026-10-06,30,business,,,35375.0,False,12:45,ok,2026-09-06T12:22:41.475346+05:30,2026-09-06_1222IST,airline_direct,IndiGo
MAA,DEL,6E,IndiGo,6E 5258,2026-10-06,30,economy,,,9829.0,False,12:45,ok,2026-09-06T12:22:41.475346+05:30,2026-09-06_1222IST,airline_direct,IndiGo
MAA,DEL,6E,IndiGo,6E 5371,2026-10-06,30,business,,,35375.0,False,14:45,ok,2026-09-06T12:22:41.475346+05:30,2026-09-06_1222IST,airline_direct,IndiGo
MAA,DEL,6E,IndiGo,6E 5371,2026-10-06,30,economy,,,9829.0,False,14:45,ok,2026-09-06T12:22:41.475346+05:30,2026-09-06_1222IST,airline_direct,IndiGo
MAA,DEL,6E,IndiGo,6E 6113,2026-10-06,30,economy,,,9829.0,False,17:00,ok,2026-09-06T12:22:41.475346+05:30,2026-09-06_1222IST,airline_direct,IndiGo
MAA,DEL,6E,IndiGo,6E 5367,2026-10-06,30,business,,,35375.0,False,18:15,ok,2026-09-06T12:22:41.475346+05:30,2026-09-06_1222IST,airline_direct,IndiGo
MAA,DEL,6E,IndiGo,6E 5367,2026-10-06,30,economy,,,9829.0,False,18:15,ok,2026-09-06T12:22:41.475346+05:30,2026-09-06_1222IST,airline_direct,IndiGo
MAA,DEL,6E,IndiGo,6E 6925,2026-10-06,30,economy,,,10376.0,False,12:00,ok,2026-09-06T12:22:41.475346+05:30,2026-09-06_1222IST,airline_direct,IndiGo
MAA,DEL,6E,IndiGo,6E 6487,2026-10-06,30,economy,,,10376.0,False,21:25,ok,2026-09-06T12:22:41.475346+05:30,2026-09-06_1222IST,airline_direct,IndiGo
MAA,DEL,6E,IndiGo,6E 588,2026-10-06,30,business,,,36009.0,False,17:40,ok,2026-09-06T12:22:41.475346+05:30,2026-09-06_1222IST,airline_direct,IndiGo
MAA,DEL,6E,IndiGo,6E 588,2026-10-06,30,economy,,,10586.0,False,17:40,ok,2026-09-06T12:22:41.475346+05:30,2026-09-06_1222IST,airline_direct,IndiGo
MAA,DEL,6E,IndiGo,6E 796,2026-10-06,30,economy,,,11220.0,False,22:00,ok,2026-09-06T12:22:41.475346+05:30,2026-09-06_1222IST,airline_direct,IndiGo
MAA,DEL,6E,IndiGo,6E 986,2026-10-06,30,business,,,30568.0,False,15:05,ok,2026-09-06T12:22:41.475346+05:30,2026-09-06_1222IST,airline_direct,IndiGo
MAA,DEL,6E,IndiGo,6E 986,2026-10-06,30,economy,,,11418.0,False,15:05,ok,2026-09-06T12:22:41.475346+05:30,2026-09-06_1222IST,airline_direct,IndiGo
MAA,DEL,6E,IndiGo,6E 6081,2026-10-06,30,economy,,,11868.0,False,07:05,ok,2026-09-06T12:22:41.475346+05:30,2026-09-06_1222IST,airline_direct,IndiGo
MAA,DEL,6E,IndiGo,6E 973,2026-10-06,30,business,,,36481.0,False,11:55,ok,2026-09-06T12:22:41.475346+05:30,2026-09-06_1222IST,airline_direct,IndiGo
MAA,DEL,6E,IndiGo,6E 973,2026-10-06,30,economy,,,12123.0,False,11:55,ok,2026-09-06T12:22:41.475346+05:30,2026-09-06_1222IST,airline_direct,IndiGo
MAA,DEL,6E,IndiGo,6E 6225,2026-10-06,30,business,,,35375.0,False,22:30,ok,2026-09-06T12:22:41.475346+05:30,2026-09-06_1222IST,airline_direct,IndiGo
MAA,DEL,6E,IndiGo,6E 6225,2026-10-06,30,economy,,,12881.0,False,22:30,ok,2026-09-06T12:22:41.475346+05:30,2026-09-06_1222IST,airline_direct,IndiGo
MAA,DEL,6E,IndiGo,6E 561,2026-10-06,30,business,,,29713.0,False,22:20,ok,2026-09-06T12:22:41.475346+05:30,2026-09-06_1222IST,airline_direct,IndiGo
MAA,DEL,6E,IndiGo,6E 561,2026-10-06,30,economy,,,12919.0,False,22:20,ok,2026-09-06T12:22:41.475346+05:30,2026-09-06_1222IST,airline_direct,IndiGo
MAA,DEL,6E,IndiGo,6E 539,2026-10-06,30,economy,,,19870.0,False,11:25,ok,2026-09-06T12:22:41.475346+05:30,2026-09-06_1222IST,airline_direct,IndiGo
DEL,BOM,6E,IndiGo,6E 353,2026-10-21,45,business,,,26083.0,False,03:00,ok,2026-09-06T12:23:50.234980+05:30,2026-09-06_1223IST,airline_direct,IndiGo
DEL,BOM,6E,IndiGo,6E 353,2026-10-21,45,economy,,,6546.0,False,03:00,ok,2026-09-06T12:23:50.234980+05:30,2026-09-06_1223IST,airline_direct,IndiGo
DEL,BOM,6E,IndiGo,6E 449,2026-10-21,45,business,,,21900.0,False,05:00,ok,2026-09-06T12:23:50.234980+05:30,2026-09-06_1223IST,airline_direct,IndiGo
DEL,BOM,6E,IndiGo,6E 449,2026-10-21,45,economy,,,6546.0,False,05:00,ok,2026-09-06T12:23:50.234980+05:30,2026-09-06_1223IST,airline_direct,IndiGo
DEL,BOM,6E,IndiGo,6E 6218,2026-10-21,45,business,,,21900.0,False,06:05,ok,2026-09-06T12:23:50.234980+05:30,2026-09-06_1223IST,airline_direct,IndiGo
DEL,BOM,6E,IndiGo,6E 6218,2026-10-21,45,economy,,,6546.0,False,06:05,ok,2026-09-06T12:23:50.234980+05:30,2026-09-06_1223IST,airline_direct,IndiGo
DEL,BOM,6E,IndiGo,6E 320,2026-10-21,45,business,,,33500.0,False,08:00,ok,2026-09-06T12:23:50.234980+05:30,2026-09-06_1223IST,airline_direct,IndiGo
DEL,BOM,6E,IndiGo,6E 320,2026-10-21,45,economy,,,6546.0,False,08:00,ok,2026-09-06T12:23:50.234980+05:30,2026-09-06_1223IST,airline_direct,IndiGo
DEL,BOM,6E,IndiGo,6E 675,2026-10-21,45,business,,,33500.0,False,08:45,ok,2026-09-06T12:23:50.234980+05:30,2026-09-06_1223IST,airline_direct,IndiGo
DEL,BOM,6E,IndiGo,6E 675,2026-10-21,45,economy,,,6546.0,False,08:45,ok,2026-09-06T12:23:50.234980+05:30,2026-09-06_1223IST,airline_direct,IndiGo
DEL,BOM,6E,IndiGo,6E 6107,2026-10-21,45,business,,,21900.0,False,09:30,ok,2026-09-06T12:23:50.234980+05:30,2026-09-06_1223IST,airline_direct,IndiGo
DEL,BOM,6E,IndiGo,6E 6107,2026-10-21,45,economy,,,6546.0,False,09:30,ok,2026-09-06T12:23:50.234980+05:30,2026-09-06_1223IST,airline_direct,IndiGo
DEL,BOM,6E,IndiGo,6E 6328,2026-10-21,45,business,,,21900.0,False,10:15,ok,2026-09-06T12:23:50.234980+05:30,2026-09-06_1223IST,airline_direct,IndiGo
DEL,BOM,6E,IndiGo,6E 6328,2026-10-21,45,economy,,,6546.0,False,10:15,ok,2026-09-06T12:23:50.234980+05:30,2026-09-06_1223IST,airline_direct,IndiGo
DEL,BOM,6E,IndiGo,6E 6047,2026-10-21,45,business,,,21900.0,False,11:00,ok,2026-09-06T12:23:50.234980+05:30,2026-09-06_1223IST,airline_direct,IndiGo
DEL,BOM,6E,IndiGo,6E 6047,2026-10-21,45,economy,,,6546.0,False,11:00,ok,2026-09-06T12:23:50.234980+05:30,2026-09-06_1223IST,airline_direct,IndiGo
DEL,BOM,6E,IndiGo,6E 6676,2026-10-21,45,business,,,21900.0,False,12:00,ok,2026-09-06T12:23:50.234980+05:30,2026-09-06_1223IST,airline_direct,IndiGo
DEL,BOM,6E,IndiGo,6E 6676,2026-10-21,45,economy,,,6546.0,False,12:00,ok,2026-09-06T12:23:50.234980+05:30,2026-09-06_1223IST,airline_direct,IndiGo
DEL,BOM,6E,IndiGo,6E 324,2026-10-21,45,business,,,21900.0,False,13:00,ok,2026-09-06T12:23:50.234980+05:30,2026-09-06_1223IST,airline_direct,IndiGo
DEL,BOM,6E,IndiGo,6E 324,2026-10-21,45,economy,,,6546.0,False,13:00,ok,2026-09-06T12:23:50.234980+05:30,2026-09-06_1223IST,airline_direct,IndiGo
DEL,BOM,6E,IndiGo,6E 6022,2026-10-21,45,business,,,21900.0,False,14:00,ok,2026-09-06T12:23:50.234980+05:30,2026-09-06_1223IST,airline_direct,IndiGo
DEL,BOM,6E,IndiGo,6E 6022,2026-10-21,45,economy,,,6546.0,False,14:00,ok,2026-09-06T12:23:50.234980+05:30,2026-09-06_1223IST,airline_direct,IndiGo
DEL,BOM,6E,IndiGo,6E 6318,2026-10-21,45,business,,,21900.0,False,14:45,ok,2026-09-06T12:23:50.234980+05:30,2026-09-06_1223IST,airline_direct,IndiGo
DEL,BOM,6E,IndiGo,6E 6318,2026-10-21,45,economy,,,6546.0,False,14:45,ok,2026-09-06T12:23:50.234980+05:30,2026-09-06_1223IST,airline_direct,IndiGo
DEL,BOM,6E,IndiGo,6E 864,2026-10-21,45,business,,,21900.0,False,15:30,ok,2026-09-06T12:23:50.234980+05:30,2026-09-06_1223IST,airline_direct,IndiGo
DEL,BOM,6E,IndiGo,6E 864,2026-10-21,45,economy,,,6546.0,False,15:30,ok,2026-09-06T12:23:50.234980+05:30,2026-09-06_1223IST,airline_direct,IndiGo
DEL,BOM,6E,IndiGo,6E 327,2026-10-21,45,business,,,21900.0,False,16:15,ok,2026-09-06T12:23:50.234980+05:30,2026-09-06_1223IST,airline_direct,IndiGo
DEL,BOM,6E,IndiGo,6E 327,2026-10-21,45,economy,,,6546.0,False,16:15,ok,2026-09-06T12:23:50.234980+05:30,2026-09-06_1223IST,airline_direct,IndiGo
DEL,BOM,6E,IndiGo,6E 6706,2026-10-21,45,business,,,21900.0,False,17:00,ok,2026-09-06T12:23:50.234980+05:30,2026-09-06_1223IST,airline_direct,IndiGo
DEL,BOM,6E,IndiGo,6E 6706,2026-10-21,45,economy,,,6546.0,False,17:00,ok,2026-09-06T12:23:50.234980+05:30,2026-09-06_1223IST,airline_direct,IndiGo
DEL,BOM,6E,IndiGo,6E 395,2026-10-21,45,business,,,21900.0,False,21:45,ok,2026-09-06T12:23:50.234980+05:30,2026-09-06_1223IST,airline_direct,IndiGo
DEL,BOM,6E,IndiGo,6E 395,2026-10-21,45,economy,,,6546.0,False,21:45,ok,2026-09-06T12:23:50.234980+05:30,2026-09-06_1223IST,airline_direct,IndiGo
DEL,BOM,6E,IndiGo,6E 6114,2026-10-21,45,business,,,21900.0,False,22:45,ok,2026-09-06T12:23:50.234980+05:30,2026-09-06_1223IST,airline_direct,IndiGo
DEL,BOM,6E,IndiGo,6E 6114,2026-10-21,45,economy,,,6546.0,False,22:45,ok,2026-09-06T12:23:50.234980+05:30,2026-09-06_1223IST,airline_direct,IndiGo
DEL,BOM,6E,IndiGo,6E 322,2026-10-21,45,business,,,21900.0,False,23:30,ok,2026-09-06T12:23:50.234980+05:30,2026-09-06_1223IST,airline_direct,IndiGo
DEL,BOM,6E,IndiGo,6E 322,2026-10-21,45,economy,,,6546.0,False,23:30,ok,2026-09-06T12:23:50.234980+05:30,2026-09-06_1223IST,airline_direct,IndiGo
DEL,BOM,6E,IndiGo,6E 6814,2026-10-21,45,business,,,33500.0,False,07:15,ok,2026-09-06T12:23:50.234980+05:30,2026-09-06_1223IST,airline_direct,IndiGo
DEL,BOM,6E,IndiGo,6E 6814,2026-10-21,45,economy,,,6696.0,False,07:15,ok,2026-09-06T12:23:50.234980+05:30,2026-09-06_1223IST,airline_direct,IndiGo
DEL,BOM,6E,IndiGo,6E 354,2026-10-21,45,business,,,21900.0,False,19:00,ok,2026-09-06T12:23:50.234980+05:30,2026-09-06_1223IST,airline_direct,IndiGo
DEL,BOM,6E,IndiGo,6E 354,2026-10-21,45,economy,,,6696.0,False,19:00,ok,2026-09-06T12:23:50.234980+05:30,2026-09-06_1223IST,airline_direct,IndiGo
DEL,BOM,6E,IndiGo,6E 303,2026-10-21,45,business,,,21900.0,False,20:00,ok,2026-09-06T12:23:50.234980+05:30,2026-09-06_1223IST,airline_direct,IndiGo
DEL,BOM,6E,IndiGo,6E 303,2026-10-21,45,economy,,,6696.0,False,20:00,ok,2026-09-06T12:23:50.234980+05:30,2026-09-06_1223IST,airline_direct,IndiGo
DEL,BOM,6E,IndiGo,6E 853,2026-10-21,45,business,,,21900.0,False,20:45,ok,2026-09-06T12:23:50.234980+05:30,2026-09-06_1223IST,airline_direct,IndiGo
DEL,BOM,6E,IndiGo,6E 853,2026-10-21,45,economy,,,6696.0,False,20:45,ok,2026-09-06T12:23:50.234980+05:30,2026-09-06_1223IST,airline_direct,IndiGo
DEL,BOM,6E,IndiGo,6E 329,2026-10-21,45,business,,,21900.0,False,18:00,ok,2026-09-06T12:23:50.234980+05:30,2026-09-06_1223IST,airline_direct,IndiGo
DEL,BOM,6E,IndiGo,6E 329,2026-10-21,45,economy,,,6996.0,False,18:00,ok,2026-09-06T12:23:50.234980+05:30,2026-09-06_1223IST,airline_direct,IndiGo
DEL,BOM,6E,IndiGo,6E 6261,2026-10-21,45,economy,,,7120.0,False,00:15,ok,2026-09-06T12:23:50.234980+05:30,2026-09-06_1223IST,airline_direct,IndiGo
DEL,BOM,6E,IndiGo,6E 5119,2026-10-21,45,economy,,,7120.0,False,05:10,ok,2026-09-06T12:23:50.234980+05:30,2026-09-06_1223IST,airline_direct,IndiGo
DEL,BOM,6E,IndiGo,6E 5119,2026-10-21,45,economy,,,7120.0,False,05:10,ok,2026-09-06T12:23:50.234980+05:30,2026-09-06_1223IST,airline_direct,IndiGo
DEL,BOM,6E,IndiGo,6E 2076,2026-10-21,45,economy,,,7120.0,False,07:30,ok,2026-09-06T12:23:50.234980+05:30,2026-09-06_1223IST,airline_direct,IndiGo
DEL,BOM,6E,IndiGo,6E 2341,2026-10-21,45,economy,,,7120.0,False,14:50,ok,2026-09-06T12:23:50.234980+05:30,2026-09-06_1223IST,airline_direct,IndiGo
DEL,BOM,6E,IndiGo,6E 5073,2026-10-21,45,economy,,,7120.0,False,17:05,ok,2026-09-06T12:23:50.234980+05:30,2026-09-06_1223IST,airline_direct,IndiGo
DEL,BOM,6E,IndiGo,6E 5073,2026-10-21,45,economy,,,7120.0,False,17:05,ok,2026-09-06T12:23:50.234980+05:30,2026-09-06_1223IST,airline_direct,IndiGo
DEL,BOM,6E,IndiGo,6E 5014,2026-10-21,45,economy,,,7120.0,False,18:30,ok,2026-09-06T12:23:50.234980+05:30,2026-09-06_1223IST,airline_direct,IndiGo
DEL,BOM,6E,IndiGo,6E 931,2026-10-21,45,economy,,,7120.0,False,19:30,ok,2026-09-06T12:23:50.234980+05:30,2026-09-06_1223IST,airline_direct,IndiGo
DEL,BOM,6E,IndiGo,6E 2013,2026-10-21,45,economy,,,7120.0,False,21:50,ok,2026-09-06T12:23:50.234980+05:30,2026-09-06_1223IST,airline_direct,IndiGo
DEL,BOM,6E,IndiGo,6E 6569,2026-10-21,45,economy,,,7252.0,False,05:00,ok,2026-09-06T12:23:50.234980+05:30,2026-09-06_1223IST,airline_direct,IndiGo
DEL,BOM,6E,IndiGo,6E 6459,2026-10-21,45,economy,,,7252.0,False,05:55,ok,2026-09-06T12:23:50.234980+05:30,2026-09-06_1223IST,airline_direct,IndiGo
DEL,BOM,6E,IndiGo,6E 6443,2026-10-21,45,economy,,,7252.0,False,09:00,ok,2026-09-06T12:23:50.234980+05:30,2026-09-06_1223IST,airline_direct,IndiGo
DEL,BOM,6E,IndiGo,6E 2249,2026-10-21,45,economy,,,7252.0,False,15:00,ok,2026-09-06T12:23:50.234980+05:30,2026-09-06_1223IST,airline_direct,IndiGo
DEL,BOM,6E,IndiGo,6E 6433,2026-10-21,45,economy,,,7252.0,False,16:30,ok,2026-09-06T12:23:50.234980+05:30,2026-09-06_1223IST,airline_direct,IndiGo
DEL,BOM,6E,IndiGo,6E 6829,2026-10-21,45,economy,,,7252.0,False,17:20,ok,2026-09-06T12:23:50.234980+05:30,2026-09-06_1223IST,airline_direct,IndiGo
DEL,BOM,6E,IndiGo,6E 6829,2026-10-21,45,economy,,,7252.0,False,17:20,ok,2026-09-06T12:23:50.234980+05:30,2026-09-06_1223IST,airline_direct,IndiGo
DEL,BOM,6E,IndiGo,6E 5138,2026-10-21,45,economy,,,7252.0,False,19:10,ok,2026-09-06T12:23:50.234980+05:30,2026-09-06_1223IST,airline_direct,IndiGo
DEL,BOM,6E,IndiGo,6E 6050,2026-10-21,45,economy,,,7330.0,False,08:15,ok,2026-09-06T12:23:50.234980+05:30,2026-09-06_1223IST,airline_direct,IndiGo
DEL,BOM,6E,IndiGo,6E 2113,2026-10-21,45,economy,,,7330.0,False,13:20,ok,2026-09-06T12:23:50.234980+05:30,2026-09-06_1223IST,airline_direct,IndiGo
DEL,BOM,6E,IndiGo,6E 5038,2026-10-21,45,economy,,,7330.0,False,14:00,ok,2026-09-06T12:23:50.234980+05:30,2026-09-06_1223IST,airline_direct,IndiGo
DEL,BOM,6E,IndiGo,6E 758,2026-10-21,45,economy,,,7330.0,False,16:10,ok,2026-09-06T12:23:50.234980+05:30,2026-09-06_1223IST,airline_direct,IndiGo
DEL,BOM,6E,IndiGo,6E 6479,2026-10-21,45,economy,,,7330.0,False,21:25,ok,2026-09-06T12:23:50.234980+05:30,2026-09-06_1223IST,airline_direct,IndiGo
DEL,BOM,6E,IndiGo,6E 717,2026-10-21,45,business,,,29617.0,False,17:55,ok,2026-09-06T12:23:50.234980+05:30,2026-09-06_1223IST,airline_direct,IndiGo
DEL,BOM,6E,IndiGo,6E 717,2026-10-21,45,economy,,,7462.0,False,17:55,ok,2026-09-06T12:23:50.234980+05:30,2026-09-06_1223IST,airline_direct,IndiGo
DEL,BOM,6E,IndiGo,6E 6497,2026-10-21,45,economy,,,7462.0,False,18:40,ok,2026-09-06T12:23:50.234980+05:30,2026-09-06_1223IST,airline_direct,IndiGo
DEL,BOM,6E,IndiGo,6E 357,2026-10-21,45,business,,,35047.0,False,19:30,ok,2026-09-06T12:23:50.234980+05:30,2026-09-06_1223IST,airline_direct,IndiGo
DEL,BOM,6E,IndiGo,6E 357,2026-10-21,45,economy,,,7540.0,False,19:30,ok,2026-09-06T12:23:50.234980+05:30,2026-09-06_1223IST,airline_direct,IndiGo
DEL,BOM,6E,IndiGo,6E 6983,2026-10-21,45,economy,,,7695.0,False,15:35,ok,2026-09-06T12:23:50.234980+05:30,2026-09-06_1223IST,airline_direct,IndiGo
DEL,BOM,6E,IndiGo,6E 6488,2026-10-21,45,economy,,,7826.0,False,11:20,ok,2026-09-06T12:23:50.234980+05:30,2026-09-06_1223IST,airline_direct,IndiGo
DEL,BOM,6E,IndiGo,6E 2169,2026-10-21,45,economy,,,7826.0,False,19:20,ok,2026-09-06T12:23:50.234980+05:30,2026-09-06_1223IST,airline_direct,IndiGo
DEL,BOM,6E,IndiGo,6E 882,2026-10-21,45,business,,,26937.0,False,23:15,ok,2026-09-06T12:23:50.234980+05:30,2026-09-06_1223IST,airline_direct,IndiGo
DEL,BOM,6E,IndiGo,6E 882,2026-10-21,45,economy,,,8036.0,False,23:15,ok,2026-09-06T12:23:50.234980+05:30,2026-09-06_1223IST,airline_direct,IndiGo
DEL,BOM,6E,IndiGo,6E 6171,2026-10-21,45,economy,,,8325.0,False,05:40,ok,2026-09-06T12:23:50.234980+05:30,2026-09-06_1223IST,airline_direct,IndiGo
DEL,BOM,6E,IndiGo,6E 705,2026-10-21,45,business,,,29617.0,False,08:30,ok,2026-09-06T12:23:50.234980+05:30,2026-09-06_1223IST,airline_direct,IndiGo
DEL,BOM,6E,IndiGo,6E 705,2026-10-21,45,economy,,,8666.0,False,08:30,ok,2026-09-06T12:23:50.234980+05:30,2026-09-06_1223IST,airline_direct,IndiGo
DEL,BOM,6E,IndiGo,6E 6293,2026-10-21,45,business,,,29617.0,False,09:55,ok,2026-09-06T12:23:50.234980+05:30,2026-09-06_1223IST,airline_direct,IndiGo
DEL,BOM,6E,IndiGo,6E 6293,2026-10-21,45,economy,,,8666.0,False,09:55,ok,2026-09-06T12:23:50.234980+05:30,2026-09-06_1223IST,airline_direct,IndiGo
DEL,BOM,6E,IndiGo,6E 6601,2026-10-21,45,business,,,29617.0,False,19:45,ok,2026-09-06T12:23:50.234980+05:30,2026-09-06_1223IST,airline_direct,IndiGo
DEL,BOM,6E,IndiGo,6E 6601,2026-10-21,45,economy,,,8666.0,False,19:45,ok,2026-09-06T12:23:50.234980+05:30,2026-09-06_1223IST,airline_direct,IndiGo
DEL,BOM,6E,IndiGo,6E 358,2026-10-21,45,business,,,35165.0,False,12:10,ok,2026-09-06T12:23:50.234980+05:30,2026-09-06_1223IST,airline_direct,IndiGo
DEL,BOM,6E,IndiGo,6E 358,2026-10-21,45,economy,,,8745.0,False,12:10,ok,2026-09-06T12:23:50.234980+05:30,2026-09-06_1223IST,airline_direct,IndiGo
DEL,BOM,6E,IndiGo,6E 5298,2026-10-21,45,economy,,,9229.0,False,09:00,ok,2026-09-06T12:23:50.234980+05:30,2026-09-06_1223IST,airline_direct,IndiGo
DEL,BOM,6E,IndiGo,6E 6282,2026-10-21,45,business,,,29617.0,False,13:30,ok,2026-09-06T12:23:50.234980+05:30,2026-09-06_1223IST,airline_direct,IndiGo
DEL,BOM,6E,IndiGo,6E 6282,2026-10-21,45,economy,,,9360.0,False,13:30,ok,2026-09-06T12:23:50.234980+05:30,2026-09-06_1223IST,airline_direct,IndiGo
DEL,BOM,6E,IndiGo,6E 6212,2026-10-21,45,business,,,29617.0,False,14:45,ok,2026-09-06T12:23:50.234980+05:30,2026-09-06_1223IST,airline_direct,IndiGo
DEL,BOM,6E,IndiGo,6E 6212,2026-10-21,45,economy,,,9360.0,False,14:45,ok,2026-09-06T12:23:50.234980+05:30,2026-09-06_1223IST,airline_direct,IndiGo
DEL,BOM,6E,IndiGo,6E 2349,2026-10-21,45,economy,,,9374.0,False,10:55,ok,2026-09-06T12:23:50.234980+05:30,2026-09-06_1223IST,airline_direct,IndiGo
DEL,BOM,6E,IndiGo,6E 2496,2026-10-21,45,economy,,,9675.0,False,12:40,ok,2026-09-06T12:23:50.234980+05:30,2026-09-06_1223IST,airline_direct,IndiGo
DEL,BOM,6E,IndiGo,6E 2298,2026-10-21,45,economy,,,9780.0,False,09:45,ok,2026-09-06T12:23:50.234980+05:30,2026-09-06_1223IST,airline_direct,IndiGo
DEL,BOM,6E,IndiGo,6E 704,2026-10-21,45,business,,,29617.0,False,02:25,ok,2026-09-06T12:23:50.234980+05:30,2026-09-06_1223IST,airline_direct,IndiGo
DEL,BOM,6E,IndiGo,6E 704,2026-10-21,45,economy,,,10959.0,False,02:25,ok,2026-09-06T12:23:50.234980+05:30,2026-09-06_1223IST,airline_direct,IndiGo
DEL,BLR,6E,IndiGo,6E 6054,2026-10-21,45,business,,,26048.0,False,01:05,ok,2026-09-06T12:24:59.022113+05:30,2026-09-06_1224IST,airline_direct,IndiGo
DEL,BLR,6E,IndiGo,6E 6054,2026-10-21,45,economy,,,9890.0,False,01:05,ok,2026-09-06T12:24:59.022113+05:30,2026-09-06_1224IST,airline_direct,IndiGo
DEL,BLR,6E,IndiGo,6E 2314,2026-10-21,45,business,,,26048.0,False,05:45,ok,2026-09-06T12:24:59.022113+05:30,2026-09-06_1224IST,airline_direct,IndiGo
DEL,BLR,6E,IndiGo,6E 2314,2026-10-21,45,economy,,,9890.0,False,05:45,ok,2026-09-06T12:24:59.022113+05:30,2026-09-06_1224IST,airline_direct,IndiGo
DEL,BLR,6E,IndiGo,6E 810,2026-10-21,45,business,,,26048.0,False,07:05,ok,2026-09-06T12:24:59.022113+05:30,2026-09-06_1224IST,airline_direct,IndiGo
DEL,BLR,6E,IndiGo,6E 810,2026-10-21,45,economy,,,9890.0,False,07:05,ok,2026-09-06T12:24:59.022113+05:30,2026-09-06_1224IST,airline_direct,IndiGo
DEL,BLR,6E,IndiGo,6E 826,2026-10-21,45,business,,,26048.0,False,09:30,ok,2026-09-06T12:24:59.022113+05:30,2026-09-06_1224IST,airline_direct,IndiGo
DEL,BLR,6E,IndiGo,6E 826,2026-10-21,45,economy,,,9890.0,False,09:30,ok,2026-09-06T12:24:59.022113+05:30,2026-09-06_1224IST,airline_direct,IndiGo
DEL,BLR,6E,IndiGo,6E 842,2026-10-21,45,business,,,26048.0,False,10:45,ok,2026-09-06T12:24:59.022113+05:30,2026-09-06_1224IST,airline_direct,IndiGo
DEL,BLR,6E,IndiGo,6E 842,2026-10-21,45,economy,,,9890.0,False,10:45,ok,2026-09-06T12:24:59.022113+05:30,2026-09-06_1224IST,airline_direct,IndiGo
DEL,BLR,6E,IndiGo,6E 176,2026-10-21,45,business,,,26048.0,False,13:15,ok,2026-09-06T12:24:59.022113+05:30,2026-09-06_1224IST,airline_direct,IndiGo
DEL,BLR,6E,IndiGo,6E 176,2026-10-21,45,economy,,,9890.0,False,13:15,ok,2026-09-06T12:24:59.022113+05:30,2026-09-06_1224IST,airline_direct,IndiGo
DEL,BLR,6E,IndiGo,6E 6515,2026-10-21,45,business,,,26048.0,False,20:45,ok,2026-09-06T12:24:59.022113+05:30,2026-09-06_1224IST,airline_direct,IndiGo
DEL,BLR,6E,IndiGo,6E 6515,2026-10-21,45,economy,,,9890.0,False,20:45,ok,2026-09-06T12:24:59.022113+05:30,2026-09-06_1224IST,airline_direct,IndiGo
DEL,BLR,6E,IndiGo,6E 846,2026-10-21,45,business,,,26048.0,False,22:00,ok,2026-09-06T12:24:59.022113+05:30,2026-09-06_1224IST,airline_direct,IndiGo
DEL,BLR,6E,IndiGo,6E 846,2026-10-21,45,economy,,,9890.0,False,22:00,ok,2026-09-06T12:24:59.022113+05:30,2026-09-06_1224IST,airline_direct,IndiGo
DEL,BLR,6E,IndiGo,6E 871,2026-10-21,45,business,,,26048.0,False,23:30,ok,2026-09-06T12:24:59.022113+05:30,2026-09-06_1224IST,airline_direct,IndiGo
DEL,BLR,6E,IndiGo,6E 871,2026-10-21,45,economy,,,9890.0,False,23:30,ok,2026-09-06T12:24:59.022113+05:30,2026-09-06_1224IST,airline_direct,IndiGo
DEL,BLR,6E,IndiGo,6E 820,2026-10-21,45,business,,,26048.0,False,03:00,ok,2026-09-06T12:24:59.022113+05:30,2026-09-06_1224IST,airline_direct,IndiGo
DEL,BLR,6E,IndiGo,6E 820,2026-10-21,45,economy,,,10192.0,False,03:00,ok,2026-09-06T12:24:59.022113+05:30,2026-09-06_1224IST,airline_direct,IndiGo
DEL,BLR,6E,IndiGo,6E 873,2026-10-21,45,business,,,26048.0,False,08:20,ok,2026-09-06T12:24:59.022113+05:30,2026-09-06_1224IST,airline_direct,IndiGo
DEL,BLR,6E,IndiGo,6E 873,2026-10-21,45,economy,,,10192.0,False,08:20,ok,2026-09-06T12:24:59.022113+05:30,2026-09-06_1224IST,airline_direct,IndiGo
DEL,BLR,6E,IndiGo,6E 850,2026-10-21,45,business,,,26048.0,False,12:15,ok,2026-09-06T12:24:59.022113+05:30,2026-09-06_1224IST,airline_direct,IndiGo
DEL,BLR,6E,IndiGo,6E 850,2026-10-21,45,economy,,,10192.0,False,12:15,ok,2026-09-06T12:24:59.022113+05:30,2026-09-06_1224IST,airline_direct,IndiGo
DEL,BLR,6E,IndiGo,6E 828,2026-10-21,45,business,,,26048.0,False,14:30,ok,2026-09-06T12:24:59.022113+05:30,2026-09-06_1224IST,airline_direct,IndiGo
DEL,BLR,6E,IndiGo,6E 828,2026-10-21,45,economy,,,10192.0,False,14:30,ok,2026-09-06T12:24:59.022113+05:30,2026-09-06_1224IST,airline_direct,IndiGo
DEL,BLR,6E,IndiGo,6E 880,2026-10-21,45,business,,,26048.0,False,15:45,ok,2026-09-06T12:24:59.022113+05:30,2026-09-06_1224IST,airline_direct,IndiGo
DEL,BLR,6E,IndiGo,6E 880,2026-10-21,45,economy,,,10192.0,False,15:45,ok,2026-09-06T12:24:59.022113+05:30,2026-09-06_1224IST,airline_direct,IndiGo
DEL,BLR,6E,IndiGo,6E 837,2026-10-21,45,business,,,26048.0,False,17:00,ok,2026-09-06T12:24:59.022113+05:30,2026-09-06_1224IST,airline_direct,IndiGo
DEL,BLR,6E,IndiGo,6E 837,2026-10-21,45,economy,,,10669.0,False,17:00,ok,2026-09-06T12:24:59.022113+05:30,2026-09-06_1224IST,airline_direct,IndiGo
DEL,BLR,6E,IndiGo,6E 811,2026-10-21,45,business,,,26048.0,False,18:20,ok,2026-09-06T12:24:59.022113+05:30,2026-09-06_1224IST,airline_direct,IndiGo
DEL,BLR,6E,IndiGo,6E 811,2026-10-21,45,economy,,,10669.0,False,18:20,ok,2026-09-06T12:24:59.022113+05:30,2026-09-06_1224IST,airline_direct,IndiGo
DEL,BLR,6E,IndiGo,6E 861,2026-10-21,45,business,,,26048.0,False,19:30,ok,2026-09-06T12:24:59.022113+05:30,2026-09-06_1224IST,airline_direct,IndiGo
DEL,BLR,6E,IndiGo,6E 861,2026-10-21,45,economy,,,10669.0,False,19:30,ok,2026-09-06T12:24:59.022113+05:30,2026-09-06_1224IST,airline_direct,IndiGo
DEL,BLR,6E,IndiGo,6E 704,2026-10-21,45,business,,,28055.0,False,02:25,ok,2026-09-06T12:24:59.022113+05:30,2026-09-06_1224IST,airline_direct,IndiGo
DEL,BLR,6E,IndiGo,6E 704,2026-10-21,45,economy,,,9946.0,False,02:25,ok,2026-09-06T12:24:59.022113+05:30,2026-09-06_1224IST,airline_direct,IndiGo
DEL,BLR,6E,IndiGo,6E 6293,2026-10-21,45,business,,,27393.0,False,09:55,ok,2026-09-06T12:24:59.022113+05:30,2026-09-06_1224IST,airline_direct,IndiGo
DEL,BLR,6E,IndiGo,6E 6293,2026-10-21,45,economy,,,9946.0,False,09:55,ok,2026-09-06T12:24:59.022113+05:30,2026-09-06_1224IST,airline_direct,IndiGo
DEL,BLR,6E,IndiGo,6E 884,2026-10-21,45,business,,,25759.0,False,11:45,ok,2026-09-06T12:24:59.022113+05:30,2026-09-06_1224IST,airline_direct,IndiGo
DEL,BLR,6E,IndiGo,6E 884,2026-10-21,45,economy,,,9946.0,False,11:45,ok,2026-09-06T12:24:59.022113+05:30,2026-09-06_1224IST,airline_direct,IndiGo
DEL,BLR,6E,IndiGo,6E 6282,2026-10-21,45,business,,,25312.0,False,13:30,ok,2026-09-06T12:24:59.022113+05:30,2026-09-06_1224IST,airline_direct,IndiGo
DEL,BLR,6E,IndiGo,6E 6282,2026-10-21,45,economy,,,9946.0,False,13:30,ok,2026-09-06T12:24:59.022113+05:30,2026-09-06_1224IST,airline_direct,IndiGo
DEL,BLR,6E,IndiGo,6E 6212,2026-10-21,45,business,,,25312.0,False,14:45,ok,2026-09-06T12:24:59.022113+05:30,2026-09-06_1224IST,airline_direct,IndiGo
DEL,BLR,6E,IndiGo,6E 6212,2026-10-21,45,economy,,,9946.0,False,14:45,ok,2026-09-06T12:24:59.022113+05:30,2026-09-06_1224IST,airline_direct,IndiGo
DEL,BLR,6E,IndiGo,6E 758,2026-10-21,45,economy,,,9946.0,False,16:10,ok,2026-09-06T12:24:59.022113+05:30,2026-09-06_1224IST,airline_direct,IndiGo
DEL,BLR,6E,IndiGo,6E 6217,2026-10-21,45,business,,,26251.0,False,16:15,ok,2026-09-06T12:24:59.022113+05:30,2026-09-06_1224IST,airline_direct,IndiGo
DEL,BLR,6E,IndiGo,6E 6217,2026-10-21,45,economy,,,9946.0,False,16:15,ok,2026-09-06T12:24:59.022113+05:30,2026-09-06_1224IST,airline_direct,IndiGo
DEL,BLR,6E,IndiGo,6E 717,2026-10-21,45,business,,,25312.0,False,17:55,ok,2026-09-06T12:24:59.022113+05:30,2026-09-06_1224IST,airline_direct,IndiGo
DEL,BLR,6E,IndiGo,6E 717,2026-10-21,45,economy,,,9946.0,False,17:55,ok,2026-09-06T12:24:59.022113+05:30,2026-09-06_1224IST,airline_direct,IndiGo
DEL,BLR,6E,IndiGo,6E 2343,2026-10-21,45,business,,,27107.0,False,02:20,ok,2026-09-06T12:24:59.022113+05:30,2026-09-06_1224IST,airline_direct,IndiGo
DEL,BLR,6E,IndiGo,6E 2343,2026-10-21,45,economy,,,10077.0,False,02:20,ok,2026-09-06T12:24:59.022113+05:30,2026-09-06_1224IST,airline_direct,IndiGo
DEL,BLR,6E,IndiGo,6E 6569,2026-10-21,45,economy,,,10077.0,False,05:00,ok,2026-09-06T12:24:59.022113+05:30,2026-09-06_1224IST,airline_direct,IndiGo
DEL,BLR,6E,IndiGo,6E 5119,2026-10-21,45,economy,,,10077.0,False,05:10,ok,2026-09-06T12:24:59.022113+05:30,2026-09-06_1224IST,airline_direct,IndiGo
DEL,BLR,6E,IndiGo,6E 6459,2026-10-21,45,economy,,,10077.0,False,05:55,ok,2026-09-06T12:24:59.022113+05:30,2026-09-06_1224IST,airline_direct,IndiGo
DEL,BLR,6E,IndiGo,6E 990,2026-10-21,45,economy,,,10077.0,False,14:50,ok,2026-09-06T12:24:59.022113+05:30,2026-09-06_1224IST,airline_direct,IndiGo
DEL,BLR,6E,IndiGo,6E 2557,2026-10-21,45,economy,,,10077.0,False,15:20,ok,2026-09-06T12:24:59.022113+05:30,2026-09-06_1224IST,airline_direct,IndiGo
DEL,BLR,6E,IndiGo,6E 864,2026-10-21,45,business,,,34636.0,False,15:30,ok,2026-09-06T12:24:59.022113+05:30,2026-09-06_1224IST,airline_direct,IndiGo
DEL,BLR,6E,IndiGo,6E 864,2026-10-21,45,economy,,,10077.0,False,15:30,ok,2026-09-06T12:24:59.022113+05:30,2026-09-06_1224IST,airline_direct,IndiGo
DEL,BLR,6E,IndiGo,6E 6384,2026-10-21,45,economy,,,10077.0,False,16:15,ok,2026-09-06T12:24:59.022113+05:30,2026-09-06_1224IST,airline_direct,IndiGo
DEL,BLR,6E,IndiGo,6E 734,2026-10-21,45,economy,,,10077.0,False,16:20,ok,2026-09-06T12:24:59.022113+05:30,2026-09-06_1224IST,airline_direct,IndiGo
DEL,BLR,6E,IndiGo,6E 6437,2026-10-21,45,business,,,26315.0,False,16:25,ok,2026-09-06T12:24:59.022113+05:30,2026-09-06_1224IST,airline_direct,IndiGo
DEL,BLR,6E,IndiGo,6E 6437,2026-10-21,45,economy,,,10077.0,False,16:25,ok,2026-09-06T12:24:59.022113+05:30,2026-09-06_1224IST,airline_direct,IndiGo
DEL,BLR,6E,IndiGo,6E 5073,2026-10-21,45,economy,,,10077.0,False,17:05,ok,2026-09-06T12:24:59.022113+05:30,2026-09-06_1224IST,airline_direct,IndiGo
DEL,BLR,6E,IndiGo,6E 329,2026-10-21,45,business,,,34636.0,False,18:00,ok,2026-09-06T12:24:59.022113+05:30,2026-09-06_1224IST,airline_direct,IndiGo
DEL,BLR,6E,IndiGo,6E 329,2026-10-21,45,economy,,,10077.0,False,18:00,ok,2026-09-06T12:24:59.022113+05:30,2026-09-06_1224IST,airline_direct,IndiGo
DEL,BLR,6E,IndiGo,6E 6179,2026-10-21,45,economy,,,10077.0,False,18:30,ok,2026-09-06T12:24:59.022113+05:30,2026-09-06_1224IST,airline_direct,IndiGo
DEL,BLR,6E,IndiGo,6E 955,2026-10-21,45,economy,,,10077.0,False,20:20,ok,2026-09-06T12:24:59.022113+05:30,2026-09-06_1224IST,airline_direct,IndiGo
DEL,BLR,6E,IndiGo,6E 853,2026-10-21,45,business,,,34636.0,False,20:45,ok,2026-09-06T12:24:59.022113+05:30,2026-09-06_1224IST,airline_direct,IndiGo
DEL,BLR,6E,IndiGo,6E 853,2026-10-21,45,economy,,,10077.0,False,20:45,ok,2026-09-06T12:24:59.022113+05:30,2026-09-06_1224IST,airline_direct,IndiGo
DEL,BLR,6E,IndiGo,6E 6673,2026-10-21,45,business,,,26315.0,False,21:15,ok,2026-09-06T12:24:59.022113+05:30,2026-09-06_1224IST,airline_direct,IndiGo
DEL,BLR,6E,IndiGo,6E 6673,2026-10-21,45,economy,,,10077.0,False,21:15,ok,2026-09-06T12:24:59.022113+05:30,2026-09-06_1224IST,airline_direct,IndiGo
DEL,BLR,6E,IndiGo,6E 2618,2026-10-21,45,business,,,27572.0,False,23:00,ok,2026-09-06T12:24:59.022113+05:30,2026-09-06_1224IST,airline_direct,IndiGo
DEL,BLR,6E,IndiGo,6E 2618,2026-10-21,45,economy,,,10077.0,False,23:00,ok,2026-09-06T12:24:59.022113+05:30,2026-09-06_1224IST,airline_direct,IndiGo
DEL,BLR,6E,IndiGo,6E 933,2026-10-21,45,business,,,29038.0,False,02:55,ok,2026-09-06T12:24:59.022113+05:30,2026-09-06_1224IST,airline_direct,IndiGo
DEL,BLR,6E,IndiGo,6E 933,2026-10-21,45,economy,,,10156.0,False,02:55,ok,2026-09-06T12:24:59.022113+05:30,2026-09-06_1224IST,airline_direct,IndiGo
DEL,BLR,6E,IndiGo,6E 6190,2026-10-21,45,economy,,,10156.0,False,07:40,ok,2026-09-06T12:24:59.022113+05:30,2026-09-06_1224IST,airline_direct,IndiGo
DEL,BLR,6E,IndiGo,6E 434,2026-10-21,45,business,,,29451.0,False,11:00,ok,2026-09-06T12:24:59.022113+05:30,2026-09-06_1224IST,airline_direct,IndiGo
DEL,BLR,6E,IndiGo,6E 434,2026-10-21,45,economy,,,10156.0,False,11:00,ok,2026-09-06T12:24:59.022113+05:30,2026-09-06_1224IST,airline_direct,IndiGo
DEL,BLR,6E,IndiGo,6E 358,2026-10-21,45,business,,,33637.0,False,12:10,ok,2026-09-06T12:24:59.022113+05:30,2026-09-06_1224IST,airline_direct,IndiGo
DEL,BLR,6E,IndiGo,6E 358,2026-10-21,45,economy,,,10156.0,False,12:10,ok,2026-09-06T12:24:59.022113+05:30,2026-09-06_1224IST,airline_direct,IndiGo
DEL,BLR,6E,IndiGo,6E 2331,2026-10-21,45,economy,,,10156.0,False,14:55,ok,2026-09-06T12:24:59.022113+05:30,2026-09-06_1224IST,airline_direct,IndiGo
DEL,BLR,6E,IndiGo,6E 6091,2026-10-21,45,business,,,29038.0,False,15:15,ok,2026-09-06T12:24:59.022113+05:30,2026-09-06_1224IST,airline_direct,IndiGo
DEL,BLR,6E,IndiGo,6E 6091,2026-10-21,45,economy,,,10156.0,False,15:15,ok,2026-09-06T12:24:59.022113+05:30,2026-09-06_1224IST,airline_direct,IndiGo
DEL,BLR,6E,IndiGo,6E 5033,2026-10-21,45,economy,,,10156.0,False,15:50,ok,2026-09-06T12:24:59.022113+05:30,2026-09-06_1224IST,airline_direct,IndiGo
DEL,BLR,6E,IndiGo,6E 947,2026-10-21,45,business,,,29451.0,False,16:40,ok,2026-09-06T12:24:59.022113+05:30,2026-09-06_1224IST,airline_direct,IndiGo
DEL,BLR,6E,IndiGo,6E 947,2026-10-21,45,economy,,,10156.0,False,16:40,ok,2026-09-06T12:24:59.022113+05:30,2026-09-06_1224IST,airline_direct,IndiGo
DEL,BLR,6E,IndiGo,6E 2150,2026-10-21,45,business,,,33637.0,False,16:55,ok,2026-09-06T12:24:59.022113+05:30,2026-09-06_1224IST,airline_direct,IndiGo
DEL,BLR,6E,IndiGo,6E 2150,2026-10-21,45,economy,,,10156.0,False,16:55,ok,2026-09-06T12:24:59.022113+05:30,2026-09-06_1224IST,airline_direct,IndiGo
DEL,BLR,6E,IndiGo,6E 6632,2026-10-21,45,economy,,,10156.0,False,17:50,ok,2026-09-06T12:24:59.022113+05:30,2026-09-06_1224IST,airline_direct,IndiGo
DEL,BLR,6E,IndiGo,6E 950,2026-10-21,45,business,,,29451.0,False,18:15,ok,2026-09-06T12:24:59.022113+05:30,2026-09-06_1224IST,airline_direct,IndiGo
DEL,BLR,6E,IndiGo,6E 950,2026-10-21,45,economy,,,10156.0,False,18:15,ok,2026-09-06T12:24:59.022113+05:30,2026-09-06_1224IST,airline_direct,IndiGo
DEL,BLR,6E,IndiGo,6E 2769,2026-10-21,45,economy,,,10287.0,False,08:10,ok,2026-09-06T12:24:59.022113+05:30,2026-09-06_1224IST,airline_direct,IndiGo
DEL,BLR,6E,IndiGo,6E 6497,2026-10-21,45,economy,,,10287.0,False,18:40,ok,2026-09-06T12:24:59.022113+05:30,2026-09-06_1224IST,airline_direct,IndiGo
DEL,BLR,6E,IndiGo,6E 2482,2026-10-21,45,economy,,,10287.0,False,19:55,ok,2026-09-06T12:24:59.022113+05:30,2026-09-06_1224IST,airline_direct,IndiGo
DEL,BLR,6E,IndiGo,6E 704,2026-10-21,45,business,,,24908.0,False,02:25,ok,2026-09-06T12:24:59.022113+05:30,2026-09-06_1224IST,airline_direct,IndiGo
DEL,BLR,6E,IndiGo,6E 704,2026-10-21,45,economy,,,10720.0,False,02:25,ok,2026-09-06T12:24:59.022113+05:30,2026-09-06_1224IST,airline_direct,IndiGo
DEL,BLR,6E,IndiGo,6E 6488,2026-10-21,45,economy,,,10851.0,False,11:20,ok,2026-09-06T12:24:59.022113+05:30,2026-09-06_1224IST,airline_direct,IndiGo
DEL,BLR,6E,IndiGo,6E 2277,2026-10-21,45,business,,,45437.0,False,10:25,ok,2026-09-06T12:24:59.022113+05:30,2026-09-06_1224IST,airline_direct,IndiGo
DEL,BLR,6E,IndiGo,6E 2277,2026-10-21,45,economy,,,10930.0,False,10:25,ok,2026-09-06T12:24:59.022113+05:30,2026-09-06_1224IST,airline_direct,IndiGo
DEL,BLR,6E,IndiGo,6E 2361,2026-10-21,45,economy,,,11696.0,False,14:35,ok,2026-09-06T12:24:59.022113+05:30,2026-09-06_1224IST,airline_direct,IndiGo
DEL,BLR,6E,IndiGo,6E 754,2026-10-21,45,economy,,,12857.0,False,17:10,ok,2026-09-06T12:24:59.022113+05:30,2026-09-06_1224IST,airline_direct,IndiGo
DEL,BLR,6E,IndiGo,6E 5038,2026-10-21,45,economy,,,12973.0,False,14:00,ok,2026-09-06T12:24:59.022113+05:30,2026-09-06_1224IST,airline_direct,IndiGo
DEL,BLR,6E,IndiGo,6E 5191,2026-10-21,45,business,,,35293.0,False,05:00,ok,2026-09-06T12:24:59.022113+05:30,2026-09-06_1224IST,airline_direct,IndiGo
DEL,BLR,6E,IndiGo,6E 5191,2026-10-21,45,economy,,,21393.0,False,05:00,ok,2026-09-06T12:24:59.022113+05:30,2026-09-06_1224IST,airline_direct,IndiGo
DEL,BLR,6E,IndiGo,6E 513,2026-10-21,45,business,,,36945.0,False,08:30,ok,2026-09-06T12:24:59.022113+05:30,2026-09-06_1224IST,airline_direct,IndiGo
DEL,BLR,6E,IndiGo,6E 513,2026-10-21,45,economy,,,22056.0,False,08:30,ok,2026-09-06T12:24:59.022113+05:30,2026-09-06_1224IST,airline_direct,IndiGo
BOM,BLR,6E,IndiGo,6E 5323,2026-10-21,45,business,,,18948.0,False,01:10,ok,2026-09-06T12:26:09.891711+05:30,2026-09-06_1226IST,airline_direct,IndiGo
BOM,BLR,6E,IndiGo,6E 5323,2026-10-21,45,economy,,,6747.0,False,01:10,ok,2026-09-06T12:26:09.891711+05:30,2026-09-06_1226IST,airline_direct,IndiGo
BOM,BLR,6E,IndiGo,6E 5294,2026-10-21,45,business,,,18948.0,False,04:30,ok,2026-09-06T12:26:09.891711+05:30,2026-09-06_1226IST,airline_direct,IndiGo
BOM,BLR,6E,IndiGo,6E 5294,2026-10-21,45,economy,,,6747.0,False,04:30,ok,2026-09-06T12:26:09.891711+05:30,2026-09-06_1226IST,airline_direct,IndiGo
BOM,BLR,6E,IndiGo,6E 5296,2026-10-21,45,business,,,18948.0,False,06:15,ok,2026-09-06T12:26:09.891711+05:30,2026-09-06_1226IST,airline_direct,IndiGo
BOM,BLR,6E,IndiGo,6E 5296,2026-10-21,45,economy,,,6747.0,False,06:15,ok,2026-09-06T12:26:09.891711+05:30,2026-09-06_1226IST,airline_direct,IndiGo
BOM,BLR,6E,IndiGo,6E 5193,2026-10-21,45,business,,,18948.0,False,07:45,ok,2026-09-06T12:26:09.891711+05:30,2026-09-06_1226IST,airline_direct,IndiGo
BOM,BLR,6E,IndiGo,6E 5193,2026-10-21,45,economy,,,6747.0,False,07:45,ok,2026-09-06T12:26:09.891711+05:30,2026-09-06_1226IST,airline_direct,IndiGo
BOM,BLR,6E,IndiGo,6E 5184,2026-10-21,45,business,,,18948.0,False,12:30,ok,2026-09-06T12:26:09.891711+05:30,2026-09-06_1226IST,airline_direct,IndiGo
BOM,BLR,6E,IndiGo,6E 5184,2026-10-21,45,economy,,,6747.0,False,12:30,ok,2026-09-06T12:26:09.891711+05:30,2026-09-06_1226IST,airline_direct,IndiGo
BOM,BLR,6E,IndiGo,6E 5382,2026-10-21,45,business,,,18948.0,False,14:30,ok,2026-09-06T12:26:09.891711+05:30,2026-09-06_1226IST,airline_direct,IndiGo
BOM,BLR,6E,IndiGo,6E 5382,2026-10-21,45,economy,,,6747.0,False,14:30,ok,2026-09-06T12:26:09.891711+05:30,2026-09-06_1226IST,airline_direct,IndiGo
BOM,BLR,6E,IndiGo,6E 5388,2026-10-21,45,business,,,18948.0,False,22:20,ok,2026-09-06T12:26:09.891711+05:30,2026-09-06_1226IST,airline_direct,IndiGo
BOM,BLR,6E,IndiGo,6E 5388,2026-10-21,45,economy,,,6747.0,False,22:20,ok,2026-09-06T12:26:09.891711+05:30,2026-09-06_1226IST,airline_direct,IndiGo
BOM,BLR,6E,IndiGo,6E 5092,2026-10-21,45,business,,,18948.0,False,09:50,ok,2026-09-06T12:26:09.891711+05:30,2026-09-06_1226IST,airline_direct,IndiGo
BOM,BLR,6E,IndiGo,6E 5092,2026-10-21,45,economy,,,7062.0,False,09:50,ok,2026-09-06T12:26:09.891711+05:30,2026-09-06_1226IST,airline_direct,IndiGo
BOM,BLR,6E,IndiGo,6E 5217,2026-10-21,45,business,,,18948.0,False,11:00,ok,2026-09-06T12:26:09.891711+05:30,2026-09-06_1226IST,airline_direct,IndiGo
BOM,BLR,6E,IndiGo,6E 5217,2026-10-21,45,economy,,,7062.0,False,11:00,ok,2026-09-06T12:26:09.891711+05:30,2026-09-06_1226IST,airline_direct,IndiGo
BOM,BLR,6E,IndiGo,6E 5071,2026-10-21,45,business,,,18948.0,False,15:35,ok,2026-09-06T12:26:09.891711+05:30,2026-09-06_1226IST,airline_direct,IndiGo
BOM,BLR,6E,IndiGo,6E 5071,2026-10-21,45,economy,,,7062.0,False,15:35,ok,2026-09-06T12:26:09.891711+05:30,2026-09-06_1226IST,airline_direct,IndiGo
BOM,BLR,6E,IndiGo,6E 6188,2026-10-21,45,business,,,18948.0,False,21:30,ok,2026-09-06T12:26:09.891711+05:30,2026-09-06_1226IST,airline_direct,IndiGo
BOM,BLR,6E,IndiGo,6E 6188,2026-10-21,45,economy,,,7062.0,False,21:30,ok,2026-09-06T12:26:09.891711+05:30,2026-09-06_1226IST,airline_direct,IndiGo
BOM,BLR,6E,IndiGo,6E 5221,2026-10-21,45,business,,,18948.0,False,17:00,ok,2026-09-06T12:26:09.891711+05:30,2026-09-06_1226IST,airline_direct,IndiGo
BOM,BLR,6E,IndiGo,6E 5221,2026-10-21,45,economy,,,7377.0,False,17:00,ok,2026-09-06T12:26:09.891711+05:30,2026-09-06_1226IST,airline_direct,IndiGo
BOM,BLR,6E,IndiGo,6E 5032,2026-10-21,45,business,,,18948.0,False,19:50,ok,2026-09-06T12:26:09.891711+05:30,2026-09-06_1226IST,airline_direct,IndiGo
BOM,BLR,6E,IndiGo,6E 5032,2026-10-21,45,economy,,,7377.0,False,19:50,ok,2026-09-06T12:26:09.891711+05:30,2026-09-06_1226IST,airline_direct,IndiGo
BOM,BLR,6E,IndiGo,6E 5047,2026-10-21,45,business,,,18948.0,False,18:30,ok,2026-09-06T12:26:09.891711+05:30,2026-09-06_1226IST,airline_direct,IndiGo
BOM,BLR,6E,IndiGo,6E 5047,2026-10-21,45,economy,,,7797.0,False,18:30,ok,2026-09-06T12:26:09.891711+05:30,2026-09-06_1226IST,airline_direct,IndiGo
BOM,BLR,6E,IndiGo,6E 6361,2026-10-21,45,economy,,,7243.0,False,05:00,ok,2026-09-06T12:26:09.891711+05:30,2026-09-06_1226IST,airline_direct,IndiGo
BOM,BLR,6E,IndiGo,6E 261,2026-10-21,45,economy,,,7243.0,False,11:20,ok,2026-09-06T12:26:09.891711+05:30,2026-09-06_1226IST,airline_direct,IndiGo
BOM,BLR,6E,IndiGo,6E 261,2026-10-21,45,economy,,,7243.0,False,11:20,ok,2026-09-06T12:26:09.891711+05:30,2026-09-06_1226IST,airline_direct,IndiGo
BOM,BLR,6E,IndiGo,6E 230,2026-10-21,45,economy,,,7243.0,False,13:55,ok,2026-09-06T12:26:09.891711+05:30,2026-09-06_1226IST,airline_direct,IndiGo
BOM,BLR,6E,IndiGo,6E 230,2026-10-21,45,economy,,,7243.0,False,13:55,ok,2026-09-06T12:26:09.891711+05:30,2026-09-06_1226IST,airline_direct,IndiGo
BOM,BLR,6E,IndiGo,6E 230,2026-10-21,45,economy,,,7243.0,False,13:55,ok,2026-09-06T12:26:09.891711+05:30,2026-09-06_1226IST,airline_direct,IndiGo
BOM,BLR,6E,IndiGo,6E 5241,2026-10-21,45,economy,,,7243.0,False,16:40,ok,2026-09-06T12:26:09.891711+05:30,2026-09-06_1226IST,airline_direct,IndiGo
BOM,BLR,6E,IndiGo,6E 5241,2026-10-21,45,economy,,,7243.0,False,16:40,ok,2026-09-06T12:26:09.891711+05:30,2026-09-06_1226IST,airline_direct,IndiGo
BOM,BLR,6E,IndiGo,6E 5082,2026-10-21,45,economy,,,7243.0,False,18:05,ok,2026-09-06T12:26:09.891711+05:30,2026-09-06_1226IST,airline_direct,IndiGo
BOM,BLR,6E,IndiGo,6E 6187,2026-10-21,45,economy,,,7374.0,False,00:30,ok,2026-09-06T12:26:09.891711+05:30,2026-09-06_1226IST,airline_direct,IndiGo
BOM,BLR,6E,IndiGo,6E 5179,2026-10-21,45,business,,,23183.0,False,02:45,ok,2026-09-06T12:26:09.891711+05:30,2026-09-06_1226IST,airline_direct,IndiGo
BOM,BLR,6E,IndiGo,6E 5179,2026-10-21,45,economy,,,7374.0,False,02:45,ok,2026-09-06T12:26:09.891711+05:30,2026-09-06_1226IST,airline_direct,IndiGo
BOM,BLR,6E,IndiGo,6E 5179,2026-10-21,45,business,,,20036.0,False,02:45,ok,2026-09-06T12:26:09.891711+05:30,2026-09-06_1226IST,airline_direct,IndiGo
BOM,BLR,6E,IndiGo,6E 5179,2026-10-21,45,economy,,,7374.0,False,02:45,ok,2026-09-06T12:26:09.891711+05:30,2026-09-06_1226IST,airline_direct,IndiGo
BOM,BLR,6E,IndiGo,6E 6057,2026-10-21,45,economy,,,7374.0,False,09:15,ok,2026-09-06T12:26:09.891711+05:30,2026-09-06_1226IST,airline_direct,IndiGo
BOM,BLR,6E,IndiGo,6E 5178,2026-10-21,45,business,,,20887.0,False,11:45,ok,2026-09-06T12:26:09.891711+05:30,2026-09-06_1226IST,airline_direct,IndiGo
BOM,BLR,6E,IndiGo,6E 5178,2026-10-21,45,economy,,,7374.0,False,11:45,ok,2026-09-06T12:26:09.891711+05:30,2026-09-06_1226IST,airline_direct,IndiGo
BOM,BLR,6E,IndiGo,6E 5228,2026-10-21,45,business,,,21379.0,False,16:45,ok,2026-09-06T12:26:09.891711+05:30,2026-09-06_1226IST,airline_direct,IndiGo
BOM,BLR,6E,IndiGo,6E 5228,2026-10-21,45,economy,,,7374.0,False,16:45,ok,2026-09-06T12:26:09.891711+05:30,2026-09-06_1226IST,airline_direct,IndiGo
BOM,BLR,6E,IndiGo,6E 911,2026-10-21,45,economy,,,7584.0,False,01:30,ok,2026-09-06T12:26:09.891711+05:30,2026-09-06_1226IST,airline_direct,IndiGo
BOM,BLR,6E,IndiGo,6E 6701,2026-10-21,45,economy,,,7584.0,False,05:35,ok,2026-09-06T12:26:09.891711+05:30,2026-09-06_1226IST,airline_direct,IndiGo
BOM,BLR,6E,IndiGo,6E 5188,2026-10-21,45,business,,,24040.0,False,06:15,ok,2026-09-06T12:26:09.891711+05:30,2026-09-06_1226IST,airline_direct,IndiGo
BOM,BLR,6E,IndiGo,6E 5188,2026-10-21,45,economy,,,7584.0,False,06:15,ok,2026-09-06T12:26:09.891711+05:30,2026-09-06_1226IST,airline_direct,IndiGo
BOM,BLR,6E,IndiGo,6E 5109,2026-10-21,45,economy,,,7584.0,False,09:35,ok,2026-09-06T12:26:09.891711+05:30,2026-09-06_1226IST,airline_direct,IndiGo
BOM,BLR,6E,IndiGo,6E 6349,2026-10-21,45,business,,,25173.0,False,11:40,ok,2026-09-06T12:26:09.891711+05:30,2026-09-06_1226IST,airline_direct,IndiGo
BOM,BLR,6E,IndiGo,6E 6349,2026-10-21,45,economy,,,7584.0,False,11:40,ok,2026-09-06T12:26:09.891711+05:30,2026-09-06_1226IST,airline_direct,IndiGo
BOM,BLR,6E,IndiGo,6E 2284,2026-10-21,45,economy,,,7584.0,False,12:05,ok,2026-09-06T12:26:09.891711+05:30,2026-09-06_1226IST,airline_direct,IndiGo
BOM,BLR,6E,IndiGo,6E 673,2026-10-21,45,economy,,,7584.0,False,12:30,ok,2026-09-06T12:26:09.891711+05:30,2026-09-06_1226IST,airline_direct,IndiGo
BOM,BLR,6E,IndiGo,6E 5337,2026-10-21,45,business,,,24760.0,False,13:45,ok,2026-09-06T12:26:09.891711+05:30,2026-09-06_1226IST,airline_direct,IndiGo
BOM,BLR,6E,IndiGo,6E 5337,2026-10-21,45,economy,,,7584.0,False,13:45,ok,2026-09-06T12:26:09.891711+05:30,2026-09-06_1226IST,airline_direct,IndiGo
BOM,BLR,6E,IndiGo,6E 5201,2026-10-21,45,economy,,,7584.0,False,14:55,ok,2026-09-06T12:26:09.891711+05:30,2026-09-06_1226IST,airline_direct,IndiGo
BOM,BLR,6E,IndiGo,6E 5196,2026-10-21,45,business,,,24760.0,False,15:25,ok,2026-09-06T12:26:09.891711+05:30,2026-09-06_1226IST,airline_direct,IndiGo
BOM,BLR,6E,IndiGo,6E 5196,2026-10-21,45,economy,,,7584.0,False,15:25,ok,2026-09-06T12:26:09.891711+05:30,2026-09-06_1226IST,airline_direct,IndiGo
BOM,BLR,6E,IndiGo,6E 5196,2026-10-21,45,business,,,25173.0,False,15:25,ok,2026-09-06T12:26:09.891711+05:30,2026-09-06_1226IST,airline_direct,IndiGo
BOM,BLR,6E,IndiGo,6E 5196,2026-10-21,45,economy,,,7584.0,False,15:25,ok,2026-09-06T12:26:09.891711+05:30,2026-09-06_1226IST,airline_direct,IndiGo
BOM,BLR,6E,IndiGo,6E 240,2026-10-21,45,economy,,,7584.0,False,15:45,ok,2026-09-06T12:26:09.891711+05:30,2026-09-06_1226IST,airline_direct,IndiGo
BOM,BLR,6E,IndiGo,6E 437,2026-10-21,45,economy,,,7584.0,False,17:10,ok,2026-09-06T12:26:09.891711+05:30,2026-09-06_1226IST,airline_direct,IndiGo
BOM,BLR,6E,IndiGo,6E 5048,2026-10-21,45,business,,,25173.0,False,17:25,ok,2026-09-06T12:26:09.891711+05:30,2026-09-06_1226IST,airline_direct,IndiGo
BOM,BLR,6E,IndiGo,6E 5048,2026-10-21,45,economy,,,7584.0,False,17:25,ok,2026-09-06T12:26:09.891711+05:30,2026-09-06_1226IST,airline_direct,IndiGo
BOM,BLR,6E,IndiGo,6E 5126,2026-10-21,45,economy,,,7584.0,False,18:15,ok,2026-09-06T12:26:09.891711+05:30,2026-09-06_1226IST,airline_direct,IndiGo
BOM,BLR,6E,IndiGo,6E 2237,2026-10-21,45,economy,,,7584.0,False,18:40,ok,2026-09-06T12:26:09.891711+05:30,2026-09-06_1226IST,airline_direct,IndiGo
BOM,BLR,6E,IndiGo,6E 5107,2026-10-21,45,economy,,,7584.0,False,20:00,ok,2026-09-06T12:26:09.891711+05:30,2026-09-06_1226IST,airline_direct,IndiGo
BOM,BLR,6E,IndiGo,6E 5152,2026-10-21,45,economy,,,7584.0,False,23:10,ok,2026-09-06T12:26:09.891711+05:30,2026-09-06_1226IST,airline_direct,IndiGo
BOM,BLR,6E,IndiGo,6E 5204,2026-10-21,45,business,,,24760.0,False,08:15,ok,2026-09-06T12:26:09.891711+05:30,2026-09-06_1226IST,airline_direct,IndiGo
BOM,BLR,6E,IndiGo,6E 5204,2026-10-21,45,economy,,,8126.0,False,08:15,ok,2026-09-06T12:26:09.891711+05:30,2026-09-06_1226IST,airline_direct,IndiGo
BOM,BLR,6E,IndiGo,6E 5313,2026-10-21,45,business,,,25173.0,False,09:50,ok,2026-09-06T12:26:09.891711+05:30,2026-09-06_1226IST,airline_direct,IndiGo
BOM,BLR,6E,IndiGo,6E 5313,2026-10-21,45,economy,,,8126.0,False,09:50,ok,2026-09-06T12:26:09.891711+05:30,2026-09-06_1226IST,airline_direct,IndiGo
BOM,BLR,6E,IndiGo,6E 5313,2026-10-21,45,business,,,24760.0,False,09:50,ok,2026-09-06T12:26:09.891711+05:30,2026-09-06_1226IST,airline_direct,IndiGo
BOM,BLR,6E,IndiGo,6E 5313,2026-10-21,45,economy,,,8718.0,False,09:50,ok,2026-09-06T12:26:09.891711+05:30,2026-09-06_1226IST,airline_direct,IndiGo
BOM,BLR,6E,IndiGo,6E 5386,2026-10-21,45,business,,,20441.0,False,15:10,ok,2026-09-06T12:26:09.891711+05:30,2026-09-06_1226IST,airline_direct,IndiGo
BOM,BLR,6E,IndiGo,6E 5386,2026-10-21,45,economy,,,9154.0,False,15:10,ok,2026-09-06T12:26:09.891711+05:30,2026-09-06_1226IST,airline_direct,IndiGo
BOM,BLR,6E,IndiGo,6E 5181,2026-10-21,45,economy,,,9495.0,False,10:25,ok,2026-09-06T12:26:09.891711+05:30,2026-09-06_1226IST,airline_direct,IndiGo
BOM,BLR,6E,IndiGo,6E 5386,2026-10-21,45,business,,,21379.0,False,15:10,ok,2026-09-06T12:26:09.891711+05:30,2026-09-06_1226IST,airline_direct,IndiGo
BOM,BLR,6E,IndiGo,6E 5386,2026-10-21,45,economy,,,9858.0,False,15:10,ok,2026-09-06T12:26:09.891711+05:30,2026-09-06_1226IST,airline_direct,IndiGo
BOM,BLR,6E,IndiGo,6E 5228,2026-10-21,45,business,,,20441.0,False,16:45,ok,2026-09-06T12:26:09.891711+05:30,2026-09-06_1226IST,airline_direct,IndiGo
BOM,BLR,6E,IndiGo,6E 5228,2026-10-21,45,economy,,,9858.0,False,16:45,ok,2026-09-06T12:26:09.891711+05:30,2026-09-06_1226IST,airline_direct,IndiGo
BOM,BLR,6E,IndiGo,6E 632,2026-10-21,45,economy,,,10068.0,False,04:00,ok,2026-09-06T12:26:09.891711+05:30,2026-09-06_1226IST,airline_direct,IndiGo
BOM,BLR,6E,IndiGo,6E 5318,2026-10-21,45,business,,,20887.0,False,10:15,ok,2026-09-06T12:26:09.891711+05:30,2026-09-06_1226IST,airline_direct,IndiGo
BOM,BLR,6E,IndiGo,6E 5318,2026-10-21,45,economy,,,11468.0,False,10:15,ok,2026-09-06T12:26:09.891711+05:30,2026-09-06_1226IST,airline_direct,IndiGo
BOM,BLR,6E,IndiGo,6E 5178,2026-10-21,45,business,,,22521.0,False,11:45,ok,2026-09-06T12:26:09.891711+05:30,2026-09-06_1226IST,airline_direct,IndiGo
BOM,BLR,6E,IndiGo,6E 5178,2026-10-21,45,economy,,,11468.0,False,11:45,ok,2026-09-06T12:26:09.891711+05:30,2026-09-06_1226IST,airline_direct,IndiGo
BOM,BLR,6E,IndiGo,6E 5318,2026-10-21,45,business,,,22521.0,False,10:15,ok,2026-09-06T12:26:09.891711+05:30,2026-09-06_1226IST,airline_direct,IndiGo
BOM,BLR,6E,IndiGo,6E 5318,2026-10-21,45,economy,,,13395.0,False,10:15,ok,2026-09-06T12:26:09.891711+05:30,2026-09-06_1226IST,airline_direct,IndiGo
DEL,CCU,6E,IndiGo,6E 513,2026-10-21,45,business,,,22600.0,False,08:30,ok,2026-09-06T12:27:16.344195+05:30,2026-09-06_1227IST,airline_direct,IndiGo
DEL,CCU,6E,IndiGo,6E 513,2026-10-21,45,economy,,,9552.0,False,08:30,ok,2026-09-06T12:27:16.344195+05:30,2026-09-06_1227IST,airline_direct,IndiGo
DEL,CCU,6E,IndiGo,6E 930,2026-10-21,45,business,,,22600.0,False,02:45,ok,2026-09-06T12:27:16.344195+05:30,2026-09-06_1227IST,airline_direct,IndiGo
DEL,CCU,6E,IndiGo,6E 930,2026-10-21,45,economy,,,10077.0,False,02:45,ok,2026-09-06T12:27:16.344195+05:30,2026-09-06_1227IST,airline_direct,IndiGo
DEL,CCU,6E,IndiGo,6E 5191,2026-10-21,45,business,,,22600.0,False,05:00,ok,2026-09-06T12:27:16.344195+05:30,2026-09-06_1227IST,airline_direct,IndiGo
DEL,CCU,6E,IndiGo,6E 5191,2026-10-21,45,economy,,,10077.0,False,05:00,ok,2026-09-06T12:27:16.344195+05:30,2026-09-06_1227IST,airline_direct,IndiGo
DEL,CCU,6E,IndiGo,6E 340,2026-10-21,45,business,,,22600.0,False,07:20,ok,2026-09-06T12:27:16.344195+05:30,2026-09-06_1227IST,airline_direct,IndiGo
DEL,CCU,6E,IndiGo,6E 340,2026-10-21,45,economy,,,10077.0,False,07:20,ok,2026-09-06T12:27:16.344195+05:30,2026-09-06_1227IST,airline_direct,IndiGo
DEL,CCU,6E,IndiGo,6E 894,2026-10-21,45,business,,,22600.0,False,10:15,ok,2026-09-06T12:27:16.344195+05:30,2026-09-06_1227IST,airline_direct,IndiGo
DEL,CCU,6E,IndiGo,6E 894,2026-10-21,45,economy,,,10707.0,False,10:15,ok,2026-09-06T12:27:16.344195+05:30,2026-09-06_1227IST,airline_direct,IndiGo
DEL,CCU,6E,IndiGo,6E 247,2026-10-21,45,business,,,22600.0,False,23:30,ok,2026-09-06T12:27:16.344195+05:30,2026-09-06_1227IST,airline_direct,IndiGo
DEL,CCU,6E,IndiGo,6E 247,2026-10-21,45,economy,,,11442.0,False,23:30,ok,2026-09-06T12:27:16.344195+05:30,2026-09-06_1227IST,airline_direct,IndiGo
DEL,CCU,6E,IndiGo,6E 897,2026-10-21,45,business,,,22600.0,False,12:45,ok,2026-09-06T12:27:16.344195+05:30,2026-09-06_1227IST,airline_direct,IndiGo
DEL,CCU,6E,IndiGo,6E 897,2026-10-21,45,economy,,,12230.0,False,12:45,ok,2026-09-06T12:27:16.344195+05:30,2026-09-06_1227IST,airline_direct,IndiGo
DEL,CCU,6E,IndiGo,6E 389,2026-10-21,45,business,,,22600.0,False,21:50,ok,2026-09-06T12:27:16.344195+05:30,2026-09-06_1227IST,airline_direct,IndiGo
DEL,CCU,6E,IndiGo,6E 389,2026-10-21,45,economy,,,12230.0,False,21:50,ok,2026-09-06T12:27:16.344195+05:30,2026-09-06_1227IST,airline_direct,IndiGo
DEL,CCU,6E,IndiGo,6E 910,2026-10-21,45,business,,,22600.0,False,14:25,ok,2026-09-06T12:27:16.344195+05:30,2026-09-06_1227IST,airline_direct,IndiGo
DEL,CCU,6E,IndiGo,6E 910,2026-10-21,45,economy,,,13017.0,False,14:25,ok,2026-09-06T12:27:16.344195+05:30,2026-09-06_1227IST,airline_direct,IndiGo
DEL,CCU,6E,IndiGo,6E 6415,2026-10-21,45,business,,,22600.0,False,16:00,ok,2026-09-06T12:27:16.344195+05:30,2026-09-06_1227IST,airline_direct,IndiGo
DEL,CCU,6E,IndiGo,6E 6415,2026-10-21,45,economy,,,13857.0,False,16:00,ok,2026-09-06T12:27:16.344195+05:30,2026-09-06_1227IST,airline_direct,IndiGo
DEL,CCU,6E,IndiGo,6E 2276,2026-10-21,45,business,,,22600.0,False,17:55,ok,2026-09-06T12:27:16.344195+05:30,2026-09-06_1227IST,airline_direct,IndiGo
DEL,CCU,6E,IndiGo,6E 2276,2026-10-21,45,economy,,,13857.0,False,17:55,ok,2026-09-06T12:27:16.344195+05:30,2026-09-06_1227IST,airline_direct,IndiGo
DEL,CCU,6E,IndiGo,6E 6517,2026-10-21,45,business,,,22600.0,False,19:30,ok,2026-09-06T12:27:16.344195+05:30,2026-09-06_1227IST,airline_direct,IndiGo
DEL,CCU,6E,IndiGo,6E 6517,2026-10-21,45,economy,,,17637.0,False,19:30,ok,2026-09-06T12:27:16.344195+05:30,2026-09-06_1227IST,airline_direct,IndiGo
DEL,CCU,6E,IndiGo,6E 5036,2026-10-21,45,economy,,,7507.0,False,08:00,ok,2026-09-06T12:27:16.344195+05:30,2026-09-06_1227IST,airline_direct,IndiGo
DEL,CCU,6E,IndiGo,6E 6312,2026-10-21,45,economy,,,7507.0,False,14:25,ok,2026-09-06T12:27:16.344195+05:30,2026-09-06_1227IST,airline_direct,IndiGo
DEL,CCU,6E,IndiGo,6E 6053,2026-10-21,45,economy,,,7586.0,False,13:05,ok,2026-09-06T12:27:16.344195+05:30,2026-09-06_1227IST,airline_direct,IndiGo
DEL,CCU,6E,IndiGo,6E 6503,2026-10-21,45,economy,,,7901.0,False,13:25,ok,2026-09-06T12:27:16.344195+05:30,2026-09-06_1227IST,airline_direct,IndiGo
DEL,CCU,6E,IndiGo,6E 6018,2026-10-21,45,economy,,,8115.0,False,04:40,ok,2026-09-06T12:27:16.344195+05:30,2026-09-06_1227IST,airline_direct,IndiGo
DEL,CCU,6E,IndiGo,6E 6459,2026-10-21,45,economy,,,8115.0,False,05:55,ok,2026-09-06T12:27:16.344195+05:30,2026-09-06_1227IST,airline_direct,IndiGo
DEL,CCU,6E,IndiGo,6E 6190,2026-10-21,45,economy,,,8194.0,False,07:40,ok,2026-09-06T12:27:16.344195+05:30,2026-09-06_1227IST,airline_direct,IndiGo
DEL,CCU,6E,IndiGo,6E 6371,2026-10-21,45,economy,,,8640.0,False,06:20,ok,2026-09-06T12:27:16.344195+05:30,2026-09-06_1227IST,airline_direct,IndiGo
DEL,CCU,6E,IndiGo,6E 5119,2026-10-21,45,economy,,,9203.0,False,05:10,ok,2026-09-06T12:27:16.344195+05:30,2026-09-06_1227IST,airline_direct,IndiGo
DEL,CCU,6E,IndiGo,6E 5073,2026-10-21,45,economy,,,9203.0,False,17:05,ok,2026-09-06T12:27:16.344195+05:30,2026-09-06_1227IST,airline_direct,IndiGo
DEL,CCU,6E,IndiGo,6E 6551,2026-10-21,45,economy,,,9308.0,False,12:00,ok,2026-09-06T12:27:16.344195+05:30,2026-09-06_1227IST,airline_direct,IndiGo
DEL,CCU,6E,IndiGo,6E 6245,2026-10-21,45,economy,,,9445.0,False,06:20,ok,2026-09-06T12:27:16.344195+05:30,2026-09-06_1227IST,airline_direct,IndiGo
DEL,CCU,6E,IndiGo,6E 2769,2026-10-21,45,economy,,,9445.0,False,08:10,ok,2026-09-06T12:27:16.344195+05:30,2026-09-06_1227IST,airline_direct,IndiGo
DEL,CCU,6E,IndiGo,6E 734,2026-10-21,45,economy,,,9518.0,False,16:20,ok,2026-09-06T12:27:16.344195+05:30,2026-09-06_1227IST,airline_direct,IndiGo
DEL,CCU,6E,IndiGo,6E 6190,2026-10-21,45,economy,,,9597.0,False,07:40,ok,2026-09-06T12:27:16.344195+05:30,2026-09-06_1227IST,airline_direct,IndiGo
DEL,CCU,6E,IndiGo,6E 2373,2026-10-21,45,economy,,,10862.0,False,11:10,ok,2026-09-06T12:27:16.344195+05:30,2026-09-06_1227IST,airline_direct,IndiGo
DEL,CCU,6E,IndiGo,6E 5298,2026-10-21,45,economy,,,11291.0,False,09:00,ok,2026-09-06T12:27:16.344195+05:30,2026-09-06_1227IST,airline_direct,IndiGo
DEL,CCU,6E,IndiGo,6E 5033,2026-10-21,45,economy,,,11291.0,False,15:50,ok,2026-09-06T12:27:16.344195+05:30,2026-09-06_1227IST,airline_direct,IndiGo
DEL,CCU,6E,IndiGo,6E 2614,2026-10-21,45,economy,,,11919.0,False,14:40,ok,2026-09-06T12:27:16.344195+05:30,2026-09-06_1227IST,airline_direct,IndiGo
DEL,CCU,6E,IndiGo,6E 2267,2026-10-21,45,economy,,,12250.0,False,16:40,ok,2026-09-06T12:27:16.344195+05:30,2026-09-06_1227IST,airline_direct,IndiGo
DEL,CCU,6E,IndiGo,6E 6236,2026-10-21,45,economy,,,12332.0,False,16:20,ok,2026-09-06T12:27:16.344195+05:30,2026-09-06_1227IST,airline_direct,IndiGo
DEL,CCU,6E,IndiGo,6E 6378,2026-10-21,45,economy,,,12373.0,False,14:40,ok,2026-09-06T12:27:16.344195+05:30,2026-09-06_1227IST,airline_direct,IndiGo
DEL,CCU,6E,IndiGo,6E 2331,2026-10-21,45,economy,,,12420.0,False,14:55,ok,2026-09-06T12:27:16.344195+05:30,2026-09-06_1227IST,airline_direct,IndiGo
DEL,CCU,6E,IndiGo,6E 6246,2026-10-21,45,economy,,,12933.0,False,05:25,ok,2026-09-06T12:27:16.344195+05:30,2026-09-06_1227IST,airline_direct,IndiGo
DEL,CCU,6E,IndiGo,6E 2361,2026-10-21,45,economy,,,15863.0,False,14:35,ok,2026-09-06T12:27:16.344195+05:30,2026-09-06_1227IST,airline_direct,IndiGo
DEL,CCU,6E,IndiGo,6E 6282,2026-10-21,45,business,,,27847.0,False,13:30,ok,2026-09-06T12:27:16.344195+05:30,2026-09-06_1227IST,airline_direct,IndiGo
DEL,CCU,6E,IndiGo,6E 6282,2026-10-21,45,economy,,,15891.0,False,13:30,ok,2026-09-06T12:27:16.344195+05:30,2026-09-06_1227IST,airline_direct,IndiGo
DEL,CCU,6E,IndiGo,6E 6217,2026-10-21,45,business,,,27847.0,False,16:15,ok,2026-09-06T12:27:16.344195+05:30,2026-09-06_1227IST,airline_direct,IndiGo
DEL,CCU,6E,IndiGo,6E 6217,2026-10-21,45,economy,,,15891.0,False,16:15,ok,2026-09-06T12:27:16.344195+05:30,2026-09-06_1227IST,airline_direct,IndiGo
DEL,CCU,6E,IndiGo,6E 5307,2026-10-21,45,economy,,,15921.0,False,10:50,ok,2026-09-06T12:27:16.344195+05:30,2026-09-06_1227IST,airline_direct,IndiGo
DEL,CCU,6E,IndiGo,6E 5307,2026-10-21,45,economy,,,15921.0,False,10:50,ok,2026-09-06T12:27:16.344195+05:30,2026-09-06_1227IST,airline_direct,IndiGo
DEL,CCU,6E,IndiGo,6E 2453,2026-10-21,45,economy,,,16112.0,False,13:35,ok,2026-09-06T12:27:16.344195+05:30,2026-09-06_1227IST,airline_direct,IndiGo
DEL,CCU,6E,IndiGo,6E 203,2026-10-21,45,business,,,28201.0,False,07:10,ok,2026-09-06T12:27:16.344195+05:30,2026-09-06_1227IST,airline_direct,IndiGo
DEL,CCU,6E,IndiGo,6E 203,2026-10-21,45,economy,,,16206.0,False,07:10,ok,2026-09-06T12:27:16.344195+05:30,2026-09-06_1227IST,airline_direct,IndiGo
DEL,CCU,6E,IndiGo,6E 705,2026-10-21,45,business,,,28201.0,False,08:30,ok,2026-09-06T12:27:16.344195+05:30,2026-09-06_1227IST,airline_direct,IndiGo
DEL,CCU,6E,IndiGo,6E 705,2026-10-21,45,economy,,,16206.0,False,08:30,ok,2026-09-06T12:27:16.344195+05:30,2026-09-06_1227IST,airline_direct,IndiGo
DEL,CCU,6E,IndiGo,6E 705,2026-10-21,45,business,,,28201.0,False,08:30,ok,2026-09-06T12:27:16.344195+05:30,2026-09-06_1227IST,airline_direct,IndiGo
DEL,CCU,6E,IndiGo,6E 705,2026-10-21,45,economy,,,16206.0,False,08:30,ok,2026-09-06T12:27:16.344195+05:30,2026-09-06_1227IST,airline_direct,IndiGo
DEL,CCU,6E,IndiGo,6E 6293,2026-10-21,45,business,,,28201.0,False,09:55,ok,2026-09-06T12:27:16.344195+05:30,2026-09-06_1227IST,airline_direct,IndiGo
DEL,CCU,6E,IndiGo,6E 6293,2026-10-21,45,economy,,,16206.0,False,09:55,ok,2026-09-06T12:27:16.344195+05:30,2026-09-06_1227IST,airline_direct,IndiGo
DEL,CCU,6E,IndiGo,6E 2259,2026-10-21,45,economy,,,16269.0,False,12:20,ok,2026-09-06T12:27:16.344195+05:30,2026-09-06_1227IST,airline_direct,IndiGo
DEL,CCU,6E,IndiGo,6E 2453,2026-10-21,45,economy,,,16637.0,False,13:35,ok,2026-09-06T12:27:16.344195+05:30,2026-09-06_1227IST,airline_direct,IndiGo
DEL,CCU,6E,IndiGo,6E 6829,2026-10-21,45,economy,,,16979.0,False,17:20,ok,2026-09-06T12:27:16.344195+05:30,2026-09-06_1227IST,airline_direct,IndiGo
DEL,CCU,6E,IndiGo,6E 717,2026-10-21,45,business,,,27139.0,False,17:55,ok,2026-09-06T12:27:16.344195+05:30,2026-09-06_1227IST,airline_direct,IndiGo
DEL,CCU,6E,IndiGo,6E 717,2026-10-21,45,economy,,,17741.0,False,17:55,ok,2026-09-06T12:27:16.344195+05:30,2026-09-06_1227IST,airline_direct,IndiGo
DEL,CCU,6E,IndiGo,6E 6073,2026-10-21,45,economy,,,18096.0,False,05:00,ok,2026-09-06T12:27:16.344195+05:30,2026-09-06_1227IST,airline_direct,IndiGo
DEL,CCU,6E,IndiGo,6E 717,2026-10-21,45,business,,,27847.0,False,17:55,ok,2026-09-06T12:27:16.344195+05:30,2026-09-06_1227IST,airline_direct,IndiGo
DEL,CCU,6E,IndiGo,6E 717,2026-10-21,45,economy,,,18371.0,False,17:55,ok,2026-09-06T12:27:16.344195+05:30,2026-09-06_1227IST,airline_direct,IndiGo
DEL,CCU,6E,IndiGo,6E 6124,2026-10-21,45,economy,,,18912.0,False,07:30,ok,2026-09-06T12:27:16.344195+05:30,2026-09-06_1227IST,airline_direct,IndiGo
DEL,CCU,6E,IndiGo,6E 704,2026-10-21,45,business,,,27493.0,False,02:25,ok,2026-09-06T12:27:16.344195+05:30,2026-09-06_1227IST,airline_direct,IndiGo
DEL,CCU,6E,IndiGo,6E 704,2026-10-21,45,economy,,,19474.0,False,02:25,ok,2026-09-06T12:27:16.344195+05:30,2026-09-06_1227IST,airline_direct,IndiGo
DEL,CCU,6E,IndiGo,6E 5038,2026-10-21,45,economy,,,20281.0,False,14:00,ok,2026-09-06T12:27:16.344195+05:30,2026-09-06_1227IST,airline_direct,IndiGo
DEL,CCU,6E,IndiGo,6E 2296,2026-10-21,45,economy,,,20511.0,False,09:20,ok,2026-09-06T12:27:16.344195+05:30,2026-09-06_1227IST,airline_direct,IndiGo
DEL,CCU,6E,IndiGo,6E 5215,2026-10-21,45,economy,,,21607.0,False,07:40,ok,2026-09-06T12:27:16.344195+05:30,2026-09-06_1227IST,airline_direct,IndiGo
DEL,CCU,6E,IndiGo,6E 5041,2026-10-21,45,economy,,,22132.0,False,15:10,ok,2026-09-06T12:27:16.344195+05:30,2026-09-06_1227IST,airline_direct,IndiGo
DEL,CCU,6E,IndiGo,6E 2296,2026-10-21,45,economy,,,22191.0,False,09:20,ok,2026-09-06T12:27:16.344195+05:30,2026-09-06_1227IST,airline_direct,IndiGo
DEL,CCU,6E,IndiGo,6E 5041,2026-10-21,45,economy,,,26857.0,False,15:10,ok,2026-09-06T12:27:16.344195+05:30,2026-09-06_1227IST,airline_direct,IndiGo
DEL,CCU,6E,IndiGo,6E 2316,2026-10-21,45,economy,,,26857.0,False,17:30,ok,2026-09-06T12:27:16.344195+05:30,2026-09-06_1227IST,airline_direct,IndiGo
BLR,HYD,6E,IndiGo,6E 484,2026-10-21,45,economy,,,4561.0,False,08:15,ok,2026-09-06T12:28:15.569179+05:30,2026-09-06_1228IST,airline_direct,IndiGo
BLR,HYD,6E,IndiGo,6E 6067,2026-10-21,45,economy,,,4561.0,False,16:30,ok,2026-09-06T12:28:15.569179+05:30,2026-09-06_1228IST,airline_direct,IndiGo
BLR,HYD,6E,IndiGo,6E 312,2026-10-21,45,economy,,,4921.0,False,09:15,ok,2026-09-06T12:28:15.569179+05:30,2026-09-06_1228IST,airline_direct,IndiGo
BLR,HYD,6E,IndiGo,6E 537,2026-10-21,45,economy,,,4921.0,False,10:15,ok,2026-09-06T12:28:15.569179+05:30,2026-09-06_1228IST,airline_direct,IndiGo
BLR,HYD,6E,IndiGo,6E 6404,2026-10-21,45,economy,,,4921.0,False,11:35,ok,2026-09-06T12:28:15.569179+05:30,2026-09-06_1228IST,airline_direct,IndiGo
BLR,HYD,6E,IndiGo,6E 855,2026-10-21,45,economy,,,4921.0,False,19:45,ok,2026-09-06T12:28:15.569179+05:30,2026-09-06_1228IST,airline_direct,IndiGo
BLR,HYD,6E,IndiGo,6E 6784,2026-10-21,45,economy,,,5318.0,False,21:25,ok,2026-09-06T12:28:15.569179+05:30,2026-09-06_1228IST,airline_direct,IndiGo
BLR,HYD,6E,IndiGo,6E 638,2026-10-21,45,economy,,,6239.0,False,18:35,ok,2026-09-06T12:28:15.569179+05:30,2026-09-06_1228IST,airline_direct,IndiGo
BLR,HYD,6E,IndiGo,6E 6178,2026-10-21,45,economy,,,9518.0,False,06:10,ok,2026-09-06T12:28:15.569179+05:30,2026-09-06_1228IST,airline_direct,IndiGo
BLR,HYD,6E,IndiGo,6E 7227,2026-10-21,45,economy,,,5331.0,False,06:25,ok,2026-09-06T12:28:15.569179+05:30,2026-09-06_1228IST,airline_direct,IndiGo
BLR,HYD,6E,IndiGo,6E 7737,2026-10-21,45,economy,,,5331.0,False,10:50,ok,2026-09-06T12:28:15.569179+05:30,2026-09-06_1228IST,airline_direct,IndiGo
BLR,HYD,6E,IndiGo,6E 7737,2026-10-21,45,economy,,,5331.0,False,10:50,ok,2026-09-06T12:28:15.569179+05:30,2026-09-06_1228IST,airline_direct,IndiGo
BLR,HYD,6E,IndiGo,6E 7737,2026-10-21,45,economy,,,5331.0,False,10:50,ok,2026-09-06T12:28:15.569179+05:30,2026-09-06_1228IST,airline_direct,IndiGo
BLR,HYD,6E,IndiGo,6E 6563,2026-10-21,45,economy,,,5463.0,False,01:05,ok,2026-09-06T12:28:15.569179+05:30,2026-09-06_1228IST,airline_direct,IndiGo
BLR,HYD,6E,IndiGo,6E 6876,2026-10-21,45,economy,,,5463.0,False,02:40,ok,2026-09-06T12:28:15.569179+05:30,2026-09-06_1228IST,airline_direct,IndiGo
BLR,HYD,6E,IndiGo,6E 7204,2026-10-21,45,economy,,,5463.0,False,06:50,ok,2026-09-06T12:28:15.569179+05:30,2026-09-06_1228IST,airline_direct,IndiGo
BLR,HYD,6E,IndiGo,6E 7204,2026-10-21,45,economy,,,5463.0,False,06:50,ok,2026-09-06T12:28:15.569179+05:30,2026-09-06_1228IST,airline_direct,IndiGo
BLR,HYD,6E,IndiGo,6E 857,2026-10-21,45,economy,,,5463.0,False,07:05,ok,2026-09-06T12:28:15.569179+05:30,2026-09-06_1228IST,airline_direct,IndiGo
BLR,HYD,6E,IndiGo,6E 857,2026-10-21,45,economy,,,5463.0,False,07:05,ok,2026-09-06T12:28:15.569179+05:30,2026-09-06_1228IST,airline_direct,IndiGo
BLR,HYD,6E,IndiGo,6E 6269,2026-10-21,45,economy,,,5463.0,False,07:15,ok,2026-09-06T12:28:15.569179+05:30,2026-09-06_1228IST,airline_direct,IndiGo
BLR,HYD,6E,IndiGo,6E 6269,2026-10-21,45,economy,,,5463.0,False,07:15,ok,2026-09-06T12:28:15.569179+05:30,2026-09-06_1228IST,airline_direct,IndiGo
BLR,HYD,6E,IndiGo,6E 7005,2026-10-21,45,economy,,,5463.0,False,08:05,ok,2026-09-06T12:28:15.569179+05:30,2026-09-06_1228IST,airline_direct,IndiGo
BLR,HYD,6E,IndiGo,6E 7005,2026-10-21,45,economy,,,5463.0,False,08:05,ok,2026-09-06T12:28:15.569179+05:30,2026-09-06_1228IST,airline_direct,IndiGo
BLR,HYD,6E,IndiGo,6E 6445,2026-10-21,45,economy,,,5463.0,False,10:25,ok,2026-09-06T12:28:15.569179+05:30,2026-09-06_1228IST,airline_direct,IndiGo
BLR,HYD,6E,IndiGo,6E 904,2026-10-21,45,economy,,,5463.0,False,10:45,ok,2026-09-06T12:28:15.569179+05:30,2026-09-06_1228IST,airline_direct,IndiGo
BLR,HYD,6E,IndiGo,6E 6104,2026-10-21,45,economy,,,5463.0,False,11:40,ok,2026-09-06T12:28:15.569179+05:30,2026-09-06_1228IST,airline_direct,IndiGo
BLR,HYD,6E,IndiGo,6E 6208,2026-10-21,45,economy,,,5463.0,False,12:45,ok,2026-09-06T12:28:15.569179+05:30,2026-09-06_1228IST,airline_direct,IndiGo
BLR,HYD,6E,IndiGo,6E 6208,2026-10-21,45,economy,,,5463.0,False,12:45,ok,2026-09-06T12:28:15.569179+05:30,2026-09-06_1228IST,airline_direct,IndiGo
BLR,HYD,6E,IndiGo,6E 6753,2026-10-21,45,economy,,,5463.0,False,15:15,ok,2026-09-06T12:28:15.569179+05:30,2026-09-06_1228IST,airline_direct,IndiGo
BLR,HYD,6E,IndiGo,6E 6753,2026-10-21,45,economy,,,5463.0,False,15:15,ok,2026-09-06T12:28:15.569179+05:30,2026-09-06_1228IST,airline_direct,IndiGo
BLR,HYD,6E,IndiGo,6E 7223,2026-10-21,45,economy,,,5463.0,False,15:30,ok,2026-09-06T12:28:15.569179+05:30,2026-09-06_1228IST,airline_direct,IndiGo
BLR,HYD,6E,IndiGo,6E 309,2026-10-21,45,economy,,,5463.0,False,16:40,ok,2026-09-06T12:28:15.569179+05:30,2026-09-06_1228IST,airline_direct,IndiGo
BLR,HYD,6E,IndiGo,6E 309,2026-10-21,45,economy,,,5463.0,False,16:40,ok,2026-09-06T12:28:15.569179+05:30,2026-09-06_1228IST,airline_direct,IndiGo
BLR,HYD,6E,IndiGo,6E 109,2026-10-21,45,economy,,,5463.0,False,17:00,ok,2026-09-06T12:28:15.569179+05:30,2026-09-06_1228IST,airline_direct,IndiGo
BLR,HYD,6E,IndiGo,6E 356,2026-10-21,45,economy,,,5463.0,False,17:15,ok,2026-09-06T12:28:15.569179+05:30,2026-09-06_1228IST,airline_direct,IndiGo
BLR,HYD,6E,IndiGo,6E 6891,2026-10-21,45,economy,,,5463.0,False,17:15,ok,2026-09-06T12:28:15.569179+05:30,2026-09-06_1228IST,airline_direct,IndiGo
BLR,HYD,6E,IndiGo,6E 356,2026-10-21,45,economy,,,5463.0,False,17:15,ok,2026-09-06T12:28:15.569179+05:30,2026-09-06_1228IST,airline_direct,IndiGo
BLR,HYD,6E,IndiGo,6E 6168,2026-10-21,45,economy,,,5463.0,False,17:20,ok,2026-09-06T12:28:15.569179+05:30,2026-09-06_1228IST,airline_direct,IndiGo
BLR,HYD,6E,IndiGo,6E 6017,2026-10-21,45,economy,,,5463.0,False,18:15,ok,2026-09-06T12:28:15.569179+05:30,2026-09-06_1228IST,airline_direct,IndiGo
BLR,HYD,6E,IndiGo,6E 6162,2026-10-21,45,economy,,,5463.0,False,18:50,ok,2026-09-06T12:28:15.569179+05:30,2026-09-06_1228IST,airline_direct,IndiGo
BLR,HYD,6E,IndiGo,6E 105,2026-10-21,45,economy,,,5463.0,False,18:50,ok,2026-09-06T12:28:15.569179+05:30,2026-09-06_1228IST,airline_direct,IndiGo
BLR,HYD,6E,IndiGo,6E 6875,2026-10-21,45,economy,,,5463.0,False,19:55,ok,2026-09-06T12:28:15.569179+05:30,2026-09-06_1228IST,airline_direct,IndiGo
BLR,HYD,6E,IndiGo,6E 6583,2026-10-21,45,economy,,,5594.0,False,10:40,ok,2026-09-06T12:28:15.569179+05:30,2026-09-06_1228IST,airline_direct,IndiGo
BLR,HYD,6E,IndiGo,6E 6336,2026-10-21,45,economy,,,5594.0,False,12:40,ok,2026-09-06T12:28:15.569179+05:30,2026-09-06_1228IST,airline_direct,IndiGo
BLR,HYD,6E,IndiGo,6E 6336,2026-10-21,45,economy,,,5594.0,False,12:40,ok,2026-09-06T12:28:15.569179+05:30,2026-09-06_1228IST,airline_direct,IndiGo
BLR,HYD,6E,IndiGo,6E 6003,2026-10-21,45,economy,,,5793.0,False,15:35,ok,2026-09-06T12:28:15.569179+05:30,2026-09-06_1228IST,airline_direct,IndiGo
BLR,HYD,6E,IndiGo,6E 6168,2026-10-21,45,economy,,,5793.0,False,17:20,ok,2026-09-06T12:28:15.569179+05:30,2026-09-06_1228IST,airline_direct,IndiGo
BLR,HYD,6E,IndiGo,6E 763,2026-10-21,45,economy,,,6153.0,False,07:10,ok,2026-09-06T12:28:15.569179+05:30,2026-09-06_1228IST,airline_direct,IndiGo
BLR,HYD,6E,IndiGo,6E 441,2026-10-21,45,economy,,,6153.0,False,20:40,ok,2026-09-06T12:28:15.569179+05:30,2026-09-06_1228IST,airline_direct,IndiGo
BLR,HYD,6E,IndiGo,6E 528,2026-10-21,45,economy,,,6153.0,False,21:40,ok,2026-09-06T12:28:15.569179+05:30,2026-09-06_1228IST,airline_direct,IndiGo
BLR,HYD,6E,IndiGo,6E 116,2026-10-21,45,economy,,,6153.0,False,23:05,ok,2026-09-06T12:28:15.569179+05:30,2026-09-06_1228IST,airline_direct,IndiGo
BLR,HYD,6E,IndiGo,6E 574,2026-10-21,45,economy,,,6284.0,False,11:05,ok,2026-09-06T12:28:15.569179+05:30,2026-09-06_1228IST,airline_direct,IndiGo
BLR,HYD,6E,IndiGo,6E 763,2026-10-21,45,economy,,,6543.0,False,07:10,ok,2026-09-06T12:28:15.569179+05:30,2026-09-06_1228IST,airline_direct,IndiGo
BLR,HYD,6E,IndiGo,6E 6554,2026-10-21,45,economy,,,6543.0,False,19:15,ok,2026-09-06T12:28:15.569179+05:30,2026-09-06_1228IST,airline_direct,IndiGo
BLR,HYD,6E,IndiGo,6E 6653,2026-10-21,45,economy,,,6969.0,False,12:35,ok,2026-09-06T12:28:15.569179+05:30,2026-09-06_1228IST,airline_direct,IndiGo
BLR,HYD,6E,IndiGo,6E 6653,2026-10-21,45,economy,,,7935.0,False,12:35,ok,2026-09-06T12:28:15.569179+05:30,2026-09-06_1228IST,airline_direct,IndiGo
BLR,HYD,6E,IndiGo,6E 703,2026-10-21,45,economy,,,8484.0,False,12:55,ok,2026-09-06T12:28:15.569179+05:30,2026-09-06_1228IST,airline_direct,IndiGo
BLR,HYD,6E,IndiGo,6E 7285,2026-10-21,45,economy,,,9861.0,False,06:50,ok,2026-09-06T12:28:15.569179+05:30,2026-09-06_1228IST,airline_direct,IndiGo
BLR,HYD,6E,IndiGo,6E 6445,2026-10-21,45,economy,,,14508.0,False,10:25,ok,2026-09-06T12:28:15.569179+05:30,2026-09-06_1228IST,airline_direct,IndiGo
MAA,DEL,6E,IndiGo,6E 953,2026-10-21,45,business,,,24700.0,False,02:45,ok,2026-09-06T12:29:24.006807+05:30,2026-09-06_1229IST,airline_direct,IndiGo
MAA,DEL,6E,IndiGo,6E 953,2026-10-21,45,economy,,,9830.0,False,02:45,ok,2026-09-06T12:29:24.006807+05:30,2026-09-06_1229IST,airline_direct,IndiGo
MAA,DEL,6E,IndiGo,6E 937,2026-10-21,45,business,,,24700.0,False,06:30,ok,2026-09-06T12:29:24.006807+05:30,2026-09-06_1229IST,airline_direct,IndiGo
MAA,DEL,6E,IndiGo,6E 937,2026-10-21,45,economy,,,9830.0,False,06:30,ok,2026-09-06T12:29:24.006807+05:30,2026-09-06_1229IST,airline_direct,IndiGo
MAA,DEL,6E,IndiGo,6E 6002,2026-10-21,45,business,,,24700.0,False,11:10,ok,2026-09-06T12:29:24.006807+05:30,2026-09-06_1229IST,airline_direct,IndiGo
MAA,DEL,6E,IndiGo,6E 6002,2026-10-21,45,economy,,,9830.0,False,11:10,ok,2026-09-06T12:29:24.006807+05:30,2026-09-06_1229IST,airline_direct,IndiGo
MAA,DEL,6E,IndiGo,6E 939,2026-10-21,45,business,,,24700.0,False,13:00,ok,2026-09-06T12:29:24.006807+05:30,2026-09-06_1229IST,airline_direct,IndiGo
MAA,DEL,6E,IndiGo,6E 939,2026-10-21,45,economy,,,9830.0,False,13:00,ok,2026-09-06T12:29:24.006807+05:30,2026-09-06_1229IST,airline_direct,IndiGo
MAA,DEL,6E,IndiGo,6E 948,2026-10-21,45,business,,,24700.0,False,14:30,ok,2026-09-06T12:29:24.006807+05:30,2026-09-06_1229IST,airline_direct,IndiGo
MAA,DEL,6E,IndiGo,6E 948,2026-10-21,45,economy,,,9830.0,False,14:30,ok,2026-09-06T12:29:24.006807+05:30,2026-09-06_1229IST,airline_direct,IndiGo
MAA,DEL,6E,IndiGo,6E 698,2026-10-21,45,business,,,24700.0,False,16:45,ok,2026-09-06T12:29:24.006807+05:30,2026-09-06_1229IST,airline_direct,IndiGo
MAA,DEL,6E,IndiGo,6E 698,2026-10-21,45,economy,,,9830.0,False,16:45,ok,2026-09-06T12:29:24.006807+05:30,2026-09-06_1229IST,airline_direct,IndiGo
MAA,DEL,6E,IndiGo,6E 613,2026-10-21,45,business,,,24700.0,False,19:00,ok,2026-09-06T12:29:24.006807+05:30,2026-09-06_1229IST,airline_direct,IndiGo
MAA,DEL,6E,IndiGo,6E 613,2026-10-21,45,economy,,,9830.0,False,19:00,ok,2026-09-06T12:29:24.006807+05:30,2026-09-06_1229IST,airline_direct,IndiGo
MAA,DEL,6E,IndiGo,6E 951,2026-10-21,45,business,,,24700.0,False,21:50,ok,2026-09-06T12:29:24.006807+05:30,2026-09-06_1229IST,airline_direct,IndiGo
MAA,DEL,6E,IndiGo,6E 951,2026-10-21,45,economy,,,9830.0,False,21:50,ok,2026-09-06T12:29:24.006807+05:30,2026-09-06_1229IST,airline_direct,IndiGo
MAA,DEL,6E,IndiGo,6E 2369,2026-10-21,45,business,,,24700.0,False,23:45,ok,2026-09-06T12:29:24.006807+05:30,2026-09-06_1229IST,airline_direct,IndiGo
MAA,DEL,6E,IndiGo,6E 2369,2026-10-21,45,economy,,,9830.0,False,23:45,ok,2026-09-06T12:29:24.006807+05:30,2026-09-06_1229IST,airline_direct,IndiGo
MAA,DEL,6E,IndiGo,6E 404,2026-10-21,45,business,,,24700.0,False,09:15,ok,2026-09-06T12:29:24.006807+05:30,2026-09-06_1229IST,airline_direct,IndiGo
MAA,DEL,6E,IndiGo,6E 404,2026-10-21,45,economy,,,10295.0,False,09:15,ok,2026-09-06T12:29:24.006807+05:30,2026-09-06_1229IST,airline_direct,IndiGo
MAA,DEL,6E,IndiGo,6E 6797,2026-10-21,45,economy,,,9568.0,False,13:10,ok,2026-09-06T12:29:24.006807+05:30,2026-09-06_1229IST,airline_direct,IndiGo
MAA,DEL,6E,IndiGo,6E 253,2026-10-21,45,business,,,28061.0,False,03:10,ok,2026-09-06T12:29:24.006807+05:30,2026-09-06_1229IST,airline_direct,IndiGo
MAA,DEL,6E,IndiGo,6E 253,2026-10-21,45,economy,,,9778.0,False,03:10,ok,2026-09-06T12:29:24.006807+05:30,2026-09-06_1229IST,airline_direct,IndiGo
MAA,DEL,6E,IndiGo,6E 244,2026-10-21,45,economy,,,9778.0,False,03:55,ok,2026-09-06T12:29:24.006807+05:30,2026-09-06_1229IST,airline_direct,IndiGo
MAA,DEL,6E,IndiGo,6E 607,2026-10-21,45,business,,,28061.0,False,05:40,ok,2026-09-06T12:29:24.006807+05:30,2026-09-06_1229IST,airline_direct,IndiGo
MAA,DEL,6E,IndiGo,6E 607,2026-10-21,45,economy,,,9778.0,False,05:40,ok,2026-09-06T12:29:24.006807+05:30,2026-09-06_1229IST,airline_direct,IndiGo
MAA,DEL,6E,IndiGo,6E 495,2026-10-21,45,business,,,26398.0,False,07:10,ok,2026-09-06T12:29:24.006807+05:30,2026-09-06_1229IST,airline_direct,IndiGo
MAA,DEL,6E,IndiGo,6E 495,2026-10-21,45,economy,,,9778.0,False,07:10,ok,2026-09-06T12:29:24.006807+05:30,2026-09-06_1229IST,airline_direct,IndiGo
MAA,DEL,6E,IndiGo,6E 495,2026-10-21,45,business,,,26398.0,False,07:10,ok,2026-09-06T12:29:24.006807+05:30,2026-09-06_1229IST,airline_direct,IndiGo
MAA,DEL,6E,IndiGo,6E 495,2026-10-21,45,economy,,,9778.0,False,07:10,ok,2026-09-06T12:29:24.006807+05:30,2026-09-06_1229IST,airline_direct,IndiGo
MAA,DEL,6E,IndiGo,6E 834,2026-10-21,45,business,,,26398.0,False,09:05,ok,2026-09-06T12:29:24.006807+05:30,2026-09-06_1229IST,airline_direct,IndiGo
MAA,DEL,6E,IndiGo,6E 834,2026-10-21,45,economy,,,9778.0,False,09:05,ok,2026-09-06T12:29:24.006807+05:30,2026-09-06_1229IST,airline_direct,IndiGo
MAA,DEL,6E,IndiGo,6E 834,2026-10-21,45,business,,,26398.0,False,09:05,ok,2026-09-06T12:29:24.006807+05:30,2026-09-06_1229IST,airline_direct,IndiGo
MAA,DEL,6E,IndiGo,6E 834,2026-10-21,45,economy,,,9778.0,False,09:05,ok,2026-09-06T12:29:24.006807+05:30,2026-09-06_1229IST,airline_direct,IndiGo
MAA,DEL,6E,IndiGo,6E 372,2026-10-21,45,business,,,26398.0,False,09:55,ok,2026-09-06T12:29:24.006807+05:30,2026-09-06_1229IST,airline_direct,IndiGo
MAA,DEL,6E,IndiGo,6E 372,2026-10-21,45,economy,,,9778.0,False,09:55,ok,2026-09-06T12:29:24.006807+05:30,2026-09-06_1229IST,airline_direct,IndiGo
MAA,DEL,6E,IndiGo,6E 502,2026-10-21,45,business,,,28533.0,False,11:10,ok,2026-09-06T12:29:24.006807+05:30,2026-09-06_1229IST,airline_direct,IndiGo
MAA,DEL,6E,IndiGo,6E 502,2026-10-21,45,economy,,,9778.0,False,11:10,ok,2026-09-06T12:29:24.006807+05:30,2026-09-06_1229IST,airline_direct,IndiGo
MAA,DEL,6E,IndiGo,6E 973,2026-10-21,45,business,,,38487.0,False,11:55,ok,2026-09-06T12:29:24.006807+05:30,2026-09-06_1229IST,airline_direct,IndiGo
MAA,DEL,6E,IndiGo,6E 973,2026-10-21,45,economy,,,9778.0,False,11:55,ok,2026-09-06T12:29:24.006807+05:30,2026-09-06_1229IST,airline_direct,IndiGo
MAA,DEL,6E,IndiGo,6E 6925,2026-10-21,45,business,,,26857.0,False,12:00,ok,2026-09-06T12:29:24.006807+05:30,2026-09-06_1229IST,airline_direct,IndiGo
MAA,DEL,6E,IndiGo,6E 6925,2026-10-21,45,economy,,,9778.0,False,12:00,ok,2026-09-06T12:29:24.006807+05:30,2026-09-06_1229IST,airline_direct,IndiGo
MAA,DEL,6E,IndiGo,6E 6158,2026-10-21,45,business,,,26398.0,False,16:10,ok,2026-09-06T12:29:24.006807+05:30,2026-09-06_1229IST,airline_direct,IndiGo
MAA,DEL,6E,IndiGo,6E 6158,2026-10-21,45,economy,,,9778.0,False,16:10,ok,2026-09-06T12:29:24.006807+05:30,2026-09-06_1229IST,airline_direct,IndiGo
MAA,DEL,6E,IndiGo,6E 183,2026-10-21,45,business,,,28533.0,False,16:35,ok,2026-09-06T12:29:24.006807+05:30,2026-09-06_1229IST,airline_direct,IndiGo
MAA,DEL,6E,IndiGo,6E 183,2026-10-21,45,economy,,,9778.0,False,16:35,ok,2026-09-06T12:29:24.006807+05:30,2026-09-06_1229IST,airline_direct,IndiGo
MAA,DEL,6E,IndiGo,6E 848,2026-10-21,45,economy,,,9778.0,False,17:50,ok,2026-09-06T12:29:24.006807+05:30,2026-09-06_1229IST,airline_direct,IndiGo
MAA,DEL,6E,IndiGo,6E 562,2026-10-21,45,business,,,26398.0,False,18:20,ok,2026-09-06T12:29:24.006807+05:30,2026-09-06_1229IST,airline_direct,IndiGo
MAA,DEL,6E,IndiGo,6E 562,2026-10-21,45,economy,,,9778.0,False,18:20,ok,2026-09-06T12:29:24.006807+05:30,2026-09-06_1229IST,airline_direct,IndiGo
MAA,DEL,6E,IndiGo,6E 193,2026-10-21,45,business,,,26398.0,False,20:00,ok,2026-09-06T12:29:24.006807+05:30,2026-09-06_1229IST,airline_direct,IndiGo
MAA,DEL,6E,IndiGo,6E 193,2026-10-21,45,economy,,,9778.0,False,20:00,ok,2026-09-06T12:29:24.006807+05:30,2026-09-06_1229IST,airline_direct,IndiGo
MAA,DEL,6E,IndiGo,6E 6487,2026-10-21,45,business,,,26857.0,False,21:25,ok,2026-09-06T12:29:24.006807+05:30,2026-09-06_1229IST,airline_direct,IndiGo
MAA,DEL,6E,IndiGo,6E 6487,2026-10-21,45,economy,,,9778.0,False,21:25,ok,2026-09-06T12:29:24.006807+05:30,2026-09-06_1229IST,airline_direct,IndiGo
MAA,DEL,6E,IndiGo,6E 561,2026-10-21,45,business,,,28061.0,False,22:20,ok,2026-09-06T12:29:24.006807+05:30,2026-09-06_1229IST,airline_direct,IndiGo
MAA,DEL,6E,IndiGo,6E 561,2026-10-21,45,economy,,,9778.0,False,22:20,ok,2026-09-06T12:29:24.006807+05:30,2026-09-06_1229IST,airline_direct,IndiGo
MAA,DEL,6E,IndiGo,6E 6081,2026-10-21,45,business,,,30424.0,False,07:05,ok,2026-09-06T12:29:24.006807+05:30,2026-09-06_1229IST,airline_direct,IndiGo
MAA,DEL,6E,IndiGo,6E 6081,2026-10-21,45,economy,,,9857.0,False,07:05,ok,2026-09-06T12:29:24.006807+05:30,2026-09-06_1229IST,airline_direct,IndiGo
MAA,DEL,6E,IndiGo,6E 6081,2026-10-21,45,business,,,30424.0,False,07:05,ok,2026-09-06T12:29:24.006807+05:30,2026-09-06_1229IST,airline_direct,IndiGo
MAA,DEL,6E,IndiGo,6E 6081,2026-10-21,45,economy,,,9857.0,False,07:05,ok,2026-09-06T12:29:24.006807+05:30,2026-09-06_1229IST,airline_direct,IndiGo
MAA,DEL,6E,IndiGo,6E 6815,2026-10-21,45,business,,,30837.0,False,08:55,ok,2026-09-06T12:29:24.006807+05:30,2026-09-06_1229IST,airline_direct,IndiGo
MAA,DEL,6E,IndiGo,6E 6815,2026-10-21,45,economy,,,9857.0,False,08:55,ok,2026-09-06T12:29:24.006807+05:30,2026-09-06_1229IST,airline_direct,IndiGo
MAA,DEL,6E,IndiGo,6E 6892,2026-10-21,45,business,,,29704.0,False,10:55,ok,2026-09-06T12:29:24.006807+05:30,2026-09-06_1229IST,airline_direct,IndiGo
MAA,DEL,6E,IndiGo,6E 6892,2026-10-21,45,economy,,,9857.0,False,10:55,ok,2026-09-06T12:29:24.006807+05:30,2026-09-06_1229IST,airline_direct,IndiGo
MAA,DEL,6E,IndiGo,6E 6892,2026-10-21,45,business,,,29704.0,False,10:55,ok,2026-09-06T12:29:24.006807+05:30,2026-09-06_1229IST,airline_direct,IndiGo
MAA,DEL,6E,IndiGo,6E 6892,2026-10-21,45,economy,,,9857.0,False,10:55,ok,2026-09-06T12:29:24.006807+05:30,2026-09-06_1229IST,airline_direct,IndiGo
MAA,DEL,6E,IndiGo,6E 6209,2026-10-21,45,business,,,30424.0,False,14:35,ok,2026-09-06T12:29:24.006807+05:30,2026-09-06_1229IST,airline_direct,IndiGo
MAA,DEL,6E,IndiGo,6E 6209,2026-10-21,45,economy,,,9857.0,False,14:35,ok,2026-09-06T12:29:24.006807+05:30,2026-09-06_1229IST,airline_direct,IndiGo
MAA,DEL,6E,IndiGo,6E 6209,2026-10-21,45,business,,,30424.0,False,14:35,ok,2026-09-06T12:29:24.006807+05:30,2026-09-06_1229IST,airline_direct,IndiGo
MAA,DEL,6E,IndiGo,6E 6209,2026-10-21,45,economy,,,9857.0,False,14:35,ok,2026-09-06T12:29:24.006807+05:30,2026-09-06_1229IST,airline_direct,IndiGo
MAA,DEL,6E,IndiGo,6E 847,2026-10-21,45,business,,,30837.0,False,16:15,ok,2026-09-06T12:29:24.006807+05:30,2026-09-06_1229IST,airline_direct,IndiGo
MAA,DEL,6E,IndiGo,6E 847,2026-10-21,45,economy,,,9857.0,False,16:15,ok,2026-09-06T12:29:24.006807+05:30,2026-09-06_1229IST,airline_direct,IndiGo
MAA,DEL,6E,IndiGo,6E 6812,2026-10-21,45,economy,,,9857.0,False,20:00,ok,2026-09-06T12:29:24.006807+05:30,2026-09-06_1229IST,airline_direct,IndiGo
MAA,DEL,6E,IndiGo,6E 6140,2026-10-21,45,business,,,39679.0,False,02:30,ok,2026-09-06T12:29:24.006807+05:30,2026-09-06_1229IST,airline_direct,IndiGo
MAA,DEL,6E,IndiGo,6E 6140,2026-10-21,45,economy,,,9988.0,False,02:30,ok,2026-09-06T12:29:24.006807+05:30,2026-09-06_1229IST,airline_direct,IndiGo
MAA,DEL,6E,IndiGo,6E 6140,2026-10-21,45,business,,,39679.0,False,02:30,ok,2026-09-06T12:29:24.006807+05:30,2026-09-06_1229IST,airline_direct,IndiGo
MAA,DEL,6E,IndiGo,6E 6140,2026-10-21,45,economy,,,9988.0,False,02:30,ok,2026-09-06T12:29:24.006807+05:30,2026-09-06_1229IST,airline_direct,IndiGo
MAA,DEL,6E,IndiGo,6E 5093,2026-10-21,45,business,,,45110.0,False,05:00,ok,2026-09-06T12:29:24.006807+05:30,2026-09-06_1229IST,airline_direct,IndiGo
MAA,DEL,6E,IndiGo,6E 5093,2026-10-21,45,economy,,,9988.0,False,05:00,ok,2026-09-06T12:29:24.006807+05:30,2026-09-06_1229IST,airline_direct,IndiGo
MAA,DEL,6E,IndiGo,6E 6348,2026-10-21,45,business,,,35375.0,False,09:00,ok,2026-09-06T12:29:24.006807+05:30,2026-09-06_1229IST,airline_direct,IndiGo
MAA,DEL,6E,IndiGo,6E 6348,2026-10-21,45,economy,,,9988.0,False,09:00,ok,2026-09-06T12:29:24.006807+05:30,2026-09-06_1229IST,airline_direct,IndiGo
MAA,DEL,6E,IndiGo,6E 6348,2026-10-21,45,business,,,35375.0,False,09:00,ok,2026-09-06T12:29:24.006807+05:30,2026-09-06_1229IST,airline_direct,IndiGo
MAA,DEL,6E,IndiGo,6E 6348,2026-10-21,45,economy,,,9988.0,False,09:00,ok,2026-09-06T12:29:24.006807+05:30,2026-09-06_1229IST,airline_direct,IndiGo
MAA,DEL,6E,IndiGo,6E 6079,2026-10-21,45,economy,,,9988.0,False,10:15,ok,2026-09-06T12:29:24.006807+05:30,2026-09-06_1229IST,airline_direct,IndiGo
MAA,DEL,6E,IndiGo,6E 5214,2026-10-21,45,business,,,35375.0,False,11:00,ok,2026-09-06T12:29:24.006807+05:30,2026-09-06_1229IST,airline_direct,IndiGo
MAA,DEL,6E,IndiGo,6E 5214,2026-10-21,45,economy,,,9988.0,False,11:00,ok,2026-09-06T12:29:24.006807+05:30,2026-09-06_1229IST,airline_direct,IndiGo
MAA,DEL,6E,IndiGo,6E 5258,2026-10-21,45,business,,,35375.0,False,12:45,ok,2026-09-06T12:29:24.006807+05:30,2026-09-06_1229IST,airline_direct,IndiGo
MAA,DEL,6E,IndiGo,6E 5258,2026-10-21,45,economy,,,9988.0,False,12:45,ok,2026-09-06T12:29:24.006807+05:30,2026-09-06_1229IST,airline_direct,IndiGo
MAA,DEL,6E,IndiGo,6E 5371,2026-10-21,45,business,,,35375.0,False,14:45,ok,2026-09-06T12:29:24.006807+05:30,2026-09-06_1229IST,airline_direct,IndiGo
MAA,DEL,6E,IndiGo,6E 5371,2026-10-21,45,economy,,,9988.0,False,14:45,ok,2026-09-06T12:29:24.006807+05:30,2026-09-06_1229IST,airline_direct,IndiGo
MAA,DEL,6E,IndiGo,6E 6113,2026-10-21,45,economy,,,9988.0,False,17:00,ok,2026-09-06T12:29:24.006807+05:30,2026-09-06_1229IST,airline_direct,IndiGo
MAA,DEL,6E,IndiGo,6E 588,2026-10-21,45,business,,,36953.0,False,17:40,ok,2026-09-06T12:29:24.006807+05:30,2026-09-06_1229IST,airline_direct,IndiGo
MAA,DEL,6E,IndiGo,6E 588,2026-10-21,45,economy,,,9988.0,False,17:40,ok,2026-09-06T12:29:24.006807+05:30,2026-09-06_1229IST,airline_direct,IndiGo
MAA,DEL,6E,IndiGo,6E 5367,2026-10-21,45,business,,,35375.0,False,18:15,ok,2026-09-06T12:29:24.006807+05:30,2026-09-06_1229IST,airline_direct,IndiGo
MAA,DEL,6E,IndiGo,6E 5367,2026-10-21,45,economy,,,9988.0,False,18:15,ok,2026-09-06T12:29:24.006807+05:30,2026-09-06_1229IST,airline_direct,IndiGo
MAA,DEL,6E,IndiGo,6E 6225,2026-10-21,45,business,,,35375.0,False,22:30,ok,2026-09-06T12:29:24.006807+05:30,2026-09-06_1229IST,airline_direct,IndiGo
MAA,DEL,6E,IndiGo,6E 6225,2026-10-21,45,economy,,,9988.0,False,22:30,ok,2026-09-06T12:29:24.006807+05:30,2026-09-06_1229IST,airline_direct,IndiGo
MAA,DEL,6E,IndiGo,6E 189,2026-10-21,45,business,,,30424.0,False,19:05,ok,2026-09-06T12:29:24.006807+05:30,2026-09-06_1229IST,airline_direct,IndiGo
MAA,DEL,6E,IndiGo,6E 189,2026-10-21,45,economy,,,10614.0,False,19:05,ok,2026-09-06T12:29:24.006807+05:30,2026-09-06_1229IST,airline_direct,IndiGo
MAA,DEL,6E,IndiGo,6E 597,2026-10-21,45,economy,,,10903.0,False,17:45,ok,2026-09-06T12:29:24.006807+05:30,2026-09-06_1229IST,airline_direct,IndiGo
MAA,DEL,6E,IndiGo,6E 401,2026-10-21,45,economy,,,11366.0,False,08:10,ok,2026-09-06T12:29:24.006807+05:30,2026-09-06_1229IST,airline_direct,IndiGo
MAA,DEL,6E,IndiGo,6E 539,2026-10-21,45,economy,,,14373.0,False,11:25,ok,2026-09-06T12:29:24.006807+05:30,2026-09-06_1229IST,airline_direct,IndiGo
MAA,DEL,6E,IndiGo,6E 321,2026-10-21,45,business,,,30568.0,False,08:20,ok,2026-09-06T12:29:24.006807+05:30,2026-09-06_1229IST,airline_direct,IndiGo
MAA,DEL,6E,IndiGo,6E 321,2026-10-21,45,economy,,,20131.0,False,08:20,ok,2026-09-06T12:29:24.006807+05:30,2026-09-06_1229IST,airline_direct,IndiGo
MAA,DEL,6E,IndiGo,6E 264,2026-10-21,45,business,,,31512.0,False,23:20,ok,2026-09-06T12:29:24.006807+05:30,2026-09-06_1229IST,airline_direct,IndiGo
MAA,DEL,6E,IndiGo,6E 264,2026-10-21,45,economy,,,20971.0,False,23:20,ok,2026-09-06T12:29:24.006807+05:30,2026-09-06_1229IST,airline_direct,IndiGo
MAA,DEL,6E,IndiGo,6E 606,2026-10-21,45,business,,,32928.0,False,18:05,ok,2026-09-06T12:29:24.006807+05:30,2026-09-06_1229IST,airline_direct,IndiGo
MAA,DEL,6E,IndiGo,6E 606,2026-10-21,45,economy,,,22231.0,False,18:05,ok,2026-09-06T12:29:24.006807+05:30,2026-09-06_1229IST,airline_direct,IndiGo
MAA,DEL,6E,IndiGo,6E 986,2026-10-21,45,business,,,33636.0,False,15:05,ok,2026-09-06T12:29:24.006807+05:30,2026-09-06_1229IST,airline_direct,IndiGo
MAA,DEL,6E,IndiGo,6E 986,2026-10-21,45,economy,,,22861.0,False,15:05,ok,2026-09-06T12:29:24.006807+05:30,2026-09-06_1229IST,airline_direct,IndiGo
