origin,destination,carrier_code,carrier_name,flight_num,travel_date,advance_purchase_days,fare_class,base_fare,taxes_and_fees,total_fare,fare_split_estimated,departure_time,status,scraped_at,capture_run,source,source_name
DEL,BOM,6E,IndiGo,6E 449,2026-09-10,1,business,,,24260.0,False,05:00,ok,2026-09-09T01:40:35.813523+05:30,2026-09-09_0140IST,airline_direct,IndiGo
DEL,BOM,6E,IndiGo,6E 449,2026-09-10,1,economy,,,6305.0,False,05:00,ok,2026-09-09T01:40:35.813523+05:30,2026-09-09_0140IST,airline_direct,IndiGo
DEL,BOM,6E,IndiGo,6E 6022,2026-09-10,1,business,,,24260.0,False,14:00,ok,2026-09-09T01:40:35.813523+05:30,2026-09-09_0140IST,airline_direct,IndiGo
DEL,BOM,6E,IndiGo,6E 6022,2026-09-10,1,economy,,,6305.0,False,14:00,ok,2026-09-09T01:40:35.813523+05:30,2026-09-09_0140IST,airline_direct,IndiGo
DEL,BOM,6E,IndiGo,6E 6318,2026-09-10,1,business,,,28443.0,False,14:45,ok,2026-09-09T01:40:35.813523+05:30,2026-09-09_0140IST,airline_direct,IndiGo
DEL,BOM,6E,IndiGo,6E 6318,2026-09-10,1,economy,,,6305.0,False,14:45,ok,2026-09-09T01:40:35.813523+05:30,2026-09-09_0140IST,airline_direct,IndiGo
DEL,BOM,6E,IndiGo,6E 864,2026-09-10,1,business,,,24260.0,False,15:30,ok,2026-09-09T01:40:35.813523+05:30,2026-09-09_0140IST,airline_direct,IndiGo
DEL,BOM,6E,IndiGo,6E 864,2026-09-10,1,economy,,,6305.0,False,15:30,ok,2026-09-09T01:40:35.813523+05:30,2026-09-09_0140IST,airline_direct,IndiGo
DEL,BOM,6E,IndiGo,6E 327,2026-09-10,1,business,,,28443.0,False,16:15,ok,2026-09-09T01:40:35.813523+05:30,2026-09-09_0140IST,airline_direct,IndiGo
DEL,BOM,6E,IndiGo,6E 327,2026-09-10,1,economy,,,6305.0,False,16:15,ok,2026-09-09T01:40:35.813523+05:30,2026-09-09_0140IST,airline_direct,IndiGo
DEL,BOM,6E,IndiGo,6E 6114,2026-09-10,1,business,,,24260.0,False,22:45,ok,2026-09-09T01:40:35.813523+05:30,2026-09-09_0140IST,airline_direct,IndiGo
DEL,BOM,6E,IndiGo,6E 6114,2026-09-10,1,economy,,,6305.0,False,22:45,ok,2026-09-09T01:40:35.813523+05:30,2026-09-09_0140IST,airline_direct,IndiGo
DEL,BOM,6E,IndiGo,6E 322,2026-09-10,1,business,,,24260.0,False,23:30,ok,2026-09-09T01:40:35.813523+05:30,2026-09-09_0140IST,airline_direct,IndiGo
DEL,BOM,6E,IndiGo,6E 322,2026-09-10,1,economy,,,6305.0,False,23:30,ok,2026-09-09T01:40:35.813523+05:30,2026-09-09_0140IST,airline_direct,IndiGo
DEL,BOM,6E,IndiGo,6E 6218,2026-09-10,1,business,,,24260.0,False,06:05,ok,2026-09-09T01:40:35.813523+05:30,2026-09-09_0140IST,airline_direct,IndiGo
DEL,BOM,6E,IndiGo,6E 6218,2026-09-10,1,economy,,,6357.0,False,06:05,ok,2026-09-09T01:40:35.813523+05:30,2026-09-09_0140IST,airline_direct,IndiGo
DEL,BOM,6E,IndiGo,6E 6107,2026-09-10,1,business,,,28443.0,False,09:30,ok,2026-09-09T01:40:35.813523+05:30,2026-09-09_0140IST,airline_direct,IndiGo
DEL,BOM,6E,IndiGo,6E 6107,2026-09-10,1,economy,,,6357.0,False,09:30,ok,2026-09-09T01:40:35.813523+05:30,2026-09-09_0140IST,airline_direct,IndiGo
DEL,BOM,6E,IndiGo,6E 6328,2026-09-10,1,business,,,24260.0,False,10:15,ok,2026-09-09T01:40:35.813523+05:30,2026-09-09_0140IST,airline_direct,IndiGo
DEL,BOM,6E,IndiGo,6E 6328,2026-09-10,1,economy,,,6357.0,False,10:15,ok,2026-09-09T01:40:35.813523+05:30,2026-09-09_0140IST,airline_direct,IndiGo
DEL,BOM,6E,IndiGo,6E 6047,2026-09-10,1,business,,,24260.0,False,11:00,ok,2026-09-09T01:40:35.813523+05:30,2026-09-09_0140IST,airline_direct,IndiGo
DEL,BOM,6E,IndiGo,6E 6047,2026-09-10,1,economy,,,6357.0,False,11:00,ok,2026-09-09T01:40:35.813523+05:30,2026-09-09_0140IST,airline_direct,IndiGo
DEL,BOM,6E,IndiGo,6E 6676,2026-09-10,1,business,,,24260.0,False,12:00,ok,2026-09-09T01:40:35.813523+05:30,2026-09-09_0140IST,airline_direct,IndiGo
DEL,BOM,6E,IndiGo,6E 6676,2026-09-10,1,economy,,,6357.0,False,12:00,ok,2026-09-09T01:40:35.813523+05:30,2026-09-09_0140IST,airline_direct,IndiGo
DEL,BOM,6E,IndiGo,6E 324,2026-09-10,1,business,,,24260.0,False,13:00,ok,2026-09-09T01:40:35.813523+05:30,2026-09-09_0140IST,airline_direct,IndiGo
DEL,BOM,6E,IndiGo,6E 324,2026-09-10,1,economy,,,6357.0,False,13:00,ok,2026-09-09T01:40:35.813523+05:30,2026-09-09_0140IST,airline_direct,IndiGo
DEL,BOM,6E,IndiGo,6E 6706,2026-09-10,1,business,,,24260.0,False,17:00,ok,2026-09-09T01:40:35.813523+05:30,2026-09-09_0140IST,airline_direct,IndiGo
DEL,BOM,6E,IndiGo,6E 6706,2026-09-10,1,economy,,,6357.0,False,17:00,ok,2026-09-09T01:40:35.813523+05:30,2026-09-09_0140IST,airline_direct,IndiGo
DEL,BOM,6E,IndiGo,6E 395,2026-09-10,1,business,,,24260.0,False,21:45,ok,2026-09-09T01:40:35.813523+05:30,2026-09-09_0140IST,airline_direct,IndiGo
DEL,BOM,6E,IndiGo,6E 395,2026-09-10,1,economy,,,6357.0,False,21:45,ok,2026-09-09T01:40:35.813523+05:30,2026-09-09_0140IST,airline_direct,IndiGo
DEL,BOM,6E,IndiGo,6E 675,2026-09-10,1,business,,,28443.0,False,08:45,ok,2026-09-09T01:40:35.813523+05:30,2026-09-09_0140IST,airline_direct,IndiGo
DEL,BOM,6E,IndiGo,6E 675,2026-09-10,1,economy,,,6431.0,False,08:45,ok,2026-09-09T01:40:35.813523+05:30,2026-09-09_0140IST,airline_direct,IndiGo
DEL,BOM,6E,IndiGo,6E 6814,2026-09-10,1,business,,,28443.0,False,07:15,ok,2026-09-09T01:40:35.813523+05:30,2026-09-09_0140IST,airline_direct,IndiGo
DEL,BOM,6E,IndiGo,6E 6814,2026-09-10,1,economy,,,6688.0,False,07:15,ok,2026-09-09T01:40:35.813523+05:30,2026-09-09_0140IST,airline_direct,IndiGo
DEL,BOM,6E,IndiGo,6E 320,2026-09-10,1,business,,,24260.0,False,08:00,ok,2026-09-09T01:40:35.813523+05:30,2026-09-09_0140IST,airline_direct,IndiGo
DEL,BOM,6E,IndiGo,6E 320,2026-09-10,1,economy,,,6688.0,False,08:00,ok,2026-09-09T01:40:35.813523+05:30,2026-09-09_0140IST,airline_direct,IndiGo
DEL,BOM,6E,IndiGo,6E 853,2026-09-10,1,business,,,33500.0,False,20:45,ok,2026-09-09T01:40:35.813523+05:30,2026-09-09_0140IST,airline_direct,IndiGo
DEL,BOM,6E,IndiGo,6E 853,2026-09-10,1,economy,,,16715.0,False,20:45,ok,2026-09-09T01:40:35.813523+05:30,2026-09-09_0140IST,airline_direct,IndiGo
DEL,BOM,6E,IndiGo,6E 329,2026-09-10,1,business,,,28443.0,False,18:00,ok,2026-09-09T01:40:35.813523+05:30,2026-09-09_0140IST,airline_direct,IndiGo
DEL,BOM,6E,IndiGo,6E 329,2026-09-10,1,economy,,,19130.0,False,18:00,ok,2026-09-09T01:40:35.813523+05:30,2026-09-09_0140IST,airline_direct,IndiGo
DEL,BOM,6E,IndiGo,6E 303,2026-09-10,1,business,,,33500.0,False,20:00,ok,2026-09-09T01:40:35.813523+05:30,2026-09-09_0140IST,airline_direct,IndiGo
DEL,BOM,6E,IndiGo,6E 303,2026-09-10,1,economy,,,19130.0,False,20:00,ok,2026-09-09T01:40:35.813523+05:30,2026-09-09_0140IST,airline_direct,IndiGo
DEL,BOM,6E,IndiGo,6E 354,2026-09-10,1,business,,,33500.0,False,19:00,ok,2026-09-09T01:40:35.813523+05:30,2026-09-09_0140IST,airline_direct,IndiGo
DEL,BOM,6E,IndiGo,6E 354,2026-09-10,1,economy,,,22280.0,False,19:00,ok,2026-09-09T01:40:35.813523+05:30,2026-09-09_0140IST,airline_direct,IndiGo
DEL,BOM,6E,IndiGo,6E 6018,2026-09-10,1,economy,,,6222.0,False,04:40,ok,2026-09-09T01:40:35.813523+05:30,2026-09-09_0140IST,airline_direct,IndiGo
DEL,BOM,6E,IndiGo,6E 6459,2026-09-10,1,economy,,,6222.0,False,05:55,ok,2026-09-09T01:40:35.813523+05:30,2026-09-09_0140IST,airline_direct,IndiGo
DEL,BOM,6E,IndiGo,6E 6829,2026-09-10,1,economy,,,6222.0,False,17:20,ok,2026-09-09T01:40:35.813523+05:30,2026-09-09_0140IST,airline_direct,IndiGo
DEL,BOM,6E,IndiGo,6E 5138,2026-09-10,1,economy,,,6222.0,False,19:10,ok,2026-09-09T01:40:35.813523+05:30,2026-09-09_0140IST,airline_direct,IndiGo
DEL,BOM,6E,IndiGo,6E 6050,2026-09-10,1,economy,,,6300.0,False,08:15,ok,2026-09-09T01:40:35.813523+05:30,2026-09-09_0140IST,airline_direct,IndiGo
DEL,BOM,6E,IndiGo,6E 5298,2026-09-10,1,economy,,,6300.0,False,09:00,ok,2026-09-09T01:40:35.813523+05:30,2026-09-09_0140IST,airline_direct,IndiGo
DEL,BOM,6E,IndiGo,6E 5206,2026-09-10,1,economy,,,6300.0,False,13:20,ok,2026-09-09T01:40:35.813523+05:30,2026-09-09_0140IST,airline_direct,IndiGo
DEL,BOM,6E,IndiGo,6E 704,2026-09-10,1,business,,,36166.0,False,02:25,ok,2026-09-09T01:40:35.813523+05:30,2026-09-09_0140IST,airline_direct,IndiGo
DEL,BOM,6E,IndiGo,6E 704,2026-09-10,1,economy,,,6432.0,False,02:25,ok,2026-09-09T01:40:35.813523+05:30,2026-09-09_0140IST,airline_direct,IndiGo
DEL,BOM,6E,IndiGo,6E 6497,2026-09-10,1,economy,,,6432.0,False,18:40,ok,2026-09-09T01:40:35.813523+05:30,2026-09-09_0140IST,airline_direct,IndiGo
DEL,BOM,6E,IndiGo,6E 882,2026-09-10,1,business,,,29592.0,False,23:15,ok,2026-09-09T01:40:35.813523+05:30,2026-09-09_0140IST,airline_direct,IndiGo
DEL,BOM,6E,IndiGo,6E 882,2026-09-10,1,economy,,,6432.0,False,23:15,ok,2026-09-09T01:40:35.813523+05:30,2026-09-09_0140IST,airline_direct,IndiGo
DEL,BOM,6E,IndiGo,6E 2298,2026-09-10,1,economy,,,6562.0,False,09:45,ok,2026-09-09T01:40:35.813523+05:30,2026-09-09_0140IST,airline_direct,IndiGo
DEL,BOM,6E,IndiGo,6E 2169,2026-09-10,1,economy,,,6693.0,False,19:40,ok,2026-09-09T01:40:35.813523+05:30,2026-09-09_0140IST,airline_direct,IndiGo
DEL,BOM,6E,IndiGo,6E 2496,2026-09-10,1,economy,,,6747.0,False,12:40,ok,2026-09-09T01:40:35.813523+05:30,2026-09-09_0140IST,airline_direct,IndiGo
DEL,BOM,6E,IndiGo,6E 6479,2026-09-10,1,economy,,,6772.0,False,21:25,ok,2026-09-09T01:40:35.813523+05:30,2026-09-09_0140IST,airline_direct,IndiGo
DEL,BOM,6E,IndiGo,6E 6443,2026-09-10,1,economy,,,7212.0,False,09:00,ok,2026-09-09T01:40:35.813523+05:30,2026-09-09_0140IST,airline_direct,IndiGo
DEL,BOM,6E,IndiGo,6E 6433,2026-09-10,1,economy,,,7212.0,False,16:30,ok,2026-09-09T01:40:35.813523+05:30,2026-09-09_0140IST,airline_direct,IndiGo
DEL,BOM,6E,IndiGo,6E 2249,2026-09-10,1,economy,,,7781.0,False,15:00,ok,2026-09-09T01:40:35.813523+05:30,2026-09-09_0140IST,airline_direct,IndiGo
DEL,BOM,6E,IndiGo,6E 5038,2026-09-10,1,economy,,,7860.0,False,14:00,ok,2026-09-09T01:40:35.813523+05:30,2026-09-09_0140IST,airline_direct,IndiGo
DEL,BOM,6E,IndiGo,6E 5033,2026-09-10,1,economy,,,8964.0,False,15:50,ok,2026-09-09T01:40:35.813523+05:30,2026-09-09_0140IST,airline_direct,IndiGo
DEL,BOM,6E,IndiGo,6E 2013,2026-09-10,1,economy,,,8964.0,False,21:50,ok,2026-09-09T01:40:35.813523+05:30,2026-09-09_0140IST,airline_direct,IndiGo
DEL,BOM,6E,IndiGo,6E 704,2026-09-10,1,business,,,36166.0,False,02:25,ok,2026-09-09T01:40:35.813523+05:30,2026-09-09_0140IST,airline_direct,IndiGo
DEL,BOM,6E,IndiGo,6E 704,2026-09-10,1,economy,,,9305.0,False,02:25,ok,2026-09-09T01:40:35.813523+05:30,2026-09-09_0140IST,airline_direct,IndiGo
DEL,BOM,6E,IndiGo,6E 2349,2026-09-10,1,economy,,,9314.0,False,10:55,ok,2026-09-09T01:40:35.813523+05:30,2026-09-09_0140IST,airline_direct,IndiGo
DEL,BOM,6E,IndiGo,6E 357,2026-09-10,1,economy,,,9384.0,False,19:30,ok,2026-09-09T01:40:35.813523+05:30,2026-09-09_0140IST,airline_direct,IndiGo
DEL,BOM,6E,IndiGo,6E 2151,2026-09-10,1,economy,,,9402.0,False,19:45,ok,2026-09-09T01:40:35.813523+05:30,2026-09-09_0140IST,airline_direct,IndiGo
DEL,BOM,6E,IndiGo,6E 758,2026-09-10,1,economy,,,9931.0,False,16:10,ok,2026-09-09T01:40:35.813523+05:30,2026-09-09_0140IST,airline_direct,IndiGo
DEL,BOM,6E,IndiGo,6E 358,2026-09-10,1,economy,,,10974.0,False,12:15,ok,2026-09-09T01:40:35.813523+05:30,2026-09-09_0140IST,airline_direct,IndiGo
DEL,BOM,6E,IndiGo,6E 6282,2026-09-10,1,business,,,38630.0,False,13:30,ok,2026-09-09T01:40:35.813523+05:30,2026-09-09_0140IST,airline_direct,IndiGo
DEL,BOM,6E,IndiGo,6E 6282,2026-09-10,1,economy,,,11810.0,False,13:30,ok,2026-09-09T01:40:35.813523+05:30,2026-09-09_0140IST,airline_direct,IndiGo
DEL,BOM,6E,IndiGo,6E 2381,2026-09-10,1,economy,,,11810.0,False,13:45,ok,2026-09-09T01:40:35.813523+05:30,2026-09-09_0140IST,airline_direct,IndiGo
DEL,BOM,6E,IndiGo,6E 6829,2026-09-10,1,economy,,,13080.0,False,17:20,ok,2026-09-09T01:40:35.813523+05:30,2026-09-09_0140IST,airline_direct,IndiGo
DEL,BOM,6E,IndiGo,6E 6293,2026-09-10,1,business,,,36166.0,False,09:55,ok,2026-09-09T01:40:35.813523+05:30,2026-09-09_0140IST,airline_direct,IndiGo
DEL,BOM,6E,IndiGo,6E 6293,2026-09-10,1,economy,,,17710.0,False,09:55,ok,2026-09-09T01:40:35.813523+05:30,2026-09-09_0140IST,airline_direct,IndiGo
DEL,BOM,6E,IndiGo,6E 6488,2026-09-10,1,economy,,,17729.0,False,11:20,ok,2026-09-09T01:40:35.813523+05:30,2026-09-09_0140IST,airline_direct,IndiGo
DEL,BOM,6E,IndiGo,6E 6261,2026-09-10,1,economy,,,17781.0,False,00:15,ok,2026-09-09T01:40:35.813523+05:30,2026-09-09_0140IST,airline_direct,IndiGo
DEL,BOM,6E,IndiGo,6E 5014,2026-09-10,1,economy,,,18131.0,False,18:30,ok,2026-09-09T01:40:35.813523+05:30,2026-09-09_0140IST,airline_direct,IndiGo
DEL,BOM,6E,IndiGo,6E 2331,2026-09-10,1,economy,,,20986.0,False,12:20,ok,2026-09-09T01:40:35.813523+05:30,2026-09-09_0140IST,airline_direct,IndiGo
DEL,BOM,6E,IndiGo,6E 5073,2026-09-10,1,economy,,,20986.0,False,17:05,ok,2026-09-09T01:40:35.813523+05:30,2026-09-09_0140IST,airline_direct,IndiGo
DEL,BOM,6E,IndiGo,6E 705,2026-09-10,1,business,,,36166.0,False,08:30,ok,2026-09-09T01:40:35.813523+05:30,2026-09-09_0140IST,airline_direct,IndiGo
DEL,BOM,6E,IndiGo,6E 705,2026-09-10,1,economy,,,21430.0,False,08:30,ok,2026-09-09T01:40:35.813523+05:30,2026-09-09_0140IST,airline_direct,IndiGo
DEL,BOM,6E,IndiGo,6E 931,2026-09-10,1,economy,,,22136.0,False,19:35,ok,2026-09-09T01:40:35.813523+05:30,2026-09-09_0140IST,airline_direct,IndiGo
DEL,BOM,6E,IndiGo,6E 5119,2026-09-10,1,economy,,,23081.0,False,05:10,ok,2026-09-09T01:40:35.813523+05:30,2026-09-09_0140IST,airline_direct,IndiGo
DEL,BOM,6E,IndiGo,6E 717,2026-09-10,1,business,,,36166.0,False,17:55,ok,2026-09-09T01:40:35.813523+05:30,2026-09-09_0140IST,airline_direct,IndiGo
DEL,BOM,6E,IndiGo,6E 717,2026-09-10,1,economy,,,23702.0,False,17:55,ok,2026-09-09T01:40:35.813523+05:30,2026-09-09_0140IST,airline_direct,IndiGo
DEL,BOM,6E,IndiGo,6E 5119,2026-09-10,1,economy,,,23867.0,False,05:10,ok,2026-09-09T01:40:35.813523+05:30,2026-09-09_0140IST,airline_direct,IndiGo
DEL,BOM,6E,IndiGo,6E 6601,2026-09-10,1,business,,,36166.0,False,19:45,ok,2026-09-09T01:40:35.813523+05:30,2026-09-09_0140IST,airline_direct,IndiGo
DEL,BOM,6E,IndiGo,6E 6601,2026-09-10,1,economy,,,24535.0,False,19:45,ok,2026-09-09T01:40:35.813523+05:30,2026-09-09_0140IST,airline_direct,IndiGo
DEL,BOM,6E,IndiGo,6E 2341,2026-09-10,1,economy,,,25528.0,False,14:50,ok,2026-09-09T01:40:35.813523+05:30,2026-09-09_0140IST,airline_direct,IndiGo
DEL,BOM,6E,IndiGo,6E 5073,2026-09-10,1,economy,,,25528.0,False,17:05,ok,2026-09-09T01:40:35.813523+05:30,2026-09-09_0140IST,airline_direct,IndiGo
DEL,BOM,6E,IndiGo,6E 2076,2026-09-10,1,economy,,,31745.0,False,07:30,ok,2026-09-09T01:40:35.813523+05:30,2026-09-09_0140IST,airline_direct,IndiGo
DEL,BOM,6E,IndiGo,6E 6282,2026-09-10,1,business,,,40956.0,False,13:30,ok,2026-09-09T01:40:35.813523+05:30,2026-09-09_0140IST,airline_direct,IndiGo
DEL,BLR,6E,IndiGo,6E 2314,2026-09-10,1,business,,,29942.0,False,05:45,ok,2026-09-09T01:41:46.979714+05:30,2026-09-09_0141IST,airline_direct,IndiGo
DEL,BLR,6E,IndiGo,6E 2314,2026-09-10,1,economy,,,8671.0,False,05:45,ok,2026-09-09T01:41:46.979714+05:30,2026-09-09_0141IST,airline_direct,IndiGo
DEL,BLR,6E,IndiGo,6E 176,2026-09-10,1,business,,,29942.0,False,13:15,ok,2026-09-09T01:41:46.979714+05:30,2026-09-09_0141IST,airline_direct,IndiGo
DEL,BLR,6E,IndiGo,6E 176,2026-09-10,1,economy,,,8671.0,False,13:15,ok,2026-09-09T01:41:46.979714+05:30,2026-09-09_0141IST,airline_direct,IndiGo
DEL,BLR,6E,IndiGo,6E 846,2026-09-10,1,business,,,29942.0,False,22:00,ok,2026-09-09T01:41:46.979714+05:30,2026-09-09_0141IST,airline_direct,IndiGo
DEL,BLR,6E,IndiGo,6E 846,2026-09-10,1,economy,,,8671.0,False,22:00,ok,2026-09-09T01:41:46.979714+05:30,2026-09-09_0141IST,airline_direct,IndiGo
DEL,BLR,6E,IndiGo,6E 871,2026-09-10,1,business,,,29942.0,False,23:30,ok,2026-09-09T01:41:46.979714+05:30,2026-09-09_0141IST,airline_direct,IndiGo
DEL,BLR,6E,IndiGo,6E 871,2026-09-10,1,economy,,,8671.0,False,23:30,ok,2026-09-09T01:41:46.979714+05:30,2026-09-09_0141IST,airline_direct,IndiGo
DEL,BLR,6E,IndiGo,6E 873,2026-09-10,1,business,,,29942.0,False,08:20,ok,2026-09-09T01:41:46.979714+05:30,2026-09-09_0141IST,airline_direct,IndiGo
DEL,BLR,6E,IndiGo,6E 873,2026-09-10,1,economy,,,9128.0,False,08:20,ok,2026-09-09T01:41:46.979714+05:30,2026-09-09_0141IST,airline_direct,IndiGo
DEL,BLR,6E,IndiGo,6E 826,2026-09-10,1,business,,,29942.0,False,09:30,ok,2026-09-09T01:41:46.979714+05:30,2026-09-09_0141IST,airline_direct,IndiGo
DEL,BLR,6E,IndiGo,6E 826,2026-09-10,1,economy,,,9128.0,False,09:30,ok,2026-09-09T01:41:46.979714+05:30,2026-09-09_0141IST,airline_direct,IndiGo
DEL,BLR,6E,IndiGo,6E 842,2026-09-10,1,business,,,29942.0,False,10:45,ok,2026-09-09T01:41:46.979714+05:30,2026-09-09_0141IST,airline_direct,IndiGo
DEL,BLR,6E,IndiGo,6E 842,2026-09-10,1,economy,,,9128.0,False,10:45,ok,2026-09-09T01:41:46.979714+05:30,2026-09-09_0141IST,airline_direct,IndiGo
DEL,BLR,6E,IndiGo,6E 850,2026-09-10,1,business,,,29942.0,False,12:20,ok,2026-09-09T01:41:46.979714+05:30,2026-09-09_0141IST,airline_direct,IndiGo
DEL,BLR,6E,IndiGo,6E 850,2026-09-10,1,economy,,,9128.0,False,12:20,ok,2026-09-09T01:41:46.979714+05:30,2026-09-09_0141IST,airline_direct,IndiGo
DEL,BLR,6E,IndiGo,6E 828,2026-09-10,1,business,,,29942.0,False,14:30,ok,2026-09-09T01:41:46.979714+05:30,2026-09-09_0141IST,airline_direct,IndiGo
DEL,BLR,6E,IndiGo,6E 828,2026-09-10,1,economy,,,9128.0,False,14:30,ok,2026-09-09T01:41:46.979714+05:30,2026-09-09_0141IST,airline_direct,IndiGo
DEL,BLR,6E,IndiGo,6E 837,2026-09-10,1,business,,,29942.0,False,17:00,ok,2026-09-09T01:41:46.979714+05:30,2026-09-09_0141IST,airline_direct,IndiGo
DEL,BLR,6E,IndiGo,6E 837,2026-09-10,1,economy,,,9128.0,False,17:00,ok,2026-09-09T01:41:46.979714+05:30,2026-09-09_0141IST,airline_direct,IndiGo
DEL,BLR,6E,IndiGo,6E 820,2026-09-10,1,business,,,29942.0,False,03:00,ok,2026-09-09T01:41:46.979714+05:30,2026-09-09_0141IST,airline_direct,IndiGo
DEL,BLR,6E,IndiGo,6E 820,2026-09-10,1,economy,,,9613.0,False,03:00,ok,2026-09-09T01:41:46.979714+05:30,2026-09-09_0141IST,airline_direct,IndiGo
DEL,BLR,6E,IndiGo,6E 810,2026-09-10,1,business,,,29942.0,False,07:05,ok,2026-09-09T01:41:46.979714+05:30,2026-09-09_0141IST,airline_direct,IndiGo
DEL,BLR,6E,IndiGo,6E 810,2026-09-10,1,economy,,,9613.0,False,07:05,ok,2026-09-09T01:41:46.979714+05:30,2026-09-09_0141IST,airline_direct,IndiGo
DEL,BLR,6E,IndiGo,6E 880,2026-09-10,1,business,,,29942.0,False,15:45,ok,2026-09-09T01:41:46.979714+05:30,2026-09-09_0141IST,airline_direct,IndiGo
DEL,BLR,6E,IndiGo,6E 880,2026-09-10,1,economy,,,9613.0,False,15:45,ok,2026-09-09T01:41:46.979714+05:30,2026-09-09_0141IST,airline_direct,IndiGo
DEL,BLR,6E,IndiGo,6E 861,2026-09-10,1,business,,,29942.0,False,19:30,ok,2026-09-09T01:41:46.979714+05:30,2026-09-09_0141IST,airline_direct,IndiGo
DEL,BLR,6E,IndiGo,6E 861,2026-09-10,1,economy,,,10128.0,False,19:30,ok,2026-09-09T01:41:46.979714+05:30,2026-09-09_0141IST,airline_direct,IndiGo
DEL,BLR,6E,IndiGo,6E 811,2026-09-10,1,business,,,29942.0,False,18:20,ok,2026-09-09T01:41:46.979714+05:30,2026-09-09_0141IST,airline_direct,IndiGo
DEL,BLR,6E,IndiGo,6E 811,2026-09-10,1,economy,,,10675.0,False,18:20,ok,2026-09-09T01:41:46.979714+05:30,2026-09-09_0141IST,airline_direct,IndiGo
DEL,BLR,6E,IndiGo,6E 6515,2026-09-10,1,business,,,29942.0,False,20:45,ok,2026-09-09T01:41:46.979714+05:30,2026-09-09_0141IST,airline_direct,IndiGo
DEL,BLR,6E,IndiGo,6E 6515,2026-09-10,1,economy,,,11257.0,False,20:45,ok,2026-09-09T01:41:46.979714+05:30,2026-09-09_0141IST,airline_direct,IndiGo
DEL,BLR,6E,IndiGo,6E 2319,2026-09-10,1,economy,,,8570.0,False,09:55,ok,2026-09-09T01:41:46.979714+05:30,2026-09-09_0141IST,airline_direct,IndiGo
DEL,BLR,6E,IndiGo,6E 6632,2026-09-10,1,economy,,,8570.0,False,17:50,ok,2026-09-09T01:41:46.979714+05:30,2026-09-09_0141IST,airline_direct,IndiGo
DEL,BLR,6E,IndiGo,6E 704,2026-09-10,1,economy,,,9029.0,False,02:25,ok,2026-09-09T01:41:46.979714+05:30,2026-09-09_0141IST,airline_direct,IndiGo
DEL,BLR,6E,IndiGo,6E 2343,2026-09-10,1,economy,,,9161.0,False,02:20,ok,2026-09-09T01:41:46.979714+05:30,2026-09-09_0141IST,airline_direct,IndiGo
DEL,BLR,6E,IndiGo,6E 6459,2026-09-10,1,economy,,,9161.0,False,05:55,ok,2026-09-09T01:41:46.979714+05:30,2026-09-09_0141IST,airline_direct,IndiGo
DEL,BLR,6E,IndiGo,6E 2618,2026-09-10,1,business,,,26816.0,False,23:00,ok,2026-09-09T01:41:46.979714+05:30,2026-09-09_0141IST,airline_direct,IndiGo
DEL,BLR,6E,IndiGo,6E 2618,2026-09-10,1,economy,,,9161.0,False,23:00,ok,2026-09-09T01:41:46.979714+05:30,2026-09-09_0141IST,airline_direct,IndiGo
DEL,BLR,6E,IndiGo,6E 6115,2026-09-10,1,economy,,,9239.0,False,13:10,ok,2026-09-09T01:41:46.979714+05:30,2026-09-09_0141IST,airline_direct,IndiGo
DEL,BLR,6E,IndiGo,6E 6497,2026-09-10,1,economy,,,9371.0,False,18:40,ok,2026-09-09T01:41:46.979714+05:30,2026-09-09_0141IST,airline_direct,IndiGo
DEL,BLR,6E,IndiGo,6E 5191,2026-09-10,1,business,,,39246.0,False,05:00,ok,2026-09-09T01:41:46.979714+05:30,2026-09-09_0141IST,airline_direct,IndiGo
DEL,BLR,6E,IndiGo,6E 5191,2026-09-10,1,economy,,,9581.0,False,05:00,ok,2026-09-09T01:41:46.979714+05:30,2026-09-09_0141IST,airline_direct,IndiGo
DEL,BLR,6E,IndiGo,6E 513,2026-09-10,1,business,,,38656.0,False,08:30,ok,2026-09-09T01:41:46.979714+05:30,2026-09-09_0141IST,airline_direct,IndiGo
DEL,BLR,6E,IndiGo,6E 513,2026-09-10,1,economy,,,9581.0,False,08:30,ok,2026-09-09T01:41:46.979714+05:30,2026-09-09_0141IST,airline_direct,IndiGo
DEL,BLR,6E,IndiGo,6E 884,2026-09-10,1,economy,,,9767.0,False,11:45,ok,2026-09-09T01:41:46.979714+05:30,2026-09-09_0141IST,airline_direct,IndiGo
DEL,BLR,6E,IndiGo,6E 434,2026-09-10,1,economy,,,9977.0,False,11:00,ok,2026-09-09T01:41:46.979714+05:30,2026-09-09_0141IST,airline_direct,IndiGo
DEL,BLR,6E,IndiGo,6E 5038,2026-09-10,1,economy,,,9977.0,False,14:00,ok,2026-09-09T01:41:46.979714+05:30,2026-09-09_0141IST,airline_direct,IndiGo
DEL,BLR,6E,IndiGo,6E 2151,2026-09-10,1,economy,,,10693.0,False,19:45,ok,2026-09-09T01:41:46.979714+05:30,2026-09-09_0141IST,airline_direct,IndiGo
DEL,BLR,6E,IndiGo,6E 2557,2026-09-10,1,economy,,,10707.0,False,15:20,ok,2026-09-09T01:41:46.979714+05:30,2026-09-09_0141IST,airline_direct,IndiGo
DEL,BLR,6E,IndiGo,6E 6673,2026-09-10,1,economy,,,10707.0,False,21:15,ok,2026-09-09T01:41:46.979714+05:30,2026-09-09_0141IST,airline_direct,IndiGo
DEL,BLR,6E,IndiGo,6E 940,2026-09-10,1,economy,,,10786.0,False,09:15,ok,2026-09-09T01:41:46.979714+05:30,2026-09-09_0141IST,airline_direct,IndiGo
DEL,BLR,6E,IndiGo,6E 6047,2026-09-10,1,business,,,40536.0,False,11:00,ok,2026-09-09T01:41:46.979714+05:30,2026-09-09_0141IST,airline_direct,IndiGo
DEL,BLR,6E,IndiGo,6E 6047,2026-09-10,1,economy,,,11549.0,False,11:00,ok,2026-09-09T01:41:46.979714+05:30,2026-09-09_0141IST,airline_direct,IndiGo
DEL,BLR,6E,IndiGo,6E 931,2026-09-10,1,economy,,,11598.0,False,19:35,ok,2026-09-09T01:41:46.979714+05:30,2026-09-09_0141IST,airline_direct,IndiGo
DEL,BLR,6E,IndiGo,6E 320,2026-09-10,1,business,,,40536.0,False,08:00,ok,2026-09-09T01:41:46.979714+05:30,2026-09-09_0141IST,airline_direct,IndiGo
DEL,BLR,6E,IndiGo,6E 320,2026-09-10,1,economy,,,11864.0,False,08:00,ok,2026-09-09T01:41:46.979714+05:30,2026-09-09_0141IST,airline_direct,IndiGo
DEL,BLR,6E,IndiGo,6E 6470,2026-09-10,1,economy,,,12010.0,False,06:55,ok,2026-09-09T01:41:46.979714+05:30,2026-09-09_0141IST,airline_direct,IndiGo
DEL,BLR,6E,IndiGo,6E 6476,2026-09-10,1,economy,,,12027.0,False,07:05,ok,2026-09-09T01:41:46.979714+05:30,2026-09-09_0141IST,airline_direct,IndiGo
DEL,BLR,6E,IndiGo,6E 6091,2026-09-10,1,economy,,,12655.0,False,15:15,ok,2026-09-09T01:41:46.979714+05:30,2026-09-09_0141IST,airline_direct,IndiGo
DEL,BLR,6E,IndiGo,6E 5001,2026-09-10,1,economy,,,12813.0,False,17:10,ok,2026-09-09T01:41:46.979714+05:30,2026-09-09_0141IST,airline_direct,IndiGo
DEL,BLR,6E,IndiGo,6E 6488,2026-09-10,1,economy,,,13652.0,False,11:20,ok,2026-09-09T01:41:46.979714+05:30,2026-09-09_0141IST,airline_direct,IndiGo
DEL,BLR,6E,IndiGo,6E 6022,2026-09-10,1,business,,,40536.0,False,14:00,ok,2026-09-09T01:41:46.979714+05:30,2026-09-09_0141IST,airline_direct,IndiGo
DEL,BLR,6E,IndiGo,6E 6022,2026-09-10,1,economy,,,13652.0,False,14:00,ok,2026-09-09T01:41:46.979714+05:30,2026-09-09_0141IST,airline_direct,IndiGo
DEL,BLR,6E,IndiGo,6E 2277,2026-09-10,1,economy,,,13730.0,False,10:25,ok,2026-09-09T01:41:46.979714+05:30,2026-09-09_0141IST,airline_direct,IndiGo
DEL,BLR,6E,IndiGo,6E 864,2026-09-10,1,business,,,47367.0,False,15:30,ok,2026-09-09T01:41:46.979714+05:30,2026-09-09_0141IST,airline_direct,IndiGo
DEL,BLR,6E,IndiGo,6E 864,2026-09-10,1,economy,,,14834.0,False,15:30,ok,2026-09-09T01:41:46.979714+05:30,2026-09-09_0141IST,airline_direct,IndiGo
DEL,BLR,6E,IndiGo,6E 6829,2026-09-10,1,economy,,,14834.0,False,17:20,ok,2026-09-09T01:41:46.979714+05:30,2026-09-09_0141IST,airline_direct,IndiGo
DEL,BLR,6E,IndiGo,6E 5033,2026-09-10,1,economy,,,14913.0,False,15:50,ok,2026-09-09T01:41:46.979714+05:30,2026-09-09_0141IST,airline_direct,IndiGo
DEL,BLR,6E,IndiGo,6E 6433,2026-09-10,1,economy,,,15438.0,False,16:30,ok,2026-09-09T01:41:46.979714+05:30,2026-09-09_0141IST,airline_direct,IndiGo
DEL,BLR,6E,IndiGo,6E 6282,2026-09-10,1,economy,,,16003.0,False,13:30,ok,2026-09-09T01:41:46.979714+05:30,2026-09-09_0141IST,airline_direct,IndiGo
DEL,BLR,6E,IndiGo,6E 5073,2026-09-10,1,economy,,,16134.0,False,17:05,ok,2026-09-09T01:41:46.979714+05:30,2026-09-09_0141IST,airline_direct,IndiGo
DEL,BLR,6E,IndiGo,6E 947,2026-09-10,1,economy,,,19212.0,False,16:40,ok,2026-09-09T01:41:46.979714+05:30,2026-09-09_0141IST,airline_direct,IndiGo
DEL,BLR,6E,IndiGo,6E 6293,2026-09-10,1,economy,,,20995.0,False,09:55,ok,2026-09-09T01:41:46.979714+05:30,2026-09-09_0141IST,airline_direct,IndiGo
DEL,BLR,6E,IndiGo,6E 758,2026-09-10,1,economy,,,21499.0,False,16:10,ok,2026-09-09T01:41:46.979714+05:30,2026-09-09_0141IST,airline_direct,IndiGo
DEL,BLR,6E,IndiGo,6E 5119,2026-09-10,1,economy,,,21923.0,False,05:10,ok,2026-09-09T01:41:46.979714+05:30,2026-09-09_0141IST,airline_direct,IndiGo
DEL,BLR,6E,IndiGo,6E 6217,2026-09-10,1,economy,,,23491.0,False,16:15,ok,2026-09-09T01:41:46.979714+05:30,2026-09-09_0141IST,airline_direct,IndiGo
DEL,BLR,6E,IndiGo,6E 717,2026-09-10,1,economy,,,23491.0,False,17:55,ok,2026-09-09T01:41:46.979714+05:30,2026-09-09_0141IST,airline_direct,IndiGo
DEL,BLR,6E,IndiGo,6E 6706,2026-09-10,1,business,,,44106.0,False,17:00,ok,2026-09-09T01:41:46.979714+05:30,2026-09-09_0141IST,airline_direct,IndiGo
DEL,BLR,6E,IndiGo,6E 6706,2026-09-10,1,economy,,,24143.0,False,17:00,ok,2026-09-09T01:41:46.979714+05:30,2026-09-09_0141IST,airline_direct,IndiGo
DEL,BLR,6E,IndiGo,6E 950,2026-09-10,1,economy,,,24924.0,False,18:15,ok,2026-09-09T01:41:46.979714+05:30,2026-09-09_0141IST,airline_direct,IndiGo
DEL,BLR,6E,IndiGo,6E 6437,2026-09-10,1,economy,,,26577.0,False,16:25,ok,2026-09-09T01:41:46.979714+05:30,2026-09-09_0141IST,airline_direct,IndiGo
DEL,BLR,6E,IndiGo,6E 853,2026-09-10,1,business,,,47911.0,False,20:45,ok,2026-09-09T01:41:46.979714+05:30,2026-09-09_0141IST,airline_direct,IndiGo
DEL,BLR,6E,IndiGo,6E 853,2026-09-10,1,economy,,,28473.0,False,20:45,ok,2026-09-09T01:41:46.979714+05:30,2026-09-09_0141IST,airline_direct,IndiGo
DEL,BLR,6E,IndiGo,6E 329,2026-09-10,1,business,,,47705.0,False,18:00,ok,2026-09-09T01:41:46.979714+05:30,2026-09-09_0141IST,airline_direct,IndiGo
DEL,BLR,6E,IndiGo,6E 329,2026-09-10,1,economy,,,37315.0,False,18:00,ok,2026-09-09T01:41:46.979714+05:30,2026-09-09_0141IST,airline_direct,IndiGo
DEL,BLR,6E,IndiGo,6E 329,2026-09-10,1,business,,,44135.0,False,18:00,ok,2026-09-09T01:41:46.979714+05:30,2026-09-09_0141IST,airline_direct,IndiGo
DEL,BLR,6E,IndiGo,6E 329,2026-09-10,1,economy,,,37315.0,False,18:00,ok,2026-09-09T01:41:46.979714+05:30,2026-09-09_0141IST,airline_direct,IndiGo
BOM,BLR,6E,IndiGo,6E 5323,2026-09-10,1,business,,,22488.0,False,01:10,ok,2026-09-09T01:42:43.632144+05:30,2026-09-09_0142IST,airline_direct,IndiGo
BOM,BLR,6E,IndiGo,6E 5323,2026-09-10,1,economy,,,5273.0,False,01:10,ok,2026-09-09T01:42:43.632144+05:30,2026-09-09_0142IST,airline_direct,IndiGo
BOM,BLR,6E,IndiGo,6E 5294,2026-09-10,1,business,,,22488.0,False,04:30,ok,2026-09-09T01:42:43.632144+05:30,2026-09-09_0142IST,airline_direct,IndiGo
BOM,BLR,6E,IndiGo,6E 5294,2026-09-10,1,economy,,,5691.0,False,04:30,ok,2026-09-09T01:42:43.632144+05:30,2026-09-09_0142IST,airline_direct,IndiGo
BOM,BLR,6E,IndiGo,6E 5296,2026-09-10,1,business,,,22488.0,False,06:30,ok,2026-09-09T01:42:43.632144+05:30,2026-09-09_0142IST,airline_direct,IndiGo
BOM,BLR,6E,IndiGo,6E 5296,2026-09-10,1,economy,,,6747.0,False,06:30,ok,2026-09-09T01:42:43.632144+05:30,2026-09-09_0142IST,airline_direct,IndiGo
BOM,BLR,6E,IndiGo,6E 5092,2026-09-10,1,business,,,26688.0,False,09:50,ok,2026-09-09T01:42:43.632144+05:30,2026-09-09_0142IST,airline_direct,IndiGo
BOM,BLR,6E,IndiGo,6E 5092,2026-09-10,1,economy,,,6747.0,False,09:50,ok,2026-09-09T01:42:43.632144+05:30,2026-09-09_0142IST,airline_direct,IndiGo
BOM,BLR,6E,IndiGo,6E 5217,2026-09-10,1,business,,,26688.0,False,11:00,ok,2026-09-09T01:42:43.632144+05:30,2026-09-09_0142IST,airline_direct,IndiGo
BOM,BLR,6E,IndiGo,6E 5217,2026-09-10,1,economy,,,7062.0,False,11:00,ok,2026-09-09T01:42:43.632144+05:30,2026-09-09_0142IST,airline_direct,IndiGo
BOM,BLR,6E,IndiGo,6E 5184,2026-09-10,1,business,,,22488.0,False,12:30,ok,2026-09-09T01:42:43.632144+05:30,2026-09-09_0142IST,airline_direct,IndiGo
BOM,BLR,6E,IndiGo,6E 5184,2026-09-10,1,economy,,,7062.0,False,12:30,ok,2026-09-09T01:42:43.632144+05:30,2026-09-09_0142IST,airline_direct,IndiGo
BOM,BLR,6E,IndiGo,6E 5382,2026-09-10,1,business,,,22488.0,False,14:30,ok,2026-09-09T01:42:43.632144+05:30,2026-09-09_0142IST,airline_direct,IndiGo
BOM,BLR,6E,IndiGo,6E 5382,2026-09-10,1,economy,,,7062.0,False,14:30,ok,2026-09-09T01:42:43.632144+05:30,2026-09-09_0142IST,airline_direct,IndiGo
BOM,BLR,6E,IndiGo,6E 5071,2026-09-10,1,business,,,22488.0,False,15:35,ok,2026-09-09T01:42:43.632144+05:30,2026-09-09_0142IST,airline_direct,IndiGo
BOM,BLR,6E,IndiGo,6E 5071,2026-09-10,1,economy,,,7377.0,False,15:35,ok,2026-09-09T01:42:43.632144+05:30,2026-09-09_0142IST,airline_direct,IndiGo
BOM,BLR,6E,IndiGo,6E 5193,2026-09-10,1,economy,,,9267.0,False,08:05,ok,2026-09-09T01:42:43.632144+05:30,2026-09-09_0142IST,airline_direct,IndiGo
BOM,BLR,6E,IndiGo,6E 5221,2026-09-10,1,business,,,22488.0,False,17:00,ok,2026-09-09T01:42:43.632144+05:30,2026-09-09_0142IST,airline_direct,IndiGo
BOM,BLR,6E,IndiGo,6E 5221,2026-09-10,1,economy,,,12522.0,False,17:00,ok,2026-09-09T01:42:43.632144+05:30,2026-09-09_0142IST,airline_direct,IndiGo
BOM,BLR,6E,IndiGo,6E 5047,2026-09-10,1,business,,,22488.0,False,18:30,ok,2026-09-09T01:42:43.632144+05:30,2026-09-09_0142IST,airline_direct,IndiGo
BOM,BLR,6E,IndiGo,6E 5047,2026-09-10,1,economy,,,17982.0,False,18:30,ok,2026-09-09T01:42:43.632144+05:30,2026-09-09_0142IST,airline_direct,IndiGo
BOM,BLR,6E,IndiGo,6E 5032,2026-09-10,1,business,,,31148.0,False,19:55,ok,2026-09-09T01:42:43.632144+05:30,2026-09-09_0142IST,airline_direct,IndiGo
BOM,BLR,6E,IndiGo,6E 5032,2026-09-10,1,economy,,,17982.0,False,19:55,ok,2026-09-09T01:42:43.632144+05:30,2026-09-09_0142IST,airline_direct,IndiGo
BOM,BLR,6E,IndiGo,6E 6188,2026-09-10,1,business,,,26688.0,False,21:30,ok,2026-09-09T01:42:43.632144+05:30,2026-09-09_0142IST,airline_direct,IndiGo
BOM,BLR,6E,IndiGo,6E 6188,2026-09-10,1,economy,,,17982.0,False,21:30,ok,2026-09-09T01:42:43.632144+05:30,2026-09-09_0142IST,airline_direct,IndiGo
BOM,BLR,6E,IndiGo,6E 5388,2026-09-10,1,business,,,22488.0,False,22:20,ok,2026-09-09T01:42:43.632144+05:30,2026-09-09_0142IST,airline_direct,IndiGo
BOM,BLR,6E,IndiGo,6E 5388,2026-09-10,1,economy,,,17982.0,False,22:20,ok,2026-09-09T01:42:43.632144+05:30,2026-09-09_0142IST,airline_direct,IndiGo
BOM,BLR,6E,IndiGo,6E 136,2026-09-10,1,economy,,,5463.0,False,04:05,ok,2026-09-09T01:42:43.632144+05:30,2026-09-09_0142IST,airline_direct,IndiGo
BOM,BLR,6E,IndiGo,6E 6701,2026-09-10,1,economy,,,5463.0,False,05:35,ok,2026-09-09T01:42:43.632144+05:30,2026-09-09_0142IST,airline_direct,IndiGo
BOM,BLR,6E,IndiGo,6E 2284,2026-09-10,1,economy,,,5463.0,False,12:05,ok,2026-09-09T01:42:43.632144+05:30,2026-09-09_0142IST,airline_direct,IndiGo
BOM,BLR,6E,IndiGo,6E 673,2026-09-10,1,economy,,,5463.0,False,12:30,ok,2026-09-09T01:42:43.632144+05:30,2026-09-09_0142IST,airline_direct,IndiGo
BOM,BLR,6E,IndiGo,6E 6361,2026-09-10,1,economy,,,5913.0,False,05:00,ok,2026-09-09T01:42:43.632144+05:30,2026-09-09_0142IST,airline_direct,IndiGo
BOM,BLR,6E,IndiGo,6E 5181,2026-09-10,1,economy,,,6386.0,False,10:25,ok,2026-09-09T01:42:43.632144+05:30,2026-09-09_0142IST,airline_direct,IndiGo
BOM,BLR,6E,IndiGo,6E 6599,2026-09-10,1,economy,,,6842.0,False,16:50,ok,2026-09-09T01:42:43.632144+05:30,2026-09-09_0142IST,airline_direct,IndiGo
BOM,BLR,6E,IndiGo,6E 6701,2026-09-10,1,economy,,,7210.0,False,05:35,ok,2026-09-09T01:42:43.632144+05:30,2026-09-09_0142IST,airline_direct,IndiGo
BOM,BLR,6E,IndiGo,6E 5188,2026-09-10,1,economy,,,7210.0,False,06:15,ok,2026-09-09T01:42:43.632144+05:30,2026-09-09_0142IST,airline_direct,IndiGo
BOM,BLR,6E,IndiGo,6E 5109,2026-09-10,1,economy,,,7210.0,False,09:35,ok,2026-09-09T01:42:43.632144+05:30,2026-09-09_0142IST,airline_direct,IndiGo
BOM,BLR,6E,IndiGo,6E 673,2026-09-10,1,economy,,,7210.0,False,12:30,ok,2026-09-09T01:42:43.632144+05:30,2026-09-09_0142IST,airline_direct,IndiGo
BOM,BLR,6E,IndiGo,6E 5123,2026-09-10,1,economy,,,7683.0,False,14:40,ok,2026-09-09T01:42:43.632144+05:30,2026-09-09_0142IST,airline_direct,IndiGo
BOM,BLR,6E,IndiGo,6E 437,2026-09-10,1,economy,,,7761.0,False,17:10,ok,2026-09-09T01:42:43.632144+05:30,2026-09-09_0142IST,airline_direct,IndiGo
BOM,BLR,6E,IndiGo,6E 6349,2026-09-10,1,economy,,,8366.0,False,11:40,ok,2026-09-09T01:42:43.632144+05:30,2026-09-09_0142IST,airline_direct,IndiGo
BOM,BLR,6E,IndiGo,6E 5241,2026-09-10,1,economy,,,9422.0,False,16:40,ok,2026-09-09T01:42:43.632144+05:30,2026-09-09_0142IST,airline_direct,IndiGo
BOM,BLR,6E,IndiGo,6E 5241,2026-09-10,1,economy,,,9422.0,False,16:40,ok,2026-09-09T01:42:43.632144+05:30,2026-09-09_0142IST,airline_direct,IndiGo
BOM,BLR,6E,IndiGo,6E 2016,2026-09-10,1,economy,,,10566.0,False,13:35,ok,2026-09-09T01:42:43.632144+05:30,2026-09-09_0142IST,airline_direct,IndiGo
BOM,BLR,6E,IndiGo,6E 136,2026-09-10,1,economy,,,10889.0,False,04:05,ok,2026-09-09T01:42:43.632144+05:30,2026-09-09_0142IST,airline_direct,IndiGo
BOM,BLR,6E,IndiGo,6E 136,2026-09-10,1,economy,,,11450.0,False,04:05,ok,2026-09-09T01:42:43.632144+05:30,2026-09-09_0142IST,airline_direct,IndiGo
BOM,BLR,6E,IndiGo,6E 6349,2026-09-10,1,economy,,,11450.0,False,11:40,ok,2026-09-09T01:42:43.632144+05:30,2026-09-09_0142IST,airline_direct,IndiGo
BOM,BLR,6E,IndiGo,6E 240,2026-09-10,1,economy,,,11450.0,False,15:45,ok,2026-09-09T01:42:43.632144+05:30,2026-09-09_0142IST,airline_direct,IndiGo
BOM,BLR,6E,IndiGo,6E 230,2026-09-10,1,economy,,,12080.0,False,13:55,ok,2026-09-09T01:42:43.632144+05:30,2026-09-09_0142IST,airline_direct,IndiGo
BOM,BLR,6E,IndiGo,6E 230,2026-09-10,1,economy,,,12080.0,False,13:55,ok,2026-09-09T01:42:43.632144+05:30,2026-09-09_0142IST,airline_direct,IndiGo
BOM,BLR,6E,IndiGo,6E 632,2026-09-10,1,economy,,,12421.0,False,04:00,ok,2026-09-09T01:42:43.632144+05:30,2026-09-09_0142IST,airline_direct,IndiGo
BOM,BLR,6E,IndiGo,6E 5126,2026-09-10,1,economy,,,12421.0,False,18:15,ok,2026-09-09T01:42:43.632144+05:30,2026-09-09_0142IST,airline_direct,IndiGo
BOM,BLR,6E,IndiGo,6E 5313,2026-09-10,1,economy,,,13037.0,False,09:50,ok,2026-09-09T01:42:43.632144+05:30,2026-09-09_0142IST,airline_direct,IndiGo
BOM,BLR,6E,IndiGo,6E 6674,2026-09-10,1,economy,,,13463.0,False,09:05,ok,2026-09-09T01:42:43.632144+05:30,2026-09-09_0142IST,airline_direct,IndiGo
BOM,BLR,6E,IndiGo,6E 5313,2026-09-10,1,economy,,,13987.0,False,09:50,ok,2026-09-09T01:42:43.632144+05:30,2026-09-09_0142IST,airline_direct,IndiGo
BOM,BLR,6E,IndiGo,6E 5082,2026-09-10,1,economy,,,14073.0,False,18:05,ok,2026-09-09T01:42:43.632144+05:30,2026-09-09_0142IST,airline_direct,IndiGo
BOM,BLR,6E,IndiGo,6E 6802,2026-09-10,1,economy,,,14584.0,False,16:55,ok,2026-09-09T01:42:43.632144+05:30,2026-09-09_0142IST,airline_direct,IndiGo
BOM,BLR,6E,IndiGo,6E 2237,2026-09-10,1,economy,,,15954.0,False,18:40,ok,2026-09-09T01:42:43.632144+05:30,2026-09-09_0142IST,airline_direct,IndiGo
BOM,BLR,6E,IndiGo,6E 5178,2026-09-10,1,economy,,,16554.0,False,11:45,ok,2026-09-09T01:42:43.632144+05:30,2026-09-09_0142IST,airline_direct,IndiGo
BOM,BLR,6E,IndiGo,6E 5178,2026-09-10,1,economy,,,16554.0,False,11:45,ok,2026-09-09T01:42:43.632144+05:30,2026-09-09_0142IST,airline_direct,IndiGo
BOM,BLR,6E,IndiGo,6E 5337,2026-09-10,1,economy,,,17007.0,False,13:45,ok,2026-09-09T01:42:43.632144+05:30,2026-09-09_0142IST,airline_direct,IndiGo
BOM,BLR,6E,IndiGo,6E 6057,2026-09-10,1,economy,,,18449.0,False,09:15,ok,2026-09-09T01:42:43.632144+05:30,2026-09-09_0142IST,airline_direct,IndiGo
BOM,BLR,6E,IndiGo,6E 5178,2026-09-10,1,economy,,,18667.0,False,11:45,ok,2026-09-09T01:42:43.632144+05:30,2026-09-09_0142IST,airline_direct,IndiGo
BOM,BLR,6E,IndiGo,6E 5386,2026-09-10,1,economy,,,18667.0,False,15:10,ok,2026-09-09T01:42:43.632144+05:30,2026-09-09_0142IST,airline_direct,IndiGo
BOM,BLR,6E,IndiGo,6E 5318,2026-09-10,1,economy,,,19524.0,False,10:15,ok,2026-09-09T01:42:43.632144+05:30,2026-09-09_0142IST,airline_direct,IndiGo
BOM,BLR,6E,IndiGo,6E 5318,2026-09-10,1,economy,,,19524.0,False,10:15,ok,2026-09-09T01:42:43.632144+05:30,2026-09-09_0142IST,airline_direct,IndiGo
BOM,BLR,6E,IndiGo,6E 5386,2026-09-10,1,economy,,,19883.0,False,15:10,ok,2026-09-09T01:42:43.632144+05:30,2026-09-09_0142IST,airline_direct,IndiGo
BOM,BLR,6E,IndiGo,6E 5386,2026-09-10,1,economy,,,19883.0,False,15:10,ok,2026-09-09T01:42:43.632144+05:30,2026-09-09_0142IST,airline_direct,IndiGo
BOM,BLR,6E,IndiGo,6E 5337,2026-09-10,1,economy,,,21155.0,False,13:45,ok,2026-09-09T01:42:43.632144+05:30,2026-09-09_0142IST,airline_direct,IndiGo
BOM,BLR,6E,IndiGo,6E 5196,2026-09-10,1,economy,,,21155.0,False,15:25,ok,2026-09-09T01:42:43.632144+05:30,2026-09-09_0142IST,airline_direct,IndiGo
BOM,BLR,6E,IndiGo,6E 5196,2026-09-10,1,economy,,,21155.0,False,15:25,ok,2026-09-09T01:42:43.632144+05:30,2026-09-09_0142IST,airline_direct,IndiGo
BOM,BLR,6E,IndiGo,6E 5228,2026-09-10,1,economy,,,21697.0,False,16:45,ok,2026-09-09T01:42:43.632144+05:30,2026-09-09_0142IST,airline_direct,IndiGo
BOM,BLR,6E,IndiGo,6E 5228,2026-09-10,1,economy,,,21697.0,False,16:45,ok,2026-09-09T01:42:43.632144+05:30,2026-09-09_0142IST,airline_direct,IndiGo
BOM,BLR,6E,IndiGo,6E 5107,2026-09-10,1,economy,,,21972.0,False,20:00,ok,2026-09-09T01:42:43.632144+05:30,2026-09-09_0142IST,airline_direct,IndiGo
BOM,BLR,6E,IndiGo,6E 5048,2026-09-10,1,economy,,,24634.0,False,17:25,ok,2026-09-09T01:42:43.632144+05:30,2026-09-09_0142IST,airline_direct,IndiGo
DEL,CCU,6E,IndiGo,6E 5191,2026-09-10,1,business,,,26140.0,False,05:00,ok,2026-09-09T01:43:40.403997+05:30,2026-09-09_0143IST,airline_direct,IndiGo
DEL,CCU,6E,IndiGo,6E 5191,2026-09-10,1,economy,,,8703.0,False,05:00,ok,2026-09-09T01:43:40.403997+05:30,2026-09-09_0143IST,airline_direct,IndiGo
DEL,CCU,6E,IndiGo,6E 910,2026-09-10,1,business,,,26140.0,False,14:25,ok,2026-09-09T01:43:40.403997+05:30,2026-09-09_0143IST,airline_direct,IndiGo
DEL,CCU,6E,IndiGo,6E 910,2026-09-10,1,economy,,,8703.0,False,14:25,ok,2026-09-09T01:43:40.403997+05:30,2026-09-09_0143IST,airline_direct,IndiGo
DEL,CCU,6E,IndiGo,6E 389,2026-09-10,1,business,,,26140.0,False,21:50,ok,2026-09-09T01:43:40.403997+05:30,2026-09-09_0143IST,airline_direct,IndiGo
DEL,CCU,6E,IndiGo,6E 389,2026-09-10,1,economy,,,8703.0,False,21:50,ok,2026-09-09T01:43:40.403997+05:30,2026-09-09_0143IST,airline_direct,IndiGo
DEL,CCU,6E,IndiGo,6E 247,2026-09-10,1,business,,,26140.0,False,23:30,ok,2026-09-09T01:43:40.403997+05:30,2026-09-09_0143IST,airline_direct,IndiGo
DEL,CCU,6E,IndiGo,6E 247,2026-09-10,1,economy,,,8703.0,False,23:30,ok,2026-09-09T01:43:40.403997+05:30,2026-09-09_0143IST,airline_direct,IndiGo
DEL,CCU,6E,IndiGo,6E 897,2026-09-10,1,business,,,26140.0,False,12:45,ok,2026-09-09T01:43:40.403997+05:30,2026-09-09_0143IST,airline_direct,IndiGo
DEL,CCU,6E,IndiGo,6E 897,2026-09-10,1,economy,,,8965.0,False,12:45,ok,2026-09-09T01:43:40.403997+05:30,2026-09-09_0143IST,airline_direct,IndiGo
DEL,CCU,6E,IndiGo,6E 6415,2026-09-10,1,business,,,26140.0,False,16:00,ok,2026-09-09T01:43:40.403997+05:30,2026-09-09_0143IST,airline_direct,IndiGo
DEL,CCU,6E,IndiGo,6E 6415,2026-09-10,1,economy,,,8965.0,False,16:00,ok,2026-09-09T01:43:40.403997+05:30,2026-09-09_0143IST,airline_direct,IndiGo
DEL,CCU,6E,IndiGo,6E 2276,2026-09-10,1,business,,,29680.0,False,17:55,ok,2026-09-09T01:43:40.403997+05:30,2026-09-09_0143IST,airline_direct,IndiGo
DEL,CCU,6E,IndiGo,6E 2276,2026-09-10,1,economy,,,8965.0,False,17:55,ok,2026-09-09T01:43:40.403997+05:30,2026-09-09_0143IST,airline_direct,IndiGo
DEL,CCU,6E,IndiGo,6E 340,2026-09-10,1,business,,,26140.0,False,07:20,ok,2026-09-09T01:43:40.403997+05:30,2026-09-09_0143IST,airline_direct,IndiGo
DEL,CCU,6E,IndiGo,6E 340,2026-09-10,1,economy,,,9753.0,False,07:20,ok,2026-09-09T01:43:40.403997+05:30,2026-09-09_0143IST,airline_direct,IndiGo
DEL,CCU,6E,IndiGo,6E 513,2026-09-10,1,business,,,26140.0,False,08:30,ok,2026-09-09T01:43:40.403997+05:30,2026-09-09_0143IST,airline_direct,IndiGo
DEL,CCU,6E,IndiGo,6E 513,2026-09-10,1,economy,,,9753.0,False,08:30,ok,2026-09-09T01:43:40.403997+05:30,2026-09-09_0143IST,airline_direct,IndiGo
DEL,CCU,6E,IndiGo,6E 894,2026-09-10,1,business,,,26140.0,False,10:15,ok,2026-09-09T01:43:40.403997+05:30,2026-09-09_0143IST,airline_direct,IndiGo
DEL,CCU,6E,IndiGo,6E 894,2026-09-10,1,economy,,,10278.0,False,10:15,ok,2026-09-09T01:43:40.403997+05:30,2026-09-09_0143IST,airline_direct,IndiGo
DEL,CCU,6E,IndiGo,6E 6517,2026-09-10,1,business,,,29680.0,False,19:30,ok,2026-09-09T01:43:40.403997+05:30,2026-09-09_0143IST,airline_direct,IndiGo
DEL,CCU,6E,IndiGo,6E 6517,2026-09-10,1,economy,,,10278.0,False,19:30,ok,2026-09-09T01:43:40.403997+05:30,2026-09-09_0143IST,airline_direct,IndiGo
DEL,CCU,6E,IndiGo,6E 6124,2026-09-10,1,economy,,,7683.0,False,07:30,ok,2026-09-09T01:43:40.403997+05:30,2026-09-09_0143IST,airline_direct,IndiGo
DEL,CCU,6E,IndiGo,6E 5215,2026-09-10,1,economy,,,7683.0,False,07:45,ok,2026-09-09T01:43:40.403997+05:30,2026-09-09_0143IST,airline_direct,IndiGo
DEL,CCU,6E,IndiGo,6E 6829,2026-09-10,1,economy,,,7710.0,False,17:20,ok,2026-09-09T01:43:40.403997+05:30,2026-09-09_0143IST,airline_direct,IndiGo
DEL,CCU,6E,IndiGo,6E 6503,2026-09-10,1,economy,,,7893.0,False,13:25,ok,2026-09-09T01:43:40.403997+05:30,2026-09-09_0143IST,airline_direct,IndiGo
DEL,CCU,6E,IndiGo,6E 704,2026-09-10,1,business,,,33334.0,False,02:25,ok,2026-09-09T01:43:40.403997+05:30,2026-09-09_0143IST,airline_direct,IndiGo
DEL,CCU,6E,IndiGo,6E 704,2026-09-10,1,economy,,,7920.0,False,02:25,ok,2026-09-09T01:43:40.403997+05:30,2026-09-09_0143IST,airline_direct,IndiGo
DEL,CCU,6E,IndiGo,6E 704,2026-09-10,1,business,,,33806.0,False,02:25,ok,2026-09-09T01:43:40.403997+05:30,2026-09-09_0143IST,airline_direct,IndiGo
DEL,CCU,6E,IndiGo,6E 704,2026-09-10,1,economy,,,7920.0,False,02:25,ok,2026-09-09T01:43:40.403997+05:30,2026-09-09_0143IST,airline_direct,IndiGo
DEL,CCU,6E,IndiGo,6E 882,2026-09-10,1,economy,,,7920.0,False,23:15,ok,2026-09-09T01:43:40.403997+05:30,2026-09-09_0143IST,airline_direct,IndiGo
DEL,CCU,6E,IndiGo,6E 6371,2026-09-10,1,economy,,,8025.0,False,06:20,ok,2026-09-09T01:43:40.403997+05:30,2026-09-09_0143IST,airline_direct,IndiGo
DEL,CCU,6E,IndiGo,6E 2361,2026-09-10,1,economy,,,8107.0,False,14:35,ok,2026-09-09T01:43:40.403997+05:30,2026-09-09_0143IST,airline_direct,IndiGo
DEL,CCU,6E,IndiGo,6E 2259,2026-09-10,1,economy,,,8185.0,False,12:20,ok,2026-09-09T01:43:40.403997+05:30,2026-09-09_0143IST,airline_direct,IndiGo
DEL,CCU,6E,IndiGo,6E 2614,2026-09-10,1,economy,,,8185.0,False,14:40,ok,2026-09-09T01:43:40.403997+05:30,2026-09-09_0143IST,airline_direct,IndiGo
DEL,CCU,6E,IndiGo,6E 2203,2026-09-10,1,economy,,,8290.0,False,04:45,ok,2026-09-09T01:43:40.403997+05:30,2026-09-09_0143IST,airline_direct,IndiGo
DEL,CCU,6E,IndiGo,6E 5215,2026-09-10,1,economy,,,8290.0,False,07:45,ok,2026-09-09T01:43:40.403997+05:30,2026-09-09_0143IST,airline_direct,IndiGo
DEL,CCU,6E,IndiGo,6E 5073,2026-09-10,1,economy,,,8527.0,False,17:05,ok,2026-09-09T01:43:40.403997+05:30,2026-09-09_0143IST,airline_direct,IndiGo
DEL,CCU,6E,IndiGo,6E 5206,2026-09-10,1,economy,,,8643.0,False,13:20,ok,2026-09-09T01:43:40.403997+05:30,2026-09-09_0143IST,airline_direct,IndiGo
DEL,CCU,6E,IndiGo,6E 6459,2026-09-10,1,economy,,,8774.0,False,05:55,ok,2026-09-09T01:43:40.403997+05:30,2026-09-09_0143IST,airline_direct,IndiGo
DEL,CCU,6E,IndiGo,6E 6190,2026-09-10,1,economy,,,8853.0,False,07:40,ok,2026-09-09T01:43:40.403997+05:30,2026-09-09_0143IST,airline_direct,IndiGo
DEL,CCU,6E,IndiGo,6E 5307,2026-09-10,1,economy,,,9141.0,False,10:50,ok,2026-09-09T01:43:40.403997+05:30,2026-09-09_0143IST,airline_direct,IndiGo
DEL,CCU,6E,IndiGo,6E 6282,2026-09-10,1,business,,,34396.0,False,13:30,ok,2026-09-09T01:43:40.403997+05:30,2026-09-09_0143IST,airline_direct,IndiGo
DEL,CCU,6E,IndiGo,6E 6282,2026-09-10,1,economy,,,9194.0,False,13:30,ok,2026-09-09T01:43:40.403997+05:30,2026-09-09_0143IST,airline_direct,IndiGo
DEL,CCU,6E,IndiGo,6E 2341,2026-09-10,1,economy,,,9194.0,False,14:50,ok,2026-09-09T01:43:40.403997+05:30,2026-09-09_0143IST,airline_direct,IndiGo
DEL,CCU,6E,IndiGo,6E 6190,2026-09-10,1,economy,,,9587.0,False,07:40,ok,2026-09-09T01:43:40.403997+05:30,2026-09-09_0143IST,airline_direct,IndiGo
DEL,CCU,6E,IndiGo,6E 5038,2026-09-10,1,economy,,,9587.0,False,14:00,ok,2026-09-09T01:43:40.403997+05:30,2026-09-09_0143IST,airline_direct,IndiGo
DEL,CCU,6E,IndiGo,6E 6503,2026-09-10,1,economy,,,9902.0,False,13:25,ok,2026-09-09T01:43:40.403997+05:30,2026-09-09_0143IST,airline_direct,IndiGo
DEL,CCU,6E,IndiGo,6E 884,2026-09-10,1,business,,,36992.0,False,11:45,ok,2026-09-09T01:43:40.403997+05:30,2026-09-09_0143IST,airline_direct,IndiGo
DEL,CCU,6E,IndiGo,6E 884,2026-09-10,1,economy,,,9928.0,False,11:45,ok,2026-09-09T01:43:40.403997+05:30,2026-09-09_0143IST,airline_direct,IndiGo
DEL,CCU,6E,IndiGo,6E 6440,2026-09-10,1,economy,,,10317.0,False,16:40,ok,2026-09-09T01:43:40.403997+05:30,2026-09-09_0143IST,airline_direct,IndiGo
DEL,CCU,6E,IndiGo,6E 2259,2026-09-10,1,economy,,,10393.0,False,12:20,ok,2026-09-09T01:43:40.403997+05:30,2026-09-09_0143IST,airline_direct,IndiGo
DEL,CCU,6E,IndiGo,6E 2373,2026-09-10,1,economy,,,11070.0,False,11:10,ok,2026-09-09T01:43:40.403997+05:30,2026-09-09_0143IST,airline_direct,IndiGo
DEL,CCU,6E,IndiGo,6E 6236,2026-09-10,1,economy,,,11070.0,False,16:20,ok,2026-09-09T01:43:40.403997+05:30,2026-09-09_0143IST,airline_direct,IndiGo
DEL,CCU,6E,IndiGo,6E 6073,2026-09-10,1,economy,,,11280.0,False,05:00,ok,2026-09-09T01:43:40.403997+05:30,2026-09-09_0143IST,airline_direct,IndiGo
DEL,CCU,6E,IndiGo,6E 2614,2026-09-10,1,economy,,,11280.0,False,14:40,ok,2026-09-09T01:43:40.403997+05:30,2026-09-09_0143IST,airline_direct,IndiGo
DEL,CCU,6E,IndiGo,6E 5041,2026-09-10,1,economy,,,11582.0,False,15:10,ok,2026-09-09T01:43:40.403997+05:30,2026-09-09_0143IST,airline_direct,IndiGo
DEL,CCU,6E,IndiGo,6E 6245,2026-09-10,1,economy,,,12044.0,False,06:20,ok,2026-09-09T01:43:40.403997+05:30,2026-09-09_0143IST,airline_direct,IndiGo
DEL,CCU,6E,IndiGo,6E 2453,2026-09-10,1,economy,,,12044.0,False,13:35,ok,2026-09-09T01:43:40.403997+05:30,2026-09-09_0143IST,airline_direct,IndiGo
DEL,CCU,6E,IndiGo,6E 6053,2026-09-10,1,economy,,,12254.0,False,13:05,ok,2026-09-09T01:43:40.403997+05:30,2026-09-09_0143IST,airline_direct,IndiGo
DEL,CCU,6E,IndiGo,6E 6312,2026-09-10,1,economy,,,13247.0,False,14:25,ok,2026-09-09T01:43:40.403997+05:30,2026-09-09_0143IST,airline_direct,IndiGo
DEL,CCU,6E,IndiGo,6E 734,2026-09-10,1,economy,,,13247.0,False,16:20,ok,2026-09-09T01:43:40.403997+05:30,2026-09-09_0143IST,airline_direct,IndiGo
DEL,CCU,6E,IndiGo,6E 2331,2026-09-10,1,economy,,,14845.0,False,12:20,ok,2026-09-09T01:43:40.403997+05:30,2026-09-09_0143IST,airline_direct,IndiGo
DEL,CCU,6E,IndiGo,6E 6282,2026-09-10,1,business,,,36992.0,False,13:30,ok,2026-09-09T01:43:40.403997+05:30,2026-09-09_0143IST,airline_direct,IndiGo
DEL,CCU,6E,IndiGo,6E 6282,2026-09-10,1,economy,,,14845.0,False,13:30,ok,2026-09-09T01:43:40.403997+05:30,2026-09-09_0143IST,airline_direct,IndiGo
DEL,CCU,6E,IndiGo,6E 5041,2026-09-10,1,economy,,,15044.0,False,15:10,ok,2026-09-09T01:43:40.403997+05:30,2026-09-09_0143IST,airline_direct,IndiGo
DEL,CCU,6E,IndiGo,6E 907,2026-09-10,1,economy,,,17563.0,False,10:00,ok,2026-09-09T01:43:40.403997+05:30,2026-09-09_0143IST,airline_direct,IndiGo
DEL,CCU,6E,IndiGo,6E 5119,2026-09-10,1,economy,,,19128.0,False,05:10,ok,2026-09-09T01:43:40.403997+05:30,2026-09-09_0143IST,airline_direct,IndiGo
DEL,CCU,6E,IndiGo,6E 6217,2026-09-10,1,business,,,34396.0,False,16:15,ok,2026-09-09T01:43:40.403997+05:30,2026-09-09_0143IST,airline_direct,IndiGo
DEL,CCU,6E,IndiGo,6E 6217,2026-09-10,1,economy,,,19356.0,False,16:15,ok,2026-09-09T01:43:40.403997+05:30,2026-09-09_0143IST,airline_direct,IndiGo
DEL,CCU,6E,IndiGo,6E 717,2026-09-10,1,business,,,34396.0,False,17:55,ok,2026-09-09T01:43:40.403997+05:30,2026-09-09_0143IST,airline_direct,IndiGo
DEL,CCU,6E,IndiGo,6E 717,2026-09-10,1,economy,,,19356.0,False,17:55,ok,2026-09-09T01:43:40.403997+05:30,2026-09-09_0143IST,airline_direct,IndiGo
DEL,CCU,6E,IndiGo,6E 2296,2026-09-10,1,economy,,,22398.0,False,09:20,ok,2026-09-09T01:43:40.403997+05:30,2026-09-09_0143IST,airline_direct,IndiGo
DEL,CCU,6E,IndiGo,6E 6293,2026-09-10,1,business,,,36992.0,False,09:55,ok,2026-09-09T01:43:40.403997+05:30,2026-09-09_0143IST,airline_direct,IndiGo
DEL,CCU,6E,IndiGo,6E 6293,2026-09-10,1,economy,,,22499.0,False,09:55,ok,2026-09-09T01:43:40.403997+05:30,2026-09-09_0143IST,airline_direct,IndiGo
DEL,CCU,6E,IndiGo,6E 2296,2026-09-10,1,economy,,,23136.0,False,09:20,ok,2026-09-09T01:43:40.403997+05:30,2026-09-09_0143IST,airline_direct,IndiGo
DEL,CCU,6E,IndiGo,6E 705,2026-09-10,1,business,,,33806.0,False,08:30,ok,2026-09-09T01:43:40.403997+05:30,2026-09-09_0143IST,airline_direct,IndiGo
DEL,CCU,6E,IndiGo,6E 705,2026-09-10,1,economy,,,24014.0,False,08:30,ok,2026-09-09T01:43:40.403997+05:30,2026-09-09_0143IST,airline_direct,IndiGo
DEL,CCU,6E,IndiGo,6E 203,2026-09-10,1,business,,,33806.0,False,07:10,ok,2026-09-09T01:43:40.403997+05:30,2026-09-09_0143IST,airline_direct,IndiGo
DEL,CCU,6E,IndiGo,6E 203,2026-09-10,1,economy,,,25824.0,False,07:10,ok,2026-09-09T01:43:40.403997+05:30,2026-09-09_0143IST,airline_direct,IndiGo
BLR,HYD,6E,IndiGo,6E 6067,2026-09-10,1,economy,,,12416.0,False,16:30,ok,2026-09-09T01:44:42.708738+05:30,2026-09-09_0144IST,airline_direct,IndiGo
BLR,HYD,6E,IndiGo,6E 638,2026-09-10,1,economy,,,12416.0,False,18:35,ok,2026-09-09T01:44:42.708738+05:30,2026-09-09_0144IST,airline_direct,IndiGo
BLR,HYD,6E,IndiGo,6E 6178,2026-09-10,1,economy,,,13589.0,False,06:25,ok,2026-09-09T01:44:42.708738+05:30,2026-09-09_0144IST,airline_direct,IndiGo
BLR,HYD,6E,IndiGo,6E 6404,2026-09-10,1,economy,,,14882.0,False,11:35,ok,2026-09-09T01:44:42.708738+05:30,2026-09-09_0144IST,airline_direct,IndiGo
BLR,HYD,6E,IndiGo,6E 537,2026-09-10,1,economy,,,16310.0,False,10:15,ok,2026-09-09T01:44:42.708738+05:30,2026-09-09_0144IST,airline_direct,IndiGo
BLR,HYD,6E,IndiGo,6E 855,2026-09-10,1,economy,,,16310.0,False,19:45,ok,2026-09-09T01:44:42.708738+05:30,2026-09-09_0144IST,airline_direct,IndiGo
BLR,HYD,6E,IndiGo,6E 6784,2026-09-10,1,economy,,,16310.0,False,21:30,ok,2026-09-09T01:44:42.708738+05:30,2026-09-09_0144IST,airline_direct,IndiGo
BLR,HYD,6E,IndiGo,6E 484,2026-09-10,1,economy,,,17886.0,False,08:15,ok,2026-09-09T01:44:42.708738+05:30,2026-09-09_0144IST,airline_direct,IndiGo
BLR,HYD,6E,IndiGo,6E 312,2026-09-10,1,economy,,,17886.0,False,09:15,ok,2026-09-09T01:44:42.708738+05:30,2026-09-09_0144IST,airline_direct,IndiGo
BLR,HYD,6E,IndiGo,6E 6336,2026-09-10,1,economy,,,5992.0,False,12:40,ok,2026-09-09T01:44:42.708738+05:30,2026-09-09_0144IST,airline_direct,IndiGo
BLR,HYD,6E,IndiGo,6E 6336,2026-09-10,1,economy,,,5992.0,False,12:40,ok,2026-09-09T01:44:42.708738+05:30,2026-09-09_0144IST,airline_direct,IndiGo
BLR,HYD,6E,IndiGo,6E 857,2026-09-10,1,economy,,,6271.0,False,07:05,ok,2026-09-09T01:44:42.708738+05:30,2026-09-09_0144IST,airline_direct,IndiGo
BLR,HYD,6E,IndiGo,6E 6542,2026-09-10,1,economy,,,6271.0,False,13:10,ok,2026-09-09T01:44:42.708738+05:30,2026-09-09_0144IST,airline_direct,IndiGo
BLR,HYD,6E,IndiGo,6E 6208,2026-09-10,1,economy,,,6724.0,False,12:45,ok,2026-09-09T01:44:42.708738+05:30,2026-09-09_0144IST,airline_direct,IndiGo
BLR,HYD,6E,IndiGo,6E 6208,2026-09-10,1,economy,,,6724.0,False,12:45,ok,2026-09-09T01:44:42.708738+05:30,2026-09-09_0144IST,airline_direct,IndiGo
BLR,HYD,6E,IndiGo,6E 6542,2026-09-10,1,economy,,,6724.0,False,13:10,ok,2026-09-09T01:44:42.708738+05:30,2026-09-09_0144IST,airline_direct,IndiGo
BLR,HYD,6E,IndiGo,6E 6336,2026-09-10,1,economy,,,6855.0,False,12:40,ok,2026-09-09T01:44:42.708738+05:30,2026-09-09_0144IST,airline_direct,IndiGo
BLR,HYD,6E,IndiGo,6E 7204,2026-09-10,1,economy,,,7221.0,False,06:50,ok,2026-09-09T01:44:42.708738+05:30,2026-09-09_0144IST,airline_direct,IndiGo
BLR,HYD,6E,IndiGo,6E 6208,2026-09-10,1,economy,,,7221.0,False,12:45,ok,2026-09-09T01:44:42.708738+05:30,2026-09-09_0144IST,airline_direct,IndiGo
BLR,HYD,6E,IndiGo,6E 6168,2026-09-10,1,economy,,,7767.0,False,17:40,ok,2026-09-09T01:44:42.708738+05:30,2026-09-09_0144IST,airline_direct,IndiGo
BLR,HYD,6E,IndiGo,6E 6168,2026-09-10,1,economy,,,7767.0,False,17:40,ok,2026-09-09T01:44:42.708738+05:30,2026-09-09_0144IST,airline_direct,IndiGo
BLR,HYD,6E,IndiGo,6E 7227,2026-09-10,1,economy,,,8898.0,False,06:25,ok,2026-09-09T01:44:42.708738+05:30,2026-09-09_0144IST,airline_direct,IndiGo
BLR,HYD,6E,IndiGo,6E 6753,2026-09-10,1,economy,,,9030.0,False,15:15,ok,2026-09-09T01:44:42.708738+05:30,2026-09-09_0144IST,airline_direct,IndiGo
BLR,HYD,6E,IndiGo,6E 6753,2026-09-10,1,economy,,,9030.0,False,15:15,ok,2026-09-09T01:44:42.708738+05:30,2026-09-09_0144IST,airline_direct,IndiGo
BLR,HYD,6E,IndiGo,6E 703,2026-09-10,1,economy,,,9756.0,False,12:55,ok,2026-09-09T01:44:42.708738+05:30,2026-09-09_0144IST,airline_direct,IndiGo
BLR,HYD,6E,IndiGo,6E 6554,2026-09-10,1,economy,,,9756.0,False,19:15,ok,2026-09-09T01:44:42.708738+05:30,2026-09-09_0144IST,airline_direct,IndiGo
BLR,HYD,6E,IndiGo,6E 904,2026-09-10,1,economy,,,10251.0,False,10:50,ok,2026-09-09T01:44:42.708738+05:30,2026-09-09_0144IST,airline_direct,IndiGo
BLR,HYD,6E,IndiGo,6E 6017,2026-09-10,1,economy,,,10251.0,False,18:15,ok,2026-09-09T01:44:42.708738+05:30,2026-09-09_0144IST,airline_direct,IndiGo
BLR,HYD,6E,IndiGo,6E 7071,2026-09-10,1,economy,,,10554.0,False,10:55,ok,2026-09-09T01:44:42.708738+05:30,2026-09-09_0144IST,airline_direct,IndiGo
BLR,HYD,6E,IndiGo,6E 6653,2026-09-10,1,economy,,,10554.0,False,12:35,ok,2026-09-09T01:44:42.708738+05:30,2026-09-09_0144IST,airline_direct,IndiGo
BLR,HYD,6E,IndiGo,6E 356,2026-09-10,1,economy,,,10788.0,False,17:15,ok,2026-09-09T01:44:42.708738+05:30,2026-09-09_0144IST,airline_direct,IndiGo
BLR,HYD,6E,IndiGo,6E 6269,2026-09-10,1,economy,,,10842.0,False,07:15,ok,2026-09-09T01:44:42.708738+05:30,2026-09-09_0144IST,airline_direct,IndiGo
BLR,HYD,6E,IndiGo,6E 904,2026-09-10,1,economy,,,10842.0,False,10:50,ok,2026-09-09T01:44:42.708738+05:30,2026-09-09_0144IST,airline_direct,IndiGo
BLR,HYD,6E,IndiGo,6E 356,2026-09-10,1,economy,,,11379.0,False,17:15,ok,2026-09-09T01:44:42.708738+05:30,2026-09-09_0144IST,airline_direct,IndiGo
BLR,HYD,6E,IndiGo,6E 6876,2026-09-10,1,economy,,,11432.0,False,02:40,ok,2026-09-09T01:44:42.708738+05:30,2026-09-09_0144IST,airline_direct,IndiGo
BLR,HYD,6E,IndiGo,6E 6653,2026-09-10,1,economy,,,11432.0,False,12:35,ok,2026-09-09T01:44:42.708738+05:30,2026-09-09_0144IST,airline_direct,IndiGo
BLR,HYD,6E,IndiGo,6E 6269,2026-09-10,1,economy,,,11492.0,False,07:15,ok,2026-09-09T01:44:42.708738+05:30,2026-09-09_0144IST,airline_direct,IndiGo
BLR,HYD,6E,IndiGo,6E 7204,2026-09-10,1,economy,,,12169.0,False,06:50,ok,2026-09-09T01:44:42.708738+05:30,2026-09-09_0144IST,airline_direct,IndiGo
BLR,HYD,6E,IndiGo,6E 6653,2026-09-10,1,economy,,,12396.0,False,12:35,ok,2026-09-09T01:44:42.708738+05:30,2026-09-09_0144IST,airline_direct,IndiGo
BLR,HYD,6E,IndiGo,6E 6583,2026-09-10,1,economy,,,12527.0,False,10:40,ok,2026-09-09T01:44:42.708738+05:30,2026-09-09_0144IST,airline_direct,IndiGo
BLR,HYD,6E,IndiGo,6E 574,2026-09-10,1,economy,,,12527.0,False,11:05,ok,2026-09-09T01:44:42.708738+05:30,2026-09-09_0144IST,airline_direct,IndiGo
BLR,HYD,6E,IndiGo,6E 857,2026-09-10,1,economy,,,13203.0,False,07:05,ok,2026-09-09T01:44:42.708738+05:30,2026-09-09_0144IST,airline_direct,IndiGo
BLR,HYD,6E,IndiGo,6E 6104,2026-09-10,1,economy,,,14623.0,False,11:40,ok,2026-09-09T01:44:42.708738+05:30,2026-09-09_0144IST,airline_direct,IndiGo
BLR,HYD,6E,IndiGo,6E 763,2026-09-10,1,economy,,,16100.0,False,07:05,ok,2026-09-09T01:44:42.708738+05:30,2026-09-09_0144IST,airline_direct,IndiGo
BLR,HYD,6E,IndiGo,6E 6445,2026-09-10,1,economy,,,16154.0,False,10:25,ok,2026-09-09T01:44:42.708738+05:30,2026-09-09_0144IST,airline_direct,IndiGo
BLR,HYD,6E,IndiGo,6E 763,2026-09-10,1,economy,,,17150.0,False,07:05,ok,2026-09-09T01:44:42.708738+05:30,2026-09-09_0144IST,airline_direct,IndiGo
BLR,HYD,6E,IndiGo,6E 7005,2026-09-10,1,economy,,,17735.0,False,08:05,ok,2026-09-09T01:44:42.708738+05:30,2026-09-09_0144IST,airline_direct,IndiGo
BLR,HYD,6E,IndiGo,6E 7005,2026-09-10,1,economy,,,17735.0,False,08:05,ok,2026-09-09T01:44:42.708738+05:30,2026-09-09_0144IST,airline_direct,IndiGo
BLR,HYD,6E,IndiGo,6E 109,2026-09-10,1,economy,,,20595.0,False,17:00,ok,2026-09-09T01:44:42.708738+05:30,2026-09-09_0144IST,airline_direct,IndiGo
BLR,HYD,6E,IndiGo,6E 6104,2026-09-10,1,economy,,,21295.0,False,11:40,ok,2026-09-09T01:44:42.708738+05:30,2026-09-09_0144IST,airline_direct,IndiGo
BLR,HYD,6E,IndiGo,6E 5306,2026-09-10,1,economy,,,21887.0,False,14:35,ok,2026-09-09T01:44:42.708738+05:30,2026-09-09_0144IST,airline_direct,IndiGo
BLR,HYD,6E,IndiGo,6E 6162,2026-09-10,1,economy,,,21887.0,False,18:50,ok,2026-09-09T01:44:42.708738+05:30,2026-09-09_0144IST,airline_direct,IndiGo
BLR,HYD,6E,IndiGo,6E 105,2026-09-10,1,economy,,,23976.0,False,18:50,ok,2026-09-09T01:44:42.708738+05:30,2026-09-09_0144IST,airline_direct,IndiGo
BLR,HYD,6E,IndiGo,6E 441,2026-09-10,1,economy,,,23976.0,False,20:40,ok,2026-09-09T01:44:42.708738+05:30,2026-09-09_0144IST,airline_direct,IndiGo
BLR,HYD,6E,IndiGo,6E 528,2026-09-10,1,economy,,,23976.0,False,21:40,ok,2026-09-09T01:44:42.708738+05:30,2026-09-09_0144IST,airline_direct,IndiGo
BLR,HYD,6E,IndiGo,6E 116,2026-09-10,1,economy,,,23976.0,False,23:05,ok,2026-09-09T01:44:42.708738+05:30,2026-09-09_0144IST,airline_direct,IndiGo
BLR,HYD,6E,IndiGo,6E 576,2026-09-10,1,economy,,,25026.0,False,16:25,ok,2026-09-09T01:44:42.708738+05:30,2026-09-09_0144IST,airline_direct,IndiGo
BLR,HYD,6E,IndiGo,6E 105,2026-09-10,1,economy,,,25026.0,False,18:50,ok,2026-09-09T01:44:42.708738+05:30,2026-09-09_0144IST,airline_direct,IndiGo
BLR,HYD,6E,IndiGo,6E 116,2026-09-10,1,economy,,,26339.0,False,23:05,ok,2026-09-09T01:44:42.708738+05:30,2026-09-09_0144IST,airline_direct,IndiGo
MAA,DEL,6E,IndiGo,6E 939,2026-09-10,1,business,,,28240.0,False,13:00,ok,2026-09-09T01:45:39.221628+05:30,2026-09-09_0145IST,airline_direct,IndiGo
MAA,DEL,6E,IndiGo,6E 939,2026-09-10,1,economy,,,9830.0,False,13:00,ok,2026-09-09T01:45:39.221628+05:30,2026-09-09_0145IST,airline_direct,IndiGo
MAA,DEL,6E,IndiGo,6E 948,2026-09-10,1,business,,,28240.0,False,14:30,ok,2026-09-09T01:45:39.221628+05:30,2026-09-09_0145IST,airline_direct,IndiGo
MAA,DEL,6E,IndiGo,6E 948,2026-09-10,1,economy,,,9830.0,False,14:30,ok,2026-09-09T01:45:39.221628+05:30,2026-09-09_0145IST,airline_direct,IndiGo
MAA,DEL,6E,IndiGo,6E 2369,2026-09-10,1,business,,,28240.0,False,23:45,ok,2026-09-09T01:45:39.221628+05:30,2026-09-09_0145IST,airline_direct,IndiGo
MAA,DEL,6E,IndiGo,6E 2369,2026-09-10,1,economy,,,9830.0,False,23:45,ok,2026-09-09T01:45:39.221628+05:30,2026-09-09_0145IST,airline_direct,IndiGo
MAA,DEL,6E,IndiGo,6E 404,2026-09-10,1,business,,,30280.0,False,09:15,ok,2026-09-09T01:45:39.221628+05:30,2026-09-09_0145IST,airline_direct,IndiGo
MAA,DEL,6E,IndiGo,6E 404,2026-09-10,1,economy,,,10295.0,False,09:15,ok,2026-09-09T01:45:39.221628+05:30,2026-09-09_0145IST,airline_direct,IndiGo
MAA,DEL,6E,IndiGo,6E 6002,2026-09-10,1,business,,,28240.0,False,11:10,ok,2026-09-09T01:45:39.221628+05:30,2026-09-09_0145IST,airline_direct,IndiGo
MAA,DEL,6E,IndiGo,6E 6002,2026-09-10,1,economy,,,10785.0,False,11:10,ok,2026-09-09T01:45:39.221628+05:30,2026-09-09_0145IST,airline_direct,IndiGo
MAA,DEL,6E,IndiGo,6E 951,2026-09-10,1,business,,,28240.0,False,21:50,ok,2026-09-09T01:45:39.221628+05:30,2026-09-09_0145IST,airline_direct,IndiGo
MAA,DEL,6E,IndiGo,6E 951,2026-09-10,1,economy,,,12426.0,False,21:50,ok,2026-09-09T01:45:39.221628+05:30,2026-09-09_0145IST,airline_direct,IndiGo
MAA,DEL,6E,IndiGo,6E 698,2026-09-10,1,business,,,28240.0,False,16:45,ok,2026-09-09T01:45:39.221628+05:30,2026-09-09_0145IST,airline_direct,IndiGo
MAA,DEL,6E,IndiGo,6E 698,2026-09-10,1,economy,,,13677.0,False,16:45,ok,2026-09-09T01:45:39.221628+05:30,2026-09-09_0145IST,airline_direct,IndiGo
MAA,DEL,6E,IndiGo,6E 937,2026-09-10,1,business,,,28240.0,False,06:30,ok,2026-09-09T01:45:39.221628+05:30,2026-09-09_0145IST,airline_direct,IndiGo
MAA,DEL,6E,IndiGo,6E 937,2026-09-10,1,economy,,,16620.0,False,06:30,ok,2026-09-09T01:45:39.221628+05:30,2026-09-09_0145IST,airline_direct,IndiGo
MAA,DEL,6E,IndiGo,6E 613,2026-09-10,1,business,,,39899.0,False,19:00,ok,2026-09-09T01:45:39.221628+05:30,2026-09-09_0145IST,airline_direct,IndiGo
MAA,DEL,6E,IndiGo,6E 613,2026-09-10,1,economy,,,16620.0,False,19:00,ok,2026-09-09T01:45:39.221628+05:30,2026-09-09_0145IST,airline_direct,IndiGo
MAA,DEL,6E,IndiGo,6E 6892,2026-09-10,1,economy,,,11481.0,False,10:55,ok,2026-09-09T01:45:39.221628+05:30,2026-09-09_0145IST,airline_direct,IndiGo
MAA,DEL,6E,IndiGo,6E 6892,2026-09-10,1,economy,,,11481.0,False,10:55,ok,2026-09-09T01:45:39.221628+05:30,2026-09-09_0145IST,airline_direct,IndiGo
MAA,DEL,6E,IndiGo,6E 991,2026-09-10,1,economy,,,12123.0,False,09:30,ok,2026-09-09T01:45:39.221628+05:30,2026-09-09_0145IST,airline_direct,IndiGo
MAA,DEL,6E,IndiGo,6E 539,2026-09-10,1,economy,,,12123.0,False,11:25,ok,2026-09-09T01:45:39.221628+05:30,2026-09-09_0145IST,airline_direct,IndiGo
MAA,DEL,6E,IndiGo,6E 6925,2026-09-10,1,economy,,,12123.0,False,12:00,ok,2026-09-09T01:45:39.221628+05:30,2026-09-09_0145IST,airline_direct,IndiGo
MAA,DEL,6E,IndiGo,6E 848,2026-09-10,1,economy,,,12123.0,False,17:50,ok,2026-09-09T01:45:39.221628+05:30,2026-09-09_0145IST,airline_direct,IndiGo
MAA,DEL,6E,IndiGo,6E 726,2026-09-10,1,economy,,,12202.0,False,18:20,ok,2026-09-09T01:45:39.221628+05:30,2026-09-09_0145IST,airline_direct,IndiGo
MAA,DEL,6E,IndiGo,6E 321,2026-09-10,1,business,,,37589.0,False,08:20,ok,2026-09-09T01:45:39.221628+05:30,2026-09-09_0145IST,airline_direct,IndiGo
MAA,DEL,6E,IndiGo,6E 321,2026-09-10,1,economy,,,12333.0,False,08:20,ok,2026-09-09T01:45:39.221628+05:30,2026-09-09_0145IST,airline_direct,IndiGo
MAA,DEL,6E,IndiGo,6E 5214,2026-09-10,1,business,,,39741.0,False,11:00,ok,2026-09-09T01:45:39.221628+05:30,2026-09-09_0145IST,airline_direct,IndiGo
MAA,DEL,6E,IndiGo,6E 5214,2026-09-10,1,economy,,,12333.0,False,11:00,ok,2026-09-09T01:45:39.221628+05:30,2026-09-09_0145IST,airline_direct,IndiGo
MAA,DEL,6E,IndiGo,6E 6326,2026-09-10,1,business,,,39352.0,False,11:45,ok,2026-09-09T01:45:39.221628+05:30,2026-09-09_0145IST,airline_direct,IndiGo
MAA,DEL,6E,IndiGo,6E 6326,2026-09-10,1,economy,,,12333.0,False,11:45,ok,2026-09-09T01:45:39.221628+05:30,2026-09-09_0145IST,airline_direct,IndiGo
MAA,DEL,6E,IndiGo,6E 606,2026-09-10,1,business,,,36645.0,False,18:05,ok,2026-09-09T01:45:39.221628+05:30,2026-09-09_0145IST,airline_direct,IndiGo
MAA,DEL,6E,IndiGo,6E 606,2026-09-10,1,economy,,,12333.0,False,18:05,ok,2026-09-09T01:45:39.221628+05:30,2026-09-09_0145IST,airline_direct,IndiGo
MAA,DEL,6E,IndiGo,6E 6815,2026-09-10,1,economy,,,12670.0,False,08:55,ok,2026-09-09T01:45:39.221628+05:30,2026-09-09_0145IST,airline_direct,IndiGo
MAA,DEL,6E,IndiGo,6E 6209,2026-09-10,1,economy,,,12670.0,False,14:35,ok,2026-09-09T01:45:39.221628+05:30,2026-09-09_0145IST,airline_direct,IndiGo
MAA,DEL,6E,IndiGo,6E 6081,2026-09-10,1,economy,,,12733.0,False,07:05,ok,2026-09-09T01:45:39.221628+05:30,2026-09-09_0145IST,airline_direct,IndiGo
MAA,DEL,6E,IndiGo,6E 7084,2026-09-10,1,economy,,,12998.0,False,07:20,ok,2026-09-09T01:45:39.221628+05:30,2026-09-09_0145IST,airline_direct,IndiGo
MAA,DEL,6E,IndiGo,6E 973,2026-09-10,1,economy,,,13129.0,False,11:55,ok,2026-09-09T01:45:39.221628+05:30,2026-09-09_0145IST,airline_direct,IndiGo
MAA,DEL,6E,IndiGo,6E 6081,2026-09-10,1,economy,,,13274.0,False,07:05,ok,2026-09-09T01:45:39.221628+05:30,2026-09-09_0145IST,airline_direct,IndiGo
MAA,DEL,6E,IndiGo,6E 834,2026-09-10,1,economy,,,13301.0,False,09:05,ok,2026-09-09T01:45:39.221628+05:30,2026-09-09_0145IST,airline_direct,IndiGo
MAA,DEL,6E,IndiGo,6E 834,2026-09-10,1,economy,,,13301.0,False,09:05,ok,2026-09-09T01:45:39.221628+05:30,2026-09-09_0145IST,airline_direct,IndiGo
MAA,DEL,6E,IndiGo,6E 6348,2026-09-10,1,business,,,39741.0,False,09:00,ok,2026-09-09T01:45:39.221628+05:30,2026-09-09_0145IST,airline_direct,IndiGo
MAA,DEL,6E,IndiGo,6E 6348,2026-09-10,1,economy,,,13339.0,False,09:00,ok,2026-09-09T01:45:39.221628+05:30,2026-09-09_0145IST,airline_direct,IndiGo
MAA,DEL,6E,IndiGo,6E 6348,2026-09-10,1,business,,,43340.0,False,09:00,ok,2026-09-09T01:45:39.221628+05:30,2026-09-09_0145IST,airline_direct,IndiGo
MAA,DEL,6E,IndiGo,6E 6348,2026-09-10,1,economy,,,13339.0,False,09:00,ok,2026-09-09T01:45:39.221628+05:30,2026-09-09_0145IST,airline_direct,IndiGo
MAA,DEL,6E,IndiGo,6E 597,2026-09-10,1,economy,,,13496.0,False,17:45,ok,2026-09-09T01:45:39.221628+05:30,2026-09-09_0145IST,airline_direct,IndiGo
MAA,DEL,6E,IndiGo,6E 6797,2026-09-10,1,economy,,,14024.0,False,13:10,ok,2026-09-09T01:45:39.221628+05:30,2026-09-09_0145IST,airline_direct,IndiGo
MAA,DEL,6E,IndiGo,6E 6487,2026-09-10,1,economy,,,14424.0,False,21:25,ok,2026-09-09T01:45:39.221628+05:30,2026-09-09_0145IST,airline_direct,IndiGo
MAA,DEL,6E,IndiGo,6E 495,2026-09-10,1,economy,,,14430.0,False,07:10,ok,2026-09-09T01:45:39.221628+05:30,2026-09-09_0145IST,airline_direct,IndiGo
MAA,DEL,6E,IndiGo,6E 372,2026-09-10,1,economy,,,14430.0,False,09:55,ok,2026-09-09T01:45:39.221628+05:30,2026-09-09_0145IST,airline_direct,IndiGo
MAA,DEL,6E,IndiGo,6E 6209,2026-09-10,1,economy,,,14963.0,False,14:35,ok,2026-09-09T01:45:39.221628+05:30,2026-09-09_0145IST,airline_direct,IndiGo
MAA,DEL,6E,IndiGo,6E 495,2026-09-10,1,economy,,,15016.0,False,07:10,ok,2026-09-09T01:45:39.221628+05:30,2026-09-09_0145IST,airline_direct,IndiGo
MAA,DEL,6E,IndiGo,6E 193,2026-09-10,1,economy,,,15016.0,False,20:00,ok,2026-09-09T01:45:39.221628+05:30,2026-09-09_0145IST,airline_direct,IndiGo
MAA,DEL,6E,IndiGo,6E 6113,2026-09-10,1,economy,,,15414.0,False,17:00,ok,2026-09-09T01:45:39.221628+05:30,2026-09-09_0145IST,airline_direct,IndiGo
MAA,DEL,6E,IndiGo,6E 847,2026-09-10,1,economy,,,16865.0,False,16:15,ok,2026-09-09T01:45:39.221628+05:30,2026-09-09_0145IST,airline_direct,IndiGo
MAA,DEL,6E,IndiGo,6E 6925,2026-09-10,1,economy,,,17015.0,False,12:00,ok,2026-09-09T01:45:39.221628+05:30,2026-09-09_0145IST,airline_direct,IndiGo
MAA,DEL,6E,IndiGo,6E 253,2026-09-10,1,economy,,,17313.0,False,03:10,ok,2026-09-09T01:45:39.221628+05:30,2026-09-09_0145IST,airline_direct,IndiGo
MAA,DEL,6E,IndiGo,6E 6140,2026-09-10,1,business,,,37941.0,False,02:30,ok,2026-09-09T01:45:39.221628+05:30,2026-09-09_0145IST,airline_direct,IndiGo
MAA,DEL,6E,IndiGo,6E 6140,2026-09-10,1,economy,,,18133.0,False,02:30,ok,2026-09-09T01:45:39.221628+05:30,2026-09-09_0145IST,airline_direct,IndiGo
MAA,DEL,6E,IndiGo,6E 5258,2026-09-10,1,business,,,43340.0,False,12:45,ok,2026-09-09T01:45:39.221628+05:30,2026-09-09_0145IST,airline_direct,IndiGo
MAA,DEL,6E,IndiGo,6E 5258,2026-09-10,1,economy,,,18141.0,False,12:45,ok,2026-09-09T01:45:39.221628+05:30,2026-09-09_0145IST,airline_direct,IndiGo
MAA,DEL,6E,IndiGo,6E 561,2026-09-10,1,business,,,35965.0,False,22:20,ok,2026-09-09T01:45:39.221628+05:30,2026-09-09_0145IST,airline_direct,IndiGo
MAA,DEL,6E,IndiGo,6E 561,2026-09-10,1,economy,,,18255.0,False,22:20,ok,2026-09-09T01:45:39.221628+05:30,2026-09-09_0145IST,airline_direct,IndiGo
MAA,DEL,6E,IndiGo,6E 502,2026-09-10,1,business,,,39190.0,False,11:10,ok,2026-09-09T01:45:39.221628+05:30,2026-09-09_0145IST,airline_direct,IndiGo
MAA,DEL,6E,IndiGo,6E 502,2026-09-10,1,economy,,,18322.0,False,11:10,ok,2026-09-09T01:45:39.221628+05:30,2026-09-09_0145IST,airline_direct,IndiGo
MAA,DEL,6E,IndiGo,6E 244,2026-09-10,1,economy,,,20363.0,False,03:55,ok,2026-09-09T01:45:39.221628+05:30,2026-09-09_0145IST,airline_direct,IndiGo
MAA,DEL,6E,IndiGo,6E 6140,2026-09-10,1,business,,,45316.0,False,02:30,ok,2026-09-09T01:45:39.221628+05:30,2026-09-09_0145IST,airline_direct,IndiGo
MAA,DEL,6E,IndiGo,6E 6140,2026-09-10,1,economy,,,20581.0,False,02:30,ok,2026-09-09T01:45:39.221628+05:30,2026-09-09_0145IST,airline_direct,IndiGo
MAA,DEL,6E,IndiGo,6E 607,2026-09-10,1,business,,,37617.0,False,05:40,ok,2026-09-09T01:45:39.221628+05:30,2026-09-09_0145IST,airline_direct,IndiGo
MAA,DEL,6E,IndiGo,6E 607,2026-09-10,1,economy,,,21408.0,False,05:40,ok,2026-09-09T01:45:39.221628+05:30,2026-09-09_0145IST,airline_direct,IndiGo
MAA,DEL,6E,IndiGo,6E 183,2026-09-10,1,business,,,37501.0,False,16:35,ok,2026-09-09T01:45:39.221628+05:30,2026-09-09_0145IST,airline_direct,IndiGo
MAA,DEL,6E,IndiGo,6E 183,2026-09-10,1,economy,,,22661.0,False,16:35,ok,2026-09-09T01:45:39.221628+05:30,2026-09-09_0145IST,airline_direct,IndiGo
MAA,DEL,6E,IndiGo,6E 562,2026-09-10,1,economy,,,23162.0,False,18:20,ok,2026-09-09T01:45:39.221628+05:30,2026-09-09_0145IST,airline_direct,IndiGo
MAA,DEL,6E,IndiGo,6E 6158,2026-09-10,1,economy,,,23753.0,False,16:10,ok,2026-09-09T01:45:39.221628+05:30,2026-09-09_0145IST,airline_direct,IndiGo
MAA,DEL,6E,IndiGo,6E 365,2026-09-10,1,economy,,,24932.0,False,17:45,ok,2026-09-09T01:45:39.221628+05:30,2026-09-09_0145IST,airline_direct,IndiGo
MAA,DEL,6E,IndiGo,6E 5104,2026-09-10,1,business,,,47116.0,False,16:40,ok,2026-09-09T01:45:39.221628+05:30,2026-09-09_0145IST,airline_direct,IndiGo
MAA,DEL,6E,IndiGo,6E 5104,2026-09-10,1,economy,,,28310.0,False,16:40,ok,2026-09-09T01:45:39.221628+05:30,2026-09-09_0145IST,airline_direct,IndiGo
MAA,DEL,6E,IndiGo,6E 189,2026-09-10,1,economy,,,29080.0,False,19:05,ok,2026-09-09T01:45:39.221628+05:30,2026-09-09_0145IST,airline_direct,IndiGo
MAA,DEL,6E,IndiGo,6E 5258,2026-09-10,1,business,,,47116.0,False,12:45,ok,2026-09-09T01:45:39.221628+05:30,2026-09-09_0145IST,airline_direct,IndiGo
MAA,DEL,6E,IndiGo,6E 5258,2026-09-10,1,economy,,,32736.0,False,12:45,ok,2026-09-09T01:45:39.221628+05:30,2026-09-09_0145IST,airline_direct,IndiGo
MAA,DEL,6E,IndiGo,6E 5371,2026-09-10,1,business,,,46308.0,False,14:45,ok,2026-09-09T01:45:39.221628+05:30,2026-09-09_0145IST,airline_direct,IndiGo
MAA,DEL,6E,IndiGo,6E 5371,2026-09-10,1,economy,,,32736.0,False,14:45,ok,2026-09-09T01:45:39.221628+05:30,2026-09-09_0145IST,airline_direct,IndiGo
MAA,DEL,6E,IndiGo,6E 5367,2026-09-10,1,business,,,44565.0,False,18:15,ok,2026-09-09T01:45:39.221628+05:30,2026-09-09_0145IST,airline_direct,IndiGo
MAA,DEL,6E,IndiGo,6E 5367,2026-09-10,1,economy,,,37229.0,False,18:15,ok,2026-09-09T01:45:39.221628+05:30,2026-09-09_0145IST,airline_direct,IndiGo
DEL,BOM,6E,IndiGo,6E 449,2026-09-16,7,business,,,24260.0,False,05:00,ok,2026-09-09T01:47:01.007797+05:30,2026-09-09_0147IST,airline_direct,IndiGo
DEL,BOM,6E,IndiGo,6E 449,2026-09-16,7,economy,,,6305.0,False,05:00,ok,2026-09-09T01:47:01.007797+05:30,2026-09-09_0147IST,airline_direct,IndiGo
DEL,BOM,6E,IndiGo,6E 675,2026-09-16,7,business,,,24260.0,False,08:45,ok,2026-09-09T01:47:01.007797+05:30,2026-09-09_0147IST,airline_direct,IndiGo
DEL,BOM,6E,IndiGo,6E 675,2026-09-16,7,economy,,,6305.0,False,08:45,ok,2026-09-09T01:47:01.007797+05:30,2026-09-09_0147IST,airline_direct,IndiGo
DEL,BOM,6E,IndiGo,6E 6107,2026-09-16,7,business,,,24260.0,False,09:30,ok,2026-09-09T01:47:01.007797+05:30,2026-09-09_0147IST,airline_direct,IndiGo
DEL,BOM,6E,IndiGo,6E 6107,2026-09-16,7,economy,,,6305.0,False,09:30,ok,2026-09-09T01:47:01.007797+05:30,2026-09-09_0147IST,airline_direct,IndiGo
DEL,BOM,6E,IndiGo,6E 6328,2026-09-16,7,business,,,24260.0,False,10:15,ok,2026-09-09T01:47:01.007797+05:30,2026-09-09_0147IST,airline_direct,IndiGo
DEL,BOM,6E,IndiGo,6E 6328,2026-09-16,7,economy,,,6305.0,False,10:15,ok,2026-09-09T01:47:01.007797+05:30,2026-09-09_0147IST,airline_direct,IndiGo
DEL,BOM,6E,IndiGo,6E 6047,2026-09-16,7,business,,,24260.0,False,11:00,ok,2026-09-09T01:47:01.007797+05:30,2026-09-09_0147IST,airline_direct,IndiGo
DEL,BOM,6E,IndiGo,6E 6047,2026-09-16,7,economy,,,6305.0,False,11:00,ok,2026-09-09T01:47:01.007797+05:30,2026-09-09_0147IST,airline_direct,IndiGo
DEL,BOM,6E,IndiGo,6E 6676,2026-09-16,7,business,,,24260.0,False,12:00,ok,2026-09-09T01:47:01.007797+05:30,2026-09-09_0147IST,airline_direct,IndiGo
DEL,BOM,6E,IndiGo,6E 6676,2026-09-16,7,economy,,,6305.0,False,12:00,ok,2026-09-09T01:47:01.007797+05:30,2026-09-09_0147IST,airline_direct,IndiGo
DEL,BOM,6E,IndiGo,6E 324,2026-09-16,7,business,,,24260.0,False,13:00,ok,2026-09-09T01:47:01.007797+05:30,2026-09-09_0147IST,airline_direct,IndiGo
DEL,BOM,6E,IndiGo,6E 324,2026-09-16,7,economy,,,6305.0,False,13:00,ok,2026-09-09T01:47:01.007797+05:30,2026-09-09_0147IST,airline_direct,IndiGo
DEL,BOM,6E,IndiGo,6E 6022,2026-09-16,7,business,,,24260.0,False,14:00,ok,2026-09-09T01:47:01.007797+05:30,2026-09-09_0147IST,airline_direct,IndiGo
DEL,BOM,6E,IndiGo,6E 6022,2026-09-16,7,economy,,,6305.0,False,14:00,ok,2026-09-09T01:47:01.007797+05:30,2026-09-09_0147IST,airline_direct,IndiGo
DEL,BOM,6E,IndiGo,6E 6318,2026-09-16,7,business,,,24260.0,False,14:45,ok,2026-09-09T01:47:01.007797+05:30,2026-09-09_0147IST,airline_direct,IndiGo
DEL,BOM,6E,IndiGo,6E 6318,2026-09-16,7,economy,,,6305.0,False,14:45,ok,2026-09-09T01:47:01.007797+05:30,2026-09-09_0147IST,airline_direct,IndiGo
DEL,BOM,6E,IndiGo,6E 864,2026-09-16,7,business,,,24260.0,False,15:30,ok,2026-09-09T01:47:01.007797+05:30,2026-09-09_0147IST,airline_direct,IndiGo
DEL,BOM,6E,IndiGo,6E 864,2026-09-16,7,economy,,,6305.0,False,15:30,ok,2026-09-09T01:47:01.007797+05:30,2026-09-09_0147IST,airline_direct,IndiGo
DEL,BOM,6E,IndiGo,6E 327,2026-09-16,7,business,,,24260.0,False,16:15,ok,2026-09-09T01:47:01.007797+05:30,2026-09-09_0147IST,airline_direct,IndiGo
DEL,BOM,6E,IndiGo,6E 327,2026-09-16,7,economy,,,6305.0,False,16:15,ok,2026-09-09T01:47:01.007797+05:30,2026-09-09_0147IST,airline_direct,IndiGo
DEL,BOM,6E,IndiGo,6E 6218,2026-09-16,7,business,,,24260.0,False,06:05,ok,2026-09-09T01:47:01.007797+05:30,2026-09-09_0147IST,airline_direct,IndiGo
DEL,BOM,6E,IndiGo,6E 6218,2026-09-16,7,economy,,,6357.0,False,06:05,ok,2026-09-09T01:47:01.007797+05:30,2026-09-09_0147IST,airline_direct,IndiGo
DEL,BOM,6E,IndiGo,6E 6814,2026-09-16,7,business,,,24260.0,False,07:15,ok,2026-09-09T01:47:01.007797+05:30,2026-09-09_0147IST,airline_direct,IndiGo
DEL,BOM,6E,IndiGo,6E 6814,2026-09-16,7,economy,,,6431.0,False,07:15,ok,2026-09-09T01:47:01.007797+05:30,2026-09-09_0147IST,airline_direct,IndiGo
DEL,BOM,6E,IndiGo,6E 320,2026-09-16,7,business,,,24260.0,False,08:00,ok,2026-09-09T01:47:01.007797+05:30,2026-09-09_0147IST,airline_direct,IndiGo
DEL,BOM,6E,IndiGo,6E 320,2026-09-16,7,economy,,,6431.0,False,08:00,ok,2026-09-09T01:47:01.007797+05:30,2026-09-09_0147IST,airline_direct,IndiGo
DEL,BOM,6E,IndiGo,6E 6706,2026-09-16,7,business,,,24260.0,False,17:00,ok,2026-09-09T01:47:01.007797+05:30,2026-09-09_0147IST,airline_direct,IndiGo
DEL,BOM,6E,IndiGo,6E 6706,2026-09-16,7,economy,,,6431.0,False,17:00,ok,2026-09-09T01:47:01.007797+05:30,2026-09-09_0147IST,airline_direct,IndiGo
DEL,BOM,6E,IndiGo,6E 329,2026-09-16,7,business,,,28443.0,False,18:00,ok,2026-09-09T01:47:01.007797+05:30,2026-09-09_0147IST,airline_direct,IndiGo
DEL,BOM,6E,IndiGo,6E 329,2026-09-16,7,economy,,,6431.0,False,18:00,ok,2026-09-09T01:47:01.007797+05:30,2026-09-09_0147IST,airline_direct,IndiGo
DEL,BOM,6E,IndiGo,6E 354,2026-09-16,7,business,,,28443.0,False,19:00,ok,2026-09-09T01:47:01.007797+05:30,2026-09-09_0147IST,airline_direct,IndiGo
DEL,BOM,6E,IndiGo,6E 354,2026-09-16,7,economy,,,6431.0,False,19:00,ok,2026-09-09T01:47:01.007797+05:30,2026-09-09_0147IST,airline_direct,IndiGo
DEL,BOM,6E,IndiGo,6E 395,2026-09-16,7,business,,,24260.0,False,21:45,ok,2026-09-09T01:47:01.007797+05:30,2026-09-09_0147IST,airline_direct,IndiGo
DEL,BOM,6E,IndiGo,6E 395,2026-09-16,7,economy,,,6431.0,False,21:45,ok,2026-09-09T01:47:01.007797+05:30,2026-09-09_0147IST,airline_direct,IndiGo
DEL,BOM,6E,IndiGo,6E 6114,2026-09-16,7,business,,,24260.0,False,22:45,ok,2026-09-09T01:47:01.007797+05:30,2026-09-09_0147IST,airline_direct,IndiGo
DEL,BOM,6E,IndiGo,6E 6114,2026-09-16,7,economy,,,6431.0,False,22:45,ok,2026-09-09T01:47:01.007797+05:30,2026-09-09_0147IST,airline_direct,IndiGo
DEL,BOM,6E,IndiGo,6E 322,2026-09-16,7,business,,,24260.0,False,23:30,ok,2026-09-09T01:47:01.007797+05:30,2026-09-09_0147IST,airline_direct,IndiGo
DEL,BOM,6E,IndiGo,6E 322,2026-09-16,7,economy,,,6431.0,False,23:30,ok,2026-09-09T01:47:01.007797+05:30,2026-09-09_0147IST,airline_direct,IndiGo
DEL,BOM,6E,IndiGo,6E 853,2026-09-16,7,business,,,24260.0,False,20:45,ok,2026-09-09T01:47:01.007797+05:30,2026-09-09_0147IST,airline_direct,IndiGo
DEL,BOM,6E,IndiGo,6E 853,2026-09-16,7,economy,,,6688.0,False,20:45,ok,2026-09-09T01:47:01.007797+05:30,2026-09-09_0147IST,airline_direct,IndiGo
DEL,BOM,6E,IndiGo,6E 303,2026-09-16,7,business,,,24260.0,False,20:00,ok,2026-09-09T01:47:01.007797+05:30,2026-09-09_0147IST,airline_direct,IndiGo
DEL,BOM,6E,IndiGo,6E 303,2026-09-16,7,economy,,,7003.0,False,20:00,ok,2026-09-09T01:47:01.007797+05:30,2026-09-09_0147IST,airline_direct,IndiGo
DEL,BOM,6E,IndiGo,6E 6261,2026-09-16,7,economy,,,6618.0,False,00:15,ok,2026-09-09T01:47:01.007797+05:30,2026-09-09_0147IST,airline_direct,IndiGo
DEL,BOM,6E,IndiGo,6E 5119,2026-09-16,7,economy,,,6618.0,False,05:10,ok,2026-09-09T01:47:01.007797+05:30,2026-09-09_0147IST,airline_direct,IndiGo
DEL,BOM,6E,IndiGo,6E 6171,2026-09-16,7,economy,,,6618.0,False,05:40,ok,2026-09-09T01:47:01.007797+05:30,2026-09-09_0147IST,airline_direct,IndiGo
DEL,BOM,6E,IndiGo,6E 6983,2026-09-16,7,economy,,,6618.0,False,15:35,ok,2026-09-09T01:47:01.007797+05:30,2026-09-09_0147IST,airline_direct,IndiGo
DEL,BOM,6E,IndiGo,6E 5033,2026-09-16,7,economy,,,6618.0,False,15:50,ok,2026-09-09T01:47:01.007797+05:30,2026-09-09_0147IST,airline_direct,IndiGo
DEL,BOM,6E,IndiGo,6E 5073,2026-09-16,7,economy,,,6618.0,False,17:05,ok,2026-09-09T01:47:01.007797+05:30,2026-09-09_0147IST,airline_direct,IndiGo
DEL,BOM,6E,IndiGo,6E 5014,2026-09-16,7,economy,,,6618.0,False,18:30,ok,2026-09-09T01:47:01.007797+05:30,2026-09-09_0147IST,airline_direct,IndiGo
DEL,BOM,6E,IndiGo,6E 931,2026-09-16,7,economy,,,6618.0,False,19:35,ok,2026-09-09T01:47:01.007797+05:30,2026-09-09_0147IST,airline_direct,IndiGo
DEL,BOM,6E,IndiGo,6E 2013,2026-09-16,7,economy,,,6618.0,False,21:50,ok,2026-09-09T01:47:01.007797+05:30,2026-09-09_0147IST,airline_direct,IndiGo
DEL,BOM,6E,IndiGo,6E 6018,2026-09-16,7,economy,,,6750.0,False,04:40,ok,2026-09-09T01:47:01.007797+05:30,2026-09-09_0147IST,airline_direct,IndiGo
DEL,BOM,6E,IndiGo,6E 2345,2026-09-16,7,economy,,,6750.0,False,05:55,ok,2026-09-09T01:47:01.007797+05:30,2026-09-09_0147IST,airline_direct,IndiGo
DEL,BOM,6E,IndiGo,6E 6443,2026-09-16,7,economy,,,6750.0,False,09:00,ok,2026-09-09T01:47:01.007797+05:30,2026-09-09_0147IST,airline_direct,IndiGo
DEL,BOM,6E,IndiGo,6E 6488,2026-09-16,7,economy,,,6750.0,False,11:20,ok,2026-09-09T01:47:01.007797+05:30,2026-09-09_0147IST,airline_direct,IndiGo
DEL,BOM,6E,IndiGo,6E 2249,2026-09-16,7,economy,,,6750.0,False,15:00,ok,2026-09-09T01:47:01.007797+05:30,2026-09-09_0147IST,airline_direct,IndiGo
DEL,BOM,6E,IndiGo,6E 6829,2026-09-16,7,economy,,,6750.0,False,17:20,ok,2026-09-09T01:47:01.007797+05:30,2026-09-09_0147IST,airline_direct,IndiGo
DEL,BOM,6E,IndiGo,6E 6829,2026-09-16,7,economy,,,6750.0,False,17:20,ok,2026-09-09T01:47:01.007797+05:30,2026-09-09_0147IST,airline_direct,IndiGo
DEL,BOM,6E,IndiGo,6E 5138,2026-09-16,7,economy,,,6750.0,False,19:10,ok,2026-09-09T01:47:01.007797+05:30,2026-09-09_0147IST,airline_direct,IndiGo
DEL,BOM,6E,IndiGo,6E 2169,2026-09-16,7,economy,,,6750.0,False,19:40,ok,2026-09-09T01:47:01.007797+05:30,2026-09-09_0147IST,airline_direct,IndiGo
DEL,BOM,6E,IndiGo,6E 6050,2026-09-16,7,economy,,,6828.0,False,08:15,ok,2026-09-09T01:47:01.007797+05:30,2026-09-09_0147IST,airline_direct,IndiGo
DEL,BOM,6E,IndiGo,6E 5298,2026-09-16,7,economy,,,6828.0,False,09:00,ok,2026-09-09T01:47:01.007797+05:30,2026-09-09_0147IST,airline_direct,IndiGo
DEL,BOM,6E,IndiGo,6E 5038,2026-09-16,7,economy,,,6828.0,False,14:00,ok,2026-09-09T01:47:01.007797+05:30,2026-09-09_0147IST,airline_direct,IndiGo
DEL,BOM,6E,IndiGo,6E 2151,2026-09-16,7,economy,,,6828.0,False,19:45,ok,2026-09-09T01:47:01.007797+05:30,2026-09-09_0147IST,airline_direct,IndiGo
DEL,BOM,6E,IndiGo,6E 6479,2026-09-16,7,economy,,,6828.0,False,21:25,ok,2026-09-09T01:47:01.007797+05:30,2026-09-09_0147IST,airline_direct,IndiGo
DEL,BOM,6E,IndiGo,6E 6293,2026-09-16,7,business,,,36166.0,False,09:55,ok,2026-09-09T01:47:01.007797+05:30,2026-09-09_0147IST,airline_direct,IndiGo
DEL,BOM,6E,IndiGo,6E 6293,2026-09-16,7,economy,,,6960.0,False,09:55,ok,2026-09-09T01:47:01.007797+05:30,2026-09-09_0147IST,airline_direct,IndiGo
DEL,BOM,6E,IndiGo,6E 884,2026-09-16,7,business,,,36166.0,False,11:45,ok,2026-09-09T01:47:01.007797+05:30,2026-09-09_0147IST,airline_direct,IndiGo
DEL,BOM,6E,IndiGo,6E 884,2026-09-16,7,economy,,,6960.0,False,11:45,ok,2026-09-09T01:47:01.007797+05:30,2026-09-09_0147IST,airline_direct,IndiGo
DEL,BOM,6E,IndiGo,6E 6282,2026-09-16,7,business,,,36166.0,False,13:30,ok,2026-09-09T01:47:01.007797+05:30,2026-09-09_0147IST,airline_direct,IndiGo
DEL,BOM,6E,IndiGo,6E 6282,2026-09-16,7,economy,,,6960.0,False,13:30,ok,2026-09-09T01:47:01.007797+05:30,2026-09-09_0147IST,airline_direct,IndiGo
DEL,BOM,6E,IndiGo,6E 6282,2026-09-16,7,business,,,36166.0,False,13:30,ok,2026-09-09T01:47:01.007797+05:30,2026-09-09_0147IST,airline_direct,IndiGo
DEL,BOM,6E,IndiGo,6E 6282,2026-09-16,7,economy,,,6960.0,False,13:30,ok,2026-09-09T01:47:01.007797+05:30,2026-09-09_0147IST,airline_direct,IndiGo
DEL,BOM,6E,IndiGo,6E 6212,2026-09-16,7,business,,,36166.0,False,14:45,ok,2026-09-09T01:47:01.007797+05:30,2026-09-09_0147IST,airline_direct,IndiGo
DEL,BOM,6E,IndiGo,6E 6212,2026-09-16,7,economy,,,6960.0,False,14:45,ok,2026-09-09T01:47:01.007797+05:30,2026-09-09_0147IST,airline_direct,IndiGo
DEL,BOM,6E,IndiGo,6E 717,2026-09-16,7,business,,,36166.0,False,17:55,ok,2026-09-09T01:47:01.007797+05:30,2026-09-09_0147IST,airline_direct,IndiGo
DEL,BOM,6E,IndiGo,6E 717,2026-09-16,7,economy,,,6960.0,False,17:55,ok,2026-09-09T01:47:01.007797+05:30,2026-09-09_0147IST,airline_direct,IndiGo
DEL,BOM,6E,IndiGo,6E 6497,2026-09-16,7,economy,,,6960.0,False,18:40,ok,2026-09-09T01:47:01.007797+05:30,2026-09-09_0147IST,airline_direct,IndiGo
DEL,BOM,6E,IndiGo,6E 6601,2026-09-16,7,business,,,36166.0,False,19:45,ok,2026-09-09T01:47:01.007797+05:30,2026-09-09_0147IST,airline_direct,IndiGo
DEL,BOM,6E,IndiGo,6E 6601,2026-09-16,7,economy,,,6960.0,False,19:45,ok,2026-09-09T01:47:01.007797+05:30,2026-09-09_0147IST,airline_direct,IndiGo
DEL,BOM,6E,IndiGo,6E 882,2026-09-16,7,business,,,29592.0,False,23:15,ok,2026-09-09T01:47:01.007797+05:30,2026-09-09_0147IST,airline_direct,IndiGo
DEL,BOM,6E,IndiGo,6E 882,2026-09-16,7,economy,,,6960.0,False,23:15,ok,2026-09-09T01:47:01.007797+05:30,2026-09-09_0147IST,airline_direct,IndiGo
DEL,BOM,6E,IndiGo,6E 358,2026-09-16,7,economy,,,7038.0,False,12:15,ok,2026-09-09T01:47:01.007797+05:30,2026-09-09_0147IST,airline_direct,IndiGo
DEL,BOM,6E,IndiGo,6E 357,2026-09-16,7,economy,,,7038.0,False,19:30,ok,2026-09-09T01:47:01.007797+05:30,2026-09-09_0147IST,airline_direct,IndiGo
DEL,BOM,6E,IndiGo,6E 5119,2026-09-16,7,economy,,,7142.0,False,05:10,ok,2026-09-09T01:47:01.007797+05:30,2026-09-09_0147IST,airline_direct,IndiGo
DEL,BOM,6E,IndiGo,6E 2037,2026-09-16,7,economy,,,7142.0,False,11:10,ok,2026-09-09T01:47:01.007797+05:30,2026-09-09_0147IST,airline_direct,IndiGo
DEL,BOM,6E,IndiGo,6E 6433,2026-09-16,7,economy,,,7274.0,False,16:30,ok,2026-09-09T01:47:01.007797+05:30,2026-09-09_0147IST,airline_direct,IndiGo
DEL,BOM,6E,IndiGo,6E 2381,2026-09-16,7,economy,,,7484.0,False,13:45,ok,2026-09-09T01:47:01.007797+05:30,2026-09-09_0147IST,airline_direct,IndiGo
DEL,BOM,6E,IndiGo,6E 2298,2026-09-16,7,economy,,,9047.0,False,09:45,ok,2026-09-09T01:47:01.007797+05:30,2026-09-09_0147IST,airline_direct,IndiGo
DEL,BOM,6E,IndiGo,6E 2341,2026-09-16,7,economy,,,9047.0,False,14:50,ok,2026-09-09T01:47:01.007797+05:30,2026-09-09_0147IST,airline_direct,IndiGo
DEL,BOM,6E,IndiGo,6E 5073,2026-09-16,7,economy,,,9812.0,False,17:05,ok,2026-09-09T01:47:01.007797+05:30,2026-09-09_0147IST,airline_direct,IndiGo
DEL,BOM,6E,IndiGo,6E 5206,2026-09-16,7,economy,,,10022.0,False,13:20,ok,2026-09-09T01:47:01.007797+05:30,2026-09-09_0147IST,airline_direct,IndiGo
DEL,BOM,6E,IndiGo,6E 2496,2026-09-16,7,economy,,,10468.0,False,12:40,ok,2026-09-09T01:47:01.007797+05:30,2026-09-09_0147IST,airline_direct,IndiGo
DEL,BOM,6E,IndiGo,6E 2076,2026-09-16,7,economy,,,13710.0,False,07:30,ok,2026-09-09T01:47:01.007797+05:30,2026-09-09_0147IST,airline_direct,IndiGo
DEL,BOM,6E,IndiGo,6E 705,2026-09-16,7,business,,,38630.0,False,08:30,ok,2026-09-09T01:47:01.007797+05:30,2026-09-09_0147IST,airline_direct,IndiGo
DEL,BOM,6E,IndiGo,6E 705,2026-09-16,7,economy,,,16943.0,False,08:30,ok,2026-09-09T01:47:01.007797+05:30,2026-09-09_0147IST,airline_direct,IndiGo
DEL,BLR,6E,IndiGo,6E 820,2026-09-16,7,business,,,29942.0,False,03:00,ok,2026-09-09T01:47:58.167894+05:30,2026-09-09_0147IST,airline_direct,IndiGo
DEL,BLR,6E,IndiGo,6E 820,2026-09-16,7,economy,,,8671.0,False,03:00,ok,2026-09-09T01:47:58.167894+05:30,2026-09-09_0147IST,airline_direct,IndiGo
DEL,BLR,6E,IndiGo,6E 2314,2026-09-16,7,business,,,29942.0,False,05:45,ok,2026-09-09T01:47:58.167894+05:30,2026-09-09_0147IST,airline_direct,IndiGo
DEL,BLR,6E,IndiGo,6E 2314,2026-09-16,7,economy,,,8671.0,False,05:45,ok,2026-09-09T01:47:58.167894+05:30,2026-09-09_0147IST,airline_direct,IndiGo
DEL,BLR,6E,IndiGo,6E 810,2026-09-16,7,business,,,29942.0,False,07:05,ok,2026-09-09T01:47:58.167894+05:30,2026-09-09_0147IST,airline_direct,IndiGo
DEL,BLR,6E,IndiGo,6E 810,2026-09-16,7,economy,,,8671.0,False,07:05,ok,2026-09-09T01:47:58.167894+05:30,2026-09-09_0147IST,airline_direct,IndiGo
DEL,BLR,6E,IndiGo,6E 826,2026-09-16,7,business,,,29942.0,False,09:30,ok,2026-09-09T01:47:58.167894+05:30,2026-09-09_0147IST,airline_direct,IndiGo
DEL,BLR,6E,IndiGo,6E 826,2026-09-16,7,economy,,,8671.0,False,09:30,ok,2026-09-09T01:47:58.167894+05:30,2026-09-09_0147IST,airline_direct,IndiGo
DEL,BLR,6E,IndiGo,6E 842,2026-09-16,7,business,,,29942.0,False,10:45,ok,2026-09-09T01:47:58.167894+05:30,2026-09-09_0147IST,airline_direct,IndiGo
DEL,BLR,6E,IndiGo,6E 842,2026-09-16,7,economy,,,8671.0,False,10:45,ok,2026-09-09T01:47:58.167894+05:30,2026-09-09_0147IST,airline_direct,IndiGo
DEL,BLR,6E,IndiGo,6E 850,2026-09-16,7,business,,,29942.0,False,12:20,ok,2026-09-09T01:47:58.167894+05:30,2026-09-09_0147IST,airline_direct,IndiGo
DEL,BLR,6E,IndiGo,6E 850,2026-09-16,7,economy,,,8671.0,False,12:20,ok,2026-09-09T01:47:58.167894+05:30,2026-09-09_0147IST,airline_direct,IndiGo
DEL,BLR,6E,IndiGo,6E 176,2026-09-16,7,business,,,29942.0,False,13:15,ok,2026-09-09T01:47:58.167894+05:30,2026-09-09_0147IST,airline_direct,IndiGo
DEL,BLR,6E,IndiGo,6E 176,2026-09-16,7,economy,,,8671.0,False,13:15,ok,2026-09-09T01:47:58.167894+05:30,2026-09-09_0147IST,airline_direct,IndiGo
DEL,BLR,6E,IndiGo,6E 828,2026-09-16,7,business,,,29942.0,False,14:30,ok,2026-09-09T01:47:58.167894+05:30,2026-09-09_0147IST,airline_direct,IndiGo
DEL,BLR,6E,IndiGo,6E 828,2026-09-16,7,economy,,,8671.0,False,14:30,ok,2026-09-09T01:47:58.167894+05:30,2026-09-09_0147IST,airline_direct,IndiGo
DEL,BLR,6E,IndiGo,6E 880,2026-09-16,7,business,,,29942.0,False,15:45,ok,2026-09-09T01:47:58.167894+05:30,2026-09-09_0147IST,airline_direct,IndiGo
DEL,BLR,6E,IndiGo,6E 880,2026-09-16,7,economy,,,8671.0,False,15:45,ok,2026-09-09T01:47:58.167894+05:30,2026-09-09_0147IST,airline_direct,IndiGo
DEL,BLR,6E,IndiGo,6E 837,2026-09-16,7,business,,,29942.0,False,17:00,ok,2026-09-09T01:47:58.167894+05:30,2026-09-09_0147IST,airline_direct,IndiGo
DEL,BLR,6E,IndiGo,6E 837,2026-09-16,7,economy,,,8671.0,False,17:00,ok,2026-09-09T01:47:58.167894+05:30,2026-09-09_0147IST,airline_direct,IndiGo
DEL,BLR,6E,IndiGo,6E 811,2026-09-16,7,business,,,29942.0,False,18:20,ok,2026-09-09T01:47:58.167894+05:30,2026-09-09_0147IST,airline_direct,IndiGo
DEL,BLR,6E,IndiGo,6E 811,2026-09-16,7,economy,,,8671.0,False,18:20,ok,2026-09-09T01:47:58.167894+05:30,2026-09-09_0147IST,airline_direct,IndiGo
DEL,BLR,6E,IndiGo,6E 861,2026-09-16,7,business,,,29942.0,False,19:30,ok,2026-09-09T01:47:58.167894+05:30,2026-09-09_0147IST,airline_direct,IndiGo
DEL,BLR,6E,IndiGo,6E 861,2026-09-16,7,economy,,,8671.0,False,19:30,ok,2026-09-09T01:47:58.167894+05:30,2026-09-09_0147IST,airline_direct,IndiGo
DEL,BLR,6E,IndiGo,6E 6515,2026-09-16,7,business,,,29942.0,False,20:45,ok,2026-09-09T01:47:58.167894+05:30,2026-09-09_0147IST,airline_direct,IndiGo
DEL,BLR,6E,IndiGo,6E 6515,2026-09-16,7,economy,,,8671.0,False,20:45,ok,2026-09-09T01:47:58.167894+05:30,2026-09-09_0147IST,airline_direct,IndiGo
DEL,BLR,6E,IndiGo,6E 846,2026-09-16,7,business,,,29942.0,False,22:00,ok,2026-09-09T01:47:58.167894+05:30,2026-09-09_0147IST,airline_direct,IndiGo
DEL,BLR,6E,IndiGo,6E 846,2026-09-16,7,economy,,,8671.0,False,22:00,ok,2026-09-09T01:47:58.167894+05:30,2026-09-09_0147IST,airline_direct,IndiGo
DEL,BLR,6E,IndiGo,6E 873,2026-09-16,7,business,,,29942.0,False,08:20,ok,2026-09-09T01:47:58.167894+05:30,2026-09-09_0147IST,airline_direct,IndiGo
DEL,BLR,6E,IndiGo,6E 873,2026-09-16,7,economy,,,9128.0,False,08:20,ok,2026-09-09T01:47:58.167894+05:30,2026-09-09_0147IST,airline_direct,IndiGo
DEL,BLR,6E,IndiGo,6E 6190,2026-09-16,7,economy,,,9806.0,False,07:40,ok,2026-09-09T01:47:58.167894+05:30,2026-09-09_0147IST,airline_direct,IndiGo
DEL,BLR,6E,IndiGo,6E 6293,2026-09-16,7,business,,,33488.0,False,09:55,ok,2026-09-09T01:47:58.167894+05:30,2026-09-09_0147IST,airline_direct,IndiGo
DEL,BLR,6E,IndiGo,6E 6293,2026-09-16,7,economy,,,9946.0,False,09:55,ok,2026-09-09T01:47:58.167894+05:30,2026-09-09_0147IST,airline_direct,IndiGo
DEL,BLR,6E,IndiGo,6E 884,2026-09-16,7,business,,,32599.0,False,11:45,ok,2026-09-09T01:47:58.167894+05:30,2026-09-09_0147IST,airline_direct,IndiGo
DEL,BLR,6E,IndiGo,6E 884,2026-09-16,7,economy,,,9946.0,False,11:45,ok,2026-09-09T01:47:58.167894+05:30,2026-09-09_0147IST,airline_direct,IndiGo
DEL,BLR,6E,IndiGo,6E 6282,2026-09-16,7,business,,,31064.0,False,13:30,ok,2026-09-09T01:47:58.167894+05:30,2026-09-09_0147IST,airline_direct,IndiGo
DEL,BLR,6E,IndiGo,6E 6282,2026-09-16,7,economy,,,9946.0,False,13:30,ok,2026-09-09T01:47:58.167894+05:30,2026-09-09_0147IST,airline_direct,IndiGo
DEL,BLR,6E,IndiGo,6E 6212,2026-09-16,7,business,,,30402.0,False,14:45,ok,2026-09-09T01:47:58.167894+05:30,2026-09-09_0147IST,airline_direct,IndiGo
DEL,BLR,6E,IndiGo,6E 6212,2026-09-16,7,economy,,,9946.0,False,14:45,ok,2026-09-09T01:47:58.167894+05:30,2026-09-09_0147IST,airline_direct,IndiGo
DEL,BLR,6E,IndiGo,6E 6217,2026-09-16,7,business,,,31064.0,False,16:15,ok,2026-09-09T01:47:58.167894+05:30,2026-09-09_0147IST,airline_direct,IndiGo
DEL,BLR,6E,IndiGo,6E 6217,2026-09-16,7,economy,,,9946.0,False,16:15,ok,2026-09-09T01:47:58.167894+05:30,2026-09-09_0147IST,airline_direct,IndiGo
DEL,BLR,6E,IndiGo,6E 717,2026-09-16,7,business,,,28321.0,False,17:55,ok,2026-09-09T01:47:58.167894+05:30,2026-09-09_0147IST,airline_direct,IndiGo
DEL,BLR,6E,IndiGo,6E 717,2026-09-16,7,economy,,,9946.0,False,17:55,ok,2026-09-09T01:47:58.167894+05:30,2026-09-09_0147IST,airline_direct,IndiGo
DEL,BLR,6E,IndiGo,6E 2151,2026-09-16,7,economy,,,10000.0,False,19:45,ok,2026-09-09T01:47:58.167894+05:30,2026-09-09_0147IST,airline_direct,IndiGo
DEL,BLR,6E,IndiGo,6E 2343,2026-09-16,7,business,,,29057.0,False,02:20,ok,2026-09-09T01:47:58.167894+05:30,2026-09-09_0147IST,airline_direct,IndiGo
DEL,BLR,6E,IndiGo,6E 2343,2026-09-16,7,economy,,,10077.0,False,02:20,ok,2026-09-09T01:47:58.167894+05:30,2026-09-09_0147IST,airline_direct,IndiGo
DEL,BLR,6E,IndiGo,6E 5119,2026-09-16,7,economy,,,10077.0,False,05:10,ok,2026-09-09T01:47:58.167894+05:30,2026-09-09_0147IST,airline_direct,IndiGo
DEL,BLR,6E,IndiGo,6E 2345,2026-09-16,7,economy,,,10077.0,False,05:55,ok,2026-09-09T01:47:58.167894+05:30,2026-09-09_0147IST,airline_direct,IndiGo
DEL,BLR,6E,IndiGo,6E 6470,2026-09-16,7,economy,,,10077.0,False,06:55,ok,2026-09-09T01:47:58.167894+05:30,2026-09-09_0147IST,airline_direct,IndiGo
DEL,BLR,6E,IndiGo,6E 6022,2026-09-16,7,business,,,40536.0,False,14:00,ok,2026-09-09T01:47:58.167894+05:30,2026-09-09_0147IST,airline_direct,IndiGo
DEL,BLR,6E,IndiGo,6E 6022,2026-09-16,7,economy,,,10077.0,False,14:00,ok,2026-09-09T01:47:58.167894+05:30,2026-09-09_0147IST,airline_direct,IndiGo
DEL,BLR,6E,IndiGo,6E 2557,2026-09-16,7,economy,,,10077.0,False,15:20,ok,2026-09-09T01:47:58.167894+05:30,2026-09-09_0147IST,airline_direct,IndiGo
DEL,BLR,6E,IndiGo,6E 864,2026-09-16,7,business,,,40536.0,False,15:30,ok,2026-09-09T01:47:58.167894+05:30,2026-09-09_0147IST,airline_direct,IndiGo
DEL,BLR,6E,IndiGo,6E 864,2026-09-16,7,economy,,,10077.0,False,15:30,ok,2026-09-09T01:47:58.167894+05:30,2026-09-09_0147IST,airline_direct,IndiGo
DEL,BLR,6E,IndiGo,6E 6384,2026-09-16,7,economy,,,10077.0,False,16:15,ok,2026-09-09T01:47:58.167894+05:30,2026-09-09_0147IST,airline_direct,IndiGo
DEL,BLR,6E,IndiGo,6E 734,2026-09-16,7,economy,,,10077.0,False,16:20,ok,2026-09-09T01:47:58.167894+05:30,2026-09-09_0147IST,airline_direct,IndiGo
DEL,BLR,6E,IndiGo,6E 6437,2026-09-16,7,business,,,26816.0,False,16:25,ok,2026-09-09T01:47:58.167894+05:30,2026-09-09_0147IST,airline_direct,IndiGo
DEL,BLR,6E,IndiGo,6E 6437,2026-09-16,7,economy,,,10077.0,False,16:25,ok,2026-09-09T01:47:58.167894+05:30,2026-09-09_0147IST,airline_direct,IndiGo
DEL,BLR,6E,IndiGo,6E 6706,2026-09-16,7,business,,,40536.0,False,17:00,ok,2026-09-09T01:47:58.167894+05:30,2026-09-09_0147IST,airline_direct,IndiGo
DEL,BLR,6E,IndiGo,6E 6706,2026-09-16,7,economy,,,10077.0,False,17:00,ok,2026-09-09T01:47:58.167894+05:30,2026-09-09_0147IST,airline_direct,IndiGo
DEL,BLR,6E,IndiGo,6E 6829,2026-09-16,7,economy,,,10077.0,False,17:20,ok,2026-09-09T01:47:58.167894+05:30,2026-09-09_0147IST,airline_direct,IndiGo
DEL,BLR,6E,IndiGo,6E 329,2026-09-16,7,business,,,44135.0,False,18:00,ok,2026-09-09T01:47:58.167894+05:30,2026-09-09_0147IST,airline_direct,IndiGo
DEL,BLR,6E,IndiGo,6E 329,2026-09-16,7,economy,,,10077.0,False,18:00,ok,2026-09-09T01:47:58.167894+05:30,2026-09-09_0147IST,airline_direct,IndiGo
DEL,BLR,6E,IndiGo,6E 329,2026-09-16,7,business,,,44135.0,False,18:00,ok,2026-09-09T01:47:58.167894+05:30,2026-09-09_0147IST,airline_direct,IndiGo
DEL,BLR,6E,IndiGo,6E 329,2026-09-16,7,economy,,,10077.0,False,18:00,ok,2026-09-09T01:47:58.167894+05:30,2026-09-09_0147IST,airline_direct,IndiGo
DEL,BLR,6E,IndiGo,6E 931,2026-09-16,7,economy,,,10077.0,False,19:35,ok,2026-09-09T01:47:58.167894+05:30,2026-09-09_0147IST,airline_direct,IndiGo
DEL,BLR,6E,IndiGo,6E 853,2026-09-16,7,business,,,40536.0,False,20:45,ok,2026-09-09T01:47:58.167894+05:30,2026-09-09_0147IST,airline_direct,IndiGo
DEL,BLR,6E,IndiGo,6E 853,2026-09-16,7,economy,,,10077.0,False,20:45,ok,2026-09-09T01:47:58.167894+05:30,2026-09-09_0147IST,airline_direct,IndiGo
DEL,BLR,6E,IndiGo,6E 6673,2026-09-16,7,business,,,26816.0,False,21:15,ok,2026-09-09T01:47:58.167894+05:30,2026-09-09_0147IST,airline_direct,IndiGo
DEL,BLR,6E,IndiGo,6E 6673,2026-09-16,7,economy,,,10077.0,False,21:15,ok,2026-09-09T01:47:58.167894+05:30,2026-09-09_0147IST,airline_direct,IndiGo
DEL,BLR,6E,IndiGo,6E 2618,2026-09-16,7,business,,,26816.0,False,23:00,ok,2026-09-09T01:47:58.167894+05:30,2026-09-09_0147IST,airline_direct,IndiGo
DEL,BLR,6E,IndiGo,6E 2618,2026-09-16,7,economy,,,10077.0,False,23:00,ok,2026-09-09T01:47:58.167894+05:30,2026-09-09_0147IST,airline_direct,IndiGo
DEL,BLR,6E,IndiGo,6E 940,2026-09-16,7,business,,,31327.0,False,09:15,ok,2026-09-09T01:47:58.167894+05:30,2026-09-09_0147IST,airline_direct,IndiGo
DEL,BLR,6E,IndiGo,6E 940,2026-09-16,7,economy,,,10156.0,False,09:15,ok,2026-09-09T01:47:58.167894+05:30,2026-09-09_0147IST,airline_direct,IndiGo
DEL,BLR,6E,IndiGo,6E 434,2026-09-16,7,business,,,32460.0,False,11:00,ok,2026-09-09T01:47:58.167894+05:30,2026-09-09_0147IST,airline_direct,IndiGo
DEL,BLR,6E,IndiGo,6E 434,2026-09-16,7,economy,,,10156.0,False,11:00,ok,2026-09-09T01:47:58.167894+05:30,2026-09-09_0147IST,airline_direct,IndiGo
DEL,BLR,6E,IndiGo,6E 5038,2026-09-16,7,economy,,,10156.0,False,14:00,ok,2026-09-09T01:47:58.167894+05:30,2026-09-09_0147IST,airline_direct,IndiGo
DEL,BLR,6E,IndiGo,6E 5033,2026-09-16,7,economy,,,10156.0,False,15:50,ok,2026-09-09T01:47:58.167894+05:30,2026-09-09_0147IST,airline_direct,IndiGo
DEL,BLR,6E,IndiGo,6E 947,2026-09-16,7,business,,,31327.0,False,16:40,ok,2026-09-09T01:47:58.167894+05:30,2026-09-09_0147IST,airline_direct,IndiGo
DEL,BLR,6E,IndiGo,6E 947,2026-09-16,7,economy,,,10156.0,False,16:40,ok,2026-09-09T01:47:58.167894+05:30,2026-09-09_0147IST,airline_direct,IndiGo
DEL,BLR,6E,IndiGo,6E 6632,2026-09-16,7,economy,,,10156.0,False,17:50,ok,2026-09-09T01:47:58.167894+05:30,2026-09-09_0147IST,airline_direct,IndiGo
DEL,BLR,6E,IndiGo,6E 950,2026-09-16,7,business,,,31327.0,False,18:15,ok,2026-09-09T01:47:58.167894+05:30,2026-09-09_0147IST,airline_direct,IndiGo
DEL,BLR,6E,IndiGo,6E 950,2026-09-16,7,economy,,,10156.0,False,18:15,ok,2026-09-09T01:47:58.167894+05:30,2026-09-09_0147IST,airline_direct,IndiGo
DEL,BLR,6E,IndiGo,6E 6497,2026-09-16,7,economy,,,10287.0,False,18:40,ok,2026-09-09T01:47:58.167894+05:30,2026-09-09_0147IST,airline_direct,IndiGo
DEL,BLR,6E,IndiGo,6E 5001,2026-09-16,7,economy,,,10314.0,False,17:10,ok,2026-09-09T01:47:58.167894+05:30,2026-09-09_0147IST,airline_direct,IndiGo
DEL,BLR,6E,IndiGo,6E 5191,2026-09-16,7,business,,,35352.0,False,05:00,ok,2026-09-09T01:47:58.167894+05:30,2026-09-09_0147IST,airline_direct,IndiGo
DEL,BLR,6E,IndiGo,6E 5191,2026-09-16,7,economy,,,10497.0,False,05:00,ok,2026-09-09T01:47:58.167894+05:30,2026-09-09_0147IST,airline_direct,IndiGo
DEL,BLR,6E,IndiGo,6E 513,2026-09-16,7,business,,,36178.0,False,08:30,ok,2026-09-09T01:47:58.167894+05:30,2026-09-09_0147IST,airline_direct,IndiGo
DEL,BLR,6E,IndiGo,6E 513,2026-09-16,7,economy,,,10497.0,False,08:30,ok,2026-09-09T01:47:58.167894+05:30,2026-09-09_0147IST,airline_direct,IndiGo
DEL,BLR,6E,IndiGo,6E 6433,2026-09-16,7,economy,,,10641.0,False,16:30,ok,2026-09-09T01:47:58.167894+05:30,2026-09-09_0147IST,airline_direct,IndiGo
DEL,BLR,6E,IndiGo,6E 2364,2026-09-16,7,economy,,,11087.0,False,04:50,ok,2026-09-09T01:47:58.167894+05:30,2026-09-09_0147IST,airline_direct,IndiGo
DEL,BLR,6E,IndiGo,6E 5073,2026-09-16,7,economy,,,11696.0,False,17:05,ok,2026-09-09T01:47:58.167894+05:30,2026-09-09_0147IST,airline_direct,IndiGo
DEL,BLR,6E,IndiGo,6E 2277,2026-09-16,7,business,,,34699.0,False,10:25,ok,2026-09-09T01:47:58.167894+05:30,2026-09-09_0147IST,airline_direct,IndiGo
DEL,BLR,6E,IndiGo,6E 2277,2026-09-16,7,economy,,,11775.0,False,10:25,ok,2026-09-09T01:47:58.167894+05:30,2026-09-09_0147IST,airline_direct,IndiGo
DEL,BLR,6E,IndiGo,6E 320,2026-09-16,7,business,,,40536.0,False,08:00,ok,2026-09-09T01:47:58.167894+05:30,2026-09-09_0147IST,airline_direct,IndiGo
DEL,BLR,6E,IndiGo,6E 320,2026-09-16,7,economy,,,12620.0,False,08:00,ok,2026-09-09T01:47:58.167894+05:30,2026-09-09_0147IST,airline_direct,IndiGo
DEL,BLR,6E,IndiGo,6E 6047,2026-09-16,7,business,,,40536.0,False,11:00,ok,2026-09-09T01:47:58.167894+05:30,2026-09-09_0147IST,airline_direct,IndiGo
DEL,BLR,6E,IndiGo,6E 6047,2026-09-16,7,economy,,,12620.0,False,11:00,ok,2026-09-09T01:47:58.167894+05:30,2026-09-09_0147IST,airline_direct,IndiGo
DEL,BLR,6E,IndiGo,6E 6091,2026-09-16,7,business,,,33411.0,False,15:15,ok,2026-09-09T01:47:58.167894+05:30,2026-09-09_0147IST,airline_direct,IndiGo
DEL,BLR,6E,IndiGo,6E 6091,2026-09-16,7,economy,,,13709.0,False,15:15,ok,2026-09-09T01:47:58.167894+05:30,2026-09-09_0147IST,airline_direct,IndiGo
BOM,BLR,6E,IndiGo,6E 5323,2026-09-16,7,business,,,22488.0,False,01:10,ok,2026-09-09T01:49:06.398136+05:30,2026-09-09_0149IST,airline_direct,IndiGo
BOM,BLR,6E,IndiGo,6E 5323,2026-09-16,7,economy,,,5273.0,False,01:10,ok,2026-09-09T01:49:06.398136+05:30,2026-09-09_0149IST,airline_direct,IndiGo
BOM,BLR,6E,IndiGo,6E 5294,2026-09-16,7,business,,,22488.0,False,04:30,ok,2026-09-09T01:49:06.398136+05:30,2026-09-09_0149IST,airline_direct,IndiGo
BOM,BLR,6E,IndiGo,6E 5294,2026-09-16,7,economy,,,5273.0,False,04:30,ok,2026-09-09T01:49:06.398136+05:30,2026-09-09_0149IST,airline_direct,IndiGo
BOM,BLR,6E,IndiGo,6E 5217,2026-09-16,7,business,,,22488.0,False,11:00,ok,2026-09-09T01:49:06.398136+05:30,2026-09-09_0149IST,airline_direct,IndiGo
BOM,BLR,6E,IndiGo,6E 5217,2026-09-16,7,economy,,,6747.0,False,11:00,ok,2026-09-09T01:49:06.398136+05:30,2026-09-09_0149IST,airline_direct,IndiGo
BOM,BLR,6E,IndiGo,6E 5184,2026-09-16,7,business,,,22488.0,False,12:30,ok,2026-09-09T01:49:06.398136+05:30,2026-09-09_0149IST,airline_direct,IndiGo
BOM,BLR,6E,IndiGo,6E 5184,2026-09-16,7,economy,,,6747.0,False,12:30,ok,2026-09-09T01:49:06.398136+05:30,2026-09-09_0149IST,airline_direct,IndiGo
BOM,BLR,6E,IndiGo,6E 5382,2026-09-16,7,business,,,22488.0,False,14:30,ok,2026-09-09T01:49:06.398136+05:30,2026-09-09_0149IST,airline_direct,IndiGo
BOM,BLR,6E,IndiGo,6E 5382,2026-09-16,7,economy,,,6747.0,False,14:30,ok,2026-09-09T01:49:06.398136+05:30,2026-09-09_0149IST,airline_direct,IndiGo
BOM,BLR,6E,IndiGo,6E 5071,2026-09-16,7,business,,,22488.0,False,15:35,ok,2026-09-09T01:49:06.398136+05:30,2026-09-09_0149IST,airline_direct,IndiGo
BOM,BLR,6E,IndiGo,6E 5071,2026-09-16,7,economy,,,6747.0,False,15:35,ok,2026-09-09T01:49:06.398136+05:30,2026-09-09_0149IST,airline_direct,IndiGo
BOM,BLR,6E,IndiGo,6E 5032,2026-09-16,7,business,,,22488.0,False,19:55,ok,2026-09-09T01:49:06.398136+05:30,2026-09-09_0149IST,airline_direct,IndiGo
BOM,BLR,6E,IndiGo,6E 5032,2026-09-16,7,economy,,,6747.0,False,19:55,ok,2026-09-09T01:49:06.398136+05:30,2026-09-09_0149IST,airline_direct,IndiGo
BOM,BLR,6E,IndiGo,6E 6188,2026-09-16,7,business,,,22488.0,False,21:30,ok,2026-09-09T01:49:06.398136+05:30,2026-09-09_0149IST,airline_direct,IndiGo
BOM,BLR,6E,IndiGo,6E 6188,2026-09-16,7,economy,,,6747.0,False,21:30,ok,2026-09-09T01:49:06.398136+05:30,2026-09-09_0149IST,airline_direct,IndiGo
BOM,BLR,6E,IndiGo,6E 5388,2026-09-16,7,business,,,22488.0,False,22:20,ok,2026-09-09T01:49:06.398136+05:30,2026-09-09_0149IST,airline_direct,IndiGo
BOM,BLR,6E,IndiGo,6E 5388,2026-09-16,7,economy,,,6747.0,False,22:20,ok,2026-09-09T01:49:06.398136+05:30,2026-09-09_0149IST,airline_direct,IndiGo
BOM,BLR,6E,IndiGo,6E 5296,2026-09-16,7,business,,,22488.0,False,06:30,ok,2026-09-09T01:49:06.398136+05:30,2026-09-09_0149IST,airline_direct,IndiGo
BOM,BLR,6E,IndiGo,6E 5296,2026-09-16,7,economy,,,7062.0,False,06:30,ok,2026-09-09T01:49:06.398136+05:30,2026-09-09_0149IST,airline_direct,IndiGo
BOM,BLR,6E,IndiGo,6E 5221,2026-09-16,7,business,,,22488.0,False,17:00,ok,2026-09-09T01:49:06.398136+05:30,2026-09-09_0149IST,airline_direct,IndiGo
BOM,BLR,6E,IndiGo,6E 5221,2026-09-16,7,economy,,,7062.0,False,17:00,ok,2026-09-09T01:49:06.398136+05:30,2026-09-09_0149IST,airline_direct,IndiGo
BOM,BLR,6E,IndiGo,6E 5047,2026-09-16,7,business,,,22488.0,False,18:30,ok,2026-09-09T01:49:06.398136+05:30,2026-09-09_0149IST,airline_direct,IndiGo
BOM,BLR,6E,IndiGo,6E 5047,2026-09-16,7,economy,,,7062.0,False,18:30,ok,2026-09-09T01:49:06.398136+05:30,2026-09-09_0149IST,airline_direct,IndiGo
BOM,BLR,6E,IndiGo,6E 5193,2026-09-16,7,economy,,,8217.0,False,08:05,ok,2026-09-09T01:49:06.398136+05:30,2026-09-09_0149IST,airline_direct,IndiGo
BOM,BLR,6E,IndiGo,6E 5092,2026-09-16,7,business,,,22488.0,False,09:50,ok,2026-09-09T01:49:06.398136+05:30,2026-09-09_0149IST,airline_direct,IndiGo
BOM,BLR,6E,IndiGo,6E 5092,2026-09-16,7,economy,,,8742.0,False,09:50,ok,2026-09-09T01:49:06.398136+05:30,2026-09-09_0149IST,airline_direct,IndiGo
BOM,BLR,6E,IndiGo,6E 6361,2026-09-16,7,economy,,,7243.0,False,05:00,ok,2026-09-09T01:49:06.398136+05:30,2026-09-09_0149IST,airline_direct,IndiGo
BOM,BLR,6E,IndiGo,6E 261,2026-09-16,7,economy,,,7243.0,False,11:20,ok,2026-09-09T01:49:06.398136+05:30,2026-09-09_0149IST,airline_direct,IndiGo
BOM,BLR,6E,IndiGo,6E 230,2026-09-16,7,economy,,,7243.0,False,13:55,ok,2026-09-09T01:49:06.398136+05:30,2026-09-09_0149IST,airline_direct,IndiGo
BOM,BLR,6E,IndiGo,6E 230,2026-09-16,7,economy,,,7243.0,False,13:55,ok,2026-09-09T01:49:06.398136+05:30,2026-09-09_0149IST,airline_direct,IndiGo
BOM,BLR,6E,IndiGo,6E 5241,2026-09-16,7,economy,,,7243.0,False,16:40,ok,2026-09-09T01:49:06.398136+05:30,2026-09-09_0149IST,airline_direct,IndiGo
BOM,BLR,6E,IndiGo,6E 5241,2026-09-16,7,economy,,,7243.0,False,16:40,ok,2026-09-09T01:49:06.398136+05:30,2026-09-09_0149IST,airline_direct,IndiGo
BOM,BLR,6E,IndiGo,6E 5228,2026-09-16,7,business,,,26723.0,False,16:45,ok,2026-09-09T01:49:06.398136+05:30,2026-09-09_0149IST,airline_direct,IndiGo
BOM,BLR,6E,IndiGo,6E 5228,2026-09-16,7,economy,,,7374.0,False,16:45,ok,2026-09-09T01:49:06.398136+05:30,2026-09-09_0149IST,airline_direct,IndiGo
BOM,BLR,6E,IndiGo,6E 5228,2026-09-16,7,business,,,23981.0,False,16:45,ok,2026-09-09T01:49:06.398136+05:30,2026-09-09_0149IST,airline_direct,IndiGo
BOM,BLR,6E,IndiGo,6E 5228,2026-09-16,7,economy,,,7374.0,False,16:45,ok,2026-09-09T01:49:06.398136+05:30,2026-09-09_0149IST,airline_direct,IndiGo
BOM,BLR,6E,IndiGo,6E 6802,2026-09-16,7,economy,,,7505.0,False,16:55,ok,2026-09-09T01:49:06.398136+05:30,2026-09-09_0149IST,airline_direct,IndiGo
BOM,BLR,6E,IndiGo,6E 6701,2026-09-16,7,economy,,,7584.0,False,05:35,ok,2026-09-09T01:49:06.398136+05:30,2026-09-09_0149IST,airline_direct,IndiGo
BOM,BLR,6E,IndiGo,6E 6701,2026-09-16,7,economy,,,7584.0,False,05:35,ok,2026-09-09T01:49:06.398136+05:30,2026-09-09_0149IST,airline_direct,IndiGo
BOM,BLR,6E,IndiGo,6E 5188,2026-09-16,7,business,,,26046.0,False,06:15,ok,2026-09-09T01:49:06.398136+05:30,2026-09-09_0149IST,airline_direct,IndiGo
BOM,BLR,6E,IndiGo,6E 5188,2026-09-16,7,economy,,,7584.0,False,06:15,ok,2026-09-09T01:49:06.398136+05:30,2026-09-09_0149IST,airline_direct,IndiGo
BOM,BLR,6E,IndiGo,6E 5109,2026-09-16,7,economy,,,7584.0,False,09:35,ok,2026-09-09T01:49:06.398136+05:30,2026-09-09_0149IST,airline_direct,IndiGo
BOM,BLR,6E,IndiGo,6E 5313,2026-09-16,7,business,,,26046.0,False,09:50,ok,2026-09-09T01:49:06.398136+05:30,2026-09-09_0149IST,airline_direct,IndiGo
BOM,BLR,6E,IndiGo,6E 5313,2026-09-16,7,economy,,,7584.0,False,09:50,ok,2026-09-09T01:49:06.398136+05:30,2026-09-09_0149IST,airline_direct,IndiGo
BOM,BLR,6E,IndiGo,6E 5313,2026-09-16,7,business,,,27179.0,False,09:50,ok,2026-09-09T01:49:06.398136+05:30,2026-09-09_0149IST,airline_direct,IndiGo
BOM,BLR,6E,IndiGo,6E 5313,2026-09-16,7,economy,,,7584.0,False,09:50,ok,2026-09-09T01:49:06.398136+05:30,2026-09-09_0149IST,airline_direct,IndiGo
BOM,BLR,6E,IndiGo,6E 6349,2026-09-16,7,business,,,27179.0,False,11:40,ok,2026-09-09T01:49:06.398136+05:30,2026-09-09_0149IST,airline_direct,IndiGo
BOM,BLR,6E,IndiGo,6E 6349,2026-09-16,7,economy,,,7584.0,False,11:40,ok,2026-09-09T01:49:06.398136+05:30,2026-09-09_0149IST,airline_direct,IndiGo
BOM,BLR,6E,IndiGo,6E 6349,2026-09-16,7,business,,,28130.0,False,11:40,ok,2026-09-09T01:49:06.398136+05:30,2026-09-09_0149IST,airline_direct,IndiGo
BOM,BLR,6E,IndiGo,6E 6349,2026-09-16,7,economy,,,7584.0,False,11:40,ok,2026-09-09T01:49:06.398136+05:30,2026-09-09_0149IST,airline_direct,IndiGo
BOM,BLR,6E,IndiGo,6E 673,2026-09-16,7,economy,,,7584.0,False,12:30,ok,2026-09-09T01:49:06.398136+05:30,2026-09-09_0149IST,airline_direct,IndiGo
BOM,BLR,6E,IndiGo,6E 673,2026-09-16,7,economy,,,7584.0,False,12:30,ok,2026-09-09T01:49:06.398136+05:30,2026-09-09_0149IST,airline_direct,IndiGo
BOM,BLR,6E,IndiGo,6E 5201,2026-09-16,7,economy,,,7584.0,False,14:55,ok,2026-09-09T01:49:06.398136+05:30,2026-09-09_0149IST,airline_direct,IndiGo
BOM,BLR,6E,IndiGo,6E 5196,2026-09-16,7,business,,,26046.0,False,15:25,ok,2026-09-09T01:49:06.398136+05:30,2026-09-09_0149IST,airline_direct,IndiGo
BOM,BLR,6E,IndiGo,6E 5196,2026-09-16,7,economy,,,7584.0,False,15:25,ok,2026-09-09T01:49:06.398136+05:30,2026-09-09_0149IST,airline_direct,IndiGo
BOM,BLR,6E,IndiGo,6E 240,2026-09-16,7,economy,,,7584.0,False,15:45,ok,2026-09-09T01:49:06.398136+05:30,2026-09-09_0149IST,airline_direct,IndiGo
BOM,BLR,6E,IndiGo,6E 437,2026-09-16,7,economy,,,7584.0,False,17:10,ok,2026-09-09T01:49:06.398136+05:30,2026-09-09_0149IST,airline_direct,IndiGo
BOM,BLR,6E,IndiGo,6E 5048,2026-09-16,7,business,,,26046.0,False,17:25,ok,2026-09-09T01:49:06.398136+05:30,2026-09-09_0149IST,airline_direct,IndiGo
BOM,BLR,6E,IndiGo,6E 5048,2026-09-16,7,economy,,,7584.0,False,17:25,ok,2026-09-09T01:49:06.398136+05:30,2026-09-09_0149IST,airline_direct,IndiGo
BOM,BLR,6E,IndiGo,6E 5126,2026-09-16,7,economy,,,7584.0,False,18:15,ok,2026-09-09T01:49:06.398136+05:30,2026-09-09_0149IST,airline_direct,IndiGo
BOM,BLR,6E,IndiGo,6E 5107,2026-09-16,7,economy,,,7584.0,False,20:00,ok,2026-09-09T01:49:06.398136+05:30,2026-09-09_0149IST,airline_direct,IndiGo
BOM,BLR,6E,IndiGo,6E 6599,2026-09-16,7,economy,,,7715.0,False,16:50,ok,2026-09-09T01:49:06.398136+05:30,2026-09-09_0149IST,airline_direct,IndiGo
BOM,BLR,6E,IndiGo,6E 5082,2026-09-16,7,economy,,,7785.0,False,18:05,ok,2026-09-09T01:49:06.398136+05:30,2026-09-09_0149IST,airline_direct,IndiGo
BOM,BLR,6E,IndiGo,6E 5123,2026-09-16,7,economy,,,8047.0,False,14:40,ok,2026-09-09T01:49:06.398136+05:30,2026-09-09_0149IST,airline_direct,IndiGo
BOM,BLR,6E,IndiGo,6E 2237,2026-09-16,7,economy,,,8126.0,False,18:40,ok,2026-09-09T01:49:06.398136+05:30,2026-09-09_0149IST,airline_direct,IndiGo
BOM,BLR,6E,IndiGo,6E 632,2026-09-16,7,economy,,,10068.0,False,04:00,ok,2026-09-09T01:49:06.398136+05:30,2026-09-09_0149IST,airline_direct,IndiGo
BOM,BLR,6E,IndiGo,6E 6057,2026-09-16,7,economy,,,10241.0,False,09:15,ok,2026-09-09T01:49:06.398136+05:30,2026-09-09_0149IST,airline_direct,IndiGo
BOM,BLR,6E,IndiGo,6E 5386,2026-09-16,7,business,,,25266.0,False,15:10,ok,2026-09-09T01:49:06.398136+05:30,2026-09-09_0149IST,airline_direct,IndiGo
BOM,BLR,6E,IndiGo,6E 5386,2026-09-16,7,economy,,,11124.0,False,15:10,ok,2026-09-09T01:49:06.398136+05:30,2026-09-09_0149IST,airline_direct,IndiGo
BOM,BLR,6E,IndiGo,6E 2011,2026-09-16,7,economy,,,11509.0,False,13:35,ok,2026-09-09T01:49:06.398136+05:30,2026-09-09_0149IST,airline_direct,IndiGo
BOM,BLR,6E,IndiGo,6E 2060,2026-09-16,7,economy,,,11599.0,False,10:05,ok,2026-09-09T01:49:06.398136+05:30,2026-09-09_0149IST,airline_direct,IndiGo
BOM,BLR,6E,IndiGo,6E 5337,2026-09-16,7,business,,,28130.0,False,13:45,ok,2026-09-09T01:49:06.398136+05:30,2026-09-09_0149IST,airline_direct,IndiGo
BOM,BLR,6E,IndiGo,6E 5337,2026-09-16,7,economy,,,11678.0,False,13:45,ok,2026-09-09T01:49:06.398136+05:30,2026-09-09_0149IST,airline_direct,IndiGo
BOM,BLR,6E,IndiGo,6E 5386,2026-09-16,7,business,,,27346.0,False,15:10,ok,2026-09-09T01:49:06.398136+05:30,2026-09-09_0149IST,airline_direct,IndiGo
BOM,BLR,6E,IndiGo,6E 5386,2026-09-16,7,economy,,,12385.0,False,15:10,ok,2026-09-09T01:49:06.398136+05:30,2026-09-09_0149IST,airline_direct,IndiGo
BOM,BLR,6E,IndiGo,6E 5196,2026-09-16,7,business,,,28130.0,False,15:25,ok,2026-09-09T01:49:06.398136+05:30,2026-09-09_0149IST,airline_direct,IndiGo
BOM,BLR,6E,IndiGo,6E 5196,2026-09-16,7,economy,,,12544.0,False,15:25,ok,2026-09-09T01:49:06.398136+05:30,2026-09-09_0149IST,airline_direct,IndiGo
BOM,BLR,6E,IndiGo,6E 5318,2026-09-16,7,business,,,28258.0,False,10:15,ok,2026-09-09T01:49:06.398136+05:30,2026-09-09_0149IST,airline_direct,IndiGo
BOM,BLR,6E,IndiGo,6E 5318,2026-09-16,7,economy,,,13386.0,False,10:15,ok,2026-09-09T01:49:06.398136+05:30,2026-09-09_0149IST,airline_direct,IndiGo
BOM,BLR,6E,IndiGo,6E 5178,2026-09-16,7,business,,,28258.0,False,11:45,ok,2026-09-09T01:49:06.398136+05:30,2026-09-09_0149IST,airline_direct,IndiGo
BOM,BLR,6E,IndiGo,6E 5178,2026-09-16,7,economy,,,13386.0,False,11:45,ok,2026-09-09T01:49:06.398136+05:30,2026-09-09_0149IST,airline_direct,IndiGo
BOM,BLR,6E,IndiGo,6E 5178,2026-09-16,7,business,,,26723.0,False,11:45,ok,2026-09-09T01:49:06.398136+05:30,2026-09-09_0149IST,airline_direct,IndiGo
BOM,BLR,6E,IndiGo,6E 5178,2026-09-16,7,economy,,,13386.0,False,11:45,ok,2026-09-09T01:49:06.398136+05:30,2026-09-09_0149IST,airline_direct,IndiGo
BOM,BLR,6E,IndiGo,6E 5178,2026-09-16,7,business,,,26061.0,False,11:45,ok,2026-09-09T01:49:06.398136+05:30,2026-09-09_0149IST,airline_direct,IndiGo
BOM,BLR,6E,IndiGo,6E 5178,2026-09-16,7,economy,,,13386.0,False,11:45,ok,2026-09-09T01:49:06.398136+05:30,2026-09-09_0149IST,airline_direct,IndiGo
BOM,BLR,6E,IndiGo,6E 5386,2026-09-16,7,business,,,28008.0,False,15:10,ok,2026-09-09T01:49:06.398136+05:30,2026-09-09_0149IST,airline_direct,IndiGo
BOM,BLR,6E,IndiGo,6E 5386,2026-09-16,7,economy,,,13386.0,False,15:10,ok,2026-09-09T01:49:06.398136+05:30,2026-09-09_0149IST,airline_direct,IndiGo
BOM,BLR,6E,IndiGo,6E 5386,2026-09-16,7,business,,,28008.0,False,15:10,ok,2026-09-09T01:49:06.398136+05:30,2026-09-09_0149IST,airline_direct,IndiGo
BOM,BLR,6E,IndiGo,6E 5386,2026-09-16,7,economy,,,13386.0,False,15:10,ok,2026-09-09T01:49:06.398136+05:30,2026-09-09_0149IST,airline_direct,IndiGo
BOM,BLR,6E,IndiGo,6E 6362,2026-09-16,7,business,,,28258.0,False,05:45,ok,2026-09-09T01:49:06.398136+05:30,2026-09-09_0149IST,airline_direct,IndiGo
BOM,BLR,6E,IndiGo,6E 6362,2026-09-16,7,economy,,,15350.0,False,05:45,ok,2026-09-09T01:49:06.398136+05:30,2026-09-09_0149IST,airline_direct,IndiGo
BOM,BLR,6E,IndiGo,6E 6674,2026-09-16,7,economy,,,15810.0,False,09:05,ok,2026-09-09T01:49:06.398136+05:30,2026-09-09_0149IST,airline_direct,IndiGo
BOM,BLR,6E,IndiGo,6E 5318,2026-09-16,7,business,,,29147.0,False,10:15,ok,2026-09-09T01:49:06.398136+05:30,2026-09-09_0149IST,airline_direct,IndiGo
BOM,BLR,6E,IndiGo,6E 5318,2026-09-16,7,economy,,,16665.0,False,10:15,ok,2026-09-09T01:49:06.398136+05:30,2026-09-09_0149IST,airline_direct,IndiGo
BOM,BLR,6E,IndiGo,6E 5178,2026-09-16,7,business,,,29147.0,False,11:45,ok,2026-09-09T01:49:06.398136+05:30,2026-09-09_0149IST,airline_direct,IndiGo
BOM,BLR,6E,IndiGo,6E 5178,2026-09-16,7,economy,,,16665.0,False,11:45,ok,2026-09-09T01:49:06.398136+05:30,2026-09-09_0149IST,airline_direct,IndiGo
BOM,BLR,6E,IndiGo,6E 5246,2026-09-16,7,business,,,29147.0,False,07:15,ok,2026-09-09T01:49:06.398136+05:30,2026-09-09_0149IST,airline_direct,IndiGo
BOM,BLR,6E,IndiGo,6E 5246,2026-09-16,7,economy,,,19185.0,False,07:15,ok,2026-09-09T01:49:06.398136+05:30,2026-09-09_0149IST,airline_direct,IndiGo
DEL,CCU,6E,IndiGo,6E 5191,2026-09-16,7,business,,,26140.0,False,05:00,ok,2026-09-09T01:50:09.217528+05:30,2026-09-09_0150IST,airline_direct,IndiGo
DEL,CCU,6E,IndiGo,6E 5191,2026-09-16,7,economy,,,8703.0,False,05:00,ok,2026-09-09T01:50:09.217528+05:30,2026-09-09_0150IST,airline_direct,IndiGo
DEL,CCU,6E,IndiGo,6E 340,2026-09-16,7,business,,,26140.0,False,07:20,ok,2026-09-09T01:50:09.217528+05:30,2026-09-09_0150IST,airline_direct,IndiGo
DEL,CCU,6E,IndiGo,6E 340,2026-09-16,7,economy,,,8703.0,False,07:20,ok,2026-09-09T01:50:09.217528+05:30,2026-09-09_0150IST,airline_direct,IndiGo
DEL,CCU,6E,IndiGo,6E 513,2026-09-16,7,business,,,26140.0,False,08:30,ok,2026-09-09T01:50:09.217528+05:30,2026-09-09_0150IST,airline_direct,IndiGo
DEL,CCU,6E,IndiGo,6E 513,2026-09-16,7,economy,,,8703.0,False,08:30,ok,2026-09-09T01:50:09.217528+05:30,2026-09-09_0150IST,airline_direct,IndiGo
DEL,CCU,6E,IndiGo,6E 897,2026-09-16,7,business,,,26140.0,False,12:45,ok,2026-09-09T01:50:09.217528+05:30,2026-09-09_0150IST,airline_direct,IndiGo
DEL,CCU,6E,IndiGo,6E 897,2026-09-16,7,economy,,,8703.0,False,12:45,ok,2026-09-09T01:50:09.217528+05:30,2026-09-09_0150IST,airline_direct,IndiGo
DEL,CCU,6E,IndiGo,6E 910,2026-09-16,7,business,,,26140.0,False,14:25,ok,2026-09-09T01:50:09.217528+05:30,2026-09-09_0150IST,airline_direct,IndiGo
DEL,CCU,6E,IndiGo,6E 910,2026-09-16,7,economy,,,8703.0,False,14:25,ok,2026-09-09T01:50:09.217528+05:30,2026-09-09_0150IST,airline_direct,IndiGo
DEL,CCU,6E,IndiGo,6E 6415,2026-09-16,7,business,,,26140.0,False,16:00,ok,2026-09-09T01:50:09.217528+05:30,2026-09-09_0150IST,airline_direct,IndiGo
DEL,CCU,6E,IndiGo,6E 6415,2026-09-16,7,economy,,,8703.0,False,16:00,ok,2026-09-09T01:50:09.217528+05:30,2026-09-09_0150IST,airline_direct,IndiGo
DEL,CCU,6E,IndiGo,6E 2276,2026-09-16,7,business,,,26140.0,False,17:55,ok,2026-09-09T01:50:09.217528+05:30,2026-09-09_0150IST,airline_direct,IndiGo
DEL,CCU,6E,IndiGo,6E 2276,2026-09-16,7,economy,,,8703.0,False,17:55,ok,2026-09-09T01:50:09.217528+05:30,2026-09-09_0150IST,airline_direct,IndiGo
DEL,CCU,6E,IndiGo,6E 389,2026-09-16,7,business,,,26140.0,False,21:50,ok,2026-09-09T01:50:09.217528+05:30,2026-09-09_0150IST,airline_direct,IndiGo
DEL,CCU,6E,IndiGo,6E 389,2026-09-16,7,economy,,,8703.0,False,21:50,ok,2026-09-09T01:50:09.217528+05:30,2026-09-09_0150IST,airline_direct,IndiGo
DEL,CCU,6E,IndiGo,6E 247,2026-09-16,7,business,,,26140.0,False,23:30,ok,2026-09-09T01:50:09.217528+05:30,2026-09-09_0150IST,airline_direct,IndiGo
DEL,CCU,6E,IndiGo,6E 247,2026-09-16,7,economy,,,8703.0,False,23:30,ok,2026-09-09T01:50:09.217528+05:30,2026-09-09_0150IST,airline_direct,IndiGo
DEL,CCU,6E,IndiGo,6E 6517,2026-09-16,7,business,,,26140.0,False,19:30,ok,2026-09-09T01:50:09.217528+05:30,2026-09-09_0150IST,airline_direct,IndiGo
DEL,CCU,6E,IndiGo,6E 6517,2026-09-16,7,economy,,,8965.0,False,19:30,ok,2026-09-09T01:50:09.217528+05:30,2026-09-09_0150IST,airline_direct,IndiGo
DEL,CCU,6E,IndiGo,6E 894,2026-09-16,7,business,,,26140.0,False,10:15,ok,2026-09-09T01:50:09.217528+05:30,2026-09-09_0150IST,airline_direct,IndiGo
DEL,CCU,6E,IndiGo,6E 894,2026-09-16,7,economy,,,9280.0,False,10:15,ok,2026-09-09T01:50:09.217528+05:30,2026-09-09_0150IST,airline_direct,IndiGo
DEL,CCU,6E,IndiGo,6E 6245,2026-09-16,7,economy,,,7376.0,False,06:20,ok,2026-09-09T01:50:09.217528+05:30,2026-09-09_0150IST,airline_direct,IndiGo
DEL,CCU,6E,IndiGo,6E 2373,2026-09-16,7,economy,,,7376.0,False,11:10,ok,2026-09-09T01:50:09.217528+05:30,2026-09-09_0150IST,airline_direct,IndiGo
DEL,CCU,6E,IndiGo,6E 2453,2026-09-16,7,economy,,,7376.0,False,13:35,ok,2026-09-09T01:50:09.217528+05:30,2026-09-09_0150IST,airline_direct,IndiGo
DEL,CCU,6E,IndiGo,6E 6312,2026-09-16,7,economy,,,7507.0,False,14:25,ok,2026-09-09T01:50:09.217528+05:30,2026-09-09_0150IST,airline_direct,IndiGo
DEL,CCU,6E,IndiGo,6E 2361,2026-09-16,7,economy,,,7507.0,False,14:35,ok,2026-09-09T01:50:09.217528+05:30,2026-09-09_0150IST,airline_direct,IndiGo
DEL,CCU,6E,IndiGo,6E 6190,2026-09-16,7,economy,,,7586.0,False,07:40,ok,2026-09-09T01:50:09.217528+05:30,2026-09-09_0150IST,airline_direct,IndiGo
DEL,CCU,6E,IndiGo,6E 6190,2026-09-16,7,economy,,,7586.0,False,07:40,ok,2026-09-09T01:50:09.217528+05:30,2026-09-09_0150IST,airline_direct,IndiGo
DEL,CCU,6E,IndiGo,6E 5298,2026-09-16,7,economy,,,7586.0,False,09:00,ok,2026-09-09T01:50:09.217528+05:30,2026-09-09_0150IST,airline_direct,IndiGo
DEL,CCU,6E,IndiGo,6E 2296,2026-09-16,7,economy,,,7586.0,False,09:20,ok,2026-09-09T01:50:09.217528+05:30,2026-09-09_0150IST,airline_direct,IndiGo
DEL,CCU,6E,IndiGo,6E 2037,2026-09-16,7,economy,,,7586.0,False,11:10,ok,2026-09-09T01:50:09.217528+05:30,2026-09-09_0150IST,airline_direct,IndiGo
DEL,CCU,6E,IndiGo,6E 5038,2026-09-16,7,economy,,,7586.0,False,14:00,ok,2026-09-09T01:50:09.217528+05:30,2026-09-09_0150IST,airline_direct,IndiGo
DEL,CCU,6E,IndiGo,6E 5033,2026-09-16,7,economy,,,7586.0,False,15:50,ok,2026-09-09T01:50:09.217528+05:30,2026-09-09_0150IST,airline_direct,IndiGo
DEL,CCU,6E,IndiGo,6E 2203,2026-09-16,7,economy,,,7691.0,False,04:45,ok,2026-09-09T01:50:09.217528+05:30,2026-09-09_0150IST,airline_direct,IndiGo
DEL,CCU,6E,IndiGo,6E 6124,2026-09-16,7,economy,,,7691.0,False,07:30,ok,2026-09-09T01:50:09.217528+05:30,2026-09-09_0150IST,airline_direct,IndiGo
DEL,CCU,6E,IndiGo,6E 5215,2026-09-16,7,economy,,,7691.0,False,07:45,ok,2026-09-09T01:50:09.217528+05:30,2026-09-09_0150IST,airline_direct,IndiGo
DEL,CCU,6E,IndiGo,6E 5041,2026-09-16,7,economy,,,7691.0,False,15:10,ok,2026-09-09T01:50:09.217528+05:30,2026-09-09_0150IST,airline_direct,IndiGo
DEL,CCU,6E,IndiGo,6E 5041,2026-09-16,7,economy,,,7691.0,False,15:10,ok,2026-09-09T01:50:09.217528+05:30,2026-09-09_0150IST,airline_direct,IndiGo
DEL,CCU,6E,IndiGo,6E 6829,2026-09-16,7,economy,,,7717.0,False,17:20,ok,2026-09-09T01:50:09.217528+05:30,2026-09-09_0150IST,airline_direct,IndiGo
DEL,CCU,6E,IndiGo,6E 6503,2026-09-16,7,economy,,,7901.0,False,13:25,ok,2026-09-09T01:50:09.217528+05:30,2026-09-09_0150IST,airline_direct,IndiGo
DEL,CCU,6E,IndiGo,6E 6282,2026-09-16,7,business,,,32272.0,False,13:30,ok,2026-09-09T01:50:09.217528+05:30,2026-09-09_0150IST,airline_direct,IndiGo
DEL,CCU,6E,IndiGo,6E 6282,2026-09-16,7,economy,,,7927.0,False,13:30,ok,2026-09-09T01:50:09.217528+05:30,2026-09-09_0150IST,airline_direct,IndiGo
DEL,CCU,6E,IndiGo,6E 6282,2026-09-16,7,business,,,31918.0,False,13:30,ok,2026-09-09T01:50:09.217528+05:30,2026-09-09_0150IST,airline_direct,IndiGo
DEL,CCU,6E,IndiGo,6E 6282,2026-09-16,7,economy,,,7927.0,False,13:30,ok,2026-09-09T01:50:09.217528+05:30,2026-09-09_0150IST,airline_direct,IndiGo
DEL,CCU,6E,IndiGo,6E 6212,2026-09-16,7,business,,,31918.0,False,14:45,ok,2026-09-09T01:50:09.217528+05:30,2026-09-09_0150IST,airline_direct,IndiGo
DEL,CCU,6E,IndiGo,6E 6212,2026-09-16,7,economy,,,7927.0,False,14:45,ok,2026-09-09T01:50:09.217528+05:30,2026-09-09_0150IST,airline_direct,IndiGo
DEL,CCU,6E,IndiGo,6E 2341,2026-09-16,7,economy,,,7927.0,False,14:50,ok,2026-09-09T01:50:09.217528+05:30,2026-09-09_0150IST,airline_direct,IndiGo
DEL,CCU,6E,IndiGo,6E 6217,2026-09-16,7,business,,,31918.0,False,16:15,ok,2026-09-09T01:50:09.217528+05:30,2026-09-09_0150IST,airline_direct,IndiGo
DEL,CCU,6E,IndiGo,6E 6217,2026-09-16,7,economy,,,7927.0,False,16:15,ok,2026-09-09T01:50:09.217528+05:30,2026-09-09_0150IST,airline_direct,IndiGo
DEL,CCU,6E,IndiGo,6E 5073,2026-09-16,7,economy,,,7927.0,False,17:05,ok,2026-09-09T01:50:09.217528+05:30,2026-09-09_0150IST,airline_direct,IndiGo
DEL,CCU,6E,IndiGo,6E 717,2026-09-16,7,business,,,31918.0,False,17:55,ok,2026-09-09T01:50:09.217528+05:30,2026-09-09_0150IST,airline_direct,IndiGo
DEL,CCU,6E,IndiGo,6E 717,2026-09-16,7,economy,,,7927.0,False,17:55,ok,2026-09-09T01:50:09.217528+05:30,2026-09-09_0150IST,airline_direct,IndiGo
DEL,CCU,6E,IndiGo,6E 882,2026-09-16,7,business,,,31918.0,False,23:15,ok,2026-09-09T01:50:09.217528+05:30,2026-09-09_0150IST,airline_direct,IndiGo
DEL,CCU,6E,IndiGo,6E 882,2026-09-16,7,economy,,,7927.0,False,23:15,ok,2026-09-09T01:50:09.217528+05:30,2026-09-09_0150IST,airline_direct,IndiGo
DEL,CCU,6E,IndiGo,6E 6371,2026-09-16,7,economy,,,8032.0,False,06:20,ok,2026-09-09T01:50:09.217528+05:30,2026-09-09_0150IST,airline_direct,IndiGo
DEL,CCU,6E,IndiGo,6E 6551,2026-09-16,7,economy,,,8032.0,False,12:00,ok,2026-09-09T01:50:09.217528+05:30,2026-09-09_0150IST,airline_direct,IndiGo
DEL,CCU,6E,IndiGo,6E 5036,2026-09-16,7,economy,,,8115.0,False,08:00,ok,2026-09-09T01:50:09.217528+05:30,2026-09-09_0150IST,airline_direct,IndiGo
DEL,CCU,6E,IndiGo,6E 6312,2026-09-16,7,economy,,,8115.0,False,14:25,ok,2026-09-09T01:50:09.217528+05:30,2026-09-09_0150IST,airline_direct,IndiGo
DEL,CCU,6E,IndiGo,6E 734,2026-09-16,7,economy,,,8115.0,False,16:20,ok,2026-09-09T01:50:09.217528+05:30,2026-09-09_0150IST,airline_direct,IndiGo
DEL,CCU,6E,IndiGo,6E 6370,2026-09-16,7,economy,,,8194.0,False,06:40,ok,2026-09-09T01:50:09.217528+05:30,2026-09-09_0150IST,airline_direct,IndiGo
DEL,CCU,6E,IndiGo,6E 2259,2026-09-16,7,economy,,,8194.0,False,12:20,ok,2026-09-09T01:50:09.217528+05:30,2026-09-09_0150IST,airline_direct,IndiGo
DEL,CCU,6E,IndiGo,6E 2259,2026-09-16,7,economy,,,8194.0,False,12:20,ok,2026-09-09T01:50:09.217528+05:30,2026-09-09_0150IST,airline_direct,IndiGo
DEL,CCU,6E,IndiGo,6E 2614,2026-09-16,7,economy,,,8194.0,False,14:40,ok,2026-09-09T01:50:09.217528+05:30,2026-09-09_0150IST,airline_direct,IndiGo
DEL,CCU,6E,IndiGo,6E 2614,2026-09-16,7,economy,,,8194.0,False,14:40,ok,2026-09-09T01:50:09.217528+05:30,2026-09-09_0150IST,airline_direct,IndiGo
DEL,CCU,6E,IndiGo,6E 705,2026-09-16,7,business,,,32272.0,False,08:30,ok,2026-09-09T01:50:09.217528+05:30,2026-09-09_0150IST,airline_direct,IndiGo
DEL,CCU,6E,IndiGo,6E 705,2026-09-16,7,economy,,,8535.0,False,08:30,ok,2026-09-09T01:50:09.217528+05:30,2026-09-09_0150IST,airline_direct,IndiGo
DEL,CCU,6E,IndiGo,6E 705,2026-09-16,7,business,,,32272.0,False,08:30,ok,2026-09-09T01:50:09.217528+05:30,2026-09-09_0150IST,airline_direct,IndiGo
DEL,CCU,6E,IndiGo,6E 705,2026-09-16,7,economy,,,8535.0,False,08:30,ok,2026-09-09T01:50:09.217528+05:30,2026-09-09_0150IST,airline_direct,IndiGo
DEL,CCU,6E,IndiGo,6E 5307,2026-09-16,7,economy,,,9146.0,False,10:50,ok,2026-09-09T01:50:09.217528+05:30,2026-09-09_0150IST,airline_direct,IndiGo
DEL,CCU,6E,IndiGo,6E 5119,2026-09-16,7,economy,,,9203.0,False,05:10,ok,2026-09-09T01:50:09.217528+05:30,2026-09-09_0150IST,airline_direct,IndiGo
DEL,CCU,6E,IndiGo,6E 203,2026-09-16,7,business,,,32272.0,False,07:10,ok,2026-09-09T01:50:09.217528+05:30,2026-09-09_0150IST,airline_direct,IndiGo
DEL,CCU,6E,IndiGo,6E 203,2026-09-16,7,economy,,,9203.0,False,07:10,ok,2026-09-09T01:50:09.217528+05:30,2026-09-09_0150IST,airline_direct,IndiGo
DEL,CCU,6E,IndiGo,6E 203,2026-09-16,7,business,,,32272.0,False,07:10,ok,2026-09-09T01:50:09.217528+05:30,2026-09-09_0150IST,airline_direct,IndiGo
DEL,CCU,6E,IndiGo,6E 203,2026-09-16,7,economy,,,9203.0,False,07:10,ok,2026-09-09T01:50:09.217528+05:30,2026-09-09_0150IST,airline_direct,IndiGo
DEL,CCU,6E,IndiGo,6E 6293,2026-09-16,7,business,,,32272.0,False,09:55,ok,2026-09-09T01:50:09.217528+05:30,2026-09-09_0150IST,airline_direct,IndiGo
DEL,CCU,6E,IndiGo,6E 6293,2026-09-16,7,economy,,,9203.0,False,09:55,ok,2026-09-09T01:50:09.217528+05:30,2026-09-09_0150IST,airline_direct,IndiGo
DEL,CCU,6E,IndiGo,6E 6293,2026-09-16,7,business,,,32272.0,False,09:55,ok,2026-09-09T01:50:09.217528+05:30,2026-09-09_0150IST,airline_direct,IndiGo
DEL,CCU,6E,IndiGo,6E 6293,2026-09-16,7,economy,,,9203.0,False,09:55,ok,2026-09-09T01:50:09.217528+05:30,2026-09-09_0150IST,airline_direct,IndiGo
DEL,CCU,6E,IndiGo,6E 884,2026-09-16,7,business,,,32272.0,False,11:45,ok,2026-09-09T01:50:09.217528+05:30,2026-09-09_0150IST,airline_direct,IndiGo
DEL,CCU,6E,IndiGo,6E 884,2026-09-16,7,economy,,,9203.0,False,11:45,ok,2026-09-09T01:50:09.217528+05:30,2026-09-09_0150IST,airline_direct,IndiGo
DEL,CCU,6E,IndiGo,6E 6130,2026-09-16,7,economy,,,9597.0,False,12:55,ok,2026-09-09T01:50:09.217528+05:30,2026-09-09_0150IST,airline_direct,IndiGo
DEL,CCU,6E,IndiGo,6E 2296,2026-09-16,7,economy,,,10404.0,False,09:20,ok,2026-09-09T01:50:09.217528+05:30,2026-09-09_0150IST,airline_direct,IndiGo
DEL,CCU,6E,IndiGo,6E 6073,2026-09-16,7,economy,,,16731.0,False,05:00,ok,2026-09-09T01:50:09.217528+05:30,2026-09-09_0150IST,airline_direct,IndiGo
BLR,HYD,6E,IndiGo,6E 6067,2026-09-16,7,economy,,,5318.0,False,16:30,ok,2026-09-09T01:51:03.232753+05:30,2026-09-09_0151IST,airline_direct,IndiGo
BLR,HYD,6E,IndiGo,6E 6784,2026-09-16,7,economy,,,5318.0,False,21:30,ok,2026-09-09T01:51:03.232753+05:30,2026-09-09_0151IST,airline_direct,IndiGo
BLR,HYD,6E,IndiGo,6E 638,2026-09-16,7,economy,,,6239.0,False,18:35,ok,2026-09-09T01:51:03.232753+05:30,2026-09-09_0151IST,airline_direct,IndiGo
BLR,HYD,6E,IndiGo,6E 855,2026-09-16,7,economy,,,6239.0,False,19:45,ok,2026-09-09T01:51:03.232753+05:30,2026-09-09_0151IST,airline_direct,IndiGo
BLR,HYD,6E,IndiGo,6E 6404,2026-09-16,7,economy,,,7361.0,False,11:35,ok,2026-09-09T01:51:03.232753+05:30,2026-09-09_0151IST,airline_direct,IndiGo
BLR,HYD,6E,IndiGo,6E 537,2026-09-16,7,economy,,,8727.0,False,10:15,ok,2026-09-09T01:51:03.232753+05:30,2026-09-09_0151IST,airline_direct,IndiGo
BLR,HYD,6E,IndiGo,6E 6178,2026-09-16,7,economy,,,9518.0,False,06:25,ok,2026-09-09T01:51:03.232753+05:30,2026-09-09_0151IST,airline_direct,IndiGo
BLR,HYD,6E,IndiGo,6E 312,2026-09-16,7,economy,,,10390.0,False,09:15,ok,2026-09-09T01:51:03.232753+05:30,2026-09-09_0151IST,airline_direct,IndiGo
BLR,HYD,6E,IndiGo,6E 484,2026-09-16,7,economy,,,12416.0,False,08:15,ok,2026-09-09T01:51:03.232753+05:30,2026-09-09_0151IST,airline_direct,IndiGo
BLR,HYD,6E,IndiGo,6E 857,2026-09-16,7,economy,,,5463.0,False,07:05,ok,2026-09-09T01:51:03.232753+05:30,2026-09-09_0151IST,airline_direct,IndiGo
BLR,HYD,6E,IndiGo,6E 857,2026-09-16,7,economy,,,5463.0,False,07:05,ok,2026-09-09T01:51:03.232753+05:30,2026-09-09_0151IST,airline_direct,IndiGo
BLR,HYD,6E,IndiGo,6E 763,2026-09-16,7,economy,,,5463.0,False,07:05,ok,2026-09-09T01:51:03.232753+05:30,2026-09-09_0151IST,airline_direct,IndiGo
BLR,HYD,6E,IndiGo,6E 6445,2026-09-16,7,economy,,,5463.0,False,10:25,ok,2026-09-09T01:51:03.232753+05:30,2026-09-09_0151IST,airline_direct,IndiGo
BLR,HYD,6E,IndiGo,6E 904,2026-09-16,7,economy,,,5463.0,False,10:45,ok,2026-09-09T01:51:03.232753+05:30,2026-09-09_0151IST,airline_direct,IndiGo
BLR,HYD,6E,IndiGo,6E 6104,2026-09-16,7,economy,,,5463.0,False,11:40,ok,2026-09-09T01:51:03.232753+05:30,2026-09-09_0151IST,airline_direct,IndiGo
BLR,HYD,6E,IndiGo,6E 6104,2026-09-16,7,economy,,,5463.0,False,11:40,ok,2026-09-09T01:51:03.232753+05:30,2026-09-09_0151IST,airline_direct,IndiGo
BLR,HYD,6E,IndiGo,6E 6653,2026-09-16,7,economy,,,5463.0,False,12:35,ok,2026-09-09T01:51:03.232753+05:30,2026-09-09_0151IST,airline_direct,IndiGo
BLR,HYD,6E,IndiGo,6E 6208,2026-09-16,7,economy,,,5463.0,False,12:45,ok,2026-09-09T01:51:03.232753+05:30,2026-09-09_0151IST,airline_direct,IndiGo
BLR,HYD,6E,IndiGo,6E 6208,2026-09-16,7,economy,,,5463.0,False,12:45,ok,2026-09-09T01:51:03.232753+05:30,2026-09-09_0151IST,airline_direct,IndiGo
BLR,HYD,6E,IndiGo,6E 6542,2026-09-16,7,economy,,,5463.0,False,13:10,ok,2026-09-09T01:51:03.232753+05:30,2026-09-09_0151IST,airline_direct,IndiGo
BLR,HYD,6E,IndiGo,6E 6753,2026-09-16,7,economy,,,5463.0,False,15:15,ok,2026-09-09T01:51:03.232753+05:30,2026-09-09_0151IST,airline_direct,IndiGo
BLR,HYD,6E,IndiGo,6E 6753,2026-09-16,7,economy,,,5463.0,False,15:15,ok,2026-09-09T01:51:03.232753+05:30,2026-09-09_0151IST,airline_direct,IndiGo
BLR,HYD,6E,IndiGo,6E 173,2026-09-16,7,economy,,,5463.0,False,15:30,ok,2026-09-09T01:51:03.232753+05:30,2026-09-09_0151IST,airline_direct,IndiGo
BLR,HYD,6E,IndiGo,6E 173,2026-09-16,7,economy,,,5463.0,False,15:30,ok,2026-09-09T01:51:03.232753+05:30,2026-09-09_0151IST,airline_direct,IndiGo
BLR,HYD,6E,IndiGo,6E 356,2026-09-16,7,economy,,,5463.0,False,17:15,ok,2026-09-09T01:51:03.232753+05:30,2026-09-09_0151IST,airline_direct,IndiGo
BLR,HYD,6E,IndiGo,6E 356,2026-09-16,7,economy,,,5463.0,False,17:15,ok,2026-09-09T01:51:03.232753+05:30,2026-09-09_0151IST,airline_direct,IndiGo
BLR,HYD,6E,IndiGo,6E 6168,2026-09-16,7,economy,,,5463.0,False,17:40,ok,2026-09-09T01:51:03.232753+05:30,2026-09-09_0151IST,airline_direct,IndiGo
BLR,HYD,6E,IndiGo,6E 6168,2026-09-16,7,economy,,,5463.0,False,17:40,ok,2026-09-09T01:51:03.232753+05:30,2026-09-09_0151IST,airline_direct,IndiGo
BLR,HYD,6E,IndiGo,6E 6017,2026-09-16,7,economy,,,5463.0,False,18:15,ok,2026-09-09T01:51:03.232753+05:30,2026-09-09_0151IST,airline_direct,IndiGo
BLR,HYD,6E,IndiGo,6E 105,2026-09-16,7,economy,,,5463.0,False,18:50,ok,2026-09-09T01:51:03.232753+05:30,2026-09-09_0151IST,airline_direct,IndiGo
BLR,HYD,6E,IndiGo,6E 6554,2026-09-16,7,economy,,,5463.0,False,19:15,ok,2026-09-09T01:51:03.232753+05:30,2026-09-09_0151IST,airline_direct,IndiGo
BLR,HYD,6E,IndiGo,6E 441,2026-09-16,7,economy,,,5463.0,False,20:40,ok,2026-09-09T01:51:03.232753+05:30,2026-09-09_0151IST,airline_direct,IndiGo
BLR,HYD,6E,IndiGo,6E 528,2026-09-16,7,economy,,,5463.0,False,21:40,ok,2026-09-09T01:51:03.232753+05:30,2026-09-09_0151IST,airline_direct,IndiGo
BLR,HYD,6E,IndiGo,6E 116,2026-09-16,7,economy,,,5463.0,False,23:05,ok,2026-09-09T01:51:03.232753+05:30,2026-09-09_0151IST,airline_direct,IndiGo
BLR,HYD,6E,IndiGo,6E 6583,2026-09-16,7,economy,,,5594.0,False,10:40,ok,2026-09-09T01:51:03.232753+05:30,2026-09-09_0151IST,airline_direct,IndiGo
BLR,HYD,6E,IndiGo,6E 6336,2026-09-16,7,economy,,,5594.0,False,12:40,ok,2026-09-09T01:51:03.232753+05:30,2026-09-09_0151IST,airline_direct,IndiGo
BLR,HYD,6E,IndiGo,6E 6336,2026-09-16,7,economy,,,5594.0,False,12:40,ok,2026-09-09T01:51:03.232753+05:30,2026-09-09_0151IST,airline_direct,IndiGo
BLR,HYD,6E,IndiGo,6E 6563,2026-09-16,7,economy,,,5793.0,False,01:05,ok,2026-09-09T01:51:03.232753+05:30,2026-09-09_0151IST,airline_direct,IndiGo
BLR,HYD,6E,IndiGo,6E 6876,2026-09-16,7,economy,,,5793.0,False,02:40,ok,2026-09-09T01:51:03.232753+05:30,2026-09-09_0151IST,airline_direct,IndiGo
BLR,HYD,6E,IndiGo,6E 6445,2026-09-16,7,economy,,,5793.0,False,10:25,ok,2026-09-09T01:51:03.232753+05:30,2026-09-09_0151IST,airline_direct,IndiGo
BLR,HYD,6E,IndiGo,6E 6653,2026-09-16,7,economy,,,5793.0,False,12:35,ok,2026-09-09T01:51:03.232753+05:30,2026-09-09_0151IST,airline_direct,IndiGo
BLR,HYD,6E,IndiGo,6E 703,2026-09-16,7,economy,,,5793.0,False,12:55,ok,2026-09-09T01:51:03.232753+05:30,2026-09-09_0151IST,airline_direct,IndiGo
BLR,HYD,6E,IndiGo,6E 7005,2026-09-16,7,economy,,,6153.0,False,08:05,ok,2026-09-09T01:51:03.232753+05:30,2026-09-09_0151IST,airline_direct,IndiGo
BLR,HYD,6E,IndiGo,6E 7005,2026-09-16,7,economy,,,6153.0,False,08:05,ok,2026-09-09T01:51:03.232753+05:30,2026-09-09_0151IST,airline_direct,IndiGo
BLR,HYD,6E,IndiGo,6E 6445,2026-09-16,7,economy,,,6153.0,False,10:25,ok,2026-09-09T01:51:03.232753+05:30,2026-09-09_0151IST,airline_direct,IndiGo
BLR,HYD,6E,IndiGo,6E 703,2026-09-16,7,economy,,,6153.0,False,12:55,ok,2026-09-09T01:51:03.232753+05:30,2026-09-09_0151IST,airline_direct,IndiGo
BLR,HYD,6E,IndiGo,6E 109,2026-09-16,7,economy,,,6153.0,False,17:00,ok,2026-09-09T01:51:03.232753+05:30,2026-09-09_0151IST,airline_direct,IndiGo
BLR,HYD,6E,IndiGo,6E 6891,2026-09-16,7,economy,,,6153.0,False,17:15,ok,2026-09-09T01:51:03.232753+05:30,2026-09-09_0151IST,airline_direct,IndiGo
BLR,HYD,6E,IndiGo,6E 6162,2026-09-16,7,economy,,,6153.0,False,18:50,ok,2026-09-09T01:51:03.232753+05:30,2026-09-09_0151IST,airline_direct,IndiGo
BLR,HYD,6E,IndiGo,6E 7227,2026-09-16,7,economy,,,6412.0,False,06:25,ok,2026-09-09T01:51:03.232753+05:30,2026-09-09_0151IST,airline_direct,IndiGo
BLR,HYD,6E,IndiGo,6E 7737,2026-09-16,7,economy,,,6412.0,False,10:50,ok,2026-09-09T01:51:03.232753+05:30,2026-09-09_0151IST,airline_direct,IndiGo
BLR,HYD,6E,IndiGo,6E 574,2026-09-16,7,economy,,,6674.0,False,11:05,ok,2026-09-09T01:51:03.232753+05:30,2026-09-09_0151IST,airline_direct,IndiGo
BLR,HYD,6E,IndiGo,6E 7204,2026-09-16,7,economy,,,7432.0,False,06:50,ok,2026-09-09T01:51:03.232753+05:30,2026-09-09_0151IST,airline_direct,IndiGo
BLR,HYD,6E,IndiGo,6E 7204,2026-09-16,7,economy,,,7935.0,False,06:50,ok,2026-09-09T01:51:03.232753+05:30,2026-09-09_0151IST,airline_direct,IndiGo
BLR,HYD,6E,IndiGo,6E 6269,2026-09-16,7,economy,,,9730.0,False,07:15,ok,2026-09-09T01:51:03.232753+05:30,2026-09-09_0151IST,airline_direct,IndiGo
BLR,HYD,6E,IndiGo,6E 6269,2026-09-16,7,economy,,,10246.0,False,07:15,ok,2026-09-09T01:51:03.232753+05:30,2026-09-09_0151IST,airline_direct,IndiGo
BLR,HYD,6E,IndiGo,6E 7285,2026-09-16,7,economy,,,10586.0,False,06:50,ok,2026-09-09T01:51:03.232753+05:30,2026-09-09_0151IST,airline_direct,IndiGo
BLR,HYD,6E,IndiGo,6E 7737,2026-09-16,7,economy,,,11073.0,False,10:50,ok,2026-09-09T01:51:03.232753+05:30,2026-09-09_0151IST,airline_direct,IndiGo
BLR,HYD,6E,IndiGo,6E 763,2026-09-16,7,economy,,,11204.0,False,07:05,ok,2026-09-09T01:51:03.232753+05:30,2026-09-09_0151IST,airline_direct,IndiGo
MAA,DEL,6E,IndiGo,6E 6002,2026-09-16,7,business,,,28240.0,False,11:10,ok,2026-09-09T01:52:04.886445+05:30,2026-09-09_0152IST,airline_direct,IndiGo
MAA,DEL,6E,IndiGo,6E 6002,2026-09-16,7,economy,,,9830.0,False,11:10,ok,2026-09-09T01:52:04.886445+05:30,2026-09-09_0152IST,airline_direct,IndiGo
MAA,DEL,6E,IndiGo,6E 939,2026-09-16,7,business,,,28240.0,False,13:00,ok,2026-09-09T01:52:04.886445+05:30,2026-09-09_0152IST,airline_direct,IndiGo
MAA,DEL,6E,IndiGo,6E 939,2026-09-16,7,economy,,,9830.0,False,13:00,ok,2026-09-09T01:52:04.886445+05:30,2026-09-09_0152IST,airline_direct,IndiGo
MAA,DEL,6E,IndiGo,6E 948,2026-09-16,7,business,,,28240.0,False,14:30,ok,2026-09-09T01:52:04.886445+05:30,2026-09-09_0152IST,airline_direct,IndiGo
MAA,DEL,6E,IndiGo,6E 948,2026-09-16,7,economy,,,9830.0,False,14:30,ok,2026-09-09T01:52:04.886445+05:30,2026-09-09_0152IST,airline_direct,IndiGo
MAA,DEL,6E,IndiGo,6E 951,2026-09-16,7,business,,,28240.0,False,21:50,ok,2026-09-09T01:52:04.886445+05:30,2026-09-09_0152IST,airline_direct,IndiGo
MAA,DEL,6E,IndiGo,6E 951,2026-09-16,7,economy,,,9830.0,False,21:50,ok,2026-09-09T01:52:04.886445+05:30,2026-09-09_0152IST,airline_direct,IndiGo
MAA,DEL,6E,IndiGo,6E 2369,2026-09-16,7,business,,,28240.0,False,23:45,ok,2026-09-09T01:52:04.886445+05:30,2026-09-09_0152IST,airline_direct,IndiGo
MAA,DEL,6E,IndiGo,6E 2369,2026-09-16,7,economy,,,9830.0,False,23:45,ok,2026-09-09T01:52:04.886445+05:30,2026-09-09_0152IST,airline_direct,IndiGo
MAA,DEL,6E,IndiGo,6E 404,2026-09-16,7,business,,,28240.0,False,09:15,ok,2026-09-09T01:52:04.886445+05:30,2026-09-09_0152IST,airline_direct,IndiGo
MAA,DEL,6E,IndiGo,6E 404,2026-09-16,7,economy,,,10785.0,False,09:15,ok,2026-09-09T01:52:04.886445+05:30,2026-09-09_0152IST,airline_direct,IndiGo
MAA,DEL,6E,IndiGo,6E 698,2026-09-16,7,business,,,28240.0,False,16:45,ok,2026-09-09T01:52:04.886445+05:30,2026-09-09_0152IST,airline_direct,IndiGo
MAA,DEL,6E,IndiGo,6E 698,2026-09-16,7,economy,,,11850.0,False,16:45,ok,2026-09-09T01:52:04.886445+05:30,2026-09-09_0152IST,airline_direct,IndiGo
MAA,DEL,6E,IndiGo,6E 613,2026-09-16,7,business,,,28240.0,False,19:00,ok,2026-09-09T01:52:04.886445+05:30,2026-09-09_0152IST,airline_direct,IndiGo
MAA,DEL,6E,IndiGo,6E 613,2026-09-16,7,economy,,,13035.0,False,19:00,ok,2026-09-09T01:52:04.886445+05:30,2026-09-09_0152IST,airline_direct,IndiGo
MAA,DEL,6E,IndiGo,6E 937,2026-09-16,7,business,,,28240.0,False,06:30,ok,2026-09-09T01:52:04.886445+05:30,2026-09-09_0152IST,airline_direct,IndiGo
MAA,DEL,6E,IndiGo,6E 937,2026-09-16,7,economy,,,19283.0,False,06:30,ok,2026-09-09T01:52:04.886445+05:30,2026-09-09_0152IST,airline_direct,IndiGo
MAA,DEL,6E,IndiGo,6E 253,2026-09-16,7,business,,,27587.0,False,03:10,ok,2026-09-09T01:52:04.886445+05:30,2026-09-09_0152IST,airline_direct,IndiGo
MAA,DEL,6E,IndiGo,6E 253,2026-09-16,7,economy,,,9778.0,False,03:10,ok,2026-09-09T01:52:04.886445+05:30,2026-09-09_0152IST,airline_direct,IndiGo
MAA,DEL,6E,IndiGo,6E 607,2026-09-16,7,business,,,27587.0,False,05:40,ok,2026-09-09T01:52:04.886445+05:30,2026-09-09_0152IST,airline_direct,IndiGo
MAA,DEL,6E,IndiGo,6E 607,2026-09-16,7,economy,,,9778.0,False,05:40,ok,2026-09-09T01:52:04.886445+05:30,2026-09-09_0152IST,airline_direct,IndiGo
MAA,DEL,6E,IndiGo,6E 495,2026-09-16,7,business,,,32889.0,False,07:10,ok,2026-09-09T01:52:04.886445+05:30,2026-09-09_0152IST,airline_direct,IndiGo
MAA,DEL,6E,IndiGo,6E 495,2026-09-16,7,economy,,,9778.0,False,07:10,ok,2026-09-09T01:52:04.886445+05:30,2026-09-09_0152IST,airline_direct,IndiGo
MAA,DEL,6E,IndiGo,6E 834,2026-09-16,7,business,,,32172.0,False,09:05,ok,2026-09-09T01:52:04.886445+05:30,2026-09-09_0152IST,airline_direct,IndiGo
MAA,DEL,6E,IndiGo,6E 834,2026-09-16,7,economy,,,9778.0,False,09:05,ok,2026-09-09T01:52:04.886445+05:30,2026-09-09_0152IST,airline_direct,IndiGo
MAA,DEL,6E,IndiGo,6E 502,2026-09-16,7,business,,,28769.0,False,11:10,ok,2026-09-09T01:52:04.886445+05:30,2026-09-09_0152IST,airline_direct,IndiGo
MAA,DEL,6E,IndiGo,6E 502,2026-09-16,7,economy,,,9778.0,False,11:10,ok,2026-09-09T01:52:04.886445+05:30,2026-09-09_0152IST,airline_direct,IndiGo
MAA,DEL,6E,IndiGo,6E 6925,2026-09-16,7,business,,,30367.0,False,12:00,ok,2026-09-09T01:52:04.886445+05:30,2026-09-09_0152IST,airline_direct,IndiGo
MAA,DEL,6E,IndiGo,6E 6925,2026-09-16,7,economy,,,9778.0,False,12:00,ok,2026-09-09T01:52:04.886445+05:30,2026-09-09_0152IST,airline_direct,IndiGo
MAA,DEL,6E,IndiGo,6E 6925,2026-09-16,7,business,,,30367.0,False,12:00,ok,2026-09-09T01:52:04.886445+05:30,2026-09-09_0152IST,airline_direct,IndiGo
MAA,DEL,6E,IndiGo,6E 6925,2026-09-16,7,economy,,,9778.0,False,12:00,ok,2026-09-09T01:52:04.886445+05:30,2026-09-09_0152IST,airline_direct,IndiGo
MAA,DEL,6E,IndiGo,6E 183,2026-09-16,7,business,,,28769.0,False,16:35,ok,2026-09-09T01:52:04.886445+05:30,2026-09-09_0152IST,airline_direct,IndiGo
MAA,DEL,6E,IndiGo,6E 183,2026-09-16,7,economy,,,9778.0,False,16:35,ok,2026-09-09T01:52:04.886445+05:30,2026-09-09_0152IST,airline_direct,IndiGo
MAA,DEL,6E,IndiGo,6E 489,2026-09-16,7,economy,,,9778.0,False,18:15,ok,2026-09-09T01:52:04.886445+05:30,2026-09-09_0152IST,airline_direct,IndiGo
MAA,DEL,6E,IndiGo,6E 193,2026-09-16,7,business,,,30367.0,False,20:00,ok,2026-09-09T01:52:04.886445+05:30,2026-09-09_0152IST,airline_direct,IndiGo
MAA,DEL,6E,IndiGo,6E 193,2026-09-16,7,economy,,,9778.0,False,20:00,ok,2026-09-09T01:52:04.886445+05:30,2026-09-09_0152IST,airline_direct,IndiGo
MAA,DEL,6E,IndiGo,6E 6487,2026-09-16,7,business,,,30367.0,False,21:25,ok,2026-09-09T01:52:04.886445+05:30,2026-09-09_0152IST,airline_direct,IndiGo
MAA,DEL,6E,IndiGo,6E 6487,2026-09-16,7,economy,,,9778.0,False,21:25,ok,2026-09-09T01:52:04.886445+05:30,2026-09-09_0152IST,airline_direct,IndiGo
MAA,DEL,6E,IndiGo,6E 561,2026-09-16,7,business,,,29711.0,False,22:20,ok,2026-09-09T01:52:04.886445+05:30,2026-09-09_0152IST,airline_direct,IndiGo
MAA,DEL,6E,IndiGo,6E 561,2026-09-16,7,economy,,,9778.0,False,22:20,ok,2026-09-09T01:52:04.886445+05:30,2026-09-09_0152IST,airline_direct,IndiGo
MAA,DEL,6E,IndiGo,6E 6815,2026-09-16,7,business,,,32713.0,False,08:55,ok,2026-09-09T01:52:04.886445+05:30,2026-09-09_0152IST,airline_direct,IndiGo
MAA,DEL,6E,IndiGo,6E 6815,2026-09-16,7,economy,,,9857.0,False,08:55,ok,2026-09-09T01:52:04.886445+05:30,2026-09-09_0152IST,airline_direct,IndiGo
MAA,DEL,6E,IndiGo,6E 6815,2026-09-16,7,business,,,32713.0,False,08:55,ok,2026-09-09T01:52:04.886445+05:30,2026-09-09_0152IST,airline_direct,IndiGo
MAA,DEL,6E,IndiGo,6E 6815,2026-09-16,7,economy,,,9857.0,False,08:55,ok,2026-09-09T01:52:04.886445+05:30,2026-09-09_0152IST,airline_direct,IndiGo
MAA,DEL,6E,IndiGo,6E 6892,2026-09-16,7,business,,,32713.0,False,10:55,ok,2026-09-09T01:52:04.886445+05:30,2026-09-09_0152IST,airline_direct,IndiGo
MAA,DEL,6E,IndiGo,6E 6892,2026-09-16,7,economy,,,9857.0,False,10:55,ok,2026-09-09T01:52:04.886445+05:30,2026-09-09_0152IST,airline_direct,IndiGo
MAA,DEL,6E,IndiGo,6E 6892,2026-09-16,7,business,,,32713.0,False,10:55,ok,2026-09-09T01:52:04.886445+05:30,2026-09-09_0152IST,airline_direct,IndiGo
MAA,DEL,6E,IndiGo,6E 6892,2026-09-16,7,economy,,,9857.0,False,10:55,ok,2026-09-09T01:52:04.886445+05:30,2026-09-09_0152IST,airline_direct,IndiGo
MAA,DEL,6E,IndiGo,6E 6209,2026-09-16,7,business,,,32713.0,False,14:35,ok,2026-09-09T01:52:04.886445+05:30,2026-09-09_0152IST,airline_direct,IndiGo
MAA,DEL,6E,IndiGo,6E 6209,2026-09-16,7,economy,,,9857.0,False,14:35,ok,2026-09-09T01:52:04.886445+05:30,2026-09-09_0152IST,airline_direct,IndiGo
MAA,DEL,6E,IndiGo,6E 6005,2026-09-16,7,economy,,,9857.0,False,15:45,ok,2026-09-09T01:52:04.886445+05:30,2026-09-09_0152IST,airline_direct,IndiGo
MAA,DEL,6E,IndiGo,6E 726,2026-09-16,7,economy,,,9857.0,False,18:20,ok,2026-09-09T01:52:04.886445+05:30,2026-09-09_0152IST,airline_direct,IndiGo
MAA,DEL,6E,IndiGo,6E 321,2026-09-16,7,business,,,34049.0,False,08:20,ok,2026-09-09T01:52:04.886445+05:30,2026-09-09_0152IST,airline_direct,IndiGo
MAA,DEL,6E,IndiGo,6E 321,2026-09-16,7,economy,,,9988.0,False,08:20,ok,2026-09-09T01:52:04.886445+05:30,2026-09-09_0152IST,airline_direct,IndiGo
MAA,DEL,6E,IndiGo,6E 6326,2026-09-16,7,business,,,34521.0,False,11:45,ok,2026-09-09T01:52:04.886445+05:30,2026-09-09_0152IST,airline_direct,IndiGo
MAA,DEL,6E,IndiGo,6E 6326,2026-09-16,7,economy,,,9988.0,False,11:45,ok,2026-09-09T01:52:04.886445+05:30,2026-09-09_0152IST,airline_direct,IndiGo
MAA,DEL,6E,IndiGo,6E 5258,2026-09-16,7,business,,,39741.0,False,12:45,ok,2026-09-09T01:52:04.886445+05:30,2026-09-09_0152IST,airline_direct,IndiGo
MAA,DEL,6E,IndiGo,6E 5258,2026-09-16,7,economy,,,9988.0,False,12:45,ok,2026-09-09T01:52:04.886445+05:30,2026-09-09_0152IST,airline_direct,IndiGo
MAA,DEL,6E,IndiGo,6E 5104,2026-09-16,7,business,,,39741.0,False,16:40,ok,2026-09-09T01:52:04.886445+05:30,2026-09-09_0152IST,airline_direct,IndiGo
MAA,DEL,6E,IndiGo,6E 5104,2026-09-16,7,economy,,,9988.0,False,16:40,ok,2026-09-09T01:52:04.886445+05:30,2026-09-09_0152IST,airline_direct,IndiGo
MAA,DEL,6E,IndiGo,6E 606,2026-09-16,7,business,,,33577.0,False,18:05,ok,2026-09-09T01:52:04.886445+05:30,2026-09-09_0152IST,airline_direct,IndiGo
MAA,DEL,6E,IndiGo,6E 606,2026-09-16,7,economy,,,9988.0,False,18:05,ok,2026-09-09T01:52:04.886445+05:30,2026-09-09_0152IST,airline_direct,IndiGo
MAA,DEL,6E,IndiGo,6E 5367,2026-09-16,7,business,,,39741.0,False,18:15,ok,2026-09-09T01:52:04.886445+05:30,2026-09-09_0152IST,airline_direct,IndiGo
MAA,DEL,6E,IndiGo,6E 5367,2026-09-16,7,economy,,,9988.0,False,18:15,ok,2026-09-09T01:52:04.886445+05:30,2026-09-09_0152IST,airline_direct,IndiGo
MAA,DEL,6E,IndiGo,6E 834,2026-09-16,7,business,,,32172.0,False,09:05,ok,2026-09-09T01:52:04.886445+05:30,2026-09-09_0152IST,airline_direct,IndiGo
MAA,DEL,6E,IndiGo,6E 834,2026-09-16,7,economy,,,10535.0,False,09:05,ok,2026-09-09T01:52:04.886445+05:30,2026-09-09_0152IST,airline_direct,IndiGo
MAA,DEL,6E,IndiGo,6E 848,2026-09-16,7,economy,,,10535.0,False,17:50,ok,2026-09-09T01:52:04.886445+05:30,2026-09-09_0152IST,airline_direct,IndiGo
MAA,DEL,6E,IndiGo,6E 562,2026-09-16,7,business,,,30367.0,False,18:20,ok,2026-09-09T01:52:04.886445+05:30,2026-09-09_0152IST,airline_direct,IndiGo
MAA,DEL,6E,IndiGo,6E 562,2026-09-16,7,economy,,,10535.0,False,18:20,ok,2026-09-09T01:52:04.886445+05:30,2026-09-09_0152IST,airline_direct,IndiGo
MAA,DEL,6E,IndiGo,6E 7199,2026-09-16,7,economy,,,10614.0,False,15:05,ok,2026-09-09T01:52:04.886445+05:30,2026-09-09_0152IST,airline_direct,IndiGo
MAA,DEL,6E,IndiGo,6E 6158,2026-09-16,7,business,,,30367.0,False,16:10,ok,2026-09-09T01:52:04.886445+05:30,2026-09-09_0152IST,airline_direct,IndiGo
MAA,DEL,6E,IndiGo,6E 6158,2026-09-16,7,economy,,,11366.0,False,16:10,ok,2026-09-09T01:52:04.886445+05:30,2026-09-09_0152IST,airline_direct,IndiGo
MAA,DEL,6E,IndiGo,6E 6209,2026-09-16,7,business,,,32713.0,False,14:35,ok,2026-09-09T01:52:04.886445+05:30,2026-09-09_0152IST,airline_direct,IndiGo
MAA,DEL,6E,IndiGo,6E 6209,2026-09-16,7,economy,,,11445.0,False,14:35,ok,2026-09-09T01:52:04.886445+05:30,2026-09-09_0152IST,airline_direct,IndiGo
MAA,DEL,6E,IndiGo,6E 5314,2026-09-16,7,business,,,39741.0,False,06:45,ok,2026-09-09T01:52:04.886445+05:30,2026-09-09_0152IST,airline_direct,IndiGo
MAA,DEL,6E,IndiGo,6E 5314,2026-09-16,7,economy,,,11576.0,False,06:45,ok,2026-09-09T01:52:04.886445+05:30,2026-09-09_0152IST,airline_direct,IndiGo
MAA,DEL,6E,IndiGo,6E 6348,2026-09-16,7,business,,,39741.0,False,09:00,ok,2026-09-09T01:52:04.886445+05:30,2026-09-09_0152IST,airline_direct,IndiGo
MAA,DEL,6E,IndiGo,6E 6348,2026-09-16,7,economy,,,11576.0,False,09:00,ok,2026-09-09T01:52:04.886445+05:30,2026-09-09_0152IST,airline_direct,IndiGo
MAA,DEL,6E,IndiGo,6E 6518,2026-09-16,7,economy,,,11891.0,False,12:15,ok,2026-09-09T01:52:04.886445+05:30,2026-09-09_0152IST,airline_direct,IndiGo
MAA,DEL,6E,IndiGo,6E 597,2026-09-16,7,economy,,,12645.0,False,17:45,ok,2026-09-09T01:52:04.886445+05:30,2026-09-09_0152IST,airline_direct,IndiGo
MAA,DEL,6E,IndiGo,6E 6081,2026-09-16,7,business,,,33846.0,False,07:05,ok,2026-09-09T01:52:04.886445+05:30,2026-09-09_0152IST,airline_direct,IndiGo
MAA,DEL,6E,IndiGo,6E 6081,2026-09-16,7,economy,,,12980.0,False,07:05,ok,2026-09-09T01:52:04.886445+05:30,2026-09-09_0152IST,airline_direct,IndiGo
MAA,DEL,6E,IndiGo,6E 6081,2026-09-16,7,business,,,33846.0,False,07:05,ok,2026-09-09T01:52:04.886445+05:30,2026-09-09_0152IST,airline_direct,IndiGo
MAA,DEL,6E,IndiGo,6E 6081,2026-09-16,7,economy,,,12980.0,False,07:05,ok,2026-09-09T01:52:04.886445+05:30,2026-09-09_0152IST,airline_direct,IndiGo
MAA,DEL,6E,IndiGo,6E 847,2026-09-16,7,business,,,33846.0,False,16:15,ok,2026-09-09T01:52:04.886445+05:30,2026-09-09_0152IST,airline_direct,IndiGo
MAA,DEL,6E,IndiGo,6E 847,2026-09-16,7,economy,,,12980.0,False,16:15,ok,2026-09-09T01:52:04.886445+05:30,2026-09-09_0152IST,airline_direct,IndiGo
MAA,DEL,6E,IndiGo,6E 401,2026-09-16,7,economy,,,13277.0,False,08:10,ok,2026-09-09T01:52:04.886445+05:30,2026-09-09_0152IST,airline_direct,IndiGo
MAA,DEL,6E,IndiGo,6E 5214,2026-09-16,7,business,,,39741.0,False,11:00,ok,2026-09-09T01:52:04.886445+05:30,2026-09-09_0152IST,airline_direct,IndiGo
MAA,DEL,6E,IndiGo,6E 5214,2026-09-16,7,economy,,,13478.0,False,11:00,ok,2026-09-09T01:52:04.886445+05:30,2026-09-09_0152IST,airline_direct,IndiGo
MAA,DEL,6E,IndiGo,6E 5258,2026-09-16,7,business,,,39741.0,False,12:45,ok,2026-09-09T01:52:04.886445+05:30,2026-09-09_0152IST,airline_direct,IndiGo
MAA,DEL,6E,IndiGo,6E 5258,2026-09-16,7,economy,,,13675.0,False,12:45,ok,2026-09-09T01:52:04.886445+05:30,2026-09-09_0152IST,airline_direct,IndiGo
MAA,DEL,6E,IndiGo,6E 372,2026-09-16,7,business,,,30367.0,False,09:55,ok,2026-09-09T01:52:04.886445+05:30,2026-09-09_0152IST,airline_direct,IndiGo
MAA,DEL,6E,IndiGo,6E 372,2026-09-16,7,economy,,,14046.0,False,09:55,ok,2026-09-09T01:52:04.886445+05:30,2026-09-09_0152IST,airline_direct,IndiGo
MAA,DEL,6E,IndiGo,6E 6140,2026-09-16,7,business,,,33278.0,False,02:30,ok,2026-09-09T01:52:04.886445+05:30,2026-09-09_0152IST,airline_direct,IndiGo
MAA,DEL,6E,IndiGo,6E 6140,2026-09-16,7,economy,,,14542.0,False,02:30,ok,2026-09-09T01:52:04.886445+05:30,2026-09-09_0152IST,airline_direct,IndiGo
MAA,DEL,6E,IndiGo,6E 372,2026-09-16,7,business,,,30367.0,False,09:55,ok,2026-09-09T01:52:04.886445+05:30,2026-09-09_0152IST,airline_direct,IndiGo
MAA,DEL,6E,IndiGo,6E 372,2026-09-16,7,economy,,,14726.0,False,09:55,ok,2026-09-09T01:52:04.886445+05:30,2026-09-09_0152IST,airline_direct,IndiGo
MAA,DEL,6E,IndiGo,6E 5371,2026-09-16,7,business,,,39741.0,False,14:45,ok,2026-09-09T01:52:04.886445+05:30,2026-09-09_0152IST,airline_direct,IndiGo
MAA,DEL,6E,IndiGo,6E 5371,2026-09-16,7,economy,,,14881.0,False,14:45,ok,2026-09-09T01:52:04.886445+05:30,2026-09-09_0152IST,airline_direct,IndiGo
MAA,DEL,6E,IndiGo,6E 6140,2026-09-16,7,business,,,33278.0,False,02:30,ok,2026-09-09T01:52:04.886445+05:30,2026-09-09_0152IST,airline_direct,IndiGo
MAA,DEL,6E,IndiGo,6E 6140,2026-09-16,7,economy,,,15645.0,False,02:30,ok,2026-09-09T01:52:04.886445+05:30,2026-09-09_0152IST,airline_direct,IndiGo
MAA,DEL,6E,IndiGo,6E 244,2026-09-16,7,economy,,,16431.0,False,03:55,ok,2026-09-09T01:52:04.886445+05:30,2026-09-09_0152IST,airline_direct,IndiGo
MAA,DEL,6E,IndiGo,6E 6348,2026-09-16,7,business,,,39741.0,False,09:00,ok,2026-09-09T01:52:04.886445+05:30,2026-09-09_0152IST,airline_direct,IndiGo
MAA,DEL,6E,IndiGo,6E 6348,2026-09-16,7,economy,,,17103.0,False,09:00,ok,2026-09-09T01:52:04.886445+05:30,2026-09-09_0152IST,airline_direct,IndiGo
MAA,DEL,6E,IndiGo,6E 495,2026-09-16,7,business,,,32889.0,False,07:10,ok,2026-09-09T01:52:04.886445+05:30,2026-09-09_0152IST,airline_direct,IndiGo
MAA,DEL,6E,IndiGo,6E 495,2026-09-16,7,economy,,,17716.0,False,07:10,ok,2026-09-09T01:52:04.886445+05:30,2026-09-09_0152IST,airline_direct,IndiGo
DEL,BOM,6E,IndiGo,6E 449,2026-09-24,15,business,,,21900.0,False,05:00,ok,2026-09-09T01:53:13.871644+05:30,2026-09-09_0153IST,airline_direct,IndiGo
DEL,BOM,6E,IndiGo,6E 449,2026-09-24,15,economy,,,6305.0,False,05:00,ok,2026-09-09T01:53:13.871644+05:30,2026-09-09_0153IST,airline_direct,IndiGo
DEL,BOM,6E,IndiGo,6E 675,2026-09-24,15,business,,,21900.0,False,08:45,ok,2026-09-09T01:53:13.871644+05:30,2026-09-09_0153IST,airline_direct,IndiGo
DEL,BOM,6E,IndiGo,6E 675,2026-09-24,15,economy,,,6305.0,False,08:45,ok,2026-09-09T01:53:13.871644+05:30,2026-09-09_0153IST,airline_direct,IndiGo
DEL,BOM,6E,IndiGo,6E 6107,2026-09-24,15,business,,,21900.0,False,09:30,ok,2026-09-09T01:53:13.871644+05:30,2026-09-09_0153IST,airline_direct,IndiGo
DEL,BOM,6E,IndiGo,6E 6107,2026-09-24,15,economy,,,6305.0,False,09:30,ok,2026-09-09T01:53:13.871644+05:30,2026-09-09_0153IST,airline_direct,IndiGo
DEL,BOM,6E,IndiGo,6E 6328,2026-09-24,15,business,,,21900.0,False,10:15,ok,2026-09-09T01:53:13.871644+05:30,2026-09-09_0153IST,airline_direct,IndiGo
DEL,BOM,6E,IndiGo,6E 6328,2026-09-24,15,economy,,,6305.0,False,10:15,ok,2026-09-09T01:53:13.871644+05:30,2026-09-09_0153IST,airline_direct,IndiGo
DEL,BOM,6E,IndiGo,6E 6047,2026-09-24,15,business,,,21900.0,False,11:00,ok,2026-09-09T01:53:13.871644+05:30,2026-09-09_0153IST,airline_direct,IndiGo
DEL,BOM,6E,IndiGo,6E 6047,2026-09-24,15,economy,,,6305.0,False,11:00,ok,2026-09-09T01:53:13.871644+05:30,2026-09-09_0153IST,airline_direct,IndiGo
DEL,BOM,6E,IndiGo,6E 6676,2026-09-24,15,business,,,21900.0,False,12:00,ok,2026-09-09T01:53:13.871644+05:30,2026-09-09_0153IST,airline_direct,IndiGo
DEL,BOM,6E,IndiGo,6E 6676,2026-09-24,15,economy,,,6305.0,False,12:00,ok,2026-09-09T01:53:13.871644+05:30,2026-09-09_0153IST,airline_direct,IndiGo
DEL,BOM,6E,IndiGo,6E 324,2026-09-24,15,business,,,21900.0,False,13:00,ok,2026-09-09T01:53:13.871644+05:30,2026-09-09_0153IST,airline_direct,IndiGo
DEL,BOM,6E,IndiGo,6E 324,2026-09-24,15,economy,,,6305.0,False,13:00,ok,2026-09-09T01:53:13.871644+05:30,2026-09-09_0153IST,airline_direct,IndiGo
DEL,BOM,6E,IndiGo,6E 6022,2026-09-24,15,business,,,21900.0,False,14:00,ok,2026-09-09T01:53:13.871644+05:30,2026-09-09_0153IST,airline_direct,IndiGo
DEL,BOM,6E,IndiGo,6E 6022,2026-09-24,15,economy,,,6305.0,False,14:00,ok,2026-09-09T01:53:13.871644+05:30,2026-09-09_0153IST,airline_direct,IndiGo
DEL,BOM,6E,IndiGo,6E 6318,2026-09-24,15,business,,,21900.0,False,14:45,ok,2026-09-09T01:53:13.871644+05:30,2026-09-09_0153IST,airline_direct,IndiGo
DEL,BOM,6E,IndiGo,6E 6318,2026-09-24,15,economy,,,6305.0,False,14:45,ok,2026-09-09T01:53:13.871644+05:30,2026-09-09_0153IST,airline_direct,IndiGo
DEL,BOM,6E,IndiGo,6E 864,2026-09-24,15,business,,,21900.0,False,15:30,ok,2026-09-09T01:53:13.871644+05:30,2026-09-09_0153IST,airline_direct,IndiGo
DEL,BOM,6E,IndiGo,6E 864,2026-09-24,15,economy,,,6305.0,False,15:30,ok,2026-09-09T01:53:13.871644+05:30,2026-09-09_0153IST,airline_direct,IndiGo
DEL,BOM,6E,IndiGo,6E 327,2026-09-24,15,business,,,21900.0,False,16:15,ok,2026-09-09T01:53:13.871644+05:30,2026-09-09_0153IST,airline_direct,IndiGo
DEL,BOM,6E,IndiGo,6E 327,2026-09-24,15,economy,,,6305.0,False,16:15,ok,2026-09-09T01:53:13.871644+05:30,2026-09-09_0153IST,airline_direct,IndiGo
DEL,BOM,6E,IndiGo,6E 6706,2026-09-24,15,business,,,21900.0,False,17:00,ok,2026-09-09T01:53:13.871644+05:30,2026-09-09_0153IST,airline_direct,IndiGo
DEL,BOM,6E,IndiGo,6E 6706,2026-09-24,15,economy,,,6305.0,False,17:00,ok,2026-09-09T01:53:13.871644+05:30,2026-09-09_0153IST,airline_direct,IndiGo
DEL,BOM,6E,IndiGo,6E 322,2026-09-24,15,business,,,21900.0,False,23:30,ok,2026-09-09T01:53:13.871644+05:30,2026-09-09_0153IST,airline_direct,IndiGo
DEL,BOM,6E,IndiGo,6E 322,2026-09-24,15,economy,,,6305.0,False,23:30,ok,2026-09-09T01:53:13.871644+05:30,2026-09-09_0153IST,airline_direct,IndiGo
DEL,BOM,6E,IndiGo,6E 6218,2026-09-24,15,business,,,21900.0,False,06:05,ok,2026-09-09T01:53:13.871644+05:30,2026-09-09_0153IST,airline_direct,IndiGo
DEL,BOM,6E,IndiGo,6E 6218,2026-09-24,15,economy,,,6357.0,False,06:05,ok,2026-09-09T01:53:13.871644+05:30,2026-09-09_0153IST,airline_direct,IndiGo
DEL,BOM,6E,IndiGo,6E 6114,2026-09-24,15,business,,,21900.0,False,22:45,ok,2026-09-09T01:53:13.871644+05:30,2026-09-09_0153IST,airline_direct,IndiGo
DEL,BOM,6E,IndiGo,6E 6114,2026-09-24,15,economy,,,6357.0,False,22:45,ok,2026-09-09T01:53:13.871644+05:30,2026-09-09_0153IST,airline_direct,IndiGo
DEL,BOM,6E,IndiGo,6E 6814,2026-09-24,15,business,,,21900.0,False,07:15,ok,2026-09-09T01:53:13.871644+05:30,2026-09-09_0153IST,airline_direct,IndiGo
DEL,BOM,6E,IndiGo,6E 6814,2026-09-24,15,economy,,,6431.0,False,07:15,ok,2026-09-09T01:53:13.871644+05:30,2026-09-09_0153IST,airline_direct,IndiGo
DEL,BOM,6E,IndiGo,6E 320,2026-09-24,15,business,,,21900.0,False,08:00,ok,2026-09-09T01:53:13.871644+05:30,2026-09-09_0153IST,airline_direct,IndiGo
DEL,BOM,6E,IndiGo,6E 320,2026-09-24,15,economy,,,6431.0,False,08:00,ok,2026-09-09T01:53:13.871644+05:30,2026-09-09_0153IST,airline_direct,IndiGo
DEL,BOM,6E,IndiGo,6E 329,2026-09-24,15,business,,,21900.0,False,18:00,ok,2026-09-09T01:53:13.871644+05:30,2026-09-09_0153IST,airline_direct,IndiGo
DEL,BOM,6E,IndiGo,6E 329,2026-09-24,15,economy,,,6431.0,False,18:00,ok,2026-09-09T01:53:13.871644+05:30,2026-09-09_0153IST,airline_direct,IndiGo
DEL,BOM,6E,IndiGo,6E 354,2026-09-24,15,business,,,21900.0,False,19:00,ok,2026-09-09T01:53:13.871644+05:30,2026-09-09_0153IST,airline_direct,IndiGo
DEL,BOM,6E,IndiGo,6E 354,2026-09-24,15,economy,,,6431.0,False,19:00,ok,2026-09-09T01:53:13.871644+05:30,2026-09-09_0153IST,airline_direct,IndiGo
DEL,BOM,6E,IndiGo,6E 395,2026-09-24,15,business,,,21900.0,False,21:45,ok,2026-09-09T01:53:13.871644+05:30,2026-09-09_0153IST,airline_direct,IndiGo
DEL,BOM,6E,IndiGo,6E 395,2026-09-24,15,economy,,,6431.0,False,21:45,ok,2026-09-09T01:53:13.871644+05:30,2026-09-09_0153IST,airline_direct,IndiGo
DEL,BOM,6E,IndiGo,6E 303,2026-09-24,15,business,,,21900.0,False,20:00,ok,2026-09-09T01:53:13.871644+05:30,2026-09-09_0153IST,airline_direct,IndiGo
DEL,BOM,6E,IndiGo,6E 303,2026-09-24,15,economy,,,6688.0,False,20:00,ok,2026-09-09T01:53:13.871644+05:30,2026-09-09_0153IST,airline_direct,IndiGo
DEL,BOM,6E,IndiGo,6E 853,2026-09-24,15,business,,,21900.0,False,20:45,ok,2026-09-09T01:53:13.871644+05:30,2026-09-09_0153IST,airline_direct,IndiGo
DEL,BOM,6E,IndiGo,6E 853,2026-09-24,15,economy,,,6688.0,False,20:45,ok,2026-09-09T01:53:13.871644+05:30,2026-09-09_0153IST,airline_direct,IndiGo
DEL,BOM,6E,IndiGo,6E 6261,2026-09-24,15,economy,,,6090.0,False,00:15,ok,2026-09-09T01:53:13.871644+05:30,2026-09-09_0153IST,airline_direct,IndiGo
DEL,BOM,6E,IndiGo,6E 5119,2026-09-24,15,economy,,,6090.0,False,05:10,ok,2026-09-09T01:53:13.871644+05:30,2026-09-09_0153IST,airline_direct,IndiGo
DEL,BOM,6E,IndiGo,6E 5119,2026-09-24,15,economy,,,6090.0,False,05:10,ok,2026-09-09T01:53:13.871644+05:30,2026-09-09_0153IST,airline_direct,IndiGo
DEL,BOM,6E,IndiGo,6E 6171,2026-09-24,15,economy,,,6090.0,False,05:40,ok,2026-09-09T01:53:13.871644+05:30,2026-09-09_0153IST,airline_direct,IndiGo
DEL,BOM,6E,IndiGo,6E 2076,2026-09-24,15,economy,,,6090.0,False,07:30,ok,2026-09-09T01:53:13.871644+05:30,2026-09-09_0153IST,airline_direct,IndiGo
DEL,BOM,6E,IndiGo,6E 2331,2026-09-24,15,economy,,,6090.0,False,12:20,ok,2026-09-09T01:53:13.871644+05:30,2026-09-09_0153IST,airline_direct,IndiGo
DEL,BOM,6E,IndiGo,6E 6983,2026-09-24,15,economy,,,6090.0,False,15:35,ok,2026-09-09T01:53:13.871644+05:30,2026-09-09_0153IST,airline_direct,IndiGo
DEL,BOM,6E,IndiGo,6E 5073,2026-09-24,15,economy,,,6090.0,False,17:05,ok,2026-09-09T01:53:13.871644+05:30,2026-09-09_0153IST,airline_direct,IndiGo
DEL,BOM,6E,IndiGo,6E 931,2026-09-24,15,economy,,,6090.0,False,19:35,ok,2026-09-09T01:53:13.871644+05:30,2026-09-09_0153IST,airline_direct,IndiGo
DEL,BOM,6E,IndiGo,6E 2013,2026-09-24,15,economy,,,6090.0,False,21:50,ok,2026-09-09T01:53:13.871644+05:30,2026-09-09_0153IST,airline_direct,IndiGo
DEL,BOM,6E,IndiGo,6E 6459,2026-09-24,15,economy,,,6222.0,False,05:55,ok,2026-09-09T01:53:13.871644+05:30,2026-09-09_0153IST,airline_direct,IndiGo
DEL,BOM,6E,IndiGo,6E 6443,2026-09-24,15,economy,,,6222.0,False,09:00,ok,2026-09-09T01:53:13.871644+05:30,2026-09-09_0153IST,airline_direct,IndiGo
DEL,BOM,6E,IndiGo,6E 6488,2026-09-24,15,economy,,,6222.0,False,11:20,ok,2026-09-09T01:53:13.871644+05:30,2026-09-09_0153IST,airline_direct,IndiGo
DEL,BOM,6E,IndiGo,6E 2249,2026-09-24,15,economy,,,6222.0,False,15:00,ok,2026-09-09T01:53:13.871644+05:30,2026-09-09_0153IST,airline_direct,IndiGo
DEL,BOM,6E,IndiGo,6E 6433,2026-09-24,15,economy,,,6222.0,False,16:30,ok,2026-09-09T01:53:13.871644+05:30,2026-09-09_0153IST,airline_direct,IndiGo
DEL,BOM,6E,IndiGo,6E 6829,2026-09-24,15,economy,,,6222.0,False,17:20,ok,2026-09-09T01:53:13.871644+05:30,2026-09-09_0153IST,airline_direct,IndiGo
DEL,BOM,6E,IndiGo,6E 6829,2026-09-24,15,economy,,,6222.0,False,17:20,ok,2026-09-09T01:53:13.871644+05:30,2026-09-09_0153IST,airline_direct,IndiGo
DEL,BOM,6E,IndiGo,6E 2169,2026-09-24,15,economy,,,6222.0,False,19:40,ok,2026-09-09T01:53:13.871644+05:30,2026-09-09_0153IST,airline_direct,IndiGo
DEL,BOM,6E,IndiGo,6E 6050,2026-09-24,15,economy,,,6300.0,False,08:15,ok,2026-09-09T01:53:13.871644+05:30,2026-09-09_0153IST,airline_direct,IndiGo
DEL,BOM,6E,IndiGo,6E 5038,2026-09-24,15,economy,,,6300.0,False,14:00,ok,2026-09-09T01:53:13.871644+05:30,2026-09-09_0153IST,airline_direct,IndiGo
DEL,BOM,6E,IndiGo,6E 758,2026-09-24,15,economy,,,6300.0,False,16:10,ok,2026-09-09T01:53:13.871644+05:30,2026-09-09_0153IST,airline_direct,IndiGo
DEL,BOM,6E,IndiGo,6E 2151,2026-09-24,15,economy,,,6300.0,False,19:45,ok,2026-09-09T01:53:13.871644+05:30,2026-09-09_0153IST,airline_direct,IndiGo
DEL,BOM,6E,IndiGo,6E 6479,2026-09-24,15,economy,,,6300.0,False,21:25,ok,2026-09-09T01:53:13.871644+05:30,2026-09-09_0153IST,airline_direct,IndiGo
DEL,BOM,6E,IndiGo,6E 704,2026-09-24,15,business,,,29617.0,False,02:25,ok,2026-09-09T01:53:13.871644+05:30,2026-09-09_0153IST,airline_direct,IndiGo
DEL,BOM,6E,IndiGo,6E 704,2026-09-24,15,economy,,,6432.0,False,02:25,ok,2026-09-09T01:53:13.871644+05:30,2026-09-09_0153IST,airline_direct,IndiGo
DEL,BOM,6E,IndiGo,6E 705,2026-09-24,15,business,,,29617.0,False,08:30,ok,2026-09-09T01:53:13.871644+05:30,2026-09-09_0153IST,airline_direct,IndiGo
DEL,BOM,6E,IndiGo,6E 705,2026-09-24,15,economy,,,6432.0,False,08:30,ok,2026-09-09T01:53:13.871644+05:30,2026-09-09_0153IST,airline_direct,IndiGo
DEL,BOM,6E,IndiGo,6E 6293,2026-09-24,15,business,,,29617.0,False,09:55,ok,2026-09-09T01:53:13.871644+05:30,2026-09-09_0153IST,airline_direct,IndiGo
DEL,BOM,6E,IndiGo,6E 6293,2026-09-24,15,economy,,,6432.0,False,09:55,ok,2026-09-09T01:53:13.871644+05:30,2026-09-09_0153IST,airline_direct,IndiGo
DEL,BOM,6E,IndiGo,6E 6282,2026-09-24,15,business,,,29617.0,False,13:30,ok,2026-09-09T01:53:13.871644+05:30,2026-09-09_0153IST,airline_direct,IndiGo
DEL,BOM,6E,IndiGo,6E 6282,2026-09-24,15,economy,,,6432.0,False,13:30,ok,2026-09-09T01:53:13.871644+05:30,2026-09-09_0153IST,airline_direct,IndiGo
DEL,BOM,6E,IndiGo,6E 2381,2026-09-24,15,economy,,,6432.0,False,13:45,ok,2026-09-09T01:53:13.871644+05:30,2026-09-09_0153IST,airline_direct,IndiGo
DEL,BOM,6E,IndiGo,6E 717,2026-09-24,15,business,,,29617.0,False,17:55,ok,2026-09-09T01:53:13.871644+05:30,2026-09-09_0153IST,airline_direct,IndiGo
DEL,BOM,6E,IndiGo,6E 717,2026-09-24,15,economy,,,6432.0,False,17:55,ok,2026-09-09T01:53:13.871644+05:30,2026-09-09_0153IST,airline_direct,IndiGo
DEL,BOM,6E,IndiGo,6E 6497,2026-09-24,15,economy,,,6432.0,False,18:40,ok,2026-09-09T01:53:13.871644+05:30,2026-09-09_0153IST,airline_direct,IndiGo
DEL,BOM,6E,IndiGo,6E 6601,2026-09-24,15,business,,,29617.0,False,19:45,ok,2026-09-09T01:53:13.871644+05:30,2026-09-09_0153IST,airline_direct,IndiGo
DEL,BOM,6E,IndiGo,6E 6601,2026-09-24,15,economy,,,6432.0,False,19:45,ok,2026-09-09T01:53:13.871644+05:30,2026-09-09_0153IST,airline_direct,IndiGo
DEL,BOM,6E,IndiGo,6E 882,2026-09-24,15,business,,,26583.0,False,23:15,ok,2026-09-09T01:53:13.871644+05:30,2026-09-09_0153IST,airline_direct,IndiGo
DEL,BOM,6E,IndiGo,6E 882,2026-09-24,15,economy,,,6432.0,False,23:15,ok,2026-09-09T01:53:13.871644+05:30,2026-09-09_0153IST,airline_direct,IndiGo
DEL,BOM,6E,IndiGo,6E 358,2026-09-24,15,business,,,37913.0,False,12:15,ok,2026-09-09T01:53:13.871644+05:30,2026-09-09_0153IST,airline_direct,IndiGo
DEL,BOM,6E,IndiGo,6E 358,2026-09-24,15,economy,,,6510.0,False,12:15,ok,2026-09-09T01:53:13.871644+05:30,2026-09-09_0153IST,airline_direct,IndiGo
DEL,BOM,6E,IndiGo,6E 2341,2026-09-24,15,economy,,,6562.0,False,14:50,ok,2026-09-09T01:53:13.871644+05:30,2026-09-09_0153IST,airline_direct,IndiGo
DEL,BOM,6E,IndiGo,6E 5014,2026-09-24,15,economy,,,6562.0,False,18:30,ok,2026-09-09T01:53:13.871644+05:30,2026-09-09_0153IST,airline_direct,IndiGo
DEL,BOM,6E,IndiGo,6E 5206,2026-09-24,15,economy,,,6772.0,False,13:20,ok,2026-09-09T01:53:13.871644+05:30,2026-09-09_0153IST,airline_direct,IndiGo
DEL,BOM,6E,IndiGo,6E 6282,2026-09-24,15,business,,,29617.0,False,13:30,ok,2026-09-09T01:53:13.871644+05:30,2026-09-09_0153IST,airline_direct,IndiGo
DEL,BOM,6E,IndiGo,6E 6282,2026-09-24,15,economy,,,6903.0,False,13:30,ok,2026-09-09T01:53:13.871644+05:30,2026-09-09_0153IST,airline_direct,IndiGo
DEL,BOM,6E,IndiGo,6E 357,2026-09-24,15,business,,,35047.0,False,19:30,ok,2026-09-09T01:53:13.871644+05:30,2026-09-09_0153IST,airline_direct,IndiGo
DEL,BOM,6E,IndiGo,6E 357,2026-09-24,15,economy,,,6982.0,False,19:30,ok,2026-09-09T01:53:13.871644+05:30,2026-09-09_0153IST,airline_direct,IndiGo
DEL,BOM,6E,IndiGo,6E 5033,2026-09-24,15,economy,,,7080.0,False,15:50,ok,2026-09-09T01:53:13.871644+05:30,2026-09-09_0153IST,airline_direct,IndiGo
DEL,BOM,6E,IndiGo,6E 5298,2026-09-24,15,economy,,,7290.0,False,09:00,ok,2026-09-09T01:53:13.871644+05:30,2026-09-09_0153IST,airline_direct,IndiGo
DEL,BOM,6E,IndiGo,6E 5073,2026-09-24,15,economy,,,8276.0,False,17:05,ok,2026-09-09T01:53:13.871644+05:30,2026-09-09_0153IST,airline_direct,IndiGo
DEL,BOM,6E,IndiGo,6E 5138,2026-09-24,15,economy,,,8408.0,False,19:10,ok,2026-09-09T01:53:13.871644+05:30,2026-09-09_0153IST,airline_direct,IndiGo
DEL,BOM,6E,IndiGo,6E 2496,2026-09-24,15,economy,,,8933.0,False,12:40,ok,2026-09-09T01:53:13.871644+05:30,2026-09-09_0153IST,airline_direct,IndiGo
DEL,BOM,6E,IndiGo,6E 2349,2026-09-24,15,economy,,,9314.0,False,10:55,ok,2026-09-09T01:53:13.871644+05:30,2026-09-09_0153IST,airline_direct,IndiGo
DEL,BOM,6E,IndiGo,6E 2298,2026-09-24,15,economy,,,13579.0,False,09:45,ok,2026-09-09T01:53:13.871644+05:30,2026-09-09_0153IST,airline_direct,IndiGo
DEL,BLR,6E,IndiGo,6E 2314,2026-09-24,15,business,,,26048.0,False,05:45,ok,2026-09-09T01:54:11.746364+05:30,2026-09-09_0154IST,airline_direct,IndiGo
DEL,BLR,6E,IndiGo,6E 2314,2026-09-24,15,economy,,,8671.0,False,05:45,ok,2026-09-09T01:54:11.746364+05:30,2026-09-09_0154IST,airline_direct,IndiGo
DEL,BLR,6E,IndiGo,6E 810,2026-09-24,15,business,,,26048.0,False,07:05,ok,2026-09-09T01:54:11.746364+05:30,2026-09-09_0154IST,airline_direct,IndiGo
DEL,BLR,6E,IndiGo,6E 810,2026-09-24,15,economy,,,8671.0,False,07:05,ok,2026-09-09T01:54:11.746364+05:30,2026-09-09_0154IST,airline_direct,IndiGo
DEL,BLR,6E,IndiGo,6E 850,2026-09-24,15,business,,,26048.0,False,12:20,ok,2026-09-09T01:54:11.746364+05:30,2026-09-09_0154IST,airline_direct,IndiGo
DEL,BLR,6E,IndiGo,6E 850,2026-09-24,15,economy,,,8671.0,False,12:20,ok,2026-09-09T01:54:11.746364+05:30,2026-09-09_0154IST,airline_direct,IndiGo
DEL,BLR,6E,IndiGo,6E 176,2026-09-24,15,business,,,26048.0,False,13:15,ok,2026-09-09T01:54:11.746364+05:30,2026-09-09_0154IST,airline_direct,IndiGo
DEL,BLR,6E,IndiGo,6E 176,2026-09-24,15,economy,,,8671.0,False,13:15,ok,2026-09-09T01:54:11.746364+05:30,2026-09-09_0154IST,airline_direct,IndiGo
DEL,BLR,6E,IndiGo,6E 828,2026-09-24,15,business,,,26048.0,False,14:30,ok,2026-09-09T01:54:11.746364+05:30,2026-09-09_0154IST,airline_direct,IndiGo
DEL,BLR,6E,IndiGo,6E 828,2026-09-24,15,economy,,,8671.0,False,14:30,ok,2026-09-09T01:54:11.746364+05:30,2026-09-09_0154IST,airline_direct,IndiGo
DEL,BLR,6E,IndiGo,6E 6515,2026-09-24,15,business,,,26048.0,False,20:45,ok,2026-09-09T01:54:11.746364+05:30,2026-09-09_0154IST,airline_direct,IndiGo
DEL,BLR,6E,IndiGo,6E 6515,2026-09-24,15,economy,,,8671.0,False,20:45,ok,2026-09-09T01:54:11.746364+05:30,2026-09-09_0154IST,airline_direct,IndiGo
DEL,BLR,6E,IndiGo,6E 846,2026-09-24,15,business,,,26048.0,False,22:00,ok,2026-09-09T01:54:11.746364+05:30,2026-09-09_0154IST,airline_direct,IndiGo
DEL,BLR,6E,IndiGo,6E 846,2026-09-24,15,economy,,,8671.0,False,22:00,ok,2026-09-09T01:54:11.746364+05:30,2026-09-09_0154IST,airline_direct,IndiGo
DEL,BLR,6E,IndiGo,6E 871,2026-09-24,15,business,,,26048.0,False,23:30,ok,2026-09-09T01:54:11.746364+05:30,2026-09-09_0154IST,airline_direct,IndiGo
DEL,BLR,6E,IndiGo,6E 871,2026-09-24,15,economy,,,8671.0,False,23:30,ok,2026-09-09T01:54:11.746364+05:30,2026-09-09_0154IST,airline_direct,IndiGo
DEL,BLR,6E,IndiGo,6E 873,2026-09-24,15,business,,,26048.0,False,08:20,ok,2026-09-09T01:54:11.746364+05:30,2026-09-09_0154IST,airline_direct,IndiGo
DEL,BLR,6E,IndiGo,6E 873,2026-09-24,15,economy,,,9128.0,False,08:20,ok,2026-09-09T01:54:11.746364+05:30,2026-09-09_0154IST,airline_direct,IndiGo
DEL,BLR,6E,IndiGo,6E 826,2026-09-24,15,business,,,26048.0,False,09:30,ok,2026-09-09T01:54:11.746364+05:30,2026-09-09_0154IST,airline_direct,IndiGo
DEL,BLR,6E,IndiGo,6E 826,2026-09-24,15,economy,,,9128.0,False,09:30,ok,2026-09-09T01:54:11.746364+05:30,2026-09-09_0154IST,airline_direct,IndiGo
DEL,BLR,6E,IndiGo,6E 842,2026-09-24,15,business,,,26048.0,False,10:45,ok,2026-09-09T01:54:11.746364+05:30,2026-09-09_0154IST,airline_direct,IndiGo
DEL,BLR,6E,IndiGo,6E 842,2026-09-24,15,economy,,,9128.0,False,10:45,ok,2026-09-09T01:54:11.746364+05:30,2026-09-09_0154IST,airline_direct,IndiGo
DEL,BLR,6E,IndiGo,6E 880,2026-09-24,15,business,,,26048.0,False,15:45,ok,2026-09-09T01:54:11.746364+05:30,2026-09-09_0154IST,airline_direct,IndiGo
DEL,BLR,6E,IndiGo,6E 880,2026-09-24,15,economy,,,9128.0,False,15:45,ok,2026-09-09T01:54:11.746364+05:30,2026-09-09_0154IST,airline_direct,IndiGo
DEL,BLR,6E,IndiGo,6E 861,2026-09-24,15,business,,,26048.0,False,19:30,ok,2026-09-09T01:54:11.746364+05:30,2026-09-09_0154IST,airline_direct,IndiGo
DEL,BLR,6E,IndiGo,6E 861,2026-09-24,15,economy,,,9128.0,False,19:30,ok,2026-09-09T01:54:11.746364+05:30,2026-09-09_0154IST,airline_direct,IndiGo
DEL,BLR,6E,IndiGo,6E 820,2026-09-24,15,business,,,26048.0,False,03:00,ok,2026-09-09T01:54:11.746364+05:30,2026-09-09_0154IST,airline_direct,IndiGo
DEL,BLR,6E,IndiGo,6E 820,2026-09-24,15,economy,,,9613.0,False,03:00,ok,2026-09-09T01:54:11.746364+05:30,2026-09-09_0154IST,airline_direct,IndiGo
DEL,BLR,6E,IndiGo,6E 837,2026-09-24,15,business,,,26048.0,False,17:00,ok,2026-09-09T01:54:11.746364+05:30,2026-09-09_0154IST,airline_direct,IndiGo
DEL,BLR,6E,IndiGo,6E 837,2026-09-24,15,economy,,,9613.0,False,17:00,ok,2026-09-09T01:54:11.746364+05:30,2026-09-09_0154IST,airline_direct,IndiGo
DEL,BLR,6E,IndiGo,6E 811,2026-09-24,15,business,,,26048.0,False,18:20,ok,2026-09-09T01:54:11.746364+05:30,2026-09-09_0154IST,airline_direct,IndiGo
DEL,BLR,6E,IndiGo,6E 811,2026-09-24,15,economy,,,9613.0,False,18:20,ok,2026-09-09T01:54:11.746364+05:30,2026-09-09_0154IST,airline_direct,IndiGo
DEL,BLR,6E,IndiGo,6E 6433,2026-09-24,15,economy,,,8281.0,False,16:30,ok,2026-09-09T01:54:11.746364+05:30,2026-09-09_0154IST,airline_direct,IndiGo
DEL,BLR,6E,IndiGo,6E 704,2026-09-24,15,business,,,25759.0,False,02:25,ok,2026-09-09T01:54:11.746364+05:30,2026-09-09_0154IST,airline_direct,IndiGo
DEL,BLR,6E,IndiGo,6E 704,2026-09-24,15,economy,,,8360.0,False,02:25,ok,2026-09-09T01:54:11.746364+05:30,2026-09-09_0154IST,airline_direct,IndiGo
DEL,BLR,6E,IndiGo,6E 6293,2026-09-24,15,business,,,26793.0,False,09:55,ok,2026-09-09T01:54:11.746364+05:30,2026-09-09_0154IST,airline_direct,IndiGo
DEL,BLR,6E,IndiGo,6E 6293,2026-09-24,15,economy,,,8360.0,False,09:55,ok,2026-09-09T01:54:11.746364+05:30,2026-09-09_0154IST,airline_direct,IndiGo
DEL,BLR,6E,IndiGo,6E 717,2026-09-24,15,business,,,25312.0,False,17:55,ok,2026-09-09T01:54:11.746364+05:30,2026-09-09_0154IST,airline_direct,IndiGo
DEL,BLR,6E,IndiGo,6E 717,2026-09-24,15,economy,,,8360.0,False,17:55,ok,2026-09-09T01:54:11.746364+05:30,2026-09-09_0154IST,airline_direct,IndiGo
DEL,BLR,6E,IndiGo,6E 2343,2026-09-24,15,business,,,26999.0,False,02:20,ok,2026-09-09T01:54:11.746364+05:30,2026-09-09_0154IST,airline_direct,IndiGo
DEL,BLR,6E,IndiGo,6E 2343,2026-09-24,15,economy,,,8491.0,False,02:20,ok,2026-09-09T01:54:11.746364+05:30,2026-09-09_0154IST,airline_direct,IndiGo
DEL,BLR,6E,IndiGo,6E 6459,2026-09-24,15,economy,,,8491.0,False,05:55,ok,2026-09-09T01:54:11.746364+05:30,2026-09-09_0154IST,airline_direct,IndiGo
DEL,BLR,6E,IndiGo,6E 6470,2026-09-24,15,economy,,,8491.0,False,06:55,ok,2026-09-09T01:54:11.746364+05:30,2026-09-09_0154IST,airline_direct,IndiGo
DEL,BLR,6E,IndiGo,6E 6047,2026-09-24,15,business,,,34636.0,False,11:00,ok,2026-09-09T01:54:11.746364+05:30,2026-09-09_0154IST,airline_direct,IndiGo
DEL,BLR,6E,IndiGo,6E 6047,2026-09-24,15,economy,,,8491.0,False,11:00,ok,2026-09-09T01:54:11.746364+05:30,2026-09-09_0154IST,airline_direct,IndiGo
DEL,BLR,6E,IndiGo,6E 6488,2026-09-24,15,economy,,,8491.0,False,11:20,ok,2026-09-09T01:54:11.746364+05:30,2026-09-09_0154IST,airline_direct,IndiGo
DEL,BLR,6E,IndiGo,6E 6022,2026-09-24,15,business,,,34636.0,False,14:00,ok,2026-09-09T01:54:11.746364+05:30,2026-09-09_0154IST,airline_direct,IndiGo
DEL,BLR,6E,IndiGo,6E 6022,2026-09-24,15,economy,,,8491.0,False,14:00,ok,2026-09-09T01:54:11.746364+05:30,2026-09-09_0154IST,airline_direct,IndiGo
DEL,BLR,6E,IndiGo,6E 2557,2026-09-24,15,economy,,,8491.0,False,15:20,ok,2026-09-09T01:54:11.746364+05:30,2026-09-09_0154IST,airline_direct,IndiGo
DEL,BLR,6E,IndiGo,6E 864,2026-09-24,15,business,,,34636.0,False,15:30,ok,2026-09-09T01:54:11.746364+05:30,2026-09-09_0154IST,airline_direct,IndiGo
DEL,BLR,6E,IndiGo,6E 864,2026-09-24,15,economy,,,8491.0,False,15:30,ok,2026-09-09T01:54:11.746364+05:30,2026-09-09_0154IST,airline_direct,IndiGo
DEL,BLR,6E,IndiGo,6E 734,2026-09-24,15,economy,,,8491.0,False,16:20,ok,2026-09-09T01:54:11.746364+05:30,2026-09-09_0154IST,airline_direct,IndiGo
DEL,BLR,6E,IndiGo,6E 6706,2026-09-24,15,business,,,34636.0,False,17:00,ok,2026-09-09T01:54:11.746364+05:30,2026-09-09_0154IST,airline_direct,IndiGo
DEL,BLR,6E,IndiGo,6E 6706,2026-09-24,15,economy,,,8491.0,False,17:00,ok,2026-09-09T01:54:11.746364+05:30,2026-09-09_0154IST,airline_direct,IndiGo
DEL,BLR,6E,IndiGo,6E 5073,2026-09-24,15,economy,,,8491.0,False,17:05,ok,2026-09-09T01:54:11.746364+05:30,2026-09-09_0154IST,airline_direct,IndiGo
DEL,BLR,6E,IndiGo,6E 329,2026-09-24,15,business,,,34636.0,False,18:00,ok,2026-09-09T01:54:11.746364+05:30,2026-09-09_0154IST,airline_direct,IndiGo
DEL,BLR,6E,IndiGo,6E 329,2026-09-24,15,economy,,,8491.0,False,18:00,ok,2026-09-09T01:54:11.746364+05:30,2026-09-09_0154IST,airline_direct,IndiGo
DEL,BLR,6E,IndiGo,6E 329,2026-09-24,15,business,,,34636.0,False,18:00,ok,2026-09-09T01:54:11.746364+05:30,2026-09-09_0154IST,airline_direct,IndiGo
DEL,BLR,6E,IndiGo,6E 329,2026-09-24,15,economy,,,8491.0,False,18:00,ok,2026-09-09T01:54:11.746364+05:30,2026-09-09_0154IST,airline_direct,IndiGo
DEL,BLR,6E,IndiGo,6E 6179,2026-09-24,15,economy,,,8491.0,False,18:30,ok,2026-09-09T01:54:11.746364+05:30,2026-09-09_0154IST,airline_direct,IndiGo
DEL,BLR,6E,IndiGo,6E 931,2026-09-24,15,economy,,,8491.0,False,19:35,ok,2026-09-09T01:54:11.746364+05:30,2026-09-09_0154IST,airline_direct,IndiGo
DEL,BLR,6E,IndiGo,6E 853,2026-09-24,15,business,,,34636.0,False,20:45,ok,2026-09-09T01:54:11.746364+05:30,2026-09-09_0154IST,airline_direct,IndiGo
DEL,BLR,6E,IndiGo,6E 853,2026-09-24,15,economy,,,8491.0,False,20:45,ok,2026-09-09T01:54:11.746364+05:30,2026-09-09_0154IST,airline_direct,IndiGo
DEL,BLR,6E,IndiGo,6E 6673,2026-09-24,15,business,,,26816.0,False,21:15,ok,2026-09-09T01:54:11.746364+05:30,2026-09-09_0154IST,airline_direct,IndiGo
DEL,BLR,6E,IndiGo,6E 6673,2026-09-24,15,economy,,,8491.0,False,21:15,ok,2026-09-09T01:54:11.746364+05:30,2026-09-09_0154IST,airline_direct,IndiGo
DEL,BLR,6E,IndiGo,6E 2618,2026-09-24,15,business,,,26816.0,False,23:00,ok,2026-09-09T01:54:11.746364+05:30,2026-09-09_0154IST,airline_direct,IndiGo
DEL,BLR,6E,IndiGo,6E 2618,2026-09-24,15,economy,,,8491.0,False,23:00,ok,2026-09-09T01:54:11.746364+05:30,2026-09-09_0154IST,airline_direct,IndiGo
DEL,BLR,6E,IndiGo,6E 6476,2026-09-24,15,economy,,,8570.0,False,07:05,ok,2026-09-09T01:54:11.746364+05:30,2026-09-09_0154IST,airline_direct,IndiGo
DEL,BLR,6E,IndiGo,6E 940,2026-09-24,15,economy,,,8570.0,False,09:15,ok,2026-09-09T01:54:11.746364+05:30,2026-09-09_0154IST,airline_direct,IndiGo
DEL,BLR,6E,IndiGo,6E 2319,2026-09-24,15,economy,,,8570.0,False,09:55,ok,2026-09-09T01:54:11.746364+05:30,2026-09-09_0154IST,airline_direct,IndiGo
DEL,BLR,6E,IndiGo,6E 434,2026-09-24,15,economy,,,8570.0,False,11:00,ok,2026-09-09T01:54:11.746364+05:30,2026-09-09_0154IST,airline_direct,IndiGo
DEL,BLR,6E,IndiGo,6E 6115,2026-09-24,15,economy,,,8570.0,False,13:10,ok,2026-09-09T01:54:11.746364+05:30,2026-09-09_0154IST,airline_direct,IndiGo
DEL,BLR,6E,IndiGo,6E 5038,2026-09-24,15,economy,,,8570.0,False,14:00,ok,2026-09-09T01:54:11.746364+05:30,2026-09-09_0154IST,airline_direct,IndiGo
DEL,BLR,6E,IndiGo,6E 6091,2026-09-24,15,economy,,,8570.0,False,15:15,ok,2026-09-09T01:54:11.746364+05:30,2026-09-09_0154IST,airline_direct,IndiGo
DEL,BLR,6E,IndiGo,6E 5033,2026-09-24,15,economy,,,8570.0,False,15:50,ok,2026-09-09T01:54:11.746364+05:30,2026-09-09_0154IST,airline_direct,IndiGo
DEL,BLR,6E,IndiGo,6E 947,2026-09-24,15,economy,,,8570.0,False,16:40,ok,2026-09-09T01:54:11.746364+05:30,2026-09-09_0154IST,airline_direct,IndiGo
DEL,BLR,6E,IndiGo,6E 6632,2026-09-24,15,economy,,,8570.0,False,17:50,ok,2026-09-09T01:54:11.746364+05:30,2026-09-09_0154IST,airline_direct,IndiGo
DEL,BLR,6E,IndiGo,6E 2151,2026-09-24,15,economy,,,8570.0,False,19:45,ok,2026-09-09T01:54:11.746364+05:30,2026-09-09_0154IST,airline_direct,IndiGo
DEL,BLR,6E,IndiGo,6E 6497,2026-09-24,15,economy,,,8701.0,False,18:40,ok,2026-09-09T01:54:11.746364+05:30,2026-09-09_0154IST,airline_direct,IndiGo
DEL,BLR,6E,IndiGo,6E 5191,2026-09-24,15,business,,,31045.0,False,05:00,ok,2026-09-09T01:54:11.746364+05:30,2026-09-09_0154IST,airline_direct,IndiGo
DEL,BLR,6E,IndiGo,6E 5191,2026-09-24,15,economy,,,8911.0,False,05:00,ok,2026-09-09T01:54:11.746364+05:30,2026-09-09_0154IST,airline_direct,IndiGo
DEL,BLR,6E,IndiGo,6E 513,2026-09-24,15,business,,,31635.0,False,08:30,ok,2026-09-09T01:54:11.746364+05:30,2026-09-09_0154IST,airline_direct,IndiGo
DEL,BLR,6E,IndiGo,6E 513,2026-09-24,15,economy,,,8911.0,False,08:30,ok,2026-09-09T01:54:11.746364+05:30,2026-09-09_0154IST,airline_direct,IndiGo
DEL,BLR,6E,IndiGo,6E 6217,2026-09-24,15,economy,,,9029.0,False,16:15,ok,2026-09-09T01:54:11.746364+05:30,2026-09-09_0154IST,airline_direct,IndiGo
DEL,BLR,6E,IndiGo,6E 5119,2026-09-24,15,economy,,,9161.0,False,05:10,ok,2026-09-09T01:54:11.746364+05:30,2026-09-09_0154IST,airline_direct,IndiGo
DEL,BLR,6E,IndiGo,6E 950,2026-09-24,15,economy,,,9239.0,False,18:15,ok,2026-09-09T01:54:11.746364+05:30,2026-09-09_0154IST,airline_direct,IndiGo
DEL,BLR,6E,IndiGo,6E 758,2026-09-24,15,economy,,,9767.0,False,16:10,ok,2026-09-09T01:54:11.746364+05:30,2026-09-09_0154IST,airline_direct,IndiGo
DEL,BLR,6E,IndiGo,6E 5001,2026-09-24,15,economy,,,10134.0,False,17:10,ok,2026-09-09T01:54:11.746364+05:30,2026-09-09_0154IST,airline_direct,IndiGo
DEL,BLR,6E,IndiGo,6E 6282,2026-09-24,15,economy,,,10576.0,False,13:30,ok,2026-09-09T01:54:11.746364+05:30,2026-09-09_0154IST,airline_direct,IndiGo
DEL,BLR,6E,IndiGo,6E 6437,2026-09-24,15,business,,,27189.0,False,16:25,ok,2026-09-09T01:54:11.746364+05:30,2026-09-09_0154IST,airline_direct,IndiGo
DEL,BLR,6E,IndiGo,6E 6437,2026-09-24,15,economy,,,11598.0,False,16:25,ok,2026-09-09T01:54:11.746364+05:30,2026-09-09_0154IST,airline_direct,IndiGo
DEL,BLR,6E,IndiGo,6E 2277,2026-09-24,15,business,,,33637.0,False,10:25,ok,2026-09-09T01:54:11.746364+05:30,2026-09-09_0154IST,airline_direct,IndiGo
DEL,BLR,6E,IndiGo,6E 2277,2026-09-24,15,economy,,,11677.0,False,10:25,ok,2026-09-09T01:54:11.746364+05:30,2026-09-09_0154IST,airline_direct,IndiGo
DEL,BLR,6E,IndiGo,6E 884,2026-09-24,15,business,,,28784.0,False,11:45,ok,2026-09-09T01:54:11.746364+05:30,2026-09-09_0154IST,airline_direct,IndiGo
DEL,BLR,6E,IndiGo,6E 884,2026-09-24,15,economy,,,13520.0,False,11:45,ok,2026-09-09T01:54:11.746364+05:30,2026-09-09_0154IST,airline_direct,IndiGo
BOM,BLR,6E,IndiGo,6E 5323,2026-09-24,15,business,,,18948.0,False,01:10,ok,2026-09-09T01:55:21.553307+05:30,2026-09-09_0155IST,airline_direct,IndiGo
BOM,BLR,6E,IndiGo,6E 5323,2026-09-24,15,economy,,,4893.0,False,01:10,ok,2026-09-09T01:55:21.553307+05:30,2026-09-09_0155IST,airline_direct,IndiGo
BOM,BLR,6E,IndiGo,6E 5294,2026-09-24,15,business,,,18948.0,False,04:30,ok,2026-09-09T01:55:21.553307+05:30,2026-09-09_0155IST,airline_direct,IndiGo
BOM,BLR,6E,IndiGo,6E 5294,2026-09-24,15,economy,,,4893.0,False,04:30,ok,2026-09-09T01:55:21.553307+05:30,2026-09-09_0155IST,airline_direct,IndiGo
BOM,BLR,6E,IndiGo,6E 5296,2026-09-24,15,business,,,18948.0,False,06:30,ok,2026-09-09T01:55:21.553307+05:30,2026-09-09_0155IST,airline_direct,IndiGo
BOM,BLR,6E,IndiGo,6E 5296,2026-09-24,15,economy,,,6747.0,False,06:30,ok,2026-09-09T01:55:21.553307+05:30,2026-09-09_0155IST,airline_direct,IndiGo
BOM,BLR,6E,IndiGo,6E 5193,2026-09-24,15,economy,,,6747.0,False,08:05,ok,2026-09-09T01:55:21.553307+05:30,2026-09-09_0155IST,airline_direct,IndiGo
BOM,BLR,6E,IndiGo,6E 5092,2026-09-24,15,business,,,18948.0,False,09:50,ok,2026-09-09T01:55:21.553307+05:30,2026-09-09_0155IST,airline_direct,IndiGo
BOM,BLR,6E,IndiGo,6E 5092,2026-09-24,15,economy,,,6747.0,False,09:50,ok,2026-09-09T01:55:21.553307+05:30,2026-09-09_0155IST,airline_direct,IndiGo
BOM,BLR,6E,IndiGo,6E 5184,2026-09-24,15,business,,,18948.0,False,12:30,ok,2026-09-09T01:55:21.553307+05:30,2026-09-09_0155IST,airline_direct,IndiGo
BOM,BLR,6E,IndiGo,6E 5184,2026-09-24,15,economy,,,6747.0,False,12:30,ok,2026-09-09T01:55:21.553307+05:30,2026-09-09_0155IST,airline_direct,IndiGo
BOM,BLR,6E,IndiGo,6E 5382,2026-09-24,15,business,,,18948.0,False,14:30,ok,2026-09-09T01:55:21.553307+05:30,2026-09-09_0155IST,airline_direct,IndiGo
BOM,BLR,6E,IndiGo,6E 5382,2026-09-24,15,economy,,,6747.0,False,14:30,ok,2026-09-09T01:55:21.553307+05:30,2026-09-09_0155IST,airline_direct,IndiGo
BOM,BLR,6E,IndiGo,6E 5071,2026-09-24,15,business,,,18948.0,False,15:35,ok,2026-09-09T01:55:21.553307+05:30,2026-09-09_0155IST,airline_direct,IndiGo
BOM,BLR,6E,IndiGo,6E 5071,2026-09-24,15,economy,,,6747.0,False,15:35,ok,2026-09-09T01:55:21.553307+05:30,2026-09-09_0155IST,airline_direct,IndiGo
BOM,BLR,6E,IndiGo,6E 5032,2026-09-24,15,business,,,18948.0,False,19:55,ok,2026-09-09T01:55:21.553307+05:30,2026-09-09_0155IST,airline_direct,IndiGo
BOM,BLR,6E,IndiGo,6E 5032,2026-09-24,15,economy,,,6747.0,False,19:55,ok,2026-09-09T01:55:21.553307+05:30,2026-09-09_0155IST,airline_direct,IndiGo
BOM,BLR,6E,IndiGo,6E 5388,2026-09-24,15,business,,,18948.0,False,22:20,ok,2026-09-09T01:55:21.553307+05:30,2026-09-09_0155IST,airline_direct,IndiGo
BOM,BLR,6E,IndiGo,6E 5388,2026-09-24,15,economy,,,6747.0,False,22:20,ok,2026-09-09T01:55:21.553307+05:30,2026-09-09_0155IST,airline_direct,IndiGo
BOM,BLR,6E,IndiGo,6E 5217,2026-09-24,15,business,,,18948.0,False,11:00,ok,2026-09-09T01:55:21.553307+05:30,2026-09-09_0155IST,airline_direct,IndiGo
BOM,BLR,6E,IndiGo,6E 5217,2026-09-24,15,economy,,,7062.0,False,11:00,ok,2026-09-09T01:55:21.553307+05:30,2026-09-09_0155IST,airline_direct,IndiGo
BOM,BLR,6E,IndiGo,6E 5221,2026-09-24,15,business,,,18948.0,False,17:00,ok,2026-09-09T01:55:21.553307+05:30,2026-09-09_0155IST,airline_direct,IndiGo
BOM,BLR,6E,IndiGo,6E 5221,2026-09-24,15,economy,,,7062.0,False,17:00,ok,2026-09-09T01:55:21.553307+05:30,2026-09-09_0155IST,airline_direct,IndiGo
BOM,BLR,6E,IndiGo,6E 5047,2026-09-24,15,business,,,18948.0,False,18:30,ok,2026-09-09T01:55:21.553307+05:30,2026-09-09_0155IST,airline_direct,IndiGo
BOM,BLR,6E,IndiGo,6E 5047,2026-09-24,15,economy,,,7062.0,False,18:30,ok,2026-09-09T01:55:21.553307+05:30,2026-09-09_0155IST,airline_direct,IndiGo
BOM,BLR,6E,IndiGo,6E 6188,2026-09-24,15,business,,,18948.0,False,21:30,ok,2026-09-09T01:55:21.553307+05:30,2026-09-09_0155IST,airline_direct,IndiGo
BOM,BLR,6E,IndiGo,6E 6188,2026-09-24,15,economy,,,7062.0,False,21:30,ok,2026-09-09T01:55:21.553307+05:30,2026-09-09_0155IST,airline_direct,IndiGo
BOM,BLR,6E,IndiGo,6E 6361,2026-09-24,15,economy,,,5122.0,False,05:00,ok,2026-09-09T01:55:21.553307+05:30,2026-09-09_0155IST,airline_direct,IndiGo
BOM,BLR,6E,IndiGo,6E 230,2026-09-24,15,economy,,,5122.0,False,13:55,ok,2026-09-09T01:55:21.553307+05:30,2026-09-09_0155IST,airline_direct,IndiGo
BOM,BLR,6E,IndiGo,6E 230,2026-09-24,15,economy,,,5122.0,False,13:55,ok,2026-09-09T01:55:21.553307+05:30,2026-09-09_0155IST,airline_direct,IndiGo
BOM,BLR,6E,IndiGo,6E 5241,2026-09-24,15,economy,,,5122.0,False,16:40,ok,2026-09-09T01:55:21.553307+05:30,2026-09-09_0155IST,airline_direct,IndiGo
BOM,BLR,6E,IndiGo,6E 5241,2026-09-24,15,economy,,,5122.0,False,16:40,ok,2026-09-09T01:55:21.553307+05:30,2026-09-09_0155IST,airline_direct,IndiGo
BOM,BLR,6E,IndiGo,6E 5228,2026-09-24,15,business,,,20441.0,False,16:45,ok,2026-09-09T01:55:21.553307+05:30,2026-09-09_0155IST,airline_direct,IndiGo
BOM,BLR,6E,IndiGo,6E 5228,2026-09-24,15,economy,,,5253.0,False,16:45,ok,2026-09-09T01:55:21.553307+05:30,2026-09-09_0155IST,airline_direct,IndiGo
BOM,BLR,6E,IndiGo,6E 6802,2026-09-24,15,economy,,,5384.0,False,16:55,ok,2026-09-09T01:55:21.553307+05:30,2026-09-09_0155IST,airline_direct,IndiGo
BOM,BLR,6E,IndiGo,6E 136,2026-09-24,15,economy,,,5463.0,False,04:05,ok,2026-09-09T01:55:21.553307+05:30,2026-09-09_0155IST,airline_direct,IndiGo
BOM,BLR,6E,IndiGo,6E 136,2026-09-24,15,economy,,,5463.0,False,04:05,ok,2026-09-09T01:55:21.553307+05:30,2026-09-09_0155IST,airline_direct,IndiGo
BOM,BLR,6E,IndiGo,6E 136,2026-09-24,15,economy,,,5463.0,False,04:05,ok,2026-09-09T01:55:21.553307+05:30,2026-09-09_0155IST,airline_direct,IndiGo
BOM,BLR,6E,IndiGo,6E 6701,2026-09-24,15,economy,,,5463.0,False,05:35,ok,2026-09-09T01:55:21.553307+05:30,2026-09-09_0155IST,airline_direct,IndiGo
BOM,BLR,6E,IndiGo,6E 6701,2026-09-24,15,economy,,,5463.0,False,05:35,ok,2026-09-09T01:55:21.553307+05:30,2026-09-09_0155IST,airline_direct,IndiGo
BOM,BLR,6E,IndiGo,6E 5188,2026-09-24,15,economy,,,5463.0,False,06:15,ok,2026-09-09T01:55:21.553307+05:30,2026-09-09_0155IST,airline_direct,IndiGo
BOM,BLR,6E,IndiGo,6E 5313,2026-09-24,15,economy,,,5463.0,False,09:50,ok,2026-09-09T01:55:21.553307+05:30,2026-09-09_0155IST,airline_direct,IndiGo
BOM,BLR,6E,IndiGo,6E 5313,2026-09-24,15,economy,,,5463.0,False,09:50,ok,2026-09-09T01:55:21.553307+05:30,2026-09-09_0155IST,airline_direct,IndiGo
BOM,BLR,6E,IndiGo,6E 6349,2026-09-24,15,economy,,,5463.0,False,11:40,ok,2026-09-09T01:55:21.553307+05:30,2026-09-09_0155IST,airline_direct,IndiGo
BOM,BLR,6E,IndiGo,6E 6349,2026-09-24,15,economy,,,5463.0,False,11:40,ok,2026-09-09T01:55:21.553307+05:30,2026-09-09_0155IST,airline_direct,IndiGo
BOM,BLR,6E,IndiGo,6E 2284,2026-09-24,15,economy,,,5463.0,False,12:05,ok,2026-09-09T01:55:21.553307+05:30,2026-09-09_0155IST,airline_direct,IndiGo
BOM,BLR,6E,IndiGo,6E 5337,2026-09-24,15,economy,,,5463.0,False,13:45,ok,2026-09-09T01:55:21.553307+05:30,2026-09-09_0155IST,airline_direct,IndiGo
BOM,BLR,6E,IndiGo,6E 5337,2026-09-24,15,economy,,,5463.0,False,13:45,ok,2026-09-09T01:55:21.553307+05:30,2026-09-09_0155IST,airline_direct,IndiGo
BOM,BLR,6E,IndiGo,6E 5196,2026-09-24,15,economy,,,5463.0,False,15:25,ok,2026-09-09T01:55:21.553307+05:30,2026-09-09_0155IST,airline_direct,IndiGo
BOM,BLR,6E,IndiGo,6E 5196,2026-09-24,15,economy,,,5463.0,False,15:25,ok,2026-09-09T01:55:21.553307+05:30,2026-09-09_0155IST,airline_direct,IndiGo
BOM,BLR,6E,IndiGo,6E 240,2026-09-24,15,economy,,,5463.0,False,15:45,ok,2026-09-09T01:55:21.553307+05:30,2026-09-09_0155IST,airline_direct,IndiGo
BOM,BLR,6E,IndiGo,6E 437,2026-09-24,15,economy,,,5463.0,False,17:10,ok,2026-09-09T01:55:21.553307+05:30,2026-09-09_0155IST,airline_direct,IndiGo
BOM,BLR,6E,IndiGo,6E 5048,2026-09-24,15,economy,,,5463.0,False,17:25,ok,2026-09-09T01:55:21.553307+05:30,2026-09-09_0155IST,airline_direct,IndiGo
BOM,BLR,6E,IndiGo,6E 2237,2026-09-24,15,economy,,,5463.0,False,18:40,ok,2026-09-09T01:55:21.553307+05:30,2026-09-09_0155IST,airline_direct,IndiGo
BOM,BLR,6E,IndiGo,6E 5107,2026-09-24,15,economy,,,5463.0,False,20:00,ok,2026-09-09T01:55:21.553307+05:30,2026-09-09_0155IST,airline_direct,IndiGo
BOM,BLR,6E,IndiGo,6E 5181,2026-09-24,15,economy,,,5594.0,False,10:25,ok,2026-09-09T01:55:21.553307+05:30,2026-09-09_0155IST,airline_direct,IndiGo
BOM,BLR,6E,IndiGo,6E 5318,2026-09-24,15,business,,,21922.0,False,10:15,ok,2026-09-09T01:55:21.553307+05:30,2026-09-09_0155IST,airline_direct,IndiGo
BOM,BLR,6E,IndiGo,6E 5318,2026-09-24,15,economy,,,5630.0,False,10:15,ok,2026-09-09T01:55:21.553307+05:30,2026-09-09_0155IST,airline_direct,IndiGo
BOM,BLR,6E,IndiGo,6E 5082,2026-09-24,15,economy,,,5913.0,False,18:05,ok,2026-09-09T01:55:21.553307+05:30,2026-09-09_0155IST,airline_direct,IndiGo
BOM,BLR,6E,IndiGo,6E 5386,2026-09-24,15,business,,,20441.0,False,15:10,ok,2026-09-09T01:55:21.553307+05:30,2026-09-09_0155IST,airline_direct,IndiGo
BOM,BLR,6E,IndiGo,6E 5386,2026-09-24,15,economy,,,6045.0,False,15:10,ok,2026-09-09T01:55:21.553307+05:30,2026-09-09_0155IST,airline_direct,IndiGo
BOM,BLR,6E,IndiGo,6E 5123,2026-09-24,15,economy,,,6176.0,False,14:40,ok,2026-09-09T01:55:21.553307+05:30,2026-09-09_0155IST,airline_direct,IndiGo
BOM,BLR,6E,IndiGo,6E 2016,2026-09-24,15,economy,,,6255.0,False,13:35,ok,2026-09-09T01:55:21.553307+05:30,2026-09-09_0155IST,airline_direct,IndiGo
BOM,BLR,6E,IndiGo,6E 6599,2026-09-24,15,economy,,,6386.0,False,16:50,ok,2026-09-09T01:55:21.553307+05:30,2026-09-09_0155IST,airline_direct,IndiGo
BOM,BLR,6E,IndiGo,6E 6674,2026-09-24,15,economy,,,6500.0,False,09:05,ok,2026-09-09T01:55:21.553307+05:30,2026-09-09_0155IST,airline_direct,IndiGo
BOM,BLR,6E,IndiGo,6E 5228,2026-09-24,15,economy,,,6500.0,False,16:45,ok,2026-09-09T01:55:21.553307+05:30,2026-09-09_0155IST,airline_direct,IndiGo
BOM,BLR,6E,IndiGo,6E 5109,2026-09-24,15,economy,,,6710.0,False,09:35,ok,2026-09-09T01:55:21.553307+05:30,2026-09-09_0155IST,airline_direct,IndiGo
BOM,BLR,6E,IndiGo,6E 261,2026-09-24,15,economy,,,6869.0,False,11:20,ok,2026-09-09T01:55:21.553307+05:30,2026-09-09_0155IST,airline_direct,IndiGo
BOM,BLR,6E,IndiGo,6E 5178,2026-09-24,15,business,,,21922.0,False,11:45,ok,2026-09-09T01:55:21.553307+05:30,2026-09-09_0155IST,airline_direct,IndiGo
BOM,BLR,6E,IndiGo,6E 5178,2026-09-24,15,economy,,,7000.0,False,11:45,ok,2026-09-09T01:55:21.553307+05:30,2026-09-09_0155IST,airline_direct,IndiGo
BOM,BLR,6E,IndiGo,6E 5386,2026-09-24,15,economy,,,7000.0,False,15:10,ok,2026-09-09T01:55:21.553307+05:30,2026-09-09_0155IST,airline_direct,IndiGo
BOM,BLR,6E,IndiGo,6E 673,2026-09-24,15,economy,,,7210.0,False,12:30,ok,2026-09-09T01:55:21.553307+05:30,2026-09-09_0155IST,airline_direct,IndiGo
BOM,BLR,6E,IndiGo,6E 6057,2026-09-24,15,economy,,,7551.0,False,09:15,ok,2026-09-09T01:55:21.553307+05:30,2026-09-09_0155IST,airline_direct,IndiGo
BOM,BLR,6E,IndiGo,6E 5386,2026-09-24,15,business,,,25607.0,False,15:10,ok,2026-09-09T01:55:21.553307+05:30,2026-09-09_0155IST,airline_direct,IndiGo
BOM,BLR,6E,IndiGo,6E 5386,2026-09-24,15,economy,,,7551.0,False,15:10,ok,2026-09-09T01:55:21.553307+05:30,2026-09-09_0155IST,airline_direct,IndiGo
BOM,BLR,6E,IndiGo,6E 5126,2026-09-24,15,economy,,,7761.0,False,18:15,ok,2026-09-09T01:55:21.553307+05:30,2026-09-09_0155IST,airline_direct,IndiGo
BOM,BLR,6E,IndiGo,6E 5178,2026-09-24,15,business,,,25607.0,False,11:45,ok,2026-09-09T01:55:21.553307+05:30,2026-09-09_0155IST,airline_direct,IndiGo
BOM,BLR,6E,IndiGo,6E 5178,2026-09-24,15,economy,,,10356.0,False,11:45,ok,2026-09-09T01:55:21.553307+05:30,2026-09-09_0155IST,airline_direct,IndiGo
BOM,BLR,6E,IndiGo,6E 5178,2026-09-24,15,business,,,23913.0,False,11:45,ok,2026-09-09T01:55:21.553307+05:30,2026-09-09_0155IST,airline_direct,IndiGo
BOM,BLR,6E,IndiGo,6E 5178,2026-09-24,15,economy,,,12211.0,False,11:45,ok,2026-09-09T01:55:21.553307+05:30,2026-09-09_0155IST,airline_direct,IndiGo
BOM,BLR,6E,IndiGo,6E 5318,2026-09-24,15,business,,,23913.0,False,10:15,ok,2026-09-09T01:55:21.553307+05:30,2026-09-09_0155IST,airline_direct,IndiGo
BOM,BLR,6E,IndiGo,6E 5318,2026-09-24,15,economy,,,13031.0,False,10:15,ok,2026-09-09T01:55:21.553307+05:30,2026-09-09_0155IST,airline_direct,IndiGo
BOM,BLR,6E,IndiGo,6E 632,2026-09-24,15,economy,,,14663.0,False,04:00,ok,2026-09-09T01:55:21.553307+05:30,2026-09-09_0155IST,airline_direct,IndiGo
DEL,CCU,6E,IndiGo,6E 5191,2026-09-24,15,business,,,22600.0,False,05:00,ok,2026-09-09T01:56:20.178666+05:30,2026-09-09_0156IST,airline_direct,IndiGo
DEL,CCU,6E,IndiGo,6E 5191,2026-09-24,15,economy,,,8703.0,False,05:00,ok,2026-09-09T01:56:20.178666+05:30,2026-09-09_0156IST,airline_direct,IndiGo
DEL,CCU,6E,IndiGo,6E 340,2026-09-24,15,business,,,22600.0,False,07:20,ok,2026-09-09T01:56:20.178666+05:30,2026-09-09_0156IST,airline_direct,IndiGo
DEL,CCU,6E,IndiGo,6E 340,2026-09-24,15,economy,,,8703.0,False,07:20,ok,2026-09-09T01:56:20.178666+05:30,2026-09-09_0156IST,airline_direct,IndiGo
DEL,CCU,6E,IndiGo,6E 513,2026-09-24,15,business,,,22600.0,False,08:30,ok,2026-09-09T01:56:20.178666+05:30,2026-09-09_0156IST,airline_direct,IndiGo
DEL,CCU,6E,IndiGo,6E 513,2026-09-24,15,economy,,,8703.0,False,08:30,ok,2026-09-09T01:56:20.178666+05:30,2026-09-09_0156IST,airline_direct,IndiGo
DEL,CCU,6E,IndiGo,6E 894,2026-09-24,15,business,,,22600.0,False,10:15,ok,2026-09-09T01:56:20.178666+05:30,2026-09-09_0156IST,airline_direct,IndiGo
DEL,CCU,6E,IndiGo,6E 894,2026-09-24,15,economy,,,8703.0,False,10:15,ok,2026-09-09T01:56:20.178666+05:30,2026-09-09_0156IST,airline_direct,IndiGo
DEL,CCU,6E,IndiGo,6E 910,2026-09-24,15,business,,,22600.0,False,14:25,ok,2026-09-09T01:56:20.178666+05:30,2026-09-09_0156IST,airline_direct,IndiGo
DEL,CCU,6E,IndiGo,6E 910,2026-09-24,15,economy,,,8703.0,False,14:25,ok,2026-09-09T01:56:20.178666+05:30,2026-09-09_0156IST,airline_direct,IndiGo
DEL,CCU,6E,IndiGo,6E 2276,2026-09-24,15,business,,,22600.0,False,17:55,ok,2026-09-09T01:56:20.178666+05:30,2026-09-09_0156IST,airline_direct,IndiGo
DEL,CCU,6E,IndiGo,6E 2276,2026-09-24,15,economy,,,8703.0,False,17:55,ok,2026-09-09T01:56:20.178666+05:30,2026-09-09_0156IST,airline_direct,IndiGo
DEL,CCU,6E,IndiGo,6E 389,2026-09-24,15,business,,,22600.0,False,21:50,ok,2026-09-09T01:56:20.178666+05:30,2026-09-09_0156IST,airline_direct,IndiGo
DEL,CCU,6E,IndiGo,6E 389,2026-09-24,15,economy,,,8703.0,False,21:50,ok,2026-09-09T01:56:20.178666+05:30,2026-09-09_0156IST,airline_direct,IndiGo
DEL,CCU,6E,IndiGo,6E 247,2026-09-24,15,business,,,22600.0,False,23:30,ok,2026-09-09T01:56:20.178666+05:30,2026-09-09_0156IST,airline_direct,IndiGo
DEL,CCU,6E,IndiGo,6E 247,2026-09-24,15,economy,,,8703.0,False,23:30,ok,2026-09-09T01:56:20.178666+05:30,2026-09-09_0156IST,airline_direct,IndiGo
DEL,CCU,6E,IndiGo,6E 897,2026-09-24,15,business,,,22600.0,False,12:45,ok,2026-09-09T01:56:20.178666+05:30,2026-09-09_0156IST,airline_direct,IndiGo
DEL,CCU,6E,IndiGo,6E 897,2026-09-24,15,economy,,,8965.0,False,12:45,ok,2026-09-09T01:56:20.178666+05:30,2026-09-09_0156IST,airline_direct,IndiGo
DEL,CCU,6E,IndiGo,6E 6415,2026-09-24,15,business,,,22600.0,False,16:00,ok,2026-09-09T01:56:20.178666+05:30,2026-09-09_0156IST,airline_direct,IndiGo
DEL,CCU,6E,IndiGo,6E 6415,2026-09-24,15,economy,,,8965.0,False,16:00,ok,2026-09-09T01:56:20.178666+05:30,2026-09-09_0156IST,airline_direct,IndiGo
DEL,CCU,6E,IndiGo,6E 6517,2026-09-24,15,business,,,22600.0,False,19:30,ok,2026-09-09T01:56:20.178666+05:30,2026-09-09_0156IST,airline_direct,IndiGo
DEL,CCU,6E,IndiGo,6E 6517,2026-09-24,15,economy,,,9280.0,False,19:30,ok,2026-09-09T01:56:20.178666+05:30,2026-09-09_0156IST,airline_direct,IndiGo
DEL,CCU,6E,IndiGo,6E 6245,2026-09-24,15,economy,,,7368.0,False,06:20,ok,2026-09-09T01:56:20.178666+05:30,2026-09-09_0156IST,airline_direct,IndiGo
DEL,CCU,6E,IndiGo,6E 5206,2026-09-24,15,economy,,,7368.0,False,13:20,ok,2026-09-09T01:56:20.178666+05:30,2026-09-09_0156IST,airline_direct,IndiGo
DEL,CCU,6E,IndiGo,6E 2453,2026-09-24,15,economy,,,7368.0,False,13:35,ok,2026-09-09T01:56:20.178666+05:30,2026-09-09_0156IST,airline_direct,IndiGo
DEL,CCU,6E,IndiGo,6E 6236,2026-09-24,15,economy,,,7368.0,False,16:20,ok,2026-09-09T01:56:20.178666+05:30,2026-09-09_0156IST,airline_direct,IndiGo
DEL,CCU,6E,IndiGo,6E 6440,2026-09-24,15,economy,,,7368.0,False,16:40,ok,2026-09-09T01:56:20.178666+05:30,2026-09-09_0156IST,airline_direct,IndiGo
DEL,CCU,6E,IndiGo,6E 6459,2026-09-24,15,economy,,,7500.0,False,05:55,ok,2026-09-09T01:56:20.178666+05:30,2026-09-09_0156IST,airline_direct,IndiGo
DEL,CCU,6E,IndiGo,6E 2361,2026-09-24,15,economy,,,7500.0,False,14:35,ok,2026-09-09T01:56:20.178666+05:30,2026-09-09_0156IST,airline_direct,IndiGo
DEL,CCU,6E,IndiGo,6E 6190,2026-09-24,15,economy,,,7578.0,False,07:40,ok,2026-09-09T01:56:20.178666+05:30,2026-09-09_0156IST,airline_direct,IndiGo
DEL,CCU,6E,IndiGo,6E 5038,2026-09-24,15,economy,,,7578.0,False,14:00,ok,2026-09-09T01:56:20.178666+05:30,2026-09-09_0156IST,airline_direct,IndiGo
DEL,CCU,6E,IndiGo,6E 2203,2026-09-24,15,economy,,,7683.0,False,04:45,ok,2026-09-09T01:56:20.178666+05:30,2026-09-09_0156IST,airline_direct,IndiGo
DEL,CCU,6E,IndiGo,6E 6124,2026-09-24,15,economy,,,7683.0,False,07:30,ok,2026-09-09T01:56:20.178666+05:30,2026-09-09_0156IST,airline_direct,IndiGo
DEL,CCU,6E,IndiGo,6E 5215,2026-09-24,15,economy,,,7683.0,False,07:45,ok,2026-09-09T01:56:20.178666+05:30,2026-09-09_0156IST,airline_direct,IndiGo
DEL,CCU,6E,IndiGo,6E 6829,2026-09-24,15,economy,,,7710.0,False,17:20,ok,2026-09-09T01:56:20.178666+05:30,2026-09-09_0156IST,airline_direct,IndiGo
DEL,CCU,6E,IndiGo,6E 6503,2026-09-24,15,economy,,,7893.0,False,13:25,ok,2026-09-09T01:56:20.178666+05:30,2026-09-09_0156IST,airline_direct,IndiGo
DEL,CCU,6E,IndiGo,6E 6503,2026-09-24,15,economy,,,7893.0,False,13:25,ok,2026-09-09T01:56:20.178666+05:30,2026-09-09_0156IST,airline_direct,IndiGo
DEL,CCU,6E,IndiGo,6E 704,2026-09-24,15,business,,,28201.0,False,02:25,ok,2026-09-09T01:56:20.178666+05:30,2026-09-09_0156IST,airline_direct,IndiGo
DEL,CCU,6E,IndiGo,6E 704,2026-09-24,15,economy,,,7920.0,False,02:25,ok,2026-09-09T01:56:20.178666+05:30,2026-09-09_0156IST,airline_direct,IndiGo
DEL,CCU,6E,IndiGo,6E 704,2026-09-24,15,business,,,28673.0,False,02:25,ok,2026-09-09T01:56:20.178666+05:30,2026-09-09_0156IST,airline_direct,IndiGo
DEL,CCU,6E,IndiGo,6E 704,2026-09-24,15,economy,,,7920.0,False,02:25,ok,2026-09-09T01:56:20.178666+05:30,2026-09-09_0156IST,airline_direct,IndiGo
DEL,CCU,6E,IndiGo,6E 5119,2026-09-24,15,economy,,,7920.0,False,05:10,ok,2026-09-09T01:56:20.178666+05:30,2026-09-09_0156IST,airline_direct,IndiGo
DEL,CCU,6E,IndiGo,6E 203,2026-09-24,15,business,,,28673.0,False,07:10,ok,2026-09-09T01:56:20.178666+05:30,2026-09-09_0156IST,airline_direct,IndiGo
DEL,CCU,6E,IndiGo,6E 203,2026-09-24,15,economy,,,7920.0,False,07:10,ok,2026-09-09T01:56:20.178666+05:30,2026-09-09_0156IST,airline_direct,IndiGo
DEL,CCU,6E,IndiGo,6E 203,2026-09-24,15,economy,,,7920.0,False,07:10,ok,2026-09-09T01:56:20.178666+05:30,2026-09-09_0156IST,airline_direct,IndiGo
DEL,CCU,6E,IndiGo,6E 705,2026-09-24,15,business,,,28673.0,False,08:30,ok,2026-09-09T01:56:20.178666+05:30,2026-09-09_0156IST,airline_direct,IndiGo
DEL,CCU,6E,IndiGo,6E 705,2026-09-24,15,economy,,,7920.0,False,08:30,ok,2026-09-09T01:56:20.178666+05:30,2026-09-09_0156IST,airline_direct,IndiGo
DEL,CCU,6E,IndiGo,6E 705,2026-09-24,15,economy,,,7920.0,False,08:30,ok,2026-09-09T01:56:20.178666+05:30,2026-09-09_0156IST,airline_direct,IndiGo
DEL,CCU,6E,IndiGo,6E 6293,2026-09-24,15,economy,,,7920.0,False,09:55,ok,2026-09-09T01:56:20.178666+05:30,2026-09-09_0156IST,airline_direct,IndiGo
DEL,CCU,6E,IndiGo,6E 907,2026-09-24,15,economy,,,7920.0,False,10:00,ok,2026-09-09T01:56:20.178666+05:30,2026-09-09_0156IST,airline_direct,IndiGo
DEL,CCU,6E,IndiGo,6E 884,2026-09-24,15,business,,,28673.0,False,11:45,ok,2026-09-09T01:56:20.178666+05:30,2026-09-09_0156IST,airline_direct,IndiGo
DEL,CCU,6E,IndiGo,6E 884,2026-09-24,15,economy,,,7920.0,False,11:45,ok,2026-09-09T01:56:20.178666+05:30,2026-09-09_0156IST,airline_direct,IndiGo
DEL,CCU,6E,IndiGo,6E 2331,2026-09-24,15,economy,,,7920.0,False,12:20,ok,2026-09-09T01:56:20.178666+05:30,2026-09-09_0156IST,airline_direct,IndiGo
DEL,CCU,6E,IndiGo,6E 6282,2026-09-24,15,business,,,28673.0,False,13:30,ok,2026-09-09T01:56:20.178666+05:30,2026-09-09_0156IST,airline_direct,IndiGo
DEL,CCU,6E,IndiGo,6E 6282,2026-09-24,15,economy,,,7920.0,False,13:30,ok,2026-09-09T01:56:20.178666+05:30,2026-09-09_0156IST,airline_direct,IndiGo
DEL,CCU,6E,IndiGo,6E 6282,2026-09-24,15,business,,,28201.0,False,13:30,ok,2026-09-09T01:56:20.178666+05:30,2026-09-09_0156IST,airline_direct,IndiGo
DEL,CCU,6E,IndiGo,6E 6282,2026-09-24,15,economy,,,7920.0,False,13:30,ok,2026-09-09T01:56:20.178666+05:30,2026-09-09_0156IST,airline_direct,IndiGo
DEL,CCU,6E,IndiGo,6E 2341,2026-09-24,15,economy,,,7920.0,False,14:50,ok,2026-09-09T01:56:20.178666+05:30,2026-09-09_0156IST,airline_direct,IndiGo
DEL,CCU,6E,IndiGo,6E 6217,2026-09-24,15,business,,,28201.0,False,16:15,ok,2026-09-09T01:56:20.178666+05:30,2026-09-09_0156IST,airline_direct,IndiGo
DEL,CCU,6E,IndiGo,6E 6217,2026-09-24,15,economy,,,7920.0,False,16:15,ok,2026-09-09T01:56:20.178666+05:30,2026-09-09_0156IST,airline_direct,IndiGo
DEL,CCU,6E,IndiGo,6E 5073,2026-09-24,15,economy,,,7920.0,False,17:05,ok,2026-09-09T01:56:20.178666+05:30,2026-09-09_0156IST,airline_direct,IndiGo
DEL,CCU,6E,IndiGo,6E 717,2026-09-24,15,business,,,28201.0,False,17:55,ok,2026-09-09T01:56:20.178666+05:30,2026-09-09_0156IST,airline_direct,IndiGo
DEL,CCU,6E,IndiGo,6E 717,2026-09-24,15,economy,,,7920.0,False,17:55,ok,2026-09-09T01:56:20.178666+05:30,2026-09-09_0156IST,airline_direct,IndiGo
DEL,CCU,6E,IndiGo,6E 882,2026-09-24,15,business,,,28201.0,False,23:15,ok,2026-09-09T01:56:20.178666+05:30,2026-09-09_0156IST,airline_direct,IndiGo
DEL,CCU,6E,IndiGo,6E 882,2026-09-24,15,economy,,,7920.0,False,23:15,ok,2026-09-09T01:56:20.178666+05:30,2026-09-09_0156IST,airline_direct,IndiGo
DEL,CCU,6E,IndiGo,6E 6371,2026-09-24,15,economy,,,8025.0,False,06:20,ok,2026-09-09T01:56:20.178666+05:30,2026-09-09_0156IST,airline_direct,IndiGo
DEL,CCU,6E,IndiGo,6E 6312,2026-09-24,15,economy,,,8107.0,False,14:25,ok,2026-09-09T01:56:20.178666+05:30,2026-09-09_0156IST,airline_direct,IndiGo
DEL,CCU,6E,IndiGo,6E 6073,2026-09-24,15,economy,,,8185.0,False,05:00,ok,2026-09-09T01:56:20.178666+05:30,2026-09-09_0156IST,airline_direct,IndiGo
DEL,CCU,6E,IndiGo,6E 2259,2026-09-24,15,economy,,,8185.0,False,12:20,ok,2026-09-09T01:56:20.178666+05:30,2026-09-09_0156IST,airline_direct,IndiGo
DEL,CCU,6E,IndiGo,6E 6053,2026-09-24,15,economy,,,8185.0,False,13:05,ok,2026-09-09T01:56:20.178666+05:30,2026-09-09_0156IST,airline_direct,IndiGo
DEL,CCU,6E,IndiGo,6E 2614,2026-09-24,15,economy,,,8185.0,False,14:40,ok,2026-09-09T01:56:20.178666+05:30,2026-09-09_0156IST,airline_direct,IndiGo
DEL,CCU,6E,IndiGo,6E 2614,2026-09-24,15,economy,,,8185.0,False,14:40,ok,2026-09-09T01:56:20.178666+05:30,2026-09-09_0156IST,airline_direct,IndiGo
DEL,CCU,6E,IndiGo,6E 5307,2026-09-24,15,economy,,,8290.0,False,10:50,ok,2026-09-09T01:56:20.178666+05:30,2026-09-09_0156IST,airline_direct,IndiGo
DEL,CCU,6E,IndiGo,6E 2296,2026-09-24,15,economy,,,8853.0,False,09:20,ok,2026-09-09T01:56:20.178666+05:30,2026-09-09_0156IST,airline_direct,IndiGo
DEL,CCU,6E,IndiGo,6E 6130,2026-09-24,15,economy,,,8853.0,False,12:55,ok,2026-09-09T01:56:20.178666+05:30,2026-09-09_0156IST,airline_direct,IndiGo
DEL,CCU,6E,IndiGo,6E 5041,2026-09-24,15,economy,,,8958.0,False,15:10,ok,2026-09-09T01:56:20.178666+05:30,2026-09-09_0156IST,airline_direct,IndiGo
DEL,CCU,6E,IndiGo,6E 5041,2026-09-24,15,economy,,,8958.0,False,15:10,ok,2026-09-09T01:56:20.178666+05:30,2026-09-09_0156IST,airline_direct,IndiGo
DEL,CCU,6E,IndiGo,6E 6190,2026-09-24,15,economy,,,10393.0,False,07:40,ok,2026-09-09T01:56:20.178666+05:30,2026-09-09_0156IST,airline_direct,IndiGo
DEL,CCU,6E,IndiGo,6E 2296,2026-09-24,15,economy,,,10393.0,False,09:20,ok,2026-09-09T01:56:20.178666+05:30,2026-09-09_0156IST,airline_direct,IndiGo
DEL,CCU,6E,IndiGo,6E 734,2026-09-24,15,economy,,,13648.0,False,16:20,ok,2026-09-09T01:56:20.178666+05:30,2026-09-09_0156IST,airline_direct,IndiGo
BLR,HYD,6E,IndiGo,6E 6067,2026-09-24,15,economy,,,4921.0,False,16:30,ok,2026-09-09T01:57:27.667078+05:30,2026-09-09_0157IST,airline_direct,IndiGo
BLR,HYD,6E,IndiGo,6E 638,2026-09-24,15,economy,,,5318.0,False,18:35,ok,2026-09-09T01:57:27.667078+05:30,2026-09-09_0157IST,airline_direct,IndiGo
BLR,HYD,6E,IndiGo,6E 855,2026-09-24,15,economy,,,5756.0,False,19:45,ok,2026-09-09T01:57:27.667078+05:30,2026-09-09_0157IST,airline_direct,IndiGo
BLR,HYD,6E,IndiGo,6E 312,2026-09-24,15,economy,,,6239.0,False,09:15,ok,2026-09-09T01:57:27.667078+05:30,2026-09-09_0157IST,airline_direct,IndiGo
BLR,HYD,6E,IndiGo,6E 6178,2026-09-24,15,economy,,,6772.0,False,06:25,ok,2026-09-09T01:57:27.667078+05:30,2026-09-09_0157IST,airline_direct,IndiGo
BLR,HYD,6E,IndiGo,6E 537,2026-09-24,15,economy,,,6772.0,False,10:15,ok,2026-09-09T01:57:27.667078+05:30,2026-09-09_0157IST,airline_direct,IndiGo
BLR,HYD,6E,IndiGo,6E 6784,2026-09-24,15,economy,,,6772.0,False,21:30,ok,2026-09-09T01:57:27.667078+05:30,2026-09-09_0157IST,airline_direct,IndiGo
BLR,HYD,6E,IndiGo,6E 484,2026-09-24,15,economy,,,7361.0,False,08:15,ok,2026-09-09T01:57:27.667078+05:30,2026-09-09_0157IST,airline_direct,IndiGo
BLR,HYD,6E,IndiGo,6E 6404,2026-09-24,15,economy,,,7361.0,False,11:35,ok,2026-09-09T01:57:27.667078+05:30,2026-09-09_0157IST,airline_direct,IndiGo
BLR,HYD,6E,IndiGo,6E 857,2026-09-24,15,economy,,,4553.0,False,07:05,ok,2026-09-09T01:57:27.667078+05:30,2026-09-09_0157IST,airline_direct,IndiGo
BLR,HYD,6E,IndiGo,6E 857,2026-09-24,15,economy,,,4553.0,False,07:05,ok,2026-09-09T01:57:27.667078+05:30,2026-09-09_0157IST,airline_direct,IndiGo
BLR,HYD,6E,IndiGo,6E 763,2026-09-24,15,economy,,,4553.0,False,07:05,ok,2026-09-09T01:57:27.667078+05:30,2026-09-09_0157IST,airline_direct,IndiGo
BLR,HYD,6E,IndiGo,6E 6445,2026-09-24,15,economy,,,4553.0,False,10:25,ok,2026-09-09T01:57:27.667078+05:30,2026-09-09_0157IST,airline_direct,IndiGo
BLR,HYD,6E,IndiGo,6E 6208,2026-09-24,15,economy,,,4553.0,False,12:45,ok,2026-09-09T01:57:27.667078+05:30,2026-09-09_0157IST,airline_direct,IndiGo
BLR,HYD,6E,IndiGo,6E 6208,2026-09-24,15,economy,,,4553.0,False,12:45,ok,2026-09-09T01:57:27.667078+05:30,2026-09-09_0157IST,airline_direct,IndiGo
BLR,HYD,6E,IndiGo,6E 6208,2026-09-24,15,economy,,,4553.0,False,12:45,ok,2026-09-09T01:57:27.667078+05:30,2026-09-09_0157IST,airline_direct,IndiGo
BLR,HYD,6E,IndiGo,6E 6542,2026-09-24,15,economy,,,4553.0,False,13:10,ok,2026-09-09T01:57:27.667078+05:30,2026-09-09_0157IST,airline_direct,IndiGo
BLR,HYD,6E,IndiGo,6E 6542,2026-09-24,15,economy,,,4553.0,False,13:10,ok,2026-09-09T01:57:27.667078+05:30,2026-09-09_0157IST,airline_direct,IndiGo
BLR,HYD,6E,IndiGo,6E 6753,2026-09-24,15,economy,,,4553.0,False,15:15,ok,2026-09-09T01:57:27.667078+05:30,2026-09-09_0157IST,airline_direct,IndiGo
BLR,HYD,6E,IndiGo,6E 576,2026-09-24,15,economy,,,4553.0,False,16:25,ok,2026-09-09T01:57:27.667078+05:30,2026-09-09_0157IST,airline_direct,IndiGo
BLR,HYD,6E,IndiGo,6E 356,2026-09-24,15,economy,,,4553.0,False,17:15,ok,2026-09-09T01:57:27.667078+05:30,2026-09-09_0157IST,airline_direct,IndiGo
BLR,HYD,6E,IndiGo,6E 356,2026-09-24,15,economy,,,4553.0,False,17:15,ok,2026-09-09T01:57:27.667078+05:30,2026-09-09_0157IST,airline_direct,IndiGo
BLR,HYD,6E,IndiGo,6E 6168,2026-09-24,15,economy,,,4553.0,False,17:40,ok,2026-09-09T01:57:27.667078+05:30,2026-09-09_0157IST,airline_direct,IndiGo
BLR,HYD,6E,IndiGo,6E 6017,2026-09-24,15,economy,,,4553.0,False,18:15,ok,2026-09-09T01:57:27.667078+05:30,2026-09-09_0157IST,airline_direct,IndiGo
BLR,HYD,6E,IndiGo,6E 105,2026-09-24,15,economy,,,4553.0,False,18:50,ok,2026-09-09T01:57:27.667078+05:30,2026-09-09_0157IST,airline_direct,IndiGo
BLR,HYD,6E,IndiGo,6E 105,2026-09-24,15,economy,,,4553.0,False,18:50,ok,2026-09-09T01:57:27.667078+05:30,2026-09-09_0157IST,airline_direct,IndiGo
BLR,HYD,6E,IndiGo,6E 6554,2026-09-24,15,economy,,,4553.0,False,19:15,ok,2026-09-09T01:57:27.667078+05:30,2026-09-09_0157IST,airline_direct,IndiGo
BLR,HYD,6E,IndiGo,6E 441,2026-09-24,15,economy,,,4553.0,False,20:40,ok,2026-09-09T01:57:27.667078+05:30,2026-09-09_0157IST,airline_direct,IndiGo
BLR,HYD,6E,IndiGo,6E 6336,2026-09-24,15,economy,,,4685.0,False,12:40,ok,2026-09-09T01:57:27.667078+05:30,2026-09-09_0157IST,airline_direct,IndiGo
BLR,HYD,6E,IndiGo,6E 6336,2026-09-24,15,economy,,,4685.0,False,12:40,ok,2026-09-09T01:57:27.667078+05:30,2026-09-09_0157IST,airline_direct,IndiGo
BLR,HYD,6E,IndiGo,6E 763,2026-09-24,15,economy,,,4836.0,False,07:05,ok,2026-09-09T01:57:27.667078+05:30,2026-09-09_0157IST,airline_direct,IndiGo
BLR,HYD,6E,IndiGo,6E 6104,2026-09-24,15,economy,,,4836.0,False,11:40,ok,2026-09-09T01:57:27.667078+05:30,2026-09-09_0157IST,airline_direct,IndiGo
BLR,HYD,6E,IndiGo,6E 7204,2026-09-24,15,economy,,,5146.0,False,06:50,ok,2026-09-09T01:57:27.667078+05:30,2026-09-09_0157IST,airline_direct,IndiGo
BLR,HYD,6E,IndiGo,6E 7005,2026-09-24,15,economy,,,5146.0,False,08:05,ok,2026-09-09T01:57:27.667078+05:30,2026-09-09_0157IST,airline_direct,IndiGo
BLR,HYD,6E,IndiGo,6E 703,2026-09-24,15,economy,,,5146.0,False,12:55,ok,2026-09-09T01:57:27.667078+05:30,2026-09-09_0157IST,airline_direct,IndiGo
BLR,HYD,6E,IndiGo,6E 5306,2026-09-24,15,economy,,,5146.0,False,14:35,ok,2026-09-09T01:57:27.667078+05:30,2026-09-09_0157IST,airline_direct,IndiGo
BLR,HYD,6E,IndiGo,6E 109,2026-09-24,15,economy,,,5146.0,False,17:00,ok,2026-09-09T01:57:27.667078+05:30,2026-09-09_0157IST,airline_direct,IndiGo
BLR,HYD,6E,IndiGo,6E 6891,2026-09-24,15,economy,,,5146.0,False,17:15,ok,2026-09-09T01:57:27.667078+05:30,2026-09-09_0157IST,airline_direct,IndiGo
BLR,HYD,6E,IndiGo,6E 6162,2026-09-24,15,economy,,,5146.0,False,18:50,ok,2026-09-09T01:57:27.667078+05:30,2026-09-09_0157IST,airline_direct,IndiGo
BLR,HYD,6E,IndiGo,6E 528,2026-09-24,15,economy,,,5146.0,False,21:40,ok,2026-09-09T01:57:27.667078+05:30,2026-09-09_0157IST,airline_direct,IndiGo
BLR,HYD,6E,IndiGo,6E 116,2026-09-24,15,economy,,,5146.0,False,23:05,ok,2026-09-09T01:57:27.667078+05:30,2026-09-09_0157IST,airline_direct,IndiGo
BLR,HYD,6E,IndiGo,6E 7227,2026-09-24,15,economy,,,5729.0,False,06:25,ok,2026-09-09T01:57:27.667078+05:30,2026-09-09_0157IST,airline_direct,IndiGo
BLR,HYD,6E,IndiGo,6E 7204,2026-09-24,15,economy,,,5861.0,False,06:50,ok,2026-09-09T01:57:27.667078+05:30,2026-09-09_0157IST,airline_direct,IndiGo
BLR,HYD,6E,IndiGo,6E 6753,2026-09-24,15,economy,,,5861.0,False,15:15,ok,2026-09-09T01:57:27.667078+05:30,2026-09-09_0157IST,airline_direct,IndiGo
BLR,HYD,6E,IndiGo,6E 6168,2026-09-24,15,economy,,,5861.0,False,17:40,ok,2026-09-09T01:57:27.667078+05:30,2026-09-09_0157IST,airline_direct,IndiGo
BLR,HYD,6E,IndiGo,6E 574,2026-09-24,15,economy,,,6402.0,False,11:05,ok,2026-09-09T01:57:27.667078+05:30,2026-09-09_0157IST,airline_direct,IndiGo
BLR,HYD,6E,IndiGo,6E 7071,2026-09-24,15,economy,,,6724.0,False,10:55,ok,2026-09-09T01:57:27.667078+05:30,2026-09-09_0157IST,airline_direct,IndiGo
BLR,HYD,6E,IndiGo,6E 6653,2026-09-24,15,economy,,,7221.0,False,12:35,ok,2026-09-09T01:57:27.667078+05:30,2026-09-09_0157IST,airline_direct,IndiGo
BLR,HYD,6E,IndiGo,6E 6653,2026-09-24,15,economy,,,7221.0,False,12:35,ok,2026-09-09T01:57:27.667078+05:30,2026-09-09_0157IST,airline_direct,IndiGo
BLR,HYD,6E,IndiGo,6E 6653,2026-09-24,15,economy,,,7221.0,False,12:35,ok,2026-09-09T01:57:27.667078+05:30,2026-09-09_0157IST,airline_direct,IndiGo
BLR,HYD,6E,IndiGo,6E 6563,2026-09-24,15,economy,,,7767.0,False,01:05,ok,2026-09-09T01:57:27.667078+05:30,2026-09-09_0157IST,airline_direct,IndiGo
BLR,HYD,6E,IndiGo,6E 6876,2026-09-24,15,economy,,,7767.0,False,02:40,ok,2026-09-09T01:57:27.667078+05:30,2026-09-09_0157IST,airline_direct,IndiGo
BLR,HYD,6E,IndiGo,6E 6583,2026-09-24,15,economy,,,7899.0,False,10:40,ok,2026-09-09T01:57:27.667078+05:30,2026-09-09_0157IST,airline_direct,IndiGo
BLR,HYD,6E,IndiGo,6E 904,2026-09-24,15,economy,,,8374.0,False,10:50,ok,2026-09-09T01:57:27.667078+05:30,2026-09-09_0157IST,airline_direct,IndiGo
BLR,HYD,6E,IndiGo,6E 904,2026-09-24,15,economy,,,8779.0,False,10:50,ok,2026-09-09T01:57:27.667078+05:30,2026-09-09_0157IST,airline_direct,IndiGo
BLR,HYD,6E,IndiGo,6E 6104,2026-09-24,15,economy,,,9030.0,False,11:40,ok,2026-09-09T01:57:27.667078+05:30,2026-09-09_0157IST,airline_direct,IndiGo
BLR,HYD,6E,IndiGo,6E 116,2026-09-24,15,economy,,,9030.0,False,23:05,ok,2026-09-09T01:57:27.667078+05:30,2026-09-09_0157IST,airline_direct,IndiGo
BLR,HYD,6E,IndiGo,6E 6269,2026-09-24,15,economy,,,9224.0,False,07:15,ok,2026-09-09T01:57:27.667078+05:30,2026-09-09_0157IST,airline_direct,IndiGo
BLR,HYD,6E,IndiGo,6E 6269,2026-09-24,15,economy,,,9224.0,False,07:15,ok,2026-09-09T01:57:27.667078+05:30,2026-09-09_0157IST,airline_direct,IndiGo
MAA,DEL,6E,IndiGo,6E 948,2026-09-24,15,business,,,24700.0,False,14:30,ok,2026-09-09T01:58:32.866590+05:30,2026-09-09_0158IST,airline_direct,IndiGo
MAA,DEL,6E,IndiGo,6E 948,2026-09-24,15,economy,,,10295.0,False,14:30,ok,2026-09-09T01:58:32.866590+05:30,2026-09-09_0158IST,airline_direct,IndiGo
MAA,DEL,6E,IndiGo,6E 951,2026-09-24,15,business,,,24700.0,False,21:50,ok,2026-09-09T01:58:32.866590+05:30,2026-09-09_0158IST,airline_direct,IndiGo
MAA,DEL,6E,IndiGo,6E 951,2026-09-24,15,economy,,,10295.0,False,21:50,ok,2026-09-09T01:58:32.866590+05:30,2026-09-09_0158IST,airline_direct,IndiGo
MAA,DEL,6E,IndiGo,6E 2369,2026-09-24,15,business,,,24700.0,False,23:45,ok,2026-09-09T01:58:32.866590+05:30,2026-09-09_0158IST,airline_direct,IndiGo
MAA,DEL,6E,IndiGo,6E 2369,2026-09-24,15,economy,,,10295.0,False,23:45,ok,2026-09-09T01:58:32.866590+05:30,2026-09-09_0158IST,airline_direct,IndiGo
MAA,DEL,6E,IndiGo,6E 404,2026-09-24,15,business,,,24700.0,False,09:15,ok,2026-09-09T01:58:32.866590+05:30,2026-09-09_0158IST,airline_direct,IndiGo
MAA,DEL,6E,IndiGo,6E 404,2026-09-24,15,economy,,,10785.0,False,09:15,ok,2026-09-09T01:58:32.866590+05:30,2026-09-09_0158IST,airline_direct,IndiGo
MAA,DEL,6E,IndiGo,6E 939,2026-09-24,15,business,,,24700.0,False,13:00,ok,2026-09-09T01:58:32.866590+05:30,2026-09-09_0158IST,airline_direct,IndiGo
MAA,DEL,6E,IndiGo,6E 939,2026-09-24,15,economy,,,10785.0,False,13:00,ok,2026-09-09T01:58:32.866590+05:30,2026-09-09_0158IST,airline_direct,IndiGo
MAA,DEL,6E,IndiGo,6E 698,2026-09-24,15,business,,,24700.0,False,16:45,ok,2026-09-09T01:58:32.866590+05:30,2026-09-09_0158IST,airline_direct,IndiGo
MAA,DEL,6E,IndiGo,6E 698,2026-09-24,15,economy,,,10785.0,False,16:45,ok,2026-09-09T01:58:32.866590+05:30,2026-09-09_0158IST,airline_direct,IndiGo
MAA,DEL,6E,IndiGo,6E 613,2026-09-24,15,business,,,24700.0,False,19:00,ok,2026-09-09T01:58:32.866590+05:30,2026-09-09_0158IST,airline_direct,IndiGo
MAA,DEL,6E,IndiGo,6E 613,2026-09-24,15,economy,,,10785.0,False,19:00,ok,2026-09-09T01:58:32.866590+05:30,2026-09-09_0158IST,airline_direct,IndiGo
MAA,DEL,6E,IndiGo,6E 937,2026-09-24,15,business,,,24700.0,False,06:30,ok,2026-09-09T01:58:32.866590+05:30,2026-09-09_0158IST,airline_direct,IndiGo
MAA,DEL,6E,IndiGo,6E 937,2026-09-24,15,economy,,,11850.0,False,06:30,ok,2026-09-09T01:58:32.866590+05:30,2026-09-09_0158IST,airline_direct,IndiGo
MAA,DEL,6E,IndiGo,6E 6002,2026-09-24,15,business,,,24700.0,False,11:10,ok,2026-09-09T01:58:32.866590+05:30,2026-09-09_0158IST,airline_direct,IndiGo
MAA,DEL,6E,IndiGo,6E 6002,2026-09-24,15,economy,,,11850.0,False,11:10,ok,2026-09-09T01:58:32.866590+05:30,2026-09-09_0158IST,airline_direct,IndiGo
MAA,DEL,6E,IndiGo,6E 6797,2026-09-24,15,economy,,,9409.0,False,13:10,ok,2026-09-09T01:58:32.866590+05:30,2026-09-09_0158IST,airline_direct,IndiGo
MAA,DEL,6E,IndiGo,6E 253,2026-09-24,15,business,,,27587.0,False,03:10,ok,2026-09-09T01:58:32.866590+05:30,2026-09-09_0158IST,airline_direct,IndiGo
MAA,DEL,6E,IndiGo,6E 253,2026-09-24,15,economy,,,9619.0,False,03:10,ok,2026-09-09T01:58:32.866590+05:30,2026-09-09_0158IST,airline_direct,IndiGo
MAA,DEL,6E,IndiGo,6E 244,2026-09-24,15,economy,,,9619.0,False,03:55,ok,2026-09-09T01:58:32.866590+05:30,2026-09-09_0158IST,airline_direct,IndiGo
MAA,DEL,6E,IndiGo,6E 834,2026-09-24,15,economy,,,9619.0,False,09:05,ok,2026-09-09T01:58:32.866590+05:30,2026-09-09_0158IST,airline_direct,IndiGo
MAA,DEL,6E,IndiGo,6E 991,2026-09-24,15,economy,,,9619.0,False,09:30,ok,2026-09-09T01:58:32.866590+05:30,2026-09-09_0158IST,airline_direct,IndiGo
MAA,DEL,6E,IndiGo,6E 539,2026-09-24,15,economy,,,9619.0,False,11:25,ok,2026-09-09T01:58:32.866590+05:30,2026-09-09_0158IST,airline_direct,IndiGo
MAA,DEL,6E,IndiGo,6E 183,2026-09-24,15,business,,,28061.0,False,16:35,ok,2026-09-09T01:58:32.866590+05:30,2026-09-09_0158IST,airline_direct,IndiGo
MAA,DEL,6E,IndiGo,6E 183,2026-09-24,15,economy,,,9619.0,False,16:35,ok,2026-09-09T01:58:32.866590+05:30,2026-09-09_0158IST,airline_direct,IndiGo
MAA,DEL,6E,IndiGo,6E 6815,2026-09-24,15,economy,,,9697.0,False,08:55,ok,2026-09-09T01:58:32.866590+05:30,2026-09-09_0158IST,airline_direct,IndiGo
MAA,DEL,6E,IndiGo,6E 6892,2026-09-24,15,economy,,,9697.0,False,10:55,ok,2026-09-09T01:58:32.866590+05:30,2026-09-09_0158IST,airline_direct,IndiGo
MAA,DEL,6E,IndiGo,6E 6892,2026-09-24,15,economy,,,9697.0,False,10:55,ok,2026-09-09T01:58:32.866590+05:30,2026-09-09_0158IST,airline_direct,IndiGo
MAA,DEL,6E,IndiGo,6E 6209,2026-09-24,15,economy,,,9697.0,False,14:35,ok,2026-09-09T01:58:32.866590+05:30,2026-09-09_0158IST,airline_direct,IndiGo
MAA,DEL,6E,IndiGo,6E 6348,2026-09-24,15,business,,,35375.0,False,09:00,ok,2026-09-09T01:58:32.866590+05:30,2026-09-09_0158IST,airline_direct,IndiGo
MAA,DEL,6E,IndiGo,6E 6348,2026-09-24,15,economy,,,9829.0,False,09:00,ok,2026-09-09T01:58:32.866590+05:30,2026-09-09_0158IST,airline_direct,IndiGo
MAA,DEL,6E,IndiGo,6E 6348,2026-09-24,15,business,,,35375.0,False,09:00,ok,2026-09-09T01:58:32.866590+05:30,2026-09-09_0158IST,airline_direct,IndiGo
MAA,DEL,6E,IndiGo,6E 6348,2026-09-24,15,economy,,,9829.0,False,09:00,ok,2026-09-09T01:58:32.866590+05:30,2026-09-09_0158IST,airline_direct,IndiGo
MAA,DEL,6E,IndiGo,6E 5214,2026-09-24,15,business,,,35375.0,False,11:00,ok,2026-09-09T01:58:32.866590+05:30,2026-09-09_0158IST,airline_direct,IndiGo
MAA,DEL,6E,IndiGo,6E 5214,2026-09-24,15,economy,,,9829.0,False,11:00,ok,2026-09-09T01:58:32.866590+05:30,2026-09-09_0158IST,airline_direct,IndiGo
MAA,DEL,6E,IndiGo,6E 5258,2026-09-24,15,business,,,35375.0,False,12:45,ok,2026-09-09T01:58:32.866590+05:30,2026-09-09_0158IST,airline_direct,IndiGo
MAA,DEL,6E,IndiGo,6E 5258,2026-09-24,15,economy,,,9829.0,False,12:45,ok,2026-09-09T01:58:32.866590+05:30,2026-09-09_0158IST,airline_direct,IndiGo
MAA,DEL,6E,IndiGo,6E 5104,2026-09-24,15,business,,,35375.0,False,16:40,ok,2026-09-09T01:58:32.866590+05:30,2026-09-09_0158IST,airline_direct,IndiGo
MAA,DEL,6E,IndiGo,6E 5104,2026-09-24,15,economy,,,9829.0,False,16:40,ok,2026-09-09T01:58:32.866590+05:30,2026-09-09_0158IST,airline_direct,IndiGo
MAA,DEL,6E,IndiGo,6E 6113,2026-09-24,15,economy,,,9829.0,False,17:00,ok,2026-09-09T01:58:32.866590+05:30,2026-09-09_0158IST,airline_direct,IndiGo
MAA,DEL,6E,IndiGo,6E 495,2026-09-24,15,economy,,,10376.0,False,07:10,ok,2026-09-09T01:58:32.866590+05:30,2026-09-09_0158IST,airline_direct,IndiGo
MAA,DEL,6E,IndiGo,6E 372,2026-09-24,15,economy,,,10376.0,False,09:55,ok,2026-09-09T01:58:32.866590+05:30,2026-09-09_0158IST,airline_direct,IndiGo
MAA,DEL,6E,IndiGo,6E 502,2026-09-24,15,business,,,28415.0,False,11:10,ok,2026-09-09T01:58:32.866590+05:30,2026-09-09_0158IST,airline_direct,IndiGo
MAA,DEL,6E,IndiGo,6E 502,2026-09-24,15,economy,,,10376.0,False,11:10,ok,2026-09-09T01:58:32.866590+05:30,2026-09-09_0158IST,airline_direct,IndiGo
MAA,DEL,6E,IndiGo,6E 848,2026-09-24,15,economy,,,10376.0,False,17:50,ok,2026-09-09T01:58:32.866590+05:30,2026-09-09_0158IST,airline_direct,IndiGo
MAA,DEL,6E,IndiGo,6E 193,2026-09-24,15,economy,,,10376.0,False,20:00,ok,2026-09-09T01:58:32.866590+05:30,2026-09-09_0158IST,airline_direct,IndiGo
MAA,DEL,6E,IndiGo,6E 561,2026-09-24,15,business,,,28767.0,False,22:20,ok,2026-09-09T01:58:32.866590+05:30,2026-09-09_0158IST,airline_direct,IndiGo
MAA,DEL,6E,IndiGo,6E 561,2026-09-24,15,economy,,,10376.0,False,22:20,ok,2026-09-09T01:58:32.866590+05:30,2026-09-09_0158IST,airline_direct,IndiGo
MAA,DEL,6E,IndiGo,6E 6209,2026-09-24,15,economy,,,10454.0,False,14:35,ok,2026-09-09T01:58:32.866590+05:30,2026-09-09_0158IST,airline_direct,IndiGo
MAA,DEL,6E,IndiGo,6E 6812,2026-09-24,15,economy,,,10454.0,False,20:00,ok,2026-09-09T01:58:32.866590+05:30,2026-09-09_0158IST,airline_direct,IndiGo
MAA,DEL,6E,IndiGo,6E 6140,2026-09-24,15,business,,,32035.0,False,02:30,ok,2026-09-09T01:58:32.866590+05:30,2026-09-09_0158IST,airline_direct,IndiGo
MAA,DEL,6E,IndiGo,6E 6140,2026-09-24,15,economy,,,10586.0,False,02:30,ok,2026-09-09T01:58:32.866590+05:30,2026-09-09_0158IST,airline_direct,IndiGo
MAA,DEL,6E,IndiGo,6E 5314,2026-09-24,15,business,,,35375.0,False,06:45,ok,2026-09-09T01:58:32.866590+05:30,2026-09-09_0158IST,airline_direct,IndiGo
MAA,DEL,6E,IndiGo,6E 5314,2026-09-24,15,economy,,,10586.0,False,06:45,ok,2026-09-09T01:58:32.866590+05:30,2026-09-09_0158IST,airline_direct,IndiGo
MAA,DEL,6E,IndiGo,6E 321,2026-09-24,15,business,,,31040.0,False,08:20,ok,2026-09-09T01:58:32.866590+05:30,2026-09-09_0158IST,airline_direct,IndiGo
MAA,DEL,6E,IndiGo,6E 321,2026-09-24,15,economy,,,10586.0,False,08:20,ok,2026-09-09T01:58:32.866590+05:30,2026-09-09_0158IST,airline_direct,IndiGo
MAA,DEL,6E,IndiGo,6E 6326,2026-09-24,15,business,,,31040.0,False,11:45,ok,2026-09-09T01:58:32.866590+05:30,2026-09-09_0158IST,airline_direct,IndiGo
MAA,DEL,6E,IndiGo,6E 6326,2026-09-24,15,economy,,,10586.0,False,11:45,ok,2026-09-09T01:58:32.866590+05:30,2026-09-09_0158IST,airline_direct,IndiGo
MAA,DEL,6E,IndiGo,6E 606,2026-09-24,15,economy,,,10586.0,False,18:05,ok,2026-09-09T01:58:32.866590+05:30,2026-09-09_0158IST,airline_direct,IndiGo
MAA,DEL,6E,IndiGo,6E 5367,2026-09-24,15,business,,,35375.0,False,18:15,ok,2026-09-09T01:58:32.866590+05:30,2026-09-09_0158IST,airline_direct,IndiGo
MAA,DEL,6E,IndiGo,6E 5367,2026-09-24,15,economy,,,10586.0,False,18:15,ok,2026-09-09T01:58:32.866590+05:30,2026-09-09_0158IST,airline_direct,IndiGo
MAA,DEL,6E,IndiGo,6E 6487,2026-09-24,15,economy,,,11062.0,False,21:25,ok,2026-09-09T01:58:32.866590+05:30,2026-09-09_0158IST,airline_direct,IndiGo
MAA,DEL,6E,IndiGo,6E 834,2026-09-24,15,economy,,,11208.0,False,09:05,ok,2026-09-09T01:58:32.866590+05:30,2026-09-09_0158IST,airline_direct,IndiGo
MAA,DEL,6E,IndiGo,6E 6925,2026-09-24,15,economy,,,11208.0,False,12:00,ok,2026-09-09T01:58:32.866590+05:30,2026-09-09_0158IST,airline_direct,IndiGo
MAA,DEL,6E,IndiGo,6E 6158,2026-09-24,15,economy,,,11208.0,False,16:10,ok,2026-09-09T01:58:32.866590+05:30,2026-09-09_0158IST,airline_direct,IndiGo
MAA,DEL,6E,IndiGo,6E 7084,2026-09-24,15,economy,,,11992.0,False,07:20,ok,2026-09-09T01:58:32.866590+05:30,2026-09-09_0158IST,airline_direct,IndiGo
MAA,DEL,6E,IndiGo,6E 6925,2026-09-24,15,economy,,,12280.0,False,12:00,ok,2026-09-09T01:58:32.866590+05:30,2026-09-09_0158IST,airline_direct,IndiGo
MAA,DEL,6E,IndiGo,6E 6081,2026-09-24,15,economy,,,12408.0,False,07:05,ok,2026-09-09T01:58:32.866590+05:30,2026-09-09_0158IST,airline_direct,IndiGo
MAA,DEL,6E,IndiGo,6E 365,2026-09-24,15,economy,,,12408.0,False,17:45,ok,2026-09-09T01:58:32.866590+05:30,2026-09-09_0158IST,airline_direct,IndiGo
MAA,DEL,6E,IndiGo,6E 597,2026-09-24,15,economy,,,12490.0,False,17:45,ok,2026-09-09T01:58:32.866590+05:30,2026-09-09_0158IST,airline_direct,IndiGo
MAA,DEL,6E,IndiGo,6E 495,2026-09-24,15,economy,,,12548.0,False,07:10,ok,2026-09-09T01:58:32.866590+05:30,2026-09-09_0158IST,airline_direct,IndiGo
MAA,DEL,6E,IndiGo,6E 189,2026-09-24,15,economy,,,12670.0,False,19:05,ok,2026-09-09T01:58:32.866590+05:30,2026-09-09_0158IST,airline_direct,IndiGo
MAA,DEL,6E,IndiGo,6E 6081,2026-09-24,15,economy,,,12927.0,False,07:05,ok,2026-09-09T01:58:32.866590+05:30,2026-09-09_0158IST,airline_direct,IndiGo
MAA,DEL,6E,IndiGo,6E 562,2026-09-24,15,economy,,,13191.0,False,18:20,ok,2026-09-09T01:58:32.866590+05:30,2026-09-09_0158IST,airline_direct,IndiGo
MAA,DEL,6E,IndiGo,6E 847,2026-09-24,15,economy,,,13481.0,False,16:15,ok,2026-09-09T01:58:32.866590+05:30,2026-09-09_0158IST,airline_direct,IndiGo
MAA,DEL,6E,IndiGo,6E 5371,2026-09-24,15,business,,,35375.0,False,14:45,ok,2026-09-09T01:58:32.866590+05:30,2026-09-09_0158IST,airline_direct,IndiGo
MAA,DEL,6E,IndiGo,6E 5371,2026-09-24,15,economy,,,13906.0,False,14:45,ok,2026-09-09T01:58:32.866590+05:30,2026-09-09_0158IST,airline_direct,IndiGo
MAA,DEL,6E,IndiGo,6E 973,2026-09-24,15,economy,,,14234.0,False,11:55,ok,2026-09-09T01:58:32.866590+05:30,2026-09-09_0158IST,airline_direct,IndiGo
MAA,DEL,6E,IndiGo,6E 6140,2026-09-24,15,business,,,32035.0,False,02:30,ok,2026-09-09T01:58:32.866590+05:30,2026-09-09_0158IST,airline_direct,IndiGo
MAA,DEL,6E,IndiGo,6E 6140,2026-09-24,15,economy,,,15466.0,False,02:30,ok,2026-09-09T01:58:32.866590+05:30,2026-09-09_0158IST,airline_direct,IndiGo
MAA,DEL,6E,IndiGo,6E 607,2026-09-24,15,business,,,31599.0,False,05:40,ok,2026-09-09T01:58:32.866590+05:30,2026-09-09_0158IST,airline_direct,IndiGo
MAA,DEL,6E,IndiGo,6E 607,2026-09-24,15,economy,,,16053.0,False,05:40,ok,2026-09-09T01:58:32.866590+05:30,2026-09-09_0158IST,airline_direct,IndiGo
DEL,BOM,6E,IndiGo,6E 353,2026-10-09,30,business,,,21900.0,False,03:00,ok,2026-09-09T01:59:35.553989+05:30,2026-09-09_0159IST,airline_direct,IndiGo
DEL,BOM,6E,IndiGo,6E 353,2026-10-09,30,economy,,,6305.0,False,03:00,ok,2026-09-09T01:59:35.553989+05:30,2026-09-09_0159IST,airline_direct,IndiGo
DEL,BOM,6E,IndiGo,6E 449,2026-10-09,30,business,,,21900.0,False,05:00,ok,2026-09-09T01:59:35.553989+05:30,2026-09-09_0159IST,airline_direct,IndiGo
DEL,BOM,6E,IndiGo,6E 449,2026-10-09,30,economy,,,6305.0,False,05:00,ok,2026-09-09T01:59:35.553989+05:30,2026-09-09_0159IST,airline_direct,IndiGo
DEL,BOM,6E,IndiGo,6E 675,2026-10-09,30,business,,,21900.0,False,08:45,ok,2026-09-09T01:59:35.553989+05:30,2026-09-09_0159IST,airline_direct,IndiGo
DEL,BOM,6E,IndiGo,6E 675,2026-10-09,30,economy,,,6305.0,False,08:45,ok,2026-09-09T01:59:35.553989+05:30,2026-09-09_0159IST,airline_direct,IndiGo
DEL,BOM,6E,IndiGo,6E 6107,2026-10-09,30,business,,,21900.0,False,09:30,ok,2026-09-09T01:59:35.553989+05:30,2026-09-09_0159IST,airline_direct,IndiGo
DEL,BOM,6E,IndiGo,6E 6107,2026-10-09,30,economy,,,6305.0,False,09:30,ok,2026-09-09T01:59:35.553989+05:30,2026-09-09_0159IST,airline_direct,IndiGo
DEL,BOM,6E,IndiGo,6E 6328,2026-10-09,30,business,,,21900.0,False,10:15,ok,2026-09-09T01:59:35.553989+05:30,2026-09-09_0159IST,airline_direct,IndiGo
DEL,BOM,6E,IndiGo,6E 6328,2026-10-09,30,economy,,,6305.0,False,10:15,ok,2026-09-09T01:59:35.553989+05:30,2026-09-09_0159IST,airline_direct,IndiGo
DEL,BOM,6E,IndiGo,6E 6047,2026-10-09,30,business,,,21900.0,False,11:00,ok,2026-09-09T01:59:35.553989+05:30,2026-09-09_0159IST,airline_direct,IndiGo
DEL,BOM,6E,IndiGo,6E 6047,2026-10-09,30,economy,,,6305.0,False,11:00,ok,2026-09-09T01:59:35.553989+05:30,2026-09-09_0159IST,airline_direct,IndiGo
DEL,BOM,6E,IndiGo,6E 6676,2026-10-09,30,business,,,21900.0,False,12:00,ok,2026-09-09T01:59:35.553989+05:30,2026-09-09_0159IST,airline_direct,IndiGo
DEL,BOM,6E,IndiGo,6E 6676,2026-10-09,30,economy,,,6305.0,False,12:00,ok,2026-09-09T01:59:35.553989+05:30,2026-09-09_0159IST,airline_direct,IndiGo
DEL,BOM,6E,IndiGo,6E 324,2026-10-09,30,business,,,21900.0,False,13:00,ok,2026-09-09T01:59:35.553989+05:30,2026-09-09_0159IST,airline_direct,IndiGo
DEL,BOM,6E,IndiGo,6E 324,2026-10-09,30,economy,,,6305.0,False,13:00,ok,2026-09-09T01:59:35.553989+05:30,2026-09-09_0159IST,airline_direct,IndiGo
DEL,BOM,6E,IndiGo,6E 6022,2026-10-09,30,business,,,21900.0,False,14:00,ok,2026-09-09T01:59:35.553989+05:30,2026-09-09_0159IST,airline_direct,IndiGo
DEL,BOM,6E,IndiGo,6E 6022,2026-10-09,30,economy,,,6305.0,False,14:00,ok,2026-09-09T01:59:35.553989+05:30,2026-09-09_0159IST,airline_direct,IndiGo
DEL,BOM,6E,IndiGo,6E 6318,2026-10-09,30,business,,,21900.0,False,14:45,ok,2026-09-09T01:59:35.553989+05:30,2026-09-09_0159IST,airline_direct,IndiGo
DEL,BOM,6E,IndiGo,6E 6318,2026-10-09,30,economy,,,6305.0,False,14:45,ok,2026-09-09T01:59:35.553989+05:30,2026-09-09_0159IST,airline_direct,IndiGo
DEL,BOM,6E,IndiGo,6E 864,2026-10-09,30,business,,,21900.0,False,15:30,ok,2026-09-09T01:59:35.553989+05:30,2026-09-09_0159IST,airline_direct,IndiGo
DEL,BOM,6E,IndiGo,6E 864,2026-10-09,30,economy,,,6305.0,False,15:30,ok,2026-09-09T01:59:35.553989+05:30,2026-09-09_0159IST,airline_direct,IndiGo
DEL,BOM,6E,IndiGo,6E 6218,2026-10-09,30,business,,,21900.0,False,06:05,ok,2026-09-09T01:59:35.553989+05:30,2026-09-09_0159IST,airline_direct,IndiGo
DEL,BOM,6E,IndiGo,6E 6218,2026-10-09,30,economy,,,6357.0,False,06:05,ok,2026-09-09T01:59:35.553989+05:30,2026-09-09_0159IST,airline_direct,IndiGo
DEL,BOM,6E,IndiGo,6E 327,2026-10-09,30,business,,,21900.0,False,16:15,ok,2026-09-09T01:59:35.553989+05:30,2026-09-09_0159IST,airline_direct,IndiGo
DEL,BOM,6E,IndiGo,6E 327,2026-10-09,30,economy,,,6357.0,False,16:15,ok,2026-09-09T01:59:35.553989+05:30,2026-09-09_0159IST,airline_direct,IndiGo
DEL,BOM,6E,IndiGo,6E 322,2026-10-09,30,business,,,21900.0,False,23:30,ok,2026-09-09T01:59:35.553989+05:30,2026-09-09_0159IST,airline_direct,IndiGo
DEL,BOM,6E,IndiGo,6E 322,2026-10-09,30,economy,,,6357.0,False,23:30,ok,2026-09-09T01:59:35.553989+05:30,2026-09-09_0159IST,airline_direct,IndiGo
DEL,BOM,6E,IndiGo,6E 6814,2026-10-09,30,business,,,21900.0,False,07:15,ok,2026-09-09T01:59:35.553989+05:30,2026-09-09_0159IST,airline_direct,IndiGo
DEL,BOM,6E,IndiGo,6E 6814,2026-10-09,30,economy,,,6431.0,False,07:15,ok,2026-09-09T01:59:35.553989+05:30,2026-09-09_0159IST,airline_direct,IndiGo
DEL,BOM,6E,IndiGo,6E 320,2026-10-09,30,business,,,21900.0,False,08:00,ok,2026-09-09T01:59:35.553989+05:30,2026-09-09_0159IST,airline_direct,IndiGo
DEL,BOM,6E,IndiGo,6E 320,2026-10-09,30,economy,,,6431.0,False,08:00,ok,2026-09-09T01:59:35.553989+05:30,2026-09-09_0159IST,airline_direct,IndiGo
DEL,BOM,6E,IndiGo,6E 6706,2026-10-09,30,business,,,21900.0,False,17:00,ok,2026-09-09T01:59:35.553989+05:30,2026-09-09_0159IST,airline_direct,IndiGo
DEL,BOM,6E,IndiGo,6E 6706,2026-10-09,30,economy,,,6431.0,False,17:00,ok,2026-09-09T01:59:35.553989+05:30,2026-09-09_0159IST,airline_direct,IndiGo
DEL,BOM,6E,IndiGo,6E 395,2026-10-09,30,business,,,21900.0,False,21:45,ok,2026-09-09T01:59:35.553989+05:30,2026-09-09_0159IST,airline_direct,IndiGo
DEL,BOM,6E,IndiGo,6E 395,2026-10-09,30,economy,,,6431.0,False,21:45,ok,2026-09-09T01:59:35.553989+05:30,2026-09-09_0159IST,airline_direct,IndiGo
DEL,BOM,6E,IndiGo,6E 6114,2026-10-09,30,business,,,21900.0,False,22:45,ok,2026-09-09T01:59:35.553989+05:30,2026-09-09_0159IST,airline_direct,IndiGo
DEL,BOM,6E,IndiGo,6E 6114,2026-10-09,30,economy,,,6431.0,False,22:45,ok,2026-09-09T01:59:35.553989+05:30,2026-09-09_0159IST,airline_direct,IndiGo
DEL,BOM,6E,IndiGo,6E 329,2026-10-09,30,business,,,21900.0,False,18:00,ok,2026-09-09T01:59:35.553989+05:30,2026-09-09_0159IST,airline_direct,IndiGo
DEL,BOM,6E,IndiGo,6E 329,2026-10-09,30,economy,,,6688.0,False,18:00,ok,2026-09-09T01:59:35.553989+05:30,2026-09-09_0159IST,airline_direct,IndiGo
DEL,BOM,6E,IndiGo,6E 354,2026-10-09,30,business,,,21900.0,False,19:00,ok,2026-09-09T01:59:35.553989+05:30,2026-09-09_0159IST,airline_direct,IndiGo
DEL,BOM,6E,IndiGo,6E 354,2026-10-09,30,economy,,,6688.0,False,19:00,ok,2026-09-09T01:59:35.553989+05:30,2026-09-09_0159IST,airline_direct,IndiGo
DEL,BOM,6E,IndiGo,6E 303,2026-10-09,30,business,,,21900.0,False,20:00,ok,2026-09-09T01:59:35.553989+05:30,2026-09-09_0159IST,airline_direct,IndiGo
DEL,BOM,6E,IndiGo,6E 303,2026-10-09,30,economy,,,6688.0,False,20:00,ok,2026-09-09T01:59:35.553989+05:30,2026-09-09_0159IST,airline_direct,IndiGo
DEL,BOM,6E,IndiGo,6E 853,2026-10-09,30,business,,,21900.0,False,20:45,ok,2026-09-09T01:59:35.553989+05:30,2026-09-09_0159IST,airline_direct,IndiGo
DEL,BOM,6E,IndiGo,6E 853,2026-10-09,30,economy,,,6688.0,False,20:45,ok,2026-09-09T01:59:35.553989+05:30,2026-09-09_0159IST,airline_direct,IndiGo
DEL,BOM,6E,IndiGo,6E 6261,2026-10-09,30,economy,,,6618.0,False,00:15,ok,2026-09-09T01:59:35.553989+05:30,2026-09-09_0159IST,airline_direct,IndiGo
DEL,BOM,6E,IndiGo,6E 5119,2026-10-09,30,economy,,,6618.0,False,05:10,ok,2026-09-09T01:59:35.553989+05:30,2026-09-09_0159IST,airline_direct,IndiGo
DEL,BOM,6E,IndiGo,6E 5119,2026-10-09,30,economy,,,6618.0,False,05:10,ok,2026-09-09T01:59:35.553989+05:30,2026-09-09_0159IST,airline_direct,IndiGo
DEL,BOM,6E,IndiGo,6E 6171,2026-10-09,30,economy,,,6618.0,False,05:40,ok,2026-09-09T01:59:35.553989+05:30,2026-09-09_0159IST,airline_direct,IndiGo
DEL,BOM,6E,IndiGo,6E 2076,2026-10-09,30,economy,,,6618.0,False,07:30,ok,2026-09-09T01:59:35.553989+05:30,2026-09-09_0159IST,airline_direct,IndiGo
DEL,BOM,6E,IndiGo,6E 2331,2026-10-09,30,economy,,,6618.0,False,12:20,ok,2026-09-09T01:59:35.553989+05:30,2026-09-09_0159IST,airline_direct,IndiGo
DEL,BOM,6E,IndiGo,6E 2341,2026-10-09,30,economy,,,6618.0,False,14:50,ok,2026-09-09T01:59:35.553989+05:30,2026-09-09_0159IST,airline_direct,IndiGo
DEL,BOM,6E,IndiGo,6E 6983,2026-10-09,30,economy,,,6618.0,False,15:35,ok,2026-09-09T01:59:35.553989+05:30,2026-09-09_0159IST,airline_direct,IndiGo
DEL,BOM,6E,IndiGo,6E 5073,2026-10-09,30,economy,,,6618.0,False,17:05,ok,2026-09-09T01:59:35.553989+05:30,2026-09-09_0159IST,airline_direct,IndiGo
DEL,BOM,6E,IndiGo,6E 5073,2026-10-09,30,economy,,,6618.0,False,17:05,ok,2026-09-09T01:59:35.553989+05:30,2026-09-09_0159IST,airline_direct,IndiGo
DEL,BOM,6E,IndiGo,6E 931,2026-10-09,30,economy,,,6618.0,False,19:30,ok,2026-09-09T01:59:35.553989+05:30,2026-09-09_0159IST,airline_direct,IndiGo
DEL,BOM,6E,IndiGo,6E 2013,2026-10-09,30,economy,,,6618.0,False,21:50,ok,2026-09-09T01:59:35.553989+05:30,2026-09-09_0159IST,airline_direct,IndiGo
DEL,BOM,6E,IndiGo,6E 6569,2026-10-09,30,economy,,,6750.0,False,05:00,ok,2026-09-09T01:59:35.553989+05:30,2026-09-09_0159IST,airline_direct,IndiGo
DEL,BOM,6E,IndiGo,6E 6443,2026-10-09,30,economy,,,6750.0,False,09:00,ok,2026-09-09T01:59:35.553989+05:30,2026-09-09_0159IST,airline_direct,IndiGo
DEL,BOM,6E,IndiGo,6E 6488,2026-10-09,30,economy,,,6750.0,False,11:20,ok,2026-09-09T01:59:35.553989+05:30,2026-09-09_0159IST,airline_direct,IndiGo
DEL,BOM,6E,IndiGo,6E 2249,2026-10-09,30,economy,,,6750.0,False,15:00,ok,2026-09-09T01:59:35.553989+05:30,2026-09-09_0159IST,airline_direct,IndiGo
DEL,BOM,6E,IndiGo,6E 6433,2026-10-09,30,economy,,,6750.0,False,16:30,ok,2026-09-09T01:59:35.553989+05:30,2026-09-09_0159IST,airline_direct,IndiGo
DEL,BOM,6E,IndiGo,6E 6829,2026-10-09,30,economy,,,6750.0,False,17:20,ok,2026-09-09T01:59:35.553989+05:30,2026-09-09_0159IST,airline_direct,IndiGo
DEL,BOM,6E,IndiGo,6E 6050,2026-10-09,30,economy,,,6828.0,False,08:15,ok,2026-09-09T01:59:35.553989+05:30,2026-09-09_0159IST,airline_direct,IndiGo
DEL,BOM,6E,IndiGo,6E 2113,2026-10-09,30,economy,,,6828.0,False,13:20,ok,2026-09-09T01:59:35.553989+05:30,2026-09-09_0159IST,airline_direct,IndiGo
DEL,BOM,6E,IndiGo,6E 6479,2026-10-09,30,economy,,,6828.0,False,21:25,ok,2026-09-09T01:59:35.553989+05:30,2026-09-09_0159IST,airline_direct,IndiGo
DEL,BOM,6E,IndiGo,6E 6026,2026-10-09,30,business,,,29617.0,False,05:30,ok,2026-09-09T01:59:35.553989+05:30,2026-09-09_0159IST,airline_direct,IndiGo
DEL,BOM,6E,IndiGo,6E 6026,2026-10-09,30,economy,,,6960.0,False,05:30,ok,2026-09-09T01:59:35.553989+05:30,2026-09-09_0159IST,airline_direct,IndiGo
DEL,BOM,6E,IndiGo,6E 6212,2026-10-09,30,business,,,29617.0,False,14:45,ok,2026-09-09T01:59:35.553989+05:30,2026-09-09_0159IST,airline_direct,IndiGo
DEL,BOM,6E,IndiGo,6E 6212,2026-10-09,30,economy,,,6960.0,False,14:45,ok,2026-09-09T01:59:35.553989+05:30,2026-09-09_0159IST,airline_direct,IndiGo
DEL,BOM,6E,IndiGo,6E 357,2026-10-09,30,business,,,36025.0,False,19:30,ok,2026-09-09T01:59:35.553989+05:30,2026-09-09_0159IST,airline_direct,IndiGo
DEL,BOM,6E,IndiGo,6E 357,2026-10-09,30,economy,,,7038.0,False,19:30,ok,2026-09-09T01:59:35.553989+05:30,2026-09-09_0159IST,airline_direct,IndiGo
DEL,BOM,6E,IndiGo,6E 5014,2026-10-09,30,economy,,,7142.0,False,18:30,ok,2026-09-09T01:59:35.553989+05:30,2026-09-09_0159IST,airline_direct,IndiGo
DEL,BOM,6E,IndiGo,6E 6459,2026-10-09,30,economy,,,7274.0,False,05:55,ok,2026-09-09T01:59:35.553989+05:30,2026-09-09_0159IST,airline_direct,IndiGo
DEL,BOM,6E,IndiGo,6E 5138,2026-10-09,30,economy,,,7274.0,False,19:10,ok,2026-09-09T01:59:35.553989+05:30,2026-09-09_0159IST,airline_direct,IndiGo
DEL,BOM,6E,IndiGo,6E 2169,2026-10-09,30,economy,,,7274.0,False,19:20,ok,2026-09-09T01:59:35.553989+05:30,2026-09-09_0159IST,airline_direct,IndiGo
DEL,BOM,6E,IndiGo,6E 5038,2026-10-09,30,economy,,,7352.0,False,14:00,ok,2026-09-09T01:59:35.553989+05:30,2026-09-09_0159IST,airline_direct,IndiGo
DEL,BOM,6E,IndiGo,6E 5298,2026-10-09,30,economy,,,7928.0,False,09:00,ok,2026-09-09T01:59:35.553989+05:30,2026-09-09_0159IST,airline_direct,IndiGo
DEL,BOM,6E,IndiGo,6E 758,2026-10-09,30,economy,,,7928.0,False,16:10,ok,2026-09-09T01:59:35.553989+05:30,2026-09-09_0159IST,airline_direct,IndiGo
DEL,BOM,6E,IndiGo,6E 704,2026-10-09,30,business,,,29617.0,False,02:25,ok,2026-09-09T01:59:35.553989+05:30,2026-09-09_0159IST,airline_direct,IndiGo
DEL,BOM,6E,IndiGo,6E 704,2026-10-09,30,economy,,,8059.0,False,02:25,ok,2026-09-09T01:59:35.553989+05:30,2026-09-09_0159IST,airline_direct,IndiGo
DEL,BOM,6E,IndiGo,6E 705,2026-10-09,30,business,,,29617.0,False,08:30,ok,2026-09-09T01:59:35.553989+05:30,2026-09-09_0159IST,airline_direct,IndiGo
DEL,BOM,6E,IndiGo,6E 705,2026-10-09,30,economy,,,8059.0,False,08:30,ok,2026-09-09T01:59:35.553989+05:30,2026-09-09_0159IST,airline_direct,IndiGo
DEL,BOM,6E,IndiGo,6E 2381,2026-10-09,30,economy,,,8059.0,False,13:45,ok,2026-09-09T01:59:35.553989+05:30,2026-09-09_0159IST,airline_direct,IndiGo
DEL,BOM,6E,IndiGo,6E 6497,2026-10-09,30,economy,,,8059.0,False,18:40,ok,2026-09-09T01:59:35.553989+05:30,2026-09-09_0159IST,airline_direct,IndiGo
DEL,BOM,6E,IndiGo,6E 882,2026-10-09,30,business,,,26583.0,False,23:15,ok,2026-09-09T01:59:35.553989+05:30,2026-09-09_0159IST,airline_direct,IndiGo
DEL,BOM,6E,IndiGo,6E 882,2026-10-09,30,economy,,,8059.0,False,23:15,ok,2026-09-09T01:59:35.553989+05:30,2026-09-09_0159IST,airline_direct,IndiGo
DEL,BOM,6E,IndiGo,6E 2496,2026-10-09,30,economy,,,8374.0,False,12:40,ok,2026-09-09T01:59:35.553989+05:30,2026-09-09_0159IST,airline_direct,IndiGo
DEL,BOM,6E,IndiGo,6E 6282,2026-10-09,30,business,,,29617.0,False,13:30,ok,2026-09-09T01:59:35.553989+05:30,2026-09-09_0159IST,airline_direct,IndiGo
DEL,BOM,6E,IndiGo,6E 6282,2026-10-09,30,economy,,,8692.0,False,13:30,ok,2026-09-09T01:59:35.553989+05:30,2026-09-09_0159IST,airline_direct,IndiGo
DEL,BOM,6E,IndiGo,6E 717,2026-10-09,30,business,,,29617.0,False,17:55,ok,2026-09-09T01:59:35.553989+05:30,2026-09-09_0159IST,airline_direct,IndiGo
DEL,BOM,6E,IndiGo,6E 717,2026-10-09,30,economy,,,8692.0,False,17:55,ok,2026-09-09T01:59:35.553989+05:30,2026-09-09_0159IST,airline_direct,IndiGo
DEL,BOM,6E,IndiGo,6E 358,2026-10-09,30,business,,,35165.0,False,12:10,ok,2026-09-09T01:59:35.553989+05:30,2026-09-09_0159IST,airline_direct,IndiGo
DEL,BOM,6E,IndiGo,6E 358,2026-10-09,30,economy,,,8771.0,False,12:10,ok,2026-09-09T01:59:35.553989+05:30,2026-09-09_0159IST,airline_direct,IndiGo
DEL,BOM,6E,IndiGo,6E 2349,2026-10-09,30,economy,,,9374.0,False,10:55,ok,2026-09-09T01:59:35.553989+05:30,2026-09-09_0159IST,airline_direct,IndiGo
DEL,BOM,6E,IndiGo,6E 6293,2026-10-09,30,business,,,29617.0,False,09:55,ok,2026-09-09T01:59:35.553989+05:30,2026-09-09_0159IST,airline_direct,IndiGo
DEL,BOM,6E,IndiGo,6E 6293,2026-10-09,30,economy,,,9388.0,False,09:55,ok,2026-09-09T01:59:35.553989+05:30,2026-09-09_0159IST,airline_direct,IndiGo
DEL,BOM,6E,IndiGo,6E 6601,2026-10-09,30,business,,,29617.0,False,19:45,ok,2026-09-09T01:59:35.553989+05:30,2026-09-09_0159IST,airline_direct,IndiGo
DEL,BOM,6E,IndiGo,6E 6601,2026-10-09,30,economy,,,9388.0,False,19:45,ok,2026-09-09T01:59:35.553989+05:30,2026-09-09_0159IST,airline_direct,IndiGo
DEL,BLR,6E,IndiGo,6E 6054,2026-10-09,30,business,,,26048.0,False,01:05,ok,2026-09-09T02:00:36.412804+05:30,2026-09-09_0200IST,airline_direct,IndiGo
DEL,BLR,6E,IndiGo,6E 6054,2026-10-09,30,economy,,,8671.0,False,01:05,ok,2026-09-09T02:00:36.412804+05:30,2026-09-09_0200IST,airline_direct,IndiGo
DEL,BLR,6E,IndiGo,6E 820,2026-10-09,30,business,,,26048.0,False,03:00,ok,2026-09-09T02:00:36.412804+05:30,2026-09-09_0200IST,airline_direct,IndiGo
DEL,BLR,6E,IndiGo,6E 820,2026-10-09,30,economy,,,8671.0,False,03:00,ok,2026-09-09T02:00:36.412804+05:30,2026-09-09_0200IST,airline_direct,IndiGo
DEL,BLR,6E,IndiGo,6E 2314,2026-10-09,30,business,,,26048.0,False,05:45,ok,2026-09-09T02:00:36.412804+05:30,2026-09-09_0200IST,airline_direct,IndiGo
DEL,BLR,6E,IndiGo,6E 2314,2026-10-09,30,economy,,,8671.0,False,05:45,ok,2026-09-09T02:00:36.412804+05:30,2026-09-09_0200IST,airline_direct,IndiGo
DEL,BLR,6E,IndiGo,6E 810,2026-10-09,30,business,,,26048.0,False,07:05,ok,2026-09-09T02:00:36.412804+05:30,2026-09-09_0200IST,airline_direct,IndiGo
DEL,BLR,6E,IndiGo,6E 810,2026-10-09,30,economy,,,8671.0,False,07:05,ok,2026-09-09T02:00:36.412804+05:30,2026-09-09_0200IST,airline_direct,IndiGo
DEL,BLR,6E,IndiGo,6E 826,2026-10-09,30,business,,,26048.0,False,09:30,ok,2026-09-09T02:00:36.412804+05:30,2026-09-09_0200IST,airline_direct,IndiGo
DEL,BLR,6E,IndiGo,6E 826,2026-10-09,30,economy,,,8671.0,False,09:30,ok,2026-09-09T02:00:36.412804+05:30,2026-09-09_0200IST,airline_direct,IndiGo
DEL,BLR,6E,IndiGo,6E 842,2026-10-09,30,business,,,26048.0,False,10:45,ok,2026-09-09T02:00:36.412804+05:30,2026-09-09_0200IST,airline_direct,IndiGo
DEL,BLR,6E,IndiGo,6E 842,2026-10-09,30,economy,,,8671.0,False,10:45,ok,2026-09-09T02:00:36.412804+05:30,2026-09-09_0200IST,airline_direct,IndiGo
DEL,BLR,6E,IndiGo,6E 828,2026-10-09,30,business,,,26048.0,False,14:30,ok,2026-09-09T02:00:36.412804+05:30,2026-09-09_0200IST,airline_direct,IndiGo
DEL,BLR,6E,IndiGo,6E 828,2026-10-09,30,economy,,,8671.0,False,14:30,ok,2026-09-09T02:00:36.412804+05:30,2026-09-09_0200IST,airline_direct,IndiGo
DEL,BLR,6E,IndiGo,6E 880,2026-10-09,30,business,,,26048.0,False,15:45,ok,2026-09-09T02:00:36.412804+05:30,2026-09-09_0200IST,airline_direct,IndiGo
DEL,BLR,6E,IndiGo,6E 880,2026-10-09,30,economy,,,8671.0,False,15:45,ok,2026-09-09T02:00:36.412804+05:30,2026-09-09_0200IST,airline_direct,IndiGo
DEL,BLR,6E,IndiGo,6E 871,2026-10-09,30,business,,,26048.0,False,23:30,ok,2026-09-09T02:00:36.412804+05:30,2026-09-09_0200IST,airline_direct,IndiGo
DEL,BLR,6E,IndiGo,6E 871,2026-10-09,30,economy,,,8671.0,False,23:30,ok,2026-09-09T02:00:36.412804+05:30,2026-09-09_0200IST,airline_direct,IndiGo
DEL,BLR,6E,IndiGo,6E 850,2026-10-09,30,business,,,26048.0,False,12:15,ok,2026-09-09T02:00:36.412804+05:30,2026-09-09_0200IST,airline_direct,IndiGo
DEL,BLR,6E,IndiGo,6E 850,2026-10-09,30,economy,,,9128.0,False,12:15,ok,2026-09-09T02:00:36.412804+05:30,2026-09-09_0200IST,airline_direct,IndiGo
DEL,BLR,6E,IndiGo,6E 176,2026-10-09,30,business,,,26048.0,False,13:15,ok,2026-09-09T02:00:36.412804+05:30,2026-09-09_0200IST,airline_direct,IndiGo
DEL,BLR,6E,IndiGo,6E 176,2026-10-09,30,economy,,,9128.0,False,13:15,ok,2026-09-09T02:00:36.412804+05:30,2026-09-09_0200IST,airline_direct,IndiGo
DEL,BLR,6E,IndiGo,6E 846,2026-10-09,30,business,,,26048.0,False,22:00,ok,2026-09-09T02:00:36.412804+05:30,2026-09-09_0200IST,airline_direct,IndiGo
DEL,BLR,6E,IndiGo,6E 846,2026-10-09,30,economy,,,9128.0,False,22:00,ok,2026-09-09T02:00:36.412804+05:30,2026-09-09_0200IST,airline_direct,IndiGo
DEL,BLR,6E,IndiGo,6E 873,2026-10-09,30,business,,,26048.0,False,08:20,ok,2026-09-09T02:00:36.412804+05:30,2026-09-09_0200IST,airline_direct,IndiGo
DEL,BLR,6E,IndiGo,6E 873,2026-10-09,30,economy,,,10128.0,False,08:20,ok,2026-09-09T02:00:36.412804+05:30,2026-09-09_0200IST,airline_direct,IndiGo
DEL,BLR,6E,IndiGo,6E 6515,2026-10-09,30,business,,,26048.0,False,20:45,ok,2026-09-09T02:00:36.412804+05:30,2026-09-09_0200IST,airline_direct,IndiGo
DEL,BLR,6E,IndiGo,6E 6515,2026-10-09,30,economy,,,10128.0,False,20:45,ok,2026-09-09T02:00:36.412804+05:30,2026-09-09_0200IST,airline_direct,IndiGo
DEL,BLR,6E,IndiGo,6E 837,2026-10-09,30,business,,,26048.0,False,17:00,ok,2026-09-09T02:00:36.412804+05:30,2026-09-09_0200IST,airline_direct,IndiGo
DEL,BLR,6E,IndiGo,6E 837,2026-10-09,30,economy,,,11257.0,False,17:00,ok,2026-09-09T02:00:36.412804+05:30,2026-09-09_0200IST,airline_direct,IndiGo
DEL,BLR,6E,IndiGo,6E 861,2026-10-09,30,business,,,26048.0,False,19:30,ok,2026-09-09T02:00:36.412804+05:30,2026-09-09_0200IST,airline_direct,IndiGo
DEL,BLR,6E,IndiGo,6E 861,2026-10-09,30,economy,,,11873.0,False,19:30,ok,2026-09-09T02:00:36.412804+05:30,2026-09-09_0200IST,airline_direct,IndiGo
DEL,BLR,6E,IndiGo,6E 811,2026-10-09,30,business,,,26048.0,False,18:20,ok,2026-09-09T02:00:36.412804+05:30,2026-09-09_0200IST,airline_direct,IndiGo
DEL,BLR,6E,IndiGo,6E 811,2026-10-09,30,economy,,,13225.0,False,18:20,ok,2026-09-09T02:00:36.412804+05:30,2026-09-09_0200IST,airline_direct,IndiGo
DEL,BLR,6E,IndiGo,6E 6476,2026-10-09,30,economy,,,9370.0,False,07:05,ok,2026-09-09T02:00:36.412804+05:30,2026-09-09_0200IST,airline_direct,IndiGo
DEL,BLR,6E,IndiGo,6E 2319,2026-10-09,30,economy,,,9370.0,False,09:55,ok,2026-09-09T02:00:36.412804+05:30,2026-09-09_0200IST,airline_direct,IndiGo
DEL,BLR,6E,IndiGo,6E 2147,2026-10-09,30,economy,,,9510.0,False,11:10,ok,2026-09-09T02:00:36.412804+05:30,2026-09-09_0200IST,airline_direct,IndiGo
DEL,BLR,6E,IndiGo,6E 704,2026-10-09,30,business,,,25312.0,False,02:25,ok,2026-09-09T02:00:36.412804+05:30,2026-09-09_0200IST,airline_direct,IndiGo
DEL,BLR,6E,IndiGo,6E 704,2026-10-09,30,economy,,,9946.0,False,02:25,ok,2026-09-09T02:00:36.412804+05:30,2026-09-09_0200IST,airline_direct,IndiGo
DEL,BLR,6E,IndiGo,6E 704,2026-10-09,30,business,,,35053.0,False,02:25,ok,2026-09-09T02:00:36.412804+05:30,2026-09-09_0200IST,airline_direct,IndiGo
DEL,BLR,6E,IndiGo,6E 704,2026-10-09,30,economy,,,9946.0,False,02:25,ok,2026-09-09T02:00:36.412804+05:30,2026-09-09_0200IST,airline_direct,IndiGo
DEL,BLR,6E,IndiGo,6E 6026,2026-10-09,30,business,,,26251.0,False,05:30,ok,2026-09-09T02:00:36.412804+05:30,2026-09-09_0200IST,airline_direct,IndiGo
DEL,BLR,6E,IndiGo,6E 6026,2026-10-09,30,economy,,,9946.0,False,05:30,ok,2026-09-09T02:00:36.412804+05:30,2026-09-09_0200IST,airline_direct,IndiGo
DEL,BLR,6E,IndiGo,6E 6293,2026-10-09,30,business,,,26251.0,False,09:55,ok,2026-09-09T02:00:36.412804+05:30,2026-09-09_0200IST,airline_direct,IndiGo
DEL,BLR,6E,IndiGo,6E 6293,2026-10-09,30,economy,,,9946.0,False,09:55,ok,2026-09-09T02:00:36.412804+05:30,2026-09-09_0200IST,airline_direct,IndiGo
DEL,BLR,6E,IndiGo,6E 884,2026-10-09,30,business,,,25759.0,False,11:45,ok,2026-09-09T02:00:36.412804+05:30,2026-09-09_0200IST,airline_direct,IndiGo
DEL,BLR,6E,IndiGo,6E 884,2026-10-09,30,economy,,,9946.0,False,11:45,ok,2026-09-09T02:00:36.412804+05:30,2026-09-09_0200IST,airline_direct,IndiGo
DEL,BLR,6E,IndiGo,6E 6282,2026-10-09,30,business,,,25312.0,False,13:30,ok,2026-09-09T02:00:36.412804+05:30,2026-09-09_0200IST,airline_direct,IndiGo
DEL,BLR,6E,IndiGo,6E 6282,2026-10-09,30,economy,,,9946.0,False,13:30,ok,2026-09-09T02:00:36.412804+05:30,2026-09-09_0200IST,airline_direct,IndiGo
DEL,BLR,6E,IndiGo,6E 6212,2026-10-09,30,business,,,27393.0,False,14:45,ok,2026-09-09T02:00:36.412804+05:30,2026-09-09_0200IST,airline_direct,IndiGo
DEL,BLR,6E,IndiGo,6E 6212,2026-10-09,30,economy,,,9946.0,False,14:45,ok,2026-09-09T02:00:36.412804+05:30,2026-09-09_0200IST,airline_direct,IndiGo
DEL,BLR,6E,IndiGo,6E 6217,2026-10-09,30,business,,,26793.0,False,16:15,ok,2026-09-09T02:00:36.412804+05:30,2026-09-09_0200IST,airline_direct,IndiGo
DEL,BLR,6E,IndiGo,6E 6217,2026-10-09,30,economy,,,9946.0,False,16:15,ok,2026-09-09T02:00:36.412804+05:30,2026-09-09_0200IST,airline_direct,IndiGo
DEL,BLR,6E,IndiGo,6E 717,2026-10-09,30,business,,,28784.0,False,17:55,ok,2026-09-09T02:00:36.412804+05:30,2026-09-09_0200IST,airline_direct,IndiGo
DEL,BLR,6E,IndiGo,6E 717,2026-10-09,30,economy,,,9946.0,False,17:55,ok,2026-09-09T02:00:36.412804+05:30,2026-09-09_0200IST,airline_direct,IndiGo
DEL,BLR,6E,IndiGo,6E 2343,2026-10-09,30,business,,,27162.0,False,02:20,ok,2026-09-09T02:00:36.412804+05:30,2026-09-09_0200IST,airline_direct,IndiGo
DEL,BLR,6E,IndiGo,6E 2343,2026-10-09,30,economy,,,10077.0,False,02:20,ok,2026-09-09T02:00:36.412804+05:30,2026-09-09_0200IST,airline_direct,IndiGo
DEL,BLR,6E,IndiGo,6E 6569,2026-10-09,30,economy,,,10077.0,False,05:00,ok,2026-09-09T02:00:36.412804+05:30,2026-09-09_0200IST,airline_direct,IndiGo
DEL,BLR,6E,IndiGo,6E 5119,2026-10-09,30,economy,,,10077.0,False,05:10,ok,2026-09-09T02:00:36.412804+05:30,2026-09-09_0200IST,airline_direct,IndiGo
DEL,BLR,6E,IndiGo,6E 6459,2026-10-09,30,economy,,,10077.0,False,05:55,ok,2026-09-09T02:00:36.412804+05:30,2026-09-09_0200IST,airline_direct,IndiGo
DEL,BLR,6E,IndiGo,6E 6488,2026-10-09,30,economy,,,10077.0,False,11:20,ok,2026-09-09T02:00:36.412804+05:30,2026-09-09_0200IST,airline_direct,IndiGo
DEL,BLR,6E,IndiGo,6E 2361,2026-10-09,30,economy,,,10077.0,False,14:35,ok,2026-09-09T02:00:36.412804+05:30,2026-09-09_0200IST,airline_direct,IndiGo
DEL,BLR,6E,IndiGo,6E 990,2026-10-09,30,economy,,,10077.0,False,14:50,ok,2026-09-09T02:00:36.412804+05:30,2026-09-09_0200IST,airline_direct,IndiGo
DEL,BLR,6E,IndiGo,6E 2557,2026-10-09,30,economy,,,10077.0,False,15:20,ok,2026-09-09T02:00:36.412804+05:30,2026-09-09_0200IST,airline_direct,IndiGo
DEL,BLR,6E,IndiGo,6E 864,2026-10-09,30,business,,,34636.0,False,15:30,ok,2026-09-09T02:00:36.412804+05:30,2026-09-09_0200IST,airline_direct,IndiGo
DEL,BLR,6E,IndiGo,6E 864,2026-10-09,30,economy,,,10077.0,False,15:30,ok,2026-09-09T02:00:36.412804+05:30,2026-09-09_0200IST,airline_direct,IndiGo
DEL,BLR,6E,IndiGo,6E 734,2026-10-09,30,economy,,,10077.0,False,16:20,ok,2026-09-09T02:00:36.412804+05:30,2026-09-09_0200IST,airline_direct,IndiGo
DEL,BLR,6E,IndiGo,6E 6437,2026-10-09,30,business,,,26160.0,False,16:25,ok,2026-09-09T02:00:36.412804+05:30,2026-09-09_0200IST,airline_direct,IndiGo
DEL,BLR,6E,IndiGo,6E 6437,2026-10-09,30,economy,,,10077.0,False,16:25,ok,2026-09-09T02:00:36.412804+05:30,2026-09-09_0200IST,airline_direct,IndiGo
DEL,BLR,6E,IndiGo,6E 5073,2026-10-09,30,economy,,,10077.0,False,17:05,ok,2026-09-09T02:00:36.412804+05:30,2026-09-09_0200IST,airline_direct,IndiGo
DEL,BLR,6E,IndiGo,6E 329,2026-10-09,30,business,,,34636.0,False,18:00,ok,2026-09-09T02:00:36.412804+05:30,2026-09-09_0200IST,airline_direct,IndiGo
DEL,BLR,6E,IndiGo,6E 329,2026-10-09,30,economy,,,10077.0,False,18:00,ok,2026-09-09T02:00:36.412804+05:30,2026-09-09_0200IST,airline_direct,IndiGo
DEL,BLR,6E,IndiGo,6E 329,2026-10-09,30,business,,,34636.0,False,18:00,ok,2026-09-09T02:00:36.412804+05:30,2026-09-09_0200IST,airline_direct,IndiGo
DEL,BLR,6E,IndiGo,6E 329,2026-10-09,30,economy,,,10077.0,False,18:00,ok,2026-09-09T02:00:36.412804+05:30,2026-09-09_0200IST,airline_direct,IndiGo
DEL,BLR,6E,IndiGo,6E 6179,2026-10-09,30,economy,,,10077.0,False,18:30,ok,2026-09-09T02:00:36.412804+05:30,2026-09-09_0200IST,airline_direct,IndiGo
DEL,BLR,6E,IndiGo,6E 931,2026-10-09,30,economy,,,10077.0,False,19:30,ok,2026-09-09T02:00:36.412804+05:30,2026-09-09_0200IST,airline_direct,IndiGo
DEL,BLR,6E,IndiGo,6E 6673,2026-10-09,30,business,,,26012.0,False,21:15,ok,2026-09-09T02:00:36.412804+05:30,2026-09-09_0200IST,airline_direct,IndiGo
DEL,BLR,6E,IndiGo,6E 6673,2026-10-09,30,economy,,,10077.0,False,21:15,ok,2026-09-09T02:00:36.412804+05:30,2026-09-09_0200IST,airline_direct,IndiGo
DEL,BLR,6E,IndiGo,6E 2618,2026-10-09,30,business,,,26012.0,False,23:00,ok,2026-09-09T02:00:36.412804+05:30,2026-09-09_0200IST,airline_direct,IndiGo
DEL,BLR,6E,IndiGo,6E 2618,2026-10-09,30,economy,,,10077.0,False,23:00,ok,2026-09-09T02:00:36.412804+05:30,2026-09-09_0200IST,airline_direct,IndiGo
DEL,BLR,6E,IndiGo,6E 933,2026-10-09,30,business,,,28318.0,False,02:55,ok,2026-09-09T02:00:36.412804+05:30,2026-09-09_0200IST,airline_direct,IndiGo
DEL,BLR,6E,IndiGo,6E 933,2026-10-09,30,economy,,,10156.0,False,02:55,ok,2026-09-09T02:00:36.412804+05:30,2026-09-09_0200IST,airline_direct,IndiGo
DEL,BLR,6E,IndiGo,6E 2277,2026-10-09,30,business,,,33047.0,False,10:25,ok,2026-09-09T02:00:36.412804+05:30,2026-09-09_0200IST,airline_direct,IndiGo
DEL,BLR,6E,IndiGo,6E 2277,2026-10-09,30,economy,,,10156.0,False,10:25,ok,2026-09-09T02:00:36.412804+05:30,2026-09-09_0200IST,airline_direct,IndiGo
DEL,BLR,6E,IndiGo,6E 358,2026-10-09,30,business,,,34404.0,False,12:10,ok,2026-09-09T02:00:36.412804+05:30,2026-09-09_0200IST,airline_direct,IndiGo
DEL,BLR,6E,IndiGo,6E 358,2026-10-09,30,economy,,,10156.0,False,12:10,ok,2026-09-09T02:00:36.412804+05:30,2026-09-09_0200IST,airline_direct,IndiGo
DEL,BLR,6E,IndiGo,6E 5038,2026-10-09,30,economy,,,10156.0,False,14:00,ok,2026-09-09T02:00:36.412804+05:30,2026-09-09_0200IST,airline_direct,IndiGo
DEL,BLR,6E,IndiGo,6E 6091,2026-10-09,30,business,,,28318.0,False,15:15,ok,2026-09-09T02:00:36.412804+05:30,2026-09-09_0200IST,airline_direct,IndiGo
DEL,BLR,6E,IndiGo,6E 6091,2026-10-09,30,economy,,,10156.0,False,15:15,ok,2026-09-09T02:00:36.412804+05:30,2026-09-09_0200IST,airline_direct,IndiGo
DEL,BLR,6E,IndiGo,6E 5033,2026-10-09,30,economy,,,10156.0,False,15:50,ok,2026-09-09T02:00:36.412804+05:30,2026-09-09_0200IST,airline_direct,IndiGo
DEL,BLR,6E,IndiGo,6E 2150,2026-10-09,30,business,,,33047.0,False,16:55,ok,2026-09-09T02:00:36.412804+05:30,2026-09-09_0200IST,airline_direct,IndiGo
DEL,BLR,6E,IndiGo,6E 2150,2026-10-09,30,economy,,,10156.0,False,16:55,ok,2026-09-09T02:00:36.412804+05:30,2026-09-09_0200IST,airline_direct,IndiGo
DEL,BLR,6E,IndiGo,6E 950,2026-10-09,30,business,,,28318.0,False,18:15,ok,2026-09-09T02:00:36.412804+05:30,2026-09-09_0200IST,airline_direct,IndiGo
DEL,BLR,6E,IndiGo,6E 950,2026-10-09,30,economy,,,10156.0,False,18:15,ok,2026-09-09T02:00:36.412804+05:30,2026-09-09_0200IST,airline_direct,IndiGo
DEL,BLR,6E,IndiGo,6E 357,2026-10-09,30,business,,,33047.0,False,19:30,ok,2026-09-09T02:00:36.412804+05:30,2026-09-09_0200IST,airline_direct,IndiGo
DEL,BLR,6E,IndiGo,6E 357,2026-10-09,30,economy,,,10156.0,False,19:30,ok,2026-09-09T02:00:36.412804+05:30,2026-09-09_0200IST,airline_direct,IndiGo
DEL,BLR,6E,IndiGo,6E 2769,2026-10-09,30,economy,,,10287.0,False,08:10,ok,2026-09-09T02:00:36.412804+05:30,2026-09-09_0200IST,airline_direct,IndiGo
DEL,BLR,6E,IndiGo,6E 6497,2026-10-09,30,economy,,,10287.0,False,18:40,ok,2026-09-09T02:00:36.412804+05:30,2026-09-09_0200IST,airline_direct,IndiGo
DEL,BLR,6E,IndiGo,6E 2482,2026-10-09,30,economy,,,10287.0,False,19:55,ok,2026-09-09T02:00:36.412804+05:30,2026-09-09_0200IST,airline_direct,IndiGo
DEL,BLR,6E,IndiGo,6E 754,2026-10-09,30,economy,,,10314.0,False,17:10,ok,2026-09-09T02:00:36.412804+05:30,2026-09-09_0200IST,airline_direct,IndiGo
DEL,BLR,6E,IndiGo,6E 5191,2026-10-09,30,economy,,,10497.0,False,05:00,ok,2026-09-09T02:00:36.412804+05:30,2026-09-09_0200IST,airline_direct,IndiGo
DEL,BLR,6E,IndiGo,6E 513,2026-10-09,30,business,,,30573.0,False,08:30,ok,2026-09-09T02:00:36.412804+05:30,2026-09-09_0200IST,airline_direct,IndiGo
DEL,BLR,6E,IndiGo,6E 513,2026-10-09,30,economy,,,10497.0,False,08:30,ok,2026-09-09T02:00:36.412804+05:30,2026-09-09_0200IST,airline_direct,IndiGo
DEL,BLR,6E,IndiGo,6E 758,2026-10-09,30,economy,,,10720.0,False,16:10,ok,2026-09-09T02:00:36.412804+05:30,2026-09-09_0200IST,airline_direct,IndiGo
DEL,BLR,6E,IndiGo,6E 6632,2026-10-09,30,economy,,,12973.0,False,17:50,ok,2026-09-09T02:00:36.412804+05:30,2026-09-09_0200IST,airline_direct,IndiGo
DEL,BLR,6E,IndiGo,6E 2349,2026-10-09,30,economy,,,15522.0,False,10:55,ok,2026-09-09T02:00:36.412804+05:30,2026-09-09_0200IST,airline_direct,IndiGo
BOM,BLR,6E,IndiGo,6E 5323,2026-10-09,30,business,,,18948.0,False,01:10,ok,2026-09-09T02:01:45.478103+05:30,2026-09-09_0201IST,airline_direct,IndiGo
BOM,BLR,6E,IndiGo,6E 5323,2026-10-09,30,economy,,,4893.0,False,01:10,ok,2026-09-09T02:01:45.478103+05:30,2026-09-09_0201IST,airline_direct,IndiGo
BOM,BLR,6E,IndiGo,6E 5294,2026-10-09,30,business,,,18948.0,False,04:30,ok,2026-09-09T02:01:45.478103+05:30,2026-09-09_0201IST,airline_direct,IndiGo
BOM,BLR,6E,IndiGo,6E 5294,2026-10-09,30,economy,,,4893.0,False,04:30,ok,2026-09-09T02:01:45.478103+05:30,2026-09-09_0201IST,airline_direct,IndiGo
BOM,BLR,6E,IndiGo,6E 5296,2026-10-09,30,business,,,18948.0,False,06:15,ok,2026-09-09T02:01:45.478103+05:30,2026-09-09_0201IST,airline_direct,IndiGo
BOM,BLR,6E,IndiGo,6E 5296,2026-10-09,30,economy,,,6747.0,False,06:15,ok,2026-09-09T02:01:45.478103+05:30,2026-09-09_0201IST,airline_direct,IndiGo
BOM,BLR,6E,IndiGo,6E 5388,2026-10-09,30,business,,,18948.0,False,22:20,ok,2026-09-09T02:01:45.478103+05:30,2026-09-09_0201IST,airline_direct,IndiGo
BOM,BLR,6E,IndiGo,6E 5388,2026-10-09,30,economy,,,6747.0,False,22:20,ok,2026-09-09T02:01:45.478103+05:30,2026-09-09_0201IST,airline_direct,IndiGo
BOM,BLR,6E,IndiGo,6E 5193,2026-10-09,30,business,,,18948.0,False,07:45,ok,2026-09-09T02:01:45.478103+05:30,2026-09-09_0201IST,airline_direct,IndiGo
BOM,BLR,6E,IndiGo,6E 5193,2026-10-09,30,economy,,,7062.0,False,07:45,ok,2026-09-09T02:01:45.478103+05:30,2026-09-09_0201IST,airline_direct,IndiGo
BOM,BLR,6E,IndiGo,6E 5092,2026-10-09,30,business,,,18948.0,False,09:50,ok,2026-09-09T02:01:45.478103+05:30,2026-09-09_0201IST,airline_direct,IndiGo
BOM,BLR,6E,IndiGo,6E 5092,2026-10-09,30,economy,,,7062.0,False,09:50,ok,2026-09-09T02:01:45.478103+05:30,2026-09-09_0201IST,airline_direct,IndiGo
BOM,BLR,6E,IndiGo,6E 5217,2026-10-09,30,business,,,18948.0,False,11:00,ok,2026-09-09T02:01:45.478103+05:30,2026-09-09_0201IST,airline_direct,IndiGo
BOM,BLR,6E,IndiGo,6E 5217,2026-10-09,30,economy,,,7062.0,False,11:00,ok,2026-09-09T02:01:45.478103+05:30,2026-09-09_0201IST,airline_direct,IndiGo
BOM,BLR,6E,IndiGo,6E 5184,2026-10-09,30,business,,,18948.0,False,12:30,ok,2026-09-09T02:01:45.478103+05:30,2026-09-09_0201IST,airline_direct,IndiGo
BOM,BLR,6E,IndiGo,6E 5184,2026-10-09,30,economy,,,7062.0,False,12:30,ok,2026-09-09T02:01:45.478103+05:30,2026-09-09_0201IST,airline_direct,IndiGo
BOM,BLR,6E,IndiGo,6E 5071,2026-10-09,30,business,,,18948.0,False,15:35,ok,2026-09-09T02:01:45.478103+05:30,2026-09-09_0201IST,airline_direct,IndiGo
BOM,BLR,6E,IndiGo,6E 5071,2026-10-09,30,economy,,,7062.0,False,15:35,ok,2026-09-09T02:01:45.478103+05:30,2026-09-09_0201IST,airline_direct,IndiGo
BOM,BLR,6E,IndiGo,6E 5221,2026-10-09,30,business,,,18948.0,False,17:00,ok,2026-09-09T02:01:45.478103+05:30,2026-09-09_0201IST,airline_direct,IndiGo
BOM,BLR,6E,IndiGo,6E 5221,2026-10-09,30,economy,,,7062.0,False,17:00,ok,2026-09-09T02:01:45.478103+05:30,2026-09-09_0201IST,airline_direct,IndiGo
BOM,BLR,6E,IndiGo,6E 6188,2026-10-09,30,business,,,18948.0,False,21:30,ok,2026-09-09T02:01:45.478103+05:30,2026-09-09_0201IST,airline_direct,IndiGo
BOM,BLR,6E,IndiGo,6E 6188,2026-10-09,30,economy,,,7062.0,False,21:30,ok,2026-09-09T02:01:45.478103+05:30,2026-09-09_0201IST,airline_direct,IndiGo
BOM,BLR,6E,IndiGo,6E 5382,2026-10-09,30,business,,,18948.0,False,14:30,ok,2026-09-09T02:01:45.478103+05:30,2026-09-09_0201IST,airline_direct,IndiGo
BOM,BLR,6E,IndiGo,6E 5382,2026-10-09,30,economy,,,7377.0,False,14:30,ok,2026-09-09T02:01:45.478103+05:30,2026-09-09_0201IST,airline_direct,IndiGo
BOM,BLR,6E,IndiGo,6E 5047,2026-10-09,30,business,,,18948.0,False,18:30,ok,2026-09-09T02:01:45.478103+05:30,2026-09-09_0201IST,airline_direct,IndiGo
BOM,BLR,6E,IndiGo,6E 5047,2026-10-09,30,economy,,,7377.0,False,18:30,ok,2026-09-09T02:01:45.478103+05:30,2026-09-09_0201IST,airline_direct,IndiGo
BOM,BLR,6E,IndiGo,6E 5032,2026-10-09,30,business,,,18948.0,False,19:50,ok,2026-09-09T02:01:45.478103+05:30,2026-09-09_0201IST,airline_direct,IndiGo
BOM,BLR,6E,IndiGo,6E 5032,2026-10-09,30,economy,,,7377.0,False,19:50,ok,2026-09-09T02:01:45.478103+05:30,2026-09-09_0201IST,airline_direct,IndiGo
BOM,BLR,6E,IndiGo,6E 6361,2026-10-09,30,economy,,,7243.0,False,05:00,ok,2026-09-09T02:01:45.478103+05:30,2026-09-09_0201IST,airline_direct,IndiGo
BOM,BLR,6E,IndiGo,6E 261,2026-10-09,30,economy,,,7243.0,False,11:20,ok,2026-09-09T02:01:45.478103+05:30,2026-09-09_0201IST,airline_direct,IndiGo
BOM,BLR,6E,IndiGo,6E 261,2026-10-09,30,economy,,,7243.0,False,11:20,ok,2026-09-09T02:01:45.478103+05:30,2026-09-09_0201IST,airline_direct,IndiGo
BOM,BLR,6E,IndiGo,6E 230,2026-10-09,30,economy,,,7243.0,False,13:55,ok,2026-09-09T02:01:45.478103+05:30,2026-09-09_0201IST,airline_direct,IndiGo
BOM,BLR,6E,IndiGo,6E 230,2026-10-09,30,economy,,,7243.0,False,13:55,ok,2026-09-09T02:01:45.478103+05:30,2026-09-09_0201IST,airline_direct,IndiGo
BOM,BLR,6E,IndiGo,6E 5241,2026-10-09,30,economy,,,7243.0,False,16:40,ok,2026-09-09T02:01:45.478103+05:30,2026-09-09_0201IST,airline_direct,IndiGo
BOM,BLR,6E,IndiGo,6E 5241,2026-10-09,30,economy,,,7243.0,False,16:40,ok,2026-09-09T02:01:45.478103+05:30,2026-09-09_0201IST,airline_direct,IndiGo
BOM,BLR,6E,IndiGo,6E 5082,2026-10-09,30,economy,,,7243.0,False,17:55,ok,2026-09-09T02:01:45.478103+05:30,2026-09-09_0201IST,airline_direct,IndiGo
BOM,BLR,6E,IndiGo,6E 6187,2026-10-09,30,economy,,,7374.0,False,00:30,ok,2026-09-09T02:01:45.478103+05:30,2026-09-09_0201IST,airline_direct,IndiGo
BOM,BLR,6E,IndiGo,6E 5179,2026-10-09,30,business,,,20441.0,False,02:45,ok,2026-09-09T02:01:45.478103+05:30,2026-09-09_0201IST,airline_direct,IndiGo
BOM,BLR,6E,IndiGo,6E 5179,2026-10-09,30,economy,,,7374.0,False,02:45,ok,2026-09-09T02:01:45.478103+05:30,2026-09-09_0201IST,airline_direct,IndiGo
BOM,BLR,6E,IndiGo,6E 5179,2026-10-09,30,business,,,30182.0,False,02:45,ok,2026-09-09T02:01:45.478103+05:30,2026-09-09_0201IST,airline_direct,IndiGo
BOM,BLR,6E,IndiGo,6E 5179,2026-10-09,30,economy,,,7374.0,False,02:45,ok,2026-09-09T02:01:45.478103+05:30,2026-09-09_0201IST,airline_direct,IndiGo
BOM,BLR,6E,IndiGo,6E 6057,2026-10-09,30,economy,,,7374.0,False,09:15,ok,2026-09-09T02:01:45.478103+05:30,2026-09-09_0201IST,airline_direct,IndiGo
BOM,BLR,6E,IndiGo,6E 5318,2026-10-09,30,business,,,21379.0,False,10:15,ok,2026-09-09T02:01:45.478103+05:30,2026-09-09_0201IST,airline_direct,IndiGo
BOM,BLR,6E,IndiGo,6E 5318,2026-10-09,30,economy,,,7374.0,False,10:15,ok,2026-09-09T02:01:45.478103+05:30,2026-09-09_0201IST,airline_direct,IndiGo
BOM,BLR,6E,IndiGo,6E 5318,2026-10-09,30,business,,,20887.0,False,10:15,ok,2026-09-09T02:01:45.478103+05:30,2026-09-09_0201IST,airline_direct,IndiGo
BOM,BLR,6E,IndiGo,6E 5318,2026-10-09,30,economy,,,7374.0,False,10:15,ok,2026-09-09T02:01:45.478103+05:30,2026-09-09_0201IST,airline_direct,IndiGo
BOM,BLR,6E,IndiGo,6E 5178,2026-10-09,30,business,,,21379.0,False,11:45,ok,2026-09-09T02:01:45.478103+05:30,2026-09-09_0201IST,airline_direct,IndiGo
BOM,BLR,6E,IndiGo,6E 5178,2026-10-09,30,economy,,,7374.0,False,11:45,ok,2026-09-09T02:01:45.478103+05:30,2026-09-09_0201IST,airline_direct,IndiGo
BOM,BLR,6E,IndiGo,6E 5178,2026-10-09,30,business,,,20887.0,False,11:45,ok,2026-09-09T02:01:45.478103+05:30,2026-09-09_0201IST,airline_direct,IndiGo
BOM,BLR,6E,IndiGo,6E 5178,2026-10-09,30,economy,,,7374.0,False,11:45,ok,2026-09-09T02:01:45.478103+05:30,2026-09-09_0201IST,airline_direct,IndiGo
BOM,BLR,6E,IndiGo,6E 5386,2026-10-09,30,business,,,22521.0,False,15:10,ok,2026-09-09T02:01:45.478103+05:30,2026-09-09_0201IST,airline_direct,IndiGo
BOM,BLR,6E,IndiGo,6E 5386,2026-10-09,30,economy,,,7374.0,False,15:10,ok,2026-09-09T02:01:45.478103+05:30,2026-09-09_0201IST,airline_direct,IndiGo
BOM,BLR,6E,IndiGo,6E 5386,2026-10-09,30,business,,,21922.0,False,15:10,ok,2026-09-09T02:01:45.478103+05:30,2026-09-09_0201IST,airline_direct,IndiGo
BOM,BLR,6E,IndiGo,6E 5386,2026-10-09,30,economy,,,7374.0,False,15:10,ok,2026-09-09T02:01:45.478103+05:30,2026-09-09_0201IST,airline_direct,IndiGo
BOM,BLR,6E,IndiGo,6E 5386,2026-10-09,30,business,,,23913.0,False,15:10,ok,2026-09-09T02:01:45.478103+05:30,2026-09-09_0201IST,airline_direct,IndiGo
BOM,BLR,6E,IndiGo,6E 5386,2026-10-09,30,economy,,,7374.0,False,15:10,ok,2026-09-09T02:01:45.478103+05:30,2026-09-09_0201IST,airline_direct,IndiGo
BOM,BLR,6E,IndiGo,6E 5228,2026-10-09,30,business,,,21922.0,False,16:45,ok,2026-09-09T02:01:45.478103+05:30,2026-09-09_0201IST,airline_direct,IndiGo
BOM,BLR,6E,IndiGo,6E 5228,2026-10-09,30,economy,,,7374.0,False,16:45,ok,2026-09-09T02:01:45.478103+05:30,2026-09-09_0201IST,airline_direct,IndiGo
BOM,BLR,6E,IndiGo,6E 5228,2026-10-09,30,business,,,23913.0,False,16:45,ok,2026-09-09T02:01:45.478103+05:30,2026-09-09_0201IST,airline_direct,IndiGo
BOM,BLR,6E,IndiGo,6E 5228,2026-10-09,30,economy,,,7374.0,False,16:45,ok,2026-09-09T02:01:45.478103+05:30,2026-09-09_0201IST,airline_direct,IndiGo
BOM,BLR,6E,IndiGo,6E 911,2026-10-09,30,economy,,,7584.0,False,01:30,ok,2026-09-09T02:01:45.478103+05:30,2026-09-09_0201IST,airline_direct,IndiGo
BOM,BLR,6E,IndiGo,6E 6701,2026-10-09,30,economy,,,7584.0,False,05:35,ok,2026-09-09T02:01:45.478103+05:30,2026-09-09_0201IST,airline_direct,IndiGo
BOM,BLR,6E,IndiGo,6E 6701,2026-10-09,30,economy,,,7584.0,False,05:35,ok,2026-09-09T02:01:45.478103+05:30,2026-09-09_0201IST,airline_direct,IndiGo
BOM,BLR,6E,IndiGo,6E 5188,2026-10-09,30,business,,,24040.0,False,06:15,ok,2026-09-09T02:01:45.478103+05:30,2026-09-09_0201IST,airline_direct,IndiGo
BOM,BLR,6E,IndiGo,6E 5188,2026-10-09,30,economy,,,7584.0,False,06:15,ok,2026-09-09T02:01:45.478103+05:30,2026-09-09_0201IST,airline_direct,IndiGo
BOM,BLR,6E,IndiGo,6E 5204,2026-10-09,30,business,,,24040.0,False,08:15,ok,2026-09-09T02:01:45.478103+05:30,2026-09-09_0201IST,airline_direct,IndiGo
BOM,BLR,6E,IndiGo,6E 5204,2026-10-09,30,economy,,,7584.0,False,08:15,ok,2026-09-09T02:01:45.478103+05:30,2026-09-09_0201IST,airline_direct,IndiGo
BOM,BLR,6E,IndiGo,6E 5109,2026-10-09,30,economy,,,7584.0,False,09:35,ok,2026-09-09T02:01:45.478103+05:30,2026-09-09_0201IST,airline_direct,IndiGo
BOM,BLR,6E,IndiGo,6E 5313,2026-10-09,30,business,,,24040.0,False,09:50,ok,2026-09-09T02:01:45.478103+05:30,2026-09-09_0201IST,airline_direct,IndiGo
BOM,BLR,6E,IndiGo,6E 5313,2026-10-09,30,economy,,,7584.0,False,09:50,ok,2026-09-09T02:01:45.478103+05:30,2026-09-09_0201IST,airline_direct,IndiGo
BOM,BLR,6E,IndiGo,6E 5313,2026-10-09,30,business,,,24040.0,False,09:50,ok,2026-09-09T02:01:45.478103+05:30,2026-09-09_0201IST,airline_direct,IndiGo
BOM,BLR,6E,IndiGo,6E 5313,2026-10-09,30,economy,,,7584.0,False,09:50,ok,2026-09-09T02:01:45.478103+05:30,2026-09-09_0201IST,airline_direct,IndiGo
BOM,BLR,6E,IndiGo,6E 6349,2026-10-09,30,business,,,24040.0,False,11:40,ok,2026-09-09T02:01:45.478103+05:30,2026-09-09_0201IST,airline_direct,IndiGo
BOM,BLR,6E,IndiGo,6E 6349,2026-10-09,30,economy,,,7584.0,False,11:40,ok,2026-09-09T02:01:45.478103+05:30,2026-09-09_0201IST,airline_direct,IndiGo
BOM,BLR,6E,IndiGo,6E 2284,2026-10-09,30,economy,,,7584.0,False,12:05,ok,2026-09-09T02:01:45.478103+05:30,2026-09-09_0201IST,airline_direct,IndiGo
BOM,BLR,6E,IndiGo,6E 673,2026-10-09,30,economy,,,7584.0,False,12:30,ok,2026-09-09T02:01:45.478103+05:30,2026-09-09_0201IST,airline_direct,IndiGo
BOM,BLR,6E,IndiGo,6E 5337,2026-10-09,30,business,,,24040.0,False,13:45,ok,2026-09-09T02:01:45.478103+05:30,2026-09-09_0201IST,airline_direct,IndiGo
BOM,BLR,6E,IndiGo,6E 5337,2026-10-09,30,economy,,,7584.0,False,13:45,ok,2026-09-09T02:01:45.478103+05:30,2026-09-09_0201IST,airline_direct,IndiGo
BOM,BLR,6E,IndiGo,6E 5201,2026-10-09,30,economy,,,7584.0,False,14:55,ok,2026-09-09T02:01:45.478103+05:30,2026-09-09_0201IST,airline_direct,IndiGo
BOM,BLR,6E,IndiGo,6E 5196,2026-10-09,30,business,,,24040.0,False,15:25,ok,2026-09-09T02:01:45.478103+05:30,2026-09-09_0201IST,airline_direct,IndiGo
BOM,BLR,6E,IndiGo,6E 5196,2026-10-09,30,economy,,,7584.0,False,15:25,ok,2026-09-09T02:01:45.478103+05:30,2026-09-09_0201IST,airline_direct,IndiGo
BOM,BLR,6E,IndiGo,6E 5196,2026-10-09,30,business,,,24040.0,False,15:25,ok,2026-09-09T02:01:45.478103+05:30,2026-09-09_0201IST,airline_direct,IndiGo
BOM,BLR,6E,IndiGo,6E 5196,2026-10-09,30,economy,,,7584.0,False,15:25,ok,2026-09-09T02:01:45.478103+05:30,2026-09-09_0201IST,airline_direct,IndiGo
BOM,BLR,6E,IndiGo,6E 240,2026-10-09,30,economy,,,7584.0,False,15:45,ok,2026-09-09T02:01:45.478103+05:30,2026-09-09_0201IST,airline_direct,IndiGo
BOM,BLR,6E,IndiGo,6E 437,2026-10-09,30,economy,,,7584.0,False,17:10,ok,2026-09-09T02:01:45.478103+05:30,2026-09-09_0201IST,airline_direct,IndiGo
BOM,BLR,6E,IndiGo,6E 5048,2026-10-09,30,business,,,24040.0,False,17:25,ok,2026-09-09T02:01:45.478103+05:30,2026-09-09_0201IST,airline_direct,IndiGo
BOM,BLR,6E,IndiGo,6E 5048,2026-10-09,30,economy,,,7584.0,False,17:25,ok,2026-09-09T02:01:45.478103+05:30,2026-09-09_0201IST,airline_direct,IndiGo
BOM,BLR,6E,IndiGo,6E 5126,2026-10-09,30,economy,,,7584.0,False,18:15,ok,2026-09-09T02:01:45.478103+05:30,2026-09-09_0201IST,airline_direct,IndiGo
BOM,BLR,6E,IndiGo,6E 2237,2026-10-09,30,economy,,,7584.0,False,18:40,ok,2026-09-09T02:01:45.478103+05:30,2026-09-09_0201IST,airline_direct,IndiGo
BOM,BLR,6E,IndiGo,6E 5107,2026-10-09,30,economy,,,7584.0,False,20:00,ok,2026-09-09T02:01:45.478103+05:30,2026-09-09_0201IST,airline_direct,IndiGo
BOM,BLR,6E,IndiGo,6E 5152,2026-10-09,30,economy,,,7584.0,False,23:10,ok,2026-09-09T02:01:45.478103+05:30,2026-09-09_0201IST,airline_direct,IndiGo
BOM,BLR,6E,IndiGo,6E 5181,2026-10-09,30,economy,,,7715.0,False,10:25,ok,2026-09-09T02:01:45.478103+05:30,2026-09-09_0201IST,airline_direct,IndiGo
BOM,BLR,6E,IndiGo,6E 632,2026-10-09,30,economy,,,9364.0,False,04:00,ok,2026-09-09T02:01:45.478103+05:30,2026-09-09_0201IST,airline_direct,IndiGo
DEL,CCU,6E,IndiGo,6E 930,2026-10-09,30,business,,,22600.0,False,02:45,ok,2026-09-09T02:02:52.933096+05:30,2026-09-09_0202IST,airline_direct,IndiGo
DEL,CCU,6E,IndiGo,6E 930,2026-10-09,30,economy,,,9280.0,False,02:45,ok,2026-09-09T02:02:52.933096+05:30,2026-09-09_0202IST,airline_direct,IndiGo
DEL,CCU,6E,IndiGo,6E 5191,2026-10-09,30,business,,,22600.0,False,05:00,ok,2026-09-09T02:02:52.933096+05:30,2026-09-09_0202IST,airline_direct,IndiGo
DEL,CCU,6E,IndiGo,6E 5191,2026-10-09,30,economy,,,9280.0,False,05:00,ok,2026-09-09T02:02:52.933096+05:30,2026-09-09_0202IST,airline_direct,IndiGo
DEL,CCU,6E,IndiGo,6E 340,2026-10-09,30,business,,,22600.0,False,07:20,ok,2026-09-09T02:02:52.933096+05:30,2026-09-09_0202IST,airline_direct,IndiGo
DEL,CCU,6E,IndiGo,6E 340,2026-10-09,30,economy,,,9280.0,False,07:20,ok,2026-09-09T02:02:52.933096+05:30,2026-09-09_0202IST,airline_direct,IndiGo
DEL,CCU,6E,IndiGo,6E 513,2026-10-09,30,business,,,22600.0,False,08:30,ok,2026-09-09T02:02:52.933096+05:30,2026-09-09_0202IST,airline_direct,IndiGo
DEL,CCU,6E,IndiGo,6E 513,2026-10-09,30,economy,,,9280.0,False,08:30,ok,2026-09-09T02:02:52.933096+05:30,2026-09-09_0202IST,airline_direct,IndiGo
DEL,CCU,6E,IndiGo,6E 894,2026-10-09,30,business,,,22600.0,False,10:15,ok,2026-09-09T02:02:52.933096+05:30,2026-09-09_0202IST,airline_direct,IndiGo
DEL,CCU,6E,IndiGo,6E 894,2026-10-09,30,economy,,,14058.0,False,10:15,ok,2026-09-09T02:02:52.933096+05:30,2026-09-09_0202IST,airline_direct,IndiGo
DEL,CCU,6E,IndiGo,6E 897,2026-10-09,30,business,,,22600.0,False,12:45,ok,2026-09-09T02:02:52.933096+05:30,2026-09-09_0202IST,airline_direct,IndiGo
DEL,CCU,6E,IndiGo,6E 897,2026-10-09,30,economy,,,14058.0,False,12:45,ok,2026-09-09T02:02:52.933096+05:30,2026-09-09_0202IST,airline_direct,IndiGo
DEL,CCU,6E,IndiGo,6E 910,2026-10-09,30,business,,,22600.0,False,14:25,ok,2026-09-09T02:02:52.933096+05:30,2026-09-09_0202IST,airline_direct,IndiGo
DEL,CCU,6E,IndiGo,6E 910,2026-10-09,30,economy,,,14058.0,False,14:25,ok,2026-09-09T02:02:52.933096+05:30,2026-09-09_0202IST,airline_direct,IndiGo
DEL,CCU,6E,IndiGo,6E 6415,2026-10-09,30,business,,,22600.0,False,16:00,ok,2026-09-09T02:02:52.933096+05:30,2026-09-09_0202IST,airline_direct,IndiGo
DEL,CCU,6E,IndiGo,6E 6415,2026-10-09,30,economy,,,14058.0,False,16:00,ok,2026-09-09T02:02:52.933096+05:30,2026-09-09_0202IST,airline_direct,IndiGo
DEL,CCU,6E,IndiGo,6E 2276,2026-10-09,30,business,,,22600.0,False,17:55,ok,2026-09-09T02:02:52.933096+05:30,2026-09-09_0202IST,airline_direct,IndiGo
DEL,CCU,6E,IndiGo,6E 2276,2026-10-09,30,economy,,,14058.0,False,17:55,ok,2026-09-09T02:02:52.933096+05:30,2026-09-09_0202IST,airline_direct,IndiGo
DEL,CCU,6E,IndiGo,6E 6517,2026-10-09,30,business,,,22600.0,False,19:30,ok,2026-09-09T02:02:52.933096+05:30,2026-09-09_0202IST,airline_direct,IndiGo
DEL,CCU,6E,IndiGo,6E 6517,2026-10-09,30,economy,,,14058.0,False,19:30,ok,2026-09-09T02:02:52.933096+05:30,2026-09-09_0202IST,airline_direct,IndiGo
DEL,CCU,6E,IndiGo,6E 389,2026-10-09,30,business,,,22600.0,False,21:50,ok,2026-09-09T02:02:52.933096+05:30,2026-09-09_0202IST,airline_direct,IndiGo
DEL,CCU,6E,IndiGo,6E 389,2026-10-09,30,economy,,,14058.0,False,21:50,ok,2026-09-09T02:02:52.933096+05:30,2026-09-09_0202IST,airline_direct,IndiGo
DEL,CCU,6E,IndiGo,6E 247,2026-10-09,30,business,,,22600.0,False,23:30,ok,2026-09-09T02:02:52.933096+05:30,2026-09-09_0202IST,airline_direct,IndiGo
DEL,CCU,6E,IndiGo,6E 247,2026-10-09,30,economy,,,14058.0,False,23:30,ok,2026-09-09T02:02:52.933096+05:30,2026-09-09_0202IST,airline_direct,IndiGo
DEL,CCU,6E,IndiGo,6E 6245,2026-10-09,30,economy,,,7376.0,False,06:20,ok,2026-09-09T02:02:52.933096+05:30,2026-09-09_0202IST,airline_direct,IndiGo
DEL,CCU,6E,IndiGo,6E 2769,2026-10-09,30,economy,,,7376.0,False,08:10,ok,2026-09-09T02:02:52.933096+05:30,2026-09-09_0202IST,airline_direct,IndiGo
DEL,CCU,6E,IndiGo,6E 2373,2026-10-09,30,economy,,,7376.0,False,11:10,ok,2026-09-09T02:02:52.933096+05:30,2026-09-09_0202IST,airline_direct,IndiGo
DEL,CCU,6E,IndiGo,6E 6246,2026-10-09,30,economy,,,7507.0,False,05:25,ok,2026-09-09T02:02:52.933096+05:30,2026-09-09_0202IST,airline_direct,IndiGo
DEL,CCU,6E,IndiGo,6E 5036,2026-10-09,30,economy,,,7507.0,False,08:00,ok,2026-09-09T02:02:52.933096+05:30,2026-09-09_0202IST,airline_direct,IndiGo
DEL,CCU,6E,IndiGo,6E 6312,2026-10-09,30,economy,,,7507.0,False,14:25,ok,2026-09-09T02:02:52.933096+05:30,2026-09-09_0202IST,airline_direct,IndiGo
DEL,CCU,6E,IndiGo,6E 2361,2026-10-09,30,economy,,,7507.0,False,14:35,ok,2026-09-09T02:02:52.933096+05:30,2026-09-09_0202IST,airline_direct,IndiGo
DEL,CCU,6E,IndiGo,6E 6190,2026-10-09,30,economy,,,7586.0,False,07:40,ok,2026-09-09T02:02:52.933096+05:30,2026-09-09_0202IST,airline_direct,IndiGo
DEL,CCU,6E,IndiGo,6E 6190,2026-10-09,30,economy,,,7586.0,False,07:40,ok,2026-09-09T02:02:52.933096+05:30,2026-09-09_0202IST,airline_direct,IndiGo
DEL,CCU,6E,IndiGo,6E 5298,2026-10-09,30,economy,,,7586.0,False,09:00,ok,2026-09-09T02:02:52.933096+05:30,2026-09-09_0202IST,airline_direct,IndiGo
DEL,CCU,6E,IndiGo,6E 2259,2026-10-09,30,economy,,,7586.0,False,12:20,ok,2026-09-09T02:02:52.933096+05:30,2026-09-09_0202IST,airline_direct,IndiGo
DEL,CCU,6E,IndiGo,6E 2614,2026-10-09,30,economy,,,7586.0,False,14:40,ok,2026-09-09T02:02:52.933096+05:30,2026-09-09_0202IST,airline_direct,IndiGo
DEL,CCU,6E,IndiGo,6E 2614,2026-10-09,30,economy,,,7586.0,False,14:40,ok,2026-09-09T02:02:52.933096+05:30,2026-09-09_0202IST,airline_direct,IndiGo
DEL,CCU,6E,IndiGo,6E 5033,2026-10-09,30,economy,,,7586.0,False,15:50,ok,2026-09-09T02:02:52.933096+05:30,2026-09-09_0202IST,airline_direct,IndiGo
DEL,CCU,6E,IndiGo,6E 5041,2026-10-09,30,economy,,,7691.0,False,15:10,ok,2026-09-09T02:02:52.933096+05:30,2026-09-09_0202IST,airline_direct,IndiGo
DEL,CCU,6E,IndiGo,6E 6503,2026-10-09,30,economy,,,7901.0,False,13:25,ok,2026-09-09T02:02:52.933096+05:30,2026-09-09_0202IST,airline_direct,IndiGo
DEL,CCU,6E,IndiGo,6E 6503,2026-10-09,30,economy,,,7901.0,False,13:25,ok,2026-09-09T02:02:52.933096+05:30,2026-09-09_0202IST,airline_direct,IndiGo
DEL,CCU,6E,IndiGo,6E 2331,2026-10-09,30,economy,,,7927.0,False,12:20,ok,2026-09-09T02:02:52.933096+05:30,2026-09-09_0202IST,airline_direct,IndiGo
DEL,CCU,6E,IndiGo,6E 5073,2026-10-09,30,economy,,,7927.0,False,17:05,ok,2026-09-09T02:02:52.933096+05:30,2026-09-09_0202IST,airline_direct,IndiGo
DEL,CCU,6E,IndiGo,6E 2453,2026-10-09,30,economy,,,7984.0,False,13:35,ok,2026-09-09T02:02:52.933096+05:30,2026-09-09_0202IST,airline_direct,IndiGo
DEL,CCU,6E,IndiGo,6E 6236,2026-10-09,30,economy,,,7984.0,False,16:20,ok,2026-09-09T02:02:52.933096+05:30,2026-09-09_0202IST,airline_direct,IndiGo
DEL,CCU,6E,IndiGo,6E 6053,2026-10-09,30,economy,,,8194.0,False,13:05,ok,2026-09-09T02:02:52.933096+05:30,2026-09-09_0202IST,airline_direct,IndiGo
DEL,CCU,6E,IndiGo,6E 5215,2026-10-09,30,economy,,,8299.0,False,07:40,ok,2026-09-09T02:02:52.933096+05:30,2026-09-09_0202IST,airline_direct,IndiGo
DEL,CCU,6E,IndiGo,6E 2316,2026-10-09,30,economy,,,8299.0,False,17:30,ok,2026-09-09T02:02:52.933096+05:30,2026-09-09_0202IST,airline_direct,IndiGo
DEL,CCU,6E,IndiGo,6E 6829,2026-10-09,30,economy,,,8325.0,False,17:20,ok,2026-09-09T02:02:52.933096+05:30,2026-09-09_0202IST,airline_direct,IndiGo
DEL,CCU,6E,IndiGo,6E 5119,2026-10-09,30,economy,,,8535.0,False,05:10,ok,2026-09-09T02:02:52.933096+05:30,2026-09-09_0202IST,airline_direct,IndiGo
DEL,CCU,6E,IndiGo,6E 6371,2026-10-09,30,economy,,,8640.0,False,06:20,ok,2026-09-09T02:02:52.933096+05:30,2026-09-09_0202IST,airline_direct,IndiGo
DEL,CCU,6E,IndiGo,6E 6551,2026-10-09,30,economy,,,8640.0,False,12:00,ok,2026-09-09T02:02:52.933096+05:30,2026-09-09_0202IST,airline_direct,IndiGo
DEL,CCU,6E,IndiGo,6E 6459,2026-10-09,30,economy,,,9518.0,False,05:55,ok,2026-09-09T02:02:52.933096+05:30,2026-09-09_0202IST,airline_direct,IndiGo
DEL,CCU,6E,IndiGo,6E 6124,2026-10-09,30,economy,,,9702.0,False,07:30,ok,2026-09-09T02:02:52.933096+05:30,2026-09-09_0202IST,airline_direct,IndiGo
DEL,CCU,6E,IndiGo,6E 5307,2026-10-09,30,economy,,,9702.0,False,10:50,ok,2026-09-09T02:02:52.933096+05:30,2026-09-09_0202IST,airline_direct,IndiGo
DEL,CCU,6E,IndiGo,6E 5307,2026-10-09,30,economy,,,9702.0,False,10:50,ok,2026-09-09T02:02:52.933096+05:30,2026-09-09_0202IST,airline_direct,IndiGo
DEL,CCU,6E,IndiGo,6E 5041,2026-10-09,30,economy,,,9702.0,False,15:10,ok,2026-09-09T02:02:52.933096+05:30,2026-09-09_0202IST,airline_direct,IndiGo
DEL,CCU,6E,IndiGo,6E 2453,2026-10-09,30,economy,,,10194.0,False,13:35,ok,2026-09-09T02:02:52.933096+05:30,2026-09-09_0202IST,airline_direct,IndiGo
DEL,CCU,6E,IndiGo,6E 5038,2026-10-09,30,economy,,,11291.0,False,14:00,ok,2026-09-09T02:02:52.933096+05:30,2026-09-09_0202IST,airline_direct,IndiGo
DEL,CCU,6E,IndiGo,6E 734,2026-10-09,30,economy,,,12189.0,False,16:20,ok,2026-09-09T02:02:52.933096+05:30,2026-09-09_0202IST,airline_direct,IndiGo
DEL,CCU,6E,IndiGo,6E 6073,2026-10-09,30,economy,,,13581.0,False,05:00,ok,2026-09-09T02:02:52.933096+05:30,2026-09-09_0202IST,airline_direct,IndiGo
DEL,CCU,6E,IndiGo,6E 2296,2026-10-09,30,economy,,,15051.0,False,09:20,ok,2026-09-09T02:02:52.933096+05:30,2026-09-09_0202IST,airline_direct,IndiGo
DEL,CCU,6E,IndiGo,6E 704,2026-10-09,30,business,,,29617.0,False,02:25,ok,2026-09-09T02:02:52.933096+05:30,2026-09-09_0202IST,airline_direct,IndiGo
DEL,CCU,6E,IndiGo,6E 704,2026-10-09,30,economy,,,16020.0,False,02:25,ok,2026-09-09T02:02:52.933096+05:30,2026-09-09_0202IST,airline_direct,IndiGo
DEL,CCU,6E,IndiGo,6E 704,2026-10-09,30,business,,,29971.0,False,02:25,ok,2026-09-09T02:02:52.933096+05:30,2026-09-09_0202IST,airline_direct,IndiGo
DEL,CCU,6E,IndiGo,6E 704,2026-10-09,30,economy,,,16335.0,False,02:25,ok,2026-09-09T02:02:52.933096+05:30,2026-09-09_0202IST,airline_direct,IndiGo
DEL,CCU,6E,IndiGo,6E 705,2026-10-09,30,business,,,29971.0,False,08:30,ok,2026-09-09T02:02:52.933096+05:30,2026-09-09_0202IST,airline_direct,IndiGo
DEL,CCU,6E,IndiGo,6E 705,2026-10-09,30,economy,,,16335.0,False,08:30,ok,2026-09-09T02:02:52.933096+05:30,2026-09-09_0202IST,airline_direct,IndiGo
DEL,CCU,6E,IndiGo,6E 203,2026-10-09,30,business,,,30797.0,False,07:10,ok,2026-09-09T02:02:52.933096+05:30,2026-09-09_0202IST,airline_direct,IndiGo
DEL,CCU,6E,IndiGo,6E 203,2026-10-09,30,economy,,,17070.0,False,07:10,ok,2026-09-09T02:02:52.933096+05:30,2026-09-09_0202IST,airline_direct,IndiGo
DEL,CCU,6E,IndiGo,6E 705,2026-10-09,30,business,,,30797.0,False,08:30,ok,2026-09-09T02:02:52.933096+05:30,2026-09-09_0202IST,airline_direct,IndiGo
DEL,CCU,6E,IndiGo,6E 705,2026-10-09,30,economy,,,17070.0,False,08:30,ok,2026-09-09T02:02:52.933096+05:30,2026-09-09_0202IST,airline_direct,IndiGo
DEL,CCU,6E,IndiGo,6E 6282,2026-10-09,30,business,,,31623.0,False,13:30,ok,2026-09-09T02:02:52.933096+05:30,2026-09-09_0202IST,airline_direct,IndiGo
DEL,CCU,6E,IndiGo,6E 6282,2026-10-09,30,economy,,,17179.0,False,13:30,ok,2026-09-09T02:02:52.933096+05:30,2026-09-09_0202IST,airline_direct,IndiGo
DEL,CCU,6E,IndiGo,6E 717,2026-10-09,30,business,,,31387.0,False,17:55,ok,2026-09-09T02:02:52.933096+05:30,2026-09-09_0202IST,airline_direct,IndiGo
DEL,CCU,6E,IndiGo,6E 717,2026-10-09,30,economy,,,17284.0,False,17:55,ok,2026-09-09T02:02:52.933096+05:30,2026-09-09_0202IST,airline_direct,IndiGo
DEL,CCU,6E,IndiGo,6E 6217,2026-10-09,30,business,,,32095.0,False,16:15,ok,2026-09-09T02:02:52.933096+05:30,2026-09-09_0202IST,airline_direct,IndiGo
DEL,CCU,6E,IndiGo,6E 6217,2026-10-09,30,economy,,,17914.0,False,16:15,ok,2026-09-09T02:02:52.933096+05:30,2026-09-09_0202IST,airline_direct,IndiGo
DEL,CCU,6E,IndiGo,6E 717,2026-10-09,30,business,,,32095.0,False,17:55,ok,2026-09-09T02:02:52.933096+05:30,2026-09-09_0202IST,airline_direct,IndiGo
DEL,CCU,6E,IndiGo,6E 717,2026-10-09,30,economy,,,17914.0,False,17:55,ok,2026-09-09T02:02:52.933096+05:30,2026-09-09_0202IST,airline_direct,IndiGo
DEL,CCU,6E,IndiGo,6E 6293,2026-10-09,30,business,,,29971.0,False,09:55,ok,2026-09-09T02:02:52.933096+05:30,2026-09-09_0202IST,airline_direct,IndiGo
DEL,CCU,6E,IndiGo,6E 6293,2026-10-09,30,economy,,,20261.0,False,09:55,ok,2026-09-09T02:02:52.933096+05:30,2026-09-09_0202IST,airline_direct,IndiGo
BLR,HYD,6E,IndiGo,6E 6067,2026-10-09,30,economy,,,5318.0,False,16:30,ok,2026-09-09T02:03:50.532484+05:30,2026-09-09_0203IST,airline_direct,IndiGo
BLR,HYD,6E,IndiGo,6E 6784,2026-10-09,30,economy,,,5318.0,False,21:25,ok,2026-09-09T02:03:50.532484+05:30,2026-09-09_0203IST,airline_direct,IndiGo
BLR,HYD,6E,IndiGo,6E 638,2026-10-09,30,economy,,,5756.0,False,18:35,ok,2026-09-09T02:03:50.532484+05:30,2026-09-09_0203IST,airline_direct,IndiGo
BLR,HYD,6E,IndiGo,6E 855,2026-10-09,30,economy,,,6239.0,False,19:45,ok,2026-09-09T02:03:50.532484+05:30,2026-09-09_0203IST,airline_direct,IndiGo
BLR,HYD,6E,IndiGo,6E 484,2026-10-09,30,economy,,,7361.0,False,08:15,ok,2026-09-09T02:03:50.532484+05:30,2026-09-09_0203IST,airline_direct,IndiGo
BLR,HYD,6E,IndiGo,6E 6178,2026-10-09,30,economy,,,8727.0,False,06:10,ok,2026-09-09T02:03:50.532484+05:30,2026-09-09_0203IST,airline_direct,IndiGo
BLR,HYD,6E,IndiGo,6E 312,2026-10-09,30,economy,,,14882.0,False,09:15,ok,2026-09-09T02:03:50.532484+05:30,2026-09-09_0203IST,airline_direct,IndiGo
BLR,HYD,6E,IndiGo,6E 6404,2026-10-09,30,economy,,,14882.0,False,11:35,ok,2026-09-09T02:03:50.532484+05:30,2026-09-09_0203IST,airline_direct,IndiGo
BLR,HYD,6E,IndiGo,6E 537,2026-10-09,30,economy,,,16310.0,False,10:15,ok,2026-09-09T02:03:50.532484+05:30,2026-09-09_0203IST,airline_direct,IndiGo
BLR,HYD,6E,IndiGo,6E 7227,2026-10-09,30,economy,,,5331.0,False,06:25,ok,2026-09-09T02:03:50.532484+05:30,2026-09-09_0203IST,airline_direct,IndiGo
BLR,HYD,6E,IndiGo,6E 7737,2026-10-09,30,economy,,,5331.0,False,10:50,ok,2026-09-09T02:03:50.532484+05:30,2026-09-09_0203IST,airline_direct,IndiGo
BLR,HYD,6E,IndiGo,6E 7737,2026-10-09,30,economy,,,5331.0,False,10:50,ok,2026-09-09T02:03:50.532484+05:30,2026-09-09_0203IST,airline_direct,IndiGo
BLR,HYD,6E,IndiGo,6E 6563,2026-10-09,30,economy,,,5463.0,False,01:05,ok,2026-09-09T02:03:50.532484+05:30,2026-09-09_0203IST,airline_direct,IndiGo
BLR,HYD,6E,IndiGo,6E 6876,2026-10-09,30,economy,,,5463.0,False,02:40,ok,2026-09-09T02:03:50.532484+05:30,2026-09-09_0203IST,airline_direct,IndiGo
BLR,HYD,6E,IndiGo,6E 7204,2026-10-09,30,economy,,,5463.0,False,06:50,ok,2026-09-09T02:03:50.532484+05:30,2026-09-09_0203IST,airline_direct,IndiGo
BLR,HYD,6E,IndiGo,6E 7204,2026-10-09,30,economy,,,5463.0,False,06:50,ok,2026-09-09T02:03:50.532484+05:30,2026-09-09_0203IST,airline_direct,IndiGo
BLR,HYD,6E,IndiGo,6E 857,2026-10-09,30,economy,,,5463.0,False,07:05,ok,2026-09-09T02:03:50.532484+05:30,2026-09-09_0203IST,airline_direct,IndiGo
BLR,HYD,6E,IndiGo,6E 857,2026-10-09,30,economy,,,5463.0,False,07:05,ok,2026-09-09T02:03:50.532484+05:30,2026-09-09_0203IST,airline_direct,IndiGo
BLR,HYD,6E,IndiGo,6E 763,2026-10-09,30,economy,,,5463.0,False,07:10,ok,2026-09-09T02:03:50.532484+05:30,2026-09-09_0203IST,airline_direct,IndiGo
BLR,HYD,6E,IndiGo,6E 763,2026-10-09,30,economy,,,5463.0,False,07:10,ok,2026-09-09T02:03:50.532484+05:30,2026-09-09_0203IST,airline_direct,IndiGo
BLR,HYD,6E,IndiGo,6E 763,2026-10-09,30,economy,,,5463.0,False,07:10,ok,2026-09-09T02:03:50.532484+05:30,2026-09-09_0203IST,airline_direct,IndiGo
BLR,HYD,6E,IndiGo,6E 7005,2026-10-09,30,economy,,,5463.0,False,08:05,ok,2026-09-09T02:03:50.532484+05:30,2026-09-09_0203IST,airline_direct,IndiGo
BLR,HYD,6E,IndiGo,6E 7005,2026-10-09,30,economy,,,5463.0,False,08:05,ok,2026-09-09T02:03:50.532484+05:30,2026-09-09_0203IST,airline_direct,IndiGo
BLR,HYD,6E,IndiGo,6E 6445,2026-10-09,30,economy,,,5463.0,False,10:25,ok,2026-09-09T02:03:50.532484+05:30,2026-09-09_0203IST,airline_direct,IndiGo
BLR,HYD,6E,IndiGo,6E 6445,2026-10-09,30,economy,,,5463.0,False,10:25,ok,2026-09-09T02:03:50.532484+05:30,2026-09-09_0203IST,airline_direct,IndiGo
BLR,HYD,6E,IndiGo,6E 6653,2026-10-09,30,economy,,,5463.0,False,12:35,ok,2026-09-09T02:03:50.532484+05:30,2026-09-09_0203IST,airline_direct,IndiGo
BLR,HYD,6E,IndiGo,6E 703,2026-10-09,30,economy,,,5463.0,False,12:55,ok,2026-09-09T02:03:50.532484+05:30,2026-09-09_0203IST,airline_direct,IndiGo
BLR,HYD,6E,IndiGo,6E 6542,2026-10-09,30,economy,,,5463.0,False,13:10,ok,2026-09-09T02:03:50.532484+05:30,2026-09-09_0203IST,airline_direct,IndiGo
BLR,HYD,6E,IndiGo,6E 6753,2026-10-09,30,economy,,,5463.0,False,15:15,ok,2026-09-09T02:03:50.532484+05:30,2026-09-09_0203IST,airline_direct,IndiGo
BLR,HYD,6E,IndiGo,6E 6753,2026-10-09,30,economy,,,5463.0,False,15:15,ok,2026-09-09T02:03:50.532484+05:30,2026-09-09_0203IST,airline_direct,IndiGo
BLR,HYD,6E,IndiGo,6E 7223,2026-10-09,30,economy,,,5463.0,False,15:30,ok,2026-09-09T02:03:50.532484+05:30,2026-09-09_0203IST,airline_direct,IndiGo
BLR,HYD,6E,IndiGo,6E 6168,2026-10-09,30,economy,,,5463.0,False,17:40,ok,2026-09-09T02:03:50.532484+05:30,2026-09-09_0203IST,airline_direct,IndiGo
BLR,HYD,6E,IndiGo,6E 6168,2026-10-09,30,economy,,,5463.0,False,17:40,ok,2026-09-09T02:03:50.532484+05:30,2026-09-09_0203IST,airline_direct,IndiGo
BLR,HYD,6E,IndiGo,6E 105,2026-10-09,30,economy,,,5463.0,False,18:50,ok,2026-09-09T02:03:50.532484+05:30,2026-09-09_0203IST,airline_direct,IndiGo
BLR,HYD,6E,IndiGo,6E 105,2026-10-09,30,economy,,,5463.0,False,18:50,ok,2026-09-09T02:03:50.532484+05:30,2026-09-09_0203IST,airline_direct,IndiGo
BLR,HYD,6E,IndiGo,6E 6554,2026-10-09,30,economy,,,5463.0,False,19:15,ok,2026-09-09T02:03:50.532484+05:30,2026-09-09_0203IST,airline_direct,IndiGo
BLR,HYD,6E,IndiGo,6E 528,2026-10-09,30,economy,,,5463.0,False,21:40,ok,2026-09-09T02:03:50.532484+05:30,2026-09-09_0203IST,airline_direct,IndiGo
BLR,HYD,6E,IndiGo,6E 116,2026-10-09,30,economy,,,5463.0,False,23:05,ok,2026-09-09T02:03:50.532484+05:30,2026-09-09_0203IST,airline_direct,IndiGo
BLR,HYD,6E,IndiGo,6E 116,2026-10-09,30,economy,,,5463.0,False,23:05,ok,2026-09-09T02:03:50.532484+05:30,2026-09-09_0203IST,airline_direct,IndiGo
BLR,HYD,6E,IndiGo,6E 6653,2026-10-09,30,economy,,,5793.0,False,12:35,ok,2026-09-09T02:03:50.532484+05:30,2026-09-09_0203IST,airline_direct,IndiGo
BLR,HYD,6E,IndiGo,6E 356,2026-10-09,30,economy,,,5793.0,False,17:15,ok,2026-09-09T02:03:50.532484+05:30,2026-09-09_0203IST,airline_direct,IndiGo
BLR,HYD,6E,IndiGo,6E 356,2026-10-09,30,economy,,,5793.0,False,17:15,ok,2026-09-09T02:03:50.532484+05:30,2026-09-09_0203IST,airline_direct,IndiGo
BLR,HYD,6E,IndiGo,6E 6162,2026-10-09,30,economy,,,5793.0,False,18:50,ok,2026-09-09T02:03:50.532484+05:30,2026-09-09_0203IST,airline_direct,IndiGo
BLR,HYD,6E,IndiGo,6E 574,2026-10-09,30,economy,,,5925.0,False,11:05,ok,2026-09-09T02:03:50.532484+05:30,2026-09-09_0203IST,airline_direct,IndiGo
BLR,HYD,6E,IndiGo,6E 6336,2026-10-09,30,economy,,,5925.0,False,12:40,ok,2026-09-09T02:03:50.532484+05:30,2026-09-09_0203IST,airline_direct,IndiGo
BLR,HYD,6E,IndiGo,6E 6583,2026-10-09,30,economy,,,6284.0,False,10:40,ok,2026-09-09T02:03:50.532484+05:30,2026-09-09_0203IST,airline_direct,IndiGo
BLR,HYD,6E,IndiGo,6E 6336,2026-10-09,30,economy,,,6284.0,False,12:40,ok,2026-09-09T02:03:50.532484+05:30,2026-09-09_0203IST,airline_direct,IndiGo
BLR,HYD,6E,IndiGo,6E 6269,2026-10-09,30,economy,,,6543.0,False,07:15,ok,2026-09-09T02:03:50.532484+05:30,2026-09-09_0203IST,airline_direct,IndiGo
BLR,HYD,6E,IndiGo,6E 6269,2026-10-09,30,economy,,,6543.0,False,07:15,ok,2026-09-09T02:03:50.532484+05:30,2026-09-09_0203IST,airline_direct,IndiGo
BLR,HYD,6E,IndiGo,6E 904,2026-10-09,30,economy,,,6543.0,False,10:45,ok,2026-09-09T02:03:50.532484+05:30,2026-09-09_0203IST,airline_direct,IndiGo
BLR,HYD,6E,IndiGo,6E 6208,2026-10-09,30,economy,,,6543.0,False,12:45,ok,2026-09-09T02:03:50.532484+05:30,2026-09-09_0203IST,airline_direct,IndiGo
BLR,HYD,6E,IndiGo,6E 6208,2026-10-09,30,economy,,,6543.0,False,12:45,ok,2026-09-09T02:03:50.532484+05:30,2026-09-09_0203IST,airline_direct,IndiGo
BLR,HYD,6E,IndiGo,6E 6017,2026-10-09,30,economy,,,6543.0,False,18:15,ok,2026-09-09T02:03:50.532484+05:30,2026-09-09_0203IST,airline_direct,IndiGo
BLR,HYD,6E,IndiGo,6E 7737,2026-10-09,30,economy,,,6838.0,False,10:50,ok,2026-09-09T02:03:50.532484+05:30,2026-09-09_0203IST,airline_direct,IndiGo
BLR,HYD,6E,IndiGo,6E 6003,2026-10-09,30,economy,,,7432.0,False,15:35,ok,2026-09-09T02:03:50.532484+05:30,2026-09-09_0203IST,airline_direct,IndiGo
BLR,HYD,6E,IndiGo,6E 109,2026-10-09,30,economy,,,7432.0,False,17:00,ok,2026-09-09T02:03:50.532484+05:30,2026-09-09_0203IST,airline_direct,IndiGo
BLR,HYD,6E,IndiGo,6E 441,2026-10-09,30,economy,,,7432.0,False,20:40,ok,2026-09-09T02:03:50.532484+05:30,2026-09-09_0203IST,airline_direct,IndiGo
BLR,HYD,6E,IndiGo,6E 7285,2026-10-09,30,economy,,,9417.0,False,06:50,ok,2026-09-09T02:03:50.532484+05:30,2026-09-09_0203IST,airline_direct,IndiGo
BLR,HYD,6E,IndiGo,6E 6104,2026-10-09,30,economy,,,11204.0,False,11:40,ok,2026-09-09T02:03:50.532484+05:30,2026-09-09_0203IST,airline_direct,IndiGo
MAA,DEL,6E,IndiGo,6E 953,2026-10-09,30,business,,,24700.0,False,02:45,ok,2026-09-09T02:04:58.173283+05:30,2026-09-09_0204IST,airline_direct,IndiGo
MAA,DEL,6E,IndiGo,6E 953,2026-10-09,30,economy,,,9830.0,False,02:45,ok,2026-09-09T02:04:58.173283+05:30,2026-09-09_0204IST,airline_direct,IndiGo
MAA,DEL,6E,IndiGo,6E 404,2026-10-09,30,business,,,24700.0,False,09:15,ok,2026-09-09T02:04:58.173283+05:30,2026-09-09_0204IST,airline_direct,IndiGo
MAA,DEL,6E,IndiGo,6E 404,2026-10-09,30,economy,,,9830.0,False,09:15,ok,2026-09-09T02:04:58.173283+05:30,2026-09-09_0204IST,airline_direct,IndiGo
MAA,DEL,6E,IndiGo,6E 6002,2026-10-09,30,business,,,24700.0,False,11:10,ok,2026-09-09T02:04:58.173283+05:30,2026-09-09_0204IST,airline_direct,IndiGo
MAA,DEL,6E,IndiGo,6E 6002,2026-10-09,30,economy,,,9830.0,False,11:10,ok,2026-09-09T02:04:58.173283+05:30,2026-09-09_0204IST,airline_direct,IndiGo
MAA,DEL,6E,IndiGo,6E 939,2026-10-09,30,business,,,24700.0,False,13:00,ok,2026-09-09T02:04:58.173283+05:30,2026-09-09_0204IST,airline_direct,IndiGo
MAA,DEL,6E,IndiGo,6E 939,2026-10-09,30,economy,,,9830.0,False,13:00,ok,2026-09-09T02:04:58.173283+05:30,2026-09-09_0204IST,airline_direct,IndiGo
MAA,DEL,6E,IndiGo,6E 948,2026-10-09,30,business,,,24700.0,False,14:30,ok,2026-09-09T02:04:58.173283+05:30,2026-09-09_0204IST,airline_direct,IndiGo
MAA,DEL,6E,IndiGo,6E 948,2026-10-09,30,economy,,,9830.0,False,14:30,ok,2026-09-09T02:04:58.173283+05:30,2026-09-09_0204IST,airline_direct,IndiGo
MAA,DEL,6E,IndiGo,6E 951,2026-10-09,30,business,,,24700.0,False,21:50,ok,2026-09-09T02:04:58.173283+05:30,2026-09-09_0204IST,airline_direct,IndiGo
MAA,DEL,6E,IndiGo,6E 951,2026-10-09,30,economy,,,9830.0,False,21:50,ok,2026-09-09T02:04:58.173283+05:30,2026-09-09_0204IST,airline_direct,IndiGo
MAA,DEL,6E,IndiGo,6E 2369,2026-10-09,30,business,,,24700.0,False,23:45,ok,2026-09-09T02:04:58.173283+05:30,2026-09-09_0204IST,airline_direct,IndiGo
MAA,DEL,6E,IndiGo,6E 2369,2026-10-09,30,economy,,,9830.0,False,23:45,ok,2026-09-09T02:04:58.173283+05:30,2026-09-09_0204IST,airline_direct,IndiGo
MAA,DEL,6E,IndiGo,6E 613,2026-10-09,30,business,,,24700.0,False,19:00,ok,2026-09-09T02:04:58.173283+05:30,2026-09-09_0204IST,airline_direct,IndiGo
MAA,DEL,6E,IndiGo,6E 613,2026-10-09,30,economy,,,10295.0,False,19:00,ok,2026-09-09T02:04:58.173283+05:30,2026-09-09_0204IST,airline_direct,IndiGo
MAA,DEL,6E,IndiGo,6E 937,2026-10-09,30,business,,,24700.0,False,06:30,ok,2026-09-09T02:04:58.173283+05:30,2026-09-09_0204IST,airline_direct,IndiGo
MAA,DEL,6E,IndiGo,6E 937,2026-10-09,30,economy,,,10785.0,False,06:30,ok,2026-09-09T02:04:58.173283+05:30,2026-09-09_0204IST,airline_direct,IndiGo
MAA,DEL,6E,IndiGo,6E 698,2026-10-09,30,business,,,24700.0,False,16:45,ok,2026-09-09T02:04:58.173283+05:30,2026-09-09_0204IST,airline_direct,IndiGo
MAA,DEL,6E,IndiGo,6E 698,2026-10-09,30,economy,,,10785.0,False,16:45,ok,2026-09-09T02:04:58.173283+05:30,2026-09-09_0204IST,airline_direct,IndiGo
MAA,DEL,6E,IndiGo,6E 6797,2026-10-09,30,economy,,,9568.0,False,13:10,ok,2026-09-09T02:04:58.173283+05:30,2026-09-09_0204IST,airline_direct,IndiGo
MAA,DEL,6E,IndiGo,6E 253,2026-10-09,30,business,,,28061.0,False,03:10,ok,2026-09-09T02:04:58.173283+05:30,2026-09-09_0204IST,airline_direct,IndiGo
MAA,DEL,6E,IndiGo,6E 253,2026-10-09,30,economy,,,9778.0,False,03:10,ok,2026-09-09T02:04:58.173283+05:30,2026-09-09_0204IST,airline_direct,IndiGo
MAA,DEL,6E,IndiGo,6E 244,2026-10-09,30,economy,,,9778.0,False,03:55,ok,2026-09-09T02:04:58.173283+05:30,2026-09-09_0204IST,airline_direct,IndiGo
MAA,DEL,6E,IndiGo,6E 607,2026-10-09,30,business,,,28061.0,False,05:40,ok,2026-09-09T02:04:58.173283+05:30,2026-09-09_0204IST,airline_direct,IndiGo
MAA,DEL,6E,IndiGo,6E 607,2026-10-09,30,economy,,,9778.0,False,05:40,ok,2026-09-09T02:04:58.173283+05:30,2026-09-09_0204IST,airline_direct,IndiGo
MAA,DEL,6E,IndiGo,6E 495,2026-10-09,30,business,,,26917.0,False,07:10,ok,2026-09-09T02:04:58.173283+05:30,2026-09-09_0204IST,airline_direct,IndiGo
MAA,DEL,6E,IndiGo,6E 495,2026-10-09,30,economy,,,9778.0,False,07:10,ok,2026-09-09T02:04:58.173283+05:30,2026-09-09_0204IST,airline_direct,IndiGo
MAA,DEL,6E,IndiGo,6E 495,2026-10-09,30,business,,,26917.0,False,07:10,ok,2026-09-09T02:04:58.173283+05:30,2026-09-09_0204IST,airline_direct,IndiGo
MAA,DEL,6E,IndiGo,6E 495,2026-10-09,30,economy,,,9778.0,False,07:10,ok,2026-09-09T02:04:58.173283+05:30,2026-09-09_0204IST,airline_direct,IndiGo
MAA,DEL,6E,IndiGo,6E 401,2026-10-09,30,economy,,,9778.0,False,08:10,ok,2026-09-09T02:04:58.173283+05:30,2026-09-09_0204IST,airline_direct,IndiGo
MAA,DEL,6E,IndiGo,6E 372,2026-10-09,30,business,,,26398.0,False,09:55,ok,2026-09-09T02:04:58.173283+05:30,2026-09-09_0204IST,airline_direct,IndiGo
MAA,DEL,6E,IndiGo,6E 372,2026-10-09,30,economy,,,9778.0,False,09:55,ok,2026-09-09T02:04:58.173283+05:30,2026-09-09_0204IST,airline_direct,IndiGo
MAA,DEL,6E,IndiGo,6E 6079,2026-10-09,30,economy,,,9778.0,False,10:15,ok,2026-09-09T02:04:58.173283+05:30,2026-09-09_0204IST,airline_direct,IndiGo
MAA,DEL,6E,IndiGo,6E 502,2026-10-09,30,business,,,32936.0,False,11:10,ok,2026-09-09T02:04:58.173283+05:30,2026-09-09_0204IST,airline_direct,IndiGo
MAA,DEL,6E,IndiGo,6E 502,2026-10-09,30,economy,,,9778.0,False,11:10,ok,2026-09-09T02:04:58.173283+05:30,2026-09-09_0204IST,airline_direct,IndiGo
MAA,DEL,6E,IndiGo,6E 6925,2026-10-09,30,business,,,26917.0,False,12:00,ok,2026-09-09T02:04:58.173283+05:30,2026-09-09_0204IST,airline_direct,IndiGo
MAA,DEL,6E,IndiGo,6E 6925,2026-10-09,30,economy,,,9778.0,False,12:00,ok,2026-09-09T02:04:58.173283+05:30,2026-09-09_0204IST,airline_direct,IndiGo
MAA,DEL,6E,IndiGo,6E 183,2026-10-09,30,business,,,28887.0,False,16:35,ok,2026-09-09T02:04:58.173283+05:30,2026-09-09_0204IST,airline_direct,IndiGo
MAA,DEL,6E,IndiGo,6E 183,2026-10-09,30,economy,,,9778.0,False,16:35,ok,2026-09-09T02:04:58.173283+05:30,2026-09-09_0204IST,airline_direct,IndiGo
MAA,DEL,6E,IndiGo,6E 848,2026-10-09,30,economy,,,9778.0,False,17:50,ok,2026-09-09T02:04:58.173283+05:30,2026-09-09_0204IST,airline_direct,IndiGo
MAA,DEL,6E,IndiGo,6E 561,2026-10-09,30,business,,,28769.0,False,22:20,ok,2026-09-09T02:04:58.173283+05:30,2026-09-09_0204IST,airline_direct,IndiGo
MAA,DEL,6E,IndiGo,6E 561,2026-10-09,30,economy,,,9778.0,False,22:20,ok,2026-09-09T02:04:58.173283+05:30,2026-09-09_0204IST,airline_direct,IndiGo
MAA,DEL,6E,IndiGo,6E 6081,2026-10-09,30,business,,,29704.0,False,07:05,ok,2026-09-09T02:04:58.173283+05:30,2026-09-09_0204IST,airline_direct,IndiGo
MAA,DEL,6E,IndiGo,6E 6081,2026-10-09,30,economy,,,9857.0,False,07:05,ok,2026-09-09T02:04:58.173283+05:30,2026-09-09_0204IST,airline_direct,IndiGo
MAA,DEL,6E,IndiGo,6E 6081,2026-10-09,30,business,,,29704.0,False,07:05,ok,2026-09-09T02:04:58.173283+05:30,2026-09-09_0204IST,airline_direct,IndiGo
MAA,DEL,6E,IndiGo,6E 6081,2026-10-09,30,economy,,,9857.0,False,07:05,ok,2026-09-09T02:04:58.173283+05:30,2026-09-09_0204IST,airline_direct,IndiGo
MAA,DEL,6E,IndiGo,6E 6815,2026-10-09,30,business,,,29704.0,False,08:55,ok,2026-09-09T02:04:58.173283+05:30,2026-09-09_0204IST,airline_direct,IndiGo
MAA,DEL,6E,IndiGo,6E 6815,2026-10-09,30,economy,,,9857.0,False,08:55,ok,2026-09-09T02:04:58.173283+05:30,2026-09-09_0204IST,airline_direct,IndiGo
MAA,DEL,6E,IndiGo,6E 6892,2026-10-09,30,business,,,29704.0,False,10:55,ok,2026-09-09T02:04:58.173283+05:30,2026-09-09_0204IST,airline_direct,IndiGo
MAA,DEL,6E,IndiGo,6E 6892,2026-10-09,30,economy,,,9857.0,False,10:55,ok,2026-09-09T02:04:58.173283+05:30,2026-09-09_0204IST,airline_direct,IndiGo
MAA,DEL,6E,IndiGo,6E 6892,2026-10-09,30,business,,,29704.0,False,10:55,ok,2026-09-09T02:04:58.173283+05:30,2026-09-09_0204IST,airline_direct,IndiGo
MAA,DEL,6E,IndiGo,6E 6892,2026-10-09,30,economy,,,9857.0,False,10:55,ok,2026-09-09T02:04:58.173283+05:30,2026-09-09_0204IST,airline_direct,IndiGo
MAA,DEL,6E,IndiGo,6E 6209,2026-10-09,30,business,,,29704.0,False,14:35,ok,2026-09-09T02:04:58.173283+05:30,2026-09-09_0204IST,airline_direct,IndiGo
MAA,DEL,6E,IndiGo,6E 6209,2026-10-09,30,economy,,,9857.0,False,14:35,ok,2026-09-09T02:04:58.173283+05:30,2026-09-09_0204IST,airline_direct,IndiGo
MAA,DEL,6E,IndiGo,6E 6812,2026-10-09,30,economy,,,9857.0,False,20:00,ok,2026-09-09T02:04:58.173283+05:30,2026-09-09_0204IST,airline_direct,IndiGo
MAA,DEL,6E,IndiGo,6E 6140,2026-10-09,30,business,,,29944.0,False,02:30,ok,2026-09-09T02:04:58.173283+05:30,2026-09-09_0204IST,airline_direct,IndiGo
MAA,DEL,6E,IndiGo,6E 6140,2026-10-09,30,economy,,,9988.0,False,02:30,ok,2026-09-09T02:04:58.173283+05:30,2026-09-09_0204IST,airline_direct,IndiGo
MAA,DEL,6E,IndiGo,6E 6140,2026-10-09,30,business,,,29944.0,False,02:30,ok,2026-09-09T02:04:58.173283+05:30,2026-09-09_0204IST,airline_direct,IndiGo
MAA,DEL,6E,IndiGo,6E 6140,2026-10-09,30,economy,,,9988.0,False,02:30,ok,2026-09-09T02:04:58.173283+05:30,2026-09-09_0204IST,airline_direct,IndiGo
MAA,DEL,6E,IndiGo,6E 5093,2026-10-09,30,business,,,35375.0,False,05:00,ok,2026-09-09T02:04:58.173283+05:30,2026-09-09_0204IST,airline_direct,IndiGo
MAA,DEL,6E,IndiGo,6E 5093,2026-10-09,30,economy,,,9988.0,False,05:00,ok,2026-09-09T02:04:58.173283+05:30,2026-09-09_0204IST,airline_direct,IndiGo
MAA,DEL,6E,IndiGo,6E 321,2026-10-09,30,business,,,35170.0,False,08:20,ok,2026-09-09T02:04:58.173283+05:30,2026-09-09_0204IST,airline_direct,IndiGo
MAA,DEL,6E,IndiGo,6E 321,2026-10-09,30,economy,,,9988.0,False,08:20,ok,2026-09-09T02:04:58.173283+05:30,2026-09-09_0204IST,airline_direct,IndiGo
MAA,DEL,6E,IndiGo,6E 6348,2026-10-09,30,business,,,35375.0,False,09:00,ok,2026-09-09T02:04:58.173283+05:30,2026-09-09_0204IST,airline_direct,IndiGo
MAA,DEL,6E,IndiGo,6E 6348,2026-10-09,30,economy,,,9988.0,False,09:00,ok,2026-09-09T02:04:58.173283+05:30,2026-09-09_0204IST,airline_direct,IndiGo
MAA,DEL,6E,IndiGo,6E 6348,2026-10-09,30,business,,,35375.0,False,09:00,ok,2026-09-09T02:04:58.173283+05:30,2026-09-09_0204IST,airline_direct,IndiGo
MAA,DEL,6E,IndiGo,6E 6348,2026-10-09,30,economy,,,9988.0,False,09:00,ok,2026-09-09T02:04:58.173283+05:30,2026-09-09_0204IST,airline_direct,IndiGo
MAA,DEL,6E,IndiGo,6E 5214,2026-10-09,30,business,,,35375.0,False,11:00,ok,2026-09-09T02:04:58.173283+05:30,2026-09-09_0204IST,airline_direct,IndiGo
MAA,DEL,6E,IndiGo,6E 5214,2026-10-09,30,economy,,,9988.0,False,11:00,ok,2026-09-09T02:04:58.173283+05:30,2026-09-09_0204IST,airline_direct,IndiGo
MAA,DEL,6E,IndiGo,6E 5258,2026-10-09,30,business,,,35375.0,False,12:45,ok,2026-09-09T02:04:58.173283+05:30,2026-09-09_0204IST,airline_direct,IndiGo
MAA,DEL,6E,IndiGo,6E 5258,2026-10-09,30,economy,,,9988.0,False,12:45,ok,2026-09-09T02:04:58.173283+05:30,2026-09-09_0204IST,airline_direct,IndiGo
MAA,DEL,6E,IndiGo,6E 5371,2026-10-09,30,business,,,35375.0,False,14:45,ok,2026-09-09T02:04:58.173283+05:30,2026-09-09_0204IST,airline_direct,IndiGo
MAA,DEL,6E,IndiGo,6E 5371,2026-10-09,30,economy,,,9988.0,False,14:45,ok,2026-09-09T02:04:58.173283+05:30,2026-09-09_0204IST,airline_direct,IndiGo
MAA,DEL,6E,IndiGo,6E 986,2026-10-09,30,business,,,34580.0,False,15:05,ok,2026-09-09T02:04:58.173283+05:30,2026-09-09_0204IST,airline_direct,IndiGo
MAA,DEL,6E,IndiGo,6E 986,2026-10-09,30,economy,,,9988.0,False,15:05,ok,2026-09-09T02:04:58.173283+05:30,2026-09-09_0204IST,airline_direct,IndiGo
MAA,DEL,6E,IndiGo,6E 6113,2026-10-09,30,economy,,,9988.0,False,17:00,ok,2026-09-09T02:04:58.173283+05:30,2026-09-09_0204IST,airline_direct,IndiGo
MAA,DEL,6E,IndiGo,6E 588,2026-10-09,30,business,,,37661.0,False,17:40,ok,2026-09-09T02:04:58.173283+05:30,2026-09-09_0204IST,airline_direct,IndiGo
MAA,DEL,6E,IndiGo,6E 588,2026-10-09,30,economy,,,9988.0,False,17:40,ok,2026-09-09T02:04:58.173283+05:30,2026-09-09_0204IST,airline_direct,IndiGo
MAA,DEL,6E,IndiGo,6E 606,2026-10-09,30,business,,,34580.0,False,18:05,ok,2026-09-09T02:04:58.173283+05:30,2026-09-09_0204IST,airline_direct,IndiGo
MAA,DEL,6E,IndiGo,6E 606,2026-10-09,30,economy,,,9988.0,False,18:05,ok,2026-09-09T02:04:58.173283+05:30,2026-09-09_0204IST,airline_direct,IndiGo
MAA,DEL,6E,IndiGo,6E 5367,2026-10-09,30,business,,,35375.0,False,18:15,ok,2026-09-09T02:04:58.173283+05:30,2026-09-09_0204IST,airline_direct,IndiGo
MAA,DEL,6E,IndiGo,6E 5367,2026-10-09,30,economy,,,9988.0,False,18:15,ok,2026-09-09T02:04:58.173283+05:30,2026-09-09_0204IST,airline_direct,IndiGo
MAA,DEL,6E,IndiGo,6E 6225,2026-10-09,30,business,,,35375.0,False,22:30,ok,2026-09-09T02:04:58.173283+05:30,2026-09-09_0204IST,airline_direct,IndiGo
MAA,DEL,6E,IndiGo,6E 6225,2026-10-09,30,economy,,,9988.0,False,22:30,ok,2026-09-09T02:04:58.173283+05:30,2026-09-09_0204IST,airline_direct,IndiGo
MAA,DEL,6E,IndiGo,6E 834,2026-10-09,30,business,,,31584.0,False,09:05,ok,2026-09-09T02:04:58.173283+05:30,2026-09-09_0204IST,airline_direct,IndiGo
MAA,DEL,6E,IndiGo,6E 834,2026-10-09,30,economy,,,11366.0,False,09:05,ok,2026-09-09T02:04:58.173283+05:30,2026-09-09_0204IST,airline_direct,IndiGo
MAA,DEL,6E,IndiGo,6E 834,2026-10-09,30,business,,,31584.0,False,09:05,ok,2026-09-09T02:04:58.173283+05:30,2026-09-09_0204IST,airline_direct,IndiGo
MAA,DEL,6E,IndiGo,6E 834,2026-10-09,30,economy,,,11366.0,False,09:05,ok,2026-09-09T02:04:58.173283+05:30,2026-09-09_0204IST,airline_direct,IndiGo
MAA,DEL,6E,IndiGo,6E 973,2026-10-09,30,business,,,42027.0,False,11:55,ok,2026-09-09T02:04:58.173283+05:30,2026-09-09_0204IST,airline_direct,IndiGo
MAA,DEL,6E,IndiGo,6E 973,2026-10-09,30,economy,,,11366.0,False,11:55,ok,2026-09-09T02:04:58.173283+05:30,2026-09-09_0204IST,airline_direct,IndiGo
MAA,DEL,6E,IndiGo,6E 6158,2026-10-09,30,business,,,26457.0,False,16:10,ok,2026-09-09T02:04:58.173283+05:30,2026-09-09_0204IST,airline_direct,IndiGo
MAA,DEL,6E,IndiGo,6E 6158,2026-10-09,30,economy,,,11366.0,False,16:10,ok,2026-09-09T02:04:58.173283+05:30,2026-09-09_0204IST,airline_direct,IndiGo
MAA,DEL,6E,IndiGo,6E 562,2026-10-09,30,business,,,26457.0,False,18:20,ok,2026-09-09T02:04:58.173283+05:30,2026-09-09_0204IST,airline_direct,IndiGo
MAA,DEL,6E,IndiGo,6E 562,2026-10-09,30,economy,,,11366.0,False,18:20,ok,2026-09-09T02:04:58.173283+05:30,2026-09-09_0204IST,airline_direct,IndiGo
MAA,DEL,6E,IndiGo,6E 6209,2026-10-09,30,business,,,29704.0,False,14:35,ok,2026-09-09T02:04:58.173283+05:30,2026-09-09_0204IST,airline_direct,IndiGo
MAA,DEL,6E,IndiGo,6E 6209,2026-10-09,30,economy,,,11445.0,False,14:35,ok,2026-09-09T02:04:58.173283+05:30,2026-09-09_0204IST,airline_direct,IndiGo
MAA,DEL,6E,IndiGo,6E 847,2026-10-09,30,business,,,29704.0,False,16:15,ok,2026-09-09T02:04:58.173283+05:30,2026-09-09_0204IST,airline_direct,IndiGo
MAA,DEL,6E,IndiGo,6E 847,2026-10-09,30,economy,,,11445.0,False,16:15,ok,2026-09-09T02:04:58.173283+05:30,2026-09-09_0204IST,airline_direct,IndiGo
MAA,DEL,6E,IndiGo,6E 5104,2026-10-09,30,business,,,35375.0,False,16:40,ok,2026-09-09T02:04:58.173283+05:30,2026-09-09_0204IST,airline_direct,IndiGo
MAA,DEL,6E,IndiGo,6E 5104,2026-10-09,30,economy,,,11576.0,False,16:40,ok,2026-09-09T02:04:58.173283+05:30,2026-09-09_0204IST,airline_direct,IndiGo
MAA,DEL,6E,IndiGo,6E 597,2026-10-09,30,economy,,,11733.0,False,17:45,ok,2026-09-09T02:04:58.173283+05:30,2026-09-09_0204IST,airline_direct,IndiGo
MAA,DEL,6E,IndiGo,6E 193,2026-10-09,30,business,,,26457.0,False,20:00,ok,2026-09-09T02:04:58.173283+05:30,2026-09-09_0204IST,airline_direct,IndiGo
MAA,DEL,6E,IndiGo,6E 193,2026-10-09,30,economy,,,12277.0,False,20:00,ok,2026-09-09T02:04:58.173283+05:30,2026-09-09_0204IST,airline_direct,IndiGo
MAA,DEL,6E,IndiGo,6E 6487,2026-10-09,30,business,,,26398.0,False,21:25,ok,2026-09-09T02:04:58.173283+05:30,2026-09-09_0204IST,airline_direct,IndiGo
MAA,DEL,6E,IndiGo,6E 6487,2026-10-09,30,economy,,,12277.0,False,21:25,ok,2026-09-09T02:04:58.173283+05:30,2026-09-09_0204IST,airline_direct,IndiGo
MAA,DEL,6E,IndiGo,6E 189,2026-10-09,30,business,,,29704.0,False,19:05,ok,2026-09-09T02:04:58.173283+05:30,2026-09-09_0204IST,airline_direct,IndiGo
MAA,DEL,6E,IndiGo,6E 189,2026-10-09,30,economy,,,13356.0,False,19:05,ok,2026-09-09T02:04:58.173283+05:30,2026-09-09_0204IST,airline_direct,IndiGo
MAA,DEL,6E,IndiGo,6E 539,2026-10-09,30,economy,,,18347.0,False,11:25,ok,2026-09-09T02:04:58.173283+05:30,2026-09-09_0204IST,airline_direct,IndiGo
DEL,BOM,6E,IndiGo,6E 353,2026-10-24,45,business,,,21900.0,False,03:00,ok,2026-09-09T02:06:00.560084+05:30,2026-09-09_0206IST,airline_direct,IndiGo
DEL,BOM,6E,IndiGo,6E 353,2026-10-24,45,economy,,,6546.0,False,03:00,ok,2026-09-09T02:06:00.560084+05:30,2026-09-09_0206IST,airline_direct,IndiGo
DEL,BOM,6E,IndiGo,6E 449,2026-10-24,45,business,,,21900.0,False,05:00,ok,2026-09-09T02:06:00.560084+05:30,2026-09-09_0206IST,airline_direct,IndiGo
DEL,BOM,6E,IndiGo,6E 449,2026-10-24,45,economy,,,6546.0,False,05:00,ok,2026-09-09T02:06:00.560084+05:30,2026-09-09_0206IST,airline_direct,IndiGo
DEL,BOM,6E,IndiGo,6E 6218,2026-10-24,45,business,,,21900.0,False,06:05,ok,2026-09-09T02:06:00.560084+05:30,2026-09-09_0206IST,airline_direct,IndiGo
DEL,BOM,6E,IndiGo,6E 6218,2026-10-24,45,economy,,,6546.0,False,06:05,ok,2026-09-09T02:06:00.560084+05:30,2026-09-09_0206IST,airline_direct,IndiGo
DEL,BOM,6E,IndiGo,6E 6814,2026-10-24,45,business,,,21900.0,False,07:15,ok,2026-09-09T02:06:00.560084+05:30,2026-09-09_0206IST,airline_direct,IndiGo
DEL,BOM,6E,IndiGo,6E 6814,2026-10-24,45,economy,,,6546.0,False,07:15,ok,2026-09-09T02:06:00.560084+05:30,2026-09-09_0206IST,airline_direct,IndiGo
DEL,BOM,6E,IndiGo,6E 320,2026-10-24,45,business,,,21900.0,False,08:00,ok,2026-09-09T02:06:00.560084+05:30,2026-09-09_0206IST,airline_direct,IndiGo
DEL,BOM,6E,IndiGo,6E 320,2026-10-24,45,economy,,,6546.0,False,08:00,ok,2026-09-09T02:06:00.560084+05:30,2026-09-09_0206IST,airline_direct,IndiGo
DEL,BOM,6E,IndiGo,6E 675,2026-10-24,45,business,,,21900.0,False,08:45,ok,2026-09-09T02:06:00.560084+05:30,2026-09-09_0206IST,airline_direct,IndiGo
DEL,BOM,6E,IndiGo,6E 675,2026-10-24,45,economy,,,6546.0,False,08:45,ok,2026-09-09T02:06:00.560084+05:30,2026-09-09_0206IST,airline_direct,IndiGo
DEL,BOM,6E,IndiGo,6E 6107,2026-10-24,45,business,,,21900.0,False,09:30,ok,2026-09-09T02:06:00.560084+05:30,2026-09-09_0206IST,airline_direct,IndiGo
DEL,BOM,6E,IndiGo,6E 6107,2026-10-24,45,economy,,,6546.0,False,09:30,ok,2026-09-09T02:06:00.560084+05:30,2026-09-09_0206IST,airline_direct,IndiGo
DEL,BOM,6E,IndiGo,6E 6328,2026-10-24,45,business,,,21900.0,False,10:15,ok,2026-09-09T02:06:00.560084+05:30,2026-09-09_0206IST,airline_direct,IndiGo
DEL,BOM,6E,IndiGo,6E 6328,2026-10-24,45,economy,,,6546.0,False,10:15,ok,2026-09-09T02:06:00.560084+05:30,2026-09-09_0206IST,airline_direct,IndiGo
DEL,BOM,6E,IndiGo,6E 6047,2026-10-24,45,business,,,21900.0,False,11:00,ok,2026-09-09T02:06:00.560084+05:30,2026-09-09_0206IST,airline_direct,IndiGo
DEL,BOM,6E,IndiGo,6E 6047,2026-10-24,45,economy,,,6546.0,False,11:00,ok,2026-09-09T02:06:00.560084+05:30,2026-09-09_0206IST,airline_direct,IndiGo
DEL,BOM,6E,IndiGo,6E 6676,2026-10-24,45,business,,,21900.0,False,12:00,ok,2026-09-09T02:06:00.560084+05:30,2026-09-09_0206IST,airline_direct,IndiGo
DEL,BOM,6E,IndiGo,6E 6676,2026-10-24,45,economy,,,6546.0,False,12:00,ok,2026-09-09T02:06:00.560084+05:30,2026-09-09_0206IST,airline_direct,IndiGo
DEL,BOM,6E,IndiGo,6E 324,2026-10-24,45,business,,,21900.0,False,13:00,ok,2026-09-09T02:06:00.560084+05:30,2026-09-09_0206IST,airline_direct,IndiGo
DEL,BOM,6E,IndiGo,6E 324,2026-10-24,45,economy,,,6546.0,False,13:00,ok,2026-09-09T02:06:00.560084+05:30,2026-09-09_0206IST,airline_direct,IndiGo
DEL,BOM,6E,IndiGo,6E 6022,2026-10-24,45,business,,,21900.0,False,14:00,ok,2026-09-09T02:06:00.560084+05:30,2026-09-09_0206IST,airline_direct,IndiGo
DEL,BOM,6E,IndiGo,6E 6022,2026-10-24,45,economy,,,6546.0,False,14:00,ok,2026-09-09T02:06:00.560084+05:30,2026-09-09_0206IST,airline_direct,IndiGo
DEL,BOM,6E,IndiGo,6E 6318,2026-10-24,45,business,,,21900.0,False,14:45,ok,2026-09-09T02:06:00.560084+05:30,2026-09-09_0206IST,airline_direct,IndiGo
DEL,BOM,6E,IndiGo,6E 6318,2026-10-24,45,economy,,,6546.0,False,14:45,ok,2026-09-09T02:06:00.560084+05:30,2026-09-09_0206IST,airline_direct,IndiGo
DEL,BOM,6E,IndiGo,6E 864,2026-10-24,45,business,,,21900.0,False,15:30,ok,2026-09-09T02:06:00.560084+05:30,2026-09-09_0206IST,airline_direct,IndiGo
DEL,BOM,6E,IndiGo,6E 864,2026-10-24,45,economy,,,6546.0,False,15:30,ok,2026-09-09T02:06:00.560084+05:30,2026-09-09_0206IST,airline_direct,IndiGo
DEL,BOM,6E,IndiGo,6E 327,2026-10-24,45,business,,,21900.0,False,16:15,ok,2026-09-09T02:06:00.560084+05:30,2026-09-09_0206IST,airline_direct,IndiGo
DEL,BOM,6E,IndiGo,6E 327,2026-10-24,45,economy,,,6546.0,False,16:15,ok,2026-09-09T02:06:00.560084+05:30,2026-09-09_0206IST,airline_direct,IndiGo
DEL,BOM,6E,IndiGo,6E 6706,2026-10-24,45,business,,,21900.0,False,17:00,ok,2026-09-09T02:06:00.560084+05:30,2026-09-09_0206IST,airline_direct,IndiGo
DEL,BOM,6E,IndiGo,6E 6706,2026-10-24,45,economy,,,6546.0,False,17:00,ok,2026-09-09T02:06:00.560084+05:30,2026-09-09_0206IST,airline_direct,IndiGo
DEL,BOM,6E,IndiGo,6E 329,2026-10-24,45,business,,,26083.0,False,18:00,ok,2026-09-09T02:06:00.560084+05:30,2026-09-09_0206IST,airline_direct,IndiGo
DEL,BOM,6E,IndiGo,6E 329,2026-10-24,45,economy,,,6546.0,False,18:00,ok,2026-09-09T02:06:00.560084+05:30,2026-09-09_0206IST,airline_direct,IndiGo
DEL,BOM,6E,IndiGo,6E 395,2026-10-24,45,business,,,21900.0,False,21:45,ok,2026-09-09T02:06:00.560084+05:30,2026-09-09_0206IST,airline_direct,IndiGo
DEL,BOM,6E,IndiGo,6E 395,2026-10-24,45,economy,,,6546.0,False,21:45,ok,2026-09-09T02:06:00.560084+05:30,2026-09-09_0206IST,airline_direct,IndiGo
DEL,BOM,6E,IndiGo,6E 6114,2026-10-24,45,business,,,21900.0,False,22:45,ok,2026-09-09T02:06:00.560084+05:30,2026-09-09_0206IST,airline_direct,IndiGo
DEL,BOM,6E,IndiGo,6E 6114,2026-10-24,45,economy,,,6546.0,False,22:45,ok,2026-09-09T02:06:00.560084+05:30,2026-09-09_0206IST,airline_direct,IndiGo
DEL,BOM,6E,IndiGo,6E 322,2026-10-24,45,business,,,21900.0,False,23:30,ok,2026-09-09T02:06:00.560084+05:30,2026-09-09_0206IST,airline_direct,IndiGo
DEL,BOM,6E,IndiGo,6E 322,2026-10-24,45,economy,,,6546.0,False,23:30,ok,2026-09-09T02:06:00.560084+05:30,2026-09-09_0206IST,airline_direct,IndiGo
DEL,BOM,6E,IndiGo,6E 853,2026-10-24,45,business,,,21900.0,False,20:45,ok,2026-09-09T02:06:00.560084+05:30,2026-09-09_0206IST,airline_direct,IndiGo
DEL,BOM,6E,IndiGo,6E 853,2026-10-24,45,economy,,,6696.0,False,20:45,ok,2026-09-09T02:06:00.560084+05:30,2026-09-09_0206IST,airline_direct,IndiGo
DEL,BOM,6E,IndiGo,6E 354,2026-10-24,45,business,,,21900.0,False,19:00,ok,2026-09-09T02:06:00.560084+05:30,2026-09-09_0206IST,airline_direct,IndiGo
DEL,BOM,6E,IndiGo,6E 354,2026-10-24,45,economy,,,6996.0,False,19:00,ok,2026-09-09T02:06:00.560084+05:30,2026-09-09_0206IST,airline_direct,IndiGo
DEL,BOM,6E,IndiGo,6E 303,2026-10-24,45,business,,,21900.0,False,20:00,ok,2026-09-09T02:06:00.560084+05:30,2026-09-09_0206IST,airline_direct,IndiGo
DEL,BOM,6E,IndiGo,6E 303,2026-10-24,45,economy,,,6996.0,False,20:00,ok,2026-09-09T02:06:00.560084+05:30,2026-09-09_0206IST,airline_direct,IndiGo
DEL,BOM,6E,IndiGo,6E 6261,2026-10-24,45,economy,,,7120.0,False,00:15,ok,2026-09-09T02:06:00.560084+05:30,2026-09-09_0206IST,airline_direct,IndiGo
DEL,BOM,6E,IndiGo,6E 5119,2026-10-24,45,economy,,,7120.0,False,05:10,ok,2026-09-09T02:06:00.560084+05:30,2026-09-09_0206IST,airline_direct,IndiGo
DEL,BOM,6E,IndiGo,6E 5119,2026-10-24,45,economy,,,7120.0,False,05:10,ok,2026-09-09T02:06:00.560084+05:30,2026-09-09_0206IST,airline_direct,IndiGo
DEL,BOM,6E,IndiGo,6E 6171,2026-10-24,45,economy,,,7120.0,False,05:40,ok,2026-09-09T02:06:00.560084+05:30,2026-09-09_0206IST,airline_direct,IndiGo
DEL,BOM,6E,IndiGo,6E 2331,2026-10-24,45,economy,,,7120.0,False,12:20,ok,2026-09-09T02:06:00.560084+05:30,2026-09-09_0206IST,airline_direct,IndiGo
DEL,BOM,6E,IndiGo,6E 6454,2026-10-24,45,economy,,,7120.0,False,13:50,ok,2026-09-09T02:06:00.560084+05:30,2026-09-09_0206IST,airline_direct,IndiGo
DEL,BOM,6E,IndiGo,6E 6983,2026-10-24,45,economy,,,7120.0,False,15:35,ok,2026-09-09T02:06:00.560084+05:30,2026-09-09_0206IST,airline_direct,IndiGo
DEL,BOM,6E,IndiGo,6E 5014,2026-10-24,45,economy,,,7120.0,False,18:30,ok,2026-09-09T02:06:00.560084+05:30,2026-09-09_0206IST,airline_direct,IndiGo
DEL,BOM,6E,IndiGo,6E 6569,2026-10-24,45,economy,,,7252.0,False,05:00,ok,2026-09-09T02:06:00.560084+05:30,2026-09-09_0206IST,airline_direct,IndiGo
DEL,BOM,6E,IndiGo,6E 6443,2026-10-24,45,economy,,,7252.0,False,09:00,ok,2026-09-09T02:06:00.560084+05:30,2026-09-09_0206IST,airline_direct,IndiGo
DEL,BOM,6E,IndiGo,6E 6488,2026-10-24,45,economy,,,7252.0,False,11:20,ok,2026-09-09T02:06:00.560084+05:30,2026-09-09_0206IST,airline_direct,IndiGo
DEL,BOM,6E,IndiGo,6E 2249,2026-10-24,45,economy,,,7252.0,False,15:00,ok,2026-09-09T02:06:00.560084+05:30,2026-09-09_0206IST,airline_direct,IndiGo
DEL,BOM,6E,IndiGo,6E 6829,2026-10-24,45,economy,,,7252.0,False,17:20,ok,2026-09-09T02:06:00.560084+05:30,2026-09-09_0206IST,airline_direct,IndiGo
DEL,BOM,6E,IndiGo,6E 6829,2026-10-24,45,economy,,,7252.0,False,17:20,ok,2026-09-09T02:06:00.560084+05:30,2026-09-09_0206IST,airline_direct,IndiGo
DEL,BOM,6E,IndiGo,6E 2169,2026-10-24,45,economy,,,7252.0,False,19:20,ok,2026-09-09T02:06:00.560084+05:30,2026-09-09_0206IST,airline_direct,IndiGo
DEL,BOM,6E,IndiGo,6E 6050,2026-10-24,45,economy,,,7330.0,False,08:15,ok,2026-09-09T02:06:00.560084+05:30,2026-09-09_0206IST,airline_direct,IndiGo
DEL,BOM,6E,IndiGo,6E 2147,2026-10-24,45,economy,,,7330.0,False,11:10,ok,2026-09-09T02:06:00.560084+05:30,2026-09-09_0206IST,airline_direct,IndiGo
DEL,BOM,6E,IndiGo,6E 2113,2026-10-24,45,economy,,,7330.0,False,13:20,ok,2026-09-09T02:06:00.560084+05:30,2026-09-09_0206IST,airline_direct,IndiGo
DEL,BOM,6E,IndiGo,6E 5038,2026-10-24,45,economy,,,7330.0,False,14:00,ok,2026-09-09T02:06:00.560084+05:30,2026-09-09_0206IST,airline_direct,IndiGo
DEL,BOM,6E,IndiGo,6E 758,2026-10-24,45,economy,,,7330.0,False,16:10,ok,2026-09-09T02:06:00.560084+05:30,2026-09-09_0206IST,airline_direct,IndiGo
DEL,BOM,6E,IndiGo,6E 6479,2026-10-24,45,economy,,,7330.0,False,21:25,ok,2026-09-09T02:06:00.560084+05:30,2026-09-09_0206IST,airline_direct,IndiGo
DEL,BOM,6E,IndiGo,6E 717,2026-10-24,45,business,,,29617.0,False,17:55,ok,2026-09-09T02:06:00.560084+05:30,2026-09-09_0206IST,airline_direct,IndiGo
DEL,BOM,6E,IndiGo,6E 717,2026-10-24,45,economy,,,7462.0,False,17:55,ok,2026-09-09T02:06:00.560084+05:30,2026-09-09_0206IST,airline_direct,IndiGo
DEL,BOM,6E,IndiGo,6E 6497,2026-10-24,45,economy,,,7462.0,False,18:40,ok,2026-09-09T02:06:00.560084+05:30,2026-09-09_0206IST,airline_direct,IndiGo
DEL,BOM,6E,IndiGo,6E 2076,2026-10-24,45,economy,,,7695.0,False,07:30,ok,2026-09-09T02:06:00.560084+05:30,2026-09-09_0206IST,airline_direct,IndiGo
DEL,BOM,6E,IndiGo,6E 5073,2026-10-24,45,economy,,,7695.0,False,17:05,ok,2026-09-09T02:06:00.560084+05:30,2026-09-09_0206IST,airline_direct,IndiGo
DEL,BOM,6E,IndiGo,6E 6459,2026-10-24,45,economy,,,7826.0,False,05:55,ok,2026-09-09T02:06:00.560084+05:30,2026-09-09_0206IST,airline_direct,IndiGo
DEL,BOM,6E,IndiGo,6E 6433,2026-10-24,45,economy,,,7826.0,False,16:30,ok,2026-09-09T02:06:00.560084+05:30,2026-09-09_0206IST,airline_direct,IndiGo
DEL,BOM,6E,IndiGo,6E 5138,2026-10-24,45,economy,,,7826.0,False,19:10,ok,2026-09-09T02:06:00.560084+05:30,2026-09-09_0206IST,airline_direct,IndiGo
DEL,BOM,6E,IndiGo,6E 5298,2026-10-24,45,economy,,,7905.0,False,09:00,ok,2026-09-09T02:06:00.560084+05:30,2026-09-09_0206IST,airline_direct,IndiGo
DEL,BOM,6E,IndiGo,6E 6026,2026-10-24,45,business,,,29617.0,False,05:30,ok,2026-09-09T02:06:00.560084+05:30,2026-09-09_0206IST,airline_direct,IndiGo
DEL,BOM,6E,IndiGo,6E 6026,2026-10-24,45,economy,,,8036.0,False,05:30,ok,2026-09-09T02:06:00.560084+05:30,2026-09-09_0206IST,airline_direct,IndiGo
DEL,BOM,6E,IndiGo,6E 705,2026-10-24,45,business,,,29617.0,False,08:30,ok,2026-09-09T02:06:00.560084+05:30,2026-09-09_0206IST,airline_direct,IndiGo
DEL,BOM,6E,IndiGo,6E 705,2026-10-24,45,economy,,,8036.0,False,08:30,ok,2026-09-09T02:06:00.560084+05:30,2026-09-09_0206IST,airline_direct,IndiGo
DEL,BOM,6E,IndiGo,6E 6293,2026-10-24,45,business,,,29617.0,False,09:55,ok,2026-09-09T02:06:00.560084+05:30,2026-09-09_0206IST,airline_direct,IndiGo
DEL,BOM,6E,IndiGo,6E 6293,2026-10-24,45,economy,,,8036.0,False,09:55,ok,2026-09-09T02:06:00.560084+05:30,2026-09-09_0206IST,airline_direct,IndiGo
DEL,BOM,6E,IndiGo,6E 6212,2026-10-24,45,business,,,29617.0,False,14:45,ok,2026-09-09T02:06:00.560084+05:30,2026-09-09_0206IST,airline_direct,IndiGo
DEL,BOM,6E,IndiGo,6E 6212,2026-10-24,45,economy,,,8036.0,False,14:45,ok,2026-09-09T02:06:00.560084+05:30,2026-09-09_0206IST,airline_direct,IndiGo
DEL,BOM,6E,IndiGo,6E 6601,2026-10-24,45,business,,,29617.0,False,19:45,ok,2026-09-09T02:06:00.560084+05:30,2026-09-09_0206IST,airline_direct,IndiGo
DEL,BOM,6E,IndiGo,6E 6601,2026-10-24,45,economy,,,8036.0,False,19:45,ok,2026-09-09T02:06:00.560084+05:30,2026-09-09_0206IST,airline_direct,IndiGo
DEL,BOM,6E,IndiGo,6E 2341,2026-10-24,45,economy,,,8325.0,False,14:50,ok,2026-09-09T02:06:00.560084+05:30,2026-09-09_0206IST,airline_direct,IndiGo
DEL,BOM,6E,IndiGo,6E 5073,2026-10-24,45,economy,,,8325.0,False,17:05,ok,2026-09-09T02:06:00.560084+05:30,2026-09-09_0206IST,airline_direct,IndiGo
DEL,BOM,6E,IndiGo,6E 704,2026-10-24,45,business,,,29617.0,False,02:25,ok,2026-09-09T02:06:00.560084+05:30,2026-09-09_0206IST,airline_direct,IndiGo
DEL,BOM,6E,IndiGo,6E 704,2026-10-24,45,economy,,,8666.0,False,02:25,ok,2026-09-09T02:06:00.560084+05:30,2026-09-09_0206IST,airline_direct,IndiGo
DEL,BOM,6E,IndiGo,6E 931,2026-10-24,45,economy,,,9019.0,False,19:30,ok,2026-09-09T02:06:00.560084+05:30,2026-09-09_0206IST,airline_direct,IndiGo
DEL,BOM,6E,IndiGo,6E 2013,2026-10-24,45,economy,,,9019.0,False,21:50,ok,2026-09-09T02:06:00.560084+05:30,2026-09-09_0206IST,airline_direct,IndiGo
DEL,BOM,6E,IndiGo,6E 6282,2026-10-24,45,business,,,29617.0,False,13:30,ok,2026-09-09T02:06:00.560084+05:30,2026-09-09_0206IST,airline_direct,IndiGo
DEL,BOM,6E,IndiGo,6E 6282,2026-10-24,45,economy,,,9360.0,False,13:30,ok,2026-09-09T02:06:00.560084+05:30,2026-09-09_0206IST,airline_direct,IndiGo
DEL,BOM,6E,IndiGo,6E 2381,2026-10-24,45,economy,,,9360.0,False,13:45,ok,2026-09-09T02:06:00.560084+05:30,2026-09-09_0206IST,airline_direct,IndiGo
DEL,BOM,6E,IndiGo,6E 2298,2026-10-24,45,economy,,,9780.0,False,09:45,ok,2026-09-09T02:06:00.560084+05:30,2026-09-09_0206IST,airline_direct,IndiGo
DEL,BOM,6E,IndiGo,6E 358,2026-10-24,45,business,,,36522.0,False,12:10,ok,2026-09-09T02:06:00.560084+05:30,2026-09-09_0206IST,airline_direct,IndiGo
DEL,BOM,6E,IndiGo,6E 358,2026-10-24,45,economy,,,10200.0,False,12:10,ok,2026-09-09T02:06:00.560084+05:30,2026-09-09_0206IST,airline_direct,IndiGo
DEL,BOM,6E,IndiGo,6E 2496,2026-10-24,45,economy,,,12195.0,False,12:40,ok,2026-09-09T02:06:00.560084+05:30,2026-09-09_0206IST,airline_direct,IndiGo
DEL,BLR,6E,IndiGo,6E 6054,2026-10-24,45,business,,,26048.0,False,01:05,ok,2026-09-09T02:07:03.693464+05:30,2026-09-09_0207IST,airline_direct,IndiGo
DEL,BLR,6E,IndiGo,6E 6054,2026-10-24,45,economy,,,11170.0,False,01:05,ok,2026-09-09T02:07:03.693464+05:30,2026-09-09_0207IST,airline_direct,IndiGo
DEL,BLR,6E,IndiGo,6E 820,2026-10-24,45,business,,,26048.0,False,03:00,ok,2026-09-09T02:07:03.693464+05:30,2026-09-09_0207IST,airline_direct,IndiGo
DEL,BLR,6E,IndiGo,6E 820,2026-10-24,45,economy,,,11170.0,False,03:00,ok,2026-09-09T02:07:03.693464+05:30,2026-09-09_0207IST,airline_direct,IndiGo
DEL,BLR,6E,IndiGo,6E 2314,2026-10-24,45,business,,,26048.0,False,05:45,ok,2026-09-09T02:07:03.693464+05:30,2026-09-09_0207IST,airline_direct,IndiGo
DEL,BLR,6E,IndiGo,6E 2314,2026-10-24,45,economy,,,11170.0,False,05:45,ok,2026-09-09T02:07:03.693464+05:30,2026-09-09_0207IST,airline_direct,IndiGo
DEL,BLR,6E,IndiGo,6E 810,2026-10-24,45,business,,,26048.0,False,07:05,ok,2026-09-09T02:07:03.693464+05:30,2026-09-09_0207IST,airline_direct,IndiGo
DEL,BLR,6E,IndiGo,6E 810,2026-10-24,45,economy,,,11170.0,False,07:05,ok,2026-09-09T02:07:03.693464+05:30,2026-09-09_0207IST,airline_direct,IndiGo
DEL,BLR,6E,IndiGo,6E 873,2026-10-24,45,business,,,26048.0,False,08:20,ok,2026-09-09T02:07:03.693464+05:30,2026-09-09_0207IST,airline_direct,IndiGo
DEL,BLR,6E,IndiGo,6E 873,2026-10-24,45,economy,,,11170.0,False,08:20,ok,2026-09-09T02:07:03.693464+05:30,2026-09-09_0207IST,airline_direct,IndiGo
DEL,BLR,6E,IndiGo,6E 850,2026-10-24,45,business,,,26048.0,False,12:15,ok,2026-09-09T02:07:03.693464+05:30,2026-09-09_0207IST,airline_direct,IndiGo
DEL,BLR,6E,IndiGo,6E 850,2026-10-24,45,economy,,,11170.0,False,12:15,ok,2026-09-09T02:07:03.693464+05:30,2026-09-09_0207IST,airline_direct,IndiGo
DEL,BLR,6E,IndiGo,6E 871,2026-10-24,45,business,,,26048.0,False,23:30,ok,2026-09-09T02:07:03.693464+05:30,2026-09-09_0207IST,airline_direct,IndiGo
DEL,BLR,6E,IndiGo,6E 871,2026-10-24,45,economy,,,11170.0,False,23:30,ok,2026-09-09T02:07:03.693464+05:30,2026-09-09_0207IST,airline_direct,IndiGo
DEL,BLR,6E,IndiGo,6E 842,2026-10-24,45,business,,,26048.0,False,10:45,ok,2026-09-09T02:07:03.693464+05:30,2026-09-09_0207IST,airline_direct,IndiGo
DEL,BLR,6E,IndiGo,6E 842,2026-10-24,45,economy,,,11699.0,False,10:45,ok,2026-09-09T02:07:03.693464+05:30,2026-09-09_0207IST,airline_direct,IndiGo
DEL,BLR,6E,IndiGo,6E 826,2026-10-24,45,business,,,26048.0,False,09:30,ok,2026-09-09T02:07:03.693464+05:30,2026-09-09_0207IST,airline_direct,IndiGo
DEL,BLR,6E,IndiGo,6E 826,2026-10-24,45,economy,,,12255.0,False,09:30,ok,2026-09-09T02:07:03.693464+05:30,2026-09-09_0207IST,airline_direct,IndiGo
DEL,BLR,6E,IndiGo,6E 837,2026-10-24,45,business,,,26048.0,False,17:00,ok,2026-09-09T02:07:03.693464+05:30,2026-09-09_0207IST,airline_direct,IndiGo
DEL,BLR,6E,IndiGo,6E 837,2026-10-24,45,economy,,,12255.0,False,17:00,ok,2026-09-09T02:07:03.693464+05:30,2026-09-09_0207IST,airline_direct,IndiGo
DEL,BLR,6E,IndiGo,6E 811,2026-10-24,45,business,,,26048.0,False,18:20,ok,2026-09-09T02:07:03.693464+05:30,2026-09-09_0207IST,airline_direct,IndiGo
DEL,BLR,6E,IndiGo,6E 811,2026-10-24,45,economy,,,12255.0,False,18:20,ok,2026-09-09T02:07:03.693464+05:30,2026-09-09_0207IST,airline_direct,IndiGo
DEL,BLR,6E,IndiGo,6E 846,2026-10-24,45,business,,,26048.0,False,22:00,ok,2026-09-09T02:07:03.693464+05:30,2026-09-09_0207IST,airline_direct,IndiGo
DEL,BLR,6E,IndiGo,6E 846,2026-10-24,45,economy,,,12255.0,False,22:00,ok,2026-09-09T02:07:03.693464+05:30,2026-09-09_0207IST,airline_direct,IndiGo
DEL,BLR,6E,IndiGo,6E 176,2026-10-24,45,business,,,26048.0,False,13:15,ok,2026-09-09T02:07:03.693464+05:30,2026-09-09_0207IST,airline_direct,IndiGo
DEL,BLR,6E,IndiGo,6E 176,2026-10-24,45,economy,,,12842.0,False,13:15,ok,2026-09-09T02:07:03.693464+05:30,2026-09-09_0207IST,airline_direct,IndiGo
DEL,BLR,6E,IndiGo,6E 880,2026-10-24,45,business,,,26048.0,False,15:45,ok,2026-09-09T02:07:03.693464+05:30,2026-09-09_0207IST,airline_direct,IndiGo
DEL,BLR,6E,IndiGo,6E 880,2026-10-24,45,economy,,,12842.0,False,15:45,ok,2026-09-09T02:07:03.693464+05:30,2026-09-09_0207IST,airline_direct,IndiGo
DEL,BLR,6E,IndiGo,6E 6515,2026-10-24,45,business,,,26048.0,False,20:45,ok,2026-09-09T02:07:03.693464+05:30,2026-09-09_0207IST,airline_direct,IndiGo
DEL,BLR,6E,IndiGo,6E 6515,2026-10-24,45,economy,,,12842.0,False,20:45,ok,2026-09-09T02:07:03.693464+05:30,2026-09-09_0207IST,airline_direct,IndiGo
DEL,BLR,6E,IndiGo,6E 828,2026-10-24,45,business,,,26048.0,False,14:30,ok,2026-09-09T02:07:03.693464+05:30,2026-09-09_0207IST,airline_direct,IndiGo
DEL,BLR,6E,IndiGo,6E 828,2026-10-24,45,economy,,,13460.0,False,14:30,ok,2026-09-09T02:07:03.693464+05:30,2026-09-09_0207IST,airline_direct,IndiGo
DEL,BLR,6E,IndiGo,6E 861,2026-10-24,45,business,,,26048.0,False,19:30,ok,2026-09-09T02:07:03.693464+05:30,2026-09-09_0207IST,airline_direct,IndiGo
DEL,BLR,6E,IndiGo,6E 861,2026-10-24,45,economy,,,14113.0,False,19:30,ok,2026-09-09T02:07:03.693464+05:30,2026-09-09_0207IST,airline_direct,IndiGo
DEL,BLR,6E,IndiGo,6E 6433,2026-10-24,45,economy,,,9867.0,False,16:30,ok,2026-09-09T02:07:03.693464+05:30,2026-09-09_0207IST,airline_direct,IndiGo
DEL,BLR,6E,IndiGo,6E 704,2026-10-24,45,business,,,24908.0,False,02:25,ok,2026-09-09T02:07:03.693464+05:30,2026-09-09_0207IST,airline_direct,IndiGo
DEL,BLR,6E,IndiGo,6E 704,2026-10-24,45,economy,,,9946.0,False,02:25,ok,2026-09-09T02:07:03.693464+05:30,2026-09-09_0207IST,airline_direct,IndiGo
DEL,BLR,6E,IndiGo,6E 704,2026-10-24,45,business,,,24908.0,False,02:25,ok,2026-09-09T02:07:03.693464+05:30,2026-09-09_0207IST,airline_direct,IndiGo
DEL,BLR,6E,IndiGo,6E 704,2026-10-24,45,economy,,,9946.0,False,02:25,ok,2026-09-09T02:07:03.693464+05:30,2026-09-09_0207IST,airline_direct,IndiGo
DEL,BLR,6E,IndiGo,6E 6026,2026-10-24,45,business,,,25312.0,False,05:30,ok,2026-09-09T02:07:03.693464+05:30,2026-09-09_0207IST,airline_direct,IndiGo
DEL,BLR,6E,IndiGo,6E 6026,2026-10-24,45,economy,,,9946.0,False,05:30,ok,2026-09-09T02:07:03.693464+05:30,2026-09-09_0207IST,airline_direct,IndiGo
DEL,BLR,6E,IndiGo,6E 6293,2026-10-24,45,business,,,30479.0,False,09:55,ok,2026-09-09T02:07:03.693464+05:30,2026-09-09_0207IST,airline_direct,IndiGo
DEL,BLR,6E,IndiGo,6E 6293,2026-10-24,45,economy,,,9946.0,False,09:55,ok,2026-09-09T02:07:03.693464+05:30,2026-09-09_0207IST,airline_direct,IndiGo
DEL,BLR,6E,IndiGo,6E 884,2026-10-24,45,business,,,29590.0,False,11:45,ok,2026-09-09T02:07:03.693464+05:30,2026-09-09_0207IST,airline_direct,IndiGo
DEL,BLR,6E,IndiGo,6E 884,2026-10-24,45,economy,,,9946.0,False,11:45,ok,2026-09-09T02:07:03.693464+05:30,2026-09-09_0207IST,airline_direct,IndiGo
DEL,BLR,6E,IndiGo,6E 6282,2026-10-24,45,business,,,27393.0,False,13:30,ok,2026-09-09T02:07:03.693464+05:30,2026-09-09_0207IST,airline_direct,IndiGo
DEL,BLR,6E,IndiGo,6E 6282,2026-10-24,45,economy,,,9946.0,False,13:30,ok,2026-09-09T02:07:03.693464+05:30,2026-09-09_0207IST,airline_direct,IndiGo
DEL,BLR,6E,IndiGo,6E 6212,2026-10-24,45,business,,,26793.0,False,14:45,ok,2026-09-09T02:07:03.693464+05:30,2026-09-09_0207IST,airline_direct,IndiGo
DEL,BLR,6E,IndiGo,6E 6212,2026-10-24,45,economy,,,9946.0,False,14:45,ok,2026-09-09T02:07:03.693464+05:30,2026-09-09_0207IST,airline_direct,IndiGo
DEL,BLR,6E,IndiGo,6E 758,2026-10-24,45,economy,,,9946.0,False,16:10,ok,2026-09-09T02:07:03.693464+05:30,2026-09-09_0207IST,airline_direct,IndiGo
DEL,BLR,6E,IndiGo,6E 6217,2026-10-24,45,business,,,26793.0,False,16:15,ok,2026-09-09T02:07:03.693464+05:30,2026-09-09_0207IST,airline_direct,IndiGo
DEL,BLR,6E,IndiGo,6E 6217,2026-10-24,45,economy,,,9946.0,False,16:15,ok,2026-09-09T02:07:03.693464+05:30,2026-09-09_0207IST,airline_direct,IndiGo
DEL,BLR,6E,IndiGo,6E 717,2026-10-24,45,business,,,26251.0,False,17:55,ok,2026-09-09T02:07:03.693464+05:30,2026-09-09_0207IST,airline_direct,IndiGo
DEL,BLR,6E,IndiGo,6E 717,2026-10-24,45,economy,,,9946.0,False,17:55,ok,2026-09-09T02:07:03.693464+05:30,2026-09-09_0207IST,airline_direct,IndiGo
DEL,BLR,6E,IndiGo,6E 2343,2026-10-24,45,business,,,26475.0,False,02:20,ok,2026-09-09T02:07:03.693464+05:30,2026-09-09_0207IST,airline_direct,IndiGo
DEL,BLR,6E,IndiGo,6E 2343,2026-10-24,45,economy,,,10077.0,False,02:20,ok,2026-09-09T02:07:03.693464+05:30,2026-09-09_0207IST,airline_direct,IndiGo
DEL,BLR,6E,IndiGo,6E 6569,2026-10-24,45,economy,,,10077.0,False,05:00,ok,2026-09-09T02:07:03.693464+05:30,2026-09-09_0207IST,airline_direct,IndiGo
DEL,BLR,6E,IndiGo,6E 5119,2026-10-24,45,economy,,,10077.0,False,05:10,ok,2026-09-09T02:07:03.693464+05:30,2026-09-09_0207IST,airline_direct,IndiGo
DEL,BLR,6E,IndiGo,6E 6459,2026-10-24,45,economy,,,10077.0,False,05:55,ok,2026-09-09T02:07:03.693464+05:30,2026-09-09_0207IST,airline_direct,IndiGo
DEL,BLR,6E,IndiGo,6E 6022,2026-10-24,45,business,,,34636.0,False,14:00,ok,2026-09-09T02:07:03.693464+05:30,2026-09-09_0207IST,airline_direct,IndiGo
DEL,BLR,6E,IndiGo,6E 6022,2026-10-24,45,economy,,,10077.0,False,14:00,ok,2026-09-09T02:07:03.693464+05:30,2026-09-09_0207IST,airline_direct,IndiGo
DEL,BLR,6E,IndiGo,6E 2361,2026-10-24,45,economy,,,10077.0,False,14:35,ok,2026-09-09T02:07:03.693464+05:30,2026-09-09_0207IST,airline_direct,IndiGo
DEL,BLR,6E,IndiGo,6E 990,2026-10-24,45,economy,,,10077.0,False,14:50,ok,2026-09-09T02:07:03.693464+05:30,2026-09-09_0207IST,airline_direct,IndiGo
DEL,BLR,6E,IndiGo,6E 2557,2026-10-24,45,economy,,,10077.0,False,15:20,ok,2026-09-09T02:07:03.693464+05:30,2026-09-09_0207IST,airline_direct,IndiGo
DEL,BLR,6E,IndiGo,6E 864,2026-10-24,45,business,,,34636.0,False,15:30,ok,2026-09-09T02:07:03.693464+05:30,2026-09-09_0207IST,airline_direct,IndiGo
DEL,BLR,6E,IndiGo,6E 864,2026-10-24,45,economy,,,10077.0,False,15:30,ok,2026-09-09T02:07:03.693464+05:30,2026-09-09_0207IST,airline_direct,IndiGo
DEL,BLR,6E,IndiGo,6E 6437,2026-10-24,45,business,,,26475.0,False,16:25,ok,2026-09-09T02:07:03.693464+05:30,2026-09-09_0207IST,airline_direct,IndiGo
DEL,BLR,6E,IndiGo,6E 6437,2026-10-24,45,economy,,,10077.0,False,16:25,ok,2026-09-09T02:07:03.693464+05:30,2026-09-09_0207IST,airline_direct,IndiGo
DEL,BLR,6E,IndiGo,6E 5073,2026-10-24,45,economy,,,10077.0,False,17:05,ok,2026-09-09T02:07:03.693464+05:30,2026-09-09_0207IST,airline_direct,IndiGo
DEL,BLR,6E,IndiGo,6E 329,2026-10-24,45,business,,,38235.0,False,18:00,ok,2026-09-09T02:07:03.693464+05:30,2026-09-09_0207IST,airline_direct,IndiGo
DEL,BLR,6E,IndiGo,6E 329,2026-10-24,45,economy,,,10077.0,False,18:00,ok,2026-09-09T02:07:03.693464+05:30,2026-09-09_0207IST,airline_direct,IndiGo
DEL,BLR,6E,IndiGo,6E 6179,2026-10-24,45,economy,,,10077.0,False,18:30,ok,2026-09-09T02:07:03.693464+05:30,2026-09-09_0207IST,airline_direct,IndiGo
DEL,BLR,6E,IndiGo,6E 395,2026-10-24,45,business,,,34636.0,False,21:45,ok,2026-09-09T02:07:03.693464+05:30,2026-09-09_0207IST,airline_direct,IndiGo
DEL,BLR,6E,IndiGo,6E 395,2026-10-24,45,economy,,,10077.0,False,21:45,ok,2026-09-09T02:07:03.693464+05:30,2026-09-09_0207IST,airline_direct,IndiGo
DEL,BLR,6E,IndiGo,6E 6114,2026-10-24,45,business,,,34636.0,False,22:45,ok,2026-09-09T02:07:03.693464+05:30,2026-09-09_0207IST,airline_direct,IndiGo
DEL,BLR,6E,IndiGo,6E 6114,2026-10-24,45,economy,,,10077.0,False,22:45,ok,2026-09-09T02:07:03.693464+05:30,2026-09-09_0207IST,airline_direct,IndiGo
DEL,BLR,6E,IndiGo,6E 933,2026-10-24,45,business,,,28318.0,False,02:55,ok,2026-09-09T02:07:03.693464+05:30,2026-09-09_0207IST,airline_direct,IndiGo
DEL,BLR,6E,IndiGo,6E 933,2026-10-24,45,economy,,,10156.0,False,02:55,ok,2026-09-09T02:07:03.693464+05:30,2026-09-09_0207IST,airline_direct,IndiGo
DEL,BLR,6E,IndiGo,6E 6476,2026-10-24,45,economy,,,10156.0,False,07:05,ok,2026-09-09T02:07:03.693464+05:30,2026-09-09_0207IST,airline_direct,IndiGo
DEL,BLR,6E,IndiGo,6E 6115,2026-10-24,45,business,,,28318.0,False,13:10,ok,2026-09-09T02:07:03.693464+05:30,2026-09-09_0207IST,airline_direct,IndiGo
DEL,BLR,6E,IndiGo,6E 6115,2026-10-24,45,economy,,,10156.0,False,13:10,ok,2026-09-09T02:07:03.693464+05:30,2026-09-09_0207IST,airline_direct,IndiGo
DEL,BLR,6E,IndiGo,6E 5038,2026-10-24,45,economy,,,10156.0,False,14:00,ok,2026-09-09T02:07:03.693464+05:30,2026-09-09_0207IST,airline_direct,IndiGo
DEL,BLR,6E,IndiGo,6E 6091,2026-10-24,45,business,,,28318.0,False,15:15,ok,2026-09-09T02:07:03.693464+05:30,2026-09-09_0207IST,airline_direct,IndiGo
DEL,BLR,6E,IndiGo,6E 6091,2026-10-24,45,economy,,,10156.0,False,15:15,ok,2026-09-09T02:07:03.693464+05:30,2026-09-09_0207IST,airline_direct,IndiGo
DEL,BLR,6E,IndiGo,6E 5033,2026-10-24,45,economy,,,10156.0,False,15:50,ok,2026-09-09T02:07:03.693464+05:30,2026-09-09_0207IST,airline_direct,IndiGo
DEL,BLR,6E,IndiGo,6E 2150,2026-10-24,45,business,,,36469.0,False,16:55,ok,2026-09-09T02:07:03.693464+05:30,2026-09-09_0207IST,airline_direct,IndiGo
DEL,BLR,6E,IndiGo,6E 2150,2026-10-24,45,economy,,,10156.0,False,16:55,ok,2026-09-09T02:07:03.693464+05:30,2026-09-09_0207IST,airline_direct,IndiGo
DEL,BLR,6E,IndiGo,6E 6632,2026-10-24,45,economy,,,10156.0,False,17:50,ok,2026-09-09T02:07:03.693464+05:30,2026-09-09_0207IST,airline_direct,IndiGo
DEL,BLR,6E,IndiGo,6E 950,2026-10-24,45,business,,,28318.0,False,18:15,ok,2026-09-09T02:07:03.693464+05:30,2026-09-09_0207IST,airline_direct,IndiGo
DEL,BLR,6E,IndiGo,6E 950,2026-10-24,45,economy,,,10156.0,False,18:15,ok,2026-09-09T02:07:03.693464+05:30,2026-09-09_0207IST,airline_direct,IndiGo
DEL,BLR,6E,IndiGo,6E 6497,2026-10-24,45,economy,,,10287.0,False,18:40,ok,2026-09-09T02:07:03.693464+05:30,2026-09-09_0207IST,airline_direct,IndiGo
DEL,BLR,6E,IndiGo,6E 2482,2026-10-24,45,economy,,,10287.0,False,19:55,ok,2026-09-09T02:07:03.693464+05:30,2026-09-09_0207IST,airline_direct,IndiGo
DEL,BLR,6E,IndiGo,6E 2364,2026-10-24,45,economy,,,10314.0,False,04:50,ok,2026-09-09T02:07:03.693464+05:30,2026-09-09_0207IST,airline_direct,IndiGo
DEL,BLR,6E,IndiGo,6E 754,2026-10-24,45,economy,,,10314.0,False,17:10,ok,2026-09-09T02:07:03.693464+05:30,2026-09-09_0207IST,airline_direct,IndiGo
DEL,BLR,6E,IndiGo,6E 358,2026-10-24,45,business,,,36941.0,False,12:10,ok,2026-09-09T02:07:03.693464+05:30,2026-09-09_0207IST,airline_direct,IndiGo
DEL,BLR,6E,IndiGo,6E 358,2026-10-24,45,economy,,,10930.0,False,12:10,ok,2026-09-09T02:07:03.693464+05:30,2026-09-09_0207IST,airline_direct,IndiGo
DEL,BLR,6E,IndiGo,6E 734,2026-10-24,45,economy,,,11696.0,False,16:20,ok,2026-09-09T02:07:03.693464+05:30,2026-09-09_0207IST,airline_direct,IndiGo
DEL,BLR,6E,IndiGo,6E 2769,2026-10-24,45,economy,,,11906.0,False,08:10,ok,2026-09-09T02:07:03.693464+05:30,2026-09-09_0207IST,airline_direct,IndiGo
DEL,BLR,6E,IndiGo,6E 6673,2026-10-24,45,business,,,28646.0,False,21:15,ok,2026-09-09T02:07:03.693464+05:30,2026-09-09_0207IST,airline_direct,IndiGo
DEL,BLR,6E,IndiGo,6E 6673,2026-10-24,45,economy,,,13631.0,False,21:15,ok,2026-09-09T02:07:03.693464+05:30,2026-09-09_0207IST,airline_direct,IndiGo
DEL,BLR,6E,IndiGo,6E 2277,2026-10-24,45,business,,,37531.0,False,10:25,ok,2026-09-09T02:07:03.693464+05:30,2026-09-09_0207IST,airline_direct,IndiGo
DEL,BLR,6E,IndiGo,6E 2277,2026-10-24,45,economy,,,13709.0,False,10:25,ok,2026-09-09T02:07:03.693464+05:30,2026-09-09_0207IST,airline_direct,IndiGo
DEL,BLR,6E,IndiGo,6E 6488,2026-10-24,45,economy,,,16650.0,False,11:20,ok,2026-09-09T02:07:03.693464+05:30,2026-09-09_0207IST,airline_direct,IndiGo
DEL,BLR,6E,IndiGo,6E 5191,2026-10-24,45,business,,,40485.0,False,05:00,ok,2026-09-09T02:07:03.693464+05:30,2026-09-09_0207IST,airline_direct,IndiGo
DEL,BLR,6E,IndiGo,6E 5191,2026-10-24,45,economy,,,30543.0,False,05:00,ok,2026-09-09T02:07:03.693464+05:30,2026-09-09_0207IST,airline_direct,IndiGo
DEL,BLR,6E,IndiGo,6E 513,2026-10-24,45,business,,,42609.0,False,08:30,ok,2026-09-09T02:07:03.693464+05:30,2026-09-09_0207IST,airline_direct,IndiGo
DEL,BLR,6E,IndiGo,6E 513,2026-10-24,45,economy,,,33325.0,False,08:30,ok,2026-09-09T02:07:03.693464+05:30,2026-09-09_0207IST,airline_direct,IndiGo
DEL,BLR,6E,IndiGo,6E 2487,2026-10-24,45,business,,,40485.0,False,11:50,ok,2026-09-09T02:07:03.693464+05:30,2026-09-09_0207IST,airline_direct,IndiGo
DEL,BLR,6E,IndiGo,6E 2487,2026-10-24,45,economy,,,34323.0,False,11:50,ok,2026-09-09T02:07:03.693464+05:30,2026-09-09_0207IST,airline_direct,IndiGo
BOM,BLR,6E,IndiGo,6E 5323,2026-10-24,45,business,,,18948.0,False,01:10,ok,2026-09-09T02:08:06.920821+05:30,2026-09-09_0208IST,airline_direct,IndiGo
BOM,BLR,6E,IndiGo,6E 5323,2026-10-24,45,economy,,,4893.0,False,01:10,ok,2026-09-09T02:08:06.920821+05:30,2026-09-09_0208IST,airline_direct,IndiGo
BOM,BLR,6E,IndiGo,6E 5294,2026-10-24,45,business,,,18948.0,False,04:30,ok,2026-09-09T02:08:06.920821+05:30,2026-09-09_0208IST,airline_direct,IndiGo
BOM,BLR,6E,IndiGo,6E 5294,2026-10-24,45,economy,,,5691.0,False,04:30,ok,2026-09-09T02:08:06.920821+05:30,2026-09-09_0208IST,airline_direct,IndiGo
BOM,BLR,6E,IndiGo,6E 5296,2026-10-24,45,business,,,18948.0,False,06:15,ok,2026-09-09T02:08:06.920821+05:30,2026-09-09_0208IST,airline_direct,IndiGo
BOM,BLR,6E,IndiGo,6E 5296,2026-10-24,45,economy,,,6747.0,False,06:15,ok,2026-09-09T02:08:06.920821+05:30,2026-09-09_0208IST,airline_direct,IndiGo
BOM,BLR,6E,IndiGo,6E 5193,2026-10-24,45,business,,,18948.0,False,07:45,ok,2026-09-09T02:08:06.920821+05:30,2026-09-09_0208IST,airline_direct,IndiGo
BOM,BLR,6E,IndiGo,6E 5193,2026-10-24,45,economy,,,7062.0,False,07:45,ok,2026-09-09T02:08:06.920821+05:30,2026-09-09_0208IST,airline_direct,IndiGo
BOM,BLR,6E,IndiGo,6E 5217,2026-10-24,45,business,,,18948.0,False,11:00,ok,2026-09-09T02:08:06.920821+05:30,2026-09-09_0208IST,airline_direct,IndiGo
BOM,BLR,6E,IndiGo,6E 5217,2026-10-24,45,economy,,,7377.0,False,11:00,ok,2026-09-09T02:08:06.920821+05:30,2026-09-09_0208IST,airline_direct,IndiGo
BOM,BLR,6E,IndiGo,6E 5184,2026-10-24,45,business,,,18948.0,False,12:30,ok,2026-09-09T02:08:06.920821+05:30,2026-09-09_0208IST,airline_direct,IndiGo
BOM,BLR,6E,IndiGo,6E 5184,2026-10-24,45,economy,,,7377.0,False,12:30,ok,2026-09-09T02:08:06.920821+05:30,2026-09-09_0208IST,airline_direct,IndiGo
BOM,BLR,6E,IndiGo,6E 5221,2026-10-24,45,business,,,18948.0,False,17:00,ok,2026-09-09T02:08:06.920821+05:30,2026-09-09_0208IST,airline_direct,IndiGo
BOM,BLR,6E,IndiGo,6E 5221,2026-10-24,45,economy,,,7377.0,False,17:00,ok,2026-09-09T02:08:06.920821+05:30,2026-09-09_0208IST,airline_direct,IndiGo
BOM,BLR,6E,IndiGo,6E 5032,2026-10-24,45,business,,,18948.0,False,19:50,ok,2026-09-09T02:08:06.920821+05:30,2026-09-09_0208IST,airline_direct,IndiGo
BOM,BLR,6E,IndiGo,6E 5032,2026-10-24,45,economy,,,7377.0,False,19:50,ok,2026-09-09T02:08:06.920821+05:30,2026-09-09_0208IST,airline_direct,IndiGo
BOM,BLR,6E,IndiGo,6E 6188,2026-10-24,45,business,,,18948.0,False,21:30,ok,2026-09-09T02:08:06.920821+05:30,2026-09-09_0208IST,airline_direct,IndiGo
BOM,BLR,6E,IndiGo,6E 6188,2026-10-24,45,economy,,,7377.0,False,21:30,ok,2026-09-09T02:08:06.920821+05:30,2026-09-09_0208IST,airline_direct,IndiGo
BOM,BLR,6E,IndiGo,6E 5388,2026-10-24,45,business,,,18948.0,False,22:10,ok,2026-09-09T02:08:06.920821+05:30,2026-09-09_0208IST,airline_direct,IndiGo
BOM,BLR,6E,IndiGo,6E 5388,2026-10-24,45,economy,,,7377.0,False,22:10,ok,2026-09-09T02:08:06.920821+05:30,2026-09-09_0208IST,airline_direct,IndiGo
BOM,BLR,6E,IndiGo,6E 5092,2026-10-24,45,business,,,18948.0,False,09:50,ok,2026-09-09T02:08:06.920821+05:30,2026-09-09_0208IST,airline_direct,IndiGo
BOM,BLR,6E,IndiGo,6E 5092,2026-10-24,45,economy,,,7797.0,False,09:50,ok,2026-09-09T02:08:06.920821+05:30,2026-09-09_0208IST,airline_direct,IndiGo
BOM,BLR,6E,IndiGo,6E 5071,2026-10-24,45,business,,,18948.0,False,15:35,ok,2026-09-09T02:08:06.920821+05:30,2026-09-09_0208IST,airline_direct,IndiGo
BOM,BLR,6E,IndiGo,6E 5071,2026-10-24,45,economy,,,8217.0,False,15:35,ok,2026-09-09T02:08:06.920821+05:30,2026-09-09_0208IST,airline_direct,IndiGo
BOM,BLR,6E,IndiGo,6E 5047,2026-10-24,45,business,,,18948.0,False,18:30,ok,2026-09-09T02:08:06.920821+05:30,2026-09-09_0208IST,airline_direct,IndiGo
BOM,BLR,6E,IndiGo,6E 5047,2026-10-24,45,economy,,,8217.0,False,18:30,ok,2026-09-09T02:08:06.920821+05:30,2026-09-09_0208IST,airline_direct,IndiGo
BOM,BLR,6E,IndiGo,6E 5382,2026-10-24,45,business,,,18948.0,False,14:30,ok,2026-09-09T02:08:06.920821+05:30,2026-09-09_0208IST,airline_direct,IndiGo
BOM,BLR,6E,IndiGo,6E 5382,2026-10-24,45,economy,,,8742.0,False,14:30,ok,2026-09-09T02:08:06.920821+05:30,2026-09-09_0208IST,airline_direct,IndiGo
BOM,BLR,6E,IndiGo,6E 5082,2026-10-24,45,economy,,,7243.0,False,18:05,ok,2026-09-09T02:08:06.920821+05:30,2026-09-09_0208IST,airline_direct,IndiGo
BOM,BLR,6E,IndiGo,6E 6187,2026-10-24,45,economy,,,7374.0,False,00:30,ok,2026-09-09T02:08:06.920821+05:30,2026-09-09_0208IST,airline_direct,IndiGo
BOM,BLR,6E,IndiGo,6E 5179,2026-10-24,45,business,,,20036.0,False,02:45,ok,2026-09-09T02:08:06.920821+05:30,2026-09-09_0208IST,airline_direct,IndiGo
BOM,BLR,6E,IndiGo,6E 5179,2026-10-24,45,economy,,,7374.0,False,02:45,ok,2026-09-09T02:08:06.920821+05:30,2026-09-09_0208IST,airline_direct,IndiGo
BOM,BLR,6E,IndiGo,6E 5179,2026-10-24,45,business,,,20036.0,False,02:45,ok,2026-09-09T02:08:06.920821+05:30,2026-09-09_0208IST,airline_direct,IndiGo
BOM,BLR,6E,IndiGo,6E 5179,2026-10-24,45,economy,,,7374.0,False,02:45,ok,2026-09-09T02:08:06.920821+05:30,2026-09-09_0208IST,airline_direct,IndiGo
BOM,BLR,6E,IndiGo,6E 5123,2026-10-24,45,economy,,,7505.0,False,14:40,ok,2026-09-09T02:08:06.920821+05:30,2026-09-09_0208IST,airline_direct,IndiGo
BOM,BLR,6E,IndiGo,6E 6802,2026-10-24,45,economy,,,7505.0,False,16:55,ok,2026-09-09T02:08:06.920821+05:30,2026-09-09_0208IST,airline_direct,IndiGo
BOM,BLR,6E,IndiGo,6E 911,2026-10-24,45,economy,,,7584.0,False,01:30,ok,2026-09-09T02:08:06.920821+05:30,2026-09-09_0208IST,airline_direct,IndiGo
BOM,BLR,6E,IndiGo,6E 136,2026-10-24,45,business,,,24040.0,False,04:05,ok,2026-09-09T02:08:06.920821+05:30,2026-09-09_0208IST,airline_direct,IndiGo
BOM,BLR,6E,IndiGo,6E 136,2026-10-24,45,economy,,,7584.0,False,04:05,ok,2026-09-09T02:08:06.920821+05:30,2026-09-09_0208IST,airline_direct,IndiGo
BOM,BLR,6E,IndiGo,6E 136,2026-10-24,45,business,,,24040.0,False,04:05,ok,2026-09-09T02:08:06.920821+05:30,2026-09-09_0208IST,airline_direct,IndiGo
BOM,BLR,6E,IndiGo,6E 136,2026-10-24,45,economy,,,7584.0,False,04:05,ok,2026-09-09T02:08:06.920821+05:30,2026-09-09_0208IST,airline_direct,IndiGo
BOM,BLR,6E,IndiGo,6E 6701,2026-10-24,45,economy,,,7584.0,False,05:35,ok,2026-09-09T02:08:06.920821+05:30,2026-09-09_0208IST,airline_direct,IndiGo
BOM,BLR,6E,IndiGo,6E 5109,2026-10-24,45,economy,,,7584.0,False,09:35,ok,2026-09-09T02:08:06.920821+05:30,2026-09-09_0208IST,airline_direct,IndiGo
BOM,BLR,6E,IndiGo,6E 5313,2026-10-24,45,business,,,24040.0,False,09:50,ok,2026-09-09T02:08:06.920821+05:30,2026-09-09_0208IST,airline_direct,IndiGo
BOM,BLR,6E,IndiGo,6E 5313,2026-10-24,45,economy,,,7584.0,False,09:50,ok,2026-09-09T02:08:06.920821+05:30,2026-09-09_0208IST,airline_direct,IndiGo
BOM,BLR,6E,IndiGo,6E 6349,2026-10-24,45,business,,,24040.0,False,11:40,ok,2026-09-09T02:08:06.920821+05:30,2026-09-09_0208IST,airline_direct,IndiGo
BOM,BLR,6E,IndiGo,6E 6349,2026-10-24,45,economy,,,7584.0,False,11:40,ok,2026-09-09T02:08:06.920821+05:30,2026-09-09_0208IST,airline_direct,IndiGo
BOM,BLR,6E,IndiGo,6E 6349,2026-10-24,45,business,,,24040.0,False,11:40,ok,2026-09-09T02:08:06.920821+05:30,2026-09-09_0208IST,airline_direct,IndiGo
BOM,BLR,6E,IndiGo,6E 6349,2026-10-24,45,economy,,,7584.0,False,11:40,ok,2026-09-09T02:08:06.920821+05:30,2026-09-09_0208IST,airline_direct,IndiGo
BOM,BLR,6E,IndiGo,6E 673,2026-10-24,45,economy,,,7584.0,False,12:30,ok,2026-09-09T02:08:06.920821+05:30,2026-09-09_0208IST,airline_direct,IndiGo
BOM,BLR,6E,IndiGo,6E 2016,2026-10-24,45,economy,,,7584.0,False,13:35,ok,2026-09-09T02:08:06.920821+05:30,2026-09-09_0208IST,airline_direct,IndiGo
BOM,BLR,6E,IndiGo,6E 5337,2026-10-24,45,business,,,24040.0,False,13:45,ok,2026-09-09T02:08:06.920821+05:30,2026-09-09_0208IST,airline_direct,IndiGo
BOM,BLR,6E,IndiGo,6E 5337,2026-10-24,45,economy,,,7584.0,False,13:45,ok,2026-09-09T02:08:06.920821+05:30,2026-09-09_0208IST,airline_direct,IndiGo
BOM,BLR,6E,IndiGo,6E 5337,2026-10-24,45,business,,,24040.0,False,13:45,ok,2026-09-09T02:08:06.920821+05:30,2026-09-09_0208IST,airline_direct,IndiGo
BOM,BLR,6E,IndiGo,6E 5337,2026-10-24,45,economy,,,7584.0,False,13:45,ok,2026-09-09T02:08:06.920821+05:30,2026-09-09_0208IST,airline_direct,IndiGo
BOM,BLR,6E,IndiGo,6E 5201,2026-10-24,45,economy,,,7584.0,False,14:55,ok,2026-09-09T02:08:06.920821+05:30,2026-09-09_0208IST,airline_direct,IndiGo
BOM,BLR,6E,IndiGo,6E 5196,2026-10-24,45,business,,,24040.0,False,15:25,ok,2026-09-09T02:08:06.920821+05:30,2026-09-09_0208IST,airline_direct,IndiGo
BOM,BLR,6E,IndiGo,6E 5196,2026-10-24,45,economy,,,7584.0,False,15:25,ok,2026-09-09T02:08:06.920821+05:30,2026-09-09_0208IST,airline_direct,IndiGo
BOM,BLR,6E,IndiGo,6E 240,2026-10-24,45,economy,,,7584.0,False,15:45,ok,2026-09-09T02:08:06.920821+05:30,2026-09-09_0208IST,airline_direct,IndiGo
BOM,BLR,6E,IndiGo,6E 437,2026-10-24,45,economy,,,7584.0,False,17:10,ok,2026-09-09T02:08:06.920821+05:30,2026-09-09_0208IST,airline_direct,IndiGo
BOM,BLR,6E,IndiGo,6E 5048,2026-10-24,45,business,,,24040.0,False,17:25,ok,2026-09-09T02:08:06.920821+05:30,2026-09-09_0208IST,airline_direct,IndiGo
BOM,BLR,6E,IndiGo,6E 5048,2026-10-24,45,economy,,,7584.0,False,17:25,ok,2026-09-09T02:08:06.920821+05:30,2026-09-09_0208IST,airline_direct,IndiGo
BOM,BLR,6E,IndiGo,6E 5126,2026-10-24,45,economy,,,7584.0,False,18:15,ok,2026-09-09T02:08:06.920821+05:30,2026-09-09_0208IST,airline_direct,IndiGo
BOM,BLR,6E,IndiGo,6E 2237,2026-10-24,45,economy,,,7584.0,False,18:40,ok,2026-09-09T02:08:06.920821+05:30,2026-09-09_0208IST,airline_direct,IndiGo
BOM,BLR,6E,IndiGo,6E 5107,2026-10-24,45,economy,,,7584.0,False,20:00,ok,2026-09-09T02:08:06.920821+05:30,2026-09-09_0208IST,airline_direct,IndiGo
BOM,BLR,6E,IndiGo,6E 5181,2026-10-24,45,economy,,,7715.0,False,10:25,ok,2026-09-09T02:08:06.920821+05:30,2026-09-09_0208IST,airline_direct,IndiGo
BOM,BLR,6E,IndiGo,6E 6361,2026-10-24,45,economy,,,7785.0,False,05:00,ok,2026-09-09T02:08:06.920821+05:30,2026-09-09_0208IST,airline_direct,IndiGo
BOM,BLR,6E,IndiGo,6E 230,2026-10-24,45,economy,,,7785.0,False,13:55,ok,2026-09-09T02:08:06.920821+05:30,2026-09-09_0208IST,airline_direct,IndiGo
BOM,BLR,6E,IndiGo,6E 5241,2026-10-24,45,economy,,,7785.0,False,16:40,ok,2026-09-09T02:08:06.920821+05:30,2026-09-09_0208IST,airline_direct,IndiGo
BOM,BLR,6E,IndiGo,6E 5241,2026-10-24,45,economy,,,7785.0,False,16:40,ok,2026-09-09T02:08:06.920821+05:30,2026-09-09_0208IST,airline_direct,IndiGo
BOM,BLR,6E,IndiGo,6E 6057,2026-10-24,45,economy,,,7916.0,False,09:15,ok,2026-09-09T02:08:06.920821+05:30,2026-09-09_0208IST,airline_direct,IndiGo
BOM,BLR,6E,IndiGo,6E 5204,2026-10-24,45,business,,,24040.0,False,08:15,ok,2026-09-09T02:08:06.920821+05:30,2026-09-09_0208IST,airline_direct,IndiGo
BOM,BLR,6E,IndiGo,6E 5204,2026-10-24,45,economy,,,8126.0,False,08:15,ok,2026-09-09T02:08:06.920821+05:30,2026-09-09_0208IST,airline_direct,IndiGo
BOM,BLR,6E,IndiGo,6E 230,2026-10-24,45,economy,,,8377.0,False,13:55,ok,2026-09-09T02:08:06.920821+05:30,2026-09-09_0208IST,airline_direct,IndiGo
BOM,BLR,6E,IndiGo,6E 632,2026-10-24,45,economy,,,9364.0,False,04:00,ok,2026-09-09T02:08:06.920821+05:30,2026-09-09_0208IST,airline_direct,IndiGo
BOM,BLR,6E,IndiGo,6E 5188,2026-10-24,45,business,,,24040.0,False,06:15,ok,2026-09-09T02:08:06.920821+05:30,2026-09-09_0208IST,airline_direct,IndiGo
BOM,BLR,6E,IndiGo,6E 5188,2026-10-24,45,economy,,,10276.0,False,06:15,ok,2026-09-09T02:08:06.920821+05:30,2026-09-09_0208IST,airline_direct,IndiGo
BOM,BLR,6E,IndiGo,6E 5228,2026-10-24,45,business,,,21379.0,False,16:45,ok,2026-09-09T02:08:06.920821+05:30,2026-09-09_0208IST,airline_direct,IndiGo
BOM,BLR,6E,IndiGo,6E 5228,2026-10-24,45,economy,,,11223.0,False,16:45,ok,2026-09-09T02:08:06.920821+05:30,2026-09-09_0208IST,airline_direct,IndiGo
BOM,BLR,6E,IndiGo,6E 5386,2026-10-24,45,business,,,21922.0,False,15:10,ok,2026-09-09T02:08:06.920821+05:30,2026-09-09_0208IST,airline_direct,IndiGo
BOM,BLR,6E,IndiGo,6E 5386,2026-10-24,45,economy,,,11706.0,False,15:10,ok,2026-09-09T02:08:06.920821+05:30,2026-09-09_0208IST,airline_direct,IndiGo
BOM,BLR,6E,IndiGo,6E 5386,2026-10-24,45,business,,,21922.0,False,15:10,ok,2026-09-09T02:08:06.920821+05:30,2026-09-09_0208IST,airline_direct,IndiGo
BOM,BLR,6E,IndiGo,6E 5386,2026-10-24,45,economy,,,11706.0,False,15:10,ok,2026-09-09T02:08:06.920821+05:30,2026-09-09_0208IST,airline_direct,IndiGo
BOM,BLR,6E,IndiGo,6E 5228,2026-10-24,45,business,,,21922.0,False,16:45,ok,2026-09-09T02:08:06.920821+05:30,2026-09-09_0208IST,airline_direct,IndiGo
BOM,BLR,6E,IndiGo,6E 5228,2026-10-24,45,economy,,,11706.0,False,16:45,ok,2026-09-09T02:08:06.920821+05:30,2026-09-09_0208IST,airline_direct,IndiGo
BOM,BLR,6E,IndiGo,6E 2284,2026-10-24,45,economy,,,12735.0,False,12:05,ok,2026-09-09T02:08:06.920821+05:30,2026-09-09_0208IST,airline_direct,IndiGo
BOM,BLR,6E,IndiGo,6E 261,2026-10-24,45,economy,,,13255.0,False,11:20,ok,2026-09-09T02:08:06.920821+05:30,2026-09-09_0208IST,airline_direct,IndiGo
BOM,BLR,6E,IndiGo,6E 261,2026-10-24,45,economy,,,13255.0,False,11:20,ok,2026-09-09T02:08:06.920821+05:30,2026-09-09_0208IST,airline_direct,IndiGo
BOM,BLR,6E,IndiGo,6E 5178,2026-10-24,45,business,,,25607.0,False,11:40,ok,2026-09-09T02:08:06.920821+05:30,2026-09-09_0208IST,airline_direct,IndiGo
BOM,BLR,6E,IndiGo,6E 5178,2026-10-24,45,economy,,,13386.0,False,11:40,ok,2026-09-09T02:08:06.920821+05:30,2026-09-09_0208IST,airline_direct,IndiGo
BOM,BLR,6E,IndiGo,6E 5178,2026-10-24,45,business,,,24718.0,False,11:40,ok,2026-09-09T02:08:06.920821+05:30,2026-09-09_0208IST,airline_direct,IndiGo
BOM,BLR,6E,IndiGo,6E 5178,2026-10-24,45,economy,,,14478.0,False,11:40,ok,2026-09-09T02:08:06.920821+05:30,2026-09-09_0208IST,airline_direct,IndiGo
BOM,BLR,6E,IndiGo,6E 5318,2026-10-24,45,business,,,25607.0,False,10:15,ok,2026-09-09T02:08:06.920821+05:30,2026-09-09_0208IST,airline_direct,IndiGo
BOM,BLR,6E,IndiGo,6E 5318,2026-10-24,45,economy,,,17820.0,False,10:15,ok,2026-09-09T02:08:06.920821+05:30,2026-09-09_0208IST,airline_direct,IndiGo
DEL,CCU,6E,IndiGo,6E 930,2026-10-24,45,business,,,22600.0,False,02:45,ok,2026-09-09T02:09:08.662642+05:30,2026-09-09_0209IST,airline_direct,IndiGo
DEL,CCU,6E,IndiGo,6E 930,2026-10-24,45,economy,,,14058.0,False,02:45,ok,2026-09-09T02:09:08.662642+05:30,2026-09-09_0209IST,airline_direct,IndiGo
DEL,CCU,6E,IndiGo,6E 5191,2026-10-24,45,business,,,22600.0,False,05:00,ok,2026-09-09T02:09:08.662642+05:30,2026-09-09_0209IST,airline_direct,IndiGo
DEL,CCU,6E,IndiGo,6E 5191,2026-10-24,45,economy,,,14058.0,False,05:00,ok,2026-09-09T02:09:08.662642+05:30,2026-09-09_0209IST,airline_direct,IndiGo
DEL,CCU,6E,IndiGo,6E 340,2026-10-24,45,business,,,22600.0,False,07:20,ok,2026-09-09T02:09:08.662642+05:30,2026-09-09_0209IST,airline_direct,IndiGo
DEL,CCU,6E,IndiGo,6E 340,2026-10-24,45,economy,,,14058.0,False,07:20,ok,2026-09-09T02:09:08.662642+05:30,2026-09-09_0209IST,airline_direct,IndiGo
DEL,CCU,6E,IndiGo,6E 513,2026-10-24,45,business,,,22600.0,False,08:30,ok,2026-09-09T02:09:08.662642+05:30,2026-09-09_0209IST,airline_direct,IndiGo
DEL,CCU,6E,IndiGo,6E 513,2026-10-24,45,economy,,,14950.0,False,08:30,ok,2026-09-09T02:09:08.662642+05:30,2026-09-09_0209IST,airline_direct,IndiGo
DEL,CCU,6E,IndiGo,6E 894,2026-10-24,45,business,,,22600.0,False,10:15,ok,2026-09-09T02:09:08.662642+05:30,2026-09-09_0209IST,airline_direct,IndiGo
DEL,CCU,6E,IndiGo,6E 894,2026-10-24,45,economy,,,15843.0,False,10:15,ok,2026-09-09T02:09:08.662642+05:30,2026-09-09_0209IST,airline_direct,IndiGo
DEL,CCU,6E,IndiGo,6E 2487,2026-10-24,45,business,,,22600.0,False,11:50,ok,2026-09-09T02:09:08.662642+05:30,2026-09-09_0209IST,airline_direct,IndiGo
DEL,CCU,6E,IndiGo,6E 2487,2026-10-24,45,economy,,,17838.0,False,11:50,ok,2026-09-09T02:09:08.662642+05:30,2026-09-09_0209IST,airline_direct,IndiGo
DEL,CCU,6E,IndiGo,6E 247,2026-10-24,45,business,,,22600.0,False,23:30,ok,2026-09-09T02:09:08.662642+05:30,2026-09-09_0209IST,airline_direct,IndiGo
DEL,CCU,6E,IndiGo,6E 247,2026-10-24,45,economy,,,18993.0,False,23:30,ok,2026-09-09T02:09:08.662642+05:30,2026-09-09_0209IST,airline_direct,IndiGo
DEL,CCU,6E,IndiGo,6E 910,2026-10-24,45,business,,,22600.0,False,14:25,ok,2026-09-09T02:09:08.662642+05:30,2026-09-09_0209IST,airline_direct,IndiGo
DEL,CCU,6E,IndiGo,6E 910,2026-10-24,45,economy,,,20253.0,False,14:25,ok,2026-09-09T02:09:08.662642+05:30,2026-09-09_0209IST,airline_direct,IndiGo
DEL,CCU,6E,IndiGo,6E 6415,2026-10-24,45,business,,,27001.0,False,16:00,ok,2026-09-09T02:09:08.662642+05:30,2026-09-09_0209IST,airline_direct,IndiGo
DEL,CCU,6E,IndiGo,6E 6415,2026-10-24,45,economy,,,21723.0,False,16:00,ok,2026-09-09T02:09:08.662642+05:30,2026-09-09_0209IST,airline_direct,IndiGo
DEL,CCU,6E,IndiGo,6E 2276,2026-10-24,45,business,,,27001.0,False,17:55,ok,2026-09-09T02:09:08.662642+05:30,2026-09-09_0209IST,airline_direct,IndiGo
DEL,CCU,6E,IndiGo,6E 2276,2026-10-24,45,economy,,,21723.0,False,17:55,ok,2026-09-09T02:09:08.662642+05:30,2026-09-09_0209IST,airline_direct,IndiGo
DEL,CCU,6E,IndiGo,6E 6517,2026-10-24,45,business,,,27001.0,False,19:30,ok,2026-09-09T02:09:08.662642+05:30,2026-09-09_0209IST,airline_direct,IndiGo
DEL,CCU,6E,IndiGo,6E 6517,2026-10-24,45,economy,,,21723.0,False,19:30,ok,2026-09-09T02:09:08.662642+05:30,2026-09-09_0209IST,airline_direct,IndiGo
DEL,CCU,6E,IndiGo,6E 389,2026-10-24,45,business,,,27001.0,False,21:50,ok,2026-09-09T02:09:08.662642+05:30,2026-09-09_0209IST,airline_direct,IndiGo
DEL,CCU,6E,IndiGo,6E 389,2026-10-24,45,economy,,,21723.0,False,21:50,ok,2026-09-09T02:09:08.662642+05:30,2026-09-09_0209IST,airline_direct,IndiGo
DEL,CCU,6E,IndiGo,6E 897,2026-10-24,45,business,,,27001.0,False,12:45,ok,2026-09-09T02:09:08.662642+05:30,2026-09-09_0209IST,airline_direct,IndiGo
DEL,CCU,6E,IndiGo,6E 897,2026-10-24,45,economy,,,22123.0,False,12:45,ok,2026-09-09T02:09:08.662642+05:30,2026-09-09_0209IST,airline_direct,IndiGo
DEL,CCU,6E,IndiGo,6E 6459,2026-10-24,45,economy,,,9518.0,False,05:55,ok,2026-09-09T02:09:08.662642+05:30,2026-09-09_0209IST,airline_direct,IndiGo
DEL,CCU,6E,IndiGo,6E 5036,2026-10-24,45,economy,,,10325.0,False,08:00,ok,2026-09-09T02:09:08.662642+05:30,2026-09-09_0209IST,airline_direct,IndiGo
DEL,CCU,6E,IndiGo,6E 6443,2026-10-24,45,economy,,,11212.0,False,09:00,ok,2026-09-09T02:09:08.662642+05:30,2026-09-09_0209IST,airline_direct,IndiGo
DEL,CCU,6E,IndiGo,6E 6312,2026-10-24,45,economy,,,11212.0,False,14:25,ok,2026-09-09T02:09:08.662642+05:30,2026-09-09_0209IST,airline_direct,IndiGo
DEL,CCU,6E,IndiGo,6E 734,2026-10-24,45,economy,,,12189.0,False,16:20,ok,2026-09-09T02:09:08.662642+05:30,2026-09-09_0209IST,airline_direct,IndiGo
DEL,CCU,6E,IndiGo,6E 6190,2026-10-24,45,economy,,,13340.0,False,07:40,ok,2026-09-09T02:09:08.662642+05:30,2026-09-09_0209IST,airline_direct,IndiGo
DEL,CCU,6E,IndiGo,6E 6190,2026-10-24,45,economy,,,13340.0,False,07:40,ok,2026-09-09T02:09:08.662642+05:30,2026-09-09_0209IST,airline_direct,IndiGo
DEL,CCU,6E,IndiGo,6E 2037,2026-10-24,45,economy,,,13340.0,False,10:55,ok,2026-09-09T02:09:08.662642+05:30,2026-09-09_0209IST,airline_direct,IndiGo
DEL,CCU,6E,IndiGo,6E 2453,2026-10-24,45,economy,,,14064.0,False,13:35,ok,2026-09-09T02:09:08.662642+05:30,2026-09-09_0209IST,airline_direct,IndiGo
DEL,CCU,6E,IndiGo,6E 6503,2026-10-24,45,economy,,,14835.0,False,13:25,ok,2026-09-09T02:09:08.662642+05:30,2026-09-09_0209IST,airline_direct,IndiGo
DEL,CCU,6E,IndiGo,6E 203,2026-10-24,45,business,,,29971.0,False,07:10,ok,2026-09-09T02:09:08.662642+05:30,2026-09-09_0209IST,airline_direct,IndiGo
DEL,CCU,6E,IndiGo,6E 203,2026-10-24,45,economy,,,15709.0,False,07:10,ok,2026-09-09T02:09:08.662642+05:30,2026-09-09_0209IST,airline_direct,IndiGo
DEL,CCU,6E,IndiGo,6E 705,2026-10-24,45,business,,,29971.0,False,08:30,ok,2026-09-09T02:09:08.662642+05:30,2026-09-09_0209IST,airline_direct,IndiGo
DEL,CCU,6E,IndiGo,6E 705,2026-10-24,45,economy,,,15709.0,False,08:30,ok,2026-09-09T02:09:08.662642+05:30,2026-09-09_0209IST,airline_direct,IndiGo
DEL,CCU,6E,IndiGo,6E 705,2026-10-24,45,business,,,29971.0,False,08:30,ok,2026-09-09T02:09:08.662642+05:30,2026-09-09_0209IST,airline_direct,IndiGo
DEL,CCU,6E,IndiGo,6E 705,2026-10-24,45,economy,,,15709.0,False,08:30,ok,2026-09-09T02:09:08.662642+05:30,2026-09-09_0209IST,airline_direct,IndiGo
DEL,CCU,6E,IndiGo,6E 6293,2026-10-24,45,business,,,29971.0,False,09:55,ok,2026-09-09T02:09:08.662642+05:30,2026-09-09_0209IST,airline_direct,IndiGo
DEL,CCU,6E,IndiGo,6E 6293,2026-10-24,45,economy,,,15709.0,False,09:55,ok,2026-09-09T02:09:08.662642+05:30,2026-09-09_0209IST,airline_direct,IndiGo
DEL,CCU,6E,IndiGo,6E 6246,2026-10-24,45,economy,,,15733.0,False,05:25,ok,2026-09-09T02:09:08.662642+05:30,2026-09-09_0209IST,airline_direct,IndiGo
DEL,CCU,6E,IndiGo,6E 5307,2026-10-24,45,economy,,,15921.0,False,10:50,ok,2026-09-09T02:09:08.662642+05:30,2026-09-09_0209IST,airline_direct,IndiGo
DEL,CCU,6E,IndiGo,6E 5307,2026-10-24,45,economy,,,15921.0,False,10:50,ok,2026-09-09T02:09:08.662642+05:30,2026-09-09_0209IST,airline_direct,IndiGo
DEL,CCU,6E,IndiGo,6E 6236,2026-10-24,45,economy,,,16059.0,False,16:20,ok,2026-09-09T02:09:08.662642+05:30,2026-09-09_0209IST,airline_direct,IndiGo
DEL,CCU,6E,IndiGo,6E 704,2026-10-24,45,business,,,28201.0,False,02:25,ok,2026-09-09T02:09:08.662642+05:30,2026-09-09_0209IST,airline_direct,IndiGo
DEL,CCU,6E,IndiGo,6E 704,2026-10-24,45,economy,,,16206.0,False,02:25,ok,2026-09-09T02:09:08.662642+05:30,2026-09-09_0209IST,airline_direct,IndiGo
DEL,CCU,6E,IndiGo,6E 2361,2026-10-24,45,economy,,,16870.0,False,14:35,ok,2026-09-09T02:09:08.662642+05:30,2026-09-09_0209IST,airline_direct,IndiGo
DEL,CCU,6E,IndiGo,6E 5033,2026-10-24,45,economy,,,17241.0,False,15:50,ok,2026-09-09T02:09:08.662642+05:30,2026-09-09_0209IST,airline_direct,IndiGo
DEL,CCU,6E,IndiGo,6E 6378,2026-10-24,45,economy,,,17346.0,False,14:40,ok,2026-09-09T02:09:08.662642+05:30,2026-09-09_0209IST,airline_direct,IndiGo
DEL,CCU,6E,IndiGo,6E 6282,2026-10-24,45,business,,,29971.0,False,13:30,ok,2026-09-09T02:09:08.662642+05:30,2026-09-09_0209IST,airline_direct,IndiGo
DEL,CCU,6E,IndiGo,6E 6282,2026-10-24,45,economy,,,17781.0,False,13:30,ok,2026-09-09T02:09:08.662642+05:30,2026-09-09_0209IST,airline_direct,IndiGo
DEL,CCU,6E,IndiGo,6E 5119,2026-10-24,45,economy,,,17976.0,False,05:10,ok,2026-09-09T02:09:08.662642+05:30,2026-09-09_0209IST,airline_direct,IndiGo
DEL,CCU,6E,IndiGo,6E 6245,2026-10-24,45,economy,,,18519.0,False,06:20,ok,2026-09-09T02:09:08.662642+05:30,2026-09-09_0209IST,airline_direct,IndiGo
DEL,CCU,6E,IndiGo,6E 6053,2026-10-24,45,economy,,,18807.0,False,13:05,ok,2026-09-09T02:09:08.662642+05:30,2026-09-09_0209IST,airline_direct,IndiGo
DEL,CCU,6E,IndiGo,6E 6217,2026-10-24,45,business,,,30325.0,False,16:15,ok,2026-09-09T02:09:08.662642+05:30,2026-09-09_0209IST,airline_direct,IndiGo
DEL,CCU,6E,IndiGo,6E 6217,2026-10-24,45,economy,,,18929.0,False,16:15,ok,2026-09-09T02:09:08.662642+05:30,2026-09-09_0209IST,airline_direct,IndiGo
DEL,CCU,6E,IndiGo,6E 6211,2026-10-24,45,economy,,,19122.0,False,09:10,ok,2026-09-09T02:09:08.662642+05:30,2026-09-09_0209IST,airline_direct,IndiGo
DEL,CCU,6E,IndiGo,6E 6371,2026-10-24,45,economy,,,19353.0,False,06:20,ok,2026-09-09T02:09:08.662642+05:30,2026-09-09_0209IST,airline_direct,IndiGo
DEL,CCU,6E,IndiGo,6E 5073,2026-10-24,45,economy,,,19446.0,False,17:05,ok,2026-09-09T02:09:08.662642+05:30,2026-09-09_0209IST,airline_direct,IndiGo
DEL,CCU,6E,IndiGo,6E 2259,2026-10-24,45,economy,,,19734.0,False,12:20,ok,2026-09-09T02:09:08.662642+05:30,2026-09-09_0209IST,airline_direct,IndiGo
DEL,CCU,6E,IndiGo,6E 2614,2026-10-24,45,economy,,,19734.0,False,14:40,ok,2026-09-09T02:09:08.662642+05:30,2026-09-09_0209IST,airline_direct,IndiGo
DEL,CCU,6E,IndiGo,6E 2769,2026-10-24,45,economy,,,20207.0,False,08:10,ok,2026-09-09T02:09:08.662642+05:30,2026-09-09_0209IST,airline_direct,IndiGo
DEL,CCU,6E,IndiGo,6E 6829,2026-10-24,45,economy,,,20564.0,False,17:20,ok,2026-09-09T02:09:08.662642+05:30,2026-09-09_0209IST,airline_direct,IndiGo
DEL,CCU,6E,IndiGo,6E 717,2026-10-24,45,business,,,28909.0,False,17:55,ok,2026-09-09T02:09:08.662642+05:30,2026-09-09_0209IST,airline_direct,IndiGo
DEL,CCU,6E,IndiGo,6E 717,2026-10-24,45,economy,,,20734.0,False,17:55,ok,2026-09-09T02:09:08.662642+05:30,2026-09-09_0209IST,airline_direct,IndiGo
DEL,CCU,6E,IndiGo,6E 6073,2026-10-24,45,economy,,,21351.0,False,05:00,ok,2026-09-09T02:09:08.662642+05:30,2026-09-09_0209IST,airline_direct,IndiGo
DEL,CCU,6E,IndiGo,6E 5215,2026-10-24,45,economy,,,21607.0,False,07:45,ok,2026-09-09T02:09:08.662642+05:30,2026-09-09_0209IST,airline_direct,IndiGo
DEL,CCU,6E,IndiGo,6E 6551,2026-10-24,45,economy,,,21768.0,False,12:00,ok,2026-09-09T02:09:08.662642+05:30,2026-09-09_0209IST,airline_direct,IndiGo
DEL,CCU,6E,IndiGo,6E 2296,2026-10-24,45,economy,,,21981.0,False,09:20,ok,2026-09-09T02:09:08.662642+05:30,2026-09-09_0209IST,airline_direct,IndiGo
DEL,CCU,6E,IndiGo,6E 717,2026-10-24,45,business,,,30325.0,False,17:55,ok,2026-09-09T02:09:08.662642+05:30,2026-09-09_0209IST,airline_direct,IndiGo
DEL,CCU,6E,IndiGo,6E 717,2026-10-24,45,economy,,,21994.0,False,17:55,ok,2026-09-09T02:09:08.662642+05:30,2026-09-09_0209IST,airline_direct,IndiGo
DEL,CCU,6E,IndiGo,6E 2331,2026-10-24,45,economy,,,23016.0,False,12:20,ok,2026-09-09T02:09:08.662642+05:30,2026-09-09_0209IST,airline_direct,IndiGo
DEL,CCU,6E,IndiGo,6E 2296,2026-10-24,45,economy,,,24501.0,False,09:20,ok,2026-09-09T02:09:08.662642+05:30,2026-09-09_0209IST,airline_direct,IndiGo
DEL,CCU,6E,IndiGo,6E 2203,2026-10-24,45,economy,,,25912.0,False,04:45,ok,2026-09-09T02:09:08.662642+05:30,2026-09-09_0209IST,airline_direct,IndiGo
DEL,CCU,6E,IndiGo,6E 5038,2026-10-24,45,economy,,,27736.0,False,14:00,ok,2026-09-09T02:09:08.662642+05:30,2026-09-09_0209IST,airline_direct,IndiGo
DEL,CCU,6E,IndiGo,6E 2317,2026-10-24,45,economy,,,27767.0,False,11:00,ok,2026-09-09T02:09:08.662642+05:30,2026-09-09_0209IST,airline_direct,IndiGo
DEL,CCU,6E,IndiGo,6E 2316,2026-10-24,45,economy,,,29587.0,False,17:30,ok,2026-09-09T02:09:08.662642+05:30,2026-09-09_0209IST,airline_direct,IndiGo
DEL,CCU,6E,IndiGo,6E 5041,2026-10-24,45,economy,,,30742.0,False,15:10,ok,2026-09-09T02:09:08.662642+05:30,2026-09-09_0209IST,airline_direct,IndiGo
DEL,CCU,6E,IndiGo,6E 5041,2026-10-24,45,economy,,,30742.0,False,15:10,ok,2026-09-09T02:09:08.662642+05:30,2026-09-09_0209IST,airline_direct,IndiGo
BLR,HYD,6E,IndiGo,6E 6784,2026-10-24,45,economy,,,4235.0,False,21:25,ok,2026-09-09T02:10:13.077086+05:30,2026-09-09_0210IST,airline_direct,IndiGo
BLR,HYD,6E,IndiGo,6E 6178,2026-10-24,45,economy,,,4561.0,False,06:10,ok,2026-09-09T02:10:13.077086+05:30,2026-09-09_0210IST,airline_direct,IndiGo
BLR,HYD,6E,IndiGo,6E 484,2026-10-24,45,economy,,,4561.0,False,08:15,ok,2026-09-09T02:10:13.077086+05:30,2026-09-09_0210IST,airline_direct,IndiGo
BLR,HYD,6E,IndiGo,6E 6067,2026-10-24,45,economy,,,4561.0,False,16:30,ok,2026-09-09T02:10:13.077086+05:30,2026-09-09_0210IST,airline_direct,IndiGo
BLR,HYD,6E,IndiGo,6E 312,2026-10-24,45,economy,,,4921.0,False,09:15,ok,2026-09-09T02:10:13.077086+05:30,2026-09-09_0210IST,airline_direct,IndiGo
BLR,HYD,6E,IndiGo,6E 537,2026-10-24,45,economy,,,4921.0,False,10:15,ok,2026-09-09T02:10:13.077086+05:30,2026-09-09_0210IST,airline_direct,IndiGo
BLR,HYD,6E,IndiGo,6E 6404,2026-10-24,45,economy,,,4921.0,False,11:35,ok,2026-09-09T02:10:13.077086+05:30,2026-09-09_0210IST,airline_direct,IndiGo
BLR,HYD,6E,IndiGo,6E 638,2026-10-24,45,economy,,,4921.0,False,18:35,ok,2026-09-09T02:10:13.077086+05:30,2026-09-09_0210IST,airline_direct,IndiGo
BLR,HYD,6E,IndiGo,6E 855,2026-10-24,45,economy,,,4921.0,False,19:45,ok,2026-09-09T02:10:13.077086+05:30,2026-09-09_0210IST,airline_direct,IndiGo
BLR,HYD,6E,IndiGo,6E 7227,2026-10-24,45,economy,,,5331.0,False,06:25,ok,2026-09-09T02:10:13.077086+05:30,2026-09-09_0210IST,airline_direct,IndiGo
BLR,HYD,6E,IndiGo,6E 7204,2026-10-24,45,economy,,,5463.0,False,06:50,ok,2026-09-09T02:10:13.077086+05:30,2026-09-09_0210IST,airline_direct,IndiGo
BLR,HYD,6E,IndiGo,6E 7204,2026-10-24,45,economy,,,5463.0,False,06:50,ok,2026-09-09T02:10:13.077086+05:30,2026-09-09_0210IST,airline_direct,IndiGo
BLR,HYD,6E,IndiGo,6E 857,2026-10-24,45,economy,,,5463.0,False,07:05,ok,2026-09-09T02:10:13.077086+05:30,2026-09-09_0210IST,airline_direct,IndiGo
BLR,HYD,6E,IndiGo,6E 857,2026-10-24,45,economy,,,5463.0,False,07:05,ok,2026-09-09T02:10:13.077086+05:30,2026-09-09_0210IST,airline_direct,IndiGo
BLR,HYD,6E,IndiGo,6E 763,2026-10-24,45,economy,,,5463.0,False,07:10,ok,2026-09-09T02:10:13.077086+05:30,2026-09-09_0210IST,airline_direct,IndiGo
BLR,HYD,6E,IndiGo,6E 763,2026-10-24,45,economy,,,5463.0,False,07:10,ok,2026-09-09T02:10:13.077086+05:30,2026-09-09_0210IST,airline_direct,IndiGo
BLR,HYD,6E,IndiGo,6E 6269,2026-10-24,45,economy,,,5463.0,False,07:15,ok,2026-09-09T02:10:13.077086+05:30,2026-09-09_0210IST,airline_direct,IndiGo
BLR,HYD,6E,IndiGo,6E 904,2026-10-24,45,economy,,,5463.0,False,10:40,ok,2026-09-09T02:10:13.077086+05:30,2026-09-09_0210IST,airline_direct,IndiGo
BLR,HYD,6E,IndiGo,6E 6104,2026-10-24,45,economy,,,5463.0,False,11:40,ok,2026-09-09T02:10:13.077086+05:30,2026-09-09_0210IST,airline_direct,IndiGo
BLR,HYD,6E,IndiGo,6E 6208,2026-10-24,45,economy,,,5463.0,False,12:55,ok,2026-09-09T02:10:13.077086+05:30,2026-09-09_0210IST,airline_direct,IndiGo
BLR,HYD,6E,IndiGo,6E 6208,2026-10-24,45,economy,,,5463.0,False,12:55,ok,2026-09-09T02:10:13.077086+05:30,2026-09-09_0210IST,airline_direct,IndiGo
BLR,HYD,6E,IndiGo,6E 414,2026-10-24,45,economy,,,5463.0,False,14:45,ok,2026-09-09T02:10:13.077086+05:30,2026-09-09_0210IST,airline_direct,IndiGo
BLR,HYD,6E,IndiGo,6E 7223,2026-10-24,45,economy,,,5463.0,False,15:30,ok,2026-09-09T02:10:13.077086+05:30,2026-09-09_0210IST,airline_direct,IndiGo
BLR,HYD,6E,IndiGo,6E 109,2026-10-24,45,economy,,,5463.0,False,17:00,ok,2026-09-09T02:10:13.077086+05:30,2026-09-09_0210IST,airline_direct,IndiGo
BLR,HYD,6E,IndiGo,6E 7231,2026-10-24,45,economy,,,5463.0,False,17:10,ok,2026-09-09T02:10:13.077086+05:30,2026-09-09_0210IST,airline_direct,IndiGo
BLR,HYD,6E,IndiGo,6E 356,2026-10-24,45,economy,,,5463.0,False,17:15,ok,2026-09-09T02:10:13.077086+05:30,2026-09-09_0210IST,airline_direct,IndiGo
BLR,HYD,6E,IndiGo,6E 356,2026-10-24,45,economy,,,5463.0,False,17:15,ok,2026-09-09T02:10:13.077086+05:30,2026-09-09_0210IST,airline_direct,IndiGo
BLR,HYD,6E,IndiGo,6E 6017,2026-10-24,45,economy,,,5463.0,False,18:15,ok,2026-09-09T02:10:13.077086+05:30,2026-09-09_0210IST,airline_direct,IndiGo
BLR,HYD,6E,IndiGo,6E 105,2026-10-24,45,economy,,,5463.0,False,18:45,ok,2026-09-09T02:10:13.077086+05:30,2026-09-09_0210IST,airline_direct,IndiGo
BLR,HYD,6E,IndiGo,6E 6162,2026-10-24,45,economy,,,5463.0,False,18:50,ok,2026-09-09T02:10:13.077086+05:30,2026-09-09_0210IST,airline_direct,IndiGo
BLR,HYD,6E,IndiGo,6E 441,2026-10-24,45,economy,,,5463.0,False,20:40,ok,2026-09-09T02:10:13.077086+05:30,2026-09-09_0210IST,airline_direct,IndiGo
BLR,HYD,6E,IndiGo,6E 528,2026-10-24,45,economy,,,5463.0,False,21:40,ok,2026-09-09T02:10:13.077086+05:30,2026-09-09_0210IST,airline_direct,IndiGo
BLR,HYD,6E,IndiGo,6E 116,2026-10-24,45,economy,,,5463.0,False,23:05,ok,2026-09-09T02:10:13.077086+05:30,2026-09-09_0210IST,airline_direct,IndiGo
BLR,HYD,6E,IndiGo,6E 116,2026-10-24,45,economy,,,5463.0,False,23:05,ok,2026-09-09T02:10:13.077086+05:30,2026-09-09_0210IST,airline_direct,IndiGo
BLR,HYD,6E,IndiGo,6E 6583,2026-10-24,45,economy,,,5594.0,False,10:30,ok,2026-09-09T02:10:13.077086+05:30,2026-09-09_0210IST,airline_direct,IndiGo
BLR,HYD,6E,IndiGo,6E 6269,2026-10-24,45,economy,,,5793.0,False,07:15,ok,2026-09-09T02:10:13.077086+05:30,2026-09-09_0210IST,airline_direct,IndiGo
BLR,HYD,6E,IndiGo,6E 7005,2026-10-24,45,economy,,,5793.0,False,08:05,ok,2026-09-09T02:10:13.077086+05:30,2026-09-09_0210IST,airline_direct,IndiGo
BLR,HYD,6E,IndiGo,6E 6891,2026-10-24,45,economy,,,5793.0,False,17:15,ok,2026-09-09T02:10:13.077086+05:30,2026-09-09_0210IST,airline_direct,IndiGo
BLR,HYD,6E,IndiGo,6E 574,2026-10-24,45,economy,,,5925.0,False,11:05,ok,2026-09-09T02:10:13.077086+05:30,2026-09-09_0210IST,airline_direct,IndiGo
BLR,HYD,6E,IndiGo,6E 6563,2026-10-24,45,economy,,,6153.0,False,01:05,ok,2026-09-09T02:10:13.077086+05:30,2026-09-09_0210IST,airline_direct,IndiGo
BLR,HYD,6E,IndiGo,6E 6653,2026-10-24,45,economy,,,6153.0,False,12:35,ok,2026-09-09T02:10:13.077086+05:30,2026-09-09_0210IST,airline_direct,IndiGo
BLR,HYD,6E,IndiGo,6E 6753,2026-10-24,45,economy,,,6153.0,False,15:15,ok,2026-09-09T02:10:13.077086+05:30,2026-09-09_0210IST,airline_direct,IndiGo
BLR,HYD,6E,IndiGo,6E 6003,2026-10-24,45,economy,,,6153.0,False,15:35,ok,2026-09-09T02:10:13.077086+05:30,2026-09-09_0210IST,airline_direct,IndiGo
BLR,HYD,6E,IndiGo,6E 6168,2026-10-24,45,economy,,,6153.0,False,17:20,ok,2026-09-09T02:10:13.077086+05:30,2026-09-09_0210IST,airline_direct,IndiGo
BLR,HYD,6E,IndiGo,6E 6554,2026-10-24,45,economy,,,6153.0,False,19:10,ok,2026-09-09T02:10:13.077086+05:30,2026-09-09_0210IST,airline_direct,IndiGo
BLR,HYD,6E,IndiGo,6E 6875,2026-10-24,45,economy,,,6153.0,False,19:55,ok,2026-09-09T02:10:13.077086+05:30,2026-09-09_0210IST,airline_direct,IndiGo
BLR,HYD,6E,IndiGo,6E 6583,2026-10-24,45,economy,,,6284.0,False,10:30,ok,2026-09-09T02:10:13.077086+05:30,2026-09-09_0210IST,airline_direct,IndiGo
BLR,HYD,6E,IndiGo,6E 6336,2026-10-24,45,economy,,,6284.0,False,12:40,ok,2026-09-09T02:10:13.077086+05:30,2026-09-09_0210IST,airline_direct,IndiGo
BLR,HYD,6E,IndiGo,6E 6876,2026-10-24,45,economy,,,6543.0,False,02:40,ok,2026-09-09T02:10:13.077086+05:30,2026-09-09_0210IST,airline_direct,IndiGo
BLR,HYD,6E,IndiGo,6E 7005,2026-10-24,45,economy,,,6543.0,False,08:05,ok,2026-09-09T02:10:13.077086+05:30,2026-09-09_0210IST,airline_direct,IndiGo
BLR,HYD,6E,IndiGo,6E 6445,2026-10-24,45,economy,,,6543.0,False,10:25,ok,2026-09-09T02:10:13.077086+05:30,2026-09-09_0210IST,airline_direct,IndiGo
BLR,HYD,6E,IndiGo,6E 6753,2026-10-24,45,economy,,,6543.0,False,15:15,ok,2026-09-09T02:10:13.077086+05:30,2026-09-09_0210IST,airline_direct,IndiGo
BLR,HYD,6E,IndiGo,6E 6168,2026-10-24,45,economy,,,6543.0,False,17:20,ok,2026-09-09T02:10:13.077086+05:30,2026-09-09_0210IST,airline_direct,IndiGo
BLR,HYD,6E,IndiGo,6E 6445,2026-10-24,45,economy,,,7432.0,False,10:25,ok,2026-09-09T02:10:13.077086+05:30,2026-09-09_0210IST,airline_direct,IndiGo
BLR,HYD,6E,IndiGo,6E 703,2026-10-24,45,economy,,,7432.0,False,12:55,ok,2026-09-09T02:10:13.077086+05:30,2026-09-09_0210IST,airline_direct,IndiGo
BLR,HYD,6E,IndiGo,6E 6104,2026-10-24,45,economy,,,8484.0,False,11:40,ok,2026-09-09T02:10:13.077086+05:30,2026-09-09_0210IST,airline_direct,IndiGo
BLR,HYD,6E,IndiGo,6E 414,2026-10-24,45,economy,,,9781.0,False,14:45,ok,2026-09-09T02:10:13.077086+05:30,2026-09-09_0210IST,airline_direct,IndiGo
BLR,HYD,6E,IndiGo,6E 7285,2026-10-24,45,economy,,,9861.0,False,06:50,ok,2026-09-09T02:10:13.077086+05:30,2026-09-09_0210IST,airline_direct,IndiGo
BLR,HYD,6E,IndiGo,6E 7176,2026-10-24,45,economy,,,7573.0,False,10:10,ok,2026-09-09T02:10:13.077086+05:30,2026-09-09_0210IST,airline_direct,IndiGo
MAA,DEL,6E,IndiGo,6E 953,2026-10-24,45,business,,,24700.0,False,02:45,ok,2026-09-09T02:11:11.563742+05:30,2026-09-09_0211IST,airline_direct,IndiGo
MAA,DEL,6E,IndiGo,6E 953,2026-10-24,45,economy,,,9830.0,False,02:45,ok,2026-09-09T02:11:11.563742+05:30,2026-09-09_0211IST,airline_direct,IndiGo
MAA,DEL,6E,IndiGo,6E 951,2026-10-24,45,business,,,24700.0,False,21:50,ok,2026-09-09T02:11:11.563742+05:30,2026-09-09_0211IST,airline_direct,IndiGo
MAA,DEL,6E,IndiGo,6E 951,2026-10-24,45,economy,,,9830.0,False,21:50,ok,2026-09-09T02:11:11.563742+05:30,2026-09-09_0211IST,airline_direct,IndiGo
MAA,DEL,6E,IndiGo,6E 2369,2026-10-24,45,business,,,24700.0,False,23:45,ok,2026-09-09T02:11:11.563742+05:30,2026-09-09_0211IST,airline_direct,IndiGo
MAA,DEL,6E,IndiGo,6E 2369,2026-10-24,45,economy,,,9830.0,False,23:45,ok,2026-09-09T02:11:11.563742+05:30,2026-09-09_0211IST,airline_direct,IndiGo
MAA,DEL,6E,IndiGo,6E 698,2026-10-24,45,business,,,24700.0,False,16:45,ok,2026-09-09T02:11:11.563742+05:30,2026-09-09_0211IST,airline_direct,IndiGo
MAA,DEL,6E,IndiGo,6E 698,2026-10-24,45,economy,,,10295.0,False,16:45,ok,2026-09-09T02:11:11.563742+05:30,2026-09-09_0211IST,airline_direct,IndiGo
MAA,DEL,6E,IndiGo,6E 613,2026-10-24,45,business,,,24700.0,False,19:00,ok,2026-09-09T02:11:11.563742+05:30,2026-09-09_0211IST,airline_direct,IndiGo
MAA,DEL,6E,IndiGo,6E 613,2026-10-24,45,economy,,,10295.0,False,19:00,ok,2026-09-09T02:11:11.563742+05:30,2026-09-09_0211IST,airline_direct,IndiGo
MAA,DEL,6E,IndiGo,6E 937,2026-10-24,45,business,,,24700.0,False,06:30,ok,2026-09-09T02:11:11.563742+05:30,2026-09-09_0211IST,airline_direct,IndiGo
MAA,DEL,6E,IndiGo,6E 937,2026-10-24,45,economy,,,10785.0,False,06:30,ok,2026-09-09T02:11:11.563742+05:30,2026-09-09_0211IST,airline_direct,IndiGo
MAA,DEL,6E,IndiGo,6E 939,2026-10-24,45,business,,,24700.0,False,13:00,ok,2026-09-09T02:11:11.563742+05:30,2026-09-09_0211IST,airline_direct,IndiGo
MAA,DEL,6E,IndiGo,6E 939,2026-10-24,45,economy,,,10785.0,False,13:00,ok,2026-09-09T02:11:11.563742+05:30,2026-09-09_0211IST,airline_direct,IndiGo
MAA,DEL,6E,IndiGo,6E 948,2026-10-24,45,business,,,24700.0,False,14:30,ok,2026-09-09T02:11:11.563742+05:30,2026-09-09_0211IST,airline_direct,IndiGo
MAA,DEL,6E,IndiGo,6E 948,2026-10-24,45,economy,,,10785.0,False,14:30,ok,2026-09-09T02:11:11.563742+05:30,2026-09-09_0211IST,airline_direct,IndiGo
MAA,DEL,6E,IndiGo,6E 404,2026-10-24,45,business,,,24700.0,False,09:15,ok,2026-09-09T02:11:11.563742+05:30,2026-09-09_0211IST,airline_direct,IndiGo
MAA,DEL,6E,IndiGo,6E 404,2026-10-24,45,economy,,,11303.0,False,09:15,ok,2026-09-09T02:11:11.563742+05:30,2026-09-09_0211IST,airline_direct,IndiGo
MAA,DEL,6E,IndiGo,6E 6002,2026-10-24,45,business,,,24700.0,False,11:10,ok,2026-09-09T02:11:11.563742+05:30,2026-09-09_0211IST,airline_direct,IndiGo
MAA,DEL,6E,IndiGo,6E 6002,2026-10-24,45,economy,,,11303.0,False,11:10,ok,2026-09-09T02:11:11.563742+05:30,2026-09-09_0211IST,airline_direct,IndiGo
MAA,DEL,6E,IndiGo,6E 6797,2026-10-24,45,economy,,,9568.0,False,13:10,ok,2026-09-09T02:11:11.563742+05:30,2026-09-09_0211IST,airline_direct,IndiGo
MAA,DEL,6E,IndiGo,6E 7084,2026-10-24,45,economy,,,9647.0,False,07:20,ok,2026-09-09T02:11:11.563742+05:30,2026-09-09_0211IST,airline_direct,IndiGo
MAA,DEL,6E,IndiGo,6E 253,2026-10-24,45,business,,,28061.0,False,03:10,ok,2026-09-09T02:11:11.563742+05:30,2026-09-09_0211IST,airline_direct,IndiGo
MAA,DEL,6E,IndiGo,6E 253,2026-10-24,45,economy,,,9778.0,False,03:10,ok,2026-09-09T02:11:11.563742+05:30,2026-09-09_0211IST,airline_direct,IndiGo
MAA,DEL,6E,IndiGo,6E 607,2026-10-24,45,business,,,28415.0,False,04:50,ok,2026-09-09T02:11:11.563742+05:30,2026-09-09_0211IST,airline_direct,IndiGo
MAA,DEL,6E,IndiGo,6E 607,2026-10-24,45,economy,,,9778.0,False,04:50,ok,2026-09-09T02:11:11.563742+05:30,2026-09-09_0211IST,airline_direct,IndiGo
MAA,DEL,6E,IndiGo,6E 495,2026-10-24,45,business,,,26398.0,False,07:10,ok,2026-09-09T02:11:11.563742+05:30,2026-09-09_0211IST,airline_direct,IndiGo
MAA,DEL,6E,IndiGo,6E 495,2026-10-24,45,economy,,,9778.0,False,07:10,ok,2026-09-09T02:11:11.563742+05:30,2026-09-09_0211IST,airline_direct,IndiGo
MAA,DEL,6E,IndiGo,6E 834,2026-10-24,45,business,,,27907.0,False,09:05,ok,2026-09-09T02:11:11.563742+05:30,2026-09-09_0211IST,airline_direct,IndiGo
MAA,DEL,6E,IndiGo,6E 834,2026-10-24,45,economy,,,9778.0,False,09:05,ok,2026-09-09T02:11:11.563742+05:30,2026-09-09_0211IST,airline_direct,IndiGo
MAA,DEL,6E,IndiGo,6E 834,2026-10-24,45,business,,,27907.0,False,09:05,ok,2026-09-09T02:11:11.563742+05:30,2026-09-09_0211IST,airline_direct,IndiGo
MAA,DEL,6E,IndiGo,6E 834,2026-10-24,45,economy,,,9778.0,False,09:05,ok,2026-09-09T02:11:11.563742+05:30,2026-09-09_0211IST,airline_direct,IndiGo
MAA,DEL,6E,IndiGo,6E 991,2026-10-24,45,economy,,,9778.0,False,09:30,ok,2026-09-09T02:11:11.563742+05:30,2026-09-09_0211IST,airline_direct,IndiGo
MAA,DEL,6E,IndiGo,6E 372,2026-10-24,45,business,,,26398.0,False,09:55,ok,2026-09-09T02:11:11.563742+05:30,2026-09-09_0211IST,airline_direct,IndiGo
MAA,DEL,6E,IndiGo,6E 372,2026-10-24,45,economy,,,9778.0,False,09:55,ok,2026-09-09T02:11:11.563742+05:30,2026-09-09_0211IST,airline_direct,IndiGo
MAA,DEL,6E,IndiGo,6E 6925,2026-10-24,45,business,,,29880.0,False,12:00,ok,2026-09-09T02:11:11.563742+05:30,2026-09-09_0211IST,airline_direct,IndiGo
MAA,DEL,6E,IndiGo,6E 6925,2026-10-24,45,economy,,,9778.0,False,12:00,ok,2026-09-09T02:11:11.563742+05:30,2026-09-09_0211IST,airline_direct,IndiGo
MAA,DEL,6E,IndiGo,6E 6158,2026-10-24,45,business,,,26398.0,False,16:10,ok,2026-09-09T02:11:11.563742+05:30,2026-09-09_0211IST,airline_direct,IndiGo
MAA,DEL,6E,IndiGo,6E 6158,2026-10-24,45,economy,,,9778.0,False,16:10,ok,2026-09-09T02:11:11.563742+05:30,2026-09-09_0211IST,airline_direct,IndiGo
MAA,DEL,6E,IndiGo,6E 562,2026-10-24,45,business,,,26398.0,False,18:20,ok,2026-09-09T02:11:11.563742+05:30,2026-09-09_0211IST,airline_direct,IndiGo
MAA,DEL,6E,IndiGo,6E 562,2026-10-24,45,economy,,,9778.0,False,18:20,ok,2026-09-09T02:11:11.563742+05:30,2026-09-09_0211IST,airline_direct,IndiGo
MAA,DEL,6E,IndiGo,6E 193,2026-10-24,45,business,,,26398.0,False,20:00,ok,2026-09-09T02:11:11.563742+05:30,2026-09-09_0211IST,airline_direct,IndiGo
MAA,DEL,6E,IndiGo,6E 193,2026-10-24,45,economy,,,9778.0,False,20:00,ok,2026-09-09T02:11:11.563742+05:30,2026-09-09_0211IST,airline_direct,IndiGo
MAA,DEL,6E,IndiGo,6E 6487,2026-10-24,45,business,,,26398.0,False,21:25,ok,2026-09-09T02:11:11.563742+05:30,2026-09-09_0211IST,airline_direct,IndiGo
MAA,DEL,6E,IndiGo,6E 6487,2026-10-24,45,economy,,,9778.0,False,21:25,ok,2026-09-09T02:11:11.563742+05:30,2026-09-09_0211IST,airline_direct,IndiGo
MAA,DEL,6E,IndiGo,6E 561,2026-10-24,45,business,,,28415.0,False,22:20,ok,2026-09-09T02:11:11.563742+05:30,2026-09-09_0211IST,airline_direct,IndiGo
MAA,DEL,6E,IndiGo,6E 561,2026-10-24,45,economy,,,9778.0,False,22:20,ok,2026-09-09T02:11:11.563742+05:30,2026-09-09_0211IST,airline_direct,IndiGo
MAA,DEL,6E,IndiGo,6E 6081,2026-10-24,45,business,,,29704.0,False,07:05,ok,2026-09-09T02:11:11.563742+05:30,2026-09-09_0211IST,airline_direct,IndiGo
MAA,DEL,6E,IndiGo,6E 6081,2026-10-24,45,economy,,,9857.0,False,07:05,ok,2026-09-09T02:11:11.563742+05:30,2026-09-09_0211IST,airline_direct,IndiGo
MAA,DEL,6E,IndiGo,6E 6815,2026-10-24,45,business,,,29704.0,False,08:55,ok,2026-09-09T02:11:11.563742+05:30,2026-09-09_0211IST,airline_direct,IndiGo
MAA,DEL,6E,IndiGo,6E 6815,2026-10-24,45,economy,,,9857.0,False,08:55,ok,2026-09-09T02:11:11.563742+05:30,2026-09-09_0211IST,airline_direct,IndiGo
MAA,DEL,6E,IndiGo,6E 6892,2026-10-24,45,business,,,29704.0,False,10:55,ok,2026-09-09T02:11:11.563742+05:30,2026-09-09_0211IST,airline_direct,IndiGo
MAA,DEL,6E,IndiGo,6E 6892,2026-10-24,45,economy,,,9857.0,False,10:55,ok,2026-09-09T02:11:11.563742+05:30,2026-09-09_0211IST,airline_direct,IndiGo
MAA,DEL,6E,IndiGo,6E 847,2026-10-24,45,business,,,29704.0,False,16:15,ok,2026-09-09T02:11:11.563742+05:30,2026-09-09_0211IST,airline_direct,IndiGo
MAA,DEL,6E,IndiGo,6E 847,2026-10-24,45,economy,,,9857.0,False,16:15,ok,2026-09-09T02:11:11.563742+05:30,2026-09-09_0211IST,airline_direct,IndiGo
MAA,DEL,6E,IndiGo,6E 365,2026-10-24,45,business,,,29704.0,False,17:45,ok,2026-09-09T02:11:11.563742+05:30,2026-09-09_0211IST,airline_direct,IndiGo
MAA,DEL,6E,IndiGo,6E 365,2026-10-24,45,economy,,,9857.0,False,17:45,ok,2026-09-09T02:11:11.563742+05:30,2026-09-09_0211IST,airline_direct,IndiGo
MAA,DEL,6E,IndiGo,6E 189,2026-10-24,45,business,,,29704.0,False,19:05,ok,2026-09-09T02:11:11.563742+05:30,2026-09-09_0211IST,airline_direct,IndiGo
MAA,DEL,6E,IndiGo,6E 189,2026-10-24,45,economy,,,9857.0,False,19:05,ok,2026-09-09T02:11:11.563742+05:30,2026-09-09_0211IST,airline_direct,IndiGo
MAA,DEL,6E,IndiGo,6E 6812,2026-10-24,45,economy,,,9857.0,False,20:00,ok,2026-09-09T02:11:11.563742+05:30,2026-09-09_0211IST,airline_direct,IndiGo
MAA,DEL,6E,IndiGo,6E 796,2026-10-24,45,business,,,29704.0,False,22:00,ok,2026-09-09T02:11:11.563742+05:30,2026-09-09_0211IST,airline_direct,IndiGo
MAA,DEL,6E,IndiGo,6E 796,2026-10-24,45,economy,,,9857.0,False,22:00,ok,2026-09-09T02:11:11.563742+05:30,2026-09-09_0211IST,airline_direct,IndiGo
MAA,DEL,6E,IndiGo,6E 6140,2026-10-24,45,business,,,29944.0,False,02:30,ok,2026-09-09T02:11:11.563742+05:30,2026-09-09_0211IST,airline_direct,IndiGo
MAA,DEL,6E,IndiGo,6E 6140,2026-10-24,45,economy,,,9988.0,False,02:30,ok,2026-09-09T02:11:11.563742+05:30,2026-09-09_0211IST,airline_direct,IndiGo
MAA,DEL,6E,IndiGo,6E 6140,2026-10-24,45,business,,,29944.0,False,02:30,ok,2026-09-09T02:11:11.563742+05:30,2026-09-09_0211IST,airline_direct,IndiGo
MAA,DEL,6E,IndiGo,6E 6140,2026-10-24,45,economy,,,9988.0,False,02:30,ok,2026-09-09T02:11:11.563742+05:30,2026-09-09_0211IST,airline_direct,IndiGo
MAA,DEL,6E,IndiGo,6E 5093,2026-10-24,45,business,,,35375.0,False,05:00,ok,2026-09-09T02:11:11.563742+05:30,2026-09-09_0211IST,airline_direct,IndiGo
MAA,DEL,6E,IndiGo,6E 5093,2026-10-24,45,economy,,,9988.0,False,05:00,ok,2026-09-09T02:11:11.563742+05:30,2026-09-09_0211IST,airline_direct,IndiGo
MAA,DEL,6E,IndiGo,6E 6348,2026-10-24,45,business,,,35375.0,False,09:00,ok,2026-09-09T02:11:11.563742+05:30,2026-09-09_0211IST,airline_direct,IndiGo
MAA,DEL,6E,IndiGo,6E 6348,2026-10-24,45,economy,,,9988.0,False,09:00,ok,2026-09-09T02:11:11.563742+05:30,2026-09-09_0211IST,airline_direct,IndiGo
MAA,DEL,6E,IndiGo,6E 6348,2026-10-24,45,business,,,35375.0,False,09:00,ok,2026-09-09T02:11:11.563742+05:30,2026-09-09_0211IST,airline_direct,IndiGo
MAA,DEL,6E,IndiGo,6E 6348,2026-10-24,45,economy,,,9988.0,False,09:00,ok,2026-09-09T02:11:11.563742+05:30,2026-09-09_0211IST,airline_direct,IndiGo
MAA,DEL,6E,IndiGo,6E 5214,2026-10-24,45,business,,,35375.0,False,11:00,ok,2026-09-09T02:11:11.563742+05:30,2026-09-09_0211IST,airline_direct,IndiGo
MAA,DEL,6E,IndiGo,6E 5214,2026-10-24,45,economy,,,9988.0,False,11:00,ok,2026-09-09T02:11:11.563742+05:30,2026-09-09_0211IST,airline_direct,IndiGo
MAA,DEL,6E,IndiGo,6E 5258,2026-10-24,45,business,,,35375.0,False,12:45,ok,2026-09-09T02:11:11.563742+05:30,2026-09-09_0211IST,airline_direct,IndiGo
MAA,DEL,6E,IndiGo,6E 5258,2026-10-24,45,economy,,,9988.0,False,12:45,ok,2026-09-09T02:11:11.563742+05:30,2026-09-09_0211IST,airline_direct,IndiGo
MAA,DEL,6E,IndiGo,6E 5371,2026-10-24,45,business,,,35375.0,False,14:45,ok,2026-09-09T02:11:11.563742+05:30,2026-09-09_0211IST,airline_direct,IndiGo
MAA,DEL,6E,IndiGo,6E 5371,2026-10-24,45,economy,,,9988.0,False,14:45,ok,2026-09-09T02:11:11.563742+05:30,2026-09-09_0211IST,airline_direct,IndiGo
MAA,DEL,6E,IndiGo,6E 6113,2026-10-24,45,economy,,,9988.0,False,17:00,ok,2026-09-09T02:11:11.563742+05:30,2026-09-09_0211IST,airline_direct,IndiGo
MAA,DEL,6E,IndiGo,6E 588,2026-10-24,45,business,,,37425.0,False,17:40,ok,2026-09-09T02:11:11.563742+05:30,2026-09-09_0211IST,airline_direct,IndiGo
MAA,DEL,6E,IndiGo,6E 588,2026-10-24,45,economy,,,9988.0,False,17:40,ok,2026-09-09T02:11:11.563742+05:30,2026-09-09_0211IST,airline_direct,IndiGo
MAA,DEL,6E,IndiGo,6E 5367,2026-10-24,45,business,,,35375.0,False,18:15,ok,2026-09-09T02:11:11.563742+05:30,2026-09-09_0211IST,airline_direct,IndiGo
MAA,DEL,6E,IndiGo,6E 5367,2026-10-24,45,economy,,,9988.0,False,18:15,ok,2026-09-09T02:11:11.563742+05:30,2026-09-09_0211IST,airline_direct,IndiGo
MAA,DEL,6E,IndiGo,6E 597,2026-10-24,45,economy,,,10146.0,False,17:45,ok,2026-09-09T02:11:11.563742+05:30,2026-09-09_0211IST,airline_direct,IndiGo
MAA,DEL,6E,IndiGo,6E 973,2026-10-24,45,business,,,38487.0,False,11:55,ok,2026-09-09T02:11:11.563742+05:30,2026-09-09_0211IST,airline_direct,IndiGo
MAA,DEL,6E,IndiGo,6E 973,2026-10-24,45,economy,,,10535.0,False,11:55,ok,2026-09-09T02:11:11.563742+05:30,2026-09-09_0211IST,airline_direct,IndiGo
MAA,DEL,6E,IndiGo,6E 6892,2026-10-24,45,business,,,29704.0,False,10:55,ok,2026-09-09T02:11:11.563742+05:30,2026-09-09_0211IST,airline_direct,IndiGo
MAA,DEL,6E,IndiGo,6E 6892,2026-10-24,45,economy,,,10614.0,False,10:55,ok,2026-09-09T02:11:11.563742+05:30,2026-09-09_0211IST,airline_direct,IndiGo
MAA,DEL,6E,IndiGo,6E 6209,2026-10-24,45,business,,,29704.0,False,14:35,ok,2026-09-09T02:11:11.563742+05:30,2026-09-09_0211IST,airline_direct,IndiGo
MAA,DEL,6E,IndiGo,6E 6209,2026-10-24,45,economy,,,10614.0,False,14:35,ok,2026-09-09T02:11:11.563742+05:30,2026-09-09_0211IST,airline_direct,IndiGo
MAA,DEL,6E,IndiGo,6E 6209,2026-10-24,45,business,,,29704.0,False,14:35,ok,2026-09-09T02:11:11.563742+05:30,2026-09-09_0211IST,airline_direct,IndiGo
MAA,DEL,6E,IndiGo,6E 6209,2026-10-24,45,economy,,,10614.0,False,14:35,ok,2026-09-09T02:11:11.563742+05:30,2026-09-09_0211IST,airline_direct,IndiGo
MAA,DEL,6E,IndiGo,6E 6079,2026-10-24,45,economy,,,12137.0,False,10:15,ok,2026-09-09T02:11:11.563742+05:30,2026-09-09_0211IST,airline_direct,IndiGo
MAA,DEL,6E,IndiGo,6E 848,2026-10-24,45,economy,,,12872.0,False,17:50,ok,2026-09-09T02:11:11.563742+05:30,2026-09-09_0211IST,airline_direct,IndiGo
MAA,DEL,6E,IndiGo,6E 6081,2026-10-24,45,business,,,29704.0,False,07:05,ok,2026-09-09T02:11:11.563742+05:30,2026-09-09_0211IST,airline_direct,IndiGo
MAA,DEL,6E,IndiGo,6E 6081,2026-10-24,45,economy,,,13356.0,False,07:05,ok,2026-09-09T02:11:11.563742+05:30,2026-09-09_0211IST,airline_direct,IndiGo
MAA,DEL,6E,IndiGo,6E 401,2026-10-24,45,economy,,,14373.0,False,08:10,ok,2026-09-09T02:11:11.563742+05:30,2026-09-09_0211IST,airline_direct,IndiGo
MAA,DEL,6E,IndiGo,6E 244,2026-10-24,45,economy,,,14961.0,False,03:55,ok,2026-09-09T02:11:11.563742+05:30,2026-09-09_0211IST,airline_direct,IndiGo
MAA,DEL,6E,IndiGo,6E 539,2026-10-24,45,economy,,,15577.0,False,11:25,ok,2026-09-09T02:11:11.563742+05:30,2026-09-09_0211IST,airline_direct,IndiGo
MAA,DEL,6E,IndiGo,6E 321,2026-10-24,45,business,,,38909.0,False,08:20,ok,2026-09-09T02:11:11.563742+05:30,2026-09-09_0211IST,airline_direct,IndiGo
MAA,DEL,6E,IndiGo,6E 321,2026-10-24,45,economy,,,24541.0,False,08:20,ok,2026-09-09T02:11:11.563742+05:30,2026-09-09_0211IST,airline_direct,IndiGo
MAA,DEL,6E,IndiGo,6E 986,2026-10-24,45,business,,,41151.0,False,15:05,ok,2026-09-09T02:11:11.563742+05:30,2026-09-09_0211IST,airline_direct,IndiGo
MAA,DEL,6E,IndiGo,6E 986,2026-10-24,45,economy,,,26536.0,False,15:05,ok,2026-09-09T02:11:11.563742+05:30,2026-09-09_0211IST,airline_direct,IndiGo
MAA,DEL,6E,IndiGo,6E 264,2026-10-24,45,business,,,51892.0,False,23:20,ok,2026-09-09T02:11:11.563742+05:30,2026-09-09_0211IST,airline_direct,IndiGo
MAA,DEL,6E,IndiGo,6E 264,2026-10-24,45,economy,,,36093.0,False,23:20,ok,2026-09-09T02:11:11.563742+05:30,2026-09-09_0211IST,airline_direct,IndiGo
