origin,destination,carrier_code,carrier_name,flight_num,travel_date,advance_purchase_days,fare_class,base_fare,taxes_and_fees,total_fare,fare_split_estimated,departure_time,status,scraped_at,capture_run,source,source_name
DEL,BOM,6E,IndiGo,6E 6218,2026-09-12,1,business,,,24260.0,False,06:05,ok,2026-09-11T01:29:46.662126+05:30,2026-09-11_0129IST,airline_direct,IndiGo
DEL,BOM,6E,IndiGo,6E 6218,2026-09-12,1,economy,,,6305.0,False,06:05,ok,2026-09-11T01:29:46.662126+05:30,2026-09-11_0129IST,airline_direct,IndiGo
DEL,BOM,6E,IndiGo,6E 6814,2026-09-12,1,business,,,24260.0,False,07:15,ok,2026-09-11T01:29:46.662126+05:30,2026-09-11_0129IST,airline_direct,IndiGo
DEL,BOM,6E,IndiGo,6E 6814,2026-09-12,1,economy,,,6305.0,False,07:15,ok,2026-09-11T01:29:46.662126+05:30,2026-09-11_0129IST,airline_direct,IndiGo
DEL,BOM,6E,IndiGo,6E 675,2026-09-12,1,business,,,24260.0,False,08:45,ok,2026-09-11T01:29:46.662126+05:30,2026-09-11_0129IST,airline_direct,IndiGo
DEL,BOM,6E,IndiGo,6E 675,2026-09-12,1,economy,,,6305.0,False,08:45,ok,2026-09-11T01:29:46.662126+05:30,2026-09-11_0129IST,airline_direct,IndiGo
DEL,BOM,6E,IndiGo,6E 6107,2026-09-12,1,business,,,24260.0,False,09:30,ok,2026-09-11T01:29:46.662126+05:30,2026-09-11_0129IST,airline_direct,IndiGo
DEL,BOM,6E,IndiGo,6E 6107,2026-09-12,1,economy,,,6305.0,False,09:30,ok,2026-09-11T01:29:46.662126+05:30,2026-09-11_0129IST,airline_direct,IndiGo
DEL,BOM,6E,IndiGo,6E 324,2026-09-12,1,business,,,24260.0,False,13:00,ok,2026-09-11T01:29:46.662126+05:30,2026-09-11_0129IST,airline_direct,IndiGo
DEL,BOM,6E,IndiGo,6E 324,2026-09-12,1,economy,,,6305.0,False,13:00,ok,2026-09-11T01:29:46.662126+05:30,2026-09-11_0129IST,airline_direct,IndiGo
DEL,BOM,6E,IndiGo,6E 6022,2026-09-12,1,business,,,28443.0,False,14:00,ok,2026-09-11T01:29:46.662126+05:30,2026-09-11_0129IST,airline_direct,IndiGo
DEL,BOM,6E,IndiGo,6E 6022,2026-09-12,1,economy,,,6305.0,False,14:00,ok,2026-09-11T01:29:46.662126+05:30,2026-09-11_0129IST,airline_direct,IndiGo
DEL,BOM,6E,IndiGo,6E 6318,2026-09-12,1,business,,,24260.0,False,14:45,ok,2026-09-11T01:29:46.662126+05:30,2026-09-11_0129IST,airline_direct,IndiGo
DEL,BOM,6E,IndiGo,6E 6318,2026-09-12,1,economy,,,6305.0,False,14:45,ok,2026-09-11T01:29:46.662126+05:30,2026-09-11_0129IST,airline_direct,IndiGo
DEL,BOM,6E,IndiGo,6E 864,2026-09-12,1,business,,,24260.0,False,15:30,ok,2026-09-11T01:29:46.662126+05:30,2026-09-11_0129IST,airline_direct,IndiGo
DEL,BOM,6E,IndiGo,6E 864,2026-09-12,1,economy,,,6305.0,False,15:30,ok,2026-09-11T01:29:46.662126+05:30,2026-09-11_0129IST,airline_direct,IndiGo
DEL,BOM,6E,IndiGo,6E 327,2026-09-12,1,business,,,24260.0,False,16:15,ok,2026-09-11T01:29:46.662126+05:30,2026-09-11_0129IST,airline_direct,IndiGo
DEL,BOM,6E,IndiGo,6E 327,2026-09-12,1,economy,,,6305.0,False,16:15,ok,2026-09-11T01:29:46.662126+05:30,2026-09-11_0129IST,airline_direct,IndiGo
DEL,BOM,6E,IndiGo,6E 6706,2026-09-12,1,business,,,24260.0,False,17:00,ok,2026-09-11T01:29:46.662126+05:30,2026-09-11_0129IST,airline_direct,IndiGo
DEL,BOM,6E,IndiGo,6E 6706,2026-09-12,1,economy,,,6305.0,False,17:00,ok,2026-09-11T01:29:46.662126+05:30,2026-09-11_0129IST,airline_direct,IndiGo
DEL,BOM,6E,IndiGo,6E 329,2026-09-12,1,business,,,24260.0,False,18:00,ok,2026-09-11T01:29:46.662126+05:30,2026-09-11_0129IST,airline_direct,IndiGo
DEL,BOM,6E,IndiGo,6E 329,2026-09-12,1,economy,,,6305.0,False,18:00,ok,2026-09-11T01:29:46.662126+05:30,2026-09-11_0129IST,airline_direct,IndiGo
DEL,BOM,6E,IndiGo,6E 354,2026-09-12,1,business,,,24260.0,False,19:00,ok,2026-09-11T01:29:46.662126+05:30,2026-09-11_0129IST,airline_direct,IndiGo
DEL,BOM,6E,IndiGo,6E 354,2026-09-12,1,economy,,,6305.0,False,19:00,ok,2026-09-11T01:29:46.662126+05:30,2026-09-11_0129IST,airline_direct,IndiGo
DEL,BOM,6E,IndiGo,6E 303,2026-09-12,1,business,,,24260.0,False,20:00,ok,2026-09-11T01:29:46.662126+05:30,2026-09-11_0129IST,airline_direct,IndiGo
DEL,BOM,6E,IndiGo,6E 303,2026-09-12,1,economy,,,6305.0,False,20:00,ok,2026-09-11T01:29:46.662126+05:30,2026-09-11_0129IST,airline_direct,IndiGo
DEL,BOM,6E,IndiGo,6E 395,2026-09-12,1,business,,,24260.0,False,21:45,ok,2026-09-11T01:29:46.662126+05:30,2026-09-11_0129IST,airline_direct,IndiGo
DEL,BOM,6E,IndiGo,6E 395,2026-09-12,1,economy,,,6305.0,False,21:45,ok,2026-09-11T01:29:46.662126+05:30,2026-09-11_0129IST,airline_direct,IndiGo
DEL,BOM,6E,IndiGo,6E 6114,2026-09-12,1,business,,,24260.0,False,22:45,ok,2026-09-11T01:29:46.662126+05:30,2026-09-11_0129IST,airline_direct,IndiGo
DEL,BOM,6E,IndiGo,6E 6114,2026-09-12,1,economy,,,6305.0,False,22:45,ok,2026-09-11T01:29:46.662126+05:30,2026-09-11_0129IST,airline_direct,IndiGo
DEL,BOM,6E,IndiGo,6E 322,2026-09-12,1,business,,,24260.0,False,23:30,ok,2026-09-11T01:29:46.662126+05:30,2026-09-11_0129IST,airline_direct,IndiGo
DEL,BOM,6E,IndiGo,6E 322,2026-09-12,1,economy,,,6305.0,False,23:30,ok,2026-09-11T01:29:46.662126+05:30,2026-09-11_0129IST,airline_direct,IndiGo
DEL,BOM,6E,IndiGo,6E 449,2026-09-12,1,business,,,24260.0,False,05:00,ok,2026-09-11T01:29:46.662126+05:30,2026-09-11_0129IST,airline_direct,IndiGo
DEL,BOM,6E,IndiGo,6E 449,2026-09-12,1,economy,,,6357.0,False,05:00,ok,2026-09-11T01:29:46.662126+05:30,2026-09-11_0129IST,airline_direct,IndiGo
DEL,BOM,6E,IndiGo,6E 6328,2026-09-12,1,business,,,28443.0,False,10:15,ok,2026-09-11T01:29:46.662126+05:30,2026-09-11_0129IST,airline_direct,IndiGo
DEL,BOM,6E,IndiGo,6E 6328,2026-09-12,1,economy,,,6357.0,False,10:15,ok,2026-09-11T01:29:46.662126+05:30,2026-09-11_0129IST,airline_direct,IndiGo
DEL,BOM,6E,IndiGo,6E 6676,2026-09-12,1,business,,,24260.0,False,12:00,ok,2026-09-11T01:29:46.662126+05:30,2026-09-11_0129IST,airline_direct,IndiGo
DEL,BOM,6E,IndiGo,6E 6676,2026-09-12,1,economy,,,6357.0,False,12:00,ok,2026-09-11T01:29:46.662126+05:30,2026-09-11_0129IST,airline_direct,IndiGo
DEL,BOM,6E,IndiGo,6E 320,2026-09-12,1,business,,,28443.0,False,08:00,ok,2026-09-11T01:29:46.662126+05:30,2026-09-11_0129IST,airline_direct,IndiGo
DEL,BOM,6E,IndiGo,6E 320,2026-09-12,1,economy,,,6431.0,False,08:00,ok,2026-09-11T01:29:46.662126+05:30,2026-09-11_0129IST,airline_direct,IndiGo
DEL,BOM,6E,IndiGo,6E 6047,2026-09-12,1,business,,,28443.0,False,11:00,ok,2026-09-11T01:29:46.662126+05:30,2026-09-11_0129IST,airline_direct,IndiGo
DEL,BOM,6E,IndiGo,6E 6047,2026-09-12,1,economy,,,6688.0,False,11:00,ok,2026-09-11T01:29:46.662126+05:30,2026-09-11_0129IST,airline_direct,IndiGo
DEL,BOM,6E,IndiGo,6E 6171,2026-09-12,1,economy,,,6618.0,False,05:40,ok,2026-09-11T01:29:46.662126+05:30,2026-09-11_0129IST,airline_direct,IndiGo
DEL,BOM,6E,IndiGo,6E 2331,2026-09-12,1,economy,,,6618.0,False,12:20,ok,2026-09-11T01:29:46.662126+05:30,2026-09-11_0129IST,airline_direct,IndiGo
DEL,BOM,6E,IndiGo,6E 6983,2026-09-12,1,economy,,,6618.0,False,15:35,ok,2026-09-11T01:29:46.662126+05:30,2026-09-11_0129IST,airline_direct,IndiGo
DEL,BOM,6E,IndiGo,6E 5014,2026-09-12,1,economy,,,6618.0,False,18:30,ok,2026-09-11T01:29:46.662126+05:30,2026-09-11_0129IST,airline_direct,IndiGo
DEL,BOM,6E,IndiGo,6E 2013,2026-09-12,1,economy,,,6618.0,False,21:50,ok,2026-09-11T01:29:46.662126+05:30,2026-09-11_0129IST,airline_direct,IndiGo
DEL,BOM,6E,IndiGo,6E 6433,2026-09-12,1,economy,,,6750.0,False,16:30,ok,2026-09-11T01:29:46.662126+05:30,2026-09-11_0129IST,airline_direct,IndiGo
DEL,BOM,6E,IndiGo,6E 6829,2026-09-12,1,economy,,,6750.0,False,17:20,ok,2026-09-11T01:29:46.662126+05:30,2026-09-11_0129IST,airline_direct,IndiGo
DEL,BOM,6E,IndiGo,6E 2169,2026-09-12,1,economy,,,6750.0,False,19:40,ok,2026-09-11T01:29:46.662126+05:30,2026-09-11_0129IST,airline_direct,IndiGo
DEL,BOM,6E,IndiGo,6E 2319,2026-09-12,1,economy,,,6828.0,False,09:55,ok,2026-09-11T01:29:46.662126+05:30,2026-09-11_0129IST,airline_direct,IndiGo
DEL,BOM,6E,IndiGo,6E 2147,2026-09-12,1,economy,,,6828.0,False,11:10,ok,2026-09-11T01:29:46.662126+05:30,2026-09-11_0129IST,airline_direct,IndiGo
DEL,BOM,6E,IndiGo,6E 5206,2026-09-12,1,economy,,,6828.0,False,13:20,ok,2026-09-11T01:29:46.662126+05:30,2026-09-11_0129IST,airline_direct,IndiGo
DEL,BOM,6E,IndiGo,6E 5038,2026-09-12,1,economy,,,6828.0,False,14:00,ok,2026-09-11T01:29:46.662126+05:30,2026-09-11_0129IST,airline_direct,IndiGo
DEL,BOM,6E,IndiGo,6E 6293,2026-09-12,1,business,,,36166.0,False,09:55,ok,2026-09-11T01:29:46.662126+05:30,2026-09-11_0129IST,airline_direct,IndiGo
DEL,BOM,6E,IndiGo,6E 6293,2026-09-12,1,economy,,,6960.0,False,09:55,ok,2026-09-11T01:29:46.662126+05:30,2026-09-11_0129IST,airline_direct,IndiGo
DEL,BOM,6E,IndiGo,6E 882,2026-09-12,1,business,,,29592.0,False,23:15,ok,2026-09-11T01:29:46.662126+05:30,2026-09-11_0129IST,airline_direct,IndiGo
DEL,BOM,6E,IndiGo,6E 882,2026-09-12,1,economy,,,6960.0,False,23:15,ok,2026-09-11T01:29:46.662126+05:30,2026-09-11_0129IST,airline_direct,IndiGo
DEL,BOM,6E,IndiGo,6E 358,2026-09-12,1,economy,,,7038.0,False,12:15,ok,2026-09-11T01:29:46.662126+05:30,2026-09-11_0129IST,airline_direct,IndiGo
DEL,BOM,6E,IndiGo,6E 2341,2026-09-12,1,economy,,,7718.0,False,14:50,ok,2026-09-11T01:29:46.662126+05:30,2026-09-11_0129IST,airline_direct,IndiGo
DEL,BOM,6E,IndiGo,6E 5073,2026-09-12,1,economy,,,7718.0,False,17:05,ok,2026-09-11T01:29:46.662126+05:30,2026-09-11_0129IST,airline_direct,IndiGo
DEL,BOM,6E,IndiGo,6E 6459,2026-09-12,1,economy,,,7849.0,False,05:55,ok,2026-09-11T01:29:46.662126+05:30,2026-09-11_0129IST,airline_direct,IndiGo
DEL,BOM,6E,IndiGo,6E 6829,2026-09-12,1,economy,,,7849.0,False,17:20,ok,2026-09-11T01:29:46.662126+05:30,2026-09-11_0129IST,airline_direct,IndiGo
DEL,BOM,6E,IndiGo,6E 6601,2026-09-12,1,business,,,36166.0,False,19:45,ok,2026-09-11T01:29:46.662126+05:30,2026-09-11_0129IST,airline_direct,IndiGo
DEL,BOM,6E,IndiGo,6E 6601,2026-09-12,1,economy,,,8059.0,False,19:45,ok,2026-09-11T01:29:46.662126+05:30,2026-09-11_0129IST,airline_direct,IndiGo
DEL,BOM,6E,IndiGo,6E 2298,2026-09-12,1,economy,,,8351.0,False,09:45,ok,2026-09-11T01:29:46.662126+05:30,2026-09-11_0129IST,airline_direct,IndiGo
DEL,BOM,6E,IndiGo,6E 6050,2026-09-12,1,economy,,,8561.0,False,08:15,ok,2026-09-11T01:29:46.662126+05:30,2026-09-11_0129IST,airline_direct,IndiGo
DEL,BOM,6E,IndiGo,6E 5119,2026-09-12,1,economy,,,9047.0,False,05:10,ok,2026-09-11T01:29:46.662126+05:30,2026-09-11_0129IST,airline_direct,IndiGo
DEL,BOM,6E,IndiGo,6E 2076,2026-09-12,1,economy,,,9047.0,False,07:30,ok,2026-09-11T01:29:46.662126+05:30,2026-09-11_0129IST,airline_direct,IndiGo
DEL,BOM,6E,IndiGo,6E 5298,2026-09-12,1,economy,,,9257.0,False,09:00,ok,2026-09-11T01:29:46.662126+05:30,2026-09-11_0129IST,airline_direct,IndiGo
DEL,BOM,6E,IndiGo,6E 2151,2026-09-12,1,economy,,,9335.0,False,19:45,ok,2026-09-11T01:29:46.662126+05:30,2026-09-11_0129IST,airline_direct,IndiGo
DEL,BOM,6E,IndiGo,6E 705,2026-09-12,1,business,,,38630.0,False,08:30,ok,2026-09-11T01:29:46.662126+05:30,2026-09-11_0129IST,airline_direct,IndiGo
DEL,BOM,6E,IndiGo,6E 705,2026-09-12,1,economy,,,9388.0,False,08:30,ok,2026-09-11T01:29:46.662126+05:30,2026-09-11_0129IST,airline_direct,IndiGo
DEL,BOM,6E,IndiGo,6E 6497,2026-09-12,1,economy,,,9388.0,False,18:40,ok,2026-09-11T01:29:46.662126+05:30,2026-09-11_0129IST,airline_direct,IndiGo
DEL,BOM,6E,IndiGo,6E 6476,2026-09-12,1,economy,,,9654.0,False,07:05,ok,2026-09-11T01:29:46.662126+05:30,2026-09-11_0129IST,airline_direct,IndiGo
DEL,BOM,6E,IndiGo,6E 5138,2026-09-12,1,economy,,,9943.0,False,19:10,ok,2026-09-11T01:29:46.662126+05:30,2026-09-11_0129IST,airline_direct,IndiGo
DEL,BOM,6E,IndiGo,6E 6261,2026-09-12,1,economy,,,10653.0,False,00:15,ok,2026-09-11T01:29:46.662126+05:30,2026-09-11_0129IST,airline_direct,IndiGo
DEL,BOM,6E,IndiGo,6E 2381,2026-09-12,1,economy,,,10994.0,False,13:45,ok,2026-09-11T01:29:46.662126+05:30,2026-09-11_0129IST,airline_direct,IndiGo
DEL,BOM,6E,IndiGo,6E 6479,2026-09-12,1,economy,,,11425.0,False,21:25,ok,2026-09-11T01:29:46.662126+05:30,2026-09-11_0129IST,airline_direct,IndiGo
DEL,BOM,6E,IndiGo,6E 5073,2026-09-12,1,economy,,,11577.0,False,17:05,ok,2026-09-11T01:29:46.662126+05:30,2026-09-11_0129IST,airline_direct,IndiGo
DEL,BOM,6E,IndiGo,6E 758,2026-09-12,1,economy,,,11787.0,False,16:10,ok,2026-09-11T01:29:46.662126+05:30,2026-09-11_0129IST,airline_direct,IndiGo
DEL,BOM,6E,IndiGo,6E 5119,2026-09-12,1,economy,,,12593.0,False,05:10,ok,2026-09-11T01:29:46.662126+05:30,2026-09-11_0129IST,airline_direct,IndiGo
DEL,BOM,6E,IndiGo,6E 6443,2026-09-12,1,economy,,,13124.0,False,09:00,ok,2026-09-11T01:29:46.662126+05:30,2026-09-11_0129IST,airline_direct,IndiGo
DEL,BOM,6E,IndiGo,6E 2249,2026-09-12,1,economy,,,14069.0,False,15:00,ok,2026-09-11T01:29:46.662126+05:30,2026-09-11_0129IST,airline_direct,IndiGo
DEL,BOM,6E,IndiGo,6E 931,2026-09-12,1,economy,,,14939.0,False,19:35,ok,2026-09-11T01:29:46.662126+05:30,2026-09-11_0129IST,airline_direct,IndiGo
DEL,BOM,6E,IndiGo,6E 6488,2026-09-12,1,economy,,,15070.0,False,11:20,ok,2026-09-11T01:29:46.662126+05:30,2026-09-11_0129IST,airline_direct,IndiGo
DEL,BOM,6E,IndiGo,6E 357,2026-09-12,1,economy,,,15359.0,False,19:30,ok,2026-09-11T01:29:46.662126+05:30,2026-09-11_0129IST,airline_direct,IndiGo
DEL,BOM,6E,IndiGo,6E 5033,2026-09-12,1,economy,,,16288.0,False,15:50,ok,2026-09-11T01:29:46.662126+05:30,2026-09-11_0129IST,airline_direct,IndiGo
DEL,BOM,6E,IndiGo,6E 704,2026-09-12,1,business,,,40956.0,False,02:25,ok,2026-09-11T01:29:46.662126+05:30,2026-09-11_0129IST,airline_direct,IndiGo
DEL,BOM,6E,IndiGo,6E 704,2026-09-12,1,economy,,,16629.0,False,02:25,ok,2026-09-11T01:29:46.662126+05:30,2026-09-11_0129IST,airline_direct,IndiGo
DEL,BOM,6E,IndiGo,6E 6282,2026-09-12,1,business,,,40956.0,False,13:30,ok,2026-09-11T01:29:46.662126+05:30,2026-09-11_0129IST,airline_direct,IndiGo
DEL,BOM,6E,IndiGo,6E 6282,2026-09-12,1,economy,,,16629.0,False,13:30,ok,2026-09-11T01:29:46.662126+05:30,2026-09-11_0129IST,airline_direct,IndiGo
DEL,BOM,6E,IndiGo,6E 2496,2026-09-12,1,economy,,,16944.0,False,12:40,ok,2026-09-11T01:29:46.662126+05:30,2026-09-11_0129IST,airline_direct,IndiGo
DEL,BLR,6E,IndiGo,6E 820,2026-09-12,1,business,,,29942.0,False,03:00,ok,2026-09-11T01:30:50.722298+05:30,2026-09-11_0130IST,airline_direct,IndiGo
DEL,BLR,6E,IndiGo,6E 820,2026-09-12,1,economy,,,8671.0,False,03:00,ok,2026-09-11T01:30:50.722298+05:30,2026-09-11_0130IST,airline_direct,IndiGo
DEL,BLR,6E,IndiGo,6E 861,2026-09-12,1,business,,,29942.0,False,19:30,ok,2026-09-11T01:30:50.722298+05:30,2026-09-11_0130IST,airline_direct,IndiGo
DEL,BLR,6E,IndiGo,6E 861,2026-09-12,1,economy,,,8671.0,False,19:30,ok,2026-09-11T01:30:50.722298+05:30,2026-09-11_0130IST,airline_direct,IndiGo
DEL,BLR,6E,IndiGo,6E 6515,2026-09-12,1,business,,,29942.0,False,20:45,ok,2026-09-11T01:30:50.722298+05:30,2026-09-11_0130IST,airline_direct,IndiGo
DEL,BLR,6E,IndiGo,6E 6515,2026-09-12,1,economy,,,8671.0,False,20:45,ok,2026-09-11T01:30:50.722298+05:30,2026-09-11_0130IST,airline_direct,IndiGo
DEL,BLR,6E,IndiGo,6E 846,2026-09-12,1,business,,,29942.0,False,22:00,ok,2026-09-11T01:30:50.722298+05:30,2026-09-11_0130IST,airline_direct,IndiGo
DEL,BLR,6E,IndiGo,6E 846,2026-09-12,1,economy,,,8671.0,False,22:00,ok,2026-09-11T01:30:50.722298+05:30,2026-09-11_0130IST,airline_direct,IndiGo
DEL,BLR,6E,IndiGo,6E 2314,2026-09-12,1,business,,,29942.0,False,05:45,ok,2026-09-11T01:30:50.722298+05:30,2026-09-11_0130IST,airline_direct,IndiGo
DEL,BLR,6E,IndiGo,6E 2314,2026-09-12,1,economy,,,9128.0,False,05:45,ok,2026-09-11T01:30:50.722298+05:30,2026-09-11_0130IST,airline_direct,IndiGo
DEL,BLR,6E,IndiGo,6E 810,2026-09-12,1,business,,,29942.0,False,07:05,ok,2026-09-11T01:30:50.722298+05:30,2026-09-11_0130IST,airline_direct,IndiGo
DEL,BLR,6E,IndiGo,6E 810,2026-09-12,1,economy,,,9128.0,False,07:05,ok,2026-09-11T01:30:50.722298+05:30,2026-09-11_0130IST,airline_direct,IndiGo
DEL,BLR,6E,IndiGo,6E 873,2026-09-12,1,business,,,29942.0,False,08:20,ok,2026-09-11T01:30:50.722298+05:30,2026-09-11_0130IST,airline_direct,IndiGo
DEL,BLR,6E,IndiGo,6E 873,2026-09-12,1,economy,,,9128.0,False,08:20,ok,2026-09-11T01:30:50.722298+05:30,2026-09-11_0130IST,airline_direct,IndiGo
DEL,BLR,6E,IndiGo,6E 880,2026-09-12,1,business,,,29942.0,False,15:45,ok,2026-09-11T01:30:50.722298+05:30,2026-09-11_0130IST,airline_direct,IndiGo
DEL,BLR,6E,IndiGo,6E 880,2026-09-12,1,economy,,,9128.0,False,15:45,ok,2026-09-11T01:30:50.722298+05:30,2026-09-11_0130IST,airline_direct,IndiGo
DEL,BLR,6E,IndiGo,6E 837,2026-09-12,1,business,,,29942.0,False,17:00,ok,2026-09-11T01:30:50.722298+05:30,2026-09-11_0130IST,airline_direct,IndiGo
DEL,BLR,6E,IndiGo,6E 837,2026-09-12,1,economy,,,9128.0,False,17:00,ok,2026-09-11T01:30:50.722298+05:30,2026-09-11_0130IST,airline_direct,IndiGo
DEL,BLR,6E,IndiGo,6E 811,2026-09-12,1,business,,,29942.0,False,18:20,ok,2026-09-11T01:30:50.722298+05:30,2026-09-11_0130IST,airline_direct,IndiGo
DEL,BLR,6E,IndiGo,6E 811,2026-09-12,1,economy,,,9128.0,False,18:20,ok,2026-09-11T01:30:50.722298+05:30,2026-09-11_0130IST,airline_direct,IndiGo
DEL,BLR,6E,IndiGo,6E 826,2026-09-12,1,business,,,29942.0,False,09:30,ok,2026-09-11T01:30:50.722298+05:30,2026-09-11_0130IST,airline_direct,IndiGo
DEL,BLR,6E,IndiGo,6E 826,2026-09-12,1,economy,,,9613.0,False,09:30,ok,2026-09-11T01:30:50.722298+05:30,2026-09-11_0130IST,airline_direct,IndiGo
DEL,BLR,6E,IndiGo,6E 842,2026-09-12,1,business,,,29942.0,False,10:45,ok,2026-09-11T01:30:50.722298+05:30,2026-09-11_0130IST,airline_direct,IndiGo
DEL,BLR,6E,IndiGo,6E 842,2026-09-12,1,economy,,,9613.0,False,10:45,ok,2026-09-11T01:30:50.722298+05:30,2026-09-11_0130IST,airline_direct,IndiGo
DEL,BLR,6E,IndiGo,6E 850,2026-09-12,1,business,,,29942.0,False,12:20,ok,2026-09-11T01:30:50.722298+05:30,2026-09-11_0130IST,airline_direct,IndiGo
DEL,BLR,6E,IndiGo,6E 850,2026-09-12,1,economy,,,9613.0,False,12:20,ok,2026-09-11T01:30:50.722298+05:30,2026-09-11_0130IST,airline_direct,IndiGo
DEL,BLR,6E,IndiGo,6E 176,2026-09-12,1,business,,,29942.0,False,13:15,ok,2026-09-11T01:30:50.722298+05:30,2026-09-11_0130IST,airline_direct,IndiGo
DEL,BLR,6E,IndiGo,6E 176,2026-09-12,1,economy,,,9613.0,False,13:15,ok,2026-09-11T01:30:50.722298+05:30,2026-09-11_0130IST,airline_direct,IndiGo
DEL,BLR,6E,IndiGo,6E 828,2026-09-12,1,business,,,29942.0,False,14:30,ok,2026-09-11T01:30:50.722298+05:30,2026-09-11_0130IST,airline_direct,IndiGo
DEL,BLR,6E,IndiGo,6E 828,2026-09-12,1,economy,,,9613.0,False,14:30,ok,2026-09-11T01:30:50.722298+05:30,2026-09-11_0130IST,airline_direct,IndiGo
DEL,BLR,6E,IndiGo,6E 6433,2026-09-12,1,economy,,,9867.0,False,16:30,ok,2026-09-11T01:30:50.722298+05:30,2026-09-11_0130IST,airline_direct,IndiGo
DEL,BLR,6E,IndiGo,6E 6293,2026-09-12,1,business,,,36744.0,False,09:55,ok,2026-09-11T01:30:50.722298+05:30,2026-09-11_0130IST,airline_direct,IndiGo
DEL,BLR,6E,IndiGo,6E 6293,2026-09-12,1,economy,,,9946.0,False,09:55,ok,2026-09-11T01:30:50.722298+05:30,2026-09-11_0130IST,airline_direct,IndiGo
DEL,BLR,6E,IndiGo,6E 884,2026-09-12,1,business,,,32599.0,False,11:45,ok,2026-09-11T01:30:50.722298+05:30,2026-09-11_0130IST,airline_direct,IndiGo
DEL,BLR,6E,IndiGo,6E 884,2026-09-12,1,economy,,,9946.0,False,11:45,ok,2026-09-11T01:30:50.722298+05:30,2026-09-11_0130IST,airline_direct,IndiGo
DEL,BLR,6E,IndiGo,6E 6282,2026-09-12,1,business,,,32599.0,False,13:30,ok,2026-09-11T01:30:50.722298+05:30,2026-09-11_0130IST,airline_direct,IndiGo
DEL,BLR,6E,IndiGo,6E 6282,2026-09-12,1,economy,,,9946.0,False,13:30,ok,2026-09-11T01:30:50.722298+05:30,2026-09-11_0130IST,airline_direct,IndiGo
DEL,BLR,6E,IndiGo,6E 6217,2026-09-12,1,business,,,34468.0,False,16:15,ok,2026-09-11T01:30:50.722298+05:30,2026-09-11_0130IST,airline_direct,IndiGo
DEL,BLR,6E,IndiGo,6E 6217,2026-09-12,1,economy,,,9946.0,False,16:15,ok,2026-09-11T01:30:50.722298+05:30,2026-09-11_0130IST,airline_direct,IndiGo
DEL,BLR,6E,IndiGo,6E 6459,2026-09-12,1,economy,,,10077.0,False,05:55,ok,2026-09-11T01:30:50.722298+05:30,2026-09-11_0130IST,airline_direct,IndiGo
DEL,BLR,6E,IndiGo,6E 2557,2026-09-12,1,economy,,,10077.0,False,15:20,ok,2026-09-11T01:30:50.722298+05:30,2026-09-11_0130IST,airline_direct,IndiGo
DEL,BLR,6E,IndiGo,6E 6437,2026-09-12,1,business,,,26999.0,False,16:25,ok,2026-09-11T01:30:50.722298+05:30,2026-09-11_0130IST,airline_direct,IndiGo
DEL,BLR,6E,IndiGo,6E 6437,2026-09-12,1,economy,,,10077.0,False,16:25,ok,2026-09-11T01:30:50.722298+05:30,2026-09-11_0130IST,airline_direct,IndiGo
DEL,BLR,6E,IndiGo,6E 931,2026-09-12,1,economy,,,10077.0,False,19:35,ok,2026-09-11T01:30:50.722298+05:30,2026-09-11_0130IST,airline_direct,IndiGo
DEL,BLR,6E,IndiGo,6E 6673,2026-09-12,1,economy,,,10077.0,False,21:15,ok,2026-09-11T01:30:50.722298+05:30,2026-09-11_0130IST,airline_direct,IndiGo
DEL,BLR,6E,IndiGo,6E 2618,2026-09-12,1,business,,,26816.0,False,23:00,ok,2026-09-11T01:30:50.722298+05:30,2026-09-11_0130IST,airline_direct,IndiGo
DEL,BLR,6E,IndiGo,6E 2618,2026-09-12,1,economy,,,10077.0,False,23:00,ok,2026-09-11T01:30:50.722298+05:30,2026-09-11_0130IST,airline_direct,IndiGo
DEL,BLR,6E,IndiGo,6E 6476,2026-09-12,1,economy,,,10156.0,False,07:05,ok,2026-09-11T01:30:50.722298+05:30,2026-09-11_0130IST,airline_direct,IndiGo
DEL,BLR,6E,IndiGo,6E 940,2026-09-12,1,business,,,32460.0,False,09:15,ok,2026-09-11T01:30:50.722298+05:30,2026-09-11_0130IST,airline_direct,IndiGo
DEL,BLR,6E,IndiGo,6E 940,2026-09-12,1,economy,,,10156.0,False,09:15,ok,2026-09-11T01:30:50.722298+05:30,2026-09-11_0130IST,airline_direct,IndiGo
DEL,BLR,6E,IndiGo,6E 2277,2026-09-12,1,economy,,,10156.0,False,10:25,ok,2026-09-11T01:30:50.722298+05:30,2026-09-11_0130IST,airline_direct,IndiGo
DEL,BLR,6E,IndiGo,6E 434,2026-09-12,1,business,,,31670.0,False,11:00,ok,2026-09-11T01:30:50.722298+05:30,2026-09-11_0130IST,airline_direct,IndiGo
DEL,BLR,6E,IndiGo,6E 434,2026-09-12,1,economy,,,10156.0,False,11:00,ok,2026-09-11T01:30:50.722298+05:30,2026-09-11_0130IST,airline_direct,IndiGo
DEL,BLR,6E,IndiGo,6E 6115,2026-09-12,1,business,,,31327.0,False,13:10,ok,2026-09-11T01:30:50.722298+05:30,2026-09-11_0130IST,airline_direct,IndiGo
DEL,BLR,6E,IndiGo,6E 6115,2026-09-12,1,economy,,,10156.0,False,13:10,ok,2026-09-11T01:30:50.722298+05:30,2026-09-11_0130IST,airline_direct,IndiGo
DEL,BLR,6E,IndiGo,6E 5038,2026-09-12,1,economy,,,10156.0,False,14:00,ok,2026-09-11T01:30:50.722298+05:30,2026-09-11_0130IST,airline_direct,IndiGo
DEL,BLR,6E,IndiGo,6E 6632,2026-09-12,1,economy,,,10156.0,False,17:50,ok,2026-09-11T01:30:50.722298+05:30,2026-09-11_0130IST,airline_direct,IndiGo
DEL,BLR,6E,IndiGo,6E 6497,2026-09-12,1,economy,,,10287.0,False,18:40,ok,2026-09-11T01:30:50.722298+05:30,2026-09-11_0130IST,airline_direct,IndiGo
DEL,BLR,6E,IndiGo,6E 5001,2026-09-12,1,economy,,,10314.0,False,17:10,ok,2026-09-11T01:30:50.722298+05:30,2026-09-11_0130IST,airline_direct,IndiGo
DEL,BLR,6E,IndiGo,6E 5191,2026-09-12,1,business,,,35352.0,False,05:00,ok,2026-09-11T01:30:50.722298+05:30,2026-09-11_0130IST,airline_direct,IndiGo
DEL,BLR,6E,IndiGo,6E 5191,2026-09-12,1,economy,,,10497.0,False,05:00,ok,2026-09-11T01:30:50.722298+05:30,2026-09-11_0130IST,airline_direct,IndiGo
DEL,BLR,6E,IndiGo,6E 5073,2026-09-12,1,economy,,,10851.0,False,17:05,ok,2026-09-11T01:30:50.722298+05:30,2026-09-11_0130IST,airline_direct,IndiGo
DEL,BLR,6E,IndiGo,6E 6829,2026-09-12,1,economy,,,10851.0,False,17:20,ok,2026-09-11T01:30:50.722298+05:30,2026-09-11_0130IST,airline_direct,IndiGo
DEL,BLR,6E,IndiGo,6E 6091,2026-09-12,1,business,,,33411.0,False,15:15,ok,2026-09-11T01:30:50.722298+05:30,2026-09-11_0130IST,airline_direct,IndiGo
DEL,BLR,6E,IndiGo,6E 6091,2026-09-12,1,economy,,,10930.0,False,15:15,ok,2026-09-11T01:30:50.722298+05:30,2026-09-11_0130IST,airline_direct,IndiGo
DEL,BLR,6E,IndiGo,6E 5033,2026-09-12,1,economy,,,10930.0,False,15:50,ok,2026-09-11T01:30:50.722298+05:30,2026-09-11_0130IST,airline_direct,IndiGo
DEL,BLR,6E,IndiGo,6E 2151,2026-09-12,1,economy,,,11150.0,False,19:45,ok,2026-09-11T01:30:50.722298+05:30,2026-09-11_0130IST,airline_direct,IndiGo
DEL,BLR,6E,IndiGo,6E 513,2026-09-12,1,business,,,37004.0,False,08:30,ok,2026-09-11T01:30:50.722298+05:30,2026-09-11_0130IST,airline_direct,IndiGo
DEL,BLR,6E,IndiGo,6E 513,2026-09-12,1,economy,,,11271.0,False,08:30,ok,2026-09-11T01:30:50.722298+05:30,2026-09-11_0130IST,airline_direct,IndiGo
DEL,BLR,6E,IndiGo,6E 705,2026-09-12,1,business,,,39516.0,False,08:30,ok,2026-09-11T01:30:50.722298+05:30,2026-09-11_0130IST,airline_direct,IndiGo
DEL,BLR,6E,IndiGo,6E 705,2026-09-12,1,economy,,,12489.0,False,08:30,ok,2026-09-11T01:30:50.722298+05:30,2026-09-11_0130IST,airline_direct,IndiGo
DEL,BLR,6E,IndiGo,6E 947,2026-09-12,1,business,,,33411.0,False,16:40,ok,2026-09-11T01:30:50.722298+05:30,2026-09-11_0130IST,airline_direct,IndiGo
DEL,BLR,6E,IndiGo,6E 947,2026-09-12,1,economy,,,14614.0,False,16:40,ok,2026-09-11T01:30:50.722298+05:30,2026-09-11_0130IST,airline_direct,IndiGo
DEL,BLR,6E,IndiGo,6E 950,2026-09-12,1,business,,,33411.0,False,18:15,ok,2026-09-11T01:30:50.722298+05:30,2026-09-11_0130IST,airline_direct,IndiGo
DEL,BLR,6E,IndiGo,6E 950,2026-09-12,1,economy,,,14614.0,False,18:15,ok,2026-09-11T01:30:50.722298+05:30,2026-09-11_0130IST,airline_direct,IndiGo
DEL,BLR,6E,IndiGo,6E 6706,2026-09-12,1,business,,,40536.0,False,17:00,ok,2026-09-11T01:30:50.722298+05:30,2026-09-11_0130IST,airline_direct,IndiGo
DEL,BLR,6E,IndiGo,6E 6706,2026-09-12,1,economy,,,14734.0,False,17:00,ok,2026-09-11T01:30:50.722298+05:30,2026-09-11_0130IST,airline_direct,IndiGo
DEL,BLR,6E,IndiGo,6E 329,2026-09-12,1,business,,,40536.0,False,18:00,ok,2026-09-11T01:30:50.722298+05:30,2026-09-11_0130IST,airline_direct,IndiGo
DEL,BLR,6E,IndiGo,6E 329,2026-09-12,1,economy,,,15485.0,False,18:00,ok,2026-09-11T01:30:50.722298+05:30,2026-09-11_0130IST,airline_direct,IndiGo
DEL,BLR,6E,IndiGo,6E 6217,2026-09-12,1,business,,,32599.0,False,16:15,ok,2026-09-11T01:30:50.722298+05:30,2026-09-11_0130IST,airline_direct,IndiGo
DEL,BLR,6E,IndiGo,6E 6217,2026-09-12,1,economy,,,15596.0,False,16:15,ok,2026-09-11T01:30:50.722298+05:30,2026-09-11_0130IST,airline_direct,IndiGo
DEL,BLR,6E,IndiGo,6E 717,2026-09-12,1,business,,,32599.0,False,17:55,ok,2026-09-11T01:30:50.722298+05:30,2026-09-11_0130IST,airline_direct,IndiGo
DEL,BLR,6E,IndiGo,6E 717,2026-09-12,1,economy,,,15596.0,False,17:55,ok,2026-09-11T01:30:50.722298+05:30,2026-09-11_0130IST,airline_direct,IndiGo
DEL,BLR,6E,IndiGo,6E 5119,2026-09-12,1,economy,,,15941.0,False,05:10,ok,2026-09-11T01:30:50.722298+05:30,2026-09-11_0130IST,airline_direct,IndiGo
DEL,BLR,6E,IndiGo,6E 329,2026-09-12,1,business,,,40536.0,False,18:00,ok,2026-09-11T01:30:50.722298+05:30,2026-09-11_0130IST,airline_direct,IndiGo
DEL,BLR,6E,IndiGo,6E 329,2026-09-12,1,economy,,,16640.0,False,18:00,ok,2026-09-11T01:30:50.722298+05:30,2026-09-11_0130IST,airline_direct,IndiGo
DEL,BLR,6E,IndiGo,6E 6022,2026-09-12,1,business,,,44135.0,False,14:00,ok,2026-09-11T01:30:50.722298+05:30,2026-09-11_0130IST,airline_direct,IndiGo
DEL,BLR,6E,IndiGo,6E 6022,2026-09-12,1,economy,,,18005.0,False,14:00,ok,2026-09-11T01:30:50.722298+05:30,2026-09-11_0130IST,airline_direct,IndiGo
DEL,BLR,6E,IndiGo,6E 6047,2026-09-12,1,business,,,44135.0,False,11:00,ok,2026-09-11T01:30:50.722298+05:30,2026-09-11_0130IST,airline_direct,IndiGo
DEL,BLR,6E,IndiGo,6E 6047,2026-09-12,1,economy,,,18678.0,False,11:00,ok,2026-09-11T01:30:50.722298+05:30,2026-09-11_0130IST,airline_direct,IndiGo
DEL,BLR,6E,IndiGo,6E 704,2026-09-12,1,business,,,36744.0,False,02:25,ok,2026-09-11T01:30:50.722298+05:30,2026-09-11_0130IST,airline_direct,IndiGo
DEL,BLR,6E,IndiGo,6E 704,2026-09-12,1,economy,,,19069.0,False,02:25,ok,2026-09-11T01:30:50.722298+05:30,2026-09-11_0130IST,airline_direct,IndiGo
DEL,BLR,6E,IndiGo,6E 6488,2026-09-12,1,economy,,,20078.0,False,11:20,ok,2026-09-11T01:30:50.722298+05:30,2026-09-11_0130IST,airline_direct,IndiGo
DEL,BLR,6E,IndiGo,6E 2343,2026-09-12,1,business,,,33580.0,False,02:20,ok,2026-09-11T01:30:50.722298+05:30,2026-09-11_0130IST,airline_direct,IndiGo
DEL,BLR,6E,IndiGo,6E 2343,2026-09-12,1,economy,,,20502.0,False,02:20,ok,2026-09-11T01:30:50.722298+05:30,2026-09-11_0130IST,airline_direct,IndiGo
DEL,BLR,6E,IndiGo,6E 758,2026-09-12,1,economy,,,20721.0,False,16:10,ok,2026-09-11T01:30:50.722298+05:30,2026-09-11_0130IST,airline_direct,IndiGo
DEL,BLR,6E,IndiGo,6E 6470,2026-09-12,1,economy,,,21039.0,False,06:55,ok,2026-09-11T01:30:50.722298+05:30,2026-09-11_0130IST,airline_direct,IndiGo
DEL,BLR,6E,IndiGo,6E 320,2026-09-12,1,business,,,47705.0,False,08:00,ok,2026-09-11T01:30:50.722298+05:30,2026-09-11_0130IST,airline_direct,IndiGo
DEL,BLR,6E,IndiGo,6E 320,2026-09-12,1,economy,,,21880.0,False,08:00,ok,2026-09-11T01:30:50.722298+05:30,2026-09-11_0130IST,airline_direct,IndiGo
DEL,BLR,6E,IndiGo,6E 2262,2026-09-12,1,business,,,35165.0,False,06:10,ok,2026-09-11T01:30:50.722298+05:30,2026-09-11_0130IST,airline_direct,IndiGo
DEL,BLR,6E,IndiGo,6E 2262,2026-09-12,1,economy,,,23708.0,False,06:10,ok,2026-09-11T01:30:50.722298+05:30,2026-09-11_0130IST,airline_direct,IndiGo
BOM,BLR,6E,IndiGo,6E 5388,2026-09-12,1,business,,,22488.0,False,22:20,ok,2026-09-11T01:31:59.419461+05:30,2026-09-11_0131IST,airline_direct,IndiGo
BOM,BLR,6E,IndiGo,6E 5388,2026-09-12,1,economy,,,9267.0,False,22:20,ok,2026-09-11T01:31:59.419461+05:30,2026-09-11_0131IST,airline_direct,IndiGo
BOM,BLR,6E,IndiGo,6E 6188,2026-09-12,1,business,,,22488.0,False,21:30,ok,2026-09-11T01:31:59.419461+05:30,2026-09-11_0131IST,airline_direct,IndiGo
BOM,BLR,6E,IndiGo,6E 6188,2026-09-12,1,economy,,,10422.0,False,21:30,ok,2026-09-11T01:31:59.419461+05:30,2026-09-11_0131IST,airline_direct,IndiGo
BOM,BLR,6E,IndiGo,6E 5071,2026-09-12,1,business,,,22488.0,False,15:35,ok,2026-09-11T01:31:59.419461+05:30,2026-09-11_0131IST,airline_direct,IndiGo
BOM,BLR,6E,IndiGo,6E 5071,2026-09-12,1,economy,,,11787.0,False,15:35,ok,2026-09-11T01:31:59.419461+05:30,2026-09-11_0131IST,airline_direct,IndiGo
BOM,BLR,6E,IndiGo,6E 5221,2026-09-12,1,business,,,22488.0,False,17:00,ok,2026-09-11T01:31:59.419461+05:30,2026-09-11_0131IST,airline_direct,IndiGo
BOM,BLR,6E,IndiGo,6E 5221,2026-09-12,1,economy,,,11787.0,False,17:00,ok,2026-09-11T01:31:59.419461+05:30,2026-09-11_0131IST,airline_direct,IndiGo
BOM,BLR,6E,IndiGo,6E 5047,2026-09-12,1,business,,,22488.0,False,18:30,ok,2026-09-11T01:31:59.419461+05:30,2026-09-11_0131IST,airline_direct,IndiGo
BOM,BLR,6E,IndiGo,6E 5047,2026-09-12,1,economy,,,11787.0,False,18:30,ok,2026-09-11T01:31:59.419461+05:30,2026-09-11_0131IST,airline_direct,IndiGo
BOM,BLR,6E,IndiGo,6E 5294,2026-09-12,1,business,,,22488.0,False,04:30,ok,2026-09-11T01:31:59.419461+05:30,2026-09-11_0131IST,airline_direct,IndiGo
BOM,BLR,6E,IndiGo,6E 5294,2026-09-12,1,economy,,,12871.0,False,04:30,ok,2026-09-11T01:31:59.419461+05:30,2026-09-11_0131IST,airline_direct,IndiGo
BOM,BLR,6E,IndiGo,6E 5217,2026-09-12,1,business,,,22488.0,False,11:00,ok,2026-09-11T01:31:59.419461+05:30,2026-09-11_0131IST,airline_direct,IndiGo
BOM,BLR,6E,IndiGo,6E 5217,2026-09-12,1,economy,,,14202.0,False,11:00,ok,2026-09-11T01:31:59.419461+05:30,2026-09-11_0131IST,airline_direct,IndiGo
BOM,BLR,6E,IndiGo,6E 5382,2026-09-12,1,business,,,22488.0,False,14:30,ok,2026-09-11T01:31:59.419461+05:30,2026-09-11_0131IST,airline_direct,IndiGo
BOM,BLR,6E,IndiGo,6E 5382,2026-09-12,1,economy,,,14202.0,False,14:30,ok,2026-09-11T01:31:59.419461+05:30,2026-09-11_0131IST,airline_direct,IndiGo
BOM,BLR,6E,IndiGo,6E 5296,2026-09-12,1,business,,,22488.0,False,06:30,ok,2026-09-11T01:31:59.419461+05:30,2026-09-11_0131IST,airline_direct,IndiGo
BOM,BLR,6E,IndiGo,6E 5296,2026-09-12,1,economy,,,15252.0,False,06:30,ok,2026-09-11T01:31:59.419461+05:30,2026-09-11_0131IST,airline_direct,IndiGo
BOM,BLR,6E,IndiGo,6E 5092,2026-09-12,1,business,,,22488.0,False,09:50,ok,2026-09-11T01:31:59.419461+05:30,2026-09-11_0131IST,airline_direct,IndiGo
BOM,BLR,6E,IndiGo,6E 5092,2026-09-12,1,economy,,,15252.0,False,09:50,ok,2026-09-11T01:31:59.419461+05:30,2026-09-11_0131IST,airline_direct,IndiGo
BOM,BLR,6E,IndiGo,6E 5184,2026-09-12,1,business,,,26688.0,False,12:30,ok,2026-09-11T01:31:59.419461+05:30,2026-09-11_0131IST,airline_direct,IndiGo
BOM,BLR,6E,IndiGo,6E 5184,2026-09-12,1,economy,,,15252.0,False,12:30,ok,2026-09-11T01:31:59.419461+05:30,2026-09-11_0131IST,airline_direct,IndiGo
BOM,BLR,6E,IndiGo,6E 5323,2026-09-12,1,business,,,22488.0,False,01:10,ok,2026-09-11T01:31:59.419461+05:30,2026-09-11_0131IST,airline_direct,IndiGo
BOM,BLR,6E,IndiGo,6E 5323,2026-09-12,1,economy,,,16512.0,False,01:10,ok,2026-09-11T01:31:59.419461+05:30,2026-09-11_0131IST,airline_direct,IndiGo
BOM,BLR,6E,IndiGo,6E 5193,2026-09-12,1,economy,,,17982.0,False,08:05,ok,2026-09-11T01:31:59.419461+05:30,2026-09-11_0131IST,airline_direct,IndiGo
BOM,BLR,6E,IndiGo,6E 6802,2026-09-12,1,economy,,,7505.0,False,16:55,ok,2026-09-11T01:31:59.419461+05:30,2026-09-11_0131IST,airline_direct,IndiGo
BOM,BLR,6E,IndiGo,6E 2284,2026-09-12,1,economy,,,7584.0,False,12:05,ok,2026-09-11T01:31:59.419461+05:30,2026-09-11_0131IST,airline_direct,IndiGo
BOM,BLR,6E,IndiGo,6E 5386,2026-09-12,1,business,,,31413.0,False,15:10,ok,2026-09-11T01:31:59.419461+05:30,2026-09-11_0131IST,airline_direct,IndiGo
BOM,BLR,6E,IndiGo,6E 5386,2026-09-12,1,economy,,,7916.0,False,15:10,ok,2026-09-11T01:31:59.419461+05:30,2026-09-11_0131IST,airline_direct,IndiGo
BOM,BLR,6E,IndiGo,6E 5386,2026-09-12,1,business,,,31413.0,False,15:10,ok,2026-09-11T01:31:59.419461+05:30,2026-09-11_0131IST,airline_direct,IndiGo
BOM,BLR,6E,IndiGo,6E 5386,2026-09-12,1,economy,,,7916.0,False,15:10,ok,2026-09-11T01:31:59.419461+05:30,2026-09-11_0131IST,airline_direct,IndiGo
BOM,BLR,6E,IndiGo,6E 5228,2026-09-12,1,business,,,30128.0,False,16:45,ok,2026-09-11T01:31:59.419461+05:30,2026-09-11_0131IST,airline_direct,IndiGo
BOM,BLR,6E,IndiGo,6E 5228,2026-09-12,1,economy,,,7916.0,False,16:45,ok,2026-09-11T01:31:59.419461+05:30,2026-09-11_0131IST,airline_direct,IndiGo
BOM,BLR,6E,IndiGo,6E 5241,2026-09-12,1,economy,,,8377.0,False,16:40,ok,2026-09-11T01:31:59.419461+05:30,2026-09-11_0131IST,airline_direct,IndiGo
BOM,BLR,6E,IndiGo,6E 5337,2026-09-12,1,business,,,26046.0,False,13:45,ok,2026-09-11T01:31:59.419461+05:30,2026-09-11_0131IST,airline_direct,IndiGo
BOM,BLR,6E,IndiGo,6E 5337,2026-09-12,1,economy,,,8718.0,False,13:45,ok,2026-09-11T01:31:59.419461+05:30,2026-09-11_0131IST,airline_direct,IndiGo
BOM,BLR,6E,IndiGo,6E 5313,2026-09-12,1,business,,,26389.0,False,09:50,ok,2026-09-11T01:31:59.419461+05:30,2026-09-11_0131IST,airline_direct,IndiGo
BOM,BLR,6E,IndiGo,6E 5313,2026-09-12,1,economy,,,9364.0,False,09:50,ok,2026-09-11T01:31:59.419461+05:30,2026-09-11_0131IST,airline_direct,IndiGo
BOM,BLR,6E,IndiGo,6E 6349,2026-09-12,1,business,,,27614.0,False,11:40,ok,2026-09-11T01:31:59.419461+05:30,2026-09-11_0131IST,airline_direct,IndiGo
BOM,BLR,6E,IndiGo,6E 6349,2026-09-12,1,economy,,,9364.0,False,11:40,ok,2026-09-11T01:31:59.419461+05:30,2026-09-11_0131IST,airline_direct,IndiGo
BOM,BLR,6E,IndiGo,6E 6349,2026-09-12,1,business,,,27271.0,False,11:40,ok,2026-09-11T01:31:59.419461+05:30,2026-09-11_0131IST,airline_direct,IndiGo
BOM,BLR,6E,IndiGo,6E 6349,2026-09-12,1,economy,,,9364.0,False,11:40,ok,2026-09-11T01:31:59.419461+05:30,2026-09-11_0131IST,airline_direct,IndiGo
BOM,BLR,6E,IndiGo,6E 2237,2026-09-12,1,economy,,,9364.0,False,18:40,ok,2026-09-11T01:31:59.419461+05:30,2026-09-11_0131IST,airline_direct,IndiGo
BOM,BLR,6E,IndiGo,6E 5201,2026-09-12,1,economy,,,10068.0,False,14:55,ok,2026-09-11T01:31:59.419461+05:30,2026-09-11_0131IST,airline_direct,IndiGo
BOM,BLR,6E,IndiGo,6E 240,2026-09-12,1,economy,,,10068.0,False,15:45,ok,2026-09-11T01:31:59.419461+05:30,2026-09-11_0131IST,airline_direct,IndiGo
BOM,BLR,6E,IndiGo,6E 136,2026-09-12,1,business,,,27179.0,False,04:05,ok,2026-09-11T01:31:59.419461+05:30,2026-09-11_0131IST,airline_direct,IndiGo
BOM,BLR,6E,IndiGo,6E 136,2026-09-12,1,economy,,,10838.0,False,04:05,ok,2026-09-11T01:31:59.419461+05:30,2026-09-11_0131IST,airline_direct,IndiGo
BOM,BLR,6E,IndiGo,6E 5107,2026-09-12,1,economy,,,10838.0,False,20:00,ok,2026-09-11T01:31:59.419461+05:30,2026-09-11_0131IST,airline_direct,IndiGo
BOM,BLR,6E,IndiGo,6E 230,2026-09-12,1,economy,,,11337.0,False,13:55,ok,2026-09-11T01:31:59.419461+05:30,2026-09-11_0131IST,airline_direct,IndiGo
BOM,BLR,6E,IndiGo,6E 5126,2026-09-12,1,economy,,,11678.0,False,18:15,ok,2026-09-11T01:31:59.419461+05:30,2026-09-11_0131IST,airline_direct,IndiGo
BOM,BLR,6E,IndiGo,6E 5082,2026-09-12,1,economy,,,12035.0,False,18:05,ok,2026-09-11T01:31:59.419461+05:30,2026-09-11_0131IST,airline_direct,IndiGo
BOM,BLR,6E,IndiGo,6E 6057,2026-09-12,1,economy,,,12385.0,False,09:15,ok,2026-09-11T01:31:59.419461+05:30,2026-09-11_0131IST,airline_direct,IndiGo
BOM,BLR,6E,IndiGo,6E 632,2026-09-12,1,economy,,,12595.0,False,04:00,ok,2026-09-11T01:31:59.419461+05:30,2026-09-11_0131IST,airline_direct,IndiGo
BOM,BLR,6E,IndiGo,6E 6701,2026-09-12,1,economy,,,13596.0,False,05:35,ok,2026-09-11T01:31:59.419461+05:30,2026-09-11_0131IST,airline_direct,IndiGo
BOM,BLR,6E,IndiGo,6E 5241,2026-09-12,1,economy,,,14347.0,False,16:40,ok,2026-09-11T01:31:59.419461+05:30,2026-09-11_0131IST,airline_direct,IndiGo
BOM,BLR,6E,IndiGo,6E 5337,2026-09-12,1,business,,,28130.0,False,13:45,ok,2026-09-11T01:31:59.419461+05:30,2026-09-11_0131IST,airline_direct,IndiGo
BOM,BLR,6E,IndiGo,6E 5337,2026-09-12,1,economy,,,15776.0,False,13:45,ok,2026-09-11T01:31:59.419461+05:30,2026-09-11_0131IST,airline_direct,IndiGo
BOM,BLR,6E,IndiGo,6E 5196,2026-09-12,1,business,,,28130.0,False,15:25,ok,2026-09-11T01:31:59.419461+05:30,2026-09-11_0131IST,airline_direct,IndiGo
BOM,BLR,6E,IndiGo,6E 5196,2026-09-12,1,economy,,,15776.0,False,15:25,ok,2026-09-11T01:31:59.419461+05:30,2026-09-11_0131IST,airline_direct,IndiGo
BOM,BLR,6E,IndiGo,6E 5196,2026-09-12,1,business,,,28130.0,False,15:25,ok,2026-09-11T01:31:59.419461+05:30,2026-09-11_0131IST,airline_direct,IndiGo
BOM,BLR,6E,IndiGo,6E 5196,2026-09-12,1,economy,,,15776.0,False,15:25,ok,2026-09-11T01:31:59.419461+05:30,2026-09-11_0131IST,airline_direct,IndiGo
BOM,BLR,6E,IndiGo,6E 5048,2026-09-12,1,business,,,28130.0,False,17:25,ok,2026-09-11T01:31:59.419461+05:30,2026-09-11_0131IST,airline_direct,IndiGo
BOM,BLR,6E,IndiGo,6E 5048,2026-09-12,1,economy,,,15776.0,False,17:25,ok,2026-09-11T01:31:59.419461+05:30,2026-09-11_0131IST,airline_direct,IndiGo
BOM,BLR,6E,IndiGo,6E 6701,2026-09-12,1,economy,,,15881.0,False,05:35,ok,2026-09-11T01:31:59.419461+05:30,2026-09-11_0131IST,airline_direct,IndiGo
BOM,BLR,6E,IndiGo,6E 5188,2026-09-12,1,business,,,27179.0,False,06:15,ok,2026-09-11T01:31:59.419461+05:30,2026-09-11_0131IST,airline_direct,IndiGo
BOM,BLR,6E,IndiGo,6E 5188,2026-09-12,1,economy,,,15881.0,False,06:15,ok,2026-09-11T01:31:59.419461+05:30,2026-09-11_0131IST,airline_direct,IndiGo
BOM,BLR,6E,IndiGo,6E 437,2026-09-12,1,economy,,,15881.0,False,17:10,ok,2026-09-11T01:31:59.419461+05:30,2026-09-11_0131IST,airline_direct,IndiGo
BOM,BLR,6E,IndiGo,6E 5178,2026-09-12,1,business,,,29543.0,False,11:40,ok,2026-09-11T01:31:59.419461+05:30,2026-09-11_0131IST,airline_direct,IndiGo
BOM,BLR,6E,IndiGo,6E 5178,2026-09-12,1,economy,,,16973.0,False,11:40,ok,2026-09-11T01:31:59.419461+05:30,2026-09-11_0131IST,airline_direct,IndiGo
BOM,BLR,6E,IndiGo,6E 5204,2026-09-12,1,business,,,27179.0,False,08:15,ok,2026-09-11T01:31:59.419461+05:30,2026-09-11_0131IST,airline_direct,IndiGo
BOM,BLR,6E,IndiGo,6E 5204,2026-09-12,1,economy,,,17159.0,False,08:15,ok,2026-09-11T01:31:59.419461+05:30,2026-09-11_0131IST,airline_direct,IndiGo
BOM,BLR,6E,IndiGo,6E 673,2026-09-12,1,economy,,,17183.0,False,12:35,ok,2026-09-11T01:31:59.419461+05:30,2026-09-11_0131IST,airline_direct,IndiGo
BOM,BLR,6E,IndiGo,6E 6599,2026-09-12,1,economy,,,17314.0,False,16:50,ok,2026-09-11T01:31:59.419461+05:30,2026-09-11_0131IST,airline_direct,IndiGo
BOM,BLR,6E,IndiGo,6E 5313,2026-09-12,1,business,,,27179.0,False,09:50,ok,2026-09-11T01:31:59.419461+05:30,2026-09-11_0131IST,airline_direct,IndiGo
BOM,BLR,6E,IndiGo,6E 5313,2026-09-12,1,economy,,,18017.0,False,09:50,ok,2026-09-11T01:31:59.419461+05:30,2026-09-11_0131IST,airline_direct,IndiGo
BOM,BLR,6E,IndiGo,6E 5318,2026-09-12,1,business,,,32878.0,False,10:15,ok,2026-09-11T01:31:59.419461+05:30,2026-09-11_0131IST,airline_direct,IndiGo
BOM,BLR,6E,IndiGo,6E 5318,2026-09-12,1,economy,,,18394.0,False,10:15,ok,2026-09-11T01:31:59.419461+05:30,2026-09-11_0131IST,airline_direct,IndiGo
BOM,BLR,6E,IndiGo,6E 5386,2026-09-12,1,business,,,29543.0,False,15:10,ok,2026-09-11T01:31:59.419461+05:30,2026-09-11_0131IST,airline_direct,IndiGo
BOM,BLR,6E,IndiGo,6E 5386,2026-09-12,1,economy,,,18394.0,False,15:10,ok,2026-09-11T01:31:59.419461+05:30,2026-09-11_0131IST,airline_direct,IndiGo
BOM,BLR,6E,IndiGo,6E 5228,2026-09-12,1,business,,,28258.0,False,16:45,ok,2026-09-11T01:31:59.419461+05:30,2026-09-11_0131IST,airline_direct,IndiGo
BOM,BLR,6E,IndiGo,6E 5228,2026-09-12,1,economy,,,18394.0,False,16:45,ok,2026-09-11T01:31:59.419461+05:30,2026-09-11_0131IST,airline_direct,IndiGo
BOM,BLR,6E,IndiGo,6E 5123,2026-09-12,1,economy,,,18525.0,False,14:40,ok,2026-09-11T01:31:59.419461+05:30,2026-09-11_0131IST,airline_direct,IndiGo
BOM,BLR,6E,IndiGo,6E 5109,2026-09-12,1,economy,,,18604.0,False,09:35,ok,2026-09-11T01:31:59.419461+05:30,2026-09-11_0131IST,airline_direct,IndiGo
BOM,BLR,6E,IndiGo,6E 136,2026-09-12,1,business,,,27179.0,False,04:05,ok,2026-09-11T01:31:59.419461+05:30,2026-09-11_0131IST,airline_direct,IndiGo
BOM,BLR,6E,IndiGo,6E 136,2026-09-12,1,economy,,,18940.0,False,04:05,ok,2026-09-11T01:31:59.419461+05:30,2026-09-11_0131IST,airline_direct,IndiGo
BOM,BLR,6E,IndiGo,6E 5178,2026-09-12,1,business,,,33689.0,False,11:40,ok,2026-09-11T01:31:59.419461+05:30,2026-09-11_0131IST,airline_direct,IndiGo
BOM,BLR,6E,IndiGo,6E 5178,2026-09-12,1,economy,,,19946.0,False,11:40,ok,2026-09-11T01:31:59.419461+05:30,2026-09-11_0131IST,airline_direct,IndiGo
BOM,BLR,6E,IndiGo,6E 5181,2026-09-12,1,economy,,,20086.0,False,10:25,ok,2026-09-11T01:31:59.419461+05:30,2026-09-11_0131IST,airline_direct,IndiGo
BOM,BLR,6E,IndiGo,6E 261,2026-09-12,1,economy,,,21860.0,False,11:20,ok,2026-09-11T01:31:59.419461+05:30,2026-09-11_0131IST,airline_direct,IndiGo
BOM,BLR,6E,IndiGo,6E 5318,2026-09-12,1,business,,,37024.0,False,10:15,ok,2026-09-11T01:31:59.419461+05:30,2026-09-11_0131IST,airline_direct,IndiGo
BOM,BLR,6E,IndiGo,6E 5318,2026-09-12,1,economy,,,23442.0,False,10:15,ok,2026-09-11T01:31:59.419461+05:30,2026-09-11_0131IST,airline_direct,IndiGo
BOM,BLR,6E,IndiGo,6E 2016,2026-09-12,1,economy,,,23697.0,False,13:35,ok,2026-09-11T01:31:59.419461+05:30,2026-09-11_0131IST,airline_direct,IndiGo
BOM,BLR,6E,IndiGo,6E 6362,2026-09-12,1,business,,,36461.0,False,05:45,ok,2026-09-11T01:31:59.419461+05:30,2026-09-11_0131IST,airline_direct,IndiGo
BOM,BLR,6E,IndiGo,6E 6362,2026-09-12,1,economy,,,24719.0,False,05:45,ok,2026-09-11T01:31:59.419461+05:30,2026-09-11_0131IST,airline_direct,IndiGo
BOM,BLR,6E,IndiGo,6E 5246,2026-09-12,1,business,,,35176.0,False,07:15,ok,2026-09-11T01:31:59.419461+05:30,2026-09-11_0131IST,airline_direct,IndiGo
BOM,BLR,6E,IndiGo,6E 5246,2026-09-12,1,economy,,,25559.0,False,07:15,ok,2026-09-11T01:31:59.419461+05:30,2026-09-11_0131IST,airline_direct,IndiGo
BOM,BLR,6E,IndiGo,6E 5318,2026-09-12,1,business,,,39795.0,False,10:15,ok,2026-09-11T01:31:59.419461+05:30,2026-09-11_0131IST,airline_direct,IndiGo
BOM,BLR,6E,IndiGo,6E 5318,2026-09-12,1,economy,,,25559.0,False,10:15,ok,2026-09-11T01:31:59.419461+05:30,2026-09-11_0131IST,airline_direct,IndiGo
DEL,CCU,6E,IndiGo,6E 5191,2026-09-12,1,business,,,26140.0,False,05:00,ok,2026-09-11T01:33:06.246458+05:30,2026-09-11_0133IST,airline_direct,IndiGo
DEL,CCU,6E,IndiGo,6E 5191,2026-09-12,1,economy,,,8703.0,False,05:00,ok,2026-09-11T01:33:06.246458+05:30,2026-09-11_0133IST,airline_direct,IndiGo
DEL,CCU,6E,IndiGo,6E 340,2026-09-12,1,business,,,26140.0,False,07:20,ok,2026-09-11T01:33:06.246458+05:30,2026-09-11_0133IST,airline_direct,IndiGo
DEL,CCU,6E,IndiGo,6E 340,2026-09-12,1,economy,,,8703.0,False,07:20,ok,2026-09-11T01:33:06.246458+05:30,2026-09-11_0133IST,airline_direct,IndiGo
DEL,CCU,6E,IndiGo,6E 894,2026-09-12,1,business,,,26140.0,False,10:15,ok,2026-09-11T01:33:06.246458+05:30,2026-09-11_0133IST,airline_direct,IndiGo
DEL,CCU,6E,IndiGo,6E 894,2026-09-12,1,economy,,,8703.0,False,10:15,ok,2026-09-11T01:33:06.246458+05:30,2026-09-11_0133IST,airline_direct,IndiGo
DEL,CCU,6E,IndiGo,6E 2487,2026-09-12,1,business,,,26140.0,False,11:50,ok,2026-09-11T01:33:06.246458+05:30,2026-09-11_0133IST,airline_direct,IndiGo
DEL,CCU,6E,IndiGo,6E 2487,2026-09-12,1,economy,,,8703.0,False,11:50,ok,2026-09-11T01:33:06.246458+05:30,2026-09-11_0133IST,airline_direct,IndiGo
DEL,CCU,6E,IndiGo,6E 897,2026-09-12,1,business,,,26140.0,False,12:45,ok,2026-09-11T01:33:06.246458+05:30,2026-09-11_0133IST,airline_direct,IndiGo
DEL,CCU,6E,IndiGo,6E 897,2026-09-12,1,economy,,,8703.0,False,12:45,ok,2026-09-11T01:33:06.246458+05:30,2026-09-11_0133IST,airline_direct,IndiGo
DEL,CCU,6E,IndiGo,6E 910,2026-09-12,1,business,,,26140.0,False,14:25,ok,2026-09-11T01:33:06.246458+05:30,2026-09-11_0133IST,airline_direct,IndiGo
DEL,CCU,6E,IndiGo,6E 910,2026-09-12,1,economy,,,8703.0,False,14:25,ok,2026-09-11T01:33:06.246458+05:30,2026-09-11_0133IST,airline_direct,IndiGo
DEL,CCU,6E,IndiGo,6E 6415,2026-09-12,1,business,,,26140.0,False,16:00,ok,2026-09-11T01:33:06.246458+05:30,2026-09-11_0133IST,airline_direct,IndiGo
DEL,CCU,6E,IndiGo,6E 6415,2026-09-12,1,economy,,,8703.0,False,16:00,ok,2026-09-11T01:33:06.246458+05:30,2026-09-11_0133IST,airline_direct,IndiGo
DEL,CCU,6E,IndiGo,6E 2276,2026-09-12,1,business,,,26140.0,False,17:55,ok,2026-09-11T01:33:06.246458+05:30,2026-09-11_0133IST,airline_direct,IndiGo
DEL,CCU,6E,IndiGo,6E 2276,2026-09-12,1,economy,,,8703.0,False,17:55,ok,2026-09-11T01:33:06.246458+05:30,2026-09-11_0133IST,airline_direct,IndiGo
DEL,CCU,6E,IndiGo,6E 513,2026-09-12,1,business,,,26140.0,False,08:30,ok,2026-09-11T01:33:06.246458+05:30,2026-09-11_0133IST,airline_direct,IndiGo
DEL,CCU,6E,IndiGo,6E 513,2026-09-12,1,economy,,,8965.0,False,08:30,ok,2026-09-11T01:33:06.246458+05:30,2026-09-11_0133IST,airline_direct,IndiGo
DEL,CCU,6E,IndiGo,6E 247,2026-09-12,1,business,,,26140.0,False,23:30,ok,2026-09-11T01:33:06.246458+05:30,2026-09-11_0133IST,airline_direct,IndiGo
DEL,CCU,6E,IndiGo,6E 247,2026-09-12,1,economy,,,8965.0,False,23:30,ok,2026-09-11T01:33:06.246458+05:30,2026-09-11_0133IST,airline_direct,IndiGo
DEL,CCU,6E,IndiGo,6E 6517,2026-09-12,1,business,,,26140.0,False,19:30,ok,2026-09-11T01:33:06.246458+05:30,2026-09-11_0133IST,airline_direct,IndiGo
DEL,CCU,6E,IndiGo,6E 6517,2026-09-12,1,economy,,,9280.0,False,19:30,ok,2026-09-11T01:33:06.246458+05:30,2026-09-11_0133IST,airline_direct,IndiGo
DEL,CCU,6E,IndiGo,6E 6245,2026-09-12,1,economy,,,7376.0,False,06:20,ok,2026-09-11T01:33:06.246458+05:30,2026-09-11_0133IST,airline_direct,IndiGo
DEL,CCU,6E,IndiGo,6E 2453,2026-09-12,1,economy,,,7376.0,False,13:35,ok,2026-09-11T01:33:06.246458+05:30,2026-09-11_0133IST,airline_direct,IndiGo
DEL,CCU,6E,IndiGo,6E 2361,2026-09-12,1,economy,,,7507.0,False,14:35,ok,2026-09-11T01:33:06.246458+05:30,2026-09-11_0133IST,airline_direct,IndiGo
DEL,CCU,6E,IndiGo,6E 6190,2026-09-12,1,economy,,,7586.0,False,07:40,ok,2026-09-11T01:33:06.246458+05:30,2026-09-11_0133IST,airline_direct,IndiGo
DEL,CCU,6E,IndiGo,6E 5038,2026-09-12,1,economy,,,7586.0,False,14:00,ok,2026-09-11T01:33:06.246458+05:30,2026-09-11_0133IST,airline_direct,IndiGo
DEL,CCU,6E,IndiGo,6E 2203,2026-09-12,1,economy,,,7691.0,False,04:45,ok,2026-09-11T01:33:06.246458+05:30,2026-09-11_0133IST,airline_direct,IndiGo
DEL,CCU,6E,IndiGo,6E 6124,2026-09-12,1,economy,,,7691.0,False,07:30,ok,2026-09-11T01:33:06.246458+05:30,2026-09-11_0133IST,airline_direct,IndiGo
DEL,CCU,6E,IndiGo,6E 5215,2026-09-12,1,economy,,,7691.0,False,07:45,ok,2026-09-11T01:33:06.246458+05:30,2026-09-11_0133IST,airline_direct,IndiGo
DEL,CCU,6E,IndiGo,6E 5307,2026-09-12,1,economy,,,7691.0,False,10:50,ok,2026-09-11T01:33:06.246458+05:30,2026-09-11_0133IST,airline_direct,IndiGo
DEL,CCU,6E,IndiGo,6E 6378,2026-09-12,1,economy,,,7691.0,False,14:40,ok,2026-09-11T01:33:06.246458+05:30,2026-09-11_0133IST,airline_direct,IndiGo
DEL,CCU,6E,IndiGo,6E 5041,2026-09-12,1,economy,,,7691.0,False,15:10,ok,2026-09-11T01:33:06.246458+05:30,2026-09-11_0133IST,airline_direct,IndiGo
DEL,CCU,6E,IndiGo,6E 5119,2026-09-12,1,economy,,,7927.0,False,05:10,ok,2026-09-11T01:33:06.246458+05:30,2026-09-11_0133IST,airline_direct,IndiGo
DEL,CCU,6E,IndiGo,6E 705,2026-09-12,1,business,,,33806.0,False,08:30,ok,2026-09-11T01:33:06.246458+05:30,2026-09-11_0133IST,airline_direct,IndiGo
DEL,CCU,6E,IndiGo,6E 705,2026-09-12,1,economy,,,7927.0,False,08:30,ok,2026-09-11T01:33:06.246458+05:30,2026-09-11_0133IST,airline_direct,IndiGo
DEL,CCU,6E,IndiGo,6E 6293,2026-09-12,1,business,,,33806.0,False,09:55,ok,2026-09-11T01:33:06.246458+05:30,2026-09-11_0133IST,airline_direct,IndiGo
DEL,CCU,6E,IndiGo,6E 6293,2026-09-12,1,economy,,,7927.0,False,09:55,ok,2026-09-11T01:33:06.246458+05:30,2026-09-11_0133IST,airline_direct,IndiGo
DEL,CCU,6E,IndiGo,6E 884,2026-09-12,1,business,,,33806.0,False,11:45,ok,2026-09-11T01:33:06.246458+05:30,2026-09-11_0133IST,airline_direct,IndiGo
DEL,CCU,6E,IndiGo,6E 884,2026-09-12,1,economy,,,7927.0,False,11:45,ok,2026-09-11T01:33:06.246458+05:30,2026-09-11_0133IST,airline_direct,IndiGo
DEL,CCU,6E,IndiGo,6E 2331,2026-09-12,1,economy,,,7927.0,False,12:20,ok,2026-09-11T01:33:06.246458+05:30,2026-09-11_0133IST,airline_direct,IndiGo
DEL,CCU,6E,IndiGo,6E 2341,2026-09-12,1,economy,,,7927.0,False,14:50,ok,2026-09-11T01:33:06.246458+05:30,2026-09-11_0133IST,airline_direct,IndiGo
DEL,CCU,6E,IndiGo,6E 5073,2026-09-12,1,economy,,,7927.0,False,17:05,ok,2026-09-11T01:33:06.246458+05:30,2026-09-11_0133IST,airline_direct,IndiGo
DEL,CCU,6E,IndiGo,6E 882,2026-09-12,1,business,,,33334.0,False,23:15,ok,2026-09-11T01:33:06.246458+05:30,2026-09-11_0133IST,airline_direct,IndiGo
DEL,CCU,6E,IndiGo,6E 882,2026-09-12,1,economy,,,7927.0,False,23:15,ok,2026-09-11T01:33:06.246458+05:30,2026-09-11_0133IST,airline_direct,IndiGo
DEL,CCU,6E,IndiGo,6E 5206,2026-09-12,1,economy,,,7984.0,False,13:20,ok,2026-09-11T01:33:06.246458+05:30,2026-09-11_0133IST,airline_direct,IndiGo
DEL,CCU,6E,IndiGo,6E 6440,2026-09-12,1,economy,,,7984.0,False,16:40,ok,2026-09-11T01:33:06.246458+05:30,2026-09-11_0133IST,airline_direct,IndiGo
DEL,CCU,6E,IndiGo,6E 6371,2026-09-12,1,economy,,,8032.0,False,06:20,ok,2026-09-11T01:33:06.246458+05:30,2026-09-11_0133IST,airline_direct,IndiGo
DEL,CCU,6E,IndiGo,6E 6459,2026-09-12,1,economy,,,8115.0,False,05:55,ok,2026-09-11T01:33:06.246458+05:30,2026-09-11_0133IST,airline_direct,IndiGo
DEL,CCU,6E,IndiGo,6E 2259,2026-09-12,1,economy,,,8194.0,False,12:20,ok,2026-09-11T01:33:06.246458+05:30,2026-09-11_0133IST,airline_direct,IndiGo
DEL,CCU,6E,IndiGo,6E 2259,2026-09-12,1,economy,,,8194.0,False,12:20,ok,2026-09-11T01:33:06.246458+05:30,2026-09-11_0133IST,airline_direct,IndiGo
DEL,CCU,6E,IndiGo,6E 2614,2026-09-12,1,economy,,,8194.0,False,14:40,ok,2026-09-11T01:33:06.246458+05:30,2026-09-11_0133IST,airline_direct,IndiGo
DEL,CCU,6E,IndiGo,6E 2614,2026-09-12,1,economy,,,8194.0,False,14:40,ok,2026-09-11T01:33:06.246458+05:30,2026-09-11_0133IST,airline_direct,IndiGo
DEL,CCU,6E,IndiGo,6E 6503,2026-09-12,1,economy,,,8509.0,False,13:25,ok,2026-09-11T01:33:06.246458+05:30,2026-09-11_0133IST,airline_direct,IndiGo
DEL,CCU,6E,IndiGo,6E 6190,2026-09-12,1,economy,,,8862.0,False,07:40,ok,2026-09-11T01:33:06.246458+05:30,2026-09-11_0133IST,airline_direct,IndiGo
DEL,CCU,6E,IndiGo,6E 5033,2026-09-12,1,economy,,,8862.0,False,15:50,ok,2026-09-11T01:33:06.246458+05:30,2026-09-11_0133IST,airline_direct,IndiGo
DEL,CCU,6E,IndiGo,6E 705,2026-09-12,1,business,,,33806.0,False,08:30,ok,2026-09-11T01:33:06.246458+05:30,2026-09-11_0133IST,airline_direct,IndiGo
DEL,CCU,6E,IndiGo,6E 705,2026-09-12,1,economy,,,9938.0,False,08:30,ok,2026-09-11T01:33:06.246458+05:30,2026-09-11_0133IST,airline_direct,IndiGo
DEL,CCU,6E,IndiGo,6E 5307,2026-09-12,1,economy,,,10509.0,False,10:50,ok,2026-09-11T01:33:06.246458+05:30,2026-09-11_0133IST,airline_direct,IndiGo
DEL,CCU,6E,IndiGo,6E 6829,2026-09-12,1,economy,,,11422.0,False,17:20,ok,2026-09-11T01:33:06.246458+05:30,2026-09-11_0133IST,airline_direct,IndiGo
DEL,CCU,6E,IndiGo,6E 5041,2026-09-12,1,economy,,,12752.0,False,15:10,ok,2026-09-11T01:33:06.246458+05:30,2026-09-11_0133IST,airline_direct,IndiGo
DEL,CCU,6E,IndiGo,6E 6312,2026-09-12,1,economy,,,13261.0,False,14:25,ok,2026-09-11T01:33:06.246458+05:30,2026-09-11_0133IST,airline_direct,IndiGo
DEL,CCU,6E,IndiGo,6E 6217,2026-09-12,1,business,,,33334.0,False,16:15,ok,2026-09-11T01:33:06.246458+05:30,2026-09-11_0133IST,airline_direct,IndiGo
DEL,CCU,6E,IndiGo,6E 6217,2026-09-12,1,economy,,,13681.0,False,16:15,ok,2026-09-11T01:33:06.246458+05:30,2026-09-11_0133IST,airline_direct,IndiGo
DEL,CCU,6E,IndiGo,6E 717,2026-09-12,1,business,,,33334.0,False,17:55,ok,2026-09-11T01:33:06.246458+05:30,2026-09-11_0133IST,airline_direct,IndiGo
DEL,CCU,6E,IndiGo,6E 717,2026-09-12,1,economy,,,13681.0,False,17:55,ok,2026-09-11T01:33:06.246458+05:30,2026-09-11_0133IST,airline_direct,IndiGo
DEL,CCU,6E,IndiGo,6E 203,2026-09-12,1,business,,,33806.0,False,07:10,ok,2026-09-11T01:33:06.246458+05:30,2026-09-11_0133IST,airline_direct,IndiGo
DEL,CCU,6E,IndiGo,6E 203,2026-09-12,1,economy,,,14861.0,False,07:10,ok,2026-09-11T01:33:06.246458+05:30,2026-09-11_0133IST,airline_direct,IndiGo
DEL,CCU,6E,IndiGo,6E 6282,2026-09-12,1,business,,,33806.0,False,13:30,ok,2026-09-11T01:33:06.246458+05:30,2026-09-11_0133IST,airline_direct,IndiGo
DEL,CCU,6E,IndiGo,6E 6282,2026-09-12,1,economy,,,14861.0,False,13:30,ok,2026-09-11T01:33:06.246458+05:30,2026-09-11_0133IST,airline_direct,IndiGo
DEL,CCU,6E,IndiGo,6E 2037,2026-09-12,1,economy,,,15430.0,False,10:55,ok,2026-09-11T01:33:06.246458+05:30,2026-09-11_0133IST,airline_direct,IndiGo
DEL,CCU,6E,IndiGo,6E 2037,2026-09-12,1,economy,,,15430.0,False,10:55,ok,2026-09-11T01:33:06.246458+05:30,2026-09-11_0133IST,airline_direct,IndiGo
DEL,CCU,6E,IndiGo,6E 704,2026-09-12,1,business,,,33334.0,False,02:25,ok,2026-09-11T01:33:06.246458+05:30,2026-09-11_0133IST,airline_direct,IndiGo
DEL,CCU,6E,IndiGo,6E 704,2026-09-12,1,economy,,,16024.0,False,02:25,ok,2026-09-11T01:33:06.246458+05:30,2026-09-11_0133IST,airline_direct,IndiGo
DEL,CCU,6E,IndiGo,6E 203,2026-09-12,1,business,,,33806.0,False,07:10,ok,2026-09-11T01:33:06.246458+05:30,2026-09-11_0133IST,airline_direct,IndiGo
DEL,CCU,6E,IndiGo,6E 203,2026-09-12,1,economy,,,16444.0,False,07:10,ok,2026-09-11T01:33:06.246458+05:30,2026-09-11_0133IST,airline_direct,IndiGo
DEL,CCU,6E,IndiGo,6E 704,2026-09-12,1,business,,,36048.0,False,02:25,ok,2026-09-11T01:33:06.246458+05:30,2026-09-11_0133IST,airline_direct,IndiGo
DEL,CCU,6E,IndiGo,6E 704,2026-09-12,1,economy,,,18754.0,False,02:25,ok,2026-09-11T01:33:06.246458+05:30,2026-09-11_0133IST,airline_direct,IndiGo
DEL,CCU,6E,IndiGo,6E 2296,2026-09-12,1,economy,,,22423.0,False,09:20,ok,2026-09-11T01:33:06.246458+05:30,2026-09-11_0133IST,airline_direct,IndiGo
DEL,CCU,6E,IndiGo,6E 2296,2026-09-12,1,economy,,,23556.0,False,09:20,ok,2026-09-11T01:33:06.246458+05:30,2026-09-11_0133IST,airline_direct,IndiGo
DEL,CCU,6E,IndiGo,6E 734,2026-09-12,1,economy,,,24426.0,False,16:20,ok,2026-09-11T01:33:06.246458+05:30,2026-09-11_0133IST,airline_direct,IndiGo
BLR,HYD,6E,IndiGo,6E 6067,2026-09-12,1,economy,,,9518.0,False,16:30,ok,2026-09-11T01:34:05.376973+05:30,2026-09-11_0134IST,airline_direct,IndiGo
BLR,HYD,6E,IndiGo,6E 6784,2026-09-12,1,economy,,,9518.0,False,21:30,ok,2026-09-11T01:34:05.376973+05:30,2026-09-11_0134IST,airline_direct,IndiGo
BLR,HYD,6E,IndiGo,6E 638,2026-09-12,1,economy,,,10390.0,False,18:35,ok,2026-09-11T01:34:05.376973+05:30,2026-09-11_0134IST,airline_direct,IndiGo
BLR,HYD,6E,IndiGo,6E 6178,2026-09-12,1,economy,,,11353.0,False,06:25,ok,2026-09-11T01:34:05.376973+05:30,2026-09-11_0134IST,airline_direct,IndiGo
BLR,HYD,6E,IndiGo,6E 407,2026-09-12,1,economy,,,12416.0,False,14:50,ok,2026-09-11T01:34:05.376973+05:30,2026-09-11_0134IST,airline_direct,IndiGo
BLR,HYD,6E,IndiGo,6E 855,2026-09-12,1,economy,,,13589.0,False,19:45,ok,2026-09-11T01:34:05.376973+05:30,2026-09-11_0134IST,airline_direct,IndiGo
BLR,HYD,6E,IndiGo,6E 484,2026-09-12,1,economy,,,14882.0,False,08:15,ok,2026-09-11T01:34:05.376973+05:30,2026-09-11_0134IST,airline_direct,IndiGo
BLR,HYD,6E,IndiGo,6E 312,2026-09-12,1,economy,,,14882.0,False,09:15,ok,2026-09-11T01:34:05.376973+05:30,2026-09-11_0134IST,airline_direct,IndiGo
BLR,HYD,6E,IndiGo,6E 537,2026-09-12,1,economy,,,14882.0,False,10:15,ok,2026-09-11T01:34:05.376973+05:30,2026-09-11_0134IST,airline_direct,IndiGo
BLR,HYD,6E,IndiGo,6E 6404,2026-09-12,1,economy,,,14882.0,False,11:35,ok,2026-09-11T01:34:05.376973+05:30,2026-09-11_0134IST,airline_direct,IndiGo
BLR,HYD,6E,IndiGo,6E 6208,2026-09-12,1,economy,,,6543.0,False,12:50,ok,2026-09-11T01:34:05.376973+05:30,2026-09-11_0134IST,airline_direct,IndiGo
BLR,HYD,6E,IndiGo,6E 356,2026-09-12,1,economy,,,6543.0,False,17:15,ok,2026-09-11T01:34:05.376973+05:30,2026-09-11_0134IST,airline_direct,IndiGo
BLR,HYD,6E,IndiGo,6E 356,2026-09-12,1,economy,,,6543.0,False,17:15,ok,2026-09-11T01:34:05.376973+05:30,2026-09-11_0134IST,airline_direct,IndiGo
BLR,HYD,6E,IndiGo,6E 6017,2026-09-12,1,economy,,,6543.0,False,18:15,ok,2026-09-11T01:34:05.376973+05:30,2026-09-11_0134IST,airline_direct,IndiGo
BLR,HYD,6E,IndiGo,6E 6336,2026-09-12,1,economy,,,6674.0,False,12:25,ok,2026-09-11T01:34:05.376973+05:30,2026-09-11_0134IST,airline_direct,IndiGo
BLR,HYD,6E,IndiGo,6E 857,2026-09-12,1,economy,,,6969.0,False,07:05,ok,2026-09-11T01:34:05.376973+05:30,2026-09-11_0134IST,airline_direct,IndiGo
BLR,HYD,6E,IndiGo,6E 6208,2026-09-12,1,economy,,,6969.0,False,12:50,ok,2026-09-11T01:34:05.376973+05:30,2026-09-11_0134IST,airline_direct,IndiGo
BLR,HYD,6E,IndiGo,6E 6542,2026-09-12,1,economy,,,6969.0,False,13:10,ok,2026-09-11T01:34:05.376973+05:30,2026-09-11_0134IST,airline_direct,IndiGo
BLR,HYD,6E,IndiGo,6E 6542,2026-09-12,1,economy,,,6969.0,False,13:10,ok,2026-09-11T01:34:05.376973+05:30,2026-09-11_0134IST,airline_direct,IndiGo
BLR,HYD,6E,IndiGo,6E 6168,2026-09-12,1,economy,,,6969.0,False,17:40,ok,2026-09-11T01:34:05.376973+05:30,2026-09-11_0134IST,airline_direct,IndiGo
BLR,HYD,6E,IndiGo,6E 6445,2026-09-12,1,economy,,,7432.0,False,10:25,ok,2026-09-11T01:34:05.376973+05:30,2026-09-11_0134IST,airline_direct,IndiGo
BLR,HYD,6E,IndiGo,6E 6104,2026-09-12,1,economy,,,7432.0,False,11:40,ok,2026-09-11T01:34:05.376973+05:30,2026-09-11_0134IST,airline_direct,IndiGo
BLR,HYD,6E,IndiGo,6E 7227,2026-09-12,1,economy,,,8352.0,False,06:25,ok,2026-09-11T01:34:05.376973+05:30,2026-09-11_0134IST,airline_direct,IndiGo
BLR,HYD,6E,IndiGo,6E 6104,2026-09-12,1,economy,,,8484.0,False,11:40,ok,2026-09-11T01:34:05.376973+05:30,2026-09-11_0134IST,airline_direct,IndiGo
BLR,HYD,6E,IndiGo,6E 6653,2026-09-12,1,economy,,,8484.0,False,12:35,ok,2026-09-11T01:34:05.376973+05:30,2026-09-11_0134IST,airline_direct,IndiGo
BLR,HYD,6E,IndiGo,6E 763,2026-09-12,1,economy,,,9081.0,False,07:05,ok,2026-09-11T01:34:05.376973+05:30,2026-09-11_0134IST,airline_direct,IndiGo
BLR,HYD,6E,IndiGo,6E 763,2026-09-12,1,economy,,,9081.0,False,07:05,ok,2026-09-11T01:34:05.376973+05:30,2026-09-11_0134IST,airline_direct,IndiGo
BLR,HYD,6E,IndiGo,6E 6653,2026-09-12,1,economy,,,9081.0,False,12:35,ok,2026-09-11T01:34:05.376973+05:30,2026-09-11_0134IST,airline_direct,IndiGo
BLR,HYD,6E,IndiGo,6E 857,2026-09-12,1,economy,,,9730.0,False,07:05,ok,2026-09-11T01:34:05.376973+05:30,2026-09-11_0134IST,airline_direct,IndiGo
BLR,HYD,6E,IndiGo,6E 6208,2026-09-12,1,economy,,,10967.0,False,12:50,ok,2026-09-11T01:34:05.376973+05:30,2026-09-11_0134IST,airline_direct,IndiGo
BLR,HYD,6E,IndiGo,6E 703,2026-09-12,1,economy,,,11204.0,False,12:55,ok,2026-09-11T01:34:05.376973+05:30,2026-09-11_0134IST,airline_direct,IndiGo
BLR,HYD,6E,IndiGo,6E 6583,2026-09-12,1,economy,,,11335.0,False,10:40,ok,2026-09-11T01:34:05.376973+05:30,2026-09-11_0134IST,airline_direct,IndiGo
BLR,HYD,6E,IndiGo,6E 6336,2026-09-12,1,economy,,,11593.0,False,12:25,ok,2026-09-11T01:34:05.376973+05:30,2026-09-11_0134IST,airline_direct,IndiGo
BLR,HYD,6E,IndiGo,6E 904,2026-09-12,1,economy,,,11964.0,False,10:50,ok,2026-09-11T01:34:05.376973+05:30,2026-09-11_0134IST,airline_direct,IndiGo
BLR,HYD,6E,IndiGo,6E 904,2026-09-12,1,economy,,,11964.0,False,10:50,ok,2026-09-11T01:34:05.376973+05:30,2026-09-11_0134IST,airline_direct,IndiGo
BLR,HYD,6E,IndiGo,6E 6269,2026-09-12,1,economy,,,12041.0,False,07:15,ok,2026-09-11T01:34:05.376973+05:30,2026-09-11_0134IST,airline_direct,IndiGo
BLR,HYD,6E,IndiGo,6E 441,2026-09-12,1,economy,,,12041.0,False,20:40,ok,2026-09-11T01:34:05.376973+05:30,2026-09-11_0134IST,airline_direct,IndiGo
BLR,HYD,6E,IndiGo,6E 528,2026-09-12,1,economy,,,12041.0,False,21:40,ok,2026-09-11T01:34:05.376973+05:30,2026-09-11_0134IST,airline_direct,IndiGo
BLR,HYD,6E,IndiGo,6E 7204,2026-09-12,1,economy,,,12950.0,False,06:50,ok,2026-09-11T01:34:05.376973+05:30,2026-09-11_0134IST,airline_direct,IndiGo
BLR,HYD,6E,IndiGo,6E 6269,2026-09-12,1,economy,,,12950.0,False,07:15,ok,2026-09-11T01:34:05.376973+05:30,2026-09-11_0134IST,airline_direct,IndiGo
BLR,HYD,6E,IndiGo,6E 7005,2026-09-12,1,economy,,,12950.0,False,08:05,ok,2026-09-11T01:34:05.376973+05:30,2026-09-11_0134IST,airline_direct,IndiGo
BLR,HYD,6E,IndiGo,6E 7005,2026-09-12,1,economy,,,12950.0,False,08:05,ok,2026-09-11T01:34:05.376973+05:30,2026-09-11_0134IST,airline_direct,IndiGo
BLR,HYD,6E,IndiGo,6E 6168,2026-09-12,1,economy,,,13808.0,False,17:40,ok,2026-09-11T01:34:05.376973+05:30,2026-09-11_0134IST,airline_direct,IndiGo
BLR,HYD,6E,IndiGo,6E 105,2026-09-12,1,economy,,,13940.0,False,18:45,ok,2026-09-11T01:34:05.376973+05:30,2026-09-11_0134IST,airline_direct,IndiGo
BLR,HYD,6E,IndiGo,6E 105,2026-09-12,1,economy,,,13940.0,False,18:45,ok,2026-09-11T01:34:05.376973+05:30,2026-09-11_0134IST,airline_direct,IndiGo
BLR,HYD,6E,IndiGo,6E 116,2026-09-12,1,economy,,,13940.0,False,23:05,ok,2026-09-11T01:34:05.376973+05:30,2026-09-11_0134IST,airline_direct,IndiGo
BLR,HYD,6E,IndiGo,6E 116,2026-09-12,1,economy,,,13940.0,False,23:05,ok,2026-09-11T01:34:05.376973+05:30,2026-09-11_0134IST,airline_direct,IndiGo
BLR,HYD,6E,IndiGo,6E 7071,2026-09-12,1,economy,,,14838.0,False,10:55,ok,2026-09-11T01:34:05.376973+05:30,2026-09-11_0134IST,airline_direct,IndiGo
BLR,HYD,6E,IndiGo,6E 576,2026-09-12,1,economy,,,15018.0,False,16:25,ok,2026-09-11T01:34:05.376973+05:30,2026-09-11_0134IST,airline_direct,IndiGo
BLR,HYD,6E,IndiGo,6E 6554,2026-09-12,1,economy,,,15058.0,False,19:15,ok,2026-09-11T01:34:05.376973+05:30,2026-09-11_0134IST,airline_direct,IndiGo
BLR,HYD,6E,IndiGo,6E 6753,2026-09-12,1,economy,,,18014.0,False,15:15,ok,2026-09-11T01:34:05.376973+05:30,2026-09-11_0134IST,airline_direct,IndiGo
BLR,HYD,6E,IndiGo,6E 6583,2026-09-12,1,economy,,,20228.0,False,10:40,ok,2026-09-11T01:34:05.376973+05:30,2026-09-11_0134IST,airline_direct,IndiGo
BLR,HYD,6E,IndiGo,6E 6445,2026-09-12,1,economy,,,20767.0,False,10:25,ok,2026-09-11T01:34:05.376973+05:30,2026-09-11_0134IST,airline_direct,IndiGo
BLR,HYD,6E,IndiGo,6E 6162,2026-09-12,1,economy,,,20987.0,False,18:50,ok,2026-09-11T01:34:05.376973+05:30,2026-09-11_0134IST,airline_direct,IndiGo
BLR,HYD,6E,IndiGo,6E 109,2026-09-12,1,economy,,,21416.0,False,17:00,ok,2026-09-11T01:34:05.376973+05:30,2026-09-11_0134IST,airline_direct,IndiGo
BLR,HYD,6E,IndiGo,6E 763,2026-09-12,1,economy,,,23029.0,False,07:05,ok,2026-09-11T01:34:05.376973+05:30,2026-09-11_0134IST,airline_direct,IndiGo
BLR,HYD,6E,IndiGo,6E 414,2026-09-12,1,economy,,,27284.0,False,14:45,ok,2026-09-11T01:34:05.376973+05:30,2026-09-11_0134IST,airline_direct,IndiGo
BLR,HYD,6E,IndiGo,6E 5306,2026-09-12,1,economy,,,27395.0,False,14:35,ok,2026-09-11T01:34:05.376973+05:30,2026-09-11_0134IST,airline_direct,IndiGo
BLR,HYD,6E,IndiGo,6E 6563,2026-09-12,1,economy,,,32849.0,False,01:05,ok,2026-09-11T01:34:05.376973+05:30,2026-09-11_0134IST,airline_direct,IndiGo
BLR,HYD,6E,IndiGo,6E 6876,2026-09-12,1,economy,,,32849.0,False,02:40,ok,2026-09-11T01:34:05.376973+05:30,2026-09-11_0134IST,airline_direct,IndiGo
MAA,DEL,6E,IndiGo,6E 939,2026-09-12,1,business,,,28240.0,False,13:00,ok,2026-09-11T01:34:59.770973+05:30,2026-09-11_0134IST,airline_direct,IndiGo
MAA,DEL,6E,IndiGo,6E 939,2026-09-12,1,economy,,,10295.0,False,13:00,ok,2026-09-11T01:34:59.770973+05:30,2026-09-11_0134IST,airline_direct,IndiGo
MAA,DEL,6E,IndiGo,6E 948,2026-09-12,1,business,,,28240.0,False,14:30,ok,2026-09-11T01:34:59.770973+05:30,2026-09-11_0134IST,airline_direct,IndiGo
MAA,DEL,6E,IndiGo,6E 948,2026-09-12,1,economy,,,10785.0,False,14:30,ok,2026-09-11T01:34:59.770973+05:30,2026-09-11_0134IST,airline_direct,IndiGo
MAA,DEL,6E,IndiGo,6E 698,2026-09-12,1,business,,,28240.0,False,16:45,ok,2026-09-11T01:34:59.770973+05:30,2026-09-11_0134IST,airline_direct,IndiGo
MAA,DEL,6E,IndiGo,6E 698,2026-09-12,1,economy,,,11303.0,False,16:45,ok,2026-09-11T01:34:59.770973+05:30,2026-09-11_0134IST,airline_direct,IndiGo
MAA,DEL,6E,IndiGo,6E 2369,2026-09-12,1,business,,,28240.0,False,23:45,ok,2026-09-11T01:34:59.770973+05:30,2026-09-11_0134IST,airline_direct,IndiGo
MAA,DEL,6E,IndiGo,6E 2369,2026-09-12,1,economy,,,11303.0,False,23:45,ok,2026-09-11T01:34:59.770973+05:30,2026-09-11_0134IST,airline_direct,IndiGo
MAA,DEL,6E,IndiGo,6E 6002,2026-09-12,1,business,,,28240.0,False,11:10,ok,2026-09-11T01:34:59.770973+05:30,2026-09-11_0134IST,airline_direct,IndiGo
MAA,DEL,6E,IndiGo,6E 6002,2026-09-12,1,economy,,,11850.0,False,11:10,ok,2026-09-11T01:34:59.770973+05:30,2026-09-11_0134IST,airline_direct,IndiGo
MAA,DEL,6E,IndiGo,6E 404,2026-09-12,1,business,,,28240.0,False,09:15,ok,2026-09-11T01:34:59.770973+05:30,2026-09-11_0134IST,airline_direct,IndiGo
MAA,DEL,6E,IndiGo,6E 404,2026-09-12,1,economy,,,12426.0,False,09:15,ok,2026-09-11T01:34:59.770973+05:30,2026-09-11_0134IST,airline_direct,IndiGo
MAA,DEL,6E,IndiGo,6E 937,2026-09-12,1,business,,,28240.0,False,06:30,ok,2026-09-11T01:34:59.770973+05:30,2026-09-11_0134IST,airline_direct,IndiGo
MAA,DEL,6E,IndiGo,6E 937,2026-09-12,1,economy,,,13035.0,False,06:30,ok,2026-09-11T01:34:59.770973+05:30,2026-09-11_0134IST,airline_direct,IndiGo
MAA,DEL,6E,IndiGo,6E 613,2026-09-12,1,business,,,28240.0,False,19:00,ok,2026-09-11T01:34:59.770973+05:30,2026-09-11_0134IST,airline_direct,IndiGo
MAA,DEL,6E,IndiGo,6E 613,2026-09-12,1,economy,,,15824.0,False,19:00,ok,2026-09-11T01:34:59.770973+05:30,2026-09-11_0134IST,airline_direct,IndiGo
MAA,DEL,6E,IndiGo,6E 562,2026-09-12,1,business,,,31516.0,False,18:20,ok,2026-09-11T01:34:59.770973+05:30,2026-09-11_0134IST,airline_direct,IndiGo
MAA,DEL,6E,IndiGo,6E 562,2026-09-12,1,economy,,,10535.0,False,18:20,ok,2026-09-11T01:34:59.770973+05:30,2026-09-11_0134IST,airline_direct,IndiGo
MAA,DEL,6E,IndiGo,6E 193,2026-09-12,1,business,,,30916.0,False,20:00,ok,2026-09-11T01:34:59.770973+05:30,2026-09-11_0134IST,airline_direct,IndiGo
MAA,DEL,6E,IndiGo,6E 193,2026-09-12,1,economy,,,10535.0,False,20:00,ok,2026-09-11T01:34:59.770973+05:30,2026-09-11_0134IST,airline_direct,IndiGo
MAA,DEL,6E,IndiGo,6E 561,2026-09-12,1,business,,,32425.0,False,22:20,ok,2026-09-11T01:34:59.770973+05:30,2026-09-11_0134IST,airline_direct,IndiGo
MAA,DEL,6E,IndiGo,6E 561,2026-09-12,1,economy,,,10535.0,False,22:20,ok,2026-09-11T01:34:59.770973+05:30,2026-09-11_0134IST,airline_direct,IndiGo
MAA,DEL,6E,IndiGo,6E 6081,2026-09-12,1,business,,,33846.0,False,07:05,ok,2026-09-11T01:34:59.770973+05:30,2026-09-11_0134IST,airline_direct,IndiGo
MAA,DEL,6E,IndiGo,6E 6081,2026-09-12,1,economy,,,10614.0,False,07:05,ok,2026-09-11T01:34:59.770973+05:30,2026-09-11_0134IST,airline_direct,IndiGo
MAA,DEL,6E,IndiGo,6E 847,2026-09-12,1,business,,,33057.0,False,16:15,ok,2026-09-11T01:34:59.770973+05:30,2026-09-11_0134IST,airline_direct,IndiGo
MAA,DEL,6E,IndiGo,6E 847,2026-09-12,1,economy,,,10614.0,False,16:15,ok,2026-09-11T01:34:59.770973+05:30,2026-09-11_0134IST,airline_direct,IndiGo
MAA,DEL,6E,IndiGo,6E 365,2026-09-12,1,business,,,32713.0,False,17:45,ok,2026-09-11T01:34:59.770973+05:30,2026-09-11_0134IST,airline_direct,IndiGo
MAA,DEL,6E,IndiGo,6E 365,2026-09-12,1,economy,,,10614.0,False,17:45,ok,2026-09-11T01:34:59.770973+05:30,2026-09-11_0134IST,airline_direct,IndiGo
MAA,DEL,6E,IndiGo,6E 6326,2026-09-12,1,business,,,37589.0,False,11:45,ok,2026-09-11T01:34:59.770973+05:30,2026-09-11_0134IST,airline_direct,IndiGo
MAA,DEL,6E,IndiGo,6E 6326,2026-09-12,1,economy,,,10745.0,False,11:45,ok,2026-09-11T01:34:59.770973+05:30,2026-09-11_0134IST,airline_direct,IndiGo
MAA,DEL,6E,IndiGo,6E 5104,2026-09-12,1,business,,,39741.0,False,16:40,ok,2026-09-11T01:34:59.770973+05:30,2026-09-11_0134IST,airline_direct,IndiGo
MAA,DEL,6E,IndiGo,6E 5104,2026-09-12,1,economy,,,10745.0,False,16:40,ok,2026-09-11T01:34:59.770973+05:30,2026-09-11_0134IST,airline_direct,IndiGo
MAA,DEL,6E,IndiGo,6E 597,2026-09-12,1,economy,,,10903.0,False,17:45,ok,2026-09-11T01:34:59.770973+05:30,2026-09-11_0134IST,airline_direct,IndiGo
MAA,DEL,6E,IndiGo,6E 7084,2026-09-12,1,economy,,,11235.0,False,07:20,ok,2026-09-11T01:34:59.770973+05:30,2026-09-11_0134IST,airline_direct,IndiGo
MAA,DEL,6E,IndiGo,6E 6081,2026-09-12,1,business,,,33846.0,False,07:05,ok,2026-09-11T01:34:59.770973+05:30,2026-09-11_0134IST,airline_direct,IndiGo
MAA,DEL,6E,IndiGo,6E 6081,2026-09-12,1,economy,,,12356.0,False,07:05,ok,2026-09-11T01:34:59.770973+05:30,2026-09-11_0134IST,airline_direct,IndiGo
MAA,DEL,6E,IndiGo,6E 539,2026-09-12,1,economy,,,13277.0,False,11:25,ok,2026-09-11T01:34:59.770973+05:30,2026-09-11_0134IST,airline_direct,IndiGo
MAA,DEL,6E,IndiGo,6E 6892,2026-09-12,1,business,,,33846.0,False,10:55,ok,2026-09-11T01:34:59.770973+05:30,2026-09-11_0134IST,airline_direct,IndiGo
MAA,DEL,6E,IndiGo,6E 6892,2026-09-12,1,economy,,,14452.0,False,10:55,ok,2026-09-11T01:34:59.770973+05:30,2026-09-11_0134IST,airline_direct,IndiGo
MAA,DEL,6E,IndiGo,6E 6487,2026-09-12,1,business,,,32172.0,False,21:25,ok,2026-09-11T01:34:59.770973+05:30,2026-09-11_0134IST,airline_direct,IndiGo
MAA,DEL,6E,IndiGo,6E 6487,2026-09-12,1,economy,,,14472.0,False,21:25,ok,2026-09-11T01:34:59.770973+05:30,2026-09-11_0134IST,airline_direct,IndiGo
MAA,DEL,6E,IndiGo,6E 6209,2026-09-12,1,business,,,33846.0,False,14:35,ok,2026-09-11T01:34:59.770973+05:30,2026-09-11_0134IST,airline_direct,IndiGo
MAA,DEL,6E,IndiGo,6E 6209,2026-09-12,1,economy,,,14994.0,False,14:35,ok,2026-09-11T01:34:59.770973+05:30,2026-09-11_0134IST,airline_direct,IndiGo
MAA,DEL,6E,IndiGo,6E 6209,2026-09-12,1,business,,,33846.0,False,14:35,ok,2026-09-11T01:34:59.770973+05:30,2026-09-11_0134IST,airline_direct,IndiGo
MAA,DEL,6E,IndiGo,6E 6209,2026-09-12,1,economy,,,14994.0,False,14:35,ok,2026-09-11T01:34:59.770973+05:30,2026-09-11_0134IST,airline_direct,IndiGo
MAA,DEL,6E,IndiGo,6E 6892,2026-09-12,1,business,,,33846.0,False,10:55,ok,2026-09-11T01:34:59.770973+05:30,2026-09-11_0134IST,airline_direct,IndiGo
MAA,DEL,6E,IndiGo,6E 6892,2026-09-12,1,economy,,,15585.0,False,10:55,ok,2026-09-11T01:34:59.770973+05:30,2026-09-11_0134IST,airline_direct,IndiGo
MAA,DEL,6E,IndiGo,6E 495,2026-09-12,1,business,,,32172.0,False,07:10,ok,2026-09-11T01:34:59.770973+05:30,2026-09-11_0134IST,airline_direct,IndiGo
MAA,DEL,6E,IndiGo,6E 495,2026-09-12,1,economy,,,15652.0,False,07:10,ok,2026-09-11T01:34:59.770973+05:30,2026-09-11_0134IST,airline_direct,IndiGo
MAA,DEL,6E,IndiGo,6E 848,2026-09-12,1,economy,,,15812.0,False,17:50,ok,2026-09-11T01:34:59.770973+05:30,2026-09-11_0134IST,airline_direct,IndiGo
MAA,DEL,6E,IndiGo,6E 834,2026-09-12,1,business,,,32889.0,False,09:05,ok,2026-09-11T01:34:59.770973+05:30,2026-09-11_0134IST,airline_direct,IndiGo
MAA,DEL,6E,IndiGo,6E 834,2026-09-12,1,economy,,,16290.0,False,09:05,ok,2026-09-11T01:34:59.770973+05:30,2026-09-11_0134IST,airline_direct,IndiGo
MAA,DEL,6E,IndiGo,6E 834,2026-09-12,1,business,,,32889.0,False,09:05,ok,2026-09-11T01:34:59.770973+05:30,2026-09-11_0134IST,airline_direct,IndiGo
MAA,DEL,6E,IndiGo,6E 834,2026-09-12,1,economy,,,16290.0,False,09:05,ok,2026-09-11T01:34:59.770973+05:30,2026-09-11_0134IST,airline_direct,IndiGo
MAA,DEL,6E,IndiGo,6E 372,2026-09-12,1,business,,,32889.0,False,09:55,ok,2026-09-11T01:34:59.770973+05:30,2026-09-11_0134IST,airline_direct,IndiGo
MAA,DEL,6E,IndiGo,6E 372,2026-09-12,1,economy,,,16290.0,False,09:55,ok,2026-09-11T01:34:59.770973+05:30,2026-09-11_0134IST,airline_direct,IndiGo
MAA,DEL,6E,IndiGo,6E 372,2026-09-12,1,business,,,32889.0,False,09:55,ok,2026-09-11T01:34:59.770973+05:30,2026-09-11_0134IST,airline_direct,IndiGo
MAA,DEL,6E,IndiGo,6E 372,2026-09-12,1,economy,,,16290.0,False,09:55,ok,2026-09-11T01:34:59.770973+05:30,2026-09-11_0134IST,airline_direct,IndiGo
MAA,DEL,6E,IndiGo,6E 5258,2026-09-12,1,business,,,39741.0,False,12:45,ok,2026-09-11T01:34:59.770973+05:30,2026-09-11_0134IST,airline_direct,IndiGo
MAA,DEL,6E,IndiGo,6E 5258,2026-09-12,1,economy,,,16557.0,False,12:45,ok,2026-09-11T01:34:59.770973+05:30,2026-09-11_0134IST,airline_direct,IndiGo
MAA,DEL,6E,IndiGo,6E 5371,2026-09-12,1,business,,,39741.0,False,14:45,ok,2026-09-11T01:34:59.770973+05:30,2026-09-11_0134IST,airline_direct,IndiGo
MAA,DEL,6E,IndiGo,6E 5371,2026-09-12,1,economy,,,16557.0,False,14:45,ok,2026-09-11T01:34:59.770973+05:30,2026-09-11_0134IST,airline_direct,IndiGo
MAA,DEL,6E,IndiGo,6E 5367,2026-09-12,1,business,,,39741.0,False,18:15,ok,2026-09-11T01:34:59.770973+05:30,2026-09-11_0134IST,airline_direct,IndiGo
MAA,DEL,6E,IndiGo,6E 5367,2026-09-12,1,economy,,,16671.0,False,18:15,ok,2026-09-11T01:34:59.770973+05:30,2026-09-11_0134IST,airline_direct,IndiGo
MAA,DEL,6E,IndiGo,6E 5258,2026-09-12,1,business,,,39741.0,False,12:45,ok,2026-09-11T01:34:59.770973+05:30,2026-09-11_0134IST,airline_direct,IndiGo
MAA,DEL,6E,IndiGo,6E 5258,2026-09-12,1,economy,,,16872.0,False,12:45,ok,2026-09-11T01:34:59.770973+05:30,2026-09-11_0134IST,airline_direct,IndiGo
MAA,DEL,6E,IndiGo,6E 6815,2026-09-12,1,business,,,33846.0,False,08:55,ok,2026-09-11T01:34:59.770973+05:30,2026-09-11_0134IST,airline_direct,IndiGo
MAA,DEL,6E,IndiGo,6E 6815,2026-09-12,1,economy,,,16889.0,False,08:55,ok,2026-09-11T01:34:59.770973+05:30,2026-09-11_0134IST,airline_direct,IndiGo
MAA,DEL,6E,IndiGo,6E 973,2026-09-12,1,economy,,,16898.0,False,11:55,ok,2026-09-11T01:34:59.770973+05:30,2026-09-11_0134IST,airline_direct,IndiGo
MAA,DEL,6E,IndiGo,6E 606,2026-09-12,1,business,,,36645.0,False,18:05,ok,2026-09-11T01:34:59.770973+05:30,2026-09-11_0134IST,airline_direct,IndiGo
MAA,DEL,6E,IndiGo,6E 606,2026-09-12,1,economy,,,16953.0,False,18:05,ok,2026-09-11T01:34:59.770973+05:30,2026-09-11_0134IST,airline_direct,IndiGo
MAA,DEL,6E,IndiGo,6E 5214,2026-09-12,1,business,,,44565.0,False,11:00,ok,2026-09-11T01:34:59.770973+05:30,2026-09-11_0134IST,airline_direct,IndiGo
MAA,DEL,6E,IndiGo,6E 5214,2026-09-12,1,economy,,,17555.0,False,11:00,ok,2026-09-11T01:34:59.770973+05:30,2026-09-11_0134IST,airline_direct,IndiGo
MAA,DEL,6E,IndiGo,6E 6925,2026-09-12,1,business,,,34532.0,False,12:00,ok,2026-09-11T01:34:59.770973+05:30,2026-09-11_0134IST,airline_direct,IndiGo
MAA,DEL,6E,IndiGo,6E 6925,2026-09-12,1,economy,,,17752.0,False,12:00,ok,2026-09-11T01:34:59.770973+05:30,2026-09-11_0134IST,airline_direct,IndiGo
MAA,DEL,6E,IndiGo,6E 495,2026-09-12,1,business,,,32172.0,False,07:10,ok,2026-09-11T01:34:59.770973+05:30,2026-09-11_0134IST,airline_direct,IndiGo
MAA,DEL,6E,IndiGo,6E 495,2026-09-12,1,economy,,,17899.0,False,07:10,ok,2026-09-11T01:34:59.770973+05:30,2026-09-11_0134IST,airline_direct,IndiGo
MAA,DEL,6E,IndiGo,6E 6925,2026-09-12,1,business,,,34532.0,False,12:00,ok,2026-09-11T01:34:59.770973+05:30,2026-09-11_0134IST,airline_direct,IndiGo
MAA,DEL,6E,IndiGo,6E 6925,2026-09-12,1,economy,,,18347.0,False,12:00,ok,2026-09-11T01:34:59.770973+05:30,2026-09-11_0134IST,airline_direct,IndiGo
MAA,DEL,6E,IndiGo,6E 5314,2026-09-12,1,business,,,43340.0,False,06:45,ok,2026-09-11T01:34:59.770973+05:30,2026-09-11_0134IST,airline_direct,IndiGo
MAA,DEL,6E,IndiGo,6E 5314,2026-09-12,1,economy,,,18557.0,False,06:45,ok,2026-09-11T01:34:59.770973+05:30,2026-09-11_0134IST,airline_direct,IndiGo
MAA,DEL,6E,IndiGo,6E 6113,2026-09-12,1,economy,,,18606.0,False,17:00,ok,2026-09-11T01:34:59.770973+05:30,2026-09-11_0134IST,airline_direct,IndiGo
MAA,DEL,6E,IndiGo,6E 321,2026-09-12,1,business,,,38179.0,False,08:20,ok,2026-09-11T01:34:59.770973+05:30,2026-09-11_0134IST,airline_direct,IndiGo
MAA,DEL,6E,IndiGo,6E 321,2026-09-12,1,economy,,,18633.0,False,08:20,ok,2026-09-11T01:34:59.770973+05:30,2026-09-11_0134IST,airline_direct,IndiGo
MAA,DEL,6E,IndiGo,6E 6348,2026-09-12,1,business,,,43340.0,False,09:00,ok,2026-09-11T01:34:59.770973+05:30,2026-09-11_0134IST,airline_direct,IndiGo
MAA,DEL,6E,IndiGo,6E 6348,2026-09-12,1,economy,,,19716.0,False,09:00,ok,2026-09-11T01:34:59.770973+05:30,2026-09-11_0134IST,airline_direct,IndiGo
MAA,DEL,6E,IndiGo,6E 183,2026-09-12,1,business,,,35141.0,False,16:35,ok,2026-09-11T01:34:59.770973+05:30,2026-09-11_0134IST,airline_direct,IndiGo
MAA,DEL,6E,IndiGo,6E 183,2026-09-12,1,economy,,,20359.0,False,16:35,ok,2026-09-11T01:34:59.770973+05:30,2026-09-11_0134IST,airline_direct,IndiGo
MAA,DEL,6E,IndiGo,6E 244,2026-09-12,1,economy,,,20736.0,False,03:55,ok,2026-09-11T01:34:59.770973+05:30,2026-09-11_0134IST,airline_direct,IndiGo
MAA,DEL,6E,IndiGo,6E 6158,2026-09-12,1,business,,,31516.0,False,16:10,ok,2026-09-11T01:34:59.770973+05:30,2026-09-11_0134IST,airline_direct,IndiGo
MAA,DEL,6E,IndiGo,6E 6158,2026-09-12,1,economy,,,21514.0,False,16:10,ok,2026-09-11T01:34:59.770973+05:30,2026-09-11_0134IST,airline_direct,IndiGo
MAA,DEL,6E,IndiGo,6E 6348,2026-09-12,1,business,,,43340.0,False,09:00,ok,2026-09-11T01:34:59.770973+05:30,2026-09-11_0134IST,airline_direct,IndiGo
MAA,DEL,6E,IndiGo,6E 6348,2026-09-12,1,economy,,,22341.0,False,09:00,ok,2026-09-11T01:34:59.770973+05:30,2026-09-11_0134IST,airline_direct,IndiGo
MAA,DEL,6E,IndiGo,6E 253,2026-09-12,1,economy,,,24138.0,False,03:10,ok,2026-09-11T01:34:59.770973+05:30,2026-09-11_0134IST,airline_direct,IndiGo
MAA,DEL,6E,IndiGo,6E 401,2026-09-12,1,economy,,,25696.0,False,08:10,ok,2026-09-11T01:34:59.770973+05:30,2026-09-11_0134IST,airline_direct,IndiGo
MAA,DEL,6E,IndiGo,6E 726,2026-09-12,1,economy,,,25775.0,False,18:20,ok,2026-09-11T01:34:59.770973+05:30,2026-09-11_0134IST,airline_direct,IndiGo
MAA,DEL,6E,IndiGo,6E 6140,2026-09-12,1,business,,,40731.0,False,02:30,ok,2026-09-11T01:34:59.770973+05:30,2026-09-11_0134IST,airline_direct,IndiGo
MAA,DEL,6E,IndiGo,6E 6140,2026-09-12,1,economy,,,26476.0,False,02:30,ok,2026-09-11T01:34:59.770973+05:30,2026-09-11_0134IST,airline_direct,IndiGo
MAA,DEL,6E,IndiGo,6E 6140,2026-09-12,1,business,,,40731.0,False,02:30,ok,2026-09-11T01:34:59.770973+05:30,2026-09-11_0134IST,airline_direct,IndiGo
MAA,DEL,6E,IndiGo,6E 6140,2026-09-12,1,economy,,,28471.0,False,02:30,ok,2026-09-11T01:34:59.770973+05:30,2026-09-11_0134IST,airline_direct,IndiGo
MAA,DEL,6E,IndiGo,6E 5093,2026-09-12,1,business,,,43340.0,False,05:00,ok,2026-09-11T01:34:59.770973+05:30,2026-09-11_0134IST,airline_direct,IndiGo
MAA,DEL,6E,IndiGo,6E 5093,2026-09-12,1,economy,,,29586.0,False,05:00,ok,2026-09-11T01:34:59.770973+05:30,2026-09-11_0134IST,airline_direct,IndiGo
MAA,DEL,6E,IndiGo,6E 607,2026-09-12,1,business,,,47605.0,False,04:50,ok,2026-09-11T01:34:59.770973+05:30,2026-09-11_0134IST,airline_direct,IndiGo
MAA,DEL,6E,IndiGo,6E 607,2026-09-12,1,economy,,,32408.0,False,04:50,ok,2026-09-11T01:34:59.770973+05:30,2026-09-11_0134IST,airline_direct,IndiGo
DEL,BOM,6E,IndiGo,6E 449,2026-09-18,7,business,,,24260.0,False,05:00,ok,2026-09-11T01:36:03.755476+05:30,2026-09-11_0136IST,airline_direct,IndiGo
DEL,BOM,6E,IndiGo,6E 449,2026-09-18,7,economy,,,6305.0,False,05:00,ok,2026-09-11T01:36:03.755476+05:30,2026-09-11_0136IST,airline_direct,IndiGo
DEL,BOM,6E,IndiGo,6E 675,2026-09-18,7,business,,,28443.0,False,08:45,ok,2026-09-11T01:36:03.755476+05:30,2026-09-11_0136IST,airline_direct,IndiGo
DEL,BOM,6E,IndiGo,6E 675,2026-09-18,7,economy,,,6305.0,False,08:45,ok,2026-09-11T01:36:03.755476+05:30,2026-09-11_0136IST,airline_direct,IndiGo
DEL,BOM,6E,IndiGo,6E 6107,2026-09-18,7,business,,,24260.0,False,09:30,ok,2026-09-11T01:36:03.755476+05:30,2026-09-11_0136IST,airline_direct,IndiGo
DEL,BOM,6E,IndiGo,6E 6107,2026-09-18,7,economy,,,6305.0,False,09:30,ok,2026-09-11T01:36:03.755476+05:30,2026-09-11_0136IST,airline_direct,IndiGo
DEL,BOM,6E,IndiGo,6E 6328,2026-09-18,7,business,,,24260.0,False,10:15,ok,2026-09-11T01:36:03.755476+05:30,2026-09-11_0136IST,airline_direct,IndiGo
DEL,BOM,6E,IndiGo,6E 6328,2026-09-18,7,economy,,,6305.0,False,10:15,ok,2026-09-11T01:36:03.755476+05:30,2026-09-11_0136IST,airline_direct,IndiGo
DEL,BOM,6E,IndiGo,6E 6047,2026-09-18,7,business,,,24260.0,False,11:00,ok,2026-09-11T01:36:03.755476+05:30,2026-09-11_0136IST,airline_direct,IndiGo
DEL,BOM,6E,IndiGo,6E 6047,2026-09-18,7,economy,,,6305.0,False,11:00,ok,2026-09-11T01:36:03.755476+05:30,2026-09-11_0136IST,airline_direct,IndiGo
DEL,BOM,6E,IndiGo,6E 6676,2026-09-18,7,business,,,24260.0,False,12:00,ok,2026-09-11T01:36:03.755476+05:30,2026-09-11_0136IST,airline_direct,IndiGo
DEL,BOM,6E,IndiGo,6E 6676,2026-09-18,7,economy,,,6305.0,False,12:00,ok,2026-09-11T01:36:03.755476+05:30,2026-09-11_0136IST,airline_direct,IndiGo
DEL,BOM,6E,IndiGo,6E 324,2026-09-18,7,business,,,24260.0,False,13:00,ok,2026-09-11T01:36:03.755476+05:30,2026-09-11_0136IST,airline_direct,IndiGo
DEL,BOM,6E,IndiGo,6E 324,2026-09-18,7,economy,,,6305.0,False,13:00,ok,2026-09-11T01:36:03.755476+05:30,2026-09-11_0136IST,airline_direct,IndiGo
DEL,BOM,6E,IndiGo,6E 6022,2026-09-18,7,business,,,24260.0,False,14:00,ok,2026-09-11T01:36:03.755476+05:30,2026-09-11_0136IST,airline_direct,IndiGo
DEL,BOM,6E,IndiGo,6E 6022,2026-09-18,7,economy,,,6305.0,False,14:00,ok,2026-09-11T01:36:03.755476+05:30,2026-09-11_0136IST,airline_direct,IndiGo
DEL,BOM,6E,IndiGo,6E 6318,2026-09-18,7,business,,,24260.0,False,14:45,ok,2026-09-11T01:36:03.755476+05:30,2026-09-11_0136IST,airline_direct,IndiGo
DEL,BOM,6E,IndiGo,6E 6318,2026-09-18,7,economy,,,6305.0,False,14:45,ok,2026-09-11T01:36:03.755476+05:30,2026-09-11_0136IST,airline_direct,IndiGo
DEL,BOM,6E,IndiGo,6E 864,2026-09-18,7,business,,,24260.0,False,15:30,ok,2026-09-11T01:36:03.755476+05:30,2026-09-11_0136IST,airline_direct,IndiGo
DEL,BOM,6E,IndiGo,6E 864,2026-09-18,7,economy,,,6305.0,False,15:30,ok,2026-09-11T01:36:03.755476+05:30,2026-09-11_0136IST,airline_direct,IndiGo
DEL,BOM,6E,IndiGo,6E 6218,2026-09-18,7,business,,,24260.0,False,06:05,ok,2026-09-11T01:36:03.755476+05:30,2026-09-11_0136IST,airline_direct,IndiGo
DEL,BOM,6E,IndiGo,6E 6218,2026-09-18,7,economy,,,6357.0,False,06:05,ok,2026-09-11T01:36:03.755476+05:30,2026-09-11_0136IST,airline_direct,IndiGo
DEL,BOM,6E,IndiGo,6E 327,2026-09-18,7,business,,,24260.0,False,16:15,ok,2026-09-11T01:36:03.755476+05:30,2026-09-11_0136IST,airline_direct,IndiGo
DEL,BOM,6E,IndiGo,6E 327,2026-09-18,7,economy,,,6357.0,False,16:15,ok,2026-09-11T01:36:03.755476+05:30,2026-09-11_0136IST,airline_direct,IndiGo
DEL,BOM,6E,IndiGo,6E 6814,2026-09-18,7,business,,,24260.0,False,07:15,ok,2026-09-11T01:36:03.755476+05:30,2026-09-11_0136IST,airline_direct,IndiGo
DEL,BOM,6E,IndiGo,6E 6814,2026-09-18,7,economy,,,6431.0,False,07:15,ok,2026-09-11T01:36:03.755476+05:30,2026-09-11_0136IST,airline_direct,IndiGo
DEL,BOM,6E,IndiGo,6E 320,2026-09-18,7,business,,,24260.0,False,08:00,ok,2026-09-11T01:36:03.755476+05:30,2026-09-11_0136IST,airline_direct,IndiGo
DEL,BOM,6E,IndiGo,6E 320,2026-09-18,7,economy,,,6431.0,False,08:00,ok,2026-09-11T01:36:03.755476+05:30,2026-09-11_0136IST,airline_direct,IndiGo
DEL,BOM,6E,IndiGo,6E 6114,2026-09-18,7,business,,,24260.0,False,22:45,ok,2026-09-11T01:36:03.755476+05:30,2026-09-11_0136IST,airline_direct,IndiGo
DEL,BOM,6E,IndiGo,6E 6114,2026-09-18,7,economy,,,6688.0,False,22:45,ok,2026-09-11T01:36:03.755476+05:30,2026-09-11_0136IST,airline_direct,IndiGo
DEL,BOM,6E,IndiGo,6E 322,2026-09-18,7,business,,,24260.0,False,23:30,ok,2026-09-11T01:36:03.755476+05:30,2026-09-11_0136IST,airline_direct,IndiGo
DEL,BOM,6E,IndiGo,6E 322,2026-09-18,7,economy,,,7318.0,False,23:30,ok,2026-09-11T01:36:03.755476+05:30,2026-09-11_0136IST,airline_direct,IndiGo
DEL,BOM,6E,IndiGo,6E 6706,2026-09-18,7,business,,,33500.0,False,17:00,ok,2026-09-11T01:36:03.755476+05:30,2026-09-11_0136IST,airline_direct,IndiGo
DEL,BOM,6E,IndiGo,6E 6706,2026-09-18,7,economy,,,7685.0,False,17:00,ok,2026-09-11T01:36:03.755476+05:30,2026-09-11_0136IST,airline_direct,IndiGo
DEL,BOM,6E,IndiGo,6E 329,2026-09-18,7,business,,,28443.0,False,18:00,ok,2026-09-11T01:36:03.755476+05:30,2026-09-11_0136IST,airline_direct,IndiGo
DEL,BOM,6E,IndiGo,6E 329,2026-09-18,7,economy,,,8630.0,False,18:00,ok,2026-09-11T01:36:03.755476+05:30,2026-09-11_0136IST,airline_direct,IndiGo
DEL,BOM,6E,IndiGo,6E 853,2026-09-18,7,business,,,24260.0,False,20:45,ok,2026-09-11T01:36:03.755476+05:30,2026-09-11_0136IST,airline_direct,IndiGo
DEL,BOM,6E,IndiGo,6E 853,2026-09-18,7,economy,,,8630.0,False,20:45,ok,2026-09-11T01:36:03.755476+05:30,2026-09-11_0136IST,airline_direct,IndiGo
DEL,BOM,6E,IndiGo,6E 395,2026-09-18,7,business,,,24260.0,False,21:45,ok,2026-09-11T01:36:03.755476+05:30,2026-09-11_0136IST,airline_direct,IndiGo
DEL,BOM,6E,IndiGo,6E 395,2026-09-18,7,economy,,,8630.0,False,21:45,ok,2026-09-11T01:36:03.755476+05:30,2026-09-11_0136IST,airline_direct,IndiGo
DEL,BOM,6E,IndiGo,6E 354,2026-09-18,7,business,,,28443.0,False,19:00,ok,2026-09-11T01:36:03.755476+05:30,2026-09-11_0136IST,airline_direct,IndiGo
DEL,BOM,6E,IndiGo,6E 354,2026-09-18,7,economy,,,10835.0,False,19:00,ok,2026-09-11T01:36:03.755476+05:30,2026-09-11_0136IST,airline_direct,IndiGo
DEL,BOM,6E,IndiGo,6E 303,2026-09-18,7,business,,,28443.0,False,20:00,ok,2026-09-11T01:36:03.755476+05:30,2026-09-11_0136IST,airline_direct,IndiGo
DEL,BOM,6E,IndiGo,6E 303,2026-09-18,7,economy,,,10835.0,False,20:00,ok,2026-09-11T01:36:03.755476+05:30,2026-09-11_0136IST,airline_direct,IndiGo
DEL,BOM,6E,IndiGo,6E 6261,2026-09-18,7,economy,,,6618.0,False,00:15,ok,2026-09-11T01:36:03.755476+05:30,2026-09-11_0136IST,airline_direct,IndiGo
DEL,BOM,6E,IndiGo,6E 5119,2026-09-18,7,economy,,,6618.0,False,05:10,ok,2026-09-11T01:36:03.755476+05:30,2026-09-11_0136IST,airline_direct,IndiGo
DEL,BOM,6E,IndiGo,6E 5119,2026-09-18,7,economy,,,6618.0,False,05:10,ok,2026-09-11T01:36:03.755476+05:30,2026-09-11_0136IST,airline_direct,IndiGo
DEL,BOM,6E,IndiGo,6E 6171,2026-09-18,7,economy,,,6618.0,False,05:40,ok,2026-09-11T01:36:03.755476+05:30,2026-09-11_0136IST,airline_direct,IndiGo
DEL,BOM,6E,IndiGo,6E 931,2026-09-18,7,economy,,,6618.0,False,19:35,ok,2026-09-11T01:36:03.755476+05:30,2026-09-11_0136IST,airline_direct,IndiGo
DEL,BOM,6E,IndiGo,6E 6569,2026-09-18,7,economy,,,6750.0,False,05:00,ok,2026-09-11T01:36:03.755476+05:30,2026-09-11_0136IST,airline_direct,IndiGo
DEL,BOM,6E,IndiGo,6E 6459,2026-09-18,7,economy,,,6750.0,False,05:55,ok,2026-09-11T01:36:03.755476+05:30,2026-09-11_0136IST,airline_direct,IndiGo
DEL,BOM,6E,IndiGo,6E 6443,2026-09-18,7,economy,,,6750.0,False,09:00,ok,2026-09-11T01:36:03.755476+05:30,2026-09-11_0136IST,airline_direct,IndiGo
DEL,BOM,6E,IndiGo,6E 2249,2026-09-18,7,economy,,,6750.0,False,15:00,ok,2026-09-11T01:36:03.755476+05:30,2026-09-11_0136IST,airline_direct,IndiGo
DEL,BOM,6E,IndiGo,6E 6433,2026-09-18,7,economy,,,6750.0,False,16:30,ok,2026-09-11T01:36:03.755476+05:30,2026-09-11_0136IST,airline_direct,IndiGo
DEL,BOM,6E,IndiGo,6E 6829,2026-09-18,7,economy,,,6750.0,False,17:20,ok,2026-09-11T01:36:03.755476+05:30,2026-09-11_0136IST,airline_direct,IndiGo
DEL,BOM,6E,IndiGo,6E 6829,2026-09-18,7,economy,,,6750.0,False,17:20,ok,2026-09-11T01:36:03.755476+05:30,2026-09-11_0136IST,airline_direct,IndiGo
DEL,BOM,6E,IndiGo,6E 5138,2026-09-18,7,economy,,,6750.0,False,19:10,ok,2026-09-11T01:36:03.755476+05:30,2026-09-11_0136IST,airline_direct,IndiGo
DEL,BOM,6E,IndiGo,6E 2169,2026-09-18,7,economy,,,6750.0,False,19:40,ok,2026-09-11T01:36:03.755476+05:30,2026-09-11_0136IST,airline_direct,IndiGo
DEL,BOM,6E,IndiGo,6E 6476,2026-09-18,7,economy,,,6828.0,False,07:05,ok,2026-09-11T01:36:03.755476+05:30,2026-09-11_0136IST,airline_direct,IndiGo
DEL,BOM,6E,IndiGo,6E 5298,2026-09-18,7,economy,,,6828.0,False,09:00,ok,2026-09-11T01:36:03.755476+05:30,2026-09-11_0136IST,airline_direct,IndiGo
DEL,BOM,6E,IndiGo,6E 5206,2026-09-18,7,economy,,,6828.0,False,13:20,ok,2026-09-11T01:36:03.755476+05:30,2026-09-11_0136IST,airline_direct,IndiGo
DEL,BOM,6E,IndiGo,6E 2151,2026-09-18,7,economy,,,6828.0,False,19:45,ok,2026-09-11T01:36:03.755476+05:30,2026-09-11_0136IST,airline_direct,IndiGo
DEL,BOM,6E,IndiGo,6E 6479,2026-09-18,7,economy,,,6828.0,False,21:25,ok,2026-09-11T01:36:03.755476+05:30,2026-09-11_0136IST,airline_direct,IndiGo
DEL,BOM,6E,IndiGo,6E 6488,2026-09-18,7,economy,,,7849.0,False,11:20,ok,2026-09-11T01:36:03.755476+05:30,2026-09-11_0136IST,airline_direct,IndiGo
DEL,BOM,6E,IndiGo,6E 6282,2026-09-18,7,business,,,36166.0,False,13:30,ok,2026-09-11T01:36:03.755476+05:30,2026-09-11_0136IST,airline_direct,IndiGo
DEL,BOM,6E,IndiGo,6E 6282,2026-09-18,7,economy,,,8059.0,False,13:30,ok,2026-09-11T01:36:03.755476+05:30,2026-09-11_0136IST,airline_direct,IndiGo
DEL,BOM,6E,IndiGo,6E 2013,2026-09-18,7,economy,,,8351.0,False,21:50,ok,2026-09-11T01:36:03.755476+05:30,2026-09-11_0136IST,airline_direct,IndiGo
DEL,BOM,6E,IndiGo,6E 2496,2026-09-18,7,economy,,,8374.0,False,12:40,ok,2026-09-11T01:36:03.755476+05:30,2026-09-11_0136IST,airline_direct,IndiGo
DEL,BOM,6E,IndiGo,6E 357,2026-09-18,7,business,,,35317.0,False,19:30,ok,2026-09-11T01:36:03.755476+05:30,2026-09-11_0136IST,airline_direct,IndiGo
DEL,BOM,6E,IndiGo,6E 357,2026-09-18,7,economy,,,8771.0,False,19:30,ok,2026-09-11T01:36:03.755476+05:30,2026-09-11_0136IST,airline_direct,IndiGo
DEL,BOM,6E,IndiGo,6E 2349,2026-09-18,7,economy,,,9374.0,False,10:55,ok,2026-09-11T01:36:03.755476+05:30,2026-09-11_0136IST,airline_direct,IndiGo
DEL,BOM,6E,IndiGo,6E 2076,2026-09-18,7,economy,,,9812.0,False,07:30,ok,2026-09-11T01:36:03.755476+05:30,2026-09-11_0136IST,airline_direct,IndiGo
DEL,BOM,6E,IndiGo,6E 2331,2026-09-18,7,economy,,,9812.0,False,12:20,ok,2026-09-11T01:36:03.755476+05:30,2026-09-11_0136IST,airline_direct,IndiGo
DEL,BOM,6E,IndiGo,6E 6983,2026-09-18,7,economy,,,9812.0,False,15:35,ok,2026-09-11T01:36:03.755476+05:30,2026-09-11_0136IST,airline_direct,IndiGo
DEL,BOM,6E,IndiGo,6E 6050,2026-09-18,7,economy,,,10022.0,False,08:15,ok,2026-09-11T01:36:03.755476+05:30,2026-09-11_0136IST,airline_direct,IndiGo
DEL,BOM,6E,IndiGo,6E 6212,2026-09-18,7,business,,,40956.0,False,14:45,ok,2026-09-11T01:36:03.755476+05:30,2026-09-11_0136IST,airline_direct,IndiGo
DEL,BOM,6E,IndiGo,6E 6212,2026-09-18,7,economy,,,10153.0,False,14:45,ok,2026-09-11T01:36:03.755476+05:30,2026-09-11_0136IST,airline_direct,IndiGo
DEL,BOM,6E,IndiGo,6E 6497,2026-09-18,7,economy,,,10994.0,False,18:40,ok,2026-09-11T01:36:03.755476+05:30,2026-09-11_0136IST,airline_direct,IndiGo
DEL,BOM,6E,IndiGo,6E 5014,2026-09-18,7,economy,,,11577.0,False,18:30,ok,2026-09-11T01:36:03.755476+05:30,2026-09-11_0136IST,airline_direct,IndiGo
DEL,BOM,6E,IndiGo,6E 882,2026-09-18,7,business,,,29592.0,False,23:15,ok,2026-09-11T01:36:03.755476+05:30,2026-09-11_0136IST,airline_direct,IndiGo
DEL,BOM,6E,IndiGo,6E 882,2026-09-18,7,economy,,,11918.0,False,23:15,ok,2026-09-11T01:36:03.755476+05:30,2026-09-11_0136IST,airline_direct,IndiGo
DEL,BOM,6E,IndiGo,6E 5038,2026-09-18,7,economy,,,12803.0,False,14:00,ok,2026-09-11T01:36:03.755476+05:30,2026-09-11_0136IST,airline_direct,IndiGo
DEL,BOM,6E,IndiGo,6E 5073,2026-09-18,7,economy,,,13422.0,False,17:05,ok,2026-09-11T01:36:03.755476+05:30,2026-09-11_0136IST,airline_direct,IndiGo
DEL,BOM,6E,IndiGo,6E 5033,2026-09-18,7,economy,,,13530.0,False,15:50,ok,2026-09-11T01:36:03.755476+05:30,2026-09-11_0136IST,airline_direct,IndiGo
DEL,BOM,6E,IndiGo,6E 2381,2026-09-18,7,economy,,,15280.0,False,13:45,ok,2026-09-11T01:36:03.755476+05:30,2026-09-11_0136IST,airline_direct,IndiGo
DEL,BOM,6E,IndiGo,6E 705,2026-09-18,7,business,,,36166.0,False,08:30,ok,2026-09-11T01:36:03.755476+05:30,2026-09-11_0136IST,airline_direct,IndiGo
DEL,BOM,6E,IndiGo,6E 705,2026-09-18,7,economy,,,15932.0,False,08:30,ok,2026-09-11T01:36:03.755476+05:30,2026-09-11_0136IST,airline_direct,IndiGo
DEL,BOM,6E,IndiGo,6E 6293,2026-09-18,7,business,,,36166.0,False,09:55,ok,2026-09-11T01:36:03.755476+05:30,2026-09-11_0136IST,airline_direct,IndiGo
DEL,BOM,6E,IndiGo,6E 6293,2026-09-18,7,economy,,,15932.0,False,09:55,ok,2026-09-11T01:36:03.755476+05:30,2026-09-11_0136IST,airline_direct,IndiGo
DEL,BOM,6E,IndiGo,6E 2341,2026-09-18,7,economy,,,16467.0,False,14:50,ok,2026-09-11T01:36:03.755476+05:30,2026-09-11_0136IST,airline_direct,IndiGo
DEL,BOM,6E,IndiGo,6E 6601,2026-09-18,7,business,,,36166.0,False,19:45,ok,2026-09-11T01:36:03.755476+05:30,2026-09-11_0136IST,airline_direct,IndiGo
DEL,BOM,6E,IndiGo,6E 6601,2026-09-18,7,economy,,,16877.0,False,19:45,ok,2026-09-11T01:36:03.755476+05:30,2026-09-11_0136IST,airline_direct,IndiGo
DEL,BOM,6E,IndiGo,6E 5073,2026-09-18,7,economy,,,17937.0,False,17:05,ok,2026-09-11T01:36:03.755476+05:30,2026-09-11_0136IST,airline_direct,IndiGo
DEL,BOM,6E,IndiGo,6E 2298,2026-09-18,7,economy,,,18384.0,False,09:45,ok,2026-09-11T01:36:03.755476+05:30,2026-09-11_0136IST,airline_direct,IndiGo
DEL,BOM,6E,IndiGo,6E 358,2026-09-18,7,business,,,36522.0,False,12:15,ok,2026-09-11T01:36:03.755476+05:30,2026-09-11_0136IST,airline_direct,IndiGo
DEL,BOM,6E,IndiGo,6E 358,2026-09-18,7,economy,,,18939.0,False,12:15,ok,2026-09-11T01:36:03.755476+05:30,2026-09-11_0136IST,airline_direct,IndiGo
DEL,BLR,6E,IndiGo,6E 820,2026-09-18,7,business,,,29942.0,False,03:00,ok,2026-09-11T01:36:59.632841+05:30,2026-09-11_0136IST,airline_direct,IndiGo
DEL,BLR,6E,IndiGo,6E 820,2026-09-18,7,economy,,,8671.0,False,03:00,ok,2026-09-11T01:36:59.632841+05:30,2026-09-11_0136IST,airline_direct,IndiGo
DEL,BLR,6E,IndiGo,6E 2314,2026-09-18,7,business,,,29942.0,False,05:45,ok,2026-09-11T01:36:59.632841+05:30,2026-09-11_0136IST,airline_direct,IndiGo
DEL,BLR,6E,IndiGo,6E 2314,2026-09-18,7,economy,,,8671.0,False,05:45,ok,2026-09-11T01:36:59.632841+05:30,2026-09-11_0136IST,airline_direct,IndiGo
DEL,BLR,6E,IndiGo,6E 810,2026-09-18,7,business,,,29942.0,False,07:05,ok,2026-09-11T01:36:59.632841+05:30,2026-09-11_0136IST,airline_direct,IndiGo
DEL,BLR,6E,IndiGo,6E 810,2026-09-18,7,economy,,,8671.0,False,07:05,ok,2026-09-11T01:36:59.632841+05:30,2026-09-11_0136IST,airline_direct,IndiGo
DEL,BLR,6E,IndiGo,6E 873,2026-09-18,7,business,,,29942.0,False,08:20,ok,2026-09-11T01:36:59.632841+05:30,2026-09-11_0136IST,airline_direct,IndiGo
DEL,BLR,6E,IndiGo,6E 873,2026-09-18,7,economy,,,8671.0,False,08:20,ok,2026-09-11T01:36:59.632841+05:30,2026-09-11_0136IST,airline_direct,IndiGo
DEL,BLR,6E,IndiGo,6E 826,2026-09-18,7,business,,,29942.0,False,09:30,ok,2026-09-11T01:36:59.632841+05:30,2026-09-11_0136IST,airline_direct,IndiGo
DEL,BLR,6E,IndiGo,6E 826,2026-09-18,7,economy,,,8671.0,False,09:30,ok,2026-09-11T01:36:59.632841+05:30,2026-09-11_0136IST,airline_direct,IndiGo
DEL,BLR,6E,IndiGo,6E 842,2026-09-18,7,business,,,29942.0,False,10:45,ok,2026-09-11T01:36:59.632841+05:30,2026-09-11_0136IST,airline_direct,IndiGo
DEL,BLR,6E,IndiGo,6E 842,2026-09-18,7,economy,,,8671.0,False,10:45,ok,2026-09-11T01:36:59.632841+05:30,2026-09-11_0136IST,airline_direct,IndiGo
DEL,BLR,6E,IndiGo,6E 850,2026-09-18,7,business,,,29942.0,False,12:20,ok,2026-09-11T01:36:59.632841+05:30,2026-09-11_0136IST,airline_direct,IndiGo
DEL,BLR,6E,IndiGo,6E 850,2026-09-18,7,economy,,,8671.0,False,12:20,ok,2026-09-11T01:36:59.632841+05:30,2026-09-11_0136IST,airline_direct,IndiGo
DEL,BLR,6E,IndiGo,6E 846,2026-09-18,7,business,,,29942.0,False,22:00,ok,2026-09-11T01:36:59.632841+05:30,2026-09-11_0136IST,airline_direct,IndiGo
DEL,BLR,6E,IndiGo,6E 846,2026-09-18,7,economy,,,8671.0,False,22:00,ok,2026-09-11T01:36:59.632841+05:30,2026-09-11_0136IST,airline_direct,IndiGo
DEL,BLR,6E,IndiGo,6E 871,2026-09-18,7,business,,,29942.0,False,23:30,ok,2026-09-11T01:36:59.632841+05:30,2026-09-11_0136IST,airline_direct,IndiGo
DEL,BLR,6E,IndiGo,6E 871,2026-09-18,7,economy,,,8671.0,False,23:30,ok,2026-09-11T01:36:59.632841+05:30,2026-09-11_0136IST,airline_direct,IndiGo
DEL,BLR,6E,IndiGo,6E 176,2026-09-18,7,business,,,29942.0,False,13:15,ok,2026-09-11T01:36:59.632841+05:30,2026-09-11_0136IST,airline_direct,IndiGo
DEL,BLR,6E,IndiGo,6E 176,2026-09-18,7,economy,,,9128.0,False,13:15,ok,2026-09-11T01:36:59.632841+05:30,2026-09-11_0136IST,airline_direct,IndiGo
DEL,BLR,6E,IndiGo,6E 828,2026-09-18,7,business,,,29942.0,False,14:30,ok,2026-09-11T01:36:59.632841+05:30,2026-09-11_0136IST,airline_direct,IndiGo
DEL,BLR,6E,IndiGo,6E 828,2026-09-18,7,economy,,,9128.0,False,14:30,ok,2026-09-11T01:36:59.632841+05:30,2026-09-11_0136IST,airline_direct,IndiGo
DEL,BLR,6E,IndiGo,6E 880,2026-09-18,7,business,,,29942.0,False,15:45,ok,2026-09-11T01:36:59.632841+05:30,2026-09-11_0136IST,airline_direct,IndiGo
DEL,BLR,6E,IndiGo,6E 880,2026-09-18,7,economy,,,9128.0,False,15:45,ok,2026-09-11T01:36:59.632841+05:30,2026-09-11_0136IST,airline_direct,IndiGo
DEL,BLR,6E,IndiGo,6E 837,2026-09-18,7,business,,,29942.0,False,17:00,ok,2026-09-11T01:36:59.632841+05:30,2026-09-11_0136IST,airline_direct,IndiGo
DEL,BLR,6E,IndiGo,6E 837,2026-09-18,7,economy,,,9128.0,False,17:00,ok,2026-09-11T01:36:59.632841+05:30,2026-09-11_0136IST,airline_direct,IndiGo
DEL,BLR,6E,IndiGo,6E 6515,2026-09-18,7,business,,,29942.0,False,20:45,ok,2026-09-11T01:36:59.632841+05:30,2026-09-11_0136IST,airline_direct,IndiGo
DEL,BLR,6E,IndiGo,6E 6515,2026-09-18,7,economy,,,9128.0,False,20:45,ok,2026-09-11T01:36:59.632841+05:30,2026-09-11_0136IST,airline_direct,IndiGo
DEL,BLR,6E,IndiGo,6E 811,2026-09-18,7,business,,,29942.0,False,18:20,ok,2026-09-11T01:36:59.632841+05:30,2026-09-11_0136IST,airline_direct,IndiGo
DEL,BLR,6E,IndiGo,6E 811,2026-09-18,7,economy,,,10128.0,False,18:20,ok,2026-09-11T01:36:59.632841+05:30,2026-09-11_0136IST,airline_direct,IndiGo
DEL,BLR,6E,IndiGo,6E 861,2026-09-18,7,business,,,29942.0,False,19:30,ok,2026-09-11T01:36:59.632841+05:30,2026-09-11_0136IST,airline_direct,IndiGo
DEL,BLR,6E,IndiGo,6E 861,2026-09-18,7,economy,,,10128.0,False,19:30,ok,2026-09-11T01:36:59.632841+05:30,2026-09-11_0136IST,airline_direct,IndiGo
DEL,BLR,6E,IndiGo,6E 6433,2026-09-18,7,economy,,,9867.0,False,16:30,ok,2026-09-11T01:36:59.632841+05:30,2026-09-11_0136IST,airline_direct,IndiGo
DEL,BLR,6E,IndiGo,6E 6293,2026-09-18,7,business,,,28768.0,False,09:55,ok,2026-09-11T01:36:59.632841+05:30,2026-09-11_0136IST,airline_direct,IndiGo
DEL,BLR,6E,IndiGo,6E 6293,2026-09-18,7,economy,,,9946.0,False,09:55,ok,2026-09-11T01:36:59.632841+05:30,2026-09-11_0136IST,airline_direct,IndiGo
DEL,BLR,6E,IndiGo,6E 884,2026-09-18,7,business,,,35550.0,False,11:45,ok,2026-09-11T01:36:59.632841+05:30,2026-09-11_0136IST,airline_direct,IndiGo
DEL,BLR,6E,IndiGo,6E 884,2026-09-18,7,economy,,,9946.0,False,11:45,ok,2026-09-11T01:36:59.632841+05:30,2026-09-11_0136IST,airline_direct,IndiGo
DEL,BLR,6E,IndiGo,6E 2343,2026-09-18,7,business,,,26999.0,False,02:20,ok,2026-09-11T01:36:59.632841+05:30,2026-09-11_0136IST,airline_direct,IndiGo
DEL,BLR,6E,IndiGo,6E 2343,2026-09-18,7,economy,,,10077.0,False,02:20,ok,2026-09-11T01:36:59.632841+05:30,2026-09-11_0136IST,airline_direct,IndiGo
DEL,BLR,6E,IndiGo,6E 5119,2026-09-18,7,economy,,,10077.0,False,05:10,ok,2026-09-11T01:36:59.632841+05:30,2026-09-11_0136IST,airline_direct,IndiGo
DEL,BLR,6E,IndiGo,6E 6459,2026-09-18,7,economy,,,10077.0,False,05:55,ok,2026-09-11T01:36:59.632841+05:30,2026-09-11_0136IST,airline_direct,IndiGo
DEL,BLR,6E,IndiGo,6E 6470,2026-09-18,7,economy,,,10077.0,False,06:55,ok,2026-09-11T01:36:59.632841+05:30,2026-09-11_0136IST,airline_direct,IndiGo
DEL,BLR,6E,IndiGo,6E 6047,2026-09-18,7,business,,,40536.0,False,11:00,ok,2026-09-11T01:36:59.632841+05:30,2026-09-11_0136IST,airline_direct,IndiGo
DEL,BLR,6E,IndiGo,6E 6047,2026-09-18,7,economy,,,10077.0,False,11:00,ok,2026-09-11T01:36:59.632841+05:30,2026-09-11_0136IST,airline_direct,IndiGo
DEL,BLR,6E,IndiGo,6E 6022,2026-09-18,7,business,,,40536.0,False,14:00,ok,2026-09-11T01:36:59.632841+05:30,2026-09-11_0136IST,airline_direct,IndiGo
DEL,BLR,6E,IndiGo,6E 6022,2026-09-18,7,economy,,,10077.0,False,14:00,ok,2026-09-11T01:36:59.632841+05:30,2026-09-11_0136IST,airline_direct,IndiGo
DEL,BLR,6E,IndiGo,6E 2557,2026-09-18,7,economy,,,10077.0,False,15:20,ok,2026-09-11T01:36:59.632841+05:30,2026-09-11_0136IST,airline_direct,IndiGo
DEL,BLR,6E,IndiGo,6E 864,2026-09-18,7,business,,,40536.0,False,15:30,ok,2026-09-11T01:36:59.632841+05:30,2026-09-11_0136IST,airline_direct,IndiGo
DEL,BLR,6E,IndiGo,6E 864,2026-09-18,7,economy,,,10077.0,False,15:30,ok,2026-09-11T01:36:59.632841+05:30,2026-09-11_0136IST,airline_direct,IndiGo
DEL,BLR,6E,IndiGo,6E 734,2026-09-18,7,economy,,,10077.0,False,16:20,ok,2026-09-11T01:36:59.632841+05:30,2026-09-11_0136IST,airline_direct,IndiGo
DEL,BLR,6E,IndiGo,6E 6437,2026-09-18,7,business,,,26999.0,False,16:25,ok,2026-09-11T01:36:59.632841+05:30,2026-09-11_0136IST,airline_direct,IndiGo
DEL,BLR,6E,IndiGo,6E 6437,2026-09-18,7,economy,,,10077.0,False,16:25,ok,2026-09-11T01:36:59.632841+05:30,2026-09-11_0136IST,airline_direct,IndiGo
DEL,BLR,6E,IndiGo,6E 6829,2026-09-18,7,economy,,,10077.0,False,17:20,ok,2026-09-11T01:36:59.632841+05:30,2026-09-11_0136IST,airline_direct,IndiGo
DEL,BLR,6E,IndiGo,6E 6179,2026-09-18,7,economy,,,10077.0,False,18:30,ok,2026-09-11T01:36:59.632841+05:30,2026-09-11_0136IST,airline_direct,IndiGo
DEL,BLR,6E,IndiGo,6E 2618,2026-09-18,7,business,,,26816.0,False,23:00,ok,2026-09-11T01:36:59.632841+05:30,2026-09-11_0136IST,airline_direct,IndiGo
DEL,BLR,6E,IndiGo,6E 2618,2026-09-18,7,economy,,,10077.0,False,23:00,ok,2026-09-11T01:36:59.632841+05:30,2026-09-11_0136IST,airline_direct,IndiGo
DEL,BLR,6E,IndiGo,6E 6476,2026-09-18,7,economy,,,10156.0,False,07:05,ok,2026-09-11T01:36:59.632841+05:30,2026-09-11_0136IST,airline_direct,IndiGo
DEL,BLR,6E,IndiGo,6E 940,2026-09-18,7,business,,,31327.0,False,09:15,ok,2026-09-11T01:36:59.632841+05:30,2026-09-11_0136IST,airline_direct,IndiGo
DEL,BLR,6E,IndiGo,6E 940,2026-09-18,7,economy,,,10156.0,False,09:15,ok,2026-09-11T01:36:59.632841+05:30,2026-09-11_0136IST,airline_direct,IndiGo
DEL,BLR,6E,IndiGo,6E 2319,2026-09-18,7,economy,,,10156.0,False,09:55,ok,2026-09-11T01:36:59.632841+05:30,2026-09-11_0136IST,airline_direct,IndiGo
DEL,BLR,6E,IndiGo,6E 434,2026-09-18,7,business,,,31670.0,False,11:00,ok,2026-09-11T01:36:59.632841+05:30,2026-09-11_0136IST,airline_direct,IndiGo
DEL,BLR,6E,IndiGo,6E 434,2026-09-18,7,economy,,,10156.0,False,11:00,ok,2026-09-11T01:36:59.632841+05:30,2026-09-11_0136IST,airline_direct,IndiGo
DEL,BLR,6E,IndiGo,6E 5038,2026-09-18,7,economy,,,10156.0,False,14:00,ok,2026-09-11T01:36:59.632841+05:30,2026-09-11_0136IST,airline_direct,IndiGo
DEL,BLR,6E,IndiGo,6E 947,2026-09-18,7,business,,,33411.0,False,16:40,ok,2026-09-11T01:36:59.632841+05:30,2026-09-11_0136IST,airline_direct,IndiGo
DEL,BLR,6E,IndiGo,6E 947,2026-09-18,7,economy,,,10156.0,False,16:40,ok,2026-09-11T01:36:59.632841+05:30,2026-09-11_0136IST,airline_direct,IndiGo
DEL,BLR,6E,IndiGo,6E 6632,2026-09-18,7,economy,,,10156.0,False,17:50,ok,2026-09-11T01:36:59.632841+05:30,2026-09-11_0136IST,airline_direct,IndiGo
DEL,BLR,6E,IndiGo,6E 2151,2026-09-18,7,economy,,,10156.0,False,19:45,ok,2026-09-11T01:36:59.632841+05:30,2026-09-11_0136IST,airline_direct,IndiGo
DEL,BLR,6E,IndiGo,6E 6497,2026-09-18,7,economy,,,10287.0,False,18:40,ok,2026-09-11T01:36:59.632841+05:30,2026-09-11_0136IST,airline_direct,IndiGo
DEL,BLR,6E,IndiGo,6E 2364,2026-09-18,7,economy,,,10314.0,False,04:50,ok,2026-09-11T01:36:59.632841+05:30,2026-09-11_0136IST,airline_direct,IndiGo
DEL,BLR,6E,IndiGo,6E 5001,2026-09-18,7,economy,,,10314.0,False,17:10,ok,2026-09-11T01:36:59.632841+05:30,2026-09-11_0136IST,airline_direct,IndiGo
DEL,BLR,6E,IndiGo,6E 5191,2026-09-18,7,business,,,35352.0,False,05:00,ok,2026-09-11T01:36:59.632841+05:30,2026-09-11_0136IST,airline_direct,IndiGo
DEL,BLR,6E,IndiGo,6E 5191,2026-09-18,7,economy,,,10497.0,False,05:00,ok,2026-09-11T01:36:59.632841+05:30,2026-09-11_0136IST,airline_direct,IndiGo
DEL,BLR,6E,IndiGo,6E 513,2026-09-18,7,business,,,36178.0,False,08:30,ok,2026-09-11T01:36:59.632841+05:30,2026-09-11_0136IST,airline_direct,IndiGo
DEL,BLR,6E,IndiGo,6E 513,2026-09-18,7,economy,,,10497.0,False,08:30,ok,2026-09-11T01:36:59.632841+05:30,2026-09-11_0136IST,airline_direct,IndiGo
DEL,BLR,6E,IndiGo,6E 6282,2026-09-18,7,business,,,38062.0,False,13:30,ok,2026-09-11T01:36:59.632841+05:30,2026-09-11_0136IST,airline_direct,IndiGo
DEL,BLR,6E,IndiGo,6E 6282,2026-09-18,7,economy,,,10720.0,False,13:30,ok,2026-09-11T01:36:59.632841+05:30,2026-09-11_0136IST,airline_direct,IndiGo
DEL,BLR,6E,IndiGo,6E 6673,2026-09-18,7,business,,,30866.0,False,21:15,ok,2026-09-11T01:36:59.632841+05:30,2026-09-11_0136IST,airline_direct,IndiGo
DEL,BLR,6E,IndiGo,6E 6673,2026-09-18,7,economy,,,10851.0,False,21:15,ok,2026-09-11T01:36:59.632841+05:30,2026-09-11_0136IST,airline_direct,IndiGo
DEL,BLR,6E,IndiGo,6E 6091,2026-09-18,7,business,,,41535.0,False,15:15,ok,2026-09-11T01:36:59.632841+05:30,2026-09-11_0136IST,airline_direct,IndiGo
DEL,BLR,6E,IndiGo,6E 6091,2026-09-18,7,economy,,,10930.0,False,15:15,ok,2026-09-11T01:36:59.632841+05:30,2026-09-11_0136IST,airline_direct,IndiGo
DEL,BLR,6E,IndiGo,6E 6212,2026-09-18,7,business,,,39516.0,False,14:45,ok,2026-09-11T01:36:59.632841+05:30,2026-09-11_0136IST,airline_direct,IndiGo
DEL,BLR,6E,IndiGo,6E 6212,2026-09-18,7,economy,,,11565.0,False,14:45,ok,2026-09-11T01:36:59.632841+05:30,2026-09-11_0136IST,airline_direct,IndiGo
DEL,BLR,6E,IndiGo,6E 2349,2026-09-18,7,economy,,,12740.0,False,10:55,ok,2026-09-11T01:36:59.632841+05:30,2026-09-11_0136IST,airline_direct,IndiGo
DEL,BLR,6E,IndiGo,6E 5033,2026-09-18,7,economy,,,13152.0,False,15:50,ok,2026-09-11T01:36:59.632841+05:30,2026-09-11_0136IST,airline_direct,IndiGo
DEL,BLR,6E,IndiGo,6E 6217,2026-09-18,7,business,,,41121.0,False,16:15,ok,2026-09-11T01:36:59.632841+05:30,2026-09-11_0136IST,airline_direct,IndiGo
DEL,BLR,6E,IndiGo,6E 6217,2026-09-18,7,economy,,,13499.0,False,16:15,ok,2026-09-11T01:36:59.632841+05:30,2026-09-11_0136IST,airline_direct,IndiGo
DEL,BLR,6E,IndiGo,6E 2277,2026-09-18,7,business,,,33401.0,False,10:25,ok,2026-09-11T01:36:59.632841+05:30,2026-09-11_0136IST,airline_direct,IndiGo
DEL,BLR,6E,IndiGo,6E 2277,2026-09-18,7,economy,,,13709.0,False,10:25,ok,2026-09-11T01:36:59.632841+05:30,2026-09-11_0136IST,airline_direct,IndiGo
DEL,BLR,6E,IndiGo,6E 6706,2026-09-18,7,business,,,47911.0,False,17:00,ok,2026-09-11T01:36:59.632841+05:30,2026-09-11_0136IST,airline_direct,IndiGo
DEL,BLR,6E,IndiGo,6E 6706,2026-09-18,7,economy,,,14606.0,False,17:00,ok,2026-09-11T01:36:59.632841+05:30,2026-09-11_0136IST,airline_direct,IndiGo
DEL,BLR,6E,IndiGo,6E 853,2026-09-18,7,business,,,40536.0,False,20:45,ok,2026-09-11T01:36:59.632841+05:30,2026-09-11_0136IST,airline_direct,IndiGo
DEL,BLR,6E,IndiGo,6E 853,2026-09-18,7,economy,,,14824.0,False,20:45,ok,2026-09-11T01:36:59.632841+05:30,2026-09-11_0136IST,airline_direct,IndiGo
DEL,BLR,6E,IndiGo,6E 931,2026-09-18,7,economy,,,15259.0,False,19:35,ok,2026-09-11T01:36:59.632841+05:30,2026-09-11_0136IST,airline_direct,IndiGo
DEL,BLR,6E,IndiGo,6E 329,2026-09-18,7,business,,,44135.0,False,18:00,ok,2026-09-11T01:36:59.632841+05:30,2026-09-11_0136IST,airline_direct,IndiGo
DEL,BLR,6E,IndiGo,6E 329,2026-09-18,7,economy,,,15551.0,False,18:00,ok,2026-09-11T01:36:59.632841+05:30,2026-09-11_0136IST,airline_direct,IndiGo
DEL,BLR,6E,IndiGo,6E 329,2026-09-18,7,business,,,44135.0,False,18:00,ok,2026-09-11T01:36:59.632841+05:30,2026-09-11_0136IST,airline_direct,IndiGo
DEL,BLR,6E,IndiGo,6E 329,2026-09-18,7,economy,,,15551.0,False,18:00,ok,2026-09-11T01:36:59.632841+05:30,2026-09-11_0136IST,airline_direct,IndiGo
DEL,BLR,6E,IndiGo,6E 950,2026-09-18,7,business,,,33411.0,False,18:15,ok,2026-09-11T01:36:59.632841+05:30,2026-09-11_0136IST,airline_direct,IndiGo
DEL,BLR,6E,IndiGo,6E 950,2026-09-18,7,economy,,,18659.0,False,18:15,ok,2026-09-11T01:36:59.632841+05:30,2026-09-11_0136IST,airline_direct,IndiGo
DEL,BLR,6E,IndiGo,6E 5073,2026-09-18,7,economy,,,18699.0,False,17:05,ok,2026-09-11T01:36:59.632841+05:30,2026-09-11_0136IST,airline_direct,IndiGo
DEL,BLR,6E,IndiGo,6E 717,2026-09-18,7,business,,,38062.0,False,17:55,ok,2026-09-11T01:36:59.632841+05:30,2026-09-11_0136IST,airline_direct,IndiGo
DEL,BLR,6E,IndiGo,6E 717,2026-09-18,7,economy,,,20081.0,False,17:55,ok,2026-09-11T01:36:59.632841+05:30,2026-09-11_0136IST,airline_direct,IndiGo
BOM,BLR,6E,IndiGo,6E 5294,2026-09-18,7,business,,,22488.0,False,04:30,ok,2026-09-11T01:38:04.314488+05:30,2026-09-11_0138IST,airline_direct,IndiGo
BOM,BLR,6E,IndiGo,6E 5294,2026-09-18,7,economy,,,4893.0,False,04:30,ok,2026-09-11T01:38:04.314488+05:30,2026-09-11_0138IST,airline_direct,IndiGo
BOM,BLR,6E,IndiGo,6E 5323,2026-09-18,7,business,,,22488.0,False,01:10,ok,2026-09-11T01:38:04.314488+05:30,2026-09-11_0138IST,airline_direct,IndiGo
BOM,BLR,6E,IndiGo,6E 5323,2026-09-18,7,economy,,,5273.0,False,01:10,ok,2026-09-11T01:38:04.314488+05:30,2026-09-11_0138IST,airline_direct,IndiGo
BOM,BLR,6E,IndiGo,6E 5092,2026-09-18,7,business,,,22488.0,False,09:50,ok,2026-09-11T01:38:04.314488+05:30,2026-09-11_0138IST,airline_direct,IndiGo
BOM,BLR,6E,IndiGo,6E 5092,2026-09-18,7,economy,,,6747.0,False,09:50,ok,2026-09-11T01:38:04.314488+05:30,2026-09-11_0138IST,airline_direct,IndiGo
BOM,BLR,6E,IndiGo,6E 5217,2026-09-18,7,business,,,22488.0,False,11:00,ok,2026-09-11T01:38:04.314488+05:30,2026-09-11_0138IST,airline_direct,IndiGo
BOM,BLR,6E,IndiGo,6E 5217,2026-09-18,7,economy,,,6747.0,False,11:00,ok,2026-09-11T01:38:04.314488+05:30,2026-09-11_0138IST,airline_direct,IndiGo
BOM,BLR,6E,IndiGo,6E 5184,2026-09-18,7,business,,,22488.0,False,12:30,ok,2026-09-11T01:38:04.314488+05:30,2026-09-11_0138IST,airline_direct,IndiGo
BOM,BLR,6E,IndiGo,6E 5184,2026-09-18,7,economy,,,6747.0,False,12:30,ok,2026-09-11T01:38:04.314488+05:30,2026-09-11_0138IST,airline_direct,IndiGo
BOM,BLR,6E,IndiGo,6E 6188,2026-09-18,7,business,,,22488.0,False,21:30,ok,2026-09-11T01:38:04.314488+05:30,2026-09-11_0138IST,airline_direct,IndiGo
BOM,BLR,6E,IndiGo,6E 6188,2026-09-18,7,economy,,,6747.0,False,21:30,ok,2026-09-11T01:38:04.314488+05:30,2026-09-11_0138IST,airline_direct,IndiGo
BOM,BLR,6E,IndiGo,6E 5388,2026-09-18,7,business,,,22488.0,False,22:20,ok,2026-09-11T01:38:04.314488+05:30,2026-09-11_0138IST,airline_direct,IndiGo
BOM,BLR,6E,IndiGo,6E 5388,2026-09-18,7,economy,,,6747.0,False,22:20,ok,2026-09-11T01:38:04.314488+05:30,2026-09-11_0138IST,airline_direct,IndiGo
BOM,BLR,6E,IndiGo,6E 5296,2026-09-18,7,business,,,22488.0,False,06:30,ok,2026-09-11T01:38:04.314488+05:30,2026-09-11_0138IST,airline_direct,IndiGo
BOM,BLR,6E,IndiGo,6E 5296,2026-09-18,7,economy,,,7062.0,False,06:30,ok,2026-09-11T01:38:04.314488+05:30,2026-09-11_0138IST,airline_direct,IndiGo
BOM,BLR,6E,IndiGo,6E 5193,2026-09-18,7,economy,,,7062.0,False,08:05,ok,2026-09-11T01:38:04.314488+05:30,2026-09-11_0138IST,airline_direct,IndiGo
BOM,BLR,6E,IndiGo,6E 5382,2026-09-18,7,business,,,22488.0,False,14:30,ok,2026-09-11T01:38:04.314488+05:30,2026-09-11_0138IST,airline_direct,IndiGo
BOM,BLR,6E,IndiGo,6E 5382,2026-09-18,7,economy,,,7062.0,False,14:30,ok,2026-09-11T01:38:04.314488+05:30,2026-09-11_0138IST,airline_direct,IndiGo
BOM,BLR,6E,IndiGo,6E 5071,2026-09-18,7,business,,,22488.0,False,15:35,ok,2026-09-11T01:38:04.314488+05:30,2026-09-11_0138IST,airline_direct,IndiGo
BOM,BLR,6E,IndiGo,6E 5071,2026-09-18,7,economy,,,7797.0,False,15:35,ok,2026-09-11T01:38:04.314488+05:30,2026-09-11_0138IST,airline_direct,IndiGo
BOM,BLR,6E,IndiGo,6E 5221,2026-09-18,7,business,,,22488.0,False,17:00,ok,2026-09-11T01:38:04.314488+05:30,2026-09-11_0138IST,airline_direct,IndiGo
BOM,BLR,6E,IndiGo,6E 5221,2026-09-18,7,economy,,,7797.0,False,17:00,ok,2026-09-11T01:38:04.314488+05:30,2026-09-11_0138IST,airline_direct,IndiGo
BOM,BLR,6E,IndiGo,6E 5047,2026-09-18,7,business,,,22488.0,False,18:30,ok,2026-09-11T01:38:04.314488+05:30,2026-09-11_0138IST,airline_direct,IndiGo
BOM,BLR,6E,IndiGo,6E 5047,2026-09-18,7,economy,,,9267.0,False,18:30,ok,2026-09-11T01:38:04.314488+05:30,2026-09-11_0138IST,airline_direct,IndiGo
BOM,BLR,6E,IndiGo,6E 5032,2026-09-18,7,business,,,22488.0,False,19:55,ok,2026-09-11T01:38:04.314488+05:30,2026-09-11_0138IST,airline_direct,IndiGo
BOM,BLR,6E,IndiGo,6E 5032,2026-09-18,7,economy,,,9267.0,False,19:55,ok,2026-09-11T01:38:04.314488+05:30,2026-09-11_0138IST,airline_direct,IndiGo
BOM,BLR,6E,IndiGo,6E 6361,2026-09-18,7,economy,,,8377.0,False,05:00,ok,2026-09-11T01:38:04.314488+05:30,2026-09-11_0138IST,airline_direct,IndiGo
BOM,BLR,6E,IndiGo,6E 261,2026-09-18,7,economy,,,8377.0,False,11:20,ok,2026-09-11T01:38:04.314488+05:30,2026-09-11_0138IST,airline_direct,IndiGo
BOM,BLR,6E,IndiGo,6E 5241,2026-09-18,7,economy,,,8377.0,False,16:40,ok,2026-09-11T01:38:04.314488+05:30,2026-09-11_0138IST,airline_direct,IndiGo
BOM,BLR,6E,IndiGo,6E 5241,2026-09-18,7,economy,,,8377.0,False,16:40,ok,2026-09-11T01:38:04.314488+05:30,2026-09-11_0138IST,airline_direct,IndiGo
BOM,BLR,6E,IndiGo,6E 5246,2026-09-18,7,business,,,24427.0,False,07:15,ok,2026-09-11T01:38:04.314488+05:30,2026-09-11_0138IST,airline_direct,IndiGo
BOM,BLR,6E,IndiGo,6E 5246,2026-09-18,7,economy,,,8508.0,False,07:15,ok,2026-09-11T01:38:04.314488+05:30,2026-09-11_0138IST,airline_direct,IndiGo
BOM,BLR,6E,IndiGo,6E 632,2026-09-18,7,economy,,,8718.0,False,04:00,ok,2026-09-11T01:38:04.314488+05:30,2026-09-11_0138IST,airline_direct,IndiGo
BOM,BLR,6E,IndiGo,6E 6701,2026-09-18,7,economy,,,8718.0,False,05:35,ok,2026-09-11T01:38:04.314488+05:30,2026-09-11_0138IST,airline_direct,IndiGo
BOM,BLR,6E,IndiGo,6E 5188,2026-09-18,7,business,,,26046.0,False,06:15,ok,2026-09-11T01:38:04.314488+05:30,2026-09-11_0138IST,airline_direct,IndiGo
BOM,BLR,6E,IndiGo,6E 5188,2026-09-18,7,economy,,,8718.0,False,06:15,ok,2026-09-11T01:38:04.314488+05:30,2026-09-11_0138IST,airline_direct,IndiGo
BOM,BLR,6E,IndiGo,6E 5109,2026-09-18,7,economy,,,8718.0,False,09:35,ok,2026-09-11T01:38:04.314488+05:30,2026-09-11_0138IST,airline_direct,IndiGo
BOM,BLR,6E,IndiGo,6E 673,2026-09-18,7,economy,,,8718.0,False,12:35,ok,2026-09-11T01:38:04.314488+05:30,2026-09-11_0138IST,airline_direct,IndiGo
BOM,BLR,6E,IndiGo,6E 5126,2026-09-18,7,economy,,,8718.0,False,18:15,ok,2026-09-11T01:38:04.314488+05:30,2026-09-11_0138IST,airline_direct,IndiGo
BOM,BLR,6E,IndiGo,6E 6599,2026-09-18,7,economy,,,8849.0,False,16:50,ok,2026-09-11T01:38:04.314488+05:30,2026-09-11_0138IST,airline_direct,IndiGo
BOM,BLR,6E,IndiGo,6E 5123,2026-09-18,7,economy,,,9285.0,False,14:40,ok,2026-09-11T01:38:04.314488+05:30,2026-09-11_0138IST,airline_direct,IndiGo
BOM,BLR,6E,IndiGo,6E 6701,2026-09-18,7,economy,,,9364.0,False,05:35,ok,2026-09-11T01:38:04.314488+05:30,2026-09-11_0138IST,airline_direct,IndiGo
BOM,BLR,6E,IndiGo,6E 5313,2026-09-18,7,business,,,26389.0,False,09:50,ok,2026-09-11T01:38:04.314488+05:30,2026-09-11_0138IST,airline_direct,IndiGo
BOM,BLR,6E,IndiGo,6E 5313,2026-09-18,7,economy,,,9364.0,False,09:50,ok,2026-09-11T01:38:04.314488+05:30,2026-09-11_0138IST,airline_direct,IndiGo
BOM,BLR,6E,IndiGo,6E 5196,2026-09-18,7,business,,,28130.0,False,15:25,ok,2026-09-11T01:38:04.314488+05:30,2026-09-11_0138IST,airline_direct,IndiGo
BOM,BLR,6E,IndiGo,6E 5196,2026-09-18,7,economy,,,9364.0,False,15:25,ok,2026-09-11T01:38:04.314488+05:30,2026-09-11_0138IST,airline_direct,IndiGo
BOM,BLR,6E,IndiGo,6E 240,2026-09-18,7,economy,,,9364.0,False,15:45,ok,2026-09-11T01:38:04.314488+05:30,2026-09-11_0138IST,airline_direct,IndiGo
BOM,BLR,6E,IndiGo,6E 2237,2026-09-18,7,economy,,,9364.0,False,18:40,ok,2026-09-11T01:38:04.314488+05:30,2026-09-11_0138IST,airline_direct,IndiGo
BOM,BLR,6E,IndiGo,6E 6057,2026-09-18,7,economy,,,9858.0,False,09:15,ok,2026-09-11T01:38:04.314488+05:30,2026-09-11_0138IST,airline_direct,IndiGo
BOM,BLR,6E,IndiGo,6E 5318,2026-09-18,7,business,,,24427.0,False,10:15,ok,2026-09-11T01:38:04.314488+05:30,2026-09-11_0138IST,airline_direct,IndiGo
BOM,BLR,6E,IndiGo,6E 5318,2026-09-18,7,economy,,,9858.0,False,10:15,ok,2026-09-11T01:38:04.314488+05:30,2026-09-11_0138IST,airline_direct,IndiGo
BOM,BLR,6E,IndiGo,6E 5178,2026-09-18,7,business,,,24427.0,False,11:45,ok,2026-09-11T01:38:04.314488+05:30,2026-09-11_0138IST,airline_direct,IndiGo
BOM,BLR,6E,IndiGo,6E 5178,2026-09-18,7,economy,,,9858.0,False,11:45,ok,2026-09-11T01:38:04.314488+05:30,2026-09-11_0138IST,airline_direct,IndiGo
BOM,BLR,6E,IndiGo,6E 6802,2026-09-18,7,economy,,,9990.0,False,16:55,ok,2026-09-11T01:38:04.314488+05:30,2026-09-11_0138IST,airline_direct,IndiGo
BOM,BLR,6E,IndiGo,6E 5313,2026-09-18,7,business,,,26046.0,False,09:50,ok,2026-09-11T01:38:04.314488+05:30,2026-09-11_0138IST,airline_direct,IndiGo
BOM,BLR,6E,IndiGo,6E 5313,2026-09-18,7,economy,,,10068.0,False,09:50,ok,2026-09-11T01:38:04.314488+05:30,2026-09-11_0138IST,airline_direct,IndiGo
BOM,BLR,6E,IndiGo,6E 6349,2026-09-18,7,business,,,26389.0,False,11:40,ok,2026-09-11T01:38:04.314488+05:30,2026-09-11_0138IST,airline_direct,IndiGo
BOM,BLR,6E,IndiGo,6E 6349,2026-09-18,7,economy,,,10068.0,False,11:40,ok,2026-09-11T01:38:04.314488+05:30,2026-09-11_0138IST,airline_direct,IndiGo
BOM,BLR,6E,IndiGo,6E 673,2026-09-18,7,economy,,,10068.0,False,12:35,ok,2026-09-11T01:38:04.314488+05:30,2026-09-11_0138IST,airline_direct,IndiGo
BOM,BLR,6E,IndiGo,6E 230,2026-09-18,7,economy,,,10497.0,False,13:55,ok,2026-09-11T01:38:04.314488+05:30,2026-09-11_0138IST,airline_direct,IndiGo
BOM,BLR,6E,IndiGo,6E 230,2026-09-18,7,economy,,,10497.0,False,13:55,ok,2026-09-11T01:38:04.314488+05:30,2026-09-11_0138IST,airline_direct,IndiGo
BOM,BLR,6E,IndiGo,6E 5082,2026-09-18,7,economy,,,10497.0,False,18:05,ok,2026-09-11T01:38:04.314488+05:30,2026-09-11_0138IST,airline_direct,IndiGo
BOM,BLR,6E,IndiGo,6E 6674,2026-09-18,7,economy,,,11541.0,False,09:05,ok,2026-09-11T01:38:04.314488+05:30,2026-09-11_0138IST,airline_direct,IndiGo
BOM,BLR,6E,IndiGo,6E 6349,2026-09-18,7,business,,,36254.0,False,11:40,ok,2026-09-11T01:38:04.314488+05:30,2026-09-11_0138IST,airline_direct,IndiGo
BOM,BLR,6E,IndiGo,6E 6349,2026-09-18,7,economy,,,11678.0,False,11:40,ok,2026-09-11T01:38:04.314488+05:30,2026-09-11_0138IST,airline_direct,IndiGo
BOM,BLR,6E,IndiGo,6E 5337,2026-09-18,7,business,,,37479.0,False,13:45,ok,2026-09-11T01:38:04.314488+05:30,2026-09-11_0138IST,airline_direct,IndiGo
BOM,BLR,6E,IndiGo,6E 5337,2026-09-18,7,economy,,,11678.0,False,13:45,ok,2026-09-11T01:38:04.314488+05:30,2026-09-11_0138IST,airline_direct,IndiGo
BOM,BLR,6E,IndiGo,6E 5048,2026-09-18,7,business,,,28130.0,False,17:25,ok,2026-09-11T01:38:04.314488+05:30,2026-09-11_0138IST,airline_direct,IndiGo
BOM,BLR,6E,IndiGo,6E 5048,2026-09-18,7,economy,,,11678.0,False,17:25,ok,2026-09-11T01:38:04.314488+05:30,2026-09-11_0138IST,airline_direct,IndiGo
BOM,BLR,6E,IndiGo,6E 5201,2026-09-18,7,economy,,,12595.0,False,14:55,ok,2026-09-11T01:38:04.314488+05:30,2026-09-11_0138IST,airline_direct,IndiGo
BOM,BLR,6E,IndiGo,6E 5196,2026-09-18,7,business,,,36254.0,False,15:25,ok,2026-09-11T01:38:04.314488+05:30,2026-09-11_0138IST,airline_direct,IndiGo
BOM,BLR,6E,IndiGo,6E 5196,2026-09-18,7,economy,,,12595.0,False,15:25,ok,2026-09-11T01:38:04.314488+05:30,2026-09-11_0138IST,airline_direct,IndiGo
BOM,BLR,6E,IndiGo,6E 437,2026-09-18,7,economy,,,12618.0,False,17:10,ok,2026-09-11T01:38:04.314488+05:30,2026-09-11_0138IST,airline_direct,IndiGo
BOM,BLR,6E,IndiGo,6E 6362,2026-09-18,7,business,,,26723.0,False,05:45,ok,2026-09-11T01:38:04.314488+05:30,2026-09-11_0138IST,airline_direct,IndiGo
BOM,BLR,6E,IndiGo,6E 6362,2026-09-18,7,economy,,,13144.0,False,05:45,ok,2026-09-11T01:38:04.314488+05:30,2026-09-11_0138IST,airline_direct,IndiGo
BOM,BLR,6E,IndiGo,6E 2011,2026-09-18,7,economy,,,13932.0,False,13:35,ok,2026-09-11T01:38:04.314488+05:30,2026-09-11_0138IST,airline_direct,IndiGo
BOM,BLR,6E,IndiGo,6E 5107,2026-09-18,7,economy,,,16197.0,False,20:00,ok,2026-09-11T01:38:04.314488+05:30,2026-09-11_0138IST,airline_direct,IndiGo
BOM,BLR,6E,IndiGo,6E 5318,2026-09-18,7,business,,,31210.0,False,10:15,ok,2026-09-11T01:38:04.314488+05:30,2026-09-11_0138IST,airline_direct,IndiGo
BOM,BLR,6E,IndiGo,6E 5318,2026-09-18,7,economy,,,18419.0,False,10:15,ok,2026-09-11T01:38:04.314488+05:30,2026-09-11_0138IST,airline_direct,IndiGo
BOM,BLR,6E,IndiGo,6E 5178,2026-09-18,7,business,,,31210.0,False,11:45,ok,2026-09-11T01:38:04.314488+05:30,2026-09-11_0138IST,airline_direct,IndiGo
BOM,BLR,6E,IndiGo,6E 5178,2026-09-18,7,economy,,,18419.0,False,11:45,ok,2026-09-11T01:38:04.314488+05:30,2026-09-11_0138IST,airline_direct,IndiGo
BOM,BLR,6E,IndiGo,6E 5228,2026-09-18,7,business,,,33722.0,False,16:45,ok,2026-09-11T01:38:04.314488+05:30,2026-09-11_0138IST,airline_direct,IndiGo
BOM,BLR,6E,IndiGo,6E 5228,2026-09-18,7,economy,,,18994.0,False,16:45,ok,2026-09-11T01:38:04.314488+05:30,2026-09-11_0138IST,airline_direct,IndiGo
BOM,BLR,6E,IndiGo,6E 5178,2026-09-18,7,business,,,33722.0,False,11:45,ok,2026-09-11T01:38:04.314488+05:30,2026-09-11_0138IST,airline_direct,IndiGo
BOM,BLR,6E,IndiGo,6E 5178,2026-09-18,7,economy,,,20359.0,False,11:45,ok,2026-09-11T01:38:04.314488+05:30,2026-09-11_0138IST,airline_direct,IndiGo
BOM,BLR,6E,IndiGo,6E 5386,2026-09-18,7,business,,,33722.0,False,15:10,ok,2026-09-11T01:38:04.314488+05:30,2026-09-11_0138IST,airline_direct,IndiGo
BOM,BLR,6E,IndiGo,6E 5386,2026-09-18,7,economy,,,20359.0,False,15:10,ok,2026-09-11T01:38:04.314488+05:30,2026-09-11_0138IST,airline_direct,IndiGo
BOM,BLR,6E,IndiGo,6E 5386,2026-09-18,7,business,,,33722.0,False,15:10,ok,2026-09-11T01:38:04.314488+05:30,2026-09-11_0138IST,airline_direct,IndiGo
BOM,BLR,6E,IndiGo,6E 5386,2026-09-18,7,economy,,,20359.0,False,15:10,ok,2026-09-11T01:38:04.314488+05:30,2026-09-11_0138IST,airline_direct,IndiGo
BOM,BLR,6E,IndiGo,6E 5228,2026-09-18,7,business,,,36780.0,False,16:45,ok,2026-09-11T01:38:04.314488+05:30,2026-09-11_0138IST,airline_direct,IndiGo
BOM,BLR,6E,IndiGo,6E 5228,2026-09-18,7,economy,,,21304.0,False,16:45,ok,2026-09-11T01:38:04.314488+05:30,2026-09-11_0138IST,airline_direct,IndiGo
BOM,BLR,6E,IndiGo,6E 5178,2026-09-18,7,business,,,35176.0,False,11:45,ok,2026-09-11T01:38:04.314488+05:30,2026-09-11_0138IST,airline_direct,IndiGo
BOM,BLR,6E,IndiGo,6E 5178,2026-09-18,7,economy,,,21464.0,False,11:45,ok,2026-09-11T01:38:04.314488+05:30,2026-09-11_0138IST,airline_direct,IndiGo
BOM,BLR,6E,IndiGo,6E 5386,2026-09-18,7,business,,,35176.0,False,15:10,ok,2026-09-11T01:38:04.314488+05:30,2026-09-11_0138IST,airline_direct,IndiGo
BOM,BLR,6E,IndiGo,6E 5386,2026-09-18,7,economy,,,21464.0,False,15:10,ok,2026-09-11T01:38:04.314488+05:30,2026-09-11_0138IST,airline_direct,IndiGo
BOM,BLR,6E,IndiGo,6E 5386,2026-09-18,7,business,,,36780.0,False,15:10,ok,2026-09-11T01:38:04.314488+05:30,2026-09-11_0138IST,airline_direct,IndiGo
BOM,BLR,6E,IndiGo,6E 5386,2026-09-18,7,economy,,,22669.0,False,15:10,ok,2026-09-11T01:38:04.314488+05:30,2026-09-11_0138IST,airline_direct,IndiGo
DEL,CCU,6E,IndiGo,6E 340,2026-09-18,7,business,,,26140.0,False,07:20,ok,2026-09-11T01:39:01.402051+05:30,2026-09-11_0139IST,airline_direct,IndiGo
DEL,CCU,6E,IndiGo,6E 340,2026-09-18,7,economy,,,8703.0,False,07:20,ok,2026-09-11T01:39:01.402051+05:30,2026-09-11_0139IST,airline_direct,IndiGo
DEL,CCU,6E,IndiGo,6E 910,2026-09-18,7,business,,,26140.0,False,14:25,ok,2026-09-11T01:39:01.402051+05:30,2026-09-11_0139IST,airline_direct,IndiGo
DEL,CCU,6E,IndiGo,6E 910,2026-09-18,7,economy,,,8703.0,False,14:25,ok,2026-09-11T01:39:01.402051+05:30,2026-09-11_0139IST,airline_direct,IndiGo
DEL,CCU,6E,IndiGo,6E 2276,2026-09-18,7,business,,,26140.0,False,17:55,ok,2026-09-11T01:39:01.402051+05:30,2026-09-11_0139IST,airline_direct,IndiGo
DEL,CCU,6E,IndiGo,6E 2276,2026-09-18,7,economy,,,8703.0,False,17:55,ok,2026-09-11T01:39:01.402051+05:30,2026-09-11_0139IST,airline_direct,IndiGo
DEL,CCU,6E,IndiGo,6E 389,2026-09-18,7,business,,,26140.0,False,21:50,ok,2026-09-11T01:39:01.402051+05:30,2026-09-11_0139IST,airline_direct,IndiGo
DEL,CCU,6E,IndiGo,6E 389,2026-09-18,7,economy,,,8703.0,False,21:50,ok,2026-09-11T01:39:01.402051+05:30,2026-09-11_0139IST,airline_direct,IndiGo
DEL,CCU,6E,IndiGo,6E 247,2026-09-18,7,business,,,26140.0,False,23:30,ok,2026-09-11T01:39:01.402051+05:30,2026-09-11_0139IST,airline_direct,IndiGo
DEL,CCU,6E,IndiGo,6E 247,2026-09-18,7,economy,,,8703.0,False,23:30,ok,2026-09-11T01:39:01.402051+05:30,2026-09-11_0139IST,airline_direct,IndiGo
DEL,CCU,6E,IndiGo,6E 5191,2026-09-18,7,business,,,26140.0,False,05:00,ok,2026-09-11T01:39:01.402051+05:30,2026-09-11_0139IST,airline_direct,IndiGo
DEL,CCU,6E,IndiGo,6E 5191,2026-09-18,7,economy,,,8965.0,False,05:00,ok,2026-09-11T01:39:01.402051+05:30,2026-09-11_0139IST,airline_direct,IndiGo
DEL,CCU,6E,IndiGo,6E 513,2026-09-18,7,business,,,26140.0,False,08:30,ok,2026-09-11T01:39:01.402051+05:30,2026-09-11_0139IST,airline_direct,IndiGo
DEL,CCU,6E,IndiGo,6E 513,2026-09-18,7,economy,,,8965.0,False,08:30,ok,2026-09-11T01:39:01.402051+05:30,2026-09-11_0139IST,airline_direct,IndiGo
DEL,CCU,6E,IndiGo,6E 897,2026-09-18,7,business,,,26140.0,False,12:45,ok,2026-09-11T01:39:01.402051+05:30,2026-09-11_0139IST,airline_direct,IndiGo
DEL,CCU,6E,IndiGo,6E 897,2026-09-18,7,economy,,,8965.0,False,12:45,ok,2026-09-11T01:39:01.402051+05:30,2026-09-11_0139IST,airline_direct,IndiGo
DEL,CCU,6E,IndiGo,6E 6415,2026-09-18,7,business,,,26140.0,False,16:00,ok,2026-09-11T01:39:01.402051+05:30,2026-09-11_0139IST,airline_direct,IndiGo
DEL,CCU,6E,IndiGo,6E 6415,2026-09-18,7,economy,,,8965.0,False,16:00,ok,2026-09-11T01:39:01.402051+05:30,2026-09-11_0139IST,airline_direct,IndiGo
DEL,CCU,6E,IndiGo,6E 894,2026-09-18,7,business,,,26140.0,False,10:15,ok,2026-09-11T01:39:01.402051+05:30,2026-09-11_0139IST,airline_direct,IndiGo
DEL,CCU,6E,IndiGo,6E 894,2026-09-18,7,economy,,,9280.0,False,10:15,ok,2026-09-11T01:39:01.402051+05:30,2026-09-11_0139IST,airline_direct,IndiGo
DEL,CCU,6E,IndiGo,6E 6517,2026-09-18,7,business,,,26140.0,False,19:30,ok,2026-09-11T01:39:01.402051+05:30,2026-09-11_0139IST,airline_direct,IndiGo
DEL,CCU,6E,IndiGo,6E 6517,2026-09-18,7,economy,,,9280.0,False,19:30,ok,2026-09-11T01:39:01.402051+05:30,2026-09-11_0139IST,airline_direct,IndiGo
DEL,CCU,6E,IndiGo,6E 6245,2026-09-18,7,economy,,,7376.0,False,06:20,ok,2026-09-11T01:39:01.402051+05:30,2026-09-11_0139IST,airline_direct,IndiGo
DEL,CCU,6E,IndiGo,6E 2453,2026-09-18,7,economy,,,7376.0,False,13:35,ok,2026-09-11T01:39:01.402051+05:30,2026-09-11_0139IST,airline_direct,IndiGo
DEL,CCU,6E,IndiGo,6E 6236,2026-09-18,7,economy,,,7376.0,False,16:20,ok,2026-09-11T01:39:01.402051+05:30,2026-09-11_0139IST,airline_direct,IndiGo
DEL,CCU,6E,IndiGo,6E 5036,2026-09-18,7,economy,,,7507.0,False,08:00,ok,2026-09-11T01:39:01.402051+05:30,2026-09-11_0139IST,airline_direct,IndiGo
DEL,CCU,6E,IndiGo,6E 6312,2026-09-18,7,economy,,,7507.0,False,14:25,ok,2026-09-11T01:39:01.402051+05:30,2026-09-11_0139IST,airline_direct,IndiGo
DEL,CCU,6E,IndiGo,6E 2361,2026-09-18,7,economy,,,7507.0,False,14:35,ok,2026-09-11T01:39:01.402051+05:30,2026-09-11_0139IST,airline_direct,IndiGo
DEL,CCU,6E,IndiGo,6E 6190,2026-09-18,7,economy,,,7586.0,False,07:40,ok,2026-09-11T01:39:01.402051+05:30,2026-09-11_0139IST,airline_direct,IndiGo
DEL,CCU,6E,IndiGo,6E 6190,2026-09-18,7,economy,,,7586.0,False,07:40,ok,2026-09-11T01:39:01.402051+05:30,2026-09-11_0139IST,airline_direct,IndiGo
DEL,CCU,6E,IndiGo,6E 5298,2026-09-18,7,economy,,,7586.0,False,09:00,ok,2026-09-11T01:39:01.402051+05:30,2026-09-11_0139IST,airline_direct,IndiGo
DEL,CCU,6E,IndiGo,6E 2296,2026-09-18,7,economy,,,7586.0,False,09:20,ok,2026-09-11T01:39:01.402051+05:30,2026-09-11_0139IST,airline_direct,IndiGo
DEL,CCU,6E,IndiGo,6E 5033,2026-09-18,7,economy,,,7586.0,False,15:50,ok,2026-09-11T01:39:01.402051+05:30,2026-09-11_0139IST,airline_direct,IndiGo
DEL,CCU,6E,IndiGo,6E 2203,2026-09-18,7,economy,,,7691.0,False,04:45,ok,2026-09-11T01:39:01.402051+05:30,2026-09-11_0139IST,airline_direct,IndiGo
DEL,CCU,6E,IndiGo,6E 6124,2026-09-18,7,economy,,,7691.0,False,07:30,ok,2026-09-11T01:39:01.402051+05:30,2026-09-11_0139IST,airline_direct,IndiGo
DEL,CCU,6E,IndiGo,6E 5215,2026-09-18,7,economy,,,7691.0,False,07:45,ok,2026-09-11T01:39:01.402051+05:30,2026-09-11_0139IST,airline_direct,IndiGo
DEL,CCU,6E,IndiGo,6E 5307,2026-09-18,7,economy,,,7691.0,False,10:50,ok,2026-09-11T01:39:01.402051+05:30,2026-09-11_0139IST,airline_direct,IndiGo
DEL,CCU,6E,IndiGo,6E 5307,2026-09-18,7,economy,,,7691.0,False,10:50,ok,2026-09-11T01:39:01.402051+05:30,2026-09-11_0139IST,airline_direct,IndiGo
DEL,CCU,6E,IndiGo,6E 6378,2026-09-18,7,economy,,,7691.0,False,14:40,ok,2026-09-11T01:39:01.402051+05:30,2026-09-11_0139IST,airline_direct,IndiGo
DEL,CCU,6E,IndiGo,6E 5041,2026-09-18,7,economy,,,7691.0,False,15:10,ok,2026-09-11T01:39:01.402051+05:30,2026-09-11_0139IST,airline_direct,IndiGo
DEL,CCU,6E,IndiGo,6E 5041,2026-09-18,7,economy,,,7691.0,False,15:10,ok,2026-09-11T01:39:01.402051+05:30,2026-09-11_0139IST,airline_direct,IndiGo
DEL,CCU,6E,IndiGo,6E 6829,2026-09-18,7,economy,,,7717.0,False,17:20,ok,2026-09-11T01:39:01.402051+05:30,2026-09-11_0139IST,airline_direct,IndiGo
DEL,CCU,6E,IndiGo,6E 6503,2026-09-18,7,economy,,,7901.0,False,13:25,ok,2026-09-11T01:39:01.402051+05:30,2026-09-11_0139IST,airline_direct,IndiGo
DEL,CCU,6E,IndiGo,6E 6503,2026-09-18,7,economy,,,7901.0,False,13:25,ok,2026-09-11T01:39:01.402051+05:30,2026-09-11_0139IST,airline_direct,IndiGo
DEL,CCU,6E,IndiGo,6E 5119,2026-09-18,7,economy,,,7927.0,False,05:10,ok,2026-09-11T01:39:01.402051+05:30,2026-09-11_0139IST,airline_direct,IndiGo
DEL,CCU,6E,IndiGo,6E 705,2026-09-18,7,business,,,32272.0,False,08:30,ok,2026-09-11T01:39:01.402051+05:30,2026-09-11_0139IST,airline_direct,IndiGo
DEL,CCU,6E,IndiGo,6E 705,2026-09-18,7,economy,,,7927.0,False,08:30,ok,2026-09-11T01:39:01.402051+05:30,2026-09-11_0139IST,airline_direct,IndiGo
DEL,CCU,6E,IndiGo,6E 705,2026-09-18,7,business,,,32272.0,False,08:30,ok,2026-09-11T01:39:01.402051+05:30,2026-09-11_0139IST,airline_direct,IndiGo
DEL,CCU,6E,IndiGo,6E 705,2026-09-18,7,economy,,,7927.0,False,08:30,ok,2026-09-11T01:39:01.402051+05:30,2026-09-11_0139IST,airline_direct,IndiGo
DEL,CCU,6E,IndiGo,6E 6293,2026-09-18,7,business,,,32272.0,False,09:55,ok,2026-09-11T01:39:01.402051+05:30,2026-09-11_0139IST,airline_direct,IndiGo
DEL,CCU,6E,IndiGo,6E 6293,2026-09-18,7,economy,,,7927.0,False,09:55,ok,2026-09-11T01:39:01.402051+05:30,2026-09-11_0139IST,airline_direct,IndiGo
DEL,CCU,6E,IndiGo,6E 884,2026-09-18,7,business,,,32272.0,False,11:45,ok,2026-09-11T01:39:01.402051+05:30,2026-09-11_0139IST,airline_direct,IndiGo
DEL,CCU,6E,IndiGo,6E 884,2026-09-18,7,economy,,,7927.0,False,11:45,ok,2026-09-11T01:39:01.402051+05:30,2026-09-11_0139IST,airline_direct,IndiGo
DEL,CCU,6E,IndiGo,6E 2331,2026-09-18,7,economy,,,7927.0,False,12:20,ok,2026-09-11T01:39:01.402051+05:30,2026-09-11_0139IST,airline_direct,IndiGo
DEL,CCU,6E,IndiGo,6E 6282,2026-09-18,7,business,,,32272.0,False,13:30,ok,2026-09-11T01:39:01.402051+05:30,2026-09-11_0139IST,airline_direct,IndiGo
DEL,CCU,6E,IndiGo,6E 6282,2026-09-18,7,economy,,,7927.0,False,13:30,ok,2026-09-11T01:39:01.402051+05:30,2026-09-11_0139IST,airline_direct,IndiGo
DEL,CCU,6E,IndiGo,6E 6212,2026-09-18,7,business,,,31918.0,False,14:45,ok,2026-09-11T01:39:01.402051+05:30,2026-09-11_0139IST,airline_direct,IndiGo
DEL,CCU,6E,IndiGo,6E 6212,2026-09-18,7,economy,,,7927.0,False,14:45,ok,2026-09-11T01:39:01.402051+05:30,2026-09-11_0139IST,airline_direct,IndiGo
DEL,CCU,6E,IndiGo,6E 2341,2026-09-18,7,economy,,,7927.0,False,14:50,ok,2026-09-11T01:39:01.402051+05:30,2026-09-11_0139IST,airline_direct,IndiGo
DEL,CCU,6E,IndiGo,6E 6217,2026-09-18,7,business,,,31918.0,False,16:15,ok,2026-09-11T01:39:01.402051+05:30,2026-09-11_0139IST,airline_direct,IndiGo
DEL,CCU,6E,IndiGo,6E 6217,2026-09-18,7,economy,,,7927.0,False,16:15,ok,2026-09-11T01:39:01.402051+05:30,2026-09-11_0139IST,airline_direct,IndiGo
DEL,CCU,6E,IndiGo,6E 5073,2026-09-18,7,economy,,,7927.0,False,17:05,ok,2026-09-11T01:39:01.402051+05:30,2026-09-11_0139IST,airline_direct,IndiGo
DEL,CCU,6E,IndiGo,6E 6371,2026-09-18,7,economy,,,8032.0,False,06:20,ok,2026-09-11T01:39:01.402051+05:30,2026-09-11_0139IST,airline_direct,IndiGo
DEL,CCU,6E,IndiGo,6E 6551,2026-09-18,7,economy,,,8032.0,False,12:00,ok,2026-09-11T01:39:01.402051+05:30,2026-09-11_0139IST,airline_direct,IndiGo
DEL,CCU,6E,IndiGo,6E 6312,2026-09-18,7,economy,,,8115.0,False,14:25,ok,2026-09-11T01:39:01.402051+05:30,2026-09-11_0139IST,airline_direct,IndiGo
DEL,CCU,6E,IndiGo,6E 734,2026-09-18,7,economy,,,8115.0,False,16:20,ok,2026-09-11T01:39:01.402051+05:30,2026-09-11_0139IST,airline_direct,IndiGo
DEL,CCU,6E,IndiGo,6E 2259,2026-09-18,7,economy,,,8194.0,False,12:20,ok,2026-09-11T01:39:01.402051+05:30,2026-09-11_0139IST,airline_direct,IndiGo
DEL,CCU,6E,IndiGo,6E 6053,2026-09-18,7,economy,,,8194.0,False,13:05,ok,2026-09-11T01:39:01.402051+05:30,2026-09-11_0139IST,airline_direct,IndiGo
DEL,CCU,6E,IndiGo,6E 5038,2026-09-18,7,economy,,,8194.0,False,14:00,ok,2026-09-11T01:39:01.402051+05:30,2026-09-11_0139IST,airline_direct,IndiGo
DEL,CCU,6E,IndiGo,6E 2614,2026-09-18,7,economy,,,8194.0,False,14:40,ok,2026-09-11T01:39:01.402051+05:30,2026-09-11_0139IST,airline_direct,IndiGo
DEL,CCU,6E,IndiGo,6E 5215,2026-09-18,7,economy,,,8299.0,False,07:45,ok,2026-09-11T01:39:01.402051+05:30,2026-09-11_0139IST,airline_direct,IndiGo
DEL,CCU,6E,IndiGo,6E 203,2026-09-18,7,business,,,32272.0,False,07:10,ok,2026-09-11T01:39:01.402051+05:30,2026-09-11_0139IST,airline_direct,IndiGo
DEL,CCU,6E,IndiGo,6E 203,2026-09-18,7,economy,,,8535.0,False,07:10,ok,2026-09-11T01:39:01.402051+05:30,2026-09-11_0139IST,airline_direct,IndiGo
DEL,CCU,6E,IndiGo,6E 203,2026-09-18,7,business,,,32272.0,False,07:10,ok,2026-09-11T01:39:01.402051+05:30,2026-09-11_0139IST,airline_direct,IndiGo
DEL,CCU,6E,IndiGo,6E 203,2026-09-18,7,economy,,,8535.0,False,07:10,ok,2026-09-11T01:39:01.402051+05:30,2026-09-11_0139IST,airline_direct,IndiGo
DEL,CCU,6E,IndiGo,6E 6073,2026-09-18,7,economy,,,9597.0,False,05:00,ok,2026-09-11T01:39:01.402051+05:30,2026-09-11_0139IST,airline_direct,IndiGo
DEL,CCU,6E,IndiGo,6E 6130,2026-09-18,7,economy,,,9597.0,False,12:55,ok,2026-09-11T01:39:01.402051+05:30,2026-09-11_0139IST,airline_direct,IndiGo
DEL,CCU,6E,IndiGo,6E 882,2026-09-18,7,business,,,31918.0,False,23:15,ok,2026-09-11T01:39:01.402051+05:30,2026-09-11_0139IST,airline_direct,IndiGo
DEL,CCU,6E,IndiGo,6E 882,2026-09-18,7,economy,,,9938.0,False,23:15,ok,2026-09-11T01:39:01.402051+05:30,2026-09-11_0139IST,airline_direct,IndiGo
DEL,CCU,6E,IndiGo,6E 2614,2026-09-18,7,economy,,,13959.0,False,14:40,ok,2026-09-11T01:39:01.402051+05:30,2026-09-11_0139IST,airline_direct,IndiGo
DEL,CCU,6E,IndiGo,6E 717,2026-09-18,7,business,,,31918.0,False,17:55,ok,2026-09-11T01:39:01.402051+05:30,2026-09-11_0139IST,airline_direct,IndiGo
DEL,CCU,6E,IndiGo,6E 717,2026-09-18,7,economy,,,14764.0,False,17:55,ok,2026-09-11T01:39:01.402051+05:30,2026-09-11_0139IST,airline_direct,IndiGo
BLR,HYD,6E,IndiGo,6E 6404,2026-09-18,7,economy,,,6772.0,False,11:35,ok,2026-09-11T01:40:01.580127+05:30,2026-09-11_0140IST,airline_direct,IndiGo
BLR,HYD,6E,IndiGo,6E 6178,2026-09-18,7,economy,,,8010.0,False,06:25,ok,2026-09-11T01:40:01.580127+05:30,2026-09-11_0140IST,airline_direct,IndiGo
BLR,HYD,6E,IndiGo,6E 537,2026-09-18,7,economy,,,8010.0,False,10:15,ok,2026-09-11T01:40:01.580127+05:30,2026-09-11_0140IST,airline_direct,IndiGo
BLR,HYD,6E,IndiGo,6E 6067,2026-09-18,7,economy,,,8010.0,False,16:30,ok,2026-09-11T01:40:01.580127+05:30,2026-09-11_0140IST,airline_direct,IndiGo
BLR,HYD,6E,IndiGo,6E 312,2026-09-18,7,economy,,,9518.0,False,09:15,ok,2026-09-11T01:40:01.580127+05:30,2026-09-11_0140IST,airline_direct,IndiGo
BLR,HYD,6E,IndiGo,6E 484,2026-09-18,7,economy,,,11353.0,False,08:15,ok,2026-09-11T01:40:01.580127+05:30,2026-09-11_0140IST,airline_direct,IndiGo
BLR,HYD,6E,IndiGo,6E 638,2026-09-18,7,economy,,,14882.0,False,18:35,ok,2026-09-11T01:40:01.580127+05:30,2026-09-11_0140IST,airline_direct,IndiGo
BLR,HYD,6E,IndiGo,6E 6784,2026-09-18,7,economy,,,16310.0,False,21:30,ok,2026-09-11T01:40:01.580127+05:30,2026-09-11_0140IST,airline_direct,IndiGo
BLR,HYD,6E,IndiGo,6E 855,2026-09-18,7,economy,,,17886.0,False,19:45,ok,2026-09-11T01:40:01.580127+05:30,2026-09-11_0140IST,airline_direct,IndiGo
BLR,HYD,6E,IndiGo,6E 6563,2026-09-18,7,economy,,,5463.0,False,01:05,ok,2026-09-11T01:40:01.580127+05:30,2026-09-11_0140IST,airline_direct,IndiGo
BLR,HYD,6E,IndiGo,6E 6876,2026-09-18,7,economy,,,5463.0,False,02:40,ok,2026-09-11T01:40:01.580127+05:30,2026-09-11_0140IST,airline_direct,IndiGo
BLR,HYD,6E,IndiGo,6E 857,2026-09-18,7,economy,,,5463.0,False,07:05,ok,2026-09-11T01:40:01.580127+05:30,2026-09-11_0140IST,airline_direct,IndiGo
BLR,HYD,6E,IndiGo,6E 763,2026-09-18,7,economy,,,5463.0,False,07:05,ok,2026-09-11T01:40:01.580127+05:30,2026-09-11_0140IST,airline_direct,IndiGo
BLR,HYD,6E,IndiGo,6E 857,2026-09-18,7,economy,,,5463.0,False,07:05,ok,2026-09-11T01:40:01.580127+05:30,2026-09-11_0140IST,airline_direct,IndiGo
BLR,HYD,6E,IndiGo,6E 6269,2026-09-18,7,economy,,,5463.0,False,07:15,ok,2026-09-11T01:40:01.580127+05:30,2026-09-11_0140IST,airline_direct,IndiGo
BLR,HYD,6E,IndiGo,6E 6269,2026-09-18,7,economy,,,5463.0,False,07:15,ok,2026-09-11T01:40:01.580127+05:30,2026-09-11_0140IST,airline_direct,IndiGo
BLR,HYD,6E,IndiGo,6E 6104,2026-09-18,7,economy,,,5463.0,False,11:40,ok,2026-09-11T01:40:01.580127+05:30,2026-09-11_0140IST,airline_direct,IndiGo
BLR,HYD,6E,IndiGo,6E 6104,2026-09-18,7,economy,,,5463.0,False,11:40,ok,2026-09-11T01:40:01.580127+05:30,2026-09-11_0140IST,airline_direct,IndiGo
BLR,HYD,6E,IndiGo,6E 6208,2026-09-18,7,economy,,,5463.0,False,12:45,ok,2026-09-11T01:40:01.580127+05:30,2026-09-11_0140IST,airline_direct,IndiGo
BLR,HYD,6E,IndiGo,6E 6542,2026-09-18,7,economy,,,5463.0,False,13:10,ok,2026-09-11T01:40:01.580127+05:30,2026-09-11_0140IST,airline_direct,IndiGo
BLR,HYD,6E,IndiGo,6E 6542,2026-09-18,7,economy,,,5463.0,False,13:10,ok,2026-09-11T01:40:01.580127+05:30,2026-09-11_0140IST,airline_direct,IndiGo
BLR,HYD,6E,IndiGo,6E 6753,2026-09-18,7,economy,,,5463.0,False,15:15,ok,2026-09-11T01:40:01.580127+05:30,2026-09-11_0140IST,airline_direct,IndiGo
BLR,HYD,6E,IndiGo,6E 6753,2026-09-18,7,economy,,,5463.0,False,15:15,ok,2026-09-11T01:40:01.580127+05:30,2026-09-11_0140IST,airline_direct,IndiGo
BLR,HYD,6E,IndiGo,6E 6753,2026-09-18,7,economy,,,5463.0,False,15:15,ok,2026-09-11T01:40:01.580127+05:30,2026-09-11_0140IST,airline_direct,IndiGo
BLR,HYD,6E,IndiGo,6E 173,2026-09-18,7,economy,,,5463.0,False,15:30,ok,2026-09-11T01:40:01.580127+05:30,2026-09-11_0140IST,airline_direct,IndiGo
BLR,HYD,6E,IndiGo,6E 173,2026-09-18,7,economy,,,5463.0,False,15:30,ok,2026-09-11T01:40:01.580127+05:30,2026-09-11_0140IST,airline_direct,IndiGo
BLR,HYD,6E,IndiGo,6E 356,2026-09-18,7,economy,,,5463.0,False,17:15,ok,2026-09-11T01:40:01.580127+05:30,2026-09-11_0140IST,airline_direct,IndiGo
BLR,HYD,6E,IndiGo,6E 6168,2026-09-18,7,economy,,,5463.0,False,17:40,ok,2026-09-11T01:40:01.580127+05:30,2026-09-11_0140IST,airline_direct,IndiGo
BLR,HYD,6E,IndiGo,6E 6168,2026-09-18,7,economy,,,5463.0,False,17:40,ok,2026-09-11T01:40:01.580127+05:30,2026-09-11_0140IST,airline_direct,IndiGo
BLR,HYD,6E,IndiGo,6E 6554,2026-09-18,7,economy,,,5463.0,False,19:15,ok,2026-09-11T01:40:01.580127+05:30,2026-09-11_0140IST,airline_direct,IndiGo
BLR,HYD,6E,IndiGo,6E 6336,2026-09-18,7,economy,,,5594.0,False,12:25,ok,2026-09-11T01:40:01.580127+05:30,2026-09-11_0140IST,airline_direct,IndiGo
BLR,HYD,6E,IndiGo,6E 6336,2026-09-18,7,economy,,,5594.0,False,12:25,ok,2026-09-11T01:40:01.580127+05:30,2026-09-11_0140IST,airline_direct,IndiGo
BLR,HYD,6E,IndiGo,6E 904,2026-09-18,7,economy,,,5793.0,False,10:45,ok,2026-09-11T01:40:01.580127+05:30,2026-09-11_0140IST,airline_direct,IndiGo
BLR,HYD,6E,IndiGo,6E 6653,2026-09-18,7,economy,,,5793.0,False,12:35,ok,2026-09-11T01:40:01.580127+05:30,2026-09-11_0140IST,airline_direct,IndiGo
BLR,HYD,6E,IndiGo,6E 6653,2026-09-18,7,economy,,,5793.0,False,12:35,ok,2026-09-11T01:40:01.580127+05:30,2026-09-11_0140IST,airline_direct,IndiGo
BLR,HYD,6E,IndiGo,6E 6208,2026-09-18,7,economy,,,5793.0,False,12:45,ok,2026-09-11T01:40:01.580127+05:30,2026-09-11_0140IST,airline_direct,IndiGo
BLR,HYD,6E,IndiGo,6E 7204,2026-09-18,7,economy,,,6153.0,False,06:50,ok,2026-09-11T01:40:01.580127+05:30,2026-09-11_0140IST,airline_direct,IndiGo
BLR,HYD,6E,IndiGo,6E 6583,2026-09-18,7,economy,,,6284.0,False,10:40,ok,2026-09-11T01:40:01.580127+05:30,2026-09-11_0140IST,airline_direct,IndiGo
BLR,HYD,6E,IndiGo,6E 7227,2026-09-18,7,economy,,,6412.0,False,06:25,ok,2026-09-11T01:40:01.580127+05:30,2026-09-11_0140IST,airline_direct,IndiGo
BLR,HYD,6E,IndiGo,6E 703,2026-09-18,7,economy,,,6543.0,False,12:55,ok,2026-09-11T01:40:01.580127+05:30,2026-09-11_0140IST,airline_direct,IndiGo
BLR,HYD,6E,IndiGo,6E 109,2026-09-18,7,economy,,,6969.0,False,17:00,ok,2026-09-11T01:40:01.580127+05:30,2026-09-11_0140IST,airline_direct,IndiGo
BLR,HYD,6E,IndiGo,6E 6162,2026-09-18,7,economy,,,6969.0,False,18:50,ok,2026-09-11T01:40:01.580127+05:30,2026-09-11_0140IST,airline_direct,IndiGo
BLR,HYD,6E,IndiGo,6E 105,2026-09-18,7,economy,,,7432.0,False,18:50,ok,2026-09-11T01:40:01.580127+05:30,2026-09-11_0140IST,airline_direct,IndiGo
BLR,HYD,6E,IndiGo,6E 105,2026-09-18,7,economy,,,7432.0,False,18:50,ok,2026-09-11T01:40:01.580127+05:30,2026-09-11_0140IST,airline_direct,IndiGo
BLR,HYD,6E,IndiGo,6E 528,2026-09-18,7,economy,,,7432.0,False,21:40,ok,2026-09-11T01:40:01.580127+05:30,2026-09-11_0140IST,airline_direct,IndiGo
BLR,HYD,6E,IndiGo,6E 116,2026-09-18,7,economy,,,7432.0,False,23:05,ok,2026-09-11T01:40:01.580127+05:30,2026-09-11_0140IST,airline_direct,IndiGo
BLR,HYD,6E,IndiGo,6E 7737,2026-09-18,7,economy,,,7804.0,False,10:50,ok,2026-09-11T01:40:01.580127+05:30,2026-09-11_0140IST,airline_direct,IndiGo
BLR,HYD,6E,IndiGo,6E 7737,2026-09-18,7,economy,,,8950.0,False,10:50,ok,2026-09-11T01:40:01.580127+05:30,2026-09-11_0140IST,airline_direct,IndiGo
BLR,HYD,6E,IndiGo,6E 356,2026-09-18,7,economy,,,9081.0,False,17:15,ok,2026-09-11T01:40:01.580127+05:30,2026-09-11_0140IST,airline_direct,IndiGo
BLR,HYD,6E,IndiGo,6E 6017,2026-09-18,7,economy,,,9081.0,False,18:15,ok,2026-09-11T01:40:01.580127+05:30,2026-09-11_0140IST,airline_direct,IndiGo
BLR,HYD,6E,IndiGo,6E 441,2026-09-18,7,economy,,,9081.0,False,20:40,ok,2026-09-11T01:40:01.580127+05:30,2026-09-11_0140IST,airline_direct,IndiGo
BLR,HYD,6E,IndiGo,6E 763,2026-09-18,7,economy,,,12041.0,False,07:05,ok,2026-09-11T01:40:01.580127+05:30,2026-09-11_0140IST,airline_direct,IndiGo
BLR,HYD,6E,IndiGo,6E 763,2026-09-18,7,economy,,,12041.0,False,07:05,ok,2026-09-11T01:40:01.580127+05:30,2026-09-11_0140IST,airline_direct,IndiGo
BLR,HYD,6E,IndiGo,6E 7285,2026-09-18,7,economy,,,12197.0,False,06:50,ok,2026-09-11T01:40:01.580127+05:30,2026-09-11_0140IST,airline_direct,IndiGo
BLR,HYD,6E,IndiGo,6E 5306,2026-09-18,7,economy,,,12950.0,False,14:35,ok,2026-09-11T01:40:01.580127+05:30,2026-09-11_0140IST,airline_direct,IndiGo
BLR,HYD,6E,IndiGo,6E 6445,2026-09-18,7,economy,,,13529.0,False,10:25,ok,2026-09-11T01:40:01.580127+05:30,2026-09-11_0140IST,airline_direct,IndiGo
BLR,HYD,6E,IndiGo,6E 6445,2026-09-18,7,economy,,,14264.0,False,10:25,ok,2026-09-11T01:40:01.580127+05:30,2026-09-11_0140IST,airline_direct,IndiGo
BLR,HYD,6E,IndiGo,6E 7005,2026-09-18,7,economy,,,16486.0,False,08:05,ok,2026-09-11T01:40:01.580127+05:30,2026-09-11_0140IST,airline_direct,IndiGo
BLR,HYD,6E,IndiGo,6E 7005,2026-09-18,7,economy,,,16486.0,False,08:05,ok,2026-09-11T01:40:01.580127+05:30,2026-09-11_0140IST,airline_direct,IndiGo
MAA,DEL,6E,IndiGo,6E 939,2026-09-18,7,business,,,28240.0,False,13:00,ok,2026-09-11T01:41:01.844645+05:30,2026-09-11_0141IST,airline_direct,IndiGo
MAA,DEL,6E,IndiGo,6E 939,2026-09-18,7,economy,,,9830.0,False,13:00,ok,2026-09-11T01:41:01.844645+05:30,2026-09-11_0141IST,airline_direct,IndiGo
MAA,DEL,6E,IndiGo,6E 6002,2026-09-18,7,business,,,28240.0,False,11:10,ok,2026-09-11T01:41:01.844645+05:30,2026-09-11_0141IST,airline_direct,IndiGo
MAA,DEL,6E,IndiGo,6E 6002,2026-09-18,7,economy,,,10295.0,False,11:10,ok,2026-09-11T01:41:01.844645+05:30,2026-09-11_0141IST,airline_direct,IndiGo
MAA,DEL,6E,IndiGo,6E 2369,2026-09-18,7,business,,,28240.0,False,23:45,ok,2026-09-11T01:41:01.844645+05:30,2026-09-11_0141IST,airline_direct,IndiGo
MAA,DEL,6E,IndiGo,6E 2369,2026-09-18,7,economy,,,10295.0,False,23:45,ok,2026-09-11T01:41:01.844645+05:30,2026-09-11_0141IST,airline_direct,IndiGo
MAA,DEL,6E,IndiGo,6E 951,2026-09-18,7,business,,,28240.0,False,21:50,ok,2026-09-11T01:41:01.844645+05:30,2026-09-11_0141IST,airline_direct,IndiGo
MAA,DEL,6E,IndiGo,6E 951,2026-09-18,7,economy,,,10785.0,False,21:50,ok,2026-09-11T01:41:01.844645+05:30,2026-09-11_0141IST,airline_direct,IndiGo
MAA,DEL,6E,IndiGo,6E 404,2026-09-18,7,business,,,28240.0,False,09:15,ok,2026-09-11T01:41:01.844645+05:30,2026-09-11_0141IST,airline_direct,IndiGo
MAA,DEL,6E,IndiGo,6E 404,2026-09-18,7,economy,,,11303.0,False,09:15,ok,2026-09-11T01:41:01.844645+05:30,2026-09-11_0141IST,airline_direct,IndiGo
MAA,DEL,6E,IndiGo,6E 948,2026-09-18,7,business,,,28240.0,False,14:30,ok,2026-09-11T01:41:01.844645+05:30,2026-09-11_0141IST,airline_direct,IndiGo
MAA,DEL,6E,IndiGo,6E 948,2026-09-18,7,economy,,,11303.0,False,14:30,ok,2026-09-11T01:41:01.844645+05:30,2026-09-11_0141IST,airline_direct,IndiGo
MAA,DEL,6E,IndiGo,6E 937,2026-09-18,7,business,,,28240.0,False,06:30,ok,2026-09-11T01:41:01.844645+05:30,2026-09-11_0141IST,airline_direct,IndiGo
MAA,DEL,6E,IndiGo,6E 937,2026-09-18,7,economy,,,13677.0,False,06:30,ok,2026-09-11T01:41:01.844645+05:30,2026-09-11_0141IST,airline_direct,IndiGo
MAA,DEL,6E,IndiGo,6E 698,2026-09-18,7,business,,,28240.0,False,16:45,ok,2026-09-11T01:41:01.844645+05:30,2026-09-11_0141IST,airline_direct,IndiGo
MAA,DEL,6E,IndiGo,6E 698,2026-09-18,7,economy,,,13677.0,False,16:45,ok,2026-09-11T01:41:01.844645+05:30,2026-09-11_0141IST,airline_direct,IndiGo
MAA,DEL,6E,IndiGo,6E 613,2026-09-18,7,business,,,28240.0,False,19:00,ok,2026-09-11T01:41:01.844645+05:30,2026-09-11_0141IST,airline_direct,IndiGo
MAA,DEL,6E,IndiGo,6E 613,2026-09-18,7,economy,,,14354.0,False,19:00,ok,2026-09-11T01:41:01.844645+05:30,2026-09-11_0141IST,airline_direct,IndiGo
MAA,DEL,6E,IndiGo,6E 6815,2026-09-18,7,business,,,32713.0,False,08:55,ok,2026-09-11T01:41:01.844645+05:30,2026-09-11_0141IST,airline_direct,IndiGo
MAA,DEL,6E,IndiGo,6E 6815,2026-09-18,7,economy,,,9857.0,False,08:55,ok,2026-09-11T01:41:01.844645+05:30,2026-09-11_0141IST,airline_direct,IndiGo
MAA,DEL,6E,IndiGo,6E 6892,2026-09-18,7,business,,,32713.0,False,10:55,ok,2026-09-11T01:41:01.844645+05:30,2026-09-11_0141IST,airline_direct,IndiGo
MAA,DEL,6E,IndiGo,6E 6892,2026-09-18,7,economy,,,9857.0,False,10:55,ok,2026-09-11T01:41:01.844645+05:30,2026-09-11_0141IST,airline_direct,IndiGo
MAA,DEL,6E,IndiGo,6E 6892,2026-09-18,7,business,,,32713.0,False,10:55,ok,2026-09-11T01:41:01.844645+05:30,2026-09-11_0141IST,airline_direct,IndiGo
MAA,DEL,6E,IndiGo,6E 6892,2026-09-18,7,economy,,,9857.0,False,10:55,ok,2026-09-11T01:41:01.844645+05:30,2026-09-11_0141IST,airline_direct,IndiGo
MAA,DEL,6E,IndiGo,6E 6005,2026-09-18,7,economy,,,9857.0,False,15:45,ok,2026-09-11T01:41:01.844645+05:30,2026-09-11_0141IST,airline_direct,IndiGo
MAA,DEL,6E,IndiGo,6E 6812,2026-09-18,7,economy,,,9857.0,False,20:00,ok,2026-09-11T01:41:01.844645+05:30,2026-09-11_0141IST,airline_direct,IndiGo
MAA,DEL,6E,IndiGo,6E 6140,2026-09-18,7,business,,,32304.0,False,02:30,ok,2026-09-11T01:41:01.844645+05:30,2026-09-11_0141IST,airline_direct,IndiGo
MAA,DEL,6E,IndiGo,6E 6140,2026-09-18,7,economy,,,9988.0,False,02:30,ok,2026-09-11T01:41:01.844645+05:30,2026-09-11_0141IST,airline_direct,IndiGo
MAA,DEL,6E,IndiGo,6E 6140,2026-09-18,7,business,,,35903.0,False,02:30,ok,2026-09-11T01:41:01.844645+05:30,2026-09-11_0141IST,airline_direct,IndiGo
MAA,DEL,6E,IndiGo,6E 6140,2026-09-18,7,economy,,,9988.0,False,02:30,ok,2026-09-11T01:41:01.844645+05:30,2026-09-11_0141IST,airline_direct,IndiGo
MAA,DEL,6E,IndiGo,6E 5314,2026-09-18,7,business,,,39741.0,False,06:45,ok,2026-09-11T01:41:01.844645+05:30,2026-09-11_0141IST,airline_direct,IndiGo
MAA,DEL,6E,IndiGo,6E 5314,2026-09-18,7,economy,,,9988.0,False,06:45,ok,2026-09-11T01:41:01.844645+05:30,2026-09-11_0141IST,airline_direct,IndiGo
MAA,DEL,6E,IndiGo,6E 321,2026-09-18,7,business,,,34521.0,False,08:20,ok,2026-09-11T01:41:01.844645+05:30,2026-09-11_0141IST,airline_direct,IndiGo
MAA,DEL,6E,IndiGo,6E 321,2026-09-18,7,economy,,,9988.0,False,08:20,ok,2026-09-11T01:41:01.844645+05:30,2026-09-11_0141IST,airline_direct,IndiGo
MAA,DEL,6E,IndiGo,6E 6348,2026-09-18,7,business,,,39741.0,False,09:00,ok,2026-09-11T01:41:01.844645+05:30,2026-09-11_0141IST,airline_direct,IndiGo
MAA,DEL,6E,IndiGo,6E 6348,2026-09-18,7,economy,,,9988.0,False,09:00,ok,2026-09-11T01:41:01.844645+05:30,2026-09-11_0141IST,airline_direct,IndiGo
MAA,DEL,6E,IndiGo,6E 6348,2026-09-18,7,business,,,39741.0,False,09:00,ok,2026-09-11T01:41:01.844645+05:30,2026-09-11_0141IST,airline_direct,IndiGo
MAA,DEL,6E,IndiGo,6E 6348,2026-09-18,7,economy,,,9988.0,False,09:00,ok,2026-09-11T01:41:01.844645+05:30,2026-09-11_0141IST,airline_direct,IndiGo
MAA,DEL,6E,IndiGo,6E 5214,2026-09-18,7,business,,,43340.0,False,11:00,ok,2026-09-11T01:41:01.844645+05:30,2026-09-11_0141IST,airline_direct,IndiGo
MAA,DEL,6E,IndiGo,6E 5214,2026-09-18,7,economy,,,9988.0,False,11:00,ok,2026-09-11T01:41:01.844645+05:30,2026-09-11_0141IST,airline_direct,IndiGo
MAA,DEL,6E,IndiGo,6E 6326,2026-09-18,7,business,,,34049.0,False,11:45,ok,2026-09-11T01:41:01.844645+05:30,2026-09-11_0141IST,airline_direct,IndiGo
MAA,DEL,6E,IndiGo,6E 6326,2026-09-18,7,economy,,,9988.0,False,11:45,ok,2026-09-11T01:41:01.844645+05:30,2026-09-11_0141IST,airline_direct,IndiGo
MAA,DEL,6E,IndiGo,6E 5258,2026-09-18,7,business,,,39741.0,False,12:45,ok,2026-09-11T01:41:01.844645+05:30,2026-09-11_0141IST,airline_direct,IndiGo
MAA,DEL,6E,IndiGo,6E 5258,2026-09-18,7,economy,,,9988.0,False,12:45,ok,2026-09-11T01:41:01.844645+05:30,2026-09-11_0141IST,airline_direct,IndiGo
MAA,DEL,6E,IndiGo,6E 5258,2026-09-18,7,business,,,43340.0,False,12:45,ok,2026-09-11T01:41:01.844645+05:30,2026-09-11_0141IST,airline_direct,IndiGo
MAA,DEL,6E,IndiGo,6E 5258,2026-09-18,7,economy,,,9988.0,False,12:45,ok,2026-09-11T01:41:01.844645+05:30,2026-09-11_0141IST,airline_direct,IndiGo
MAA,DEL,6E,IndiGo,6E 981,2026-09-18,7,economy,,,9988.0,False,13:50,ok,2026-09-11T01:41:01.844645+05:30,2026-09-11_0141IST,airline_direct,IndiGo
MAA,DEL,6E,IndiGo,6E 5371,2026-09-18,7,business,,,43340.0,False,14:45,ok,2026-09-11T01:41:01.844645+05:30,2026-09-11_0141IST,airline_direct,IndiGo
MAA,DEL,6E,IndiGo,6E 5371,2026-09-18,7,economy,,,9988.0,False,14:45,ok,2026-09-11T01:41:01.844645+05:30,2026-09-11_0141IST,airline_direct,IndiGo
MAA,DEL,6E,IndiGo,6E 606,2026-09-18,7,business,,,33577.0,False,18:05,ok,2026-09-11T01:41:01.844645+05:30,2026-09-11_0141IST,airline_direct,IndiGo
MAA,DEL,6E,IndiGo,6E 606,2026-09-18,7,economy,,,9988.0,False,18:05,ok,2026-09-11T01:41:01.844645+05:30,2026-09-11_0141IST,airline_direct,IndiGo
MAA,DEL,6E,IndiGo,6E 253,2026-09-18,7,business,,,27587.0,False,03:10,ok,2026-09-11T01:41:01.844645+05:30,2026-09-11_0141IST,airline_direct,IndiGo
MAA,DEL,6E,IndiGo,6E 253,2026-09-18,7,economy,,,10535.0,False,03:10,ok,2026-09-11T01:41:01.844645+05:30,2026-09-11_0141IST,airline_direct,IndiGo
MAA,DEL,6E,IndiGo,6E 244,2026-09-18,7,economy,,,10535.0,False,03:55,ok,2026-09-11T01:41:01.844645+05:30,2026-09-11_0141IST,airline_direct,IndiGo
MAA,DEL,6E,IndiGo,6E 495,2026-09-18,7,economy,,,10535.0,False,07:10,ok,2026-09-11T01:41:01.844645+05:30,2026-09-11_0141IST,airline_direct,IndiGo
MAA,DEL,6E,IndiGo,6E 495,2026-09-18,7,economy,,,10535.0,False,07:10,ok,2026-09-11T01:41:01.844645+05:30,2026-09-11_0141IST,airline_direct,IndiGo
MAA,DEL,6E,IndiGo,6E 834,2026-09-18,7,business,,,30979.0,False,09:05,ok,2026-09-11T01:41:01.844645+05:30,2026-09-11_0141IST,airline_direct,IndiGo
MAA,DEL,6E,IndiGo,6E 834,2026-09-18,7,economy,,,10535.0,False,09:05,ok,2026-09-11T01:41:01.844645+05:30,2026-09-11_0141IST,airline_direct,IndiGo
MAA,DEL,6E,IndiGo,6E 372,2026-09-18,7,business,,,30916.0,False,09:55,ok,2026-09-11T01:41:01.844645+05:30,2026-09-11_0141IST,airline_direct,IndiGo
MAA,DEL,6E,IndiGo,6E 372,2026-09-18,7,economy,,,10535.0,False,09:55,ok,2026-09-11T01:41:01.844645+05:30,2026-09-11_0141IST,airline_direct,IndiGo
MAA,DEL,6E,IndiGo,6E 372,2026-09-18,7,business,,,30916.0,False,09:55,ok,2026-09-11T01:41:01.844645+05:30,2026-09-11_0141IST,airline_direct,IndiGo
MAA,DEL,6E,IndiGo,6E 372,2026-09-18,7,economy,,,10535.0,False,09:55,ok,2026-09-11T01:41:01.844645+05:30,2026-09-11_0141IST,airline_direct,IndiGo
MAA,DEL,6E,IndiGo,6E 502,2026-09-18,7,business,,,28061.0,False,11:10,ok,2026-09-11T01:41:01.844645+05:30,2026-09-11_0141IST,airline_direct,IndiGo
MAA,DEL,6E,IndiGo,6E 502,2026-09-18,7,economy,,,10535.0,False,11:10,ok,2026-09-11T01:41:01.844645+05:30,2026-09-11_0141IST,airline_direct,IndiGo
MAA,DEL,6E,IndiGo,6E 6925,2026-09-18,7,business,,,32235.0,False,12:00,ok,2026-09-11T01:41:01.844645+05:30,2026-09-11_0141IST,airline_direct,IndiGo
MAA,DEL,6E,IndiGo,6E 6925,2026-09-18,7,economy,,,10535.0,False,12:00,ok,2026-09-11T01:41:01.844645+05:30,2026-09-11_0141IST,airline_direct,IndiGo
MAA,DEL,6E,IndiGo,6E 183,2026-09-18,7,business,,,28769.0,False,16:35,ok,2026-09-11T01:41:01.844645+05:30,2026-09-11_0141IST,airline_direct,IndiGo
MAA,DEL,6E,IndiGo,6E 183,2026-09-18,7,economy,,,10535.0,False,16:35,ok,2026-09-11T01:41:01.844645+05:30,2026-09-11_0141IST,airline_direct,IndiGo
MAA,DEL,6E,IndiGo,6E 489,2026-09-18,7,economy,,,10535.0,False,18:15,ok,2026-09-11T01:41:01.844645+05:30,2026-09-11_0141IST,airline_direct,IndiGo
MAA,DEL,6E,IndiGo,6E 193,2026-09-18,7,economy,,,10535.0,False,20:00,ok,2026-09-11T01:41:01.844645+05:30,2026-09-11_0141IST,airline_direct,IndiGo
MAA,DEL,6E,IndiGo,6E 6487,2026-09-18,7,business,,,30367.0,False,21:25,ok,2026-09-11T01:41:01.844645+05:30,2026-09-11_0141IST,airline_direct,IndiGo
MAA,DEL,6E,IndiGo,6E 6487,2026-09-18,7,economy,,,10535.0,False,21:25,ok,2026-09-11T01:41:01.844645+05:30,2026-09-11_0141IST,airline_direct,IndiGo
MAA,DEL,6E,IndiGo,6E 834,2026-09-18,7,business,,,30979.0,False,09:05,ok,2026-09-11T01:41:01.844645+05:30,2026-09-11_0141IST,airline_direct,IndiGo
MAA,DEL,6E,IndiGo,6E 834,2026-09-18,7,economy,,,11366.0,False,09:05,ok,2026-09-11T01:41:01.844645+05:30,2026-09-11_0141IST,airline_direct,IndiGo
MAA,DEL,6E,IndiGo,6E 973,2026-09-18,7,economy,,,11366.0,False,11:55,ok,2026-09-11T01:41:01.844645+05:30,2026-09-11_0141IST,airline_direct,IndiGo
MAA,DEL,6E,IndiGo,6E 6925,2026-09-18,7,business,,,32235.0,False,12:00,ok,2026-09-11T01:41:01.844645+05:30,2026-09-11_0141IST,airline_direct,IndiGo
MAA,DEL,6E,IndiGo,6E 6925,2026-09-18,7,economy,,,11366.0,False,12:00,ok,2026-09-11T01:41:01.844645+05:30,2026-09-11_0141IST,airline_direct,IndiGo
MAA,DEL,6E,IndiGo,6E 561,2026-09-18,7,business,,,28059.0,False,22:20,ok,2026-09-11T01:41:01.844645+05:30,2026-09-11_0141IST,airline_direct,IndiGo
MAA,DEL,6E,IndiGo,6E 561,2026-09-18,7,economy,,,12074.0,False,22:20,ok,2026-09-11T01:41:01.844645+05:30,2026-09-11_0141IST,airline_direct,IndiGo
MAA,DEL,6E,IndiGo,6E 607,2026-09-18,7,business,,,27823.0,False,05:40,ok,2026-09-11T01:41:01.844645+05:30,2026-09-11_0141IST,airline_direct,IndiGo
MAA,DEL,6E,IndiGo,6E 607,2026-09-18,7,economy,,,12277.0,False,05:40,ok,2026-09-11T01:41:01.844645+05:30,2026-09-11_0141IST,airline_direct,IndiGo
MAA,DEL,6E,IndiGo,6E 401,2026-09-18,7,economy,,,12277.0,False,08:10,ok,2026-09-11T01:41:01.844645+05:30,2026-09-11_0141IST,airline_direct,IndiGo
MAA,DEL,6E,IndiGo,6E 597,2026-09-18,7,economy,,,12645.0,False,17:45,ok,2026-09-11T01:41:01.844645+05:30,2026-09-11_0141IST,airline_direct,IndiGo
MAA,DEL,6E,IndiGo,6E 6081,2026-09-18,7,business,,,33846.0,False,07:05,ok,2026-09-11T01:41:01.844645+05:30,2026-09-11_0141IST,airline_direct,IndiGo
MAA,DEL,6E,IndiGo,6E 6081,2026-09-18,7,economy,,,13356.0,False,07:05,ok,2026-09-11T01:41:01.844645+05:30,2026-09-11_0141IST,airline_direct,IndiGo
MAA,DEL,6E,IndiGo,6E 5104,2026-09-18,7,business,,,39741.0,False,16:40,ok,2026-09-11T01:41:01.844645+05:30,2026-09-11_0141IST,airline_direct,IndiGo
MAA,DEL,6E,IndiGo,6E 5104,2026-09-18,7,economy,,,13487.0,False,16:40,ok,2026-09-11T01:41:01.844645+05:30,2026-09-11_0141IST,airline_direct,IndiGo
MAA,DEL,6E,IndiGo,6E 6081,2026-09-18,7,business,,,33846.0,False,07:05,ok,2026-09-11T01:41:01.844645+05:30,2026-09-11_0141IST,airline_direct,IndiGo
MAA,DEL,6E,IndiGo,6E 6081,2026-09-18,7,economy,,,13922.0,False,07:05,ok,2026-09-11T01:41:01.844645+05:30,2026-09-11_0141IST,airline_direct,IndiGo
MAA,DEL,6E,IndiGo,6E 6209,2026-09-18,7,business,,,32713.0,False,14:35,ok,2026-09-11T01:41:01.844645+05:30,2026-09-11_0141IST,airline_direct,IndiGo
MAA,DEL,6E,IndiGo,6E 6209,2026-09-18,7,economy,,,15881.0,False,14:35,ok,2026-09-11T01:41:01.844645+05:30,2026-09-11_0141IST,airline_direct,IndiGo
MAA,DEL,6E,IndiGo,6E 6209,2026-09-18,7,business,,,33682.0,False,14:35,ok,2026-09-11T01:41:01.844645+05:30,2026-09-11_0141IST,airline_direct,IndiGo
MAA,DEL,6E,IndiGo,6E 6209,2026-09-18,7,economy,,,16599.0,False,14:35,ok,2026-09-11T01:41:01.844645+05:30,2026-09-11_0141IST,airline_direct,IndiGo
MAA,DEL,6E,IndiGo,6E 562,2026-09-18,7,economy,,,18347.0,False,18:20,ok,2026-09-11T01:41:01.844645+05:30,2026-09-11_0141IST,airline_direct,IndiGo
MAA,DEL,6E,IndiGo,6E 6158,2026-09-18,7,business,,,32235.0,False,16:10,ok,2026-09-11T01:41:01.844645+05:30,2026-09-11_0141IST,airline_direct,IndiGo
MAA,DEL,6E,IndiGo,6E 6158,2026-09-18,7,economy,,,18858.0,False,16:10,ok,2026-09-11T01:41:01.844645+05:30,2026-09-11_0141IST,airline_direct,IndiGo
MAA,DEL,6E,IndiGo,6E 847,2026-09-18,7,business,,,33057.0,False,16:15,ok,2026-09-11T01:41:01.844645+05:30,2026-09-11_0141IST,airline_direct,IndiGo
MAA,DEL,6E,IndiGo,6E 847,2026-09-18,7,economy,,,19364.0,False,16:15,ok,2026-09-11T01:41:01.844645+05:30,2026-09-11_0141IST,airline_direct,IndiGo
MAA,DEL,6E,IndiGo,6E 5367,2026-09-18,7,business,,,39741.0,False,18:15,ok,2026-09-11T01:41:01.844645+05:30,2026-09-11_0141IST,airline_direct,IndiGo
MAA,DEL,6E,IndiGo,6E 5367,2026-09-18,7,economy,,,19441.0,False,18:15,ok,2026-09-11T01:41:01.844645+05:30,2026-09-11_0141IST,airline_direct,IndiGo
MAA,DEL,6E,IndiGo,6E 848,2026-09-18,7,economy,,,22658.0,False,17:50,ok,2026-09-11T01:41:01.844645+05:30,2026-09-11_0141IST,airline_direct,IndiGo
MAA,DEL,6E,IndiGo,6E 189,2026-09-18,7,business,,,42921.0,False,19:05,ok,2026-09-11T01:41:01.844645+05:30,2026-09-11_0141IST,airline_direct,IndiGo
MAA,DEL,6E,IndiGo,6E 189,2026-09-18,7,economy,,,29494.0,False,19:05,ok,2026-09-11T01:41:01.844645+05:30,2026-09-11_0141IST,airline_direct,IndiGo
DEL,BOM,6E,IndiGo,6E 353,2026-10-26,45,business,,,21900.0,False,03:30,ok,2026-09-11T01:42:00.270641+05:30,2026-09-11_0142IST,airline_direct,IndiGo
DEL,BOM,6E,IndiGo,6E 353,2026-10-26,45,economy,,,6546.0,False,03:30,ok,2026-09-11T01:42:00.270641+05:30,2026-09-11_0142IST,airline_direct,IndiGo
DEL,BOM,6E,IndiGo,6E 449,2026-10-26,45,business,,,21900.0,False,05:00,ok,2026-09-11T01:42:00.270641+05:30,2026-09-11_0142IST,airline_direct,IndiGo
DEL,BOM,6E,IndiGo,6E 449,2026-10-26,45,economy,,,6546.0,False,05:00,ok,2026-09-11T01:42:00.270641+05:30,2026-09-11_0142IST,airline_direct,IndiGo
DEL,BOM,6E,IndiGo,6E 6218,2026-10-26,45,business,,,21900.0,False,06:05,ok,2026-09-11T01:42:00.270641+05:30,2026-09-11_0142IST,airline_direct,IndiGo
DEL,BOM,6E,IndiGo,6E 6218,2026-10-26,45,economy,,,6546.0,False,06:05,ok,2026-09-11T01:42:00.270641+05:30,2026-09-11_0142IST,airline_direct,IndiGo
DEL,BOM,6E,IndiGo,6E 320,2026-10-26,45,business,,,21900.0,False,08:00,ok,2026-09-11T01:42:00.270641+05:30,2026-09-11_0142IST,airline_direct,IndiGo
DEL,BOM,6E,IndiGo,6E 320,2026-10-26,45,economy,,,6546.0,False,08:00,ok,2026-09-11T01:42:00.270641+05:30,2026-09-11_0142IST,airline_direct,IndiGo
DEL,BOM,6E,IndiGo,6E 675,2026-10-26,45,business,,,21900.0,False,08:45,ok,2026-09-11T01:42:00.270641+05:30,2026-09-11_0142IST,airline_direct,IndiGo
DEL,BOM,6E,IndiGo,6E 675,2026-10-26,45,economy,,,6546.0,False,08:45,ok,2026-09-11T01:42:00.270641+05:30,2026-09-11_0142IST,airline_direct,IndiGo
DEL,BOM,6E,IndiGo,6E 6107,2026-10-26,45,business,,,21900.0,False,09:30,ok,2026-09-11T01:42:00.270641+05:30,2026-09-11_0142IST,airline_direct,IndiGo
DEL,BOM,6E,IndiGo,6E 6107,2026-10-26,45,economy,,,6546.0,False,09:30,ok,2026-09-11T01:42:00.270641+05:30,2026-09-11_0142IST,airline_direct,IndiGo
DEL,BOM,6E,IndiGo,6E 6328,2026-10-26,45,business,,,21900.0,False,10:15,ok,2026-09-11T01:42:00.270641+05:30,2026-09-11_0142IST,airline_direct,IndiGo
DEL,BOM,6E,IndiGo,6E 6328,2026-10-26,45,economy,,,6546.0,False,10:15,ok,2026-09-11T01:42:00.270641+05:30,2026-09-11_0142IST,airline_direct,IndiGo
DEL,BOM,6E,IndiGo,6E 6047,2026-10-26,45,business,,,21900.0,False,11:00,ok,2026-09-11T01:42:00.270641+05:30,2026-09-11_0142IST,airline_direct,IndiGo
DEL,BOM,6E,IndiGo,6E 6047,2026-10-26,45,economy,,,6546.0,False,11:00,ok,2026-09-11T01:42:00.270641+05:30,2026-09-11_0142IST,airline_direct,IndiGo
DEL,BOM,6E,IndiGo,6E 6051,2026-10-26,45,business,,,21900.0,False,11:45,ok,2026-09-11T01:42:00.270641+05:30,2026-09-11_0142IST,airline_direct,IndiGo
DEL,BOM,6E,IndiGo,6E 6051,2026-10-26,45,economy,,,6546.0,False,11:45,ok,2026-09-11T01:42:00.270641+05:30,2026-09-11_0142IST,airline_direct,IndiGo
DEL,BOM,6E,IndiGo,6E 6676,2026-10-26,45,business,,,21900.0,False,12:30,ok,2026-09-11T01:42:00.270641+05:30,2026-09-11_0142IST,airline_direct,IndiGo
DEL,BOM,6E,IndiGo,6E 6676,2026-10-26,45,economy,,,6546.0,False,12:30,ok,2026-09-11T01:42:00.270641+05:30,2026-09-11_0142IST,airline_direct,IndiGo
DEL,BOM,6E,IndiGo,6E 324,2026-10-26,45,business,,,21900.0,False,13:15,ok,2026-09-11T01:42:00.270641+05:30,2026-09-11_0142IST,airline_direct,IndiGo
DEL,BOM,6E,IndiGo,6E 324,2026-10-26,45,economy,,,6546.0,False,13:15,ok,2026-09-11T01:42:00.270641+05:30,2026-09-11_0142IST,airline_direct,IndiGo
DEL,BOM,6E,IndiGo,6E 6318,2026-10-26,45,business,,,21900.0,False,14:45,ok,2026-09-11T01:42:00.270641+05:30,2026-09-11_0142IST,airline_direct,IndiGo
DEL,BOM,6E,IndiGo,6E 6318,2026-10-26,45,economy,,,6546.0,False,14:45,ok,2026-09-11T01:42:00.270641+05:30,2026-09-11_0142IST,airline_direct,IndiGo
DEL,BOM,6E,IndiGo,6E 864,2026-10-26,45,business,,,21900.0,False,15:30,ok,2026-09-11T01:42:00.270641+05:30,2026-09-11_0142IST,airline_direct,IndiGo
DEL,BOM,6E,IndiGo,6E 864,2026-10-26,45,economy,,,6546.0,False,15:30,ok,2026-09-11T01:42:00.270641+05:30,2026-09-11_0142IST,airline_direct,IndiGo
DEL,BOM,6E,IndiGo,6E 327,2026-10-26,45,business,,,21900.0,False,16:15,ok,2026-09-11T01:42:00.270641+05:30,2026-09-11_0142IST,airline_direct,IndiGo
DEL,BOM,6E,IndiGo,6E 327,2026-10-26,45,economy,,,6546.0,False,16:15,ok,2026-09-11T01:42:00.270641+05:30,2026-09-11_0142IST,airline_direct,IndiGo
DEL,BOM,6E,IndiGo,6E 6706,2026-10-26,45,business,,,21900.0,False,17:00,ok,2026-09-11T01:42:00.270641+05:30,2026-09-11_0142IST,airline_direct,IndiGo
DEL,BOM,6E,IndiGo,6E 6706,2026-10-26,45,economy,,,6546.0,False,17:00,ok,2026-09-11T01:42:00.270641+05:30,2026-09-11_0142IST,airline_direct,IndiGo
DEL,BOM,6E,IndiGo,6E 328,2026-10-26,45,business,,,21900.0,False,17:45,ok,2026-09-11T01:42:00.270641+05:30,2026-09-11_0142IST,airline_direct,IndiGo
DEL,BOM,6E,IndiGo,6E 328,2026-10-26,45,economy,,,6546.0,False,17:45,ok,2026-09-11T01:42:00.270641+05:30,2026-09-11_0142IST,airline_direct,IndiGo
DEL,BOM,6E,IndiGo,6E 329,2026-10-26,45,business,,,21900.0,False,18:30,ok,2026-09-11T01:42:00.270641+05:30,2026-09-11_0142IST,airline_direct,IndiGo
DEL,BOM,6E,IndiGo,6E 329,2026-10-26,45,economy,,,6546.0,False,18:30,ok,2026-09-11T01:42:00.270641+05:30,2026-09-11_0142IST,airline_direct,IndiGo
DEL,BOM,6E,IndiGo,6E 354,2026-10-26,45,business,,,21900.0,False,19:15,ok,2026-09-11T01:42:00.270641+05:30,2026-09-11_0142IST,airline_direct,IndiGo
DEL,BOM,6E,IndiGo,6E 354,2026-10-26,45,economy,,,6546.0,False,19:15,ok,2026-09-11T01:42:00.270641+05:30,2026-09-11_0142IST,airline_direct,IndiGo
DEL,BOM,6E,IndiGo,6E 303,2026-10-26,45,business,,,21900.0,False,20:00,ok,2026-09-11T01:42:00.270641+05:30,2026-09-11_0142IST,airline_direct,IndiGo
DEL,BOM,6E,IndiGo,6E 303,2026-10-26,45,economy,,,6546.0,False,20:00,ok,2026-09-11T01:42:00.270641+05:30,2026-09-11_0142IST,airline_direct,IndiGo
DEL,BOM,6E,IndiGo,6E 853,2026-10-26,45,business,,,21900.0,False,21:00,ok,2026-09-11T01:42:00.270641+05:30,2026-09-11_0142IST,airline_direct,IndiGo
DEL,BOM,6E,IndiGo,6E 853,2026-10-26,45,economy,,,6546.0,False,21:00,ok,2026-09-11T01:42:00.270641+05:30,2026-09-11_0142IST,airline_direct,IndiGo
DEL,BOM,6E,IndiGo,6E 395,2026-10-26,45,business,,,21900.0,False,22:00,ok,2026-09-11T01:42:00.270641+05:30,2026-09-11_0142IST,airline_direct,IndiGo
DEL,BOM,6E,IndiGo,6E 395,2026-10-26,45,economy,,,6546.0,False,22:00,ok,2026-09-11T01:42:00.270641+05:30,2026-09-11_0142IST,airline_direct,IndiGo
DEL,BOM,6E,IndiGo,6E 6114,2026-10-26,45,business,,,21900.0,False,23:00,ok,2026-09-11T01:42:00.270641+05:30,2026-09-11_0142IST,airline_direct,IndiGo
DEL,BOM,6E,IndiGo,6E 6114,2026-10-26,45,economy,,,6546.0,False,23:00,ok,2026-09-11T01:42:00.270641+05:30,2026-09-11_0142IST,airline_direct,IndiGo
DEL,BOM,6E,IndiGo,6E 6814,2026-10-26,45,business,,,21900.0,False,07:00,ok,2026-09-11T01:42:00.270641+05:30,2026-09-11_0142IST,airline_direct,IndiGo
DEL,BOM,6E,IndiGo,6E 6814,2026-10-26,45,economy,,,6696.0,False,07:00,ok,2026-09-11T01:42:00.270641+05:30,2026-09-11_0142IST,airline_direct,IndiGo
DEL,BOM,6E,IndiGo,6E 6022,2026-10-26,45,business,,,21900.0,False,14:00,ok,2026-09-11T01:42:00.270641+05:30,2026-09-11_0142IST,airline_direct,IndiGo
DEL,BOM,6E,IndiGo,6E 6022,2026-10-26,45,economy,,,6696.0,False,14:00,ok,2026-09-11T01:42:00.270641+05:30,2026-09-11_0142IST,airline_direct,IndiGo
DEL,BOM,6E,IndiGo,6E 6220,2026-10-26,45,economy,,,7120.0,False,05:00,ok,2026-09-11T01:42:00.270641+05:30,2026-09-11_0142IST,airline_direct,IndiGo
DEL,BOM,6E,IndiGo,6E 2105,2026-10-26,45,economy,,,7120.0,False,05:10,ok,2026-09-11T01:42:00.270641+05:30,2026-09-11_0142IST,airline_direct,IndiGo
DEL,BOM,6E,IndiGo,6E 5252,2026-10-26,45,economy,,,7120.0,False,05:30,ok,2026-09-11T01:42:00.270641+05:30,2026-09-11_0142IST,airline_direct,IndiGo
DEL,BOM,6E,IndiGo,6E 2164,2026-10-26,45,economy,,,7120.0,False,07:05,ok,2026-09-11T01:42:00.270641+05:30,2026-09-11_0142IST,airline_direct,IndiGo
DEL,BOM,6E,IndiGo,6E 6878,2026-10-26,45,economy,,,7120.0,False,07:30,ok,2026-09-11T01:42:00.270641+05:30,2026-09-11_0142IST,airline_direct,IndiGo
DEL,BOM,6E,IndiGo,6E 6878,2026-10-26,45,economy,,,7120.0,False,07:30,ok,2026-09-11T01:42:00.270641+05:30,2026-09-11_0142IST,airline_direct,IndiGo
DEL,BOM,6E,IndiGo,6E 907,2026-10-26,45,economy,,,7120.0,False,10:00,ok,2026-09-11T01:42:00.270641+05:30,2026-09-11_0142IST,airline_direct,IndiGo
DEL,BOM,6E,IndiGo,6E 907,2026-10-26,45,economy,,,7120.0,False,10:00,ok,2026-09-11T01:42:00.270641+05:30,2026-09-11_0142IST,airline_direct,IndiGo
DEL,BOM,6E,IndiGo,6E 6868,2026-10-26,45,economy,,,7120.0,False,12:20,ok,2026-09-11T01:42:00.270641+05:30,2026-09-11_0142IST,airline_direct,IndiGo
DEL,BOM,6E,IndiGo,6E 6004,2026-10-26,45,economy,,,7252.0,False,05:10,ok,2026-09-11T01:42:00.270641+05:30,2026-09-11_0142IST,airline_direct,IndiGo
DEL,BOM,6E,IndiGo,6E 6569,2026-10-26,45,economy,,,7252.0,False,06:05,ok,2026-09-11T01:42:00.270641+05:30,2026-09-11_0142IST,airline_direct,IndiGo
DEL,BOM,6E,IndiGo,6E 6488,2026-10-26,45,economy,,,7252.0,False,12:05,ok,2026-09-11T01:42:00.270641+05:30,2026-09-11_0142IST,airline_direct,IndiGo
DEL,BOM,6E,IndiGo,6E 5375,2026-10-26,45,economy,,,7330.0,False,07:25,ok,2026-09-11T01:42:00.270641+05:30,2026-09-11_0142IST,airline_direct,IndiGo
DEL,BOM,6E,IndiGo,6E 6050,2026-10-26,45,economy,,,7330.0,False,09:20,ok,2026-09-11T01:42:00.270641+05:30,2026-09-11_0142IST,airline_direct,IndiGo
DEL,BOM,6E,IndiGo,6E 6699,2026-10-26,45,economy,,,7330.0,False,10:15,ok,2026-09-11T01:42:00.270641+05:30,2026-09-11_0142IST,airline_direct,IndiGo
DEL,BOM,6E,IndiGo,6E 6808,2026-10-26,45,economy,,,7330.0,False,13:25,ok,2026-09-11T01:42:00.270641+05:30,2026-09-11_0142IST,airline_direct,IndiGo
DEL,BOM,6E,IndiGo,6E 5025,2026-10-26,45,economy,,,7462.0,False,09:20,ok,2026-09-11T01:42:00.270641+05:30,2026-09-11_0142IST,airline_direct,IndiGo
DEL,BOM,6E,IndiGo,6E 717,2026-10-26,45,business,,,29617.0,False,18:15,ok,2026-09-11T01:42:00.270641+05:30,2026-09-11_0142IST,airline_direct,IndiGo
DEL,BOM,6E,IndiGo,6E 717,2026-10-26,45,economy,,,7462.0,False,18:15,ok,2026-09-11T01:42:00.270641+05:30,2026-09-11_0142IST,airline_direct,IndiGo
DEL,BOM,6E,IndiGo,6E 717,2026-10-26,45,business,,,29617.0,False,18:15,ok,2026-09-11T01:42:00.270641+05:30,2026-09-11_0142IST,airline_direct,IndiGo
DEL,BOM,6E,IndiGo,6E 717,2026-10-26,45,economy,,,7462.0,False,18:15,ok,2026-09-11T01:42:00.270641+05:30,2026-09-11_0142IST,airline_direct,IndiGo
DEL,BOM,6E,IndiGo,6E 6601,2026-10-26,45,business,,,29617.0,False,19:45,ok,2026-09-11T01:42:00.270641+05:30,2026-09-11_0142IST,airline_direct,IndiGo
DEL,BOM,6E,IndiGo,6E 6601,2026-10-26,45,economy,,,7462.0,False,19:45,ok,2026-09-11T01:42:00.270641+05:30,2026-09-11_0142IST,airline_direct,IndiGo
DEL,BOM,6E,IndiGo,6E 2150,2026-10-26,45,business,,,36025.0,False,17:05,ok,2026-09-11T01:42:00.270641+05:30,2026-09-11_0142IST,airline_direct,IndiGo
DEL,BOM,6E,IndiGo,6E 2150,2026-10-26,45,economy,,,7540.0,False,17:05,ok,2026-09-11T01:42:00.270641+05:30,2026-09-11_0142IST,airline_direct,IndiGo
DEL,BOM,6E,IndiGo,6E 6787,2026-10-26,45,economy,,,7695.0,False,14:40,ok,2026-09-11T01:42:00.270641+05:30,2026-09-11_0142IST,airline_direct,IndiGo
DEL,BOM,6E,IndiGo,6E 6787,2026-10-26,45,economy,,,7695.0,False,14:40,ok,2026-09-11T01:42:00.270641+05:30,2026-09-11_0142IST,airline_direct,IndiGo
DEL,BOM,6E,IndiGo,6E 931,2026-10-26,45,economy,,,7695.0,False,19:35,ok,2026-09-11T01:42:00.270641+05:30,2026-09-11_0142IST,airline_direct,IndiGo
DEL,BOM,6E,IndiGo,6E 2013,2026-10-26,45,economy,,,7695.0,False,21:55,ok,2026-09-11T01:42:00.270641+05:30,2026-09-11_0142IST,airline_direct,IndiGo
DEL,BOM,6E,IndiGo,6E 2402,2026-10-26,45,economy,,,7826.0,False,06:30,ok,2026-09-11T01:42:00.270641+05:30,2026-09-11_0142IST,airline_direct,IndiGo
DEL,BOM,6E,IndiGo,6E 704,2026-10-26,45,business,,,29617.0,False,02:25,ok,2026-09-11T01:42:00.270641+05:30,2026-09-11_0142IST,airline_direct,IndiGo
DEL,BOM,6E,IndiGo,6E 704,2026-10-26,45,economy,,,8666.0,False,02:25,ok,2026-09-11T01:42:00.270641+05:30,2026-09-11_0142IST,airline_direct,IndiGo
DEL,BOM,6E,IndiGo,6E 2303,2026-10-26,45,business,,,29617.0,False,05:15,ok,2026-09-11T01:42:00.270641+05:30,2026-09-11_0142IST,airline_direct,IndiGo
DEL,BOM,6E,IndiGo,6E 2303,2026-10-26,45,economy,,,8666.0,False,05:15,ok,2026-09-11T01:42:00.270641+05:30,2026-09-11_0142IST,airline_direct,IndiGo
DEL,BOM,6E,IndiGo,6E 705,2026-10-26,45,business,,,29617.0,False,08:30,ok,2026-09-11T01:42:00.270641+05:30,2026-09-11_0142IST,airline_direct,IndiGo
DEL,BOM,6E,IndiGo,6E 705,2026-10-26,45,economy,,,8666.0,False,08:30,ok,2026-09-11T01:42:00.270641+05:30,2026-09-11_0142IST,airline_direct,IndiGo
DEL,BOM,6E,IndiGo,6E 2250,2026-10-26,45,economy,,,8666.0,False,18:10,ok,2026-09-11T01:42:00.270641+05:30,2026-09-11_0142IST,airline_direct,IndiGo
DEL,BOM,6E,IndiGo,6E 2298,2026-10-26,45,economy,,,9019.0,False,11:05,ok,2026-09-11T01:42:00.270641+05:30,2026-09-11_0142IST,airline_direct,IndiGo
DEL,BOM,6E,IndiGo,6E 2289,2026-10-26,45,economy,,,9019.0,False,17:05,ok,2026-09-11T01:42:00.270641+05:30,2026-09-11_0142IST,airline_direct,IndiGo
DEL,BOM,6E,IndiGo,6E 704,2026-10-26,45,business,,,29617.0,False,02:25,ok,2026-09-11T01:42:00.270641+05:30,2026-09-11_0142IST,airline_direct,IndiGo
DEL,BOM,6E,IndiGo,6E 704,2026-10-26,45,economy,,,9360.0,False,02:25,ok,2026-09-11T01:42:00.270641+05:30,2026-09-11_0142IST,airline_direct,IndiGo
DEL,BOM,6E,IndiGo,6E 2373,2026-10-26,45,economy,,,9360.0,False,11:05,ok,2026-09-11T01:42:00.270641+05:30,2026-09-11_0142IST,airline_direct,IndiGo
DEL,BOM,6E,IndiGo,6E 884,2026-10-26,45,business,,,29617.0,False,11:45,ok,2026-09-11T01:42:00.270641+05:30,2026-09-11_0142IST,airline_direct,IndiGo
DEL,BOM,6E,IndiGo,6E 884,2026-10-26,45,economy,,,9360.0,False,11:45,ok,2026-09-11T01:42:00.270641+05:30,2026-09-11_0142IST,airline_direct,IndiGo
DEL,BOM,6E,IndiGo,6E 5058,2026-10-26,45,business,,,29617.0,False,13:30,ok,2026-09-11T01:42:00.270641+05:30,2026-09-11_0142IST,airline_direct,IndiGo
DEL,BOM,6E,IndiGo,6E 5058,2026-10-26,45,economy,,,9360.0,False,13:30,ok,2026-09-11T01:42:00.270641+05:30,2026-09-11_0142IST,airline_direct,IndiGo
DEL,BOM,6E,IndiGo,6E 5058,2026-10-26,45,business,,,29617.0,False,13:30,ok,2026-09-11T01:42:00.270641+05:30,2026-09-11_0142IST,airline_direct,IndiGo
DEL,BOM,6E,IndiGo,6E 5058,2026-10-26,45,economy,,,9360.0,False,13:30,ok,2026-09-11T01:42:00.270641+05:30,2026-09-11_0142IST,airline_direct,IndiGo
DEL,BOM,6E,IndiGo,6E 6212,2026-10-26,45,business,,,29617.0,False,14:50,ok,2026-09-11T01:42:00.270641+05:30,2026-09-11_0142IST,airline_direct,IndiGo
DEL,BOM,6E,IndiGo,6E 6212,2026-10-26,45,economy,,,9360.0,False,14:50,ok,2026-09-11T01:42:00.270641+05:30,2026-09-11_0142IST,airline_direct,IndiGo
DEL,BOM,6E,IndiGo,6E 5225,2026-10-26,45,economy,,,9990.0,False,15:45,ok,2026-09-11T01:42:00.270641+05:30,2026-09-11_0142IST,airline_direct,IndiGo
DEL,BOM,6E,IndiGo,6E 428,2026-10-26,45,economy,,,11776.0,False,16:45,ok,2026-09-11T01:42:00.270641+05:30,2026-09-11_0142IST,airline_direct,IndiGo
DEL,BOM,6E,IndiGo,6E 358,2026-10-26,45,business,,,43577.0,False,11:55,ok,2026-09-11T01:42:00.270641+05:30,2026-09-11_0142IST,airline_direct,IndiGo
DEL,BOM,6E,IndiGo,6E 358,2026-10-26,45,economy,,,11959.0,False,11:55,ok,2026-09-11T01:42:00.270641+05:30,2026-09-11_0142IST,airline_direct,IndiGo
DEL,BOM,6E,IndiGo,6E 6293,2026-10-26,45,business,,,29617.0,False,10:00,ok,2026-09-11T01:42:00.270641+05:30,2026-09-11_0142IST,airline_direct,IndiGo
DEL,BOM,6E,IndiGo,6E 6293,2026-10-26,45,economy,,,14006.0,False,10:00,ok,2026-09-11T01:42:00.270641+05:30,2026-09-11_0142IST,airline_direct,IndiGo
DEL,BLR,6E,IndiGo,6E 871,2026-10-26,45,business,,,26048.0,False,23:30,ok,2026-09-11T01:43:10.582820+05:30,2026-09-11_0143IST,airline_direct,IndiGo
DEL,BLR,6E,IndiGo,6E 871,2026-10-26,45,economy,,,10192.0,False,23:30,ok,2026-09-11T01:43:10.582820+05:30,2026-09-11_0143IST,airline_direct,IndiGo
DEL,BLR,6E,IndiGo,6E 820,2026-10-26,45,business,,,26048.0,False,02:45,ok,2026-09-11T01:43:10.582820+05:30,2026-09-11_0143IST,airline_direct,IndiGo
DEL,BLR,6E,IndiGo,6E 820,2026-10-26,45,economy,,,11170.0,False,02:45,ok,2026-09-11T01:43:10.582820+05:30,2026-09-11_0143IST,airline_direct,IndiGo
DEL,BLR,6E,IndiGo,6E 2314,2026-10-26,45,business,,,26048.0,False,05:45,ok,2026-09-11T01:43:10.582820+05:30,2026-09-11_0143IST,airline_direct,IndiGo
DEL,BLR,6E,IndiGo,6E 2314,2026-10-26,45,economy,,,11170.0,False,05:45,ok,2026-09-11T01:43:10.582820+05:30,2026-09-11_0143IST,airline_direct,IndiGo
DEL,BLR,6E,IndiGo,6E 810,2026-10-26,45,business,,,26048.0,False,06:45,ok,2026-09-11T01:43:10.582820+05:30,2026-09-11_0143IST,airline_direct,IndiGo
DEL,BLR,6E,IndiGo,6E 810,2026-10-26,45,economy,,,11170.0,False,06:45,ok,2026-09-11T01:43:10.582820+05:30,2026-09-11_0143IST,airline_direct,IndiGo
DEL,BLR,6E,IndiGo,6E 873,2026-10-26,45,business,,,26048.0,False,08:15,ok,2026-09-11T01:43:10.582820+05:30,2026-09-11_0143IST,airline_direct,IndiGo
DEL,BLR,6E,IndiGo,6E 873,2026-10-26,45,economy,,,11170.0,False,08:15,ok,2026-09-11T01:43:10.582820+05:30,2026-09-11_0143IST,airline_direct,IndiGo
DEL,BLR,6E,IndiGo,6E 826,2026-10-26,45,business,,,26048.0,False,09:30,ok,2026-09-11T01:43:10.582820+05:30,2026-09-11_0143IST,airline_direct,IndiGo
DEL,BLR,6E,IndiGo,6E 826,2026-10-26,45,economy,,,11170.0,False,09:30,ok,2026-09-11T01:43:10.582820+05:30,2026-09-11_0143IST,airline_direct,IndiGo
DEL,BLR,6E,IndiGo,6E 850,2026-10-26,45,business,,,26048.0,False,12:00,ok,2026-09-11T01:43:10.582820+05:30,2026-09-11_0143IST,airline_direct,IndiGo
DEL,BLR,6E,IndiGo,6E 850,2026-10-26,45,economy,,,11170.0,False,12:00,ok,2026-09-11T01:43:10.582820+05:30,2026-09-11_0143IST,airline_direct,IndiGo
DEL,BLR,6E,IndiGo,6E 837,2026-10-26,45,business,,,26048.0,False,17:00,ok,2026-09-11T01:43:10.582820+05:30,2026-09-11_0143IST,airline_direct,IndiGo
DEL,BLR,6E,IndiGo,6E 837,2026-10-26,45,economy,,,11170.0,False,17:00,ok,2026-09-11T01:43:10.582820+05:30,2026-09-11_0143IST,airline_direct,IndiGo
DEL,BLR,6E,IndiGo,6E 811,2026-10-26,45,business,,,26048.0,False,18:15,ok,2026-09-11T01:43:10.582820+05:30,2026-09-11_0143IST,airline_direct,IndiGo
DEL,BLR,6E,IndiGo,6E 811,2026-10-26,45,economy,,,11170.0,False,18:15,ok,2026-09-11T01:43:10.582820+05:30,2026-09-11_0143IST,airline_direct,IndiGo
DEL,BLR,6E,IndiGo,6E 861,2026-10-26,45,business,,,26048.0,False,19:30,ok,2026-09-11T01:43:10.582820+05:30,2026-09-11_0143IST,airline_direct,IndiGo
DEL,BLR,6E,IndiGo,6E 861,2026-10-26,45,economy,,,11170.0,False,19:30,ok,2026-09-11T01:43:10.582820+05:30,2026-09-11_0143IST,airline_direct,IndiGo
DEL,BLR,6E,IndiGo,6E 6515,2026-10-26,45,business,,,26048.0,False,20:45,ok,2026-09-11T01:43:10.582820+05:30,2026-09-11_0143IST,airline_direct,IndiGo
DEL,BLR,6E,IndiGo,6E 6515,2026-10-26,45,economy,,,11170.0,False,20:45,ok,2026-09-11T01:43:10.582820+05:30,2026-09-11_0143IST,airline_direct,IndiGo
DEL,BLR,6E,IndiGo,6E 846,2026-10-26,45,business,,,26048.0,False,22:00,ok,2026-09-11T01:43:10.582820+05:30,2026-09-11_0143IST,airline_direct,IndiGo
DEL,BLR,6E,IndiGo,6E 846,2026-10-26,45,economy,,,11170.0,False,22:00,ok,2026-09-11T01:43:10.582820+05:30,2026-09-11_0143IST,airline_direct,IndiGo
DEL,BLR,6E,IndiGo,6E 176,2026-10-26,45,business,,,26048.0,False,13:15,ok,2026-09-11T01:43:10.582820+05:30,2026-09-11_0143IST,airline_direct,IndiGo
DEL,BLR,6E,IndiGo,6E 176,2026-10-26,45,economy,,,11699.0,False,13:15,ok,2026-09-11T01:43:10.582820+05:30,2026-09-11_0143IST,airline_direct,IndiGo
DEL,BLR,6E,IndiGo,6E 2329,2026-10-26,45,business,,,26048.0,False,14:30,ok,2026-09-11T01:43:10.582820+05:30,2026-09-11_0143IST,airline_direct,IndiGo
DEL,BLR,6E,IndiGo,6E 2329,2026-10-26,45,economy,,,11699.0,False,14:30,ok,2026-09-11T01:43:10.582820+05:30,2026-09-11_0143IST,airline_direct,IndiGo
DEL,BLR,6E,IndiGo,6E 880,2026-10-26,45,business,,,26048.0,False,15:45,ok,2026-09-11T01:43:10.582820+05:30,2026-09-11_0143IST,airline_direct,IndiGo
DEL,BLR,6E,IndiGo,6E 880,2026-10-26,45,economy,,,11699.0,False,15:45,ok,2026-09-11T01:43:10.582820+05:30,2026-09-11_0143IST,airline_direct,IndiGo
DEL,BLR,6E,IndiGo,6E 842,2026-10-26,45,business,,,26048.0,False,10:45,ok,2026-09-11T01:43:10.582820+05:30,2026-09-11_0143IST,airline_direct,IndiGo
DEL,BLR,6E,IndiGo,6E 842,2026-10-26,45,economy,,,14113.0,False,10:45,ok,2026-09-11T01:43:10.582820+05:30,2026-09-11_0143IST,airline_direct,IndiGo
DEL,BLR,6E,IndiGo,6E 2402,2026-10-26,45,economy,,,9867.0,False,06:30,ok,2026-09-11T01:43:10.582820+05:30,2026-09-11_0143IST,airline_direct,IndiGo
DEL,BLR,6E,IndiGo,6E 2177,2026-10-26,45,economy,,,9867.0,False,18:50,ok,2026-09-11T01:43:10.582820+05:30,2026-09-11_0143IST,airline_direct,IndiGo
DEL,BLR,6E,IndiGo,6E 704,2026-10-26,45,business,,,24542.0,False,02:25,ok,2026-09-11T01:43:10.582820+05:30,2026-09-11_0143IST,airline_direct,IndiGo
DEL,BLR,6E,IndiGo,6E 704,2026-10-26,45,economy,,,9946.0,False,02:25,ok,2026-09-11T01:43:10.582820+05:30,2026-09-11_0143IST,airline_direct,IndiGo
DEL,BLR,6E,IndiGo,6E 2303,2026-10-26,45,business,,,24908.0,False,05:15,ok,2026-09-11T01:43:10.582820+05:30,2026-09-11_0143IST,airline_direct,IndiGo
DEL,BLR,6E,IndiGo,6E 2303,2026-10-26,45,economy,,,9946.0,False,05:15,ok,2026-09-11T01:43:10.582820+05:30,2026-09-11_0143IST,airline_direct,IndiGo
DEL,BLR,6E,IndiGo,6E 6212,2026-10-26,45,business,,,27393.0,False,14:50,ok,2026-09-11T01:43:10.582820+05:30,2026-09-11_0143IST,airline_direct,IndiGo
DEL,BLR,6E,IndiGo,6E 6212,2026-10-26,45,economy,,,9946.0,False,14:50,ok,2026-09-11T01:43:10.582820+05:30,2026-09-11_0143IST,airline_direct,IndiGo
DEL,BLR,6E,IndiGo,6E 6217,2026-10-26,45,business,,,27393.0,False,16:15,ok,2026-09-11T01:43:10.582820+05:30,2026-09-11_0143IST,airline_direct,IndiGo
DEL,BLR,6E,IndiGo,6E 6217,2026-10-26,45,economy,,,9946.0,False,16:15,ok,2026-09-11T01:43:10.582820+05:30,2026-09-11_0143IST,airline_direct,IndiGo
DEL,BLR,6E,IndiGo,6E 6217,2026-10-26,45,business,,,25312.0,False,16:15,ok,2026-09-11T01:43:10.582820+05:30,2026-09-11_0143IST,airline_direct,IndiGo
DEL,BLR,6E,IndiGo,6E 6217,2026-10-26,45,economy,,,9946.0,False,16:15,ok,2026-09-11T01:43:10.582820+05:30,2026-09-11_0143IST,airline_direct,IndiGo
DEL,BLR,6E,IndiGo,6E 717,2026-10-26,45,business,,,25312.0,False,18:15,ok,2026-09-11T01:43:10.582820+05:30,2026-09-11_0143IST,airline_direct,IndiGo
DEL,BLR,6E,IndiGo,6E 717,2026-10-26,45,economy,,,9946.0,False,18:15,ok,2026-09-11T01:43:10.582820+05:30,2026-09-11_0143IST,airline_direct,IndiGo
DEL,BLR,6E,IndiGo,6E 2343,2026-10-26,45,business,,,29152.0,False,02:15,ok,2026-09-11T01:43:10.582820+05:30,2026-09-11_0143IST,airline_direct,IndiGo
DEL,BLR,6E,IndiGo,6E 2343,2026-10-26,45,economy,,,10077.0,False,02:15,ok,2026-09-11T01:43:10.582820+05:30,2026-09-11_0143IST,airline_direct,IndiGo
DEL,BLR,6E,IndiGo,6E 2105,2026-10-26,45,economy,,,10077.0,False,05:10,ok,2026-09-11T01:43:10.582820+05:30,2026-09-11_0143IST,airline_direct,IndiGo
DEL,BLR,6E,IndiGo,6E 6878,2026-10-26,45,economy,,,10077.0,False,07:30,ok,2026-09-11T01:43:10.582820+05:30,2026-09-11_0143IST,airline_direct,IndiGo
DEL,BLR,6E,IndiGo,6E 6488,2026-10-26,45,economy,,,10077.0,False,12:05,ok,2026-09-11T01:43:10.582820+05:30,2026-09-11_0143IST,airline_direct,IndiGo
DEL,BLR,6E,IndiGo,6E 6868,2026-10-26,45,economy,,,10077.0,False,12:20,ok,2026-09-11T01:43:10.582820+05:30,2026-09-11_0143IST,airline_direct,IndiGo
DEL,BLR,6E,IndiGo,6E 6870,2026-10-26,45,business,,,36112.0,False,12:30,ok,2026-09-11T01:43:10.582820+05:30,2026-09-11_0143IST,airline_direct,IndiGo
DEL,BLR,6E,IndiGo,6E 6870,2026-10-26,45,economy,,,10077.0,False,12:30,ok,2026-09-11T01:43:10.582820+05:30,2026-09-11_0143IST,airline_direct,IndiGo
DEL,BLR,6E,IndiGo,6E 2361,2026-10-26,45,economy,,,10077.0,False,12:55,ok,2026-09-11T01:43:10.582820+05:30,2026-09-11_0143IST,airline_direct,IndiGo
DEL,BLR,6E,IndiGo,6E 395,2026-10-26,45,business,,,34636.0,False,22:00,ok,2026-09-11T01:43:10.582820+05:30,2026-09-11_0143IST,airline_direct,IndiGo
DEL,BLR,6E,IndiGo,6E 395,2026-10-26,45,economy,,,10077.0,False,22:00,ok,2026-09-11T01:43:10.582820+05:30,2026-09-11_0143IST,airline_direct,IndiGo
DEL,BLR,6E,IndiGo,6E 933,2026-10-26,45,business,,,28318.0,False,02:10,ok,2026-09-11T01:43:10.582820+05:30,2026-09-11_0143IST,airline_direct,IndiGo
DEL,BLR,6E,IndiGo,6E 933,2026-10-26,45,economy,,,10156.0,False,02:10,ok,2026-09-11T01:43:10.582820+05:30,2026-09-11_0143IST,airline_direct,IndiGo
DEL,BLR,6E,IndiGo,6E 976,2026-10-26,45,business,,,28661.0,False,06:30,ok,2026-09-11T01:43:10.582820+05:30,2026-09-11_0143IST,airline_direct,IndiGo
DEL,BLR,6E,IndiGo,6E 976,2026-10-26,45,economy,,,10156.0,False,06:30,ok,2026-09-11T01:43:10.582820+05:30,2026-09-11_0143IST,airline_direct,IndiGo
DEL,BLR,6E,IndiGo,6E 6699,2026-10-26,45,economy,,,10156.0,False,10:15,ok,2026-09-11T01:43:10.582820+05:30,2026-09-11_0143IST,airline_direct,IndiGo
DEL,BLR,6E,IndiGo,6E 2277,2026-10-26,45,business,,,36233.0,False,10:25,ok,2026-09-11T01:43:10.582820+05:30,2026-09-11_0143IST,airline_direct,IndiGo
DEL,BLR,6E,IndiGo,6E 2277,2026-10-26,45,economy,,,10156.0,False,10:25,ok,2026-09-11T01:43:10.582820+05:30,2026-09-11_0143IST,airline_direct,IndiGo
DEL,BLR,6E,IndiGo,6E 434,2026-10-26,45,business,,,28318.0,False,10:40,ok,2026-09-11T01:43:10.582820+05:30,2026-09-11_0143IST,airline_direct,IndiGo
DEL,BLR,6E,IndiGo,6E 434,2026-10-26,45,economy,,,10156.0,False,10:40,ok,2026-09-11T01:43:10.582820+05:30,2026-09-11_0143IST,airline_direct,IndiGo
DEL,BLR,6E,IndiGo,6E 6115,2026-10-26,45,business,,,30402.0,False,13:00,ok,2026-09-11T01:43:10.582820+05:30,2026-09-11_0143IST,airline_direct,IndiGo
DEL,BLR,6E,IndiGo,6E 6115,2026-10-26,45,economy,,,10156.0,False,13:00,ok,2026-09-11T01:43:10.582820+05:30,2026-09-11_0143IST,airline_direct,IndiGo
DEL,BLR,6E,IndiGo,6E 6091,2026-10-26,45,business,,,29038.0,False,15:00,ok,2026-09-11T01:43:10.582820+05:30,2026-09-11_0143IST,airline_direct,IndiGo
DEL,BLR,6E,IndiGo,6E 6091,2026-10-26,45,economy,,,10156.0,False,15:00,ok,2026-09-11T01:43:10.582820+05:30,2026-09-11_0143IST,airline_direct,IndiGo
DEL,BLR,6E,IndiGo,6E 6076,2026-10-26,45,economy,,,10156.0,False,15:45,ok,2026-09-11T01:43:10.582820+05:30,2026-09-11_0143IST,airline_direct,IndiGo
DEL,BLR,6E,IndiGo,6E 2336,2026-10-26,45,business,,,31548.0,False,16:15,ok,2026-09-11T01:43:10.582820+05:30,2026-09-11_0143IST,airline_direct,IndiGo
DEL,BLR,6E,IndiGo,6E 2336,2026-10-26,45,economy,,,10156.0,False,16:15,ok,2026-09-11T01:43:10.582820+05:30,2026-09-11_0143IST,airline_direct,IndiGo
DEL,BLR,6E,IndiGo,6E 2346,2026-10-26,45,economy,,,10156.0,False,17:00,ok,2026-09-11T01:43:10.582820+05:30,2026-09-11_0143IST,airline_direct,IndiGo
DEL,BLR,6E,IndiGo,6E 2150,2026-10-26,45,business,,,34699.0,False,17:05,ok,2026-09-11T01:43:10.582820+05:30,2026-09-11_0143IST,airline_direct,IndiGo
DEL,BLR,6E,IndiGo,6E 2150,2026-10-26,45,economy,,,10156.0,False,17:05,ok,2026-09-11T01:43:10.582820+05:30,2026-09-11_0143IST,airline_direct,IndiGo
DEL,BLR,6E,IndiGo,6E 2140,2026-10-26,45,economy,,,10156.0,False,17:30,ok,2026-09-11T01:43:10.582820+05:30,2026-09-11_0143IST,airline_direct,IndiGo
DEL,BLR,6E,IndiGo,6E 769,2026-10-26,45,economy,,,10156.0,False,17:40,ok,2026-09-11T01:43:10.582820+05:30,2026-09-11_0143IST,airline_direct,IndiGo
DEL,BLR,6E,IndiGo,6E 5162,2026-10-26,45,economy,,,10156.0,False,18:45,ok,2026-09-11T01:43:10.582820+05:30,2026-09-11_0143IST,airline_direct,IndiGo
DEL,BLR,6E,IndiGo,6E 6131,2026-10-26,45,economy,,,10156.0,False,21:10,ok,2026-09-11T01:43:10.582820+05:30,2026-09-11_0143IST,airline_direct,IndiGo
DEL,BLR,6E,IndiGo,6E 6073,2026-10-26,45,economy,,,10287.0,False,05:15,ok,2026-09-11T01:43:10.582820+05:30,2026-09-11_0143IST,airline_direct,IndiGo
DEL,BLR,6E,IndiGo,6E 2769,2026-10-26,45,economy,,,10287.0,False,07:55,ok,2026-09-11T01:43:10.582820+05:30,2026-09-11_0143IST,airline_direct,IndiGo
DEL,BLR,6E,IndiGo,6E 6347,2026-10-26,45,economy,,,10287.0,False,14:35,ok,2026-09-11T01:43:10.582820+05:30,2026-09-11_0143IST,airline_direct,IndiGo
DEL,BLR,6E,IndiGo,6E 5373,2026-10-26,45,economy,,,10287.0,False,20:20,ok,2026-09-11T01:43:10.582820+05:30,2026-09-11_0143IST,airline_direct,IndiGo
DEL,BLR,6E,IndiGo,6E 2045,2026-10-26,45,economy,,,10314.0,False,20:05,ok,2026-09-11T01:43:10.582820+05:30,2026-09-11_0143IST,airline_direct,IndiGo
DEL,BLR,6E,IndiGo,6E 5058,2026-10-26,45,business,,,28784.0,False,13:30,ok,2026-09-11T01:43:10.582820+05:30,2026-09-11_0143IST,airline_direct,IndiGo
DEL,BLR,6E,IndiGo,6E 5058,2026-10-26,45,economy,,,10720.0,False,13:30,ok,2026-09-11T01:43:10.582820+05:30,2026-09-11_0143IST,airline_direct,IndiGo
DEL,BLR,6E,IndiGo,6E 637,2026-10-26,45,economy,,,10851.0,False,07:05,ok,2026-09-11T01:43:10.582820+05:30,2026-09-11_0143IST,airline_direct,IndiGo
DEL,BLR,6E,IndiGo,6E 2411,2026-10-26,45,economy,,,10930.0,False,07:15,ok,2026-09-11T01:43:10.582820+05:30,2026-09-11_0143IST,airline_direct,IndiGo
DEL,BLR,6E,IndiGo,6E 2771,2026-10-26,45,economy,,,11061.0,False,16:20,ok,2026-09-11T01:43:10.582820+05:30,2026-09-11_0143IST,airline_direct,IndiGo
DEL,BLR,6E,IndiGo,6E 6673,2026-10-26,45,business,,,29709.0,False,21:15,ok,2026-09-11T01:43:10.582820+05:30,2026-09-11_0143IST,airline_direct,IndiGo
DEL,BLR,6E,IndiGo,6E 6673,2026-10-26,45,economy,,,11696.0,False,21:15,ok,2026-09-11T01:43:10.582820+05:30,2026-09-11_0143IST,airline_direct,IndiGo
DEL,BLR,6E,IndiGo,6E 6293,2026-10-26,45,business,,,25312.0,False,10:00,ok,2026-09-11T01:43:10.582820+05:30,2026-09-11_0143IST,airline_direct,IndiGo
DEL,BLR,6E,IndiGo,6E 6293,2026-10-26,45,economy,,,12489.0,False,10:00,ok,2026-09-11T01:43:10.582820+05:30,2026-09-11_0143IST,airline_direct,IndiGo
DEL,BLR,6E,IndiGo,6E 6293,2026-10-26,45,business,,,25312.0,False,10:00,ok,2026-09-11T01:43:10.582820+05:30,2026-09-11_0143IST,airline_direct,IndiGo
DEL,BLR,6E,IndiGo,6E 6293,2026-10-26,45,economy,,,13499.0,False,10:00,ok,2026-09-11T01:43:10.582820+05:30,2026-09-11_0143IST,airline_direct,IndiGo
DEL,BLR,6E,IndiGo,6E 2296,2026-10-26,45,economy,,,14944.0,False,09:30,ok,2026-09-11T01:43:10.582820+05:30,2026-09-11_0143IST,airline_direct,IndiGo
DEL,BLR,6E,IndiGo,6E 2192,2026-10-26,45,business,,,44733.0,False,08:30,ok,2026-09-11T01:43:10.582820+05:30,2026-09-11_0143IST,airline_direct,IndiGo
DEL,BLR,6E,IndiGo,6E 2192,2026-10-26,45,economy,,,35215.0,False,08:30,ok,2026-09-11T01:43:10.582820+05:30,2026-09-11_0143IST,airline_direct,IndiGo
DEL,BLR,6E,IndiGo,6E 2327,2026-10-26,45,business,,,44733.0,False,13:35,ok,2026-09-11T01:43:10.582820+05:30,2026-09-11_0143IST,airline_direct,IndiGo
DEL,BLR,6E,IndiGo,6E 2327,2026-10-26,45,economy,,,38103.0,False,13:35,ok,2026-09-11T01:43:10.582820+05:30,2026-09-11_0143IST,airline_direct,IndiGo
DEL,BLR,6E,IndiGo,6E 6517,2026-10-26,45,business,,,44108.0,False,19:30,ok,2026-09-11T01:43:10.582820+05:30,2026-09-11_0143IST,airline_direct,IndiGo
DEL,BLR,6E,IndiGo,6E 6517,2026-10-26,45,economy,,,38704.0,False,19:30,ok,2026-09-11T01:43:10.582820+05:30,2026-09-11_0143IST,airline_direct,IndiGo
DEL,BLR,6E,IndiGo,6E 894,2026-10-26,45,business,,,48745.0,False,10:30,ok,2026-09-11T01:43:10.582820+05:30,2026-09-11_0143IST,airline_direct,IndiGo
DEL,BLR,6E,IndiGo,6E 894,2026-10-26,45,economy,,,40623.0,False,10:30,ok,2026-09-11T01:43:10.582820+05:30,2026-09-11_0143IST,airline_direct,IndiGo
BOM,BLR,6E,IndiGo,6E 5323,2026-10-26,45,business,,,18948.0,False,00:45,ok,2026-09-11T01:44:06.952963+05:30,2026-09-11_0144IST,airline_direct,IndiGo
BOM,BLR,6E,IndiGo,6E 5323,2026-10-26,45,economy,,,6747.0,False,00:45,ok,2026-09-11T01:44:06.952963+05:30,2026-09-11_0144IST,airline_direct,IndiGo
BOM,BLR,6E,IndiGo,6E 5032,2026-10-26,45,business,,,18948.0,False,20:15,ok,2026-09-11T01:44:06.952963+05:30,2026-09-11_0144IST,airline_direct,IndiGo
BOM,BLR,6E,IndiGo,6E 5032,2026-10-26,45,economy,,,6747.0,False,20:15,ok,2026-09-11T01:44:06.952963+05:30,2026-09-11_0144IST,airline_direct,IndiGo
BOM,BLR,6E,IndiGo,6E 5083,2026-10-26,45,business,,,18948.0,False,21:45,ok,2026-09-11T01:44:06.952963+05:30,2026-09-11_0144IST,airline_direct,IndiGo
BOM,BLR,6E,IndiGo,6E 5083,2026-10-26,45,economy,,,6747.0,False,21:45,ok,2026-09-11T01:44:06.952963+05:30,2026-09-11_0144IST,airline_direct,IndiGo
BOM,BLR,6E,IndiGo,6E 5388,2026-10-26,45,business,,,18948.0,False,22:55,ok,2026-09-11T01:44:06.952963+05:30,2026-09-11_0144IST,airline_direct,IndiGo
BOM,BLR,6E,IndiGo,6E 5388,2026-10-26,45,economy,,,6747.0,False,22:55,ok,2026-09-11T01:44:06.952963+05:30,2026-09-11_0144IST,airline_direct,IndiGo
BOM,BLR,6E,IndiGo,6E 5193,2026-10-26,45,business,,,18948.0,False,07:25,ok,2026-09-11T01:44:06.952963+05:30,2026-09-11_0144IST,airline_direct,IndiGo
BOM,BLR,6E,IndiGo,6E 5193,2026-10-26,45,economy,,,7062.0,False,07:25,ok,2026-09-11T01:44:06.952963+05:30,2026-09-11_0144IST,airline_direct,IndiGo
BOM,BLR,6E,IndiGo,6E 5092,2026-10-26,45,business,,,18948.0,False,09:40,ok,2026-09-11T01:44:06.952963+05:30,2026-09-11_0144IST,airline_direct,IndiGo
BOM,BLR,6E,IndiGo,6E 5092,2026-10-26,45,economy,,,7062.0,False,09:40,ok,2026-09-11T01:44:06.952963+05:30,2026-09-11_0144IST,airline_direct,IndiGo
BOM,BLR,6E,IndiGo,6E 5382,2026-10-26,45,business,,,18948.0,False,15:00,ok,2026-09-11T01:44:06.952963+05:30,2026-09-11_0144IST,airline_direct,IndiGo
BOM,BLR,6E,IndiGo,6E 5382,2026-10-26,45,economy,,,7062.0,False,15:00,ok,2026-09-11T01:44:06.952963+05:30,2026-09-11_0144IST,airline_direct,IndiGo
BOM,BLR,6E,IndiGo,6E 5071,2026-10-26,45,business,,,18948.0,False,16:20,ok,2026-09-11T01:44:06.952963+05:30,2026-09-11_0144IST,airline_direct,IndiGo
BOM,BLR,6E,IndiGo,6E 5071,2026-10-26,45,economy,,,7062.0,False,16:20,ok,2026-09-11T01:44:06.952963+05:30,2026-09-11_0144IST,airline_direct,IndiGo
BOM,BLR,6E,IndiGo,6E 6284,2026-10-26,45,business,,,18948.0,False,02:15,ok,2026-09-11T01:44:06.952963+05:30,2026-09-11_0144IST,airline_direct,IndiGo
BOM,BLR,6E,IndiGo,6E 6284,2026-10-26,45,economy,,,7377.0,False,02:15,ok,2026-09-11T01:44:06.952963+05:30,2026-09-11_0144IST,airline_direct,IndiGo
BOM,BLR,6E,IndiGo,6E 6335,2026-10-26,45,business,,,18948.0,False,04:30,ok,2026-09-11T01:44:06.952963+05:30,2026-09-11_0144IST,airline_direct,IndiGo
BOM,BLR,6E,IndiGo,6E 6335,2026-10-26,45,economy,,,7377.0,False,04:30,ok,2026-09-11T01:44:06.952963+05:30,2026-09-11_0144IST,airline_direct,IndiGo
BOM,BLR,6E,IndiGo,6E 5296,2026-10-26,45,business,,,18948.0,False,06:00,ok,2026-09-11T01:44:06.952963+05:30,2026-09-11_0144IST,airline_direct,IndiGo
BOM,BLR,6E,IndiGo,6E 5296,2026-10-26,45,economy,,,7377.0,False,06:00,ok,2026-09-11T01:44:06.952963+05:30,2026-09-11_0144IST,airline_direct,IndiGo
BOM,BLR,6E,IndiGo,6E 5217,2026-10-26,45,business,,,18948.0,False,11:05,ok,2026-09-11T01:44:06.952963+05:30,2026-09-11_0144IST,airline_direct,IndiGo
BOM,BLR,6E,IndiGo,6E 5217,2026-10-26,45,economy,,,7377.0,False,11:05,ok,2026-09-11T01:44:06.952963+05:30,2026-09-11_0144IST,airline_direct,IndiGo
BOM,BLR,6E,IndiGo,6E 5221,2026-10-26,45,business,,,18948.0,False,17:45,ok,2026-09-11T01:44:06.952963+05:30,2026-09-11_0144IST,airline_direct,IndiGo
BOM,BLR,6E,IndiGo,6E 5221,2026-10-26,45,economy,,,7377.0,False,17:45,ok,2026-09-11T01:44:06.952963+05:30,2026-09-11_0144IST,airline_direct,IndiGo
BOM,BLR,6E,IndiGo,6E 5257,2026-10-26,45,business,,,18948.0,False,12:30,ok,2026-09-11T01:44:06.952963+05:30,2026-09-11_0144IST,airline_direct,IndiGo
BOM,BLR,6E,IndiGo,6E 5257,2026-10-26,45,economy,,,7797.0,False,12:30,ok,2026-09-11T01:44:06.952963+05:30,2026-09-11_0144IST,airline_direct,IndiGo
BOM,BLR,6E,IndiGo,6E 5047,2026-10-26,45,business,,,18948.0,False,19:00,ok,2026-09-11T01:44:06.952963+05:30,2026-09-11_0144IST,airline_direct,IndiGo
BOM,BLR,6E,IndiGo,6E 5047,2026-10-26,45,economy,,,7797.0,False,19:00,ok,2026-09-11T01:44:06.952963+05:30,2026-09-11_0144IST,airline_direct,IndiGo
BOM,BLR,6E,IndiGo,6E 6361,2026-10-26,45,economy,,,7243.0,False,04:30,ok,2026-09-11T01:44:06.952963+05:30,2026-09-11_0144IST,airline_direct,IndiGo
BOM,BLR,6E,IndiGo,6E 261,2026-10-26,45,economy,,,7243.0,False,11:35,ok,2026-09-11T01:44:06.952963+05:30,2026-09-11_0144IST,airline_direct,IndiGo
BOM,BLR,6E,IndiGo,6E 5011,2026-10-26,45,economy,,,7243.0,False,13:55,ok,2026-09-11T01:44:06.952963+05:30,2026-09-11_0144IST,airline_direct,IndiGo
BOM,BLR,6E,IndiGo,6E 5011,2026-10-26,45,economy,,,7243.0,False,13:55,ok,2026-09-11T01:44:06.952963+05:30,2026-09-11_0144IST,airline_direct,IndiGo
BOM,BLR,6E,IndiGo,6E 6064,2026-10-26,45,economy,,,7243.0,False,17:20,ok,2026-09-11T01:44:06.952963+05:30,2026-09-11_0144IST,airline_direct,IndiGo
BOM,BLR,6E,IndiGo,6E 6064,2026-10-26,45,economy,,,7243.0,False,17:20,ok,2026-09-11T01:44:06.952963+05:30,2026-09-11_0144IST,airline_direct,IndiGo
BOM,BLR,6E,IndiGo,6E 5179,2026-10-26,45,business,,,19670.0,False,02:35,ok,2026-09-11T01:44:06.952963+05:30,2026-09-11_0144IST,airline_direct,IndiGo
BOM,BLR,6E,IndiGo,6E 5179,2026-10-26,45,economy,,,7374.0,False,02:35,ok,2026-09-11T01:44:06.952963+05:30,2026-09-11_0144IST,airline_direct,IndiGo
BOM,BLR,6E,IndiGo,6E 6362,2026-10-26,45,business,,,20036.0,False,05:30,ok,2026-09-11T01:44:06.952963+05:30,2026-09-11_0144IST,airline_direct,IndiGo
BOM,BLR,6E,IndiGo,6E 6362,2026-10-26,45,economy,,,7374.0,False,05:30,ok,2026-09-11T01:44:06.952963+05:30,2026-09-11_0144IST,airline_direct,IndiGo
BOM,BLR,6E,IndiGo,6E 6362,2026-10-26,45,business,,,20036.0,False,05:30,ok,2026-09-11T01:44:06.952963+05:30,2026-09-11_0144IST,airline_direct,IndiGo
BOM,BLR,6E,IndiGo,6E 6362,2026-10-26,45,economy,,,7374.0,False,05:30,ok,2026-09-11T01:44:06.952963+05:30,2026-09-11_0144IST,airline_direct,IndiGo
BOM,BLR,6E,IndiGo,6E 5246,2026-10-26,45,business,,,20887.0,False,07:20,ok,2026-09-11T01:44:06.952963+05:30,2026-09-11_0144IST,airline_direct,IndiGo
BOM,BLR,6E,IndiGo,6E 5246,2026-10-26,45,economy,,,7374.0,False,07:20,ok,2026-09-11T01:44:06.952963+05:30,2026-09-11_0144IST,airline_direct,IndiGo
BOM,BLR,6E,IndiGo,6E 6674,2026-10-26,45,economy,,,7374.0,False,09:10,ok,2026-09-11T01:44:06.952963+05:30,2026-09-11_0144IST,airline_direct,IndiGo
BOM,BLR,6E,IndiGo,6E 6674,2026-10-26,45,economy,,,7374.0,False,09:10,ok,2026-09-11T01:44:06.952963+05:30,2026-09-11_0144IST,airline_direct,IndiGo
BOM,BLR,6E,IndiGo,6E 5318,2026-10-26,45,business,,,20441.0,False,10:15,ok,2026-09-11T01:44:06.952963+05:30,2026-09-11_0144IST,airline_direct,IndiGo
BOM,BLR,6E,IndiGo,6E 5318,2026-10-26,45,economy,,,7374.0,False,10:15,ok,2026-09-11T01:44:06.952963+05:30,2026-09-11_0144IST,airline_direct,IndiGo
BOM,BLR,6E,IndiGo,6E 5318,2026-10-26,45,business,,,20441.0,False,10:15,ok,2026-09-11T01:44:06.952963+05:30,2026-09-11_0144IST,airline_direct,IndiGo
BOM,BLR,6E,IndiGo,6E 5318,2026-10-26,45,economy,,,7374.0,False,10:15,ok,2026-09-11T01:44:06.952963+05:30,2026-09-11_0144IST,airline_direct,IndiGo
BOM,BLR,6E,IndiGo,6E 5386,2026-10-26,45,business,,,23913.0,False,15:05,ok,2026-09-11T01:44:06.952963+05:30,2026-09-11_0144IST,airline_direct,IndiGo
BOM,BLR,6E,IndiGo,6E 5386,2026-10-26,45,economy,,,7374.0,False,15:05,ok,2026-09-11T01:44:06.952963+05:30,2026-09-11_0144IST,airline_direct,IndiGo
BOM,BLR,6E,IndiGo,6E 5386,2026-10-26,45,business,,,22521.0,False,15:05,ok,2026-09-11T01:44:06.952963+05:30,2026-09-11_0144IST,airline_direct,IndiGo
BOM,BLR,6E,IndiGo,6E 5386,2026-10-26,45,economy,,,7374.0,False,15:05,ok,2026-09-11T01:44:06.952963+05:30,2026-09-11_0144IST,airline_direct,IndiGo
BOM,BLR,6E,IndiGo,6E 841,2026-10-26,45,economy,,,7374.0,False,15:10,ok,2026-09-11T01:44:06.952963+05:30,2026-09-11_0144IST,airline_direct,IndiGo
BOM,BLR,6E,IndiGo,6E 5228,2026-10-26,45,business,,,22521.0,False,16:40,ok,2026-09-11T01:44:06.952963+05:30,2026-09-11_0144IST,airline_direct,IndiGo
BOM,BLR,6E,IndiGo,6E 5228,2026-10-26,45,economy,,,7374.0,False,16:40,ok,2026-09-11T01:44:06.952963+05:30,2026-09-11_0144IST,airline_direct,IndiGo
BOM,BLR,6E,IndiGo,6E 5228,2026-10-26,45,business,,,20441.0,False,16:40,ok,2026-09-11T01:44:06.952963+05:30,2026-09-11_0144IST,airline_direct,IndiGo
BOM,BLR,6E,IndiGo,6E 5228,2026-10-26,45,economy,,,7374.0,False,16:40,ok,2026-09-11T01:44:06.952963+05:30,2026-09-11_0144IST,airline_direct,IndiGo
BOM,BLR,6E,IndiGo,6E 5228,2026-10-26,45,business,,,20441.0,False,16:40,ok,2026-09-11T01:44:06.952963+05:30,2026-09-11_0144IST,airline_direct,IndiGo
BOM,BLR,6E,IndiGo,6E 5228,2026-10-26,45,economy,,,7374.0,False,16:40,ok,2026-09-11T01:44:06.952963+05:30,2026-09-11_0144IST,airline_direct,IndiGo
BOM,BLR,6E,IndiGo,6E 6549,2026-10-26,45,economy,,,7374.0,False,19:05,ok,2026-09-11T01:44:06.952963+05:30,2026-09-11_0144IST,airline_direct,IndiGo
BOM,BLR,6E,IndiGo,6E 5158,2026-10-26,45,economy,,,7505.0,False,12:45,ok,2026-09-11T01:44:06.952963+05:30,2026-09-11_0144IST,airline_direct,IndiGo
BOM,BLR,6E,IndiGo,6E 5147,2026-10-26,45,economy,,,7505.0,False,18:40,ok,2026-09-11T01:44:06.952963+05:30,2026-09-11_0144IST,airline_direct,IndiGo
BOM,BLR,6E,IndiGo,6E 136,2026-10-26,45,business,,,26124.0,False,05:00,ok,2026-09-11T01:44:06.952963+05:30,2026-09-11_0144IST,airline_direct,IndiGo
BOM,BLR,6E,IndiGo,6E 136,2026-10-26,45,economy,,,7584.0,False,05:00,ok,2026-09-11T01:44:06.952963+05:30,2026-09-11_0144IST,airline_direct,IndiGo
BOM,BLR,6E,IndiGo,6E 136,2026-10-26,45,business,,,24383.0,False,05:00,ok,2026-09-11T01:44:06.952963+05:30,2026-09-11_0144IST,airline_direct,IndiGo
BOM,BLR,6E,IndiGo,6E 136,2026-10-26,45,economy,,,7584.0,False,05:00,ok,2026-09-11T01:44:06.952963+05:30,2026-09-11_0144IST,airline_direct,IndiGo
BOM,BLR,6E,IndiGo,6E 6280,2026-10-26,45,economy,,,7584.0,False,05:30,ok,2026-09-11T01:44:06.952963+05:30,2026-09-11_0144IST,airline_direct,IndiGo
BOM,BLR,6E,IndiGo,6E 5188,2026-10-26,45,business,,,24383.0,False,07:05,ok,2026-09-11T01:44:06.952963+05:30,2026-09-11_0144IST,airline_direct,IndiGo
BOM,BLR,6E,IndiGo,6E 5188,2026-10-26,45,economy,,,7584.0,False,07:05,ok,2026-09-11T01:44:06.952963+05:30,2026-09-11_0144IST,airline_direct,IndiGo
BOM,BLR,6E,IndiGo,6E 5188,2026-10-26,45,business,,,27270.0,False,07:05,ok,2026-09-11T01:44:06.952963+05:30,2026-09-11_0144IST,airline_direct,IndiGo
BOM,BLR,6E,IndiGo,6E 5188,2026-10-26,45,economy,,,7584.0,False,07:05,ok,2026-09-11T01:44:06.952963+05:30,2026-09-11_0144IST,airline_direct,IndiGo
BOM,BLR,6E,IndiGo,6E 5204,2026-10-26,45,business,,,27270.0,False,08:30,ok,2026-09-11T01:44:06.952963+05:30,2026-09-11_0144IST,airline_direct,IndiGo
BOM,BLR,6E,IndiGo,6E 5204,2026-10-26,45,economy,,,7584.0,False,08:30,ok,2026-09-11T01:44:06.952963+05:30,2026-09-11_0144IST,airline_direct,IndiGo
BOM,BLR,6E,IndiGo,6E 5313,2026-10-26,45,business,,,24040.0,False,10:55,ok,2026-09-11T01:44:06.952963+05:30,2026-09-11_0144IST,airline_direct,IndiGo
BOM,BLR,6E,IndiGo,6E 5313,2026-10-26,45,economy,,,7584.0,False,10:55,ok,2026-09-11T01:44:06.952963+05:30,2026-09-11_0144IST,airline_direct,IndiGo
BOM,BLR,6E,IndiGo,6E 5313,2026-10-26,45,business,,,27927.0,False,10:55,ok,2026-09-11T01:44:06.952963+05:30,2026-09-11_0144IST,airline_direct,IndiGo
BOM,BLR,6E,IndiGo,6E 5313,2026-10-26,45,economy,,,7584.0,False,10:55,ok,2026-09-11T01:44:06.952963+05:30,2026-09-11_0144IST,airline_direct,IndiGo
BOM,BLR,6E,IndiGo,6E 6020,2026-10-26,45,economy,,,7584.0,False,11:20,ok,2026-09-11T01:44:06.952963+05:30,2026-09-11_0144IST,airline_direct,IndiGo
BOM,BLR,6E,IndiGo,6E 6701,2026-10-26,45,economy,,,7584.0,False,12:30,ok,2026-09-11T01:44:06.952963+05:30,2026-09-11_0144IST,airline_direct,IndiGo
BOM,BLR,6E,IndiGo,6E 5085,2026-10-26,45,business,,,27927.0,False,13:00,ok,2026-09-11T01:44:06.952963+05:30,2026-09-11_0144IST,airline_direct,IndiGo
BOM,BLR,6E,IndiGo,6E 5085,2026-10-26,45,economy,,,7584.0,False,13:00,ok,2026-09-11T01:44:06.952963+05:30,2026-09-11_0144IST,airline_direct,IndiGo
BOM,BLR,6E,IndiGo,6E 5085,2026-10-26,45,business,,,26124.0,False,13:00,ok,2026-09-11T01:44:06.952963+05:30,2026-09-11_0144IST,airline_direct,IndiGo
BOM,BLR,6E,IndiGo,6E 5085,2026-10-26,45,economy,,,7584.0,False,13:00,ok,2026-09-11T01:44:06.952963+05:30,2026-09-11_0144IST,airline_direct,IndiGo
BOM,BLR,6E,IndiGo,6E 5337,2026-10-26,45,business,,,26124.0,False,14:30,ok,2026-09-11T01:44:06.952963+05:30,2026-09-11_0144IST,airline_direct,IndiGo
BOM,BLR,6E,IndiGo,6E 5337,2026-10-26,45,economy,,,7584.0,False,14:30,ok,2026-09-11T01:44:06.952963+05:30,2026-09-11_0144IST,airline_direct,IndiGo
BOM,BLR,6E,IndiGo,6E 5337,2026-10-26,45,business,,,24760.0,False,14:30,ok,2026-09-11T01:44:06.952963+05:30,2026-09-11_0144IST,airline_direct,IndiGo
BOM,BLR,6E,IndiGo,6E 5337,2026-10-26,45,economy,,,7584.0,False,14:30,ok,2026-09-11T01:44:06.952963+05:30,2026-09-11_0144IST,airline_direct,IndiGo
BOM,BLR,6E,IndiGo,6E 6352,2026-10-26,45,economy,,,7584.0,False,15:40,ok,2026-09-11T01:44:06.952963+05:30,2026-09-11_0144IST,airline_direct,IndiGo
BOM,BLR,6E,IndiGo,6E 5183,2026-10-26,45,economy,,,7584.0,False,15:45,ok,2026-09-11T01:44:06.952963+05:30,2026-09-11_0144IST,airline_direct,IndiGo
BOM,BLR,6E,IndiGo,6E 5196,2026-10-26,45,business,,,24760.0,False,16:30,ok,2026-09-11T01:44:06.952963+05:30,2026-09-11_0144IST,airline_direct,IndiGo
BOM,BLR,6E,IndiGo,6E 5196,2026-10-26,45,economy,,,7584.0,False,16:30,ok,2026-09-11T01:44:06.952963+05:30,2026-09-11_0144IST,airline_direct,IndiGo
BOM,BLR,6E,IndiGo,6E 5196,2026-10-26,45,business,,,27270.0,False,16:30,ok,2026-09-11T01:44:06.952963+05:30,2026-09-11_0144IST,airline_direct,IndiGo
BOM,BLR,6E,IndiGo,6E 5196,2026-10-26,45,economy,,,7584.0,False,16:30,ok,2026-09-11T01:44:06.952963+05:30,2026-09-11_0144IST,airline_direct,IndiGo
BOM,BLR,6E,IndiGo,6E 5059,2026-10-26,45,economy,,,7584.0,False,16:45,ok,2026-09-11T01:44:06.952963+05:30,2026-09-11_0144IST,airline_direct,IndiGo
BOM,BLR,6E,IndiGo,6E 795,2026-10-26,45,economy,,,7584.0,False,19:15,ok,2026-09-11T01:44:06.952963+05:30,2026-09-11_0144IST,airline_direct,IndiGo
BOM,BLR,6E,IndiGo,6E 294,2026-10-26,45,economy,,,7715.0,False,07:20,ok,2026-09-11T01:44:06.952963+05:30,2026-09-11_0144IST,airline_direct,IndiGo
BOM,BLR,6E,IndiGo,6E 6080,2026-10-26,45,economy,,,7715.0,False,17:10,ok,2026-09-11T01:44:06.952963+05:30,2026-09-11_0144IST,airline_direct,IndiGo
BOM,BLR,6E,IndiGo,6E 2049,2026-10-26,45,economy,,,8126.0,False,07:10,ok,2026-09-11T01:44:06.952963+05:30,2026-09-11_0144IST,airline_direct,IndiGo
BOM,BLR,6E,IndiGo,6E 6365,2026-10-26,45,business,,,20441.0,False,12:00,ok,2026-09-11T01:44:06.952963+05:30,2026-09-11_0144IST,airline_direct,IndiGo
BOM,BLR,6E,IndiGo,6E 6365,2026-10-26,45,economy,,,9154.0,False,12:00,ok,2026-09-11T01:44:06.952963+05:30,2026-09-11_0144IST,airline_direct,IndiGo
DEL,CCU,6E,IndiGo,6E 2192,2026-10-26,45,business,,,22600.0,False,08:30,ok,2026-09-11T01:45:04.078648+05:30,2026-09-11_0145IST,airline_direct,IndiGo
DEL,CCU,6E,IndiGo,6E 2192,2026-10-26,45,economy,,,14950.0,False,08:30,ok,2026-09-11T01:45:04.078648+05:30,2026-09-11_0145IST,airline_direct,IndiGo
DEL,CCU,6E,IndiGo,6E 340,2026-10-26,45,business,,,22600.0,False,06:15,ok,2026-09-11T01:45:04.078648+05:30,2026-09-11_0145IST,airline_direct,IndiGo
DEL,CCU,6E,IndiGo,6E 340,2026-10-26,45,economy,,,15843.0,False,06:15,ok,2026-09-11T01:45:04.078648+05:30,2026-09-11_0145IST,airline_direct,IndiGo
DEL,CCU,6E,IndiGo,6E 247,2026-10-26,45,business,,,22600.0,False,23:45,ok,2026-09-11T01:45:04.078648+05:30,2026-09-11_0145IST,airline_direct,IndiGo
DEL,CCU,6E,IndiGo,6E 247,2026-10-26,45,economy,,,15843.0,False,23:45,ok,2026-09-11T01:45:04.078648+05:30,2026-09-11_0145IST,airline_direct,IndiGo
DEL,CCU,6E,IndiGo,6E 5191,2026-10-26,45,business,,,22600.0,False,04:45,ok,2026-09-11T01:45:04.078648+05:30,2026-09-11_0145IST,airline_direct,IndiGo
DEL,CCU,6E,IndiGo,6E 5191,2026-10-26,45,economy,,,16788.0,False,04:45,ok,2026-09-11T01:45:04.078648+05:30,2026-09-11_0145IST,airline_direct,IndiGo
DEL,CCU,6E,IndiGo,6E 894,2026-10-26,45,business,,,22600.0,False,10:30,ok,2026-09-11T01:45:04.078648+05:30,2026-09-11_0145IST,airline_direct,IndiGo
DEL,CCU,6E,IndiGo,6E 894,2026-10-26,45,economy,,,16788.0,False,10:30,ok,2026-09-11T01:45:04.078648+05:30,2026-09-11_0145IST,airline_direct,IndiGo
DEL,CCU,6E,IndiGo,6E 897,2026-10-26,45,business,,,22600.0,False,12:15,ok,2026-09-11T01:45:04.078648+05:30,2026-09-11_0145IST,airline_direct,IndiGo
DEL,CCU,6E,IndiGo,6E 897,2026-10-26,45,economy,,,16788.0,False,12:15,ok,2026-09-11T01:45:04.078648+05:30,2026-09-11_0145IST,airline_direct,IndiGo
DEL,CCU,6E,IndiGo,6E 389,2026-10-26,45,business,,,22600.0,False,22:15,ok,2026-09-11T01:45:04.078648+05:30,2026-09-11_0145IST,airline_direct,IndiGo
DEL,CCU,6E,IndiGo,6E 389,2026-10-26,45,economy,,,16788.0,False,22:15,ok,2026-09-11T01:45:04.078648+05:30,2026-09-11_0145IST,airline_direct,IndiGo
DEL,CCU,6E,IndiGo,6E 930,2026-10-26,45,business,,,22600.0,False,03:00,ok,2026-09-11T01:45:04.078648+05:30,2026-09-11_0145IST,airline_direct,IndiGo
DEL,CCU,6E,IndiGo,6E 930,2026-10-26,45,economy,,,17838.0,False,03:00,ok,2026-09-11T01:45:04.078648+05:30,2026-09-11_0145IST,airline_direct,IndiGo
DEL,CCU,6E,IndiGo,6E 2327,2026-10-26,45,business,,,22600.0,False,13:35,ok,2026-09-11T01:45:04.078648+05:30,2026-09-11_0145IST,airline_direct,IndiGo
DEL,CCU,6E,IndiGo,6E 2327,2026-10-26,45,economy,,,17838.0,False,13:35,ok,2026-09-11T01:45:04.078648+05:30,2026-09-11_0145IST,airline_direct,IndiGo
DEL,CCU,6E,IndiGo,6E 920,2026-10-26,45,business,,,22600.0,False,17:15,ok,2026-09-11T01:45:04.078648+05:30,2026-09-11_0145IST,airline_direct,IndiGo
DEL,CCU,6E,IndiGo,6E 920,2026-10-26,45,economy,,,18993.0,False,17:15,ok,2026-09-11T01:45:04.078648+05:30,2026-09-11_0145IST,airline_direct,IndiGo
DEL,CCU,6E,IndiGo,6E 6415,2026-10-26,45,business,,,22600.0,False,15:30,ok,2026-09-11T01:45:04.078648+05:30,2026-09-11_0145IST,airline_direct,IndiGo
DEL,CCU,6E,IndiGo,6E 6415,2026-10-26,45,economy,,,20253.0,False,15:30,ok,2026-09-11T01:45:04.078648+05:30,2026-09-11_0145IST,airline_direct,IndiGo
DEL,CCU,6E,IndiGo,6E 6517,2026-10-26,45,business,,,27001.0,False,19:30,ok,2026-09-11T01:45:04.078648+05:30,2026-09-11_0145IST,airline_direct,IndiGo
DEL,CCU,6E,IndiGo,6E 6517,2026-10-26,45,economy,,,22123.0,False,19:30,ok,2026-09-11T01:45:04.078648+05:30,2026-09-11_0145IST,airline_direct,IndiGo
DEL,CCU,6E,IndiGo,6E 6787,2026-10-26,45,economy,,,9203.0,False,14:40,ok,2026-09-11T01:45:04.078648+05:30,2026-09-11_0145IST,airline_direct,IndiGo
DEL,CCU,6E,IndiGo,6E 2410,2026-10-26,45,economy,,,10043.0,False,12:10,ok,2026-09-11T01:45:04.078648+05:30,2026-09-11_0145IST,airline_direct,IndiGo
DEL,CCU,6E,IndiGo,6E 601,2026-10-26,45,economy,,,10509.0,False,13:20,ok,2026-09-11T01:45:04.078648+05:30,2026-09-11_0145IST,airline_direct,IndiGo
DEL,CCU,6E,IndiGo,6E 6347,2026-10-26,45,economy,,,10809.0,False,14:35,ok,2026-09-11T01:45:04.078648+05:30,2026-09-11_0145IST,airline_direct,IndiGo
DEL,CCU,6E,IndiGo,6E 2769,2026-10-26,45,economy,,,11073.0,False,07:55,ok,2026-09-11T01:45:04.078648+05:30,2026-09-11_0145IST,airline_direct,IndiGo
DEL,CCU,6E,IndiGo,6E 2373,2026-10-26,45,economy,,,11387.0,False,11:05,ok,2026-09-11T01:45:04.078648+05:30,2026-09-11_0145IST,airline_direct,IndiGo
DEL,CCU,6E,IndiGo,6E 931,2026-10-26,45,economy,,,11632.0,False,19:35,ok,2026-09-11T01:45:04.078648+05:30,2026-09-11_0145IST,airline_direct,IndiGo
DEL,CCU,6E,IndiGo,6E 2614,2026-10-26,45,economy,,,12182.0,False,15:05,ok,2026-09-11T01:45:04.078648+05:30,2026-09-11_0145IST,airline_direct,IndiGo
DEL,CCU,6E,IndiGo,6E 2614,2026-10-26,45,economy,,,12182.0,False,15:05,ok,2026-09-11T01:45:04.078648+05:30,2026-09-11_0145IST,airline_direct,IndiGo
DEL,CCU,6E,IndiGo,6E 2039,2026-10-26,45,economy,,,12399.0,False,05:30,ok,2026-09-11T01:45:04.078648+05:30,2026-09-11_0145IST,airline_direct,IndiGo
DEL,CCU,6E,IndiGo,6E 821,2026-10-26,45,economy,,,12542.0,False,13:25,ok,2026-09-11T01:45:04.078648+05:30,2026-09-11_0145IST,airline_direct,IndiGo
DEL,CCU,6E,IndiGo,6E 6503,2026-10-26,45,economy,,,12583.0,False,12:35,ok,2026-09-11T01:45:04.078648+05:30,2026-09-11_0145IST,airline_direct,IndiGo
DEL,CCU,6E,IndiGo,6E 6551,2026-10-26,45,economy,,,12714.0,False,12:10,ok,2026-09-11T01:45:04.078648+05:30,2026-09-11_0145IST,airline_direct,IndiGo
DEL,CCU,6E,IndiGo,6E 821,2026-10-26,45,economy,,,12804.0,False,13:25,ok,2026-09-11T01:45:04.078648+05:30,2026-09-11_0145IST,airline_direct,IndiGo
DEL,CCU,6E,IndiGo,6E 5023,2026-10-26,45,economy,,,12819.0,False,18:10,ok,2026-09-11T01:45:04.078648+05:30,2026-09-11_0145IST,airline_direct,IndiGo
DEL,CCU,6E,IndiGo,6E 2039,2026-10-26,45,economy,,,13239.0,False,05:30,ok,2026-09-11T01:45:04.078648+05:30,2026-09-11_0145IST,airline_direct,IndiGo
DEL,CCU,6E,IndiGo,6E 6245,2026-10-26,45,economy,,,13277.0,False,06:25,ok,2026-09-11T01:45:04.078648+05:30,2026-09-11_0145IST,airline_direct,IndiGo
DEL,CCU,6E,IndiGo,6E 2423,2026-10-26,45,economy,,,13351.0,False,15:15,ok,2026-09-11T01:45:04.078648+05:30,2026-09-11_0145IST,airline_direct,IndiGo
DEL,CCU,6E,IndiGo,6E 2361,2026-10-26,45,economy,,,14034.0,False,12:55,ok,2026-09-11T01:45:04.078648+05:30,2026-09-11_0145IST,airline_direct,IndiGo
DEL,CCU,6E,IndiGo,6E 2423,2026-10-26,45,economy,,,14034.0,False,15:15,ok,2026-09-11T01:45:04.078648+05:30,2026-09-11_0145IST,airline_direct,IndiGo
DEL,CCU,6E,IndiGo,6E 2164,2026-10-26,45,economy,,,14520.0,False,07:05,ok,2026-09-11T01:45:04.078648+05:30,2026-09-11_0145IST,airline_direct,IndiGo
DEL,CCU,6E,IndiGo,6E 717,2026-10-26,45,business,,,27493.0,False,18:15,ok,2026-09-11T01:45:04.078648+05:30,2026-09-11_0145IST,airline_direct,IndiGo
DEL,CCU,6E,IndiGo,6E 717,2026-10-26,45,economy,,,14819.0,False,18:15,ok,2026-09-11T01:45:04.078648+05:30,2026-09-11_0145IST,airline_direct,IndiGo
DEL,CCU,6E,IndiGo,6E 704,2026-10-26,45,business,,,28201.0,False,02:25,ok,2026-09-11T01:45:04.078648+05:30,2026-09-11_0145IST,airline_direct,IndiGo
DEL,CCU,6E,IndiGo,6E 704,2026-10-26,45,economy,,,15449.0,False,02:25,ok,2026-09-11T01:45:04.078648+05:30,2026-09-11_0145IST,airline_direct,IndiGo
DEL,CCU,6E,IndiGo,6E 6217,2026-10-26,45,business,,,27493.0,False,16:15,ok,2026-09-11T01:45:04.078648+05:30,2026-09-11_0145IST,airline_direct,IndiGo
DEL,CCU,6E,IndiGo,6E 6217,2026-10-26,45,economy,,,15576.0,False,16:15,ok,2026-09-11T01:45:04.078648+05:30,2026-09-11_0145IST,airline_direct,IndiGo
DEL,CCU,6E,IndiGo,6E 5375,2026-10-26,45,economy,,,15606.0,False,07:25,ok,2026-09-11T01:45:04.078648+05:30,2026-09-11_0145IST,airline_direct,IndiGo
DEL,CCU,6E,IndiGo,6E 6304,2026-10-26,45,economy,,,15606.0,False,09:30,ok,2026-09-11T01:45:04.078648+05:30,2026-09-11_0145IST,airline_direct,IndiGo
DEL,CCU,6E,IndiGo,6E 704,2026-10-26,45,business,,,28673.0,False,02:25,ok,2026-09-11T01:45:04.078648+05:30,2026-09-11_0145IST,airline_direct,IndiGo
DEL,CCU,6E,IndiGo,6E 704,2026-10-26,45,economy,,,15869.0,False,02:25,ok,2026-09-11T01:45:04.078648+05:30,2026-09-11_0145IST,airline_direct,IndiGo
DEL,CCU,6E,IndiGo,6E 6217,2026-10-26,45,business,,,27847.0,False,16:15,ok,2026-09-11T01:45:04.078648+05:30,2026-09-11_0145IST,airline_direct,IndiGo
DEL,CCU,6E,IndiGo,6E 6217,2026-10-26,45,economy,,,15891.0,False,16:15,ok,2026-09-11T01:45:04.078648+05:30,2026-09-11_0145IST,airline_direct,IndiGo
DEL,CCU,6E,IndiGo,6E 5269,2026-10-26,45,economy,,,15921.0,False,10:35,ok,2026-09-11T01:45:04.078648+05:30,2026-09-11_0145IST,airline_direct,IndiGo
DEL,CCU,6E,IndiGo,6E 705,2026-10-26,45,business,,,28673.0,False,08:30,ok,2026-09-11T01:45:04.078648+05:30,2026-09-11_0145IST,airline_direct,IndiGo
DEL,CCU,6E,IndiGo,6E 705,2026-10-26,45,economy,,,16626.0,False,08:30,ok,2026-09-11T01:45:04.078648+05:30,2026-09-11_0145IST,airline_direct,IndiGo
DEL,CCU,6E,IndiGo,6E 705,2026-10-26,45,business,,,29263.0,False,08:30,ok,2026-09-11T01:45:04.078648+05:30,2026-09-11_0145IST,airline_direct,IndiGo
DEL,CCU,6E,IndiGo,6E 705,2026-10-26,45,economy,,,17151.0,False,08:30,ok,2026-09-11T01:45:04.078648+05:30,2026-09-11_0145IST,airline_direct,IndiGo
DEL,CCU,6E,IndiGo,6E 203,2026-10-26,45,business,,,29263.0,False,06:30,ok,2026-09-11T01:45:04.078648+05:30,2026-09-11_0145IST,airline_direct,IndiGo
DEL,CCU,6E,IndiGo,6E 203,2026-10-26,45,economy,,,17984.0,False,06:30,ok,2026-09-11T01:45:04.078648+05:30,2026-09-11_0145IST,airline_direct,IndiGo
DEL,CCU,6E,IndiGo,6E 2771,2026-10-26,45,economy,,,18201.0,False,16:20,ok,2026-09-11T01:45:04.078648+05:30,2026-09-11_0145IST,airline_direct,IndiGo
DEL,CCU,6E,IndiGo,6E 5058,2026-10-26,45,business,,,30797.0,False,13:30,ok,2026-09-11T01:45:04.078648+05:30,2026-09-11_0145IST,airline_direct,IndiGo
DEL,CCU,6E,IndiGo,6E 5058,2026-10-26,45,economy,,,18516.0,False,13:30,ok,2026-09-11T01:45:04.078648+05:30,2026-09-11_0145IST,airline_direct,IndiGo
DEL,CCU,6E,IndiGo,6E 6212,2026-10-26,45,business,,,30797.0,False,14:50,ok,2026-09-11T01:45:04.078648+05:30,2026-09-11_0145IST,airline_direct,IndiGo
DEL,CCU,6E,IndiGo,6E 6212,2026-10-26,45,economy,,,18516.0,False,14:50,ok,2026-09-11T01:45:04.078648+05:30,2026-09-11_0145IST,airline_direct,IndiGo
DEL,CCU,6E,IndiGo,6E 2316,2026-10-26,45,economy,,,18877.0,False,18:00,ok,2026-09-11T01:45:04.078648+05:30,2026-09-11_0145IST,airline_direct,IndiGo
DEL,CCU,6E,IndiGo,6E 6038,2026-10-26,45,economy,,,19245.0,False,11:30,ok,2026-09-11T01:45:04.078648+05:30,2026-09-11_0145IST,airline_direct,IndiGo
DEL,CCU,6E,IndiGo,6E 5041,2026-10-26,45,economy,,,19927.0,False,15:25,ok,2026-09-11T01:45:04.078648+05:30,2026-09-11_0145IST,airline_direct,IndiGo
DEL,CCU,6E,IndiGo,6E 962,2026-10-26,45,economy,,,19980.0,False,05:10,ok,2026-09-11T01:45:04.078648+05:30,2026-09-11_0145IST,airline_direct,IndiGo
DEL,CCU,6E,IndiGo,6E 962,2026-10-26,45,economy,,,19980.0,False,05:10,ok,2026-09-11T01:45:04.078648+05:30,2026-09-11_0145IST,airline_direct,IndiGo
DEL,CCU,6E,IndiGo,6E 6048,2026-10-26,45,economy,,,19980.0,False,06:30,ok,2026-09-11T01:45:04.078648+05:30,2026-09-11_0145IST,airline_direct,IndiGo
DEL,CCU,6E,IndiGo,6E 6038,2026-10-26,45,economy,,,19980.0,False,11:30,ok,2026-09-11T01:45:04.078648+05:30,2026-09-11_0145IST,airline_direct,IndiGo
DEL,CCU,6E,IndiGo,6E 6503,2026-10-26,45,economy,,,20165.0,False,12:35,ok,2026-09-11T01:45:04.078648+05:30,2026-09-11_0145IST,airline_direct,IndiGo
DEL,CCU,6E,IndiGo,6E 6073,2026-10-26,45,economy,,,24291.0,False,05:15,ok,2026-09-11T01:45:04.078648+05:30,2026-09-11_0145IST,airline_direct,IndiGo
DEL,CCU,6E,IndiGo,6E 6293,2026-10-26,45,business,,,28673.0,False,10:00,ok,2026-09-11T01:45:04.078648+05:30,2026-09-11_0145IST,airline_direct,IndiGo
DEL,CCU,6E,IndiGo,6E 6293,2026-10-26,45,economy,,,24928.0,False,10:00,ok,2026-09-11T01:45:04.078648+05:30,2026-09-11_0145IST,airline_direct,IndiGo
DEL,CCU,6E,IndiGo,6E 2296,2026-10-26,45,economy,,,25131.0,False,09:30,ok,2026-09-11T01:45:04.078648+05:30,2026-09-11_0145IST,airline_direct,IndiGo
DEL,CCU,6E,IndiGo,6E 6076,2026-10-26,45,economy,,,27985.0,False,15:45,ok,2026-09-11T01:45:04.078648+05:30,2026-09-11_0145IST,airline_direct,IndiGo
DEL,CCU,6E,IndiGo,6E 6076,2026-10-26,45,economy,,,27985.0,False,15:45,ok,2026-09-11T01:45:04.078648+05:30,2026-09-11_0145IST,airline_direct,IndiGo
BLR,HYD,6E,IndiGo,6E 312,2026-10-26,45,economy,,,4235.0,False,09:15,ok,2026-09-11T01:46:08.127397+05:30,2026-09-11_0146IST,airline_direct,IndiGo
BLR,HYD,6E,IndiGo,6E 6178,2026-10-26,45,economy,,,4235.0,False,11:25,ok,2026-09-11T01:46:08.127397+05:30,2026-09-11_0146IST,airline_direct,IndiGo
BLR,HYD,6E,IndiGo,6E 6404,2026-10-26,45,economy,,,4235.0,False,13:35,ok,2026-09-11T01:46:08.127397+05:30,2026-09-11_0146IST,airline_direct,IndiGo
BLR,HYD,6E,IndiGo,6E 855,2026-10-26,45,economy,,,4235.0,False,20:05,ok,2026-09-11T01:46:08.127397+05:30,2026-09-11_0146IST,airline_direct,IndiGo
BLR,HYD,6E,IndiGo,6E 6923,2026-10-26,45,economy,,,4561.0,False,14:50,ok,2026-09-11T01:46:08.127397+05:30,2026-09-11_0146IST,airline_direct,IndiGo
BLR,HYD,6E,IndiGo,6E 6784,2026-10-26,45,economy,,,4561.0,False,21:35,ok,2026-09-11T01:46:08.127397+05:30,2026-09-11_0146IST,airline_direct,IndiGo
BLR,HYD,6E,IndiGo,6E 484,2026-10-26,45,economy,,,4921.0,False,07:25,ok,2026-09-11T01:46:08.127397+05:30,2026-09-11_0146IST,airline_direct,IndiGo
BLR,HYD,6E,IndiGo,6E 537,2026-10-26,45,economy,,,4921.0,False,10:15,ok,2026-09-11T01:46:08.127397+05:30,2026-09-11_0146IST,airline_direct,IndiGo
BLR,HYD,6E,IndiGo,6E 6067,2026-10-26,45,economy,,,4921.0,False,16:40,ok,2026-09-11T01:46:08.127397+05:30,2026-09-11_0146IST,airline_direct,IndiGo
BLR,HYD,6E,IndiGo,6E 638,2026-10-26,45,economy,,,4921.0,False,18:35,ok,2026-09-11T01:46:08.127397+05:30,2026-09-11_0146IST,airline_direct,IndiGo
BLR,HYD,6E,IndiGo,6E 7217,2026-10-26,45,economy,,,5331.0,False,11:10,ok,2026-09-11T01:46:08.127397+05:30,2026-09-11_0146IST,airline_direct,IndiGo
BLR,HYD,6E,IndiGo,6E 7203,2026-10-26,45,economy,,,5463.0,False,07:00,ok,2026-09-11T01:46:08.127397+05:30,2026-09-11_0146IST,airline_direct,IndiGo
BLR,HYD,6E,IndiGo,6E 6445,2026-10-26,45,economy,,,5463.0,False,07:05,ok,2026-09-11T01:46:08.127397+05:30,2026-09-11_0146IST,airline_direct,IndiGo
BLR,HYD,6E,IndiGo,6E 6269,2026-10-26,45,economy,,,5463.0,False,07:10,ok,2026-09-11T01:46:08.127397+05:30,2026-09-11_0146IST,airline_direct,IndiGo
BLR,HYD,6E,IndiGo,6E 6858,2026-10-26,45,economy,,,5463.0,False,07:10,ok,2026-09-11T01:46:08.127397+05:30,2026-09-11_0146IST,airline_direct,IndiGo
BLR,HYD,6E,IndiGo,6E 6269,2026-10-26,45,economy,,,5463.0,False,07:10,ok,2026-09-11T01:46:08.127397+05:30,2026-09-11_0146IST,airline_direct,IndiGo
BLR,HYD,6E,IndiGo,6E 6269,2026-10-26,45,economy,,,5463.0,False,07:10,ok,2026-09-11T01:46:08.127397+05:30,2026-09-11_0146IST,airline_direct,IndiGo
BLR,HYD,6E,IndiGo,6E 7298,2026-10-26,45,economy,,,5463.0,False,08:25,ok,2026-09-11T01:46:08.127397+05:30,2026-09-11_0146IST,airline_direct,IndiGo
BLR,HYD,6E,IndiGo,6E 113,2026-10-26,45,economy,,,5463.0,False,08:40,ok,2026-09-11T01:46:08.127397+05:30,2026-09-11_0146IST,airline_direct,IndiGo
BLR,HYD,6E,IndiGo,6E 904,2026-10-26,45,economy,,,5463.0,False,08:55,ok,2026-09-11T01:46:08.127397+05:30,2026-09-11_0146IST,airline_direct,IndiGo
BLR,HYD,6E,IndiGo,6E 904,2026-10-26,45,economy,,,5463.0,False,08:55,ok,2026-09-11T01:46:08.127397+05:30,2026-09-11_0146IST,airline_direct,IndiGo
BLR,HYD,6E,IndiGo,6E 857,2026-10-26,45,economy,,,5463.0,False,10:00,ok,2026-09-11T01:46:08.127397+05:30,2026-09-11_0146IST,airline_direct,IndiGo
BLR,HYD,6E,IndiGo,6E 857,2026-10-26,45,economy,,,5463.0,False,10:00,ok,2026-09-11T01:46:08.127397+05:30,2026-09-11_0146IST,airline_direct,IndiGo
BLR,HYD,6E,IndiGo,6E 575,2026-10-26,45,economy,,,5463.0,False,10:50,ok,2026-09-11T01:46:08.127397+05:30,2026-09-11_0146IST,airline_direct,IndiGo
BLR,HYD,6E,IndiGo,6E 575,2026-10-26,45,economy,,,5463.0,False,10:50,ok,2026-09-11T01:46:08.127397+05:30,2026-09-11_0146IST,airline_direct,IndiGo
BLR,HYD,6E,IndiGo,6E 575,2026-10-26,45,economy,,,5463.0,False,10:50,ok,2026-09-11T01:46:08.127397+05:30,2026-09-11_0146IST,airline_direct,IndiGo
BLR,HYD,6E,IndiGo,6E 7215,2026-10-26,45,economy,,,5463.0,False,11:05,ok,2026-09-11T01:46:08.127397+05:30,2026-09-11_0146IST,airline_direct,IndiGo
BLR,HYD,6E,IndiGo,6E 703,2026-10-26,45,economy,,,5463.0,False,12:40,ok,2026-09-11T01:46:08.127397+05:30,2026-09-11_0146IST,airline_direct,IndiGo
BLR,HYD,6E,IndiGo,6E 703,2026-10-26,45,economy,,,5463.0,False,12:40,ok,2026-09-11T01:46:08.127397+05:30,2026-09-11_0146IST,airline_direct,IndiGo
BLR,HYD,6E,IndiGo,6E 356,2026-10-26,45,economy,,,5463.0,False,14:30,ok,2026-09-11T01:46:08.127397+05:30,2026-09-11_0146IST,airline_direct,IndiGo
BLR,HYD,6E,IndiGo,6E 356,2026-10-26,45,economy,,,5463.0,False,14:30,ok,2026-09-11T01:46:08.127397+05:30,2026-09-11_0146IST,airline_direct,IndiGo
BLR,HYD,6E,IndiGo,6E 356,2026-10-26,45,economy,,,5463.0,False,14:30,ok,2026-09-11T01:46:08.127397+05:30,2026-09-11_0146IST,airline_direct,IndiGo
BLR,HYD,6E,IndiGo,6E 498,2026-10-26,45,economy,,,5463.0,False,15:00,ok,2026-09-11T01:46:08.127397+05:30,2026-09-11_0146IST,airline_direct,IndiGo
BLR,HYD,6E,IndiGo,6E 498,2026-10-26,45,economy,,,5463.0,False,15:00,ok,2026-09-11T01:46:08.127397+05:30,2026-09-11_0146IST,airline_direct,IndiGo
BLR,HYD,6E,IndiGo,6E 7223,2026-10-26,45,economy,,,5463.0,False,15:50,ok,2026-09-11T01:46:08.127397+05:30,2026-09-11_0146IST,airline_direct,IndiGo
BLR,HYD,6E,IndiGo,6E 602,2026-10-26,45,economy,,,5463.0,False,15:55,ok,2026-09-11T01:46:08.127397+05:30,2026-09-11_0146IST,airline_direct,IndiGo
BLR,HYD,6E,IndiGo,6E 109,2026-10-26,45,economy,,,5463.0,False,16:30,ok,2026-09-11T01:46:08.127397+05:30,2026-09-11_0146IST,airline_direct,IndiGo
BLR,HYD,6E,IndiGo,6E 6562,2026-10-26,45,economy,,,5463.0,False,16:50,ok,2026-09-11T01:46:08.127397+05:30,2026-09-11_0146IST,airline_direct,IndiGo
BLR,HYD,6E,IndiGo,6E 6562,2026-10-26,45,economy,,,5463.0,False,16:50,ok,2026-09-11T01:46:08.127397+05:30,2026-09-11_0146IST,airline_direct,IndiGo
BLR,HYD,6E,IndiGo,6E 6017,2026-10-26,45,economy,,,5463.0,False,18:15,ok,2026-09-11T01:46:08.127397+05:30,2026-09-11_0146IST,airline_direct,IndiGo
BLR,HYD,6E,IndiGo,6E 6597,2026-10-26,45,economy,,,5463.0,False,18:35,ok,2026-09-11T01:46:08.127397+05:30,2026-09-11_0146IST,airline_direct,IndiGo
BLR,HYD,6E,IndiGo,6E 6208,2026-10-26,45,economy,,,5463.0,False,19:15,ok,2026-09-11T01:46:08.127397+05:30,2026-09-11_0146IST,airline_direct,IndiGo
BLR,HYD,6E,IndiGo,6E 435,2026-10-26,45,economy,,,5463.0,False,20:00,ok,2026-09-11T01:46:08.127397+05:30,2026-09-11_0146IST,airline_direct,IndiGo
BLR,HYD,6E,IndiGo,6E 217,2026-10-26,45,economy,,,5594.0,False,06:05,ok,2026-09-11T01:46:08.127397+05:30,2026-09-11_0146IST,airline_direct,IndiGo
BLR,HYD,6E,IndiGo,6E 217,2026-10-26,45,economy,,,5594.0,False,06:05,ok,2026-09-11T01:46:08.127397+05:30,2026-09-11_0146IST,airline_direct,IndiGo
BLR,HYD,6E,IndiGo,6E 6003,2026-10-26,45,economy,,,5594.0,False,07:10,ok,2026-09-11T01:46:08.127397+05:30,2026-09-11_0146IST,airline_direct,IndiGo
BLR,HYD,6E,IndiGo,6E 6003,2026-10-26,45,economy,,,5594.0,False,07:10,ok,2026-09-11T01:46:08.127397+05:30,2026-09-11_0146IST,airline_direct,IndiGo
BLR,HYD,6E,IndiGo,6E 6753,2026-10-26,45,economy,,,5793.0,False,16:10,ok,2026-09-11T01:46:08.127397+05:30,2026-09-11_0146IST,airline_direct,IndiGo
BLR,HYD,6E,IndiGo,6E 144,2026-10-26,45,economy,,,5793.0,False,16:45,ok,2026-09-11T01:46:08.127397+05:30,2026-09-11_0146IST,airline_direct,IndiGo
BLR,HYD,6E,IndiGo,6E 6168,2026-10-26,45,economy,,,5793.0,False,17:25,ok,2026-09-11T01:46:08.127397+05:30,2026-09-11_0146IST,airline_direct,IndiGo
BLR,HYD,6E,IndiGo,6E 6554,2026-10-26,45,economy,,,5793.0,False,19:00,ok,2026-09-11T01:46:08.127397+05:30,2026-09-11_0146IST,airline_direct,IndiGo
BLR,HYD,6E,IndiGo,6E 105,2026-10-26,45,economy,,,5793.0,False,21:55,ok,2026-09-11T01:46:08.127397+05:30,2026-09-11_0146IST,airline_direct,IndiGo
BLR,HYD,6E,IndiGo,6E 6563,2026-10-26,45,economy,,,5793.0,False,23:30,ok,2026-09-11T01:46:08.127397+05:30,2026-09-11_0146IST,airline_direct,IndiGo
BLR,HYD,6E,IndiGo,6E 6104,2026-10-26,45,economy,,,6153.0,False,12:15,ok,2026-09-11T01:46:08.127397+05:30,2026-09-11_0146IST,airline_direct,IndiGo
BLR,HYD,6E,IndiGo,6E 6563,2026-10-26,45,economy,,,6153.0,False,23:30,ok,2026-09-11T01:46:08.127397+05:30,2026-09-11_0146IST,airline_direct,IndiGo
BLR,HYD,6E,IndiGo,6E 6876,2026-10-26,45,economy,,,6543.0,False,02:00,ok,2026-09-11T01:46:08.127397+05:30,2026-09-11_0146IST,airline_direct,IndiGo
BLR,HYD,6E,IndiGo,6E 6104,2026-10-26,45,economy,,,6543.0,False,12:15,ok,2026-09-11T01:46:08.127397+05:30,2026-09-11_0146IST,airline_direct,IndiGo
BLR,HYD,6E,IndiGo,6E 6653,2026-10-26,45,economy,,,6543.0,False,12:25,ok,2026-09-11T01:46:08.127397+05:30,2026-09-11_0146IST,airline_direct,IndiGo
BLR,HYD,6E,IndiGo,6E 6653,2026-10-26,45,economy,,,6969.0,False,12:25,ok,2026-09-11T01:46:08.127397+05:30,2026-09-11_0146IST,airline_direct,IndiGo
BLR,HYD,6E,IndiGo,6E 7281,2026-10-26,45,economy,,,8266.0,False,06:55,ok,2026-09-11T01:46:08.127397+05:30,2026-09-11_0146IST,airline_direct,IndiGo
MAA,DEL,6E,IndiGo,6E 953,2026-10-26,45,business,,,24700.0,False,02:45,ok,2026-09-11T01:47:04.344693+05:30,2026-09-11_0147IST,airline_direct,IndiGo
MAA,DEL,6E,IndiGo,6E 953,2026-10-26,45,economy,,,9830.0,False,02:45,ok,2026-09-11T01:47:04.344693+05:30,2026-09-11_0147IST,airline_direct,IndiGo
MAA,DEL,6E,IndiGo,6E 6002,2026-10-26,45,business,,,24700.0,False,11:00,ok,2026-09-11T01:47:04.344693+05:30,2026-09-11_0147IST,airline_direct,IndiGo
MAA,DEL,6E,IndiGo,6E 6002,2026-10-26,45,economy,,,9830.0,False,11:00,ok,2026-09-11T01:47:04.344693+05:30,2026-09-11_0147IST,airline_direct,IndiGo
MAA,DEL,6E,IndiGo,6E 2335,2026-10-26,45,business,,,24700.0,False,12:30,ok,2026-09-11T01:47:04.344693+05:30,2026-09-11_0147IST,airline_direct,IndiGo
MAA,DEL,6E,IndiGo,6E 2335,2026-10-26,45,economy,,,9830.0,False,12:30,ok,2026-09-11T01:47:04.344693+05:30,2026-09-11_0147IST,airline_direct,IndiGo
MAA,DEL,6E,IndiGo,6E 948,2026-10-26,45,business,,,24700.0,False,14:15,ok,2026-09-11T01:47:04.344693+05:30,2026-09-11_0147IST,airline_direct,IndiGo
MAA,DEL,6E,IndiGo,6E 948,2026-10-26,45,economy,,,9830.0,False,14:15,ok,2026-09-11T01:47:04.344693+05:30,2026-09-11_0147IST,airline_direct,IndiGo
MAA,DEL,6E,IndiGo,6E 698,2026-10-26,45,business,,,24700.0,False,16:30,ok,2026-09-11T01:47:04.344693+05:30,2026-09-11_0147IST,airline_direct,IndiGo
MAA,DEL,6E,IndiGo,6E 698,2026-10-26,45,economy,,,9830.0,False,16:30,ok,2026-09-11T01:47:04.344693+05:30,2026-09-11_0147IST,airline_direct,IndiGo
MAA,DEL,6E,IndiGo,6E 613,2026-10-26,45,business,,,24700.0,False,19:00,ok,2026-09-11T01:47:04.344693+05:30,2026-09-11_0147IST,airline_direct,IndiGo
MAA,DEL,6E,IndiGo,6E 613,2026-10-26,45,economy,,,9830.0,False,19:00,ok,2026-09-11T01:47:04.344693+05:30,2026-09-11_0147IST,airline_direct,IndiGo
MAA,DEL,6E,IndiGo,6E 2202,2026-10-26,45,business,,,24700.0,False,21:30,ok,2026-09-11T01:47:04.344693+05:30,2026-09-11_0147IST,airline_direct,IndiGo
MAA,DEL,6E,IndiGo,6E 2202,2026-10-26,45,economy,,,9830.0,False,21:30,ok,2026-09-11T01:47:04.344693+05:30,2026-09-11_0147IST,airline_direct,IndiGo
MAA,DEL,6E,IndiGo,6E 6343,2026-10-26,45,business,,,24700.0,False,23:45,ok,2026-09-11T01:47:04.344693+05:30,2026-09-11_0147IST,airline_direct,IndiGo
MAA,DEL,6E,IndiGo,6E 6343,2026-10-26,45,economy,,,9830.0,False,23:45,ok,2026-09-11T01:47:04.344693+05:30,2026-09-11_0147IST,airline_direct,IndiGo
MAA,DEL,6E,IndiGo,6E 937,2026-10-26,45,business,,,24700.0,False,05:45,ok,2026-09-11T01:47:04.344693+05:30,2026-09-11_0147IST,airline_direct,IndiGo
MAA,DEL,6E,IndiGo,6E 937,2026-10-26,45,economy,,,10295.0,False,05:45,ok,2026-09-11T01:47:04.344693+05:30,2026-09-11_0147IST,airline_direct,IndiGo
MAA,DEL,6E,IndiGo,6E 404,2026-10-26,45,business,,,24700.0,False,09:00,ok,2026-09-11T01:47:04.344693+05:30,2026-09-11_0147IST,airline_direct,IndiGo
MAA,DEL,6E,IndiGo,6E 404,2026-10-26,45,economy,,,10295.0,False,09:00,ok,2026-09-11T01:47:04.344693+05:30,2026-09-11_0147IST,airline_direct,IndiGo
MAA,DEL,6E,IndiGo,6E 6797,2026-10-26,45,economy,,,9568.0,False,13:50,ok,2026-09-11T01:47:04.344693+05:30,2026-09-11_0147IST,airline_direct,IndiGo
MAA,DEL,6E,IndiGo,6E 916,2026-10-26,45,business,,,28061.0,False,00:45,ok,2026-09-11T01:47:04.344693+05:30,2026-09-11_0147IST,airline_direct,IndiGo
MAA,DEL,6E,IndiGo,6E 916,2026-10-26,45,economy,,,9778.0,False,00:45,ok,2026-09-11T01:47:04.344693+05:30,2026-09-11_0147IST,airline_direct,IndiGo
MAA,DEL,6E,IndiGo,6E 253,2026-10-26,45,business,,,28061.0,False,02:20,ok,2026-09-11T01:47:04.344693+05:30,2026-09-11_0147IST,airline_direct,IndiGo
MAA,DEL,6E,IndiGo,6E 253,2026-10-26,45,economy,,,9778.0,False,02:20,ok,2026-09-11T01:47:04.344693+05:30,2026-09-11_0147IST,airline_direct,IndiGo
MAA,DEL,6E,IndiGo,6E 607,2026-10-26,45,business,,,28061.0,False,04:50,ok,2026-09-11T01:47:04.344693+05:30,2026-09-11_0147IST,airline_direct,IndiGo
MAA,DEL,6E,IndiGo,6E 607,2026-10-26,45,economy,,,9778.0,False,04:50,ok,2026-09-11T01:47:04.344693+05:30,2026-09-11_0147IST,airline_direct,IndiGo
MAA,DEL,6E,IndiGo,6E 607,2026-10-26,45,business,,,28061.0,False,04:50,ok,2026-09-11T01:47:04.344693+05:30,2026-09-11_0147IST,airline_direct,IndiGo
MAA,DEL,6E,IndiGo,6E 607,2026-10-26,45,economy,,,9778.0,False,04:50,ok,2026-09-11T01:47:04.344693+05:30,2026-09-11_0147IST,airline_direct,IndiGo
MAA,DEL,6E,IndiGo,6E 6079,2026-10-26,45,economy,,,9778.0,False,05:55,ok,2026-09-11T01:47:04.344693+05:30,2026-09-11_0147IST,airline_direct,IndiGo
MAA,DEL,6E,IndiGo,6E 293,2026-10-26,45,business,,,27970.0,False,07:20,ok,2026-09-11T01:47:04.344693+05:30,2026-09-11_0147IST,airline_direct,IndiGo
MAA,DEL,6E,IndiGo,6E 293,2026-10-26,45,economy,,,9778.0,False,07:20,ok,2026-09-11T01:47:04.344693+05:30,2026-09-11_0147IST,airline_direct,IndiGo
MAA,DEL,6E,IndiGo,6E 834,2026-10-26,45,business,,,26398.0,False,09:45,ok,2026-09-11T01:47:04.344693+05:30,2026-09-11_0147IST,airline_direct,IndiGo
MAA,DEL,6E,IndiGo,6E 834,2026-10-26,45,economy,,,9778.0,False,09:45,ok,2026-09-11T01:47:04.344693+05:30,2026-09-11_0147IST,airline_direct,IndiGo
MAA,DEL,6E,IndiGo,6E 6925,2026-10-26,45,business,,,26457.0,False,10:40,ok,2026-09-11T01:47:04.344693+05:30,2026-09-11_0147IST,airline_direct,IndiGo
MAA,DEL,6E,IndiGo,6E 6925,2026-10-26,45,economy,,,9778.0,False,10:40,ok,2026-09-11T01:47:04.344693+05:30,2026-09-11_0147IST,airline_direct,IndiGo
MAA,DEL,6E,IndiGo,6E 6925,2026-10-26,45,business,,,26457.0,False,10:40,ok,2026-09-11T01:47:04.344693+05:30,2026-09-11_0147IST,airline_direct,IndiGo
MAA,DEL,6E,IndiGo,6E 6925,2026-10-26,45,economy,,,9778.0,False,10:40,ok,2026-09-11T01:47:04.344693+05:30,2026-09-11_0147IST,airline_direct,IndiGo
MAA,DEL,6E,IndiGo,6E 848,2026-10-26,45,economy,,,9778.0,False,11:15,ok,2026-09-11T01:47:04.344693+05:30,2026-09-11_0147IST,airline_direct,IndiGo
MAA,DEL,6E,IndiGo,6E 495,2026-10-26,45,business,,,27970.0,False,13:00,ok,2026-09-11T01:47:04.344693+05:30,2026-09-11_0147IST,airline_direct,IndiGo
MAA,DEL,6E,IndiGo,6E 495,2026-10-26,45,economy,,,9778.0,False,13:00,ok,2026-09-11T01:47:04.344693+05:30,2026-09-11_0147IST,airline_direct,IndiGo
MAA,DEL,6E,IndiGo,6E 6158,2026-10-26,45,business,,,26457.0,False,15:45,ok,2026-09-11T01:47:04.344693+05:30,2026-09-11_0147IST,airline_direct,IndiGo
MAA,DEL,6E,IndiGo,6E 6158,2026-10-26,45,economy,,,9778.0,False,15:45,ok,2026-09-11T01:47:04.344693+05:30,2026-09-11_0147IST,airline_direct,IndiGo
MAA,DEL,6E,IndiGo,6E 193,2026-10-26,45,business,,,26457.0,False,17:25,ok,2026-09-11T01:47:04.344693+05:30,2026-09-11_0147IST,airline_direct,IndiGo
MAA,DEL,6E,IndiGo,6E 193,2026-10-26,45,economy,,,9778.0,False,17:25,ok,2026-09-11T01:47:04.344693+05:30,2026-09-11_0147IST,airline_direct,IndiGo
MAA,DEL,6E,IndiGo,6E 2445,2026-10-26,45,business,,,26457.0,False,18:35,ok,2026-09-11T01:47:04.344693+05:30,2026-09-11_0147IST,airline_direct,IndiGo
MAA,DEL,6E,IndiGo,6E 2445,2026-10-26,45,economy,,,9778.0,False,18:35,ok,2026-09-11T01:47:04.344693+05:30,2026-09-11_0147IST,airline_direct,IndiGo
MAA,DEL,6E,IndiGo,6E 2445,2026-10-26,45,business,,,26457.0,False,18:35,ok,2026-09-11T01:47:04.344693+05:30,2026-09-11_0147IST,airline_direct,IndiGo
MAA,DEL,6E,IndiGo,6E 2445,2026-10-26,45,economy,,,9778.0,False,18:35,ok,2026-09-11T01:47:04.344693+05:30,2026-09-11_0147IST,airline_direct,IndiGo
MAA,DEL,6E,IndiGo,6E 6215,2026-10-26,45,business,,,26457.0,False,19:40,ok,2026-09-11T01:47:04.344693+05:30,2026-09-11_0147IST,airline_direct,IndiGo
MAA,DEL,6E,IndiGo,6E 6215,2026-10-26,45,economy,,,9778.0,False,19:40,ok,2026-09-11T01:47:04.344693+05:30,2026-09-11_0147IST,airline_direct,IndiGo
MAA,DEL,6E,IndiGo,6E 6374,2026-10-26,45,economy,,,9778.0,False,20:45,ok,2026-09-11T01:47:04.344693+05:30,2026-09-11_0147IST,airline_direct,IndiGo
MAA,DEL,6E,IndiGo,6E 2507,2026-10-26,45,business,,,28061.0,False,22:10,ok,2026-09-11T01:47:04.344693+05:30,2026-09-11_0147IST,airline_direct,IndiGo
MAA,DEL,6E,IndiGo,6E 2507,2026-10-26,45,economy,,,9778.0,False,22:10,ok,2026-09-11T01:47:04.344693+05:30,2026-09-11_0147IST,airline_direct,IndiGo
MAA,DEL,6E,IndiGo,6E 6081,2026-10-26,45,business,,,29704.0,False,07:05,ok,2026-09-11T01:47:04.344693+05:30,2026-09-11_0147IST,airline_direct,IndiGo
MAA,DEL,6E,IndiGo,6E 6081,2026-10-26,45,economy,,,9857.0,False,07:05,ok,2026-09-11T01:47:04.344693+05:30,2026-09-11_0147IST,airline_direct,IndiGo
MAA,DEL,6E,IndiGo,6E 6081,2026-10-26,45,business,,,29704.0,False,07:05,ok,2026-09-11T01:47:04.344693+05:30,2026-09-11_0147IST,airline_direct,IndiGo
MAA,DEL,6E,IndiGo,6E 6081,2026-10-26,45,economy,,,9857.0,False,07:05,ok,2026-09-11T01:47:04.344693+05:30,2026-09-11_0147IST,airline_direct,IndiGo
MAA,DEL,6E,IndiGo,6E 6815,2026-10-26,45,business,,,31788.0,False,08:55,ok,2026-09-11T01:47:04.344693+05:30,2026-09-11_0147IST,airline_direct,IndiGo
MAA,DEL,6E,IndiGo,6E 6815,2026-10-26,45,economy,,,9857.0,False,08:55,ok,2026-09-11T01:47:04.344693+05:30,2026-09-11_0147IST,airline_direct,IndiGo
MAA,DEL,6E,IndiGo,6E 562,2026-10-26,45,business,,,30048.0,False,10:20,ok,2026-09-11T01:47:04.344693+05:30,2026-09-11_0147IST,airline_direct,IndiGo
MAA,DEL,6E,IndiGo,6E 562,2026-10-26,45,economy,,,9857.0,False,10:20,ok,2026-09-11T01:47:04.344693+05:30,2026-09-11_0147IST,airline_direct,IndiGo
MAA,DEL,6E,IndiGo,6E 6209,2026-10-26,45,business,,,32934.0,False,12:40,ok,2026-09-11T01:47:04.344693+05:30,2026-09-11_0147IST,airline_direct,IndiGo
MAA,DEL,6E,IndiGo,6E 6209,2026-10-26,45,economy,,,9857.0,False,12:40,ok,2026-09-11T01:47:04.344693+05:30,2026-09-11_0147IST,airline_direct,IndiGo
MAA,DEL,6E,IndiGo,6E 365,2026-10-26,45,business,,,29704.0,False,15:00,ok,2026-09-11T01:47:04.344693+05:30,2026-09-11_0147IST,airline_direct,IndiGo
MAA,DEL,6E,IndiGo,6E 365,2026-10-26,45,economy,,,9857.0,False,15:00,ok,2026-09-11T01:47:04.344693+05:30,2026-09-11_0147IST,airline_direct,IndiGo
MAA,DEL,6E,IndiGo,6E 847,2026-10-26,45,business,,,33591.0,False,16:20,ok,2026-09-11T01:47:04.344693+05:30,2026-09-11_0147IST,airline_direct,IndiGo
MAA,DEL,6E,IndiGo,6E 847,2026-10-26,45,economy,,,9857.0,False,16:20,ok,2026-09-11T01:47:04.344693+05:30,2026-09-11_0147IST,airline_direct,IndiGo
MAA,DEL,6E,IndiGo,6E 6892,2026-10-26,45,business,,,31788.0,False,17:25,ok,2026-09-11T01:47:04.344693+05:30,2026-09-11_0147IST,airline_direct,IndiGo
MAA,DEL,6E,IndiGo,6E 6892,2026-10-26,45,economy,,,9857.0,False,17:25,ok,2026-09-11T01:47:04.344693+05:30,2026-09-11_0147IST,airline_direct,IndiGo
MAA,DEL,6E,IndiGo,6E 6892,2026-10-26,45,business,,,31788.0,False,17:25,ok,2026-09-11T01:47:04.344693+05:30,2026-09-11_0147IST,airline_direct,IndiGo
MAA,DEL,6E,IndiGo,6E 6892,2026-10-26,45,economy,,,9857.0,False,17:25,ok,2026-09-11T01:47:04.344693+05:30,2026-09-11_0147IST,airline_direct,IndiGo
MAA,DEL,6E,IndiGo,6E 6381,2026-10-26,45,economy,,,9857.0,False,17:45,ok,2026-09-11T01:47:04.344693+05:30,2026-09-11_0147IST,airline_direct,IndiGo
MAA,DEL,6E,IndiGo,6E 2505,2026-10-26,45,business,,,31788.0,False,18:45,ok,2026-09-11T01:47:04.344693+05:30,2026-09-11_0147IST,airline_direct,IndiGo
MAA,DEL,6E,IndiGo,6E 2505,2026-10-26,45,economy,,,9857.0,False,18:45,ok,2026-09-11T01:47:04.344693+05:30,2026-09-11_0147IST,airline_direct,IndiGo
MAA,DEL,6E,IndiGo,6E 7359,2026-10-26,45,economy,,,9857.0,False,18:50,ok,2026-09-11T01:47:04.344693+05:30,2026-09-11_0147IST,airline_direct,IndiGo
MAA,DEL,6E,IndiGo,6E 189,2026-10-26,45,business,,,30424.0,False,19:45,ok,2026-09-11T01:47:04.344693+05:30,2026-09-11_0147IST,airline_direct,IndiGo
MAA,DEL,6E,IndiGo,6E 189,2026-10-26,45,economy,,,9857.0,False,19:45,ok,2026-09-11T01:47:04.344693+05:30,2026-09-11_0147IST,airline_direct,IndiGo
MAA,DEL,6E,IndiGo,6E 796,2026-10-26,45,business,,,32934.0,False,20:45,ok,2026-09-11T01:47:04.344693+05:30,2026-09-11_0147IST,airline_direct,IndiGo
MAA,DEL,6E,IndiGo,6E 796,2026-10-26,45,economy,,,9857.0,False,20:45,ok,2026-09-11T01:47:04.344693+05:30,2026-09-11_0147IST,airline_direct,IndiGo
MAA,DEL,6E,IndiGo,6E 5093,2026-10-26,45,business,,,35375.0,False,05:30,ok,2026-09-11T01:47:04.344693+05:30,2026-09-11_0147IST,airline_direct,IndiGo
MAA,DEL,6E,IndiGo,6E 5093,2026-10-26,45,economy,,,9988.0,False,05:30,ok,2026-09-11T01:47:04.344693+05:30,2026-09-11_0147IST,airline_direct,IndiGo
MAA,DEL,6E,IndiGo,6E 5314,2026-10-26,45,business,,,35375.0,False,08:00,ok,2026-09-11T01:47:04.344693+05:30,2026-09-11_0147IST,airline_direct,IndiGo
MAA,DEL,6E,IndiGo,6E 5314,2026-10-26,45,economy,,,9988.0,False,08:00,ok,2026-09-11T01:47:04.344693+05:30,2026-09-11_0147IST,airline_direct,IndiGo
MAA,DEL,6E,IndiGo,6E 5084,2026-10-26,45,business,,,35375.0,False,09:55,ok,2026-09-11T01:47:04.344693+05:30,2026-09-11_0147IST,airline_direct,IndiGo
MAA,DEL,6E,IndiGo,6E 5084,2026-10-26,45,economy,,,9988.0,False,09:55,ok,2026-09-11T01:47:04.344693+05:30,2026-09-11_0147IST,airline_direct,IndiGo
MAA,DEL,6E,IndiGo,6E 5214,2026-10-26,45,business,,,35375.0,False,11:30,ok,2026-09-11T01:47:04.344693+05:30,2026-09-11_0147IST,airline_direct,IndiGo
MAA,DEL,6E,IndiGo,6E 5214,2026-10-26,45,economy,,,9988.0,False,11:30,ok,2026-09-11T01:47:04.344693+05:30,2026-09-11_0147IST,airline_direct,IndiGo
MAA,DEL,6E,IndiGo,6E 5371,2026-10-26,45,business,,,35375.0,False,16:00,ok,2026-09-11T01:47:04.344693+05:30,2026-09-11_0147IST,airline_direct,IndiGo
MAA,DEL,6E,IndiGo,6E 5371,2026-10-26,45,economy,,,9988.0,False,16:00,ok,2026-09-11T01:47:04.344693+05:30,2026-09-11_0147IST,airline_direct,IndiGo
MAA,DEL,6E,IndiGo,6E 588,2026-10-26,45,business,,,36481.0,False,18:55,ok,2026-09-11T01:47:04.344693+05:30,2026-09-11_0147IST,airline_direct,IndiGo
MAA,DEL,6E,IndiGo,6E 588,2026-10-26,45,economy,,,9988.0,False,18:55,ok,2026-09-11T01:47:04.344693+05:30,2026-09-11_0147IST,airline_direct,IndiGo
MAA,DEL,6E,IndiGo,6E 6225,2026-10-26,45,business,,,35375.0,False,23:15,ok,2026-09-11T01:47:04.344693+05:30,2026-09-11_0147IST,airline_direct,IndiGo
MAA,DEL,6E,IndiGo,6E 6225,2026-10-26,45,economy,,,9988.0,False,23:15,ok,2026-09-11T01:47:04.344693+05:30,2026-09-11_0147IST,airline_direct,IndiGo
MAA,DEL,6E,IndiGo,6E 430,2026-10-26,45,economy,,,10535.0,False,11:40,ok,2026-09-11T01:47:04.344693+05:30,2026-09-11_0147IST,airline_direct,IndiGo
MAA,DEL,6E,IndiGo,6E 401,2026-10-26,45,economy,,,10535.0,False,15:45,ok,2026-09-11T01:47:04.344693+05:30,2026-09-11_0147IST,airline_direct,IndiGo
MAA,DEL,6E,IndiGo,6E 515,2026-10-26,45,economy,,,12356.0,False,13:20,ok,2026-09-11T01:47:04.344693+05:30,2026-09-11_0147IST,airline_direct,IndiGo
MAA,DEL,6E,IndiGo,6E 143,2026-10-26,45,economy,,,17276.0,False,20:10,ok,2026-09-11T01:47:04.344693+05:30,2026-09-11_0147IST,airline_direct,IndiGo
MAA,DEL,6E,IndiGo,6E 6662,2026-10-26,45,business,,,32928.0,False,23:00,ok,2026-09-11T01:47:04.344693+05:30,2026-09-11_0147IST,airline_direct,IndiGo
MAA,DEL,6E,IndiGo,6E 6662,2026-10-26,45,economy,,,19988.0,False,23:00,ok,2026-09-11T01:47:04.344693+05:30,2026-09-11_0147IST,airline_direct,IndiGo
MAA,DEL,6E,IndiGo,6E 606,2026-10-26,45,business,,,38909.0,False,18:15,ok,2026-09-11T01:47:04.344693+05:30,2026-09-11_0147IST,airline_direct,IndiGo
MAA,DEL,6E,IndiGo,6E 606,2026-10-26,45,economy,,,24541.0,False,18:15,ok,2026-09-11T01:47:04.344693+05:30,2026-09-11_0147IST,airline_direct,IndiGo
MAA,DEL,6E,IndiGo,6E 987,2026-10-26,45,business,,,38319.0,False,06:05,ok,2026-09-11T01:47:04.344693+05:30,2026-09-11_0147IST,airline_direct,IndiGo
MAA,DEL,6E,IndiGo,6E 987,2026-10-26,45,economy,,,24646.0,False,06:05,ok,2026-09-11T01:47:04.344693+05:30,2026-09-11_0147IST,airline_direct,IndiGo
MAA,DEL,6E,IndiGo,6E 321,2026-10-26,45,business,,,38319.0,False,08:15,ok,2026-09-11T01:47:04.344693+05:30,2026-09-11_0147IST,airline_direct,IndiGo
MAA,DEL,6E,IndiGo,6E 321,2026-10-26,45,economy,,,24646.0,False,08:15,ok,2026-09-11T01:47:04.344693+05:30,2026-09-11_0147IST,airline_direct,IndiGo
MAA,DEL,6E,IndiGo,6E 6326,2026-10-26,45,business,,,38319.0,False,12:10,ok,2026-09-11T01:47:04.344693+05:30,2026-09-11_0147IST,airline_direct,IndiGo
MAA,DEL,6E,IndiGo,6E 6326,2026-10-26,45,economy,,,24646.0,False,12:10,ok,2026-09-11T01:47:04.344693+05:30,2026-09-11_0147IST,airline_direct,IndiGo
DEL,BOM,6E,IndiGo,6E 353,2026-10-11,30,business,,,21900.0,False,03:00,ok,2026-09-11T01:48:02.686152+05:30,2026-09-11_0148IST,airline_direct,IndiGo
DEL,BOM,6E,IndiGo,6E 353,2026-10-11,30,economy,,,6305.0,False,03:00,ok,2026-09-11T01:48:02.686152+05:30,2026-09-11_0148IST,airline_direct,IndiGo
DEL,BOM,6E,IndiGo,6E 449,2026-10-11,30,business,,,21900.0,False,05:00,ok,2026-09-11T01:48:02.686152+05:30,2026-09-11_0148IST,airline_direct,IndiGo
DEL,BOM,6E,IndiGo,6E 449,2026-10-11,30,economy,,,6305.0,False,05:00,ok,2026-09-11T01:48:02.686152+05:30,2026-09-11_0148IST,airline_direct,IndiGo
DEL,BOM,6E,IndiGo,6E 6218,2026-10-11,30,business,,,21900.0,False,06:05,ok,2026-09-11T01:48:02.686152+05:30,2026-09-11_0148IST,airline_direct,IndiGo
DEL,BOM,6E,IndiGo,6E 6218,2026-10-11,30,economy,,,6305.0,False,06:05,ok,2026-09-11T01:48:02.686152+05:30,2026-09-11_0148IST,airline_direct,IndiGo
DEL,BOM,6E,IndiGo,6E 6814,2026-10-11,30,business,,,21900.0,False,07:15,ok,2026-09-11T01:48:02.686152+05:30,2026-09-11_0148IST,airline_direct,IndiGo
DEL,BOM,6E,IndiGo,6E 6814,2026-10-11,30,economy,,,6305.0,False,07:15,ok,2026-09-11T01:48:02.686152+05:30,2026-09-11_0148IST,airline_direct,IndiGo
DEL,BOM,6E,IndiGo,6E 320,2026-10-11,30,business,,,21900.0,False,08:00,ok,2026-09-11T01:48:02.686152+05:30,2026-09-11_0148IST,airline_direct,IndiGo
DEL,BOM,6E,IndiGo,6E 320,2026-10-11,30,economy,,,6305.0,False,08:00,ok,2026-09-11T01:48:02.686152+05:30,2026-09-11_0148IST,airline_direct,IndiGo
DEL,BOM,6E,IndiGo,6E 675,2026-10-11,30,business,,,21900.0,False,08:45,ok,2026-09-11T01:48:02.686152+05:30,2026-09-11_0148IST,airline_direct,IndiGo
DEL,BOM,6E,IndiGo,6E 675,2026-10-11,30,economy,,,6305.0,False,08:45,ok,2026-09-11T01:48:02.686152+05:30,2026-09-11_0148IST,airline_direct,IndiGo
DEL,BOM,6E,IndiGo,6E 6107,2026-10-11,30,business,,,21900.0,False,09:30,ok,2026-09-11T01:48:02.686152+05:30,2026-09-11_0148IST,airline_direct,IndiGo
DEL,BOM,6E,IndiGo,6E 6107,2026-10-11,30,economy,,,6305.0,False,09:30,ok,2026-09-11T01:48:02.686152+05:30,2026-09-11_0148IST,airline_direct,IndiGo
DEL,BOM,6E,IndiGo,6E 6328,2026-10-11,30,business,,,21900.0,False,10:15,ok,2026-09-11T01:48:02.686152+05:30,2026-09-11_0148IST,airline_direct,IndiGo
DEL,BOM,6E,IndiGo,6E 6328,2026-10-11,30,economy,,,6305.0,False,10:15,ok,2026-09-11T01:48:02.686152+05:30,2026-09-11_0148IST,airline_direct,IndiGo
DEL,BOM,6E,IndiGo,6E 6047,2026-10-11,30,business,,,21900.0,False,11:00,ok,2026-09-11T01:48:02.686152+05:30,2026-09-11_0148IST,airline_direct,IndiGo
DEL,BOM,6E,IndiGo,6E 6047,2026-10-11,30,economy,,,6305.0,False,11:00,ok,2026-09-11T01:48:02.686152+05:30,2026-09-11_0148IST,airline_direct,IndiGo
DEL,BOM,6E,IndiGo,6E 395,2026-10-11,30,business,,,21900.0,False,21:45,ok,2026-09-11T01:48:02.686152+05:30,2026-09-11_0148IST,airline_direct,IndiGo
DEL,BOM,6E,IndiGo,6E 395,2026-10-11,30,economy,,,6305.0,False,21:45,ok,2026-09-11T01:48:02.686152+05:30,2026-09-11_0148IST,airline_direct,IndiGo
DEL,BOM,6E,IndiGo,6E 6114,2026-10-11,30,business,,,21900.0,False,22:45,ok,2026-09-11T01:48:02.686152+05:30,2026-09-11_0148IST,airline_direct,IndiGo
DEL,BOM,6E,IndiGo,6E 6114,2026-10-11,30,economy,,,6305.0,False,22:45,ok,2026-09-11T01:48:02.686152+05:30,2026-09-11_0148IST,airline_direct,IndiGo
DEL,BOM,6E,IndiGo,6E 322,2026-10-11,30,business,,,21900.0,False,23:30,ok,2026-09-11T01:48:02.686152+05:30,2026-09-11_0148IST,airline_direct,IndiGo
DEL,BOM,6E,IndiGo,6E 322,2026-10-11,30,economy,,,6305.0,False,23:30,ok,2026-09-11T01:48:02.686152+05:30,2026-09-11_0148IST,airline_direct,IndiGo
DEL,BOM,6E,IndiGo,6E 6676,2026-10-11,30,business,,,21900.0,False,12:00,ok,2026-09-11T01:48:02.686152+05:30,2026-09-11_0148IST,airline_direct,IndiGo
DEL,BOM,6E,IndiGo,6E 6676,2026-10-11,30,economy,,,6357.0,False,12:00,ok,2026-09-11T01:48:02.686152+05:30,2026-09-11_0148IST,airline_direct,IndiGo
DEL,BOM,6E,IndiGo,6E 324,2026-10-11,30,business,,,21900.0,False,13:00,ok,2026-09-11T01:48:02.686152+05:30,2026-09-11_0148IST,airline_direct,IndiGo
DEL,BOM,6E,IndiGo,6E 324,2026-10-11,30,economy,,,6357.0,False,13:00,ok,2026-09-11T01:48:02.686152+05:30,2026-09-11_0148IST,airline_direct,IndiGo
DEL,BOM,6E,IndiGo,6E 327,2026-10-11,30,business,,,21900.0,False,16:15,ok,2026-09-11T01:48:02.686152+05:30,2026-09-11_0148IST,airline_direct,IndiGo
DEL,BOM,6E,IndiGo,6E 327,2026-10-11,30,economy,,,6357.0,False,16:15,ok,2026-09-11T01:48:02.686152+05:30,2026-09-11_0148IST,airline_direct,IndiGo
DEL,BOM,6E,IndiGo,6E 329,2026-10-11,30,business,,,21900.0,False,18:00,ok,2026-09-11T01:48:02.686152+05:30,2026-09-11_0148IST,airline_direct,IndiGo
DEL,BOM,6E,IndiGo,6E 329,2026-10-11,30,economy,,,6357.0,False,18:00,ok,2026-09-11T01:48:02.686152+05:30,2026-09-11_0148IST,airline_direct,IndiGo
DEL,BOM,6E,IndiGo,6E 6022,2026-10-11,30,business,,,21900.0,False,14:00,ok,2026-09-11T01:48:02.686152+05:30,2026-09-11_0148IST,airline_direct,IndiGo
DEL,BOM,6E,IndiGo,6E 6022,2026-10-11,30,economy,,,6431.0,False,14:00,ok,2026-09-11T01:48:02.686152+05:30,2026-09-11_0148IST,airline_direct,IndiGo
DEL,BOM,6E,IndiGo,6E 6318,2026-10-11,30,business,,,21900.0,False,14:45,ok,2026-09-11T01:48:02.686152+05:30,2026-09-11_0148IST,airline_direct,IndiGo
DEL,BOM,6E,IndiGo,6E 6318,2026-10-11,30,economy,,,6431.0,False,14:45,ok,2026-09-11T01:48:02.686152+05:30,2026-09-11_0148IST,airline_direct,IndiGo
DEL,BOM,6E,IndiGo,6E 864,2026-10-11,30,business,,,21900.0,False,15:30,ok,2026-09-11T01:48:02.686152+05:30,2026-09-11_0148IST,airline_direct,IndiGo
DEL,BOM,6E,IndiGo,6E 864,2026-10-11,30,economy,,,6431.0,False,15:30,ok,2026-09-11T01:48:02.686152+05:30,2026-09-11_0148IST,airline_direct,IndiGo
DEL,BOM,6E,IndiGo,6E 354,2026-10-11,30,business,,,21900.0,False,19:00,ok,2026-09-11T01:48:02.686152+05:30,2026-09-11_0148IST,airline_direct,IndiGo
DEL,BOM,6E,IndiGo,6E 354,2026-10-11,30,economy,,,6431.0,False,19:00,ok,2026-09-11T01:48:02.686152+05:30,2026-09-11_0148IST,airline_direct,IndiGo
DEL,BOM,6E,IndiGo,6E 303,2026-10-11,30,business,,,21900.0,False,20:00,ok,2026-09-11T01:48:02.686152+05:30,2026-09-11_0148IST,airline_direct,IndiGo
DEL,BOM,6E,IndiGo,6E 303,2026-10-11,30,economy,,,6431.0,False,20:00,ok,2026-09-11T01:48:02.686152+05:30,2026-09-11_0148IST,airline_direct,IndiGo
DEL,BOM,6E,IndiGo,6E 853,2026-10-11,30,business,,,21900.0,False,20:45,ok,2026-09-11T01:48:02.686152+05:30,2026-09-11_0148IST,airline_direct,IndiGo
DEL,BOM,6E,IndiGo,6E 853,2026-10-11,30,economy,,,6431.0,False,20:45,ok,2026-09-11T01:48:02.686152+05:30,2026-09-11_0148IST,airline_direct,IndiGo
DEL,BOM,6E,IndiGo,6E 6706,2026-10-11,30,business,,,21900.0,False,17:00,ok,2026-09-11T01:48:02.686152+05:30,2026-09-11_0148IST,airline_direct,IndiGo
DEL,BOM,6E,IndiGo,6E 6706,2026-10-11,30,economy,,,7003.0,False,17:00,ok,2026-09-11T01:48:02.686152+05:30,2026-09-11_0148IST,airline_direct,IndiGo
DEL,BOM,6E,IndiGo,6E 6261,2026-10-11,30,economy,,,6618.0,False,00:15,ok,2026-09-11T01:48:02.686152+05:30,2026-09-11_0148IST,airline_direct,IndiGo
DEL,BOM,6E,IndiGo,6E 5119,2026-10-11,30,economy,,,6618.0,False,05:10,ok,2026-09-11T01:48:02.686152+05:30,2026-09-11_0148IST,airline_direct,IndiGo
DEL,BOM,6E,IndiGo,6E 5119,2026-10-11,30,economy,,,6618.0,False,05:10,ok,2026-09-11T01:48:02.686152+05:30,2026-09-11_0148IST,airline_direct,IndiGo
DEL,BOM,6E,IndiGo,6E 2076,2026-10-11,30,economy,,,6618.0,False,07:30,ok,2026-09-11T01:48:02.686152+05:30,2026-09-11_0148IST,airline_direct,IndiGo
DEL,BOM,6E,IndiGo,6E 2331,2026-10-11,30,economy,,,6618.0,False,12:20,ok,2026-09-11T01:48:02.686152+05:30,2026-09-11_0148IST,airline_direct,IndiGo
DEL,BOM,6E,IndiGo,6E 2341,2026-10-11,30,economy,,,6618.0,False,14:50,ok,2026-09-11T01:48:02.686152+05:30,2026-09-11_0148IST,airline_direct,IndiGo
DEL,BOM,6E,IndiGo,6E 6983,2026-10-11,30,economy,,,6618.0,False,15:35,ok,2026-09-11T01:48:02.686152+05:30,2026-09-11_0148IST,airline_direct,IndiGo
DEL,BOM,6E,IndiGo,6E 5073,2026-10-11,30,economy,,,6618.0,False,17:05,ok,2026-09-11T01:48:02.686152+05:30,2026-09-11_0148IST,airline_direct,IndiGo
DEL,BOM,6E,IndiGo,6E 5073,2026-10-11,30,economy,,,6618.0,False,17:05,ok,2026-09-11T01:48:02.686152+05:30,2026-09-11_0148IST,airline_direct,IndiGo
DEL,BOM,6E,IndiGo,6E 2013,2026-10-11,30,economy,,,6618.0,False,21:50,ok,2026-09-11T01:48:02.686152+05:30,2026-09-11_0148IST,airline_direct,IndiGo
DEL,BOM,6E,IndiGo,6E 6569,2026-10-11,30,economy,,,6750.0,False,05:00,ok,2026-09-11T01:48:02.686152+05:30,2026-09-11_0148IST,airline_direct,IndiGo
DEL,BOM,6E,IndiGo,6E 6443,2026-10-11,30,economy,,,6750.0,False,09:00,ok,2026-09-11T01:48:02.686152+05:30,2026-09-11_0148IST,airline_direct,IndiGo
DEL,BOM,6E,IndiGo,6E 2249,2026-10-11,30,economy,,,6750.0,False,15:00,ok,2026-09-11T01:48:02.686152+05:30,2026-09-11_0148IST,airline_direct,IndiGo
DEL,BOM,6E,IndiGo,6E 6476,2026-10-11,30,economy,,,6828.0,False,07:05,ok,2026-09-11T01:48:02.686152+05:30,2026-09-11_0148IST,airline_direct,IndiGo
DEL,BOM,6E,IndiGo,6E 2113,2026-10-11,30,economy,,,6828.0,False,13:20,ok,2026-09-11T01:48:02.686152+05:30,2026-09-11_0148IST,airline_direct,IndiGo
DEL,BOM,6E,IndiGo,6E 5038,2026-10-11,30,economy,,,6828.0,False,14:00,ok,2026-09-11T01:48:02.686152+05:30,2026-09-11_0148IST,airline_direct,IndiGo
DEL,BOM,6E,IndiGo,6E 758,2026-10-11,30,economy,,,6828.0,False,16:10,ok,2026-09-11T01:48:02.686152+05:30,2026-09-11_0148IST,airline_direct,IndiGo
DEL,BOM,6E,IndiGo,6E 6479,2026-10-11,30,economy,,,6828.0,False,21:25,ok,2026-09-11T01:48:02.686152+05:30,2026-09-11_0148IST,airline_direct,IndiGo
DEL,BOM,6E,IndiGo,6E 357,2026-10-11,30,business,,,36143.0,False,19:30,ok,2026-09-11T01:48:02.686152+05:30,2026-09-11_0148IST,airline_direct,IndiGo
DEL,BOM,6E,IndiGo,6E 357,2026-10-11,30,economy,,,7038.0,False,19:30,ok,2026-09-11T01:48:02.686152+05:30,2026-09-11_0148IST,airline_direct,IndiGo
DEL,BOM,6E,IndiGo,6E 6171,2026-10-11,30,economy,,,7142.0,False,05:40,ok,2026-09-11T01:48:02.686152+05:30,2026-09-11_0148IST,airline_direct,IndiGo
DEL,BOM,6E,IndiGo,6E 931,2026-10-11,30,economy,,,7142.0,False,19:30,ok,2026-09-11T01:48:02.686152+05:30,2026-09-11_0148IST,airline_direct,IndiGo
DEL,BOM,6E,IndiGo,6E 6459,2026-10-11,30,economy,,,7274.0,False,05:55,ok,2026-09-11T01:48:02.686152+05:30,2026-09-11_0148IST,airline_direct,IndiGo
DEL,BOM,6E,IndiGo,6E 6488,2026-10-11,30,economy,,,7274.0,False,11:20,ok,2026-09-11T01:48:02.686152+05:30,2026-09-11_0148IST,airline_direct,IndiGo
DEL,BOM,6E,IndiGo,6E 6433,2026-10-11,30,economy,,,7274.0,False,16:30,ok,2026-09-11T01:48:02.686152+05:30,2026-09-11_0148IST,airline_direct,IndiGo
DEL,BOM,6E,IndiGo,6E 6829,2026-10-11,30,economy,,,7274.0,False,17:20,ok,2026-09-11T01:48:02.686152+05:30,2026-09-11_0148IST,airline_direct,IndiGo
DEL,BOM,6E,IndiGo,6E 2169,2026-10-11,30,economy,,,7274.0,False,19:20,ok,2026-09-11T01:48:02.686152+05:30,2026-09-11_0148IST,airline_direct,IndiGo
DEL,BOM,6E,IndiGo,6E 5014,2026-10-11,30,economy,,,7718.0,False,18:30,ok,2026-09-11T01:48:02.686152+05:30,2026-09-11_0148IST,airline_direct,IndiGo
DEL,BOM,6E,IndiGo,6E 2496,2026-10-11,30,economy,,,7799.0,False,12:40,ok,2026-09-11T01:48:02.686152+05:30,2026-09-11_0148IST,airline_direct,IndiGo
DEL,BOM,6E,IndiGo,6E 704,2026-10-11,30,business,,,29617.0,False,02:25,ok,2026-09-11T01:48:02.686152+05:30,2026-09-11_0148IST,airline_direct,IndiGo
DEL,BOM,6E,IndiGo,6E 704,2026-10-11,30,economy,,,8059.0,False,02:25,ok,2026-09-11T01:48:02.686152+05:30,2026-09-11_0148IST,airline_direct,IndiGo
DEL,BOM,6E,IndiGo,6E 2381,2026-10-11,30,economy,,,8059.0,False,13:45,ok,2026-09-11T01:48:02.686152+05:30,2026-09-11_0148IST,airline_direct,IndiGo
DEL,BOM,6E,IndiGo,6E 6601,2026-10-11,30,business,,,29617.0,False,19:45,ok,2026-09-11T01:48:02.686152+05:30,2026-09-11_0148IST,airline_direct,IndiGo
DEL,BOM,6E,IndiGo,6E 6601,2026-10-11,30,economy,,,8059.0,False,19:45,ok,2026-09-11T01:48:02.686152+05:30,2026-09-11_0148IST,airline_direct,IndiGo
DEL,BOM,6E,IndiGo,6E 882,2026-10-11,30,business,,,26937.0,False,23:15,ok,2026-09-11T01:48:02.686152+05:30,2026-09-11_0148IST,airline_direct,IndiGo
DEL,BOM,6E,IndiGo,6E 882,2026-10-11,30,economy,,,8059.0,False,23:15,ok,2026-09-11T01:48:02.686152+05:30,2026-09-11_0148IST,airline_direct,IndiGo
DEL,BOM,6E,IndiGo,6E 705,2026-10-11,30,business,,,29617.0,False,08:30,ok,2026-09-11T01:48:02.686152+05:30,2026-09-11_0148IST,airline_direct,IndiGo
DEL,BOM,6E,IndiGo,6E 705,2026-10-11,30,economy,,,8692.0,False,08:30,ok,2026-09-11T01:48:02.686152+05:30,2026-09-11_0148IST,airline_direct,IndiGo
DEL,BOM,6E,IndiGo,6E 6293,2026-10-11,30,business,,,29617.0,False,09:55,ok,2026-09-11T01:48:02.686152+05:30,2026-09-11_0148IST,airline_direct,IndiGo
DEL,BOM,6E,IndiGo,6E 6293,2026-10-11,30,economy,,,8692.0,False,09:55,ok,2026-09-11T01:48:02.686152+05:30,2026-09-11_0148IST,airline_direct,IndiGo
DEL,BOM,6E,IndiGo,6E 6212,2026-10-11,30,business,,,29617.0,False,14:45,ok,2026-09-11T01:48:02.686152+05:30,2026-09-11_0148IST,airline_direct,IndiGo
DEL,BOM,6E,IndiGo,6E 6212,2026-10-11,30,economy,,,8692.0,False,14:45,ok,2026-09-11T01:48:02.686152+05:30,2026-09-11_0148IST,airline_direct,IndiGo
DEL,BOM,6E,IndiGo,6E 717,2026-10-11,30,business,,,29617.0,False,17:55,ok,2026-09-11T01:48:02.686152+05:30,2026-09-11_0148IST,airline_direct,IndiGo
DEL,BOM,6E,IndiGo,6E 717,2026-10-11,30,economy,,,8692.0,False,17:55,ok,2026-09-11T01:48:02.686152+05:30,2026-09-11_0148IST,airline_direct,IndiGo
DEL,BOM,6E,IndiGo,6E 5138,2026-10-11,30,economy,,,9178.0,False,19:10,ok,2026-09-11T01:48:02.686152+05:30,2026-09-11_0148IST,airline_direct,IndiGo
DEL,BOM,6E,IndiGo,6E 2349,2026-10-11,30,economy,,,9374.0,False,10:55,ok,2026-09-11T01:48:02.686152+05:30,2026-09-11_0148IST,airline_direct,IndiGo
DEL,BOM,6E,IndiGo,6E 6026,2026-10-11,30,business,,,29617.0,False,05:30,ok,2026-09-11T01:48:02.686152+05:30,2026-09-11_0148IST,airline_direct,IndiGo
DEL,BOM,6E,IndiGo,6E 6026,2026-10-11,30,economy,,,9388.0,False,05:30,ok,2026-09-11T01:48:02.686152+05:30,2026-09-11_0148IST,airline_direct,IndiGo
DEL,BOM,6E,IndiGo,6E 6282,2026-10-11,30,business,,,29617.0,False,13:30,ok,2026-09-11T01:48:02.686152+05:30,2026-09-11_0148IST,airline_direct,IndiGo
DEL,BOM,6E,IndiGo,6E 6282,2026-10-11,30,economy,,,9388.0,False,13:30,ok,2026-09-11T01:48:02.686152+05:30,2026-09-11_0148IST,airline_direct,IndiGo
DEL,BOM,6E,IndiGo,6E 358,2026-10-11,30,business,,,39801.0,False,12:10,ok,2026-09-11T01:48:02.686152+05:30,2026-09-11_0148IST,airline_direct,IndiGo
DEL,BOM,6E,IndiGo,6E 358,2026-10-11,30,economy,,,9467.0,False,12:10,ok,2026-09-11T01:48:02.686152+05:30,2026-09-11_0148IST,airline_direct,IndiGo
DEL,BOM,6E,IndiGo,6E 5298,2026-10-11,30,economy,,,10863.0,False,09:00,ok,2026-09-11T01:48:02.686152+05:30,2026-09-11_0148IST,airline_direct,IndiGo
DEL,BOM,6E,IndiGo,6E 6497,2026-10-11,30,economy,,,10994.0,False,18:40,ok,2026-09-11T01:48:02.686152+05:30,2026-09-11_0148IST,airline_direct,IndiGo
DEL,BOM,6E,IndiGo,6E 6829,2026-10-11,30,economy,,,12724.0,False,17:20,ok,2026-09-11T01:48:02.686152+05:30,2026-09-11_0148IST,airline_direct,IndiGo
DEL,BLR,6E,IndiGo,6E 2314,2026-10-11,30,business,,,26048.0,False,05:45,ok,2026-09-11T01:49:03.193258+05:30,2026-09-11_0149IST,airline_direct,IndiGo
DEL,BLR,6E,IndiGo,6E 2314,2026-10-11,30,economy,,,9890.0,False,05:45,ok,2026-09-11T01:49:03.193258+05:30,2026-09-11_0149IST,airline_direct,IndiGo
DEL,BLR,6E,IndiGo,6E 810,2026-10-11,30,business,,,26048.0,False,07:05,ok,2026-09-11T01:49:03.193258+05:30,2026-09-11_0149IST,airline_direct,IndiGo
DEL,BLR,6E,IndiGo,6E 810,2026-10-11,30,economy,,,9890.0,False,07:05,ok,2026-09-11T01:49:03.193258+05:30,2026-09-11_0149IST,airline_direct,IndiGo
DEL,BLR,6E,IndiGo,6E 873,2026-10-11,30,business,,,26048.0,False,08:20,ok,2026-09-11T01:49:03.193258+05:30,2026-09-11_0149IST,airline_direct,IndiGo
DEL,BLR,6E,IndiGo,6E 873,2026-10-11,30,economy,,,9890.0,False,08:20,ok,2026-09-11T01:49:03.193258+05:30,2026-09-11_0149IST,airline_direct,IndiGo
DEL,BLR,6E,IndiGo,6E 842,2026-10-11,30,business,,,26048.0,False,10:45,ok,2026-09-11T01:49:03.193258+05:30,2026-09-11_0149IST,airline_direct,IndiGo
DEL,BLR,6E,IndiGo,6E 842,2026-10-11,30,economy,,,9890.0,False,10:45,ok,2026-09-11T01:49:03.193258+05:30,2026-09-11_0149IST,airline_direct,IndiGo
DEL,BLR,6E,IndiGo,6E 861,2026-10-11,30,business,,,26048.0,False,19:30,ok,2026-09-11T01:49:03.193258+05:30,2026-09-11_0149IST,airline_direct,IndiGo
DEL,BLR,6E,IndiGo,6E 861,2026-10-11,30,economy,,,9890.0,False,19:30,ok,2026-09-11T01:49:03.193258+05:30,2026-09-11_0149IST,airline_direct,IndiGo
DEL,BLR,6E,IndiGo,6E 6515,2026-10-11,30,business,,,26048.0,False,20:45,ok,2026-09-11T01:49:03.193258+05:30,2026-09-11_0149IST,airline_direct,IndiGo
DEL,BLR,6E,IndiGo,6E 6515,2026-10-11,30,economy,,,9890.0,False,20:45,ok,2026-09-11T01:49:03.193258+05:30,2026-09-11_0149IST,airline_direct,IndiGo
DEL,BLR,6E,IndiGo,6E 850,2026-10-11,30,business,,,26048.0,False,12:15,ok,2026-09-11T01:49:03.193258+05:30,2026-09-11_0149IST,airline_direct,IndiGo
DEL,BLR,6E,IndiGo,6E 850,2026-10-11,30,economy,,,10192.0,False,12:15,ok,2026-09-11T01:49:03.193258+05:30,2026-09-11_0149IST,airline_direct,IndiGo
DEL,BLR,6E,IndiGo,6E 176,2026-10-11,30,business,,,26048.0,False,13:15,ok,2026-09-11T01:49:03.193258+05:30,2026-09-11_0149IST,airline_direct,IndiGo
DEL,BLR,6E,IndiGo,6E 176,2026-10-11,30,economy,,,10192.0,False,13:15,ok,2026-09-11T01:49:03.193258+05:30,2026-09-11_0149IST,airline_direct,IndiGo
DEL,BLR,6E,IndiGo,6E 6054,2026-10-11,30,business,,,26048.0,False,01:05,ok,2026-09-11T01:49:03.193258+05:30,2026-09-11_0149IST,airline_direct,IndiGo
DEL,BLR,6E,IndiGo,6E 6054,2026-10-11,30,economy,,,10669.0,False,01:05,ok,2026-09-11T01:49:03.193258+05:30,2026-09-11_0149IST,airline_direct,IndiGo
DEL,BLR,6E,IndiGo,6E 826,2026-10-11,30,business,,,26048.0,False,09:30,ok,2026-09-11T01:49:03.193258+05:30,2026-09-11_0149IST,airline_direct,IndiGo
DEL,BLR,6E,IndiGo,6E 826,2026-10-11,30,economy,,,10669.0,False,09:30,ok,2026-09-11T01:49:03.193258+05:30,2026-09-11_0149IST,airline_direct,IndiGo
DEL,BLR,6E,IndiGo,6E 871,2026-10-11,30,business,,,26048.0,False,23:30,ok,2026-09-11T01:49:03.193258+05:30,2026-09-11_0149IST,airline_direct,IndiGo
DEL,BLR,6E,IndiGo,6E 871,2026-10-11,30,economy,,,10669.0,False,23:30,ok,2026-09-11T01:49:03.193258+05:30,2026-09-11_0149IST,airline_direct,IndiGo
DEL,BLR,6E,IndiGo,6E 820,2026-10-11,30,business,,,26048.0,False,03:00,ok,2026-09-11T01:49:03.193258+05:30,2026-09-11_0149IST,airline_direct,IndiGo
DEL,BLR,6E,IndiGo,6E 820,2026-10-11,30,economy,,,11170.0,False,03:00,ok,2026-09-11T01:49:03.193258+05:30,2026-09-11_0149IST,airline_direct,IndiGo
DEL,BLR,6E,IndiGo,6E 828,2026-10-11,30,business,,,26048.0,False,14:30,ok,2026-09-11T01:49:03.193258+05:30,2026-09-11_0149IST,airline_direct,IndiGo
DEL,BLR,6E,IndiGo,6E 828,2026-10-11,30,economy,,,11170.0,False,14:30,ok,2026-09-11T01:49:03.193258+05:30,2026-09-11_0149IST,airline_direct,IndiGo
DEL,BLR,6E,IndiGo,6E 846,2026-10-11,30,business,,,26048.0,False,22:00,ok,2026-09-11T01:49:03.193258+05:30,2026-09-11_0149IST,airline_direct,IndiGo
DEL,BLR,6E,IndiGo,6E 846,2026-10-11,30,economy,,,11170.0,False,22:00,ok,2026-09-11T01:49:03.193258+05:30,2026-09-11_0149IST,airline_direct,IndiGo
DEL,BLR,6E,IndiGo,6E 880,2026-10-11,30,business,,,26048.0,False,15:45,ok,2026-09-11T01:49:03.193258+05:30,2026-09-11_0149IST,airline_direct,IndiGo
DEL,BLR,6E,IndiGo,6E 880,2026-10-11,30,economy,,,11699.0,False,15:45,ok,2026-09-11T01:49:03.193258+05:30,2026-09-11_0149IST,airline_direct,IndiGo
DEL,BLR,6E,IndiGo,6E 837,2026-10-11,30,business,,,26048.0,False,17:00,ok,2026-09-11T01:49:03.193258+05:30,2026-09-11_0149IST,airline_direct,IndiGo
DEL,BLR,6E,IndiGo,6E 837,2026-10-11,30,economy,,,12255.0,False,17:00,ok,2026-09-11T01:49:03.193258+05:30,2026-09-11_0149IST,airline_direct,IndiGo
DEL,BLR,6E,IndiGo,6E 811,2026-10-11,30,business,,,26048.0,False,18:20,ok,2026-09-11T01:49:03.193258+05:30,2026-09-11_0149IST,airline_direct,IndiGo
DEL,BLR,6E,IndiGo,6E 811,2026-10-11,30,economy,,,12255.0,False,18:20,ok,2026-09-11T01:49:03.193258+05:30,2026-09-11_0149IST,airline_direct,IndiGo
DEL,BLR,6E,IndiGo,6E 6476,2026-10-11,30,economy,,,9685.0,False,07:05,ok,2026-09-11T01:49:03.193258+05:30,2026-09-11_0149IST,airline_direct,IndiGo
DEL,BLR,6E,IndiGo,6E 6433,2026-10-11,30,economy,,,9867.0,False,16:30,ok,2026-09-11T01:49:03.193258+05:30,2026-09-11_0149IST,airline_direct,IndiGo
DEL,BLR,6E,IndiGo,6E 704,2026-10-11,30,business,,,30479.0,False,02:25,ok,2026-09-11T01:49:03.193258+05:30,2026-09-11_0149IST,airline_direct,IndiGo
DEL,BLR,6E,IndiGo,6E 704,2026-10-11,30,economy,,,9946.0,False,02:25,ok,2026-09-11T01:49:03.193258+05:30,2026-09-11_0149IST,airline_direct,IndiGo
DEL,BLR,6E,IndiGo,6E 6026,2026-10-11,30,business,,,26793.0,False,05:30,ok,2026-09-11T01:49:03.193258+05:30,2026-09-11_0149IST,airline_direct,IndiGo
DEL,BLR,6E,IndiGo,6E 6026,2026-10-11,30,economy,,,9946.0,False,05:30,ok,2026-09-11T01:49:03.193258+05:30,2026-09-11_0149IST,airline_direct,IndiGo
DEL,BLR,6E,IndiGo,6E 6293,2026-10-11,30,business,,,28784.0,False,09:55,ok,2026-09-11T01:49:03.193258+05:30,2026-09-11_0149IST,airline_direct,IndiGo
DEL,BLR,6E,IndiGo,6E 6293,2026-10-11,30,economy,,,9946.0,False,09:55,ok,2026-09-11T01:49:03.193258+05:30,2026-09-11_0149IST,airline_direct,IndiGo
DEL,BLR,6E,IndiGo,6E 884,2026-10-11,30,business,,,25759.0,False,11:45,ok,2026-09-11T01:49:03.193258+05:30,2026-09-11_0149IST,airline_direct,IndiGo
DEL,BLR,6E,IndiGo,6E 884,2026-10-11,30,economy,,,9946.0,False,11:45,ok,2026-09-11T01:49:03.193258+05:30,2026-09-11_0149IST,airline_direct,IndiGo
DEL,BLR,6E,IndiGo,6E 6282,2026-10-11,30,business,,,26251.0,False,13:30,ok,2026-09-11T01:49:03.193258+05:30,2026-09-11_0149IST,airline_direct,IndiGo
DEL,BLR,6E,IndiGo,6E 6282,2026-10-11,30,economy,,,9946.0,False,13:30,ok,2026-09-11T01:49:03.193258+05:30,2026-09-11_0149IST,airline_direct,IndiGo
DEL,BLR,6E,IndiGo,6E 6212,2026-10-11,30,business,,,25312.0,False,14:45,ok,2026-09-11T01:49:03.193258+05:30,2026-09-11_0149IST,airline_direct,IndiGo
DEL,BLR,6E,IndiGo,6E 6212,2026-10-11,30,economy,,,9946.0,False,14:45,ok,2026-09-11T01:49:03.193258+05:30,2026-09-11_0149IST,airline_direct,IndiGo
DEL,BLR,6E,IndiGo,6E 758,2026-10-11,30,economy,,,9946.0,False,16:10,ok,2026-09-11T01:49:03.193258+05:30,2026-09-11_0149IST,airline_direct,IndiGo
DEL,BLR,6E,IndiGo,6E 6217,2026-10-11,30,business,,,26793.0,False,16:15,ok,2026-09-11T01:49:03.193258+05:30,2026-09-11_0149IST,airline_direct,IndiGo
DEL,BLR,6E,IndiGo,6E 6217,2026-10-11,30,economy,,,9946.0,False,16:15,ok,2026-09-11T01:49:03.193258+05:30,2026-09-11_0149IST,airline_direct,IndiGo
DEL,BLR,6E,IndiGo,6E 717,2026-10-11,30,business,,,27393.0,False,17:55,ok,2026-09-11T01:49:03.193258+05:30,2026-09-11_0149IST,airline_direct,IndiGo
DEL,BLR,6E,IndiGo,6E 717,2026-10-11,30,economy,,,9946.0,False,17:55,ok,2026-09-11T01:49:03.193258+05:30,2026-09-11_0149IST,airline_direct,IndiGo
DEL,BLR,6E,IndiGo,6E 2343,2026-10-11,30,business,,,26160.0,False,02:20,ok,2026-09-11T01:49:03.193258+05:30,2026-09-11_0149IST,airline_direct,IndiGo
DEL,BLR,6E,IndiGo,6E 2343,2026-10-11,30,economy,,,10077.0,False,02:20,ok,2026-09-11T01:49:03.193258+05:30,2026-09-11_0149IST,airline_direct,IndiGo
DEL,BLR,6E,IndiGo,6E 6569,2026-10-11,30,economy,,,10077.0,False,05:00,ok,2026-09-11T01:49:03.193258+05:30,2026-09-11_0149IST,airline_direct,IndiGo
DEL,BLR,6E,IndiGo,6E 5119,2026-10-11,30,economy,,,10077.0,False,05:10,ok,2026-09-11T01:49:03.193258+05:30,2026-09-11_0149IST,airline_direct,IndiGo
DEL,BLR,6E,IndiGo,6E 6459,2026-10-11,30,economy,,,10077.0,False,05:55,ok,2026-09-11T01:49:03.193258+05:30,2026-09-11_0149IST,airline_direct,IndiGo
DEL,BLR,6E,IndiGo,6E 6488,2026-10-11,30,economy,,,10077.0,False,11:20,ok,2026-09-11T01:49:03.193258+05:30,2026-09-11_0149IST,airline_direct,IndiGo
DEL,BLR,6E,IndiGo,6E 6022,2026-10-11,30,business,,,34636.0,False,14:00,ok,2026-09-11T01:49:03.193258+05:30,2026-09-11_0149IST,airline_direct,IndiGo
DEL,BLR,6E,IndiGo,6E 6022,2026-10-11,30,economy,,,10077.0,False,14:00,ok,2026-09-11T01:49:03.193258+05:30,2026-09-11_0149IST,airline_direct,IndiGo
DEL,BLR,6E,IndiGo,6E 2361,2026-10-11,30,economy,,,10077.0,False,14:35,ok,2026-09-11T01:49:03.193258+05:30,2026-09-11_0149IST,airline_direct,IndiGo
DEL,BLR,6E,IndiGo,6E 990,2026-10-11,30,economy,,,10077.0,False,14:50,ok,2026-09-11T01:49:03.193258+05:30,2026-09-11_0149IST,airline_direct,IndiGo
DEL,BLR,6E,IndiGo,6E 2557,2026-10-11,30,economy,,,10077.0,False,15:20,ok,2026-09-11T01:49:03.193258+05:30,2026-09-11_0149IST,airline_direct,IndiGo
DEL,BLR,6E,IndiGo,6E 864,2026-10-11,30,business,,,34636.0,False,15:30,ok,2026-09-11T01:49:03.193258+05:30,2026-09-11_0149IST,airline_direct,IndiGo
DEL,BLR,6E,IndiGo,6E 864,2026-10-11,30,economy,,,10077.0,False,15:30,ok,2026-09-11T01:49:03.193258+05:30,2026-09-11_0149IST,airline_direct,IndiGo
DEL,BLR,6E,IndiGo,6E 734,2026-10-11,30,economy,,,10077.0,False,16:20,ok,2026-09-11T01:49:03.193258+05:30,2026-09-11_0149IST,airline_direct,IndiGo
DEL,BLR,6E,IndiGo,6E 6437,2026-10-11,30,business,,,26160.0,False,16:25,ok,2026-09-11T01:49:03.193258+05:30,2026-09-11_0149IST,airline_direct,IndiGo
DEL,BLR,6E,IndiGo,6E 6437,2026-10-11,30,economy,,,10077.0,False,16:25,ok,2026-09-11T01:49:03.193258+05:30,2026-09-11_0149IST,airline_direct,IndiGo
DEL,BLR,6E,IndiGo,6E 5073,2026-10-11,30,economy,,,10077.0,False,17:05,ok,2026-09-11T01:49:03.193258+05:30,2026-09-11_0149IST,airline_direct,IndiGo
DEL,BLR,6E,IndiGo,6E 329,2026-10-11,30,business,,,34636.0,False,18:00,ok,2026-09-11T01:49:03.193258+05:30,2026-09-11_0149IST,airline_direct,IndiGo
DEL,BLR,6E,IndiGo,6E 329,2026-10-11,30,economy,,,10077.0,False,18:00,ok,2026-09-11T01:49:03.193258+05:30,2026-09-11_0149IST,airline_direct,IndiGo
DEL,BLR,6E,IndiGo,6E 329,2026-10-11,30,business,,,34636.0,False,18:00,ok,2026-09-11T01:49:03.193258+05:30,2026-09-11_0149IST,airline_direct,IndiGo
DEL,BLR,6E,IndiGo,6E 329,2026-10-11,30,economy,,,10077.0,False,18:00,ok,2026-09-11T01:49:03.193258+05:30,2026-09-11_0149IST,airline_direct,IndiGo
DEL,BLR,6E,IndiGo,6E 6179,2026-10-11,30,economy,,,10077.0,False,18:30,ok,2026-09-11T01:49:03.193258+05:30,2026-09-11_0149IST,airline_direct,IndiGo
DEL,BLR,6E,IndiGo,6E 6673,2026-10-11,30,business,,,26012.0,False,21:15,ok,2026-09-11T01:49:03.193258+05:30,2026-09-11_0149IST,airline_direct,IndiGo
DEL,BLR,6E,IndiGo,6E 6673,2026-10-11,30,economy,,,10077.0,False,21:15,ok,2026-09-11T01:49:03.193258+05:30,2026-09-11_0149IST,airline_direct,IndiGo
DEL,BLR,6E,IndiGo,6E 2618,2026-10-11,30,business,,,26012.0,False,23:00,ok,2026-09-11T01:49:03.193258+05:30,2026-09-11_0149IST,airline_direct,IndiGo
DEL,BLR,6E,IndiGo,6E 2618,2026-10-11,30,economy,,,10077.0,False,23:00,ok,2026-09-11T01:49:03.193258+05:30,2026-09-11_0149IST,airline_direct,IndiGo
DEL,BLR,6E,IndiGo,6E 933,2026-10-11,30,business,,,28318.0,False,02:55,ok,2026-09-11T01:49:03.193258+05:30,2026-09-11_0149IST,airline_direct,IndiGo
DEL,BLR,6E,IndiGo,6E 933,2026-10-11,30,economy,,,10156.0,False,02:55,ok,2026-09-11T01:49:03.193258+05:30,2026-09-11_0149IST,airline_direct,IndiGo
DEL,BLR,6E,IndiGo,6E 2277,2026-10-11,30,business,,,38357.0,False,10:25,ok,2026-09-11T01:49:03.193258+05:30,2026-09-11_0149IST,airline_direct,IndiGo
DEL,BLR,6E,IndiGo,6E 2277,2026-10-11,30,economy,,,10156.0,False,10:25,ok,2026-09-11T01:49:03.193258+05:30,2026-09-11_0149IST,airline_direct,IndiGo
DEL,BLR,6E,IndiGo,6E 358,2026-10-11,30,business,,,37767.0,False,12:10,ok,2026-09-11T01:49:03.193258+05:30,2026-09-11_0149IST,airline_direct,IndiGo
DEL,BLR,6E,IndiGo,6E 358,2026-10-11,30,economy,,,10156.0,False,12:10,ok,2026-09-11T01:49:03.193258+05:30,2026-09-11_0149IST,airline_direct,IndiGo
DEL,BLR,6E,IndiGo,6E 5038,2026-10-11,30,economy,,,10156.0,False,14:00,ok,2026-09-11T01:49:03.193258+05:30,2026-09-11_0149IST,airline_direct,IndiGo
DEL,BLR,6E,IndiGo,6E 6091,2026-10-11,30,business,,,28318.0,False,15:15,ok,2026-09-11T01:49:03.193258+05:30,2026-09-11_0149IST,airline_direct,IndiGo
DEL,BLR,6E,IndiGo,6E 6091,2026-10-11,30,economy,,,10156.0,False,15:15,ok,2026-09-11T01:49:03.193258+05:30,2026-09-11_0149IST,airline_direct,IndiGo
DEL,BLR,6E,IndiGo,6E 5033,2026-10-11,30,economy,,,10156.0,False,15:50,ok,2026-09-11T01:49:03.193258+05:30,2026-09-11_0149IST,airline_direct,IndiGo
DEL,BLR,6E,IndiGo,6E 2150,2026-10-11,30,business,,,35053.0,False,16:55,ok,2026-09-11T01:49:03.193258+05:30,2026-09-11_0149IST,airline_direct,IndiGo
DEL,BLR,6E,IndiGo,6E 2150,2026-10-11,30,economy,,,10156.0,False,16:55,ok,2026-09-11T01:49:03.193258+05:30,2026-09-11_0149IST,airline_direct,IndiGo
DEL,BLR,6E,IndiGo,6E 6632,2026-10-11,30,economy,,,10156.0,False,17:50,ok,2026-09-11T01:49:03.193258+05:30,2026-09-11_0149IST,airline_direct,IndiGo
DEL,BLR,6E,IndiGo,6E 950,2026-10-11,30,business,,,28318.0,False,18:15,ok,2026-09-11T01:49:03.193258+05:30,2026-09-11_0149IST,airline_direct,IndiGo
DEL,BLR,6E,IndiGo,6E 950,2026-10-11,30,economy,,,10156.0,False,18:15,ok,2026-09-11T01:49:03.193258+05:30,2026-09-11_0149IST,airline_direct,IndiGo
DEL,BLR,6E,IndiGo,6E 357,2026-10-11,30,business,,,34404.0,False,19:30,ok,2026-09-11T01:49:03.193258+05:30,2026-09-11_0149IST,airline_direct,IndiGo
DEL,BLR,6E,IndiGo,6E 357,2026-10-11,30,economy,,,10156.0,False,19:30,ok,2026-09-11T01:49:03.193258+05:30,2026-09-11_0149IST,airline_direct,IndiGo
DEL,BLR,6E,IndiGo,6E 2769,2026-10-11,30,economy,,,10287.0,False,08:10,ok,2026-09-11T01:49:03.193258+05:30,2026-09-11_0149IST,airline_direct,IndiGo
DEL,BLR,6E,IndiGo,6E 6497,2026-10-11,30,economy,,,10287.0,False,18:40,ok,2026-09-11T01:49:03.193258+05:30,2026-09-11_0149IST,airline_direct,IndiGo
DEL,BLR,6E,IndiGo,6E 2482,2026-10-11,30,economy,,,10287.0,False,19:55,ok,2026-09-11T01:49:03.193258+05:30,2026-09-11_0149IST,airline_direct,IndiGo
DEL,BLR,6E,IndiGo,6E 754,2026-10-11,30,economy,,,10314.0,False,17:10,ok,2026-09-11T01:49:03.193258+05:30,2026-09-11_0149IST,airline_direct,IndiGo
DEL,BLR,6E,IndiGo,6E 5191,2026-10-11,30,economy,,,10497.0,False,05:00,ok,2026-09-11T01:49:03.193258+05:30,2026-09-11_0149IST,airline_direct,IndiGo
DEL,BLR,6E,IndiGo,6E 2349,2026-10-11,30,economy,,,11722.0,False,10:55,ok,2026-09-11T01:49:03.193258+05:30,2026-09-11_0149IST,airline_direct,IndiGo
DEL,BLR,6E,IndiGo,6E 513,2026-10-11,30,business,,,31635.0,False,08:30,ok,2026-09-11T01:49:03.193258+05:30,2026-09-11_0149IST,airline_direct,IndiGo
DEL,BLR,6E,IndiGo,6E 513,2026-10-11,30,economy,,,12116.0,False,08:30,ok,2026-09-11T01:49:03.193258+05:30,2026-09-11_0149IST,airline_direct,IndiGo
DEL,BLR,6E,IndiGo,6E 704,2026-10-11,30,business,,,38112.0,False,02:25,ok,2026-09-11T01:49:03.193258+05:30,2026-09-11_0149IST,airline_direct,IndiGo
DEL,BLR,6E,IndiGo,6E 704,2026-10-11,30,economy,,,12489.0,False,02:25,ok,2026-09-11T01:49:03.193258+05:30,2026-09-11_0149IST,airline_direct,IndiGo
BOM,BLR,6E,IndiGo,6E 5323,2026-10-11,30,business,,,18948.0,False,01:10,ok,2026-09-11T01:50:07.067601+05:30,2026-09-11_0150IST,airline_direct,IndiGo
BOM,BLR,6E,IndiGo,6E 5323,2026-10-11,30,economy,,,4893.0,False,01:10,ok,2026-09-11T01:50:07.067601+05:30,2026-09-11_0150IST,airline_direct,IndiGo
BOM,BLR,6E,IndiGo,6E 5294,2026-10-11,30,business,,,18948.0,False,04:30,ok,2026-09-11T01:50:07.067601+05:30,2026-09-11_0150IST,airline_direct,IndiGo
BOM,BLR,6E,IndiGo,6E 5294,2026-10-11,30,economy,,,4893.0,False,04:30,ok,2026-09-11T01:50:07.067601+05:30,2026-09-11_0150IST,airline_direct,IndiGo
BOM,BLR,6E,IndiGo,6E 5296,2026-10-11,30,business,,,18948.0,False,06:15,ok,2026-09-11T01:50:07.067601+05:30,2026-09-11_0150IST,airline_direct,IndiGo
BOM,BLR,6E,IndiGo,6E 5296,2026-10-11,30,economy,,,6747.0,False,06:15,ok,2026-09-11T01:50:07.067601+05:30,2026-09-11_0150IST,airline_direct,IndiGo
BOM,BLR,6E,IndiGo,6E 5193,2026-10-11,30,business,,,18948.0,False,07:45,ok,2026-09-11T01:50:07.067601+05:30,2026-09-11_0150IST,airline_direct,IndiGo
BOM,BLR,6E,IndiGo,6E 5193,2026-10-11,30,economy,,,6747.0,False,07:45,ok,2026-09-11T01:50:07.067601+05:30,2026-09-11_0150IST,airline_direct,IndiGo
BOM,BLR,6E,IndiGo,6E 5388,2026-10-11,30,business,,,18948.0,False,22:20,ok,2026-09-11T01:50:07.067601+05:30,2026-09-11_0150IST,airline_direct,IndiGo
BOM,BLR,6E,IndiGo,6E 5388,2026-10-11,30,economy,,,6747.0,False,22:20,ok,2026-09-11T01:50:07.067601+05:30,2026-09-11_0150IST,airline_direct,IndiGo
BOM,BLR,6E,IndiGo,6E 5092,2026-10-11,30,business,,,18948.0,False,09:50,ok,2026-09-11T01:50:07.067601+05:30,2026-09-11_0150IST,airline_direct,IndiGo
BOM,BLR,6E,IndiGo,6E 5092,2026-10-11,30,economy,,,7062.0,False,09:50,ok,2026-09-11T01:50:07.067601+05:30,2026-09-11_0150IST,airline_direct,IndiGo
BOM,BLR,6E,IndiGo,6E 5071,2026-10-11,30,business,,,18948.0,False,15:35,ok,2026-09-11T01:50:07.067601+05:30,2026-09-11_0150IST,airline_direct,IndiGo
BOM,BLR,6E,IndiGo,6E 5071,2026-10-11,30,economy,,,7062.0,False,15:35,ok,2026-09-11T01:50:07.067601+05:30,2026-09-11_0150IST,airline_direct,IndiGo
BOM,BLR,6E,IndiGo,6E 5217,2026-10-11,30,business,,,18948.0,False,11:00,ok,2026-09-11T01:50:07.067601+05:30,2026-09-11_0150IST,airline_direct,IndiGo
BOM,BLR,6E,IndiGo,6E 5217,2026-10-11,30,economy,,,7377.0,False,11:00,ok,2026-09-11T01:50:07.067601+05:30,2026-09-11_0150IST,airline_direct,IndiGo
BOM,BLR,6E,IndiGo,6E 5184,2026-10-11,30,business,,,18948.0,False,12:30,ok,2026-09-11T01:50:07.067601+05:30,2026-09-11_0150IST,airline_direct,IndiGo
BOM,BLR,6E,IndiGo,6E 5184,2026-10-11,30,economy,,,7377.0,False,12:30,ok,2026-09-11T01:50:07.067601+05:30,2026-09-11_0150IST,airline_direct,IndiGo
BOM,BLR,6E,IndiGo,6E 5382,2026-10-11,30,business,,,18948.0,False,14:30,ok,2026-09-11T01:50:07.067601+05:30,2026-09-11_0150IST,airline_direct,IndiGo
BOM,BLR,6E,IndiGo,6E 5382,2026-10-11,30,economy,,,7377.0,False,14:30,ok,2026-09-11T01:50:07.067601+05:30,2026-09-11_0150IST,airline_direct,IndiGo
BOM,BLR,6E,IndiGo,6E 5221,2026-10-11,30,business,,,18948.0,False,17:00,ok,2026-09-11T01:50:07.067601+05:30,2026-09-11_0150IST,airline_direct,IndiGo
BOM,BLR,6E,IndiGo,6E 5221,2026-10-11,30,economy,,,7377.0,False,17:00,ok,2026-09-11T01:50:07.067601+05:30,2026-09-11_0150IST,airline_direct,IndiGo
BOM,BLR,6E,IndiGo,6E 5047,2026-10-11,30,business,,,18948.0,False,18:30,ok,2026-09-11T01:50:07.067601+05:30,2026-09-11_0150IST,airline_direct,IndiGo
BOM,BLR,6E,IndiGo,6E 5047,2026-10-11,30,economy,,,7377.0,False,18:30,ok,2026-09-11T01:50:07.067601+05:30,2026-09-11_0150IST,airline_direct,IndiGo
BOM,BLR,6E,IndiGo,6E 5032,2026-10-11,30,business,,,18948.0,False,19:50,ok,2026-09-11T01:50:07.067601+05:30,2026-09-11_0150IST,airline_direct,IndiGo
BOM,BLR,6E,IndiGo,6E 5032,2026-10-11,30,economy,,,7377.0,False,19:50,ok,2026-09-11T01:50:07.067601+05:30,2026-09-11_0150IST,airline_direct,IndiGo
BOM,BLR,6E,IndiGo,6E 6188,2026-10-11,30,business,,,18948.0,False,21:30,ok,2026-09-11T01:50:07.067601+05:30,2026-09-11_0150IST,airline_direct,IndiGo
BOM,BLR,6E,IndiGo,6E 6188,2026-10-11,30,economy,,,7377.0,False,21:30,ok,2026-09-11T01:50:07.067601+05:30,2026-09-11_0150IST,airline_direct,IndiGo
BOM,BLR,6E,IndiGo,6E 6361,2026-10-11,30,economy,,,7243.0,False,05:00,ok,2026-09-11T01:50:07.067601+05:30,2026-09-11_0150IST,airline_direct,IndiGo
BOM,BLR,6E,IndiGo,6E 261,2026-10-11,30,economy,,,7243.0,False,11:20,ok,2026-09-11T01:50:07.067601+05:30,2026-09-11_0150IST,airline_direct,IndiGo
BOM,BLR,6E,IndiGo,6E 261,2026-10-11,30,economy,,,7243.0,False,11:20,ok,2026-09-11T01:50:07.067601+05:30,2026-09-11_0150IST,airline_direct,IndiGo
BOM,BLR,6E,IndiGo,6E 230,2026-10-11,30,economy,,,7243.0,False,13:55,ok,2026-09-11T01:50:07.067601+05:30,2026-09-11_0150IST,airline_direct,IndiGo
BOM,BLR,6E,IndiGo,6E 230,2026-10-11,30,economy,,,7243.0,False,13:55,ok,2026-09-11T01:50:07.067601+05:30,2026-09-11_0150IST,airline_direct,IndiGo
BOM,BLR,6E,IndiGo,6E 5241,2026-10-11,30,economy,,,7243.0,False,16:40,ok,2026-09-11T01:50:07.067601+05:30,2026-09-11_0150IST,airline_direct,IndiGo
BOM,BLR,6E,IndiGo,6E 5241,2026-10-11,30,economy,,,7243.0,False,16:40,ok,2026-09-11T01:50:07.067601+05:30,2026-09-11_0150IST,airline_direct,IndiGo
BOM,BLR,6E,IndiGo,6E 5082,2026-10-11,30,economy,,,7243.0,False,17:55,ok,2026-09-11T01:50:07.067601+05:30,2026-09-11_0150IST,airline_direct,IndiGo
BOM,BLR,6E,IndiGo,6E 5179,2026-10-11,30,business,,,25607.0,False,02:45,ok,2026-09-11T01:50:07.067601+05:30,2026-09-11_0150IST,airline_direct,IndiGo
BOM,BLR,6E,IndiGo,6E 5179,2026-10-11,30,economy,,,7374.0,False,02:45,ok,2026-09-11T01:50:07.067601+05:30,2026-09-11_0150IST,airline_direct,IndiGo
BOM,BLR,6E,IndiGo,6E 6057,2026-10-11,30,economy,,,7374.0,False,09:15,ok,2026-09-11T01:50:07.067601+05:30,2026-09-11_0150IST,airline_direct,IndiGo
BOM,BLR,6E,IndiGo,6E 5318,2026-10-11,30,business,,,20887.0,False,10:15,ok,2026-09-11T01:50:07.067601+05:30,2026-09-11_0150IST,airline_direct,IndiGo
BOM,BLR,6E,IndiGo,6E 5318,2026-10-11,30,economy,,,7374.0,False,10:15,ok,2026-09-11T01:50:07.067601+05:30,2026-09-11_0150IST,airline_direct,IndiGo
BOM,BLR,6E,IndiGo,6E 5178,2026-10-11,30,business,,,20887.0,False,11:45,ok,2026-09-11T01:50:07.067601+05:30,2026-09-11_0150IST,airline_direct,IndiGo
BOM,BLR,6E,IndiGo,6E 5178,2026-10-11,30,economy,,,7374.0,False,11:45,ok,2026-09-11T01:50:07.067601+05:30,2026-09-11_0150IST,airline_direct,IndiGo
BOM,BLR,6E,IndiGo,6E 5386,2026-10-11,30,business,,,20441.0,False,15:10,ok,2026-09-11T01:50:07.067601+05:30,2026-09-11_0150IST,airline_direct,IndiGo
BOM,BLR,6E,IndiGo,6E 5386,2026-10-11,30,economy,,,7374.0,False,15:10,ok,2026-09-11T01:50:07.067601+05:30,2026-09-11_0150IST,airline_direct,IndiGo
BOM,BLR,6E,IndiGo,6E 5386,2026-10-11,30,business,,,21922.0,False,15:10,ok,2026-09-11T01:50:07.067601+05:30,2026-09-11_0150IST,airline_direct,IndiGo
BOM,BLR,6E,IndiGo,6E 5386,2026-10-11,30,economy,,,7374.0,False,15:10,ok,2026-09-11T01:50:07.067601+05:30,2026-09-11_0150IST,airline_direct,IndiGo
BOM,BLR,6E,IndiGo,6E 5386,2026-10-11,30,business,,,22521.0,False,15:10,ok,2026-09-11T01:50:07.067601+05:30,2026-09-11_0150IST,airline_direct,IndiGo
BOM,BLR,6E,IndiGo,6E 5386,2026-10-11,30,economy,,,7374.0,False,15:10,ok,2026-09-11T01:50:07.067601+05:30,2026-09-11_0150IST,airline_direct,IndiGo
BOM,BLR,6E,IndiGo,6E 5228,2026-10-11,30,business,,,21922.0,False,16:45,ok,2026-09-11T01:50:07.067601+05:30,2026-09-11_0150IST,airline_direct,IndiGo
BOM,BLR,6E,IndiGo,6E 5228,2026-10-11,30,economy,,,7374.0,False,16:45,ok,2026-09-11T01:50:07.067601+05:30,2026-09-11_0150IST,airline_direct,IndiGo
BOM,BLR,6E,IndiGo,6E 5228,2026-10-11,30,business,,,22521.0,False,16:45,ok,2026-09-11T01:50:07.067601+05:30,2026-09-11_0150IST,airline_direct,IndiGo
BOM,BLR,6E,IndiGo,6E 5228,2026-10-11,30,economy,,,7374.0,False,16:45,ok,2026-09-11T01:50:07.067601+05:30,2026-09-11_0150IST,airline_direct,IndiGo
BOM,BLR,6E,IndiGo,6E 6802,2026-10-11,30,economy,,,7505.0,False,16:55,ok,2026-09-11T01:50:07.067601+05:30,2026-09-11_0150IST,airline_direct,IndiGo
BOM,BLR,6E,IndiGo,6E 911,2026-10-11,30,economy,,,7584.0,False,01:30,ok,2026-09-11T01:50:07.067601+05:30,2026-09-11_0150IST,airline_direct,IndiGo
BOM,BLR,6E,IndiGo,6E 632,2026-10-11,30,economy,,,7584.0,False,04:00,ok,2026-09-11T01:50:07.067601+05:30,2026-09-11_0150IST,airline_direct,IndiGo
BOM,BLR,6E,IndiGo,6E 6701,2026-10-11,30,economy,,,7584.0,False,05:35,ok,2026-09-11T01:50:07.067601+05:30,2026-09-11_0150IST,airline_direct,IndiGo
BOM,BLR,6E,IndiGo,6E 5188,2026-10-11,30,business,,,28649.0,False,06:15,ok,2026-09-11T01:50:07.067601+05:30,2026-09-11_0150IST,airline_direct,IndiGo
BOM,BLR,6E,IndiGo,6E 5188,2026-10-11,30,economy,,,7584.0,False,06:15,ok,2026-09-11T01:50:07.067601+05:30,2026-09-11_0150IST,airline_direct,IndiGo
BOM,BLR,6E,IndiGo,6E 5204,2026-10-11,30,business,,,24040.0,False,08:15,ok,2026-09-11T01:50:07.067601+05:30,2026-09-11_0150IST,airline_direct,IndiGo
BOM,BLR,6E,IndiGo,6E 5204,2026-10-11,30,economy,,,7584.0,False,08:15,ok,2026-09-11T01:50:07.067601+05:30,2026-09-11_0150IST,airline_direct,IndiGo
BOM,BLR,6E,IndiGo,6E 5109,2026-10-11,30,economy,,,7584.0,False,09:35,ok,2026-09-11T01:50:07.067601+05:30,2026-09-11_0150IST,airline_direct,IndiGo
BOM,BLR,6E,IndiGo,6E 5313,2026-10-11,30,business,,,24040.0,False,09:50,ok,2026-09-11T01:50:07.067601+05:30,2026-09-11_0150IST,airline_direct,IndiGo
BOM,BLR,6E,IndiGo,6E 5313,2026-10-11,30,economy,,,7584.0,False,09:50,ok,2026-09-11T01:50:07.067601+05:30,2026-09-11_0150IST,airline_direct,IndiGo
BOM,BLR,6E,IndiGo,6E 5313,2026-10-11,30,business,,,24040.0,False,09:50,ok,2026-09-11T01:50:07.067601+05:30,2026-09-11_0150IST,airline_direct,IndiGo
BOM,BLR,6E,IndiGo,6E 5313,2026-10-11,30,economy,,,7584.0,False,09:50,ok,2026-09-11T01:50:07.067601+05:30,2026-09-11_0150IST,airline_direct,IndiGo
BOM,BLR,6E,IndiGo,6E 6349,2026-10-11,30,business,,,24040.0,False,11:40,ok,2026-09-11T01:50:07.067601+05:30,2026-09-11_0150IST,airline_direct,IndiGo
BOM,BLR,6E,IndiGo,6E 6349,2026-10-11,30,economy,,,7584.0,False,11:40,ok,2026-09-11T01:50:07.067601+05:30,2026-09-11_0150IST,airline_direct,IndiGo
BOM,BLR,6E,IndiGo,6E 2284,2026-10-11,30,economy,,,7584.0,False,12:05,ok,2026-09-11T01:50:07.067601+05:30,2026-09-11_0150IST,airline_direct,IndiGo
BOM,BLR,6E,IndiGo,6E 673,2026-10-11,30,economy,,,7584.0,False,12:35,ok,2026-09-11T01:50:07.067601+05:30,2026-09-11_0150IST,airline_direct,IndiGo
BOM,BLR,6E,IndiGo,6E 5337,2026-10-11,30,business,,,24040.0,False,13:45,ok,2026-09-11T01:50:07.067601+05:30,2026-09-11_0150IST,airline_direct,IndiGo
BOM,BLR,6E,IndiGo,6E 5337,2026-10-11,30,economy,,,7584.0,False,13:45,ok,2026-09-11T01:50:07.067601+05:30,2026-09-11_0150IST,airline_direct,IndiGo
BOM,BLR,6E,IndiGo,6E 5201,2026-10-11,30,economy,,,7584.0,False,14:55,ok,2026-09-11T01:50:07.067601+05:30,2026-09-11_0150IST,airline_direct,IndiGo
BOM,BLR,6E,IndiGo,6E 5196,2026-10-11,30,business,,,24040.0,False,15:25,ok,2026-09-11T01:50:07.067601+05:30,2026-09-11_0150IST,airline_direct,IndiGo
BOM,BLR,6E,IndiGo,6E 5196,2026-10-11,30,economy,,,7584.0,False,15:25,ok,2026-09-11T01:50:07.067601+05:30,2026-09-11_0150IST,airline_direct,IndiGo
BOM,BLR,6E,IndiGo,6E 5196,2026-10-11,30,business,,,24040.0,False,15:25,ok,2026-09-11T01:50:07.067601+05:30,2026-09-11_0150IST,airline_direct,IndiGo
BOM,BLR,6E,IndiGo,6E 5196,2026-10-11,30,economy,,,7584.0,False,15:25,ok,2026-09-11T01:50:07.067601+05:30,2026-09-11_0150IST,airline_direct,IndiGo
BOM,BLR,6E,IndiGo,6E 240,2026-10-11,30,economy,,,7584.0,False,15:45,ok,2026-09-11T01:50:07.067601+05:30,2026-09-11_0150IST,airline_direct,IndiGo
BOM,BLR,6E,IndiGo,6E 437,2026-10-11,30,economy,,,7584.0,False,17:10,ok,2026-09-11T01:50:07.067601+05:30,2026-09-11_0150IST,airline_direct,IndiGo
BOM,BLR,6E,IndiGo,6E 5048,2026-10-11,30,business,,,24040.0,False,17:25,ok,2026-09-11T01:50:07.067601+05:30,2026-09-11_0150IST,airline_direct,IndiGo
BOM,BLR,6E,IndiGo,6E 5048,2026-10-11,30,economy,,,7584.0,False,17:25,ok,2026-09-11T01:50:07.067601+05:30,2026-09-11_0150IST,airline_direct,IndiGo
BOM,BLR,6E,IndiGo,6E 5126,2026-10-11,30,economy,,,7584.0,False,18:15,ok,2026-09-11T01:50:07.067601+05:30,2026-09-11_0150IST,airline_direct,IndiGo
BOM,BLR,6E,IndiGo,6E 2237,2026-10-11,30,economy,,,7584.0,False,18:40,ok,2026-09-11T01:50:07.067601+05:30,2026-09-11_0150IST,airline_direct,IndiGo
BOM,BLR,6E,IndiGo,6E 5107,2026-10-11,30,economy,,,7584.0,False,20:00,ok,2026-09-11T01:50:07.067601+05:30,2026-09-11_0150IST,airline_direct,IndiGo
BOM,BLR,6E,IndiGo,6E 5152,2026-10-11,30,economy,,,7584.0,False,23:10,ok,2026-09-11T01:50:07.067601+05:30,2026-09-11_0150IST,airline_direct,IndiGo
BOM,BLR,6E,IndiGo,6E 5181,2026-10-11,30,economy,,,7715.0,False,10:25,ok,2026-09-11T01:50:07.067601+05:30,2026-09-11_0150IST,airline_direct,IndiGo
BOM,BLR,6E,IndiGo,6E 5318,2026-10-11,30,business,,,23913.0,False,10:15,ok,2026-09-11T01:50:07.067601+05:30,2026-09-11_0150IST,airline_direct,IndiGo
BOM,BLR,6E,IndiGo,6E 5318,2026-10-11,30,economy,,,7916.0,False,10:15,ok,2026-09-11T01:50:07.067601+05:30,2026-09-11_0150IST,airline_direct,IndiGo
BOM,BLR,6E,IndiGo,6E 5178,2026-10-11,30,business,,,23913.0,False,11:45,ok,2026-09-11T01:50:07.067601+05:30,2026-09-11_0150IST,airline_direct,IndiGo
BOM,BLR,6E,IndiGo,6E 5178,2026-10-11,30,economy,,,11468.0,False,11:45,ok,2026-09-11T01:50:07.067601+05:30,2026-09-11_0150IST,airline_direct,IndiGo
BOM,BLR,6E,IndiGo,6E 5179,2026-10-11,30,business,,,33240.0,False,02:45,ok,2026-09-11T01:50:07.067601+05:30,2026-09-11_0150IST,airline_direct,IndiGo
BOM,BLR,6E,IndiGo,6E 5179,2026-10-11,30,economy,,,12385.0,False,02:45,ok,2026-09-11T01:50:07.067601+05:30,2026-09-11_0150IST,airline_direct,IndiGo
BOM,BLR,6E,IndiGo,6E 6187,2026-10-11,30,economy,,,15671.0,False,00:30,ok,2026-09-11T01:50:07.067601+05:30,2026-09-11_0150IST,airline_direct,IndiGo
DEL,CCU,6E,IndiGo,6E 340,2026-10-11,30,business,,,22600.0,False,07:20,ok,2026-09-11T01:51:06.567235+05:30,2026-09-11_0151IST,airline_direct,IndiGo
DEL,CCU,6E,IndiGo,6E 340,2026-10-11,30,economy,,,9280.0,False,07:20,ok,2026-09-11T01:51:06.567235+05:30,2026-09-11_0151IST,airline_direct,IndiGo
DEL,CCU,6E,IndiGo,6E 247,2026-10-11,30,business,,,22600.0,False,23:30,ok,2026-09-11T01:51:06.567235+05:30,2026-09-11_0151IST,airline_direct,IndiGo
DEL,CCU,6E,IndiGo,6E 247,2026-10-11,30,economy,,,9280.0,False,23:30,ok,2026-09-11T01:51:06.567235+05:30,2026-09-11_0151IST,airline_direct,IndiGo
DEL,CCU,6E,IndiGo,6E 930,2026-10-11,30,business,,,22600.0,False,02:45,ok,2026-09-11T01:51:06.567235+05:30,2026-09-11_0151IST,airline_direct,IndiGo
DEL,CCU,6E,IndiGo,6E 930,2026-10-11,30,economy,,,9753.0,False,02:45,ok,2026-09-11T01:51:06.567235+05:30,2026-09-11_0151IST,airline_direct,IndiGo
DEL,CCU,6E,IndiGo,6E 5191,2026-10-11,30,business,,,22600.0,False,05:00,ok,2026-09-11T01:51:06.567235+05:30,2026-09-11_0151IST,airline_direct,IndiGo
DEL,CCU,6E,IndiGo,6E 5191,2026-10-11,30,economy,,,9753.0,False,05:00,ok,2026-09-11T01:51:06.567235+05:30,2026-09-11_0151IST,airline_direct,IndiGo
DEL,CCU,6E,IndiGo,6E 2276,2026-10-11,30,business,,,22600.0,False,17:55,ok,2026-09-11T01:51:06.567235+05:30,2026-09-11_0151IST,airline_direct,IndiGo
DEL,CCU,6E,IndiGo,6E 2276,2026-10-11,30,economy,,,11643.0,False,17:55,ok,2026-09-11T01:51:06.567235+05:30,2026-09-11_0151IST,airline_direct,IndiGo
DEL,CCU,6E,IndiGo,6E 6517,2026-10-11,30,business,,,22600.0,False,19:30,ok,2026-09-11T01:51:06.567235+05:30,2026-09-11_0151IST,airline_direct,IndiGo
DEL,CCU,6E,IndiGo,6E 6517,2026-10-11,30,economy,,,11643.0,False,19:30,ok,2026-09-11T01:51:06.567235+05:30,2026-09-11_0151IST,airline_direct,IndiGo
DEL,CCU,6E,IndiGo,6E 389,2026-10-11,30,business,,,22600.0,False,21:50,ok,2026-09-11T01:51:06.567235+05:30,2026-09-11_0151IST,airline_direct,IndiGo
DEL,CCU,6E,IndiGo,6E 389,2026-10-11,30,economy,,,11643.0,False,21:50,ok,2026-09-11T01:51:06.567235+05:30,2026-09-11_0151IST,airline_direct,IndiGo
DEL,CCU,6E,IndiGo,6E 513,2026-10-11,30,business,,,22600.0,False,08:30,ok,2026-09-11T01:51:06.567235+05:30,2026-09-11_0151IST,airline_direct,IndiGo
DEL,CCU,6E,IndiGo,6E 513,2026-10-11,30,economy,,,12430.0,False,08:30,ok,2026-09-11T01:51:06.567235+05:30,2026-09-11_0151IST,airline_direct,IndiGo
DEL,CCU,6E,IndiGo,6E 894,2026-10-11,30,business,,,22600.0,False,10:15,ok,2026-09-11T01:51:06.567235+05:30,2026-09-11_0151IST,airline_direct,IndiGo
DEL,CCU,6E,IndiGo,6E 894,2026-10-11,30,economy,,,12430.0,False,10:15,ok,2026-09-11T01:51:06.567235+05:30,2026-09-11_0151IST,airline_direct,IndiGo
DEL,CCU,6E,IndiGo,6E 897,2026-10-11,30,business,,,22600.0,False,12:45,ok,2026-09-11T01:51:06.567235+05:30,2026-09-11_0151IST,airline_direct,IndiGo
DEL,CCU,6E,IndiGo,6E 897,2026-10-11,30,economy,,,12430.0,False,12:45,ok,2026-09-11T01:51:06.567235+05:30,2026-09-11_0151IST,airline_direct,IndiGo
DEL,CCU,6E,IndiGo,6E 910,2026-10-11,30,business,,,22600.0,False,14:25,ok,2026-09-11T01:51:06.567235+05:30,2026-09-11_0151IST,airline_direct,IndiGo
DEL,CCU,6E,IndiGo,6E 910,2026-10-11,30,economy,,,12430.0,False,14:25,ok,2026-09-11T01:51:06.567235+05:30,2026-09-11_0151IST,airline_direct,IndiGo
DEL,CCU,6E,IndiGo,6E 6415,2026-10-11,30,business,,,22600.0,False,16:00,ok,2026-09-11T01:51:06.567235+05:30,2026-09-11_0151IST,airline_direct,IndiGo
DEL,CCU,6E,IndiGo,6E 6415,2026-10-11,30,economy,,,14058.0,False,16:00,ok,2026-09-11T01:51:06.567235+05:30,2026-09-11_0151IST,airline_direct,IndiGo
DEL,CCU,6E,IndiGo,6E 6245,2026-10-11,30,economy,,,7376.0,False,06:20,ok,2026-09-11T01:51:06.567235+05:30,2026-09-11_0151IST,airline_direct,IndiGo
DEL,CCU,6E,IndiGo,6E 2769,2026-10-11,30,economy,,,7376.0,False,08:10,ok,2026-09-11T01:51:06.567235+05:30,2026-09-11_0151IST,airline_direct,IndiGo
DEL,CCU,6E,IndiGo,6E 2373,2026-10-11,30,economy,,,7376.0,False,11:10,ok,2026-09-11T01:51:06.567235+05:30,2026-09-11_0151IST,airline_direct,IndiGo
DEL,CCU,6E,IndiGo,6E 6190,2026-10-11,30,economy,,,7586.0,False,07:40,ok,2026-09-11T01:51:06.567235+05:30,2026-09-11_0151IST,airline_direct,IndiGo
DEL,CCU,6E,IndiGo,6E 2259,2026-10-11,30,economy,,,7586.0,False,12:20,ok,2026-09-11T01:51:06.567235+05:30,2026-09-11_0151IST,airline_direct,IndiGo
DEL,CCU,6E,IndiGo,6E 5038,2026-10-11,30,economy,,,7586.0,False,14:00,ok,2026-09-11T01:51:06.567235+05:30,2026-09-11_0151IST,airline_direct,IndiGo
DEL,CCU,6E,IndiGo,6E 5033,2026-10-11,30,economy,,,7586.0,False,15:50,ok,2026-09-11T01:51:06.567235+05:30,2026-09-11_0151IST,airline_direct,IndiGo
DEL,CCU,6E,IndiGo,6E 5307,2026-10-11,30,economy,,,7691.0,False,10:50,ok,2026-09-11T01:51:06.567235+05:30,2026-09-11_0151IST,airline_direct,IndiGo
DEL,CCU,6E,IndiGo,6E 5073,2026-10-11,30,economy,,,7927.0,False,17:05,ok,2026-09-11T01:51:06.567235+05:30,2026-09-11_0151IST,airline_direct,IndiGo
DEL,CCU,6E,IndiGo,6E 2453,2026-10-11,30,economy,,,7984.0,False,13:35,ok,2026-09-11T01:51:06.567235+05:30,2026-09-11_0151IST,airline_direct,IndiGo
DEL,CCU,6E,IndiGo,6E 2453,2026-10-11,30,economy,,,7984.0,False,13:35,ok,2026-09-11T01:51:06.567235+05:30,2026-09-11_0151IST,airline_direct,IndiGo
DEL,CCU,6E,IndiGo,6E 6459,2026-10-11,30,economy,,,8115.0,False,05:55,ok,2026-09-11T01:51:06.567235+05:30,2026-09-11_0151IST,airline_direct,IndiGo
DEL,CCU,6E,IndiGo,6E 5036,2026-10-11,30,economy,,,8115.0,False,08:00,ok,2026-09-11T01:51:06.567235+05:30,2026-09-11_0151IST,airline_direct,IndiGo
DEL,CCU,6E,IndiGo,6E 6124,2026-10-11,30,economy,,,8299.0,False,07:30,ok,2026-09-11T01:51:06.567235+05:30,2026-09-11_0151IST,airline_direct,IndiGo
DEL,CCU,6E,IndiGo,6E 5307,2026-10-11,30,economy,,,8299.0,False,10:50,ok,2026-09-11T01:51:06.567235+05:30,2026-09-11_0151IST,airline_direct,IndiGo
DEL,CCU,6E,IndiGo,6E 2331,2026-10-11,30,economy,,,8535.0,False,12:20,ok,2026-09-11T01:51:06.567235+05:30,2026-09-11_0151IST,airline_direct,IndiGo
DEL,CCU,6E,IndiGo,6E 6312,2026-10-11,30,economy,,,8783.0,False,14:25,ok,2026-09-11T01:51:06.567235+05:30,2026-09-11_0151IST,airline_direct,IndiGo
DEL,CCU,6E,IndiGo,6E 5298,2026-10-11,30,economy,,,8862.0,False,09:00,ok,2026-09-11T01:51:06.567235+05:30,2026-09-11_0151IST,airline_direct,IndiGo
DEL,CCU,6E,IndiGo,6E 6378,2026-10-11,30,economy,,,8967.0,False,14:40,ok,2026-09-11T01:51:06.567235+05:30,2026-09-11_0151IST,airline_direct,IndiGo
DEL,CCU,6E,IndiGo,6E 5041,2026-10-11,30,economy,,,8967.0,False,15:10,ok,2026-09-11T01:51:06.567235+05:30,2026-09-11_0151IST,airline_direct,IndiGo
DEL,CCU,6E,IndiGo,6E 5041,2026-10-11,30,economy,,,8967.0,False,15:10,ok,2026-09-11T01:51:06.567235+05:30,2026-09-11_0151IST,airline_direct,IndiGo
DEL,CCU,6E,IndiGo,6E 2316,2026-10-11,30,economy,,,8967.0,False,17:30,ok,2026-09-11T01:51:06.567235+05:30,2026-09-11_0151IST,airline_direct,IndiGo
DEL,CCU,6E,IndiGo,6E 6503,2026-10-11,30,economy,,,9177.0,False,13:25,ok,2026-09-11T01:51:06.567235+05:30,2026-09-11_0151IST,airline_direct,IndiGo
DEL,CCU,6E,IndiGo,6E 6503,2026-10-11,30,economy,,,9177.0,False,13:25,ok,2026-09-11T01:51:06.567235+05:30,2026-09-11_0151IST,airline_direct,IndiGo
DEL,CCU,6E,IndiGo,6E 5119,2026-10-11,30,economy,,,9203.0,False,05:10,ok,2026-09-11T01:51:06.567235+05:30,2026-09-11_0151IST,airline_direct,IndiGo
DEL,CCU,6E,IndiGo,6E 5215,2026-10-11,30,economy,,,9702.0,False,07:40,ok,2026-09-11T01:51:06.567235+05:30,2026-09-11_0151IST,airline_direct,IndiGo
DEL,CCU,6E,IndiGo,6E 6371,2026-10-11,30,economy,,,10043.0,False,06:20,ok,2026-09-11T01:51:06.567235+05:30,2026-09-11_0151IST,airline_direct,IndiGo
DEL,CCU,6E,IndiGo,6E 6551,2026-10-11,30,economy,,,10043.0,False,12:00,ok,2026-09-11T01:51:06.567235+05:30,2026-09-11_0151IST,airline_direct,IndiGo
DEL,CCU,6E,IndiGo,6E 6236,2026-10-11,30,economy,,,11081.0,False,16:20,ok,2026-09-11T01:51:06.567235+05:30,2026-09-11_0151IST,airline_direct,IndiGo
DEL,CCU,6E,IndiGo,6E 6829,2026-10-11,30,economy,,,11422.0,False,17:20,ok,2026-09-11T01:51:06.567235+05:30,2026-09-11_0151IST,airline_direct,IndiGo
DEL,CCU,6E,IndiGo,6E 6246,2026-10-11,30,economy,,,11545.0,False,05:25,ok,2026-09-11T01:51:06.567235+05:30,2026-09-11_0151IST,airline_direct,IndiGo
DEL,CCU,6E,IndiGo,6E 2361,2026-10-11,30,economy,,,12445.0,False,14:35,ok,2026-09-11T01:51:06.567235+05:30,2026-09-11_0151IST,airline_direct,IndiGo
DEL,CCU,6E,IndiGo,6E 6073,2026-10-11,30,economy,,,14316.0,False,05:00,ok,2026-09-11T01:51:06.567235+05:30,2026-09-11_0151IST,airline_direct,IndiGo
DEL,CCU,6E,IndiGo,6E 2614,2026-10-11,30,economy,,,14957.0,False,14:40,ok,2026-09-11T01:51:06.567235+05:30,2026-09-11_0151IST,airline_direct,IndiGo
DEL,CCU,6E,IndiGo,6E 717,2026-10-11,30,business,,,29617.0,False,17:55,ok,2026-09-11T01:51:06.567235+05:30,2026-09-11_0151IST,airline_direct,IndiGo
DEL,CCU,6E,IndiGo,6E 717,2026-10-11,30,economy,,,16020.0,False,17:55,ok,2026-09-11T01:51:06.567235+05:30,2026-09-11_0151IST,airline_direct,IndiGo
DEL,CCU,6E,IndiGo,6E 2296,2026-10-11,30,economy,,,16206.0,False,09:20,ok,2026-09-11T01:51:06.567235+05:30,2026-09-11_0151IST,airline_direct,IndiGo
DEL,CCU,6E,IndiGo,6E 717,2026-10-11,30,business,,,30325.0,False,17:55,ok,2026-09-11T01:51:06.567235+05:30,2026-09-11_0151IST,airline_direct,IndiGo
DEL,CCU,6E,IndiGo,6E 717,2026-10-11,30,economy,,,16650.0,False,17:55,ok,2026-09-11T01:51:06.567235+05:30,2026-09-11_0151IST,airline_direct,IndiGo
DEL,CCU,6E,IndiGo,6E 704,2026-10-11,30,business,,,31033.0,False,02:25,ok,2026-09-11T01:51:06.567235+05:30,2026-09-11_0151IST,airline_direct,IndiGo
DEL,CCU,6E,IndiGo,6E 704,2026-10-11,30,economy,,,16654.0,False,02:25,ok,2026-09-11T01:51:06.567235+05:30,2026-09-11_0151IST,airline_direct,IndiGo
DEL,CCU,6E,IndiGo,6E 6217,2026-10-11,30,business,,,29617.0,False,16:15,ok,2026-09-11T01:51:06.567235+05:30,2026-09-11_0151IST,airline_direct,IndiGo
DEL,CCU,6E,IndiGo,6E 6217,2026-10-11,30,economy,,,16709.0,False,16:15,ok,2026-09-11T01:51:06.567235+05:30,2026-09-11_0151IST,airline_direct,IndiGo
DEL,CCU,6E,IndiGo,6E 6053,2026-10-11,30,economy,,,16939.0,False,13:05,ok,2026-09-11T01:51:06.567235+05:30,2026-09-11_0151IST,airline_direct,IndiGo
DEL,CCU,6E,IndiGo,6E 203,2026-10-11,30,business,,,31623.0,False,07:10,ok,2026-09-11T01:51:06.567235+05:30,2026-09-11_0151IST,airline_direct,IndiGo
DEL,CCU,6E,IndiGo,6E 203,2026-10-11,30,economy,,,17179.0,False,07:10,ok,2026-09-11T01:51:06.567235+05:30,2026-09-11_0151IST,airline_direct,IndiGo
DEL,CCU,6E,IndiGo,6E 705,2026-10-11,30,business,,,31623.0,False,08:30,ok,2026-09-11T01:51:06.567235+05:30,2026-09-11_0151IST,airline_direct,IndiGo
DEL,CCU,6E,IndiGo,6E 705,2026-10-11,30,economy,,,17179.0,False,08:30,ok,2026-09-11T01:51:06.567235+05:30,2026-09-11_0151IST,airline_direct,IndiGo
DEL,CCU,6E,IndiGo,6E 705,2026-10-11,30,business,,,31623.0,False,08:30,ok,2026-09-11T01:51:06.567235+05:30,2026-09-11_0151IST,airline_direct,IndiGo
DEL,CCU,6E,IndiGo,6E 705,2026-10-11,30,economy,,,17179.0,False,08:30,ok,2026-09-11T01:51:06.567235+05:30,2026-09-11_0151IST,airline_direct,IndiGo
DEL,CCU,6E,IndiGo,6E 6293,2026-10-11,30,business,,,31623.0,False,09:55,ok,2026-09-11T01:51:06.567235+05:30,2026-09-11_0151IST,airline_direct,IndiGo
DEL,CCU,6E,IndiGo,6E 6293,2026-10-11,30,economy,,,17179.0,False,09:55,ok,2026-09-11T01:51:06.567235+05:30,2026-09-11_0151IST,airline_direct,IndiGo
DEL,CCU,6E,IndiGo,6E 6282,2026-10-11,30,business,,,31623.0,False,13:30,ok,2026-09-11T01:51:06.567235+05:30,2026-09-11_0151IST,airline_direct,IndiGo
DEL,CCU,6E,IndiGo,6E 6282,2026-10-11,30,economy,,,18494.0,False,13:30,ok,2026-09-11T01:51:06.567235+05:30,2026-09-11_0151IST,airline_direct,IndiGo
DEL,CCU,6E,IndiGo,6E 6190,2026-10-11,30,economy,,,23285.0,False,07:40,ok,2026-09-11T01:51:06.567235+05:30,2026-09-11_0151IST,airline_direct,IndiGo
DEL,CCU,6E,IndiGo,6E 2296,2026-10-11,30,economy,,,23346.0,False,09:20,ok,2026-09-11T01:51:06.567235+05:30,2026-09-11_0151IST,airline_direct,IndiGo
DEL,CCU,6E,IndiGo,6E 734,2026-10-11,30,economy,,,26955.0,False,16:20,ok,2026-09-11T01:51:06.567235+05:30,2026-09-11_0151IST,airline_direct,IndiGo
BLR,HYD,6E,IndiGo,6E 6178,2026-10-11,30,economy,,,4561.0,False,06:10,ok,2026-09-11T01:52:02.952743+05:30,2026-09-11_0152IST,airline_direct,IndiGo
BLR,HYD,6E,IndiGo,6E 6784,2026-10-11,30,economy,,,6239.0,False,21:25,ok,2026-09-11T01:52:02.952743+05:30,2026-09-11_0152IST,airline_direct,IndiGo
BLR,HYD,6E,IndiGo,6E 312,2026-10-11,30,economy,,,6772.0,False,09:15,ok,2026-09-11T01:52:02.952743+05:30,2026-09-11_0152IST,airline_direct,IndiGo
BLR,HYD,6E,IndiGo,6E 638,2026-10-11,30,economy,,,6772.0,False,18:35,ok,2026-09-11T01:52:02.952743+05:30,2026-09-11_0152IST,airline_direct,IndiGo
BLR,HYD,6E,IndiGo,6E 855,2026-10-11,30,economy,,,6772.0,False,19:45,ok,2026-09-11T01:52:02.952743+05:30,2026-09-11_0152IST,airline_direct,IndiGo
BLR,HYD,6E,IndiGo,6E 484,2026-10-11,30,economy,,,7361.0,False,08:15,ok,2026-09-11T01:52:02.952743+05:30,2026-09-11_0152IST,airline_direct,IndiGo
BLR,HYD,6E,IndiGo,6E 537,2026-10-11,30,economy,,,7361.0,False,10:15,ok,2026-09-11T01:52:02.952743+05:30,2026-09-11_0152IST,airline_direct,IndiGo
BLR,HYD,6E,IndiGo,6E 6067,2026-10-11,30,economy,,,8727.0,False,16:30,ok,2026-09-11T01:52:02.952743+05:30,2026-09-11_0152IST,airline_direct,IndiGo
BLR,HYD,6E,IndiGo,6E 6404,2026-10-11,30,economy,,,11353.0,False,11:35,ok,2026-09-11T01:52:02.952743+05:30,2026-09-11_0152IST,airline_direct,IndiGo
BLR,HYD,6E,IndiGo,6E 7227,2026-10-11,30,economy,,,5331.0,False,06:25,ok,2026-09-11T01:52:02.952743+05:30,2026-09-11_0152IST,airline_direct,IndiGo
BLR,HYD,6E,IndiGo,6E 7737,2026-10-11,30,economy,,,5331.0,False,15:15,ok,2026-09-11T01:52:02.952743+05:30,2026-09-11_0152IST,airline_direct,IndiGo
BLR,HYD,6E,IndiGo,6E 7737,2026-10-11,30,economy,,,5331.0,False,15:15,ok,2026-09-11T01:52:02.952743+05:30,2026-09-11_0152IST,airline_direct,IndiGo
BLR,HYD,6E,IndiGo,6E 6563,2026-10-11,30,economy,,,5463.0,False,01:05,ok,2026-09-11T01:52:02.952743+05:30,2026-09-11_0152IST,airline_direct,IndiGo
BLR,HYD,6E,IndiGo,6E 6876,2026-10-11,30,economy,,,5463.0,False,02:40,ok,2026-09-11T01:52:02.952743+05:30,2026-09-11_0152IST,airline_direct,IndiGo
BLR,HYD,6E,IndiGo,6E 7204,2026-10-11,30,economy,,,5463.0,False,06:50,ok,2026-09-11T01:52:02.952743+05:30,2026-09-11_0152IST,airline_direct,IndiGo
BLR,HYD,6E,IndiGo,6E 857,2026-10-11,30,economy,,,5463.0,False,07:05,ok,2026-09-11T01:52:02.952743+05:30,2026-09-11_0152IST,airline_direct,IndiGo
BLR,HYD,6E,IndiGo,6E 763,2026-10-11,30,economy,,,5463.0,False,07:10,ok,2026-09-11T01:52:02.952743+05:30,2026-09-11_0152IST,airline_direct,IndiGo
BLR,HYD,6E,IndiGo,6E 763,2026-10-11,30,economy,,,5463.0,False,07:10,ok,2026-09-11T01:52:02.952743+05:30,2026-09-11_0152IST,airline_direct,IndiGo
BLR,HYD,6E,IndiGo,6E 763,2026-10-11,30,economy,,,5463.0,False,07:10,ok,2026-09-11T01:52:02.952743+05:30,2026-09-11_0152IST,airline_direct,IndiGo
BLR,HYD,6E,IndiGo,6E 7005,2026-10-11,30,economy,,,5463.0,False,08:05,ok,2026-09-11T01:52:02.952743+05:30,2026-09-11_0152IST,airline_direct,IndiGo
BLR,HYD,6E,IndiGo,6E 7005,2026-10-11,30,economy,,,5463.0,False,08:05,ok,2026-09-11T01:52:02.952743+05:30,2026-09-11_0152IST,airline_direct,IndiGo
BLR,HYD,6E,IndiGo,6E 6445,2026-10-11,30,economy,,,5463.0,False,10:25,ok,2026-09-11T01:52:02.952743+05:30,2026-09-11_0152IST,airline_direct,IndiGo
BLR,HYD,6E,IndiGo,6E 7071,2026-10-11,30,economy,,,5463.0,False,10:55,ok,2026-09-11T01:52:02.952743+05:30,2026-09-11_0152IST,airline_direct,IndiGo
BLR,HYD,6E,IndiGo,6E 6753,2026-10-11,30,economy,,,5463.0,False,15:15,ok,2026-09-11T01:52:02.952743+05:30,2026-09-11_0152IST,airline_direct,IndiGo
BLR,HYD,6E,IndiGo,6E 6753,2026-10-11,30,economy,,,5463.0,False,15:15,ok,2026-09-11T01:52:02.952743+05:30,2026-09-11_0152IST,airline_direct,IndiGo
BLR,HYD,6E,IndiGo,6E 7223,2026-10-11,30,economy,,,5463.0,False,15:30,ok,2026-09-11T01:52:02.952743+05:30,2026-09-11_0152IST,airline_direct,IndiGo
BLR,HYD,6E,IndiGo,6E 109,2026-10-11,30,economy,,,5463.0,False,17:00,ok,2026-09-11T01:52:02.952743+05:30,2026-09-11_0152IST,airline_direct,IndiGo
BLR,HYD,6E,IndiGo,6E 356,2026-10-11,30,economy,,,5463.0,False,17:15,ok,2026-09-11T01:52:02.952743+05:30,2026-09-11_0152IST,airline_direct,IndiGo
BLR,HYD,6E,IndiGo,6E 356,2026-10-11,30,economy,,,5463.0,False,17:15,ok,2026-09-11T01:52:02.952743+05:30,2026-09-11_0152IST,airline_direct,IndiGo
BLR,HYD,6E,IndiGo,6E 6168,2026-10-11,30,economy,,,5463.0,False,17:20,ok,2026-09-11T01:52:02.952743+05:30,2026-09-11_0152IST,airline_direct,IndiGo
BLR,HYD,6E,IndiGo,6E 6168,2026-10-11,30,economy,,,5463.0,False,17:20,ok,2026-09-11T01:52:02.952743+05:30,2026-09-11_0152IST,airline_direct,IndiGo
BLR,HYD,6E,IndiGo,6E 6162,2026-10-11,30,economy,,,5463.0,False,18:50,ok,2026-09-11T01:52:02.952743+05:30,2026-09-11_0152IST,airline_direct,IndiGo
BLR,HYD,6E,IndiGo,6E 105,2026-10-11,30,economy,,,5463.0,False,18:50,ok,2026-09-11T01:52:02.952743+05:30,2026-09-11_0152IST,airline_direct,IndiGo
BLR,HYD,6E,IndiGo,6E 105,2026-10-11,30,economy,,,5463.0,False,18:50,ok,2026-09-11T01:52:02.952743+05:30,2026-09-11_0152IST,airline_direct,IndiGo
BLR,HYD,6E,IndiGo,6E 6554,2026-10-11,30,economy,,,5463.0,False,19:15,ok,2026-09-11T01:52:02.952743+05:30,2026-09-11_0152IST,airline_direct,IndiGo
BLR,HYD,6E,IndiGo,6E 441,2026-10-11,30,economy,,,5463.0,False,20:40,ok,2026-09-11T01:52:02.952743+05:30,2026-09-11_0152IST,airline_direct,IndiGo
BLR,HYD,6E,IndiGo,6E 528,2026-10-11,30,economy,,,5463.0,False,21:40,ok,2026-09-11T01:52:02.952743+05:30,2026-09-11_0152IST,airline_direct,IndiGo
BLR,HYD,6E,IndiGo,6E 116,2026-10-11,30,economy,,,5463.0,False,23:05,ok,2026-09-11T01:52:02.952743+05:30,2026-09-11_0152IST,airline_direct,IndiGo
BLR,HYD,6E,IndiGo,6E 116,2026-10-11,30,economy,,,5463.0,False,23:05,ok,2026-09-11T01:52:02.952743+05:30,2026-09-11_0152IST,airline_direct,IndiGo
BLR,HYD,6E,IndiGo,6E 904,2026-10-11,30,economy,,,5793.0,False,10:50,ok,2026-09-11T01:52:02.952743+05:30,2026-09-11_0152IST,airline_direct,IndiGo
BLR,HYD,6E,IndiGo,6E 904,2026-10-11,30,economy,,,5793.0,False,10:50,ok,2026-09-11T01:52:02.952743+05:30,2026-09-11_0152IST,airline_direct,IndiGo
BLR,HYD,6E,IndiGo,6E 6336,2026-10-11,30,economy,,,5925.0,False,12:25,ok,2026-09-11T01:52:02.952743+05:30,2026-09-11_0152IST,airline_direct,IndiGo
BLR,HYD,6E,IndiGo,6E 857,2026-10-11,30,economy,,,6153.0,False,07:05,ok,2026-09-11T01:52:02.952743+05:30,2026-09-11_0152IST,airline_direct,IndiGo
BLR,HYD,6E,IndiGo,6E 6269,2026-10-11,30,economy,,,6153.0,False,07:15,ok,2026-09-11T01:52:02.952743+05:30,2026-09-11_0152IST,airline_direct,IndiGo
BLR,HYD,6E,IndiGo,6E 703,2026-10-11,30,economy,,,6153.0,False,12:55,ok,2026-09-11T01:52:02.952743+05:30,2026-09-11_0152IST,airline_direct,IndiGo
BLR,HYD,6E,IndiGo,6E 6583,2026-10-11,30,economy,,,6284.0,False,10:40,ok,2026-09-11T01:52:02.952743+05:30,2026-09-11_0152IST,airline_direct,IndiGo
BLR,HYD,6E,IndiGo,6E 6336,2026-10-11,30,economy,,,6284.0,False,12:25,ok,2026-09-11T01:52:02.952743+05:30,2026-09-11_0152IST,airline_direct,IndiGo
BLR,HYD,6E,IndiGo,6E 6653,2026-10-11,30,economy,,,6543.0,False,12:35,ok,2026-09-11T01:52:02.952743+05:30,2026-09-11_0152IST,airline_direct,IndiGo
BLR,HYD,6E,IndiGo,6E 6208,2026-10-11,30,economy,,,6543.0,False,12:45,ok,2026-09-11T01:52:02.952743+05:30,2026-09-11_0152IST,airline_direct,IndiGo
BLR,HYD,6E,IndiGo,6E 6208,2026-10-11,30,economy,,,6543.0,False,12:45,ok,2026-09-11T01:52:02.952743+05:30,2026-09-11_0152IST,airline_direct,IndiGo
BLR,HYD,6E,IndiGo,6E 6208,2026-10-11,30,economy,,,6543.0,False,12:45,ok,2026-09-11T01:52:02.952743+05:30,2026-09-11_0152IST,airline_direct,IndiGo
BLR,HYD,6E,IndiGo,6E 6017,2026-10-11,30,economy,,,6543.0,False,18:15,ok,2026-09-11T01:52:02.952743+05:30,2026-09-11_0152IST,airline_direct,IndiGo
BLR,HYD,6E,IndiGo,6E 6445,2026-10-11,30,economy,,,6969.0,False,10:25,ok,2026-09-11T01:52:02.952743+05:30,2026-09-11_0152IST,airline_direct,IndiGo
BLR,HYD,6E,IndiGo,6E 6269,2026-10-11,30,economy,,,7432.0,False,07:15,ok,2026-09-11T01:52:02.952743+05:30,2026-09-11_0152IST,airline_direct,IndiGo
BLR,HYD,6E,IndiGo,6E 6104,2026-10-11,30,economy,,,7432.0,False,11:40,ok,2026-09-11T01:52:02.952743+05:30,2026-09-11_0152IST,airline_direct,IndiGo
BLR,HYD,6E,IndiGo,6E 6653,2026-10-11,30,economy,,,7432.0,False,12:35,ok,2026-09-11T01:52:02.952743+05:30,2026-09-11_0152IST,airline_direct,IndiGo
BLR,HYD,6E,IndiGo,6E 6653,2026-10-11,30,economy,,,7432.0,False,12:35,ok,2026-09-11T01:52:02.952743+05:30,2026-09-11_0152IST,airline_direct,IndiGo
BLR,HYD,6E,IndiGo,6E 7285,2026-10-11,30,economy,,,9417.0,False,06:50,ok,2026-09-11T01:52:02.952743+05:30,2026-09-11_0152IST,airline_direct,IndiGo
BLR,HYD,6E,IndiGo,6E 6542,2026-10-11,30,economy,,,13940.0,False,13:10,ok,2026-09-11T01:52:02.952743+05:30,2026-09-11_0152IST,airline_direct,IndiGo
MAA,DEL,6E,IndiGo,6E 937,2026-10-11,30,business,,,24700.0,False,06:30,ok,2026-09-11T01:53:01.852389+05:30,2026-09-11_0153IST,airline_direct,IndiGo
MAA,DEL,6E,IndiGo,6E 937,2026-10-11,30,economy,,,9830.0,False,06:30,ok,2026-09-11T01:53:01.852389+05:30,2026-09-11_0153IST,airline_direct,IndiGo
MAA,DEL,6E,IndiGo,6E 404,2026-10-11,30,business,,,24700.0,False,09:15,ok,2026-09-11T01:53:01.852389+05:30,2026-09-11_0153IST,airline_direct,IndiGo
MAA,DEL,6E,IndiGo,6E 404,2026-10-11,30,economy,,,9830.0,False,09:15,ok,2026-09-11T01:53:01.852389+05:30,2026-09-11_0153IST,airline_direct,IndiGo
MAA,DEL,6E,IndiGo,6E 939,2026-10-11,30,business,,,24700.0,False,13:00,ok,2026-09-11T01:53:01.852389+05:30,2026-09-11_0153IST,airline_direct,IndiGo
MAA,DEL,6E,IndiGo,6E 939,2026-10-11,30,economy,,,9830.0,False,13:00,ok,2026-09-11T01:53:01.852389+05:30,2026-09-11_0153IST,airline_direct,IndiGo
MAA,DEL,6E,IndiGo,6E 948,2026-10-11,30,business,,,24700.0,False,14:30,ok,2026-09-11T01:53:01.852389+05:30,2026-09-11_0153IST,airline_direct,IndiGo
MAA,DEL,6E,IndiGo,6E 948,2026-10-11,30,economy,,,9830.0,False,14:30,ok,2026-09-11T01:53:01.852389+05:30,2026-09-11_0153IST,airline_direct,IndiGo
MAA,DEL,6E,IndiGo,6E 698,2026-10-11,30,business,,,24700.0,False,16:45,ok,2026-09-11T01:53:01.852389+05:30,2026-09-11_0153IST,airline_direct,IndiGo
MAA,DEL,6E,IndiGo,6E 698,2026-10-11,30,economy,,,9830.0,False,16:45,ok,2026-09-11T01:53:01.852389+05:30,2026-09-11_0153IST,airline_direct,IndiGo
MAA,DEL,6E,IndiGo,6E 613,2026-10-11,30,business,,,24700.0,False,19:00,ok,2026-09-11T01:53:01.852389+05:30,2026-09-11_0153IST,airline_direct,IndiGo
MAA,DEL,6E,IndiGo,6E 613,2026-10-11,30,economy,,,9830.0,False,19:00,ok,2026-09-11T01:53:01.852389+05:30,2026-09-11_0153IST,airline_direct,IndiGo
MAA,DEL,6E,IndiGo,6E 951,2026-10-11,30,business,,,24700.0,False,21:50,ok,2026-09-11T01:53:01.852389+05:30,2026-09-11_0153IST,airline_direct,IndiGo
MAA,DEL,6E,IndiGo,6E 951,2026-10-11,30,economy,,,9830.0,False,21:50,ok,2026-09-11T01:53:01.852389+05:30,2026-09-11_0153IST,airline_direct,IndiGo
MAA,DEL,6E,IndiGo,6E 2369,2026-10-11,30,business,,,24700.0,False,23:45,ok,2026-09-11T01:53:01.852389+05:30,2026-09-11_0153IST,airline_direct,IndiGo
MAA,DEL,6E,IndiGo,6E 2369,2026-10-11,30,economy,,,9830.0,False,23:45,ok,2026-09-11T01:53:01.852389+05:30,2026-09-11_0153IST,airline_direct,IndiGo
MAA,DEL,6E,IndiGo,6E 6002,2026-10-11,30,business,,,24700.0,False,11:10,ok,2026-09-11T01:53:01.852389+05:30,2026-09-11_0153IST,airline_direct,IndiGo
MAA,DEL,6E,IndiGo,6E 6002,2026-10-11,30,economy,,,10295.0,False,11:10,ok,2026-09-11T01:53:01.852389+05:30,2026-09-11_0153IST,airline_direct,IndiGo
MAA,DEL,6E,IndiGo,6E 953,2026-10-11,30,business,,,24700.0,False,02:45,ok,2026-09-11T01:53:01.852389+05:30,2026-09-11_0153IST,airline_direct,IndiGo
MAA,DEL,6E,IndiGo,6E 953,2026-10-11,30,economy,,,12426.0,False,02:45,ok,2026-09-11T01:53:01.852389+05:30,2026-09-11_0153IST,airline_direct,IndiGo
MAA,DEL,6E,IndiGo,6E 6797,2026-10-11,30,economy,,,9568.0,False,13:10,ok,2026-09-11T01:53:01.852389+05:30,2026-09-11_0153IST,airline_direct,IndiGo
MAA,DEL,6E,IndiGo,6E 253,2026-10-11,30,business,,,28061.0,False,03:10,ok,2026-09-11T01:53:01.852389+05:30,2026-09-11_0153IST,airline_direct,IndiGo
MAA,DEL,6E,IndiGo,6E 253,2026-10-11,30,economy,,,9778.0,False,03:10,ok,2026-09-11T01:53:01.852389+05:30,2026-09-11_0153IST,airline_direct,IndiGo
MAA,DEL,6E,IndiGo,6E 607,2026-10-11,30,business,,,28061.0,False,05:40,ok,2026-09-11T01:53:01.852389+05:30,2026-09-11_0153IST,airline_direct,IndiGo
MAA,DEL,6E,IndiGo,6E 607,2026-10-11,30,economy,,,9778.0,False,05:40,ok,2026-09-11T01:53:01.852389+05:30,2026-09-11_0153IST,airline_direct,IndiGo
MAA,DEL,6E,IndiGo,6E 401,2026-10-11,30,economy,,,9778.0,False,08:10,ok,2026-09-11T01:53:01.852389+05:30,2026-09-11_0153IST,airline_direct,IndiGo
MAA,DEL,6E,IndiGo,6E 6079,2026-10-11,30,economy,,,9778.0,False,10:15,ok,2026-09-11T01:53:01.852389+05:30,2026-09-11_0153IST,airline_direct,IndiGo
MAA,DEL,6E,IndiGo,6E 502,2026-10-11,30,business,,,28533.0,False,11:10,ok,2026-09-11T01:53:01.852389+05:30,2026-09-11_0153IST,airline_direct,IndiGo
MAA,DEL,6E,IndiGo,6E 502,2026-10-11,30,economy,,,9778.0,False,11:10,ok,2026-09-11T01:53:01.852389+05:30,2026-09-11_0153IST,airline_direct,IndiGo
MAA,DEL,6E,IndiGo,6E 973,2026-10-11,30,business,,,36481.0,False,11:55,ok,2026-09-11T01:53:01.852389+05:30,2026-09-11_0153IST,airline_direct,IndiGo
MAA,DEL,6E,IndiGo,6E 973,2026-10-11,30,economy,,,9778.0,False,11:55,ok,2026-09-11T01:53:01.852389+05:30,2026-09-11_0153IST,airline_direct,IndiGo
MAA,DEL,6E,IndiGo,6E 6158,2026-10-11,30,business,,,26457.0,False,16:10,ok,2026-09-11T01:53:01.852389+05:30,2026-09-11_0153IST,airline_direct,IndiGo
MAA,DEL,6E,IndiGo,6E 6158,2026-10-11,30,economy,,,9778.0,False,16:10,ok,2026-09-11T01:53:01.852389+05:30,2026-09-11_0153IST,airline_direct,IndiGo
MAA,DEL,6E,IndiGo,6E 183,2026-10-11,30,business,,,28887.0,False,16:35,ok,2026-09-11T01:53:01.852389+05:30,2026-09-11_0153IST,airline_direct,IndiGo
MAA,DEL,6E,IndiGo,6E 183,2026-10-11,30,economy,,,9778.0,False,16:35,ok,2026-09-11T01:53:01.852389+05:30,2026-09-11_0153IST,airline_direct,IndiGo
MAA,DEL,6E,IndiGo,6E 562,2026-10-11,30,business,,,26457.0,False,18:20,ok,2026-09-11T01:53:01.852389+05:30,2026-09-11_0153IST,airline_direct,IndiGo
MAA,DEL,6E,IndiGo,6E 562,2026-10-11,30,economy,,,9778.0,False,18:20,ok,2026-09-11T01:53:01.852389+05:30,2026-09-11_0153IST,airline_direct,IndiGo
MAA,DEL,6E,IndiGo,6E 193,2026-10-11,30,business,,,26457.0,False,20:00,ok,2026-09-11T01:53:01.852389+05:30,2026-09-11_0153IST,airline_direct,IndiGo
MAA,DEL,6E,IndiGo,6E 193,2026-10-11,30,economy,,,9778.0,False,20:00,ok,2026-09-11T01:53:01.852389+05:30,2026-09-11_0153IST,airline_direct,IndiGo
MAA,DEL,6E,IndiGo,6E 6487,2026-10-11,30,business,,,26398.0,False,21:25,ok,2026-09-11T01:53:01.852389+05:30,2026-09-11_0153IST,airline_direct,IndiGo
MAA,DEL,6E,IndiGo,6E 6487,2026-10-11,30,economy,,,9778.0,False,21:25,ok,2026-09-11T01:53:01.852389+05:30,2026-09-11_0153IST,airline_direct,IndiGo
MAA,DEL,6E,IndiGo,6E 561,2026-10-11,30,business,,,28415.0,False,22:20,ok,2026-09-11T01:53:01.852389+05:30,2026-09-11_0153IST,airline_direct,IndiGo
MAA,DEL,6E,IndiGo,6E 561,2026-10-11,30,economy,,,9778.0,False,22:20,ok,2026-09-11T01:53:01.852389+05:30,2026-09-11_0153IST,airline_direct,IndiGo
MAA,DEL,6E,IndiGo,6E 6081,2026-10-11,30,business,,,29704.0,False,07:05,ok,2026-09-11T01:53:01.852389+05:30,2026-09-11_0153IST,airline_direct,IndiGo
MAA,DEL,6E,IndiGo,6E 6081,2026-10-11,30,economy,,,9857.0,False,07:05,ok,2026-09-11T01:53:01.852389+05:30,2026-09-11_0153IST,airline_direct,IndiGo
MAA,DEL,6E,IndiGo,6E 6209,2026-10-11,30,business,,,29704.0,False,14:35,ok,2026-09-11T01:53:01.852389+05:30,2026-09-11_0153IST,airline_direct,IndiGo
MAA,DEL,6E,IndiGo,6E 6209,2026-10-11,30,economy,,,9857.0,False,14:35,ok,2026-09-11T01:53:01.852389+05:30,2026-09-11_0153IST,airline_direct,IndiGo
MAA,DEL,6E,IndiGo,6E 6209,2026-10-11,30,business,,,29704.0,False,14:35,ok,2026-09-11T01:53:01.852389+05:30,2026-09-11_0153IST,airline_direct,IndiGo
MAA,DEL,6E,IndiGo,6E 6209,2026-10-11,30,economy,,,9857.0,False,14:35,ok,2026-09-11T01:53:01.852389+05:30,2026-09-11_0153IST,airline_direct,IndiGo
MAA,DEL,6E,IndiGo,6E 847,2026-10-11,30,business,,,29704.0,False,16:15,ok,2026-09-11T01:53:01.852389+05:30,2026-09-11_0153IST,airline_direct,IndiGo
MAA,DEL,6E,IndiGo,6E 847,2026-10-11,30,economy,,,9857.0,False,16:15,ok,2026-09-11T01:53:01.852389+05:30,2026-09-11_0153IST,airline_direct,IndiGo
MAA,DEL,6E,IndiGo,6E 189,2026-10-11,30,business,,,29704.0,False,19:05,ok,2026-09-11T01:53:01.852389+05:30,2026-09-11_0153IST,airline_direct,IndiGo
MAA,DEL,6E,IndiGo,6E 189,2026-10-11,30,economy,,,9857.0,False,19:05,ok,2026-09-11T01:53:01.852389+05:30,2026-09-11_0153IST,airline_direct,IndiGo
MAA,DEL,6E,IndiGo,6E 6812,2026-10-11,30,economy,,,9857.0,False,20:00,ok,2026-09-11T01:53:01.852389+05:30,2026-09-11_0153IST,airline_direct,IndiGo
MAA,DEL,6E,IndiGo,6E 796,2026-10-11,30,business,,,29704.0,False,22:00,ok,2026-09-11T01:53:01.852389+05:30,2026-09-11_0153IST,airline_direct,IndiGo
MAA,DEL,6E,IndiGo,6E 796,2026-10-11,30,economy,,,9857.0,False,22:00,ok,2026-09-11T01:53:01.852389+05:30,2026-09-11_0153IST,airline_direct,IndiGo
MAA,DEL,6E,IndiGo,6E 6140,2026-10-11,30,business,,,29944.0,False,02:30,ok,2026-09-11T01:53:01.852389+05:30,2026-09-11_0153IST,airline_direct,IndiGo
MAA,DEL,6E,IndiGo,6E 6140,2026-10-11,30,economy,,,9988.0,False,02:30,ok,2026-09-11T01:53:01.852389+05:30,2026-09-11_0153IST,airline_direct,IndiGo
MAA,DEL,6E,IndiGo,6E 6140,2026-10-11,30,business,,,29944.0,False,02:30,ok,2026-09-11T01:53:01.852389+05:30,2026-09-11_0153IST,airline_direct,IndiGo
MAA,DEL,6E,IndiGo,6E 6140,2026-10-11,30,economy,,,9988.0,False,02:30,ok,2026-09-11T01:53:01.852389+05:30,2026-09-11_0153IST,airline_direct,IndiGo
MAA,DEL,6E,IndiGo,6E 5093,2026-10-11,30,business,,,35375.0,False,05:00,ok,2026-09-11T01:53:01.852389+05:30,2026-09-11_0153IST,airline_direct,IndiGo
MAA,DEL,6E,IndiGo,6E 5093,2026-10-11,30,economy,,,9988.0,False,05:00,ok,2026-09-11T01:53:01.852389+05:30,2026-09-11_0153IST,airline_direct,IndiGo
MAA,DEL,6E,IndiGo,6E 6348,2026-10-11,30,business,,,35375.0,False,09:00,ok,2026-09-11T01:53:01.852389+05:30,2026-09-11_0153IST,airline_direct,IndiGo
MAA,DEL,6E,IndiGo,6E 6348,2026-10-11,30,economy,,,9988.0,False,09:00,ok,2026-09-11T01:53:01.852389+05:30,2026-09-11_0153IST,airline_direct,IndiGo
MAA,DEL,6E,IndiGo,6E 6348,2026-10-11,30,business,,,35375.0,False,09:00,ok,2026-09-11T01:53:01.852389+05:30,2026-09-11_0153IST,airline_direct,IndiGo
MAA,DEL,6E,IndiGo,6E 6348,2026-10-11,30,economy,,,9988.0,False,09:00,ok,2026-09-11T01:53:01.852389+05:30,2026-09-11_0153IST,airline_direct,IndiGo
MAA,DEL,6E,IndiGo,6E 5214,2026-10-11,30,business,,,35375.0,False,11:00,ok,2026-09-11T01:53:01.852389+05:30,2026-09-11_0153IST,airline_direct,IndiGo
MAA,DEL,6E,IndiGo,6E 5214,2026-10-11,30,economy,,,9988.0,False,11:00,ok,2026-09-11T01:53:01.852389+05:30,2026-09-11_0153IST,airline_direct,IndiGo
MAA,DEL,6E,IndiGo,6E 5258,2026-10-11,30,business,,,35375.0,False,12:45,ok,2026-09-11T01:53:01.852389+05:30,2026-09-11_0153IST,airline_direct,IndiGo
MAA,DEL,6E,IndiGo,6E 5258,2026-10-11,30,economy,,,9988.0,False,12:45,ok,2026-09-11T01:53:01.852389+05:30,2026-09-11_0153IST,airline_direct,IndiGo
MAA,DEL,6E,IndiGo,6E 5371,2026-10-11,30,business,,,35375.0,False,14:45,ok,2026-09-11T01:53:01.852389+05:30,2026-09-11_0153IST,airline_direct,IndiGo
MAA,DEL,6E,IndiGo,6E 5371,2026-10-11,30,economy,,,9988.0,False,14:45,ok,2026-09-11T01:53:01.852389+05:30,2026-09-11_0153IST,airline_direct,IndiGo
MAA,DEL,6E,IndiGo,6E 6113,2026-10-11,30,economy,,,9988.0,False,17:00,ok,2026-09-11T01:53:01.852389+05:30,2026-09-11_0153IST,airline_direct,IndiGo
MAA,DEL,6E,IndiGo,6E 588,2026-10-11,30,business,,,36717.0,False,17:40,ok,2026-09-11T01:53:01.852389+05:30,2026-09-11_0153IST,airline_direct,IndiGo
MAA,DEL,6E,IndiGo,6E 588,2026-10-11,30,economy,,,9988.0,False,17:40,ok,2026-09-11T01:53:01.852389+05:30,2026-09-11_0153IST,airline_direct,IndiGo
MAA,DEL,6E,IndiGo,6E 606,2026-10-11,30,business,,,36232.0,False,18:05,ok,2026-09-11T01:53:01.852389+05:30,2026-09-11_0153IST,airline_direct,IndiGo
MAA,DEL,6E,IndiGo,6E 606,2026-10-11,30,economy,,,9988.0,False,18:05,ok,2026-09-11T01:53:01.852389+05:30,2026-09-11_0153IST,airline_direct,IndiGo
MAA,DEL,6E,IndiGo,6E 5367,2026-10-11,30,business,,,35375.0,False,18:15,ok,2026-09-11T01:53:01.852389+05:30,2026-09-11_0153IST,airline_direct,IndiGo
MAA,DEL,6E,IndiGo,6E 5367,2026-10-11,30,economy,,,9988.0,False,18:15,ok,2026-09-11T01:53:01.852389+05:30,2026-09-11_0153IST,airline_direct,IndiGo
MAA,DEL,6E,IndiGo,6E 6225,2026-10-11,30,business,,,35375.0,False,22:30,ok,2026-09-11T01:53:01.852389+05:30,2026-09-11_0153IST,airline_direct,IndiGo
MAA,DEL,6E,IndiGo,6E 6225,2026-10-11,30,economy,,,9988.0,False,22:30,ok,2026-09-11T01:53:01.852389+05:30,2026-09-11_0153IST,airline_direct,IndiGo
MAA,DEL,6E,IndiGo,6E 264,2026-10-11,30,business,,,34580.0,False,23:20,ok,2026-09-11T01:53:01.852389+05:30,2026-09-11_0153IST,airline_direct,IndiGo
MAA,DEL,6E,IndiGo,6E 264,2026-10-11,30,economy,,,9988.0,False,23:20,ok,2026-09-11T01:53:01.852389+05:30,2026-09-11_0153IST,airline_direct,IndiGo
MAA,DEL,6E,IndiGo,6E 597,2026-10-11,30,economy,,,10146.0,False,17:45,ok,2026-09-11T01:53:01.852389+05:30,2026-09-11_0153IST,airline_direct,IndiGo
MAA,DEL,6E,IndiGo,6E 848,2026-10-11,30,economy,,,10535.0,False,17:50,ok,2026-09-11T01:53:01.852389+05:30,2026-09-11_0153IST,airline_direct,IndiGo
MAA,DEL,6E,IndiGo,6E 6081,2026-10-11,30,business,,,29704.0,False,07:05,ok,2026-09-11T01:53:01.852389+05:30,2026-09-11_0153IST,airline_direct,IndiGo
MAA,DEL,6E,IndiGo,6E 6081,2026-10-11,30,economy,,,10614.0,False,07:05,ok,2026-09-11T01:53:01.852389+05:30,2026-09-11_0153IST,airline_direct,IndiGo
MAA,DEL,6E,IndiGo,6E 6815,2026-10-11,30,business,,,29704.0,False,08:55,ok,2026-09-11T01:53:01.852389+05:30,2026-09-11_0153IST,airline_direct,IndiGo
MAA,DEL,6E,IndiGo,6E 6815,2026-10-11,30,economy,,,10614.0,False,08:55,ok,2026-09-11T01:53:01.852389+05:30,2026-09-11_0153IST,airline_direct,IndiGo
MAA,DEL,6E,IndiGo,6E 321,2026-10-11,30,business,,,37412.0,False,08:20,ok,2026-09-11T01:53:01.852389+05:30,2026-09-11_0153IST,airline_direct,IndiGo
MAA,DEL,6E,IndiGo,6E 321,2026-10-11,30,economy,,,11576.0,False,08:20,ok,2026-09-11T01:53:01.852389+05:30,2026-09-11_0153IST,airline_direct,IndiGo
MAA,DEL,6E,IndiGo,6E 986,2026-10-11,30,business,,,37412.0,False,15:05,ok,2026-09-11T01:53:01.852389+05:30,2026-09-11_0153IST,airline_direct,IndiGo
MAA,DEL,6E,IndiGo,6E 986,2026-10-11,30,economy,,,11576.0,False,15:05,ok,2026-09-11T01:53:01.852389+05:30,2026-09-11_0153IST,airline_direct,IndiGo
MAA,DEL,6E,IndiGo,6E 495,2026-10-11,30,business,,,26457.0,False,07:10,ok,2026-09-11T01:53:01.852389+05:30,2026-09-11_0153IST,airline_direct,IndiGo
MAA,DEL,6E,IndiGo,6E 495,2026-10-11,30,economy,,,12277.0,False,07:10,ok,2026-09-11T01:53:01.852389+05:30,2026-09-11_0153IST,airline_direct,IndiGo
MAA,DEL,6E,IndiGo,6E 495,2026-10-11,30,business,,,26457.0,False,07:10,ok,2026-09-11T01:53:01.852389+05:30,2026-09-11_0153IST,airline_direct,IndiGo
MAA,DEL,6E,IndiGo,6E 495,2026-10-11,30,economy,,,12277.0,False,07:10,ok,2026-09-11T01:53:01.852389+05:30,2026-09-11_0153IST,airline_direct,IndiGo
MAA,DEL,6E,IndiGo,6E 834,2026-10-11,30,business,,,26457.0,False,09:05,ok,2026-09-11T01:53:01.852389+05:30,2026-09-11_0153IST,airline_direct,IndiGo
MAA,DEL,6E,IndiGo,6E 834,2026-10-11,30,economy,,,12277.0,False,09:05,ok,2026-09-11T01:53:01.852389+05:30,2026-09-11_0153IST,airline_direct,IndiGo
MAA,DEL,6E,IndiGo,6E 834,2026-10-11,30,business,,,26457.0,False,09:05,ok,2026-09-11T01:53:01.852389+05:30,2026-09-11_0153IST,airline_direct,IndiGo
MAA,DEL,6E,IndiGo,6E 834,2026-10-11,30,economy,,,12277.0,False,09:05,ok,2026-09-11T01:53:01.852389+05:30,2026-09-11_0153IST,airline_direct,IndiGo
MAA,DEL,6E,IndiGo,6E 372,2026-10-11,30,business,,,26398.0,False,09:55,ok,2026-09-11T01:53:01.852389+05:30,2026-09-11_0153IST,airline_direct,IndiGo
MAA,DEL,6E,IndiGo,6E 372,2026-10-11,30,economy,,,12277.0,False,09:55,ok,2026-09-11T01:53:01.852389+05:30,2026-09-11_0153IST,airline_direct,IndiGo
MAA,DEL,6E,IndiGo,6E 539,2026-10-11,30,economy,,,13277.0,False,11:25,ok,2026-09-11T01:53:01.852389+05:30,2026-09-11_0153IST,airline_direct,IndiGo
MAA,DEL,6E,IndiGo,6E 6925,2026-10-11,30,business,,,26457.0,False,12:00,ok,2026-09-11T01:53:01.852389+05:30,2026-09-11_0153IST,airline_direct,IndiGo
MAA,DEL,6E,IndiGo,6E 6925,2026-10-11,30,economy,,,13277.0,False,12:00,ok,2026-09-11T01:53:01.852389+05:30,2026-09-11_0153IST,airline_direct,IndiGo
MAA,DEL,6E,IndiGo,6E 6892,2026-10-11,30,business,,,34313.0,False,10:55,ok,2026-09-11T01:53:01.852389+05:30,2026-09-11_0153IST,airline_direct,IndiGo
MAA,DEL,6E,IndiGo,6E 6892,2026-10-11,30,economy,,,14452.0,False,10:55,ok,2026-09-11T01:53:01.852389+05:30,2026-09-11_0153IST,airline_direct,IndiGo
MAA,DEL,6E,IndiGo,6E 6892,2026-10-11,30,business,,,34313.0,False,10:55,ok,2026-09-11T01:53:01.852389+05:30,2026-09-11_0153IST,airline_direct,IndiGo
MAA,DEL,6E,IndiGo,6E 6892,2026-10-11,30,economy,,,20832.0,False,10:55,ok,2026-09-11T01:53:01.852389+05:30,2026-09-11_0153IST,airline_direct,IndiGo
DEL,BOM,6E,IndiGo,6E 6814,2026-09-26,15,business,,,21900.0,False,07:15,ok,2026-09-11T01:54:04.353951+05:30,2026-09-11_0154IST,airline_direct,IndiGo
DEL,BOM,6E,IndiGo,6E 6814,2026-09-26,15,economy,,,6305.0,False,07:15,ok,2026-09-11T01:54:04.353951+05:30,2026-09-11_0154IST,airline_direct,IndiGo
DEL,BOM,6E,IndiGo,6E 320,2026-09-26,15,business,,,21900.0,False,08:00,ok,2026-09-11T01:54:04.353951+05:30,2026-09-11_0154IST,airline_direct,IndiGo
DEL,BOM,6E,IndiGo,6E 320,2026-09-26,15,economy,,,6305.0,False,08:00,ok,2026-09-11T01:54:04.353951+05:30,2026-09-11_0154IST,airline_direct,IndiGo
DEL,BOM,6E,IndiGo,6E 675,2026-09-26,15,business,,,21900.0,False,08:45,ok,2026-09-11T01:54:04.353951+05:30,2026-09-11_0154IST,airline_direct,IndiGo
DEL,BOM,6E,IndiGo,6E 675,2026-09-26,15,economy,,,6305.0,False,08:45,ok,2026-09-11T01:54:04.353951+05:30,2026-09-11_0154IST,airline_direct,IndiGo
DEL,BOM,6E,IndiGo,6E 6107,2026-09-26,15,business,,,21900.0,False,09:30,ok,2026-09-11T01:54:04.353951+05:30,2026-09-11_0154IST,airline_direct,IndiGo
DEL,BOM,6E,IndiGo,6E 6107,2026-09-26,15,economy,,,6305.0,False,09:30,ok,2026-09-11T01:54:04.353951+05:30,2026-09-11_0154IST,airline_direct,IndiGo
DEL,BOM,6E,IndiGo,6E 6328,2026-09-26,15,business,,,21900.0,False,10:15,ok,2026-09-11T01:54:04.353951+05:30,2026-09-11_0154IST,airline_direct,IndiGo
DEL,BOM,6E,IndiGo,6E 6328,2026-09-26,15,economy,,,6305.0,False,10:15,ok,2026-09-11T01:54:04.353951+05:30,2026-09-11_0154IST,airline_direct,IndiGo
DEL,BOM,6E,IndiGo,6E 6047,2026-09-26,15,business,,,21900.0,False,11:00,ok,2026-09-11T01:54:04.353951+05:30,2026-09-11_0154IST,airline_direct,IndiGo
DEL,BOM,6E,IndiGo,6E 6047,2026-09-26,15,economy,,,6305.0,False,11:00,ok,2026-09-11T01:54:04.353951+05:30,2026-09-11_0154IST,airline_direct,IndiGo
DEL,BOM,6E,IndiGo,6E 6676,2026-09-26,15,business,,,21900.0,False,12:00,ok,2026-09-11T01:54:04.353951+05:30,2026-09-11_0154IST,airline_direct,IndiGo
DEL,BOM,6E,IndiGo,6E 6676,2026-09-26,15,economy,,,6305.0,False,12:00,ok,2026-09-11T01:54:04.353951+05:30,2026-09-11_0154IST,airline_direct,IndiGo
DEL,BOM,6E,IndiGo,6E 324,2026-09-26,15,business,,,21900.0,False,13:00,ok,2026-09-11T01:54:04.353951+05:30,2026-09-11_0154IST,airline_direct,IndiGo
DEL,BOM,6E,IndiGo,6E 324,2026-09-26,15,economy,,,6305.0,False,13:00,ok,2026-09-11T01:54:04.353951+05:30,2026-09-11_0154IST,airline_direct,IndiGo
DEL,BOM,6E,IndiGo,6E 6022,2026-09-26,15,business,,,21900.0,False,14:00,ok,2026-09-11T01:54:04.353951+05:30,2026-09-11_0154IST,airline_direct,IndiGo
DEL,BOM,6E,IndiGo,6E 6022,2026-09-26,15,economy,,,6305.0,False,14:00,ok,2026-09-11T01:54:04.353951+05:30,2026-09-11_0154IST,airline_direct,IndiGo
DEL,BOM,6E,IndiGo,6E 6318,2026-09-26,15,business,,,21900.0,False,14:45,ok,2026-09-11T01:54:04.353951+05:30,2026-09-11_0154IST,airline_direct,IndiGo
DEL,BOM,6E,IndiGo,6E 6318,2026-09-26,15,economy,,,6305.0,False,14:45,ok,2026-09-11T01:54:04.353951+05:30,2026-09-11_0154IST,airline_direct,IndiGo
DEL,BOM,6E,IndiGo,6E 864,2026-09-26,15,business,,,21900.0,False,15:30,ok,2026-09-11T01:54:04.353951+05:30,2026-09-11_0154IST,airline_direct,IndiGo
DEL,BOM,6E,IndiGo,6E 864,2026-09-26,15,economy,,,6305.0,False,15:30,ok,2026-09-11T01:54:04.353951+05:30,2026-09-11_0154IST,airline_direct,IndiGo
DEL,BOM,6E,IndiGo,6E 327,2026-09-26,15,business,,,21900.0,False,16:15,ok,2026-09-11T01:54:04.353951+05:30,2026-09-11_0154IST,airline_direct,IndiGo
DEL,BOM,6E,IndiGo,6E 327,2026-09-26,15,economy,,,6305.0,False,16:15,ok,2026-09-11T01:54:04.353951+05:30,2026-09-11_0154IST,airline_direct,IndiGo
DEL,BOM,6E,IndiGo,6E 6706,2026-09-26,15,business,,,21900.0,False,17:00,ok,2026-09-11T01:54:04.353951+05:30,2026-09-11_0154IST,airline_direct,IndiGo
DEL,BOM,6E,IndiGo,6E 6706,2026-09-26,15,economy,,,6305.0,False,17:00,ok,2026-09-11T01:54:04.353951+05:30,2026-09-11_0154IST,airline_direct,IndiGo
DEL,BOM,6E,IndiGo,6E 329,2026-09-26,15,business,,,21900.0,False,18:00,ok,2026-09-11T01:54:04.353951+05:30,2026-09-11_0154IST,airline_direct,IndiGo
DEL,BOM,6E,IndiGo,6E 329,2026-09-26,15,economy,,,6305.0,False,18:00,ok,2026-09-11T01:54:04.353951+05:30,2026-09-11_0154IST,airline_direct,IndiGo
DEL,BOM,6E,IndiGo,6E 6114,2026-09-26,15,business,,,21900.0,False,22:45,ok,2026-09-11T01:54:04.353951+05:30,2026-09-11_0154IST,airline_direct,IndiGo
DEL,BOM,6E,IndiGo,6E 6114,2026-09-26,15,economy,,,6305.0,False,22:45,ok,2026-09-11T01:54:04.353951+05:30,2026-09-11_0154IST,airline_direct,IndiGo
DEL,BOM,6E,IndiGo,6E 322,2026-09-26,15,business,,,21900.0,False,23:30,ok,2026-09-11T01:54:04.353951+05:30,2026-09-11_0154IST,airline_direct,IndiGo
DEL,BOM,6E,IndiGo,6E 322,2026-09-26,15,economy,,,6305.0,False,23:30,ok,2026-09-11T01:54:04.353951+05:30,2026-09-11_0154IST,airline_direct,IndiGo
DEL,BOM,6E,IndiGo,6E 449,2026-09-26,15,business,,,21900.0,False,05:00,ok,2026-09-11T01:54:04.353951+05:30,2026-09-11_0154IST,airline_direct,IndiGo
DEL,BOM,6E,IndiGo,6E 449,2026-09-26,15,economy,,,6357.0,False,05:00,ok,2026-09-11T01:54:04.353951+05:30,2026-09-11_0154IST,airline_direct,IndiGo
DEL,BOM,6E,IndiGo,6E 354,2026-09-26,15,business,,,21900.0,False,19:00,ok,2026-09-11T01:54:04.353951+05:30,2026-09-11_0154IST,airline_direct,IndiGo
DEL,BOM,6E,IndiGo,6E 354,2026-09-26,15,economy,,,6357.0,False,19:00,ok,2026-09-11T01:54:04.353951+05:30,2026-09-11_0154IST,airline_direct,IndiGo
DEL,BOM,6E,IndiGo,6E 303,2026-09-26,15,business,,,21900.0,False,20:00,ok,2026-09-11T01:54:04.353951+05:30,2026-09-11_0154IST,airline_direct,IndiGo
DEL,BOM,6E,IndiGo,6E 303,2026-09-26,15,economy,,,6357.0,False,20:00,ok,2026-09-11T01:54:04.353951+05:30,2026-09-11_0154IST,airline_direct,IndiGo
DEL,BOM,6E,IndiGo,6E 395,2026-09-26,15,business,,,21900.0,False,21:45,ok,2026-09-11T01:54:04.353951+05:30,2026-09-11_0154IST,airline_direct,IndiGo
DEL,BOM,6E,IndiGo,6E 395,2026-09-26,15,economy,,,6357.0,False,21:45,ok,2026-09-11T01:54:04.353951+05:30,2026-09-11_0154IST,airline_direct,IndiGo
DEL,BOM,6E,IndiGo,6E 6218,2026-09-26,15,business,,,21900.0,False,06:05,ok,2026-09-11T01:54:04.353951+05:30,2026-09-11_0154IST,airline_direct,IndiGo
DEL,BOM,6E,IndiGo,6E 6218,2026-09-26,15,economy,,,7003.0,False,06:05,ok,2026-09-11T01:54:04.353951+05:30,2026-09-11_0154IST,airline_direct,IndiGo
DEL,BOM,6E,IndiGo,6E 6261,2026-09-26,15,economy,,,7120.0,False,00:15,ok,2026-09-11T01:54:04.353951+05:30,2026-09-11_0154IST,airline_direct,IndiGo
DEL,BOM,6E,IndiGo,6E 5119,2026-09-26,15,economy,,,7120.0,False,05:10,ok,2026-09-11T01:54:04.353951+05:30,2026-09-11_0154IST,airline_direct,IndiGo
DEL,BOM,6E,IndiGo,6E 6171,2026-09-26,15,economy,,,7120.0,False,05:40,ok,2026-09-11T01:54:04.353951+05:30,2026-09-11_0154IST,airline_direct,IndiGo
DEL,BOM,6E,IndiGo,6E 2076,2026-09-26,15,economy,,,7120.0,False,07:30,ok,2026-09-11T01:54:04.353951+05:30,2026-09-11_0154IST,airline_direct,IndiGo
DEL,BOM,6E,IndiGo,6E 2331,2026-09-26,15,economy,,,7120.0,False,12:20,ok,2026-09-11T01:54:04.353951+05:30,2026-09-11_0154IST,airline_direct,IndiGo
DEL,BOM,6E,IndiGo,6E 2341,2026-09-26,15,economy,,,7120.0,False,14:50,ok,2026-09-11T01:54:04.353951+05:30,2026-09-11_0154IST,airline_direct,IndiGo
DEL,BOM,6E,IndiGo,6E 6983,2026-09-26,15,economy,,,7120.0,False,15:35,ok,2026-09-11T01:54:04.353951+05:30,2026-09-11_0154IST,airline_direct,IndiGo
DEL,BOM,6E,IndiGo,6E 5073,2026-09-26,15,economy,,,7120.0,False,17:05,ok,2026-09-11T01:54:04.353951+05:30,2026-09-11_0154IST,airline_direct,IndiGo
DEL,BOM,6E,IndiGo,6E 5073,2026-09-26,15,economy,,,7120.0,False,17:05,ok,2026-09-11T01:54:04.353951+05:30,2026-09-11_0154IST,airline_direct,IndiGo
DEL,BOM,6E,IndiGo,6E 5014,2026-09-26,15,economy,,,7120.0,False,18:30,ok,2026-09-11T01:54:04.353951+05:30,2026-09-11_0154IST,airline_direct,IndiGo
DEL,BOM,6E,IndiGo,6E 931,2026-09-26,15,economy,,,7120.0,False,19:35,ok,2026-09-11T01:54:04.353951+05:30,2026-09-11_0154IST,airline_direct,IndiGo
DEL,BOM,6E,IndiGo,6E 2013,2026-09-26,15,economy,,,7120.0,False,21:50,ok,2026-09-11T01:54:04.353951+05:30,2026-09-11_0154IST,airline_direct,IndiGo
DEL,BOM,6E,IndiGo,6E 6459,2026-09-26,15,economy,,,7252.0,False,05:55,ok,2026-09-11T01:54:04.353951+05:30,2026-09-11_0154IST,airline_direct,IndiGo
DEL,BOM,6E,IndiGo,6E 6443,2026-09-26,15,economy,,,7252.0,False,09:00,ok,2026-09-11T01:54:04.353951+05:30,2026-09-11_0154IST,airline_direct,IndiGo
DEL,BOM,6E,IndiGo,6E 6488,2026-09-26,15,economy,,,7252.0,False,11:20,ok,2026-09-11T01:54:04.353951+05:30,2026-09-11_0154IST,airline_direct,IndiGo
DEL,BOM,6E,IndiGo,6E 2249,2026-09-26,15,economy,,,7252.0,False,15:00,ok,2026-09-11T01:54:04.353951+05:30,2026-09-11_0154IST,airline_direct,IndiGo
DEL,BOM,6E,IndiGo,6E 6433,2026-09-26,15,economy,,,7252.0,False,16:30,ok,2026-09-11T01:54:04.353951+05:30,2026-09-11_0154IST,airline_direct,IndiGo
DEL,BOM,6E,IndiGo,6E 6829,2026-09-26,15,economy,,,7252.0,False,17:20,ok,2026-09-11T01:54:04.353951+05:30,2026-09-11_0154IST,airline_direct,IndiGo
DEL,BOM,6E,IndiGo,6E 6829,2026-09-26,15,economy,,,7252.0,False,17:20,ok,2026-09-11T01:54:04.353951+05:30,2026-09-11_0154IST,airline_direct,IndiGo
DEL,BOM,6E,IndiGo,6E 5138,2026-09-26,15,economy,,,7252.0,False,19:10,ok,2026-09-11T01:54:04.353951+05:30,2026-09-11_0154IST,airline_direct,IndiGo
DEL,BOM,6E,IndiGo,6E 2169,2026-09-26,15,economy,,,7252.0,False,19:40,ok,2026-09-11T01:54:04.353951+05:30,2026-09-11_0154IST,airline_direct,IndiGo
DEL,BOM,6E,IndiGo,6E 6476,2026-09-26,15,economy,,,7330.0,False,07:05,ok,2026-09-11T01:54:04.353951+05:30,2026-09-11_0154IST,airline_direct,IndiGo
DEL,BOM,6E,IndiGo,6E 6050,2026-09-26,15,economy,,,7330.0,False,08:15,ok,2026-09-11T01:54:04.353951+05:30,2026-09-11_0154IST,airline_direct,IndiGo
DEL,BOM,6E,IndiGo,6E 2319,2026-09-26,15,economy,,,7330.0,False,09:55,ok,2026-09-11T01:54:04.353951+05:30,2026-09-11_0154IST,airline_direct,IndiGo
DEL,BOM,6E,IndiGo,6E 2147,2026-09-26,15,economy,,,7330.0,False,11:10,ok,2026-09-11T01:54:04.353951+05:30,2026-09-11_0154IST,airline_direct,IndiGo
DEL,BOM,6E,IndiGo,6E 5206,2026-09-26,15,economy,,,7330.0,False,13:20,ok,2026-09-11T01:54:04.353951+05:30,2026-09-11_0154IST,airline_direct,IndiGo
DEL,BOM,6E,IndiGo,6E 5038,2026-09-26,15,economy,,,7330.0,False,14:00,ok,2026-09-11T01:54:04.353951+05:30,2026-09-11_0154IST,airline_direct,IndiGo
DEL,BOM,6E,IndiGo,6E 758,2026-09-26,15,economy,,,7330.0,False,16:10,ok,2026-09-11T01:54:04.353951+05:30,2026-09-11_0154IST,airline_direct,IndiGo
DEL,BOM,6E,IndiGo,6E 2151,2026-09-26,15,economy,,,7330.0,False,19:45,ok,2026-09-11T01:54:04.353951+05:30,2026-09-11_0154IST,airline_direct,IndiGo
DEL,BOM,6E,IndiGo,6E 6479,2026-09-26,15,economy,,,7330.0,False,21:25,ok,2026-09-11T01:54:04.353951+05:30,2026-09-11_0154IST,airline_direct,IndiGo
DEL,BOM,6E,IndiGo,6E 704,2026-09-26,15,business,,,29617.0,False,02:25,ok,2026-09-11T01:54:04.353951+05:30,2026-09-11_0154IST,airline_direct,IndiGo
DEL,BOM,6E,IndiGo,6E 704,2026-09-26,15,economy,,,7462.0,False,02:25,ok,2026-09-11T01:54:04.353951+05:30,2026-09-11_0154IST,airline_direct,IndiGo
DEL,BOM,6E,IndiGo,6E 6293,2026-09-26,15,business,,,29617.0,False,09:55,ok,2026-09-11T01:54:04.353951+05:30,2026-09-11_0154IST,airline_direct,IndiGo
DEL,BOM,6E,IndiGo,6E 6293,2026-09-26,15,economy,,,7462.0,False,09:55,ok,2026-09-11T01:54:04.353951+05:30,2026-09-11_0154IST,airline_direct,IndiGo
DEL,BOM,6E,IndiGo,6E 6497,2026-09-26,15,economy,,,7462.0,False,18:40,ok,2026-09-11T01:54:04.353951+05:30,2026-09-11_0154IST,airline_direct,IndiGo
DEL,BOM,6E,IndiGo,6E 6601,2026-09-26,15,business,,,29617.0,False,19:45,ok,2026-09-11T01:54:04.353951+05:30,2026-09-11_0154IST,airline_direct,IndiGo
DEL,BOM,6E,IndiGo,6E 6601,2026-09-26,15,economy,,,7462.0,False,19:45,ok,2026-09-11T01:54:04.353951+05:30,2026-09-11_0154IST,airline_direct,IndiGo
DEL,BOM,6E,IndiGo,6E 882,2026-09-26,15,business,,,26583.0,False,23:15,ok,2026-09-11T01:54:04.353951+05:30,2026-09-11_0154IST,airline_direct,IndiGo
DEL,BOM,6E,IndiGo,6E 882,2026-09-26,15,economy,,,7462.0,False,23:15,ok,2026-09-11T01:54:04.353951+05:30,2026-09-11_0154IST,airline_direct,IndiGo
DEL,BOM,6E,IndiGo,6E 358,2026-09-26,15,business,,,37913.0,False,12:15,ok,2026-09-11T01:54:04.353951+05:30,2026-09-11_0154IST,airline_direct,IndiGo
DEL,BOM,6E,IndiGo,6E 358,2026-09-26,15,economy,,,7540.0,False,12:15,ok,2026-09-11T01:54:04.353951+05:30,2026-09-11_0154IST,airline_direct,IndiGo
DEL,BOM,6E,IndiGo,6E 357,2026-09-26,15,business,,,39447.0,False,19:30,ok,2026-09-11T01:54:04.353951+05:30,2026-09-11_0154IST,airline_direct,IndiGo
DEL,BOM,6E,IndiGo,6E 357,2026-09-26,15,economy,,,7540.0,False,19:30,ok,2026-09-11T01:54:04.353951+05:30,2026-09-11_0154IST,airline_direct,IndiGo
DEL,BOM,6E,IndiGo,6E 2381,2026-09-26,15,economy,,,8666.0,False,13:45,ok,2026-09-11T01:54:04.353951+05:30,2026-09-11_0154IST,airline_direct,IndiGo
DEL,BOM,6E,IndiGo,6E 5298,2026-09-26,15,economy,,,9990.0,False,09:00,ok,2026-09-11T01:54:04.353951+05:30,2026-09-11_0154IST,airline_direct,IndiGo
DEL,BOM,6E,IndiGo,6E 5119,2026-09-26,15,economy,,,10618.0,False,05:10,ok,2026-09-11T01:54:04.353951+05:30,2026-09-11_0154IST,airline_direct,IndiGo
DEL,BOM,6E,IndiGo,6E 705,2026-09-26,15,business,,,29617.0,False,08:30,ok,2026-09-11T01:54:04.353951+05:30,2026-09-11_0154IST,airline_direct,IndiGo
DEL,BOM,6E,IndiGo,6E 705,2026-09-26,15,economy,,,12795.0,False,08:30,ok,2026-09-11T01:54:04.353951+05:30,2026-09-11_0154IST,airline_direct,IndiGo
DEL,BOM,6E,IndiGo,6E 6282,2026-09-26,15,business,,,29617.0,False,13:30,ok,2026-09-11T01:54:04.353951+05:30,2026-09-11_0154IST,airline_direct,IndiGo
DEL,BOM,6E,IndiGo,6E 6282,2026-09-26,15,economy,,,14006.0,False,13:30,ok,2026-09-11T01:54:04.353951+05:30,2026-09-11_0154IST,airline_direct,IndiGo
DEL,BOM,6E,IndiGo,6E 2298,2026-09-26,15,economy,,,14888.0,False,09:45,ok,2026-09-11T01:54:04.353951+05:30,2026-09-11_0154IST,airline_direct,IndiGo
DEL,BOM,6E,IndiGo,6E 5033,2026-09-26,15,economy,,,14888.0,False,15:50,ok,2026-09-11T01:54:04.353951+05:30,2026-09-11_0154IST,airline_direct,IndiGo
DEL,BOM,6E,IndiGo,6E 2496,2026-09-26,15,economy,,,16458.0,False,12:40,ok,2026-09-11T01:54:04.353951+05:30,2026-09-11_0154IST,airline_direct,IndiGo
DEL,BLR,6E,IndiGo,6E 2314,2026-09-26,15,business,,,26048.0,False,05:45,ok,2026-09-11T01:55:04.101752+05:30,2026-09-11_0155IST,airline_direct,IndiGo
DEL,BLR,6E,IndiGo,6E 2314,2026-09-26,15,economy,,,8671.0,False,05:45,ok,2026-09-11T01:55:04.101752+05:30,2026-09-11_0155IST,airline_direct,IndiGo
DEL,BLR,6E,IndiGo,6E 6515,2026-09-26,15,business,,,26048.0,False,20:45,ok,2026-09-11T01:55:04.101752+05:30,2026-09-11_0155IST,airline_direct,IndiGo
DEL,BLR,6E,IndiGo,6E 6515,2026-09-26,15,economy,,,8671.0,False,20:45,ok,2026-09-11T01:55:04.101752+05:30,2026-09-11_0155IST,airline_direct,IndiGo
DEL,BLR,6E,IndiGo,6E 820,2026-09-26,15,business,,,26048.0,False,03:00,ok,2026-09-11T01:55:04.101752+05:30,2026-09-11_0155IST,airline_direct,IndiGo
DEL,BLR,6E,IndiGo,6E 820,2026-09-26,15,economy,,,9128.0,False,03:00,ok,2026-09-11T01:55:04.101752+05:30,2026-09-11_0155IST,airline_direct,IndiGo
DEL,BLR,6E,IndiGo,6E 810,2026-09-26,15,business,,,26048.0,False,07:05,ok,2026-09-11T01:55:04.101752+05:30,2026-09-11_0155IST,airline_direct,IndiGo
DEL,BLR,6E,IndiGo,6E 810,2026-09-26,15,economy,,,9128.0,False,07:05,ok,2026-09-11T01:55:04.101752+05:30,2026-09-11_0155IST,airline_direct,IndiGo
DEL,BLR,6E,IndiGo,6E 811,2026-09-26,15,business,,,26048.0,False,18:20,ok,2026-09-11T01:55:04.101752+05:30,2026-09-11_0155IST,airline_direct,IndiGo
DEL,BLR,6E,IndiGo,6E 811,2026-09-26,15,economy,,,9128.0,False,18:20,ok,2026-09-11T01:55:04.101752+05:30,2026-09-11_0155IST,airline_direct,IndiGo
DEL,BLR,6E,IndiGo,6E 846,2026-09-26,15,business,,,26048.0,False,22:00,ok,2026-09-11T01:55:04.101752+05:30,2026-09-11_0155IST,airline_direct,IndiGo
DEL,BLR,6E,IndiGo,6E 846,2026-09-26,15,economy,,,9128.0,False,22:00,ok,2026-09-11T01:55:04.101752+05:30,2026-09-11_0155IST,airline_direct,IndiGo
DEL,BLR,6E,IndiGo,6E 873,2026-09-26,15,business,,,26048.0,False,08:20,ok,2026-09-11T01:55:04.101752+05:30,2026-09-11_0155IST,airline_direct,IndiGo
DEL,BLR,6E,IndiGo,6E 873,2026-09-26,15,economy,,,9613.0,False,08:20,ok,2026-09-11T01:55:04.101752+05:30,2026-09-11_0155IST,airline_direct,IndiGo
DEL,BLR,6E,IndiGo,6E 826,2026-09-26,15,business,,,26048.0,False,09:30,ok,2026-09-11T01:55:04.101752+05:30,2026-09-11_0155IST,airline_direct,IndiGo
DEL,BLR,6E,IndiGo,6E 826,2026-09-26,15,economy,,,9613.0,False,09:30,ok,2026-09-11T01:55:04.101752+05:30,2026-09-11_0155IST,airline_direct,IndiGo
DEL,BLR,6E,IndiGo,6E 828,2026-09-26,15,business,,,26048.0,False,14:30,ok,2026-09-11T01:55:04.101752+05:30,2026-09-11_0155IST,airline_direct,IndiGo
DEL,BLR,6E,IndiGo,6E 828,2026-09-26,15,economy,,,9613.0,False,14:30,ok,2026-09-11T01:55:04.101752+05:30,2026-09-11_0155IST,airline_direct,IndiGo
DEL,BLR,6E,IndiGo,6E 880,2026-09-26,15,business,,,26048.0,False,15:45,ok,2026-09-11T01:55:04.101752+05:30,2026-09-11_0155IST,airline_direct,IndiGo
DEL,BLR,6E,IndiGo,6E 880,2026-09-26,15,economy,,,9613.0,False,15:45,ok,2026-09-11T01:55:04.101752+05:30,2026-09-11_0155IST,airline_direct,IndiGo
DEL,BLR,6E,IndiGo,6E 861,2026-09-26,15,business,,,26048.0,False,19:30,ok,2026-09-11T01:55:04.101752+05:30,2026-09-11_0155IST,airline_direct,IndiGo
DEL,BLR,6E,IndiGo,6E 861,2026-09-26,15,economy,,,9613.0,False,19:30,ok,2026-09-11T01:55:04.101752+05:30,2026-09-11_0155IST,airline_direct,IndiGo
DEL,BLR,6E,IndiGo,6E 176,2026-09-26,15,business,,,26048.0,False,13:15,ok,2026-09-11T01:55:04.101752+05:30,2026-09-11_0155IST,airline_direct,IndiGo
DEL,BLR,6E,IndiGo,6E 176,2026-09-26,15,economy,,,10128.0,False,13:15,ok,2026-09-11T01:55:04.101752+05:30,2026-09-11_0155IST,airline_direct,IndiGo
DEL,BLR,6E,IndiGo,6E 837,2026-09-26,15,business,,,26048.0,False,17:00,ok,2026-09-11T01:55:04.101752+05:30,2026-09-11_0155IST,airline_direct,IndiGo
DEL,BLR,6E,IndiGo,6E 837,2026-09-26,15,economy,,,10128.0,False,17:00,ok,2026-09-11T01:55:04.101752+05:30,2026-09-11_0155IST,airline_direct,IndiGo
DEL,BLR,6E,IndiGo,6E 842,2026-09-26,15,business,,,26048.0,False,10:45,ok,2026-09-11T01:55:04.101752+05:30,2026-09-11_0155IST,airline_direct,IndiGo
DEL,BLR,6E,IndiGo,6E 842,2026-09-26,15,economy,,,10675.0,False,10:45,ok,2026-09-11T01:55:04.101752+05:30,2026-09-11_0155IST,airline_direct,IndiGo
DEL,BLR,6E,IndiGo,6E 850,2026-09-26,15,business,,,26048.0,False,12:20,ok,2026-09-11T01:55:04.101752+05:30,2026-09-11_0155IST,airline_direct,IndiGo
DEL,BLR,6E,IndiGo,6E 850,2026-09-26,15,economy,,,10675.0,False,12:20,ok,2026-09-11T01:55:04.101752+05:30,2026-09-11_0155IST,airline_direct,IndiGo
DEL,BLR,6E,IndiGo,6E 704,2026-09-26,15,business,,,24542.0,False,02:25,ok,2026-09-11T01:55:04.101752+05:30,2026-09-11_0155IST,airline_direct,IndiGo
DEL,BLR,6E,IndiGo,6E 704,2026-09-26,15,economy,,,9946.0,False,02:25,ok,2026-09-11T01:55:04.101752+05:30,2026-09-11_0155IST,airline_direct,IndiGo
DEL,BLR,6E,IndiGo,6E 705,2026-09-26,15,business,,,27393.0,False,08:30,ok,2026-09-11T01:55:04.101752+05:30,2026-09-11_0155IST,airline_direct,IndiGo
DEL,BLR,6E,IndiGo,6E 705,2026-09-26,15,economy,,,9946.0,False,08:30,ok,2026-09-11T01:55:04.101752+05:30,2026-09-11_0155IST,airline_direct,IndiGo
DEL,BLR,6E,IndiGo,6E 6293,2026-09-26,15,business,,,24542.0,False,09:55,ok,2026-09-11T01:55:04.101752+05:30,2026-09-11_0155IST,airline_direct,IndiGo
DEL,BLR,6E,IndiGo,6E 6293,2026-09-26,15,economy,,,9946.0,False,09:55,ok,2026-09-11T01:55:04.101752+05:30,2026-09-11_0155IST,airline_direct,IndiGo
DEL,BLR,6E,IndiGo,6E 884,2026-09-26,15,business,,,24542.0,False,11:45,ok,2026-09-11T01:55:04.101752+05:30,2026-09-11_0155IST,airline_direct,IndiGo
DEL,BLR,6E,IndiGo,6E 884,2026-09-26,15,economy,,,9946.0,False,11:45,ok,2026-09-11T01:55:04.101752+05:30,2026-09-11_0155IST,airline_direct,IndiGo
DEL,BLR,6E,IndiGo,6E 6282,2026-09-26,15,business,,,24542.0,False,13:30,ok,2026-09-11T01:55:04.101752+05:30,2026-09-11_0155IST,airline_direct,IndiGo
DEL,BLR,6E,IndiGo,6E 6282,2026-09-26,15,economy,,,9946.0,False,13:30,ok,2026-09-11T01:55:04.101752+05:30,2026-09-11_0155IST,airline_direct,IndiGo
DEL,BLR,6E,IndiGo,6E 6217,2026-09-26,15,business,,,27393.0,False,16:15,ok,2026-09-11T01:55:04.101752+05:30,2026-09-11_0155IST,airline_direct,IndiGo
DEL,BLR,6E,IndiGo,6E 6217,2026-09-26,15,economy,,,9946.0,False,16:15,ok,2026-09-11T01:55:04.101752+05:30,2026-09-11_0155IST,airline_direct,IndiGo
DEL,BLR,6E,IndiGo,6E 717,2026-09-26,15,business,,,24542.0,False,17:55,ok,2026-09-11T01:55:04.101752+05:30,2026-09-11_0155IST,airline_direct,IndiGo
DEL,BLR,6E,IndiGo,6E 717,2026-09-26,15,economy,,,9946.0,False,17:55,ok,2026-09-11T01:55:04.101752+05:30,2026-09-11_0155IST,airline_direct,IndiGo
DEL,BLR,6E,IndiGo,6E 5119,2026-09-26,15,economy,,,10077.0,False,05:10,ok,2026-09-11T01:55:04.101752+05:30,2026-09-11_0155IST,airline_direct,IndiGo
DEL,BLR,6E,IndiGo,6E 6459,2026-09-26,15,economy,,,10077.0,False,05:55,ok,2026-09-11T01:55:04.101752+05:30,2026-09-11_0155IST,airline_direct,IndiGo
DEL,BLR,6E,IndiGo,6E 6470,2026-09-26,15,economy,,,10077.0,False,06:55,ok,2026-09-11T01:55:04.101752+05:30,2026-09-11_0155IST,airline_direct,IndiGo
DEL,BLR,6E,IndiGo,6E 320,2026-09-26,15,business,,,34636.0,False,08:00,ok,2026-09-11T01:55:04.101752+05:30,2026-09-11_0155IST,airline_direct,IndiGo
DEL,BLR,6E,IndiGo,6E 320,2026-09-26,15,economy,,,10077.0,False,08:00,ok,2026-09-11T01:55:04.101752+05:30,2026-09-11_0155IST,airline_direct,IndiGo
DEL,BLR,6E,IndiGo,6E 6047,2026-09-26,15,business,,,34636.0,False,11:00,ok,2026-09-11T01:55:04.101752+05:30,2026-09-11_0155IST,airline_direct,IndiGo
DEL,BLR,6E,IndiGo,6E 6047,2026-09-26,15,economy,,,10077.0,False,11:00,ok,2026-09-11T01:55:04.101752+05:30,2026-09-11_0155IST,airline_direct,IndiGo
DEL,BLR,6E,IndiGo,6E 6488,2026-09-26,15,economy,,,10077.0,False,11:20,ok,2026-09-11T01:55:04.101752+05:30,2026-09-11_0155IST,airline_direct,IndiGo
DEL,BLR,6E,IndiGo,6E 2557,2026-09-26,15,economy,,,10077.0,False,15:20,ok,2026-09-11T01:55:04.101752+05:30,2026-09-11_0155IST,airline_direct,IndiGo
DEL,BLR,6E,IndiGo,6E 734,2026-09-26,15,economy,,,10077.0,False,16:20,ok,2026-09-11T01:55:04.101752+05:30,2026-09-11_0155IST,airline_direct,IndiGo
DEL,BLR,6E,IndiGo,6E 6437,2026-09-26,15,business,,,27386.0,False,16:25,ok,2026-09-11T01:55:04.101752+05:30,2026-09-11_0155IST,airline_direct,IndiGo
DEL,BLR,6E,IndiGo,6E 6437,2026-09-26,15,economy,,,10077.0,False,16:25,ok,2026-09-11T01:55:04.101752+05:30,2026-09-11_0155IST,airline_direct,IndiGo
DEL,BLR,6E,IndiGo,6E 6706,2026-09-26,15,business,,,34636.0,False,17:00,ok,2026-09-11T01:55:04.101752+05:30,2026-09-11_0155IST,airline_direct,IndiGo
DEL,BLR,6E,IndiGo,6E 6706,2026-09-26,15,economy,,,10077.0,False,17:00,ok,2026-09-11T01:55:04.101752+05:30,2026-09-11_0155IST,airline_direct,IndiGo
DEL,BLR,6E,IndiGo,6E 5073,2026-09-26,15,economy,,,10077.0,False,17:05,ok,2026-09-11T01:55:04.101752+05:30,2026-09-11_0155IST,airline_direct,IndiGo
DEL,BLR,6E,IndiGo,6E 6829,2026-09-26,15,economy,,,10077.0,False,17:20,ok,2026-09-11T01:55:04.101752+05:30,2026-09-11_0155IST,airline_direct,IndiGo
DEL,BLR,6E,IndiGo,6E 329,2026-09-26,15,business,,,34636.0,False,18:00,ok,2026-09-11T01:55:04.101752+05:30,2026-09-11_0155IST,airline_direct,IndiGo
DEL,BLR,6E,IndiGo,6E 329,2026-09-26,15,economy,,,10077.0,False,18:00,ok,2026-09-11T01:55:04.101752+05:30,2026-09-11_0155IST,airline_direct,IndiGo
DEL,BLR,6E,IndiGo,6E 329,2026-09-26,15,business,,,34636.0,False,18:00,ok,2026-09-11T01:55:04.101752+05:30,2026-09-11_0155IST,airline_direct,IndiGo
DEL,BLR,6E,IndiGo,6E 329,2026-09-26,15,economy,,,10077.0,False,18:00,ok,2026-09-11T01:55:04.101752+05:30,2026-09-11_0155IST,airline_direct,IndiGo
DEL,BLR,6E,IndiGo,6E 6179,2026-09-26,15,economy,,,10077.0,False,18:30,ok,2026-09-11T01:55:04.101752+05:30,2026-09-11_0155IST,airline_direct,IndiGo
DEL,BLR,6E,IndiGo,6E 931,2026-09-26,15,economy,,,10077.0,False,19:35,ok,2026-09-11T01:55:04.101752+05:30,2026-09-11_0155IST,airline_direct,IndiGo
DEL,BLR,6E,IndiGo,6E 6673,2026-09-26,15,business,,,26816.0,False,21:15,ok,2026-09-11T01:55:04.101752+05:30,2026-09-11_0155IST,airline_direct,IndiGo
DEL,BLR,6E,IndiGo,6E 6673,2026-09-26,15,economy,,,10077.0,False,21:15,ok,2026-09-11T01:55:04.101752+05:30,2026-09-11_0155IST,airline_direct,IndiGo
DEL,BLR,6E,IndiGo,6E 2618,2026-09-26,15,business,,,26816.0,False,23:00,ok,2026-09-11T01:55:04.101752+05:30,2026-09-11_0155IST,airline_direct,IndiGo
DEL,BLR,6E,IndiGo,6E 2618,2026-09-26,15,economy,,,10077.0,False,23:00,ok,2026-09-11T01:55:04.101752+05:30,2026-09-11_0155IST,airline_direct,IndiGo
DEL,BLR,6E,IndiGo,6E 6476,2026-09-26,15,economy,,,10156.0,False,07:05,ok,2026-09-11T01:55:04.101752+05:30,2026-09-11_0155IST,airline_direct,IndiGo
DEL,BLR,6E,IndiGo,6E 940,2026-09-26,15,business,,,28318.0,False,09:15,ok,2026-09-11T01:55:04.101752+05:30,2026-09-11_0155IST,airline_direct,IndiGo
DEL,BLR,6E,IndiGo,6E 940,2026-09-26,15,economy,,,10156.0,False,09:15,ok,2026-09-11T01:55:04.101752+05:30,2026-09-11_0155IST,airline_direct,IndiGo
DEL,BLR,6E,IndiGo,6E 434,2026-09-26,15,business,,,28318.0,False,11:00,ok,2026-09-11T01:55:04.101752+05:30,2026-09-11_0155IST,airline_direct,IndiGo
DEL,BLR,6E,IndiGo,6E 434,2026-09-26,15,economy,,,10156.0,False,11:00,ok,2026-09-11T01:55:04.101752+05:30,2026-09-11_0155IST,airline_direct,IndiGo
DEL,BLR,6E,IndiGo,6E 6115,2026-09-26,15,business,,,28318.0,False,13:10,ok,2026-09-11T01:55:04.101752+05:30,2026-09-11_0155IST,airline_direct,IndiGo
DEL,BLR,6E,IndiGo,6E 6115,2026-09-26,15,economy,,,10156.0,False,13:10,ok,2026-09-11T01:55:04.101752+05:30,2026-09-11_0155IST,airline_direct,IndiGo
DEL,BLR,6E,IndiGo,6E 5038,2026-09-26,15,economy,,,10156.0,False,14:00,ok,2026-09-11T01:55:04.101752+05:30,2026-09-11_0155IST,airline_direct,IndiGo
DEL,BLR,6E,IndiGo,6E 6091,2026-09-26,15,business,,,28318.0,False,15:15,ok,2026-09-11T01:55:04.101752+05:30,2026-09-11_0155IST,airline_direct,IndiGo
DEL,BLR,6E,IndiGo,6E 6091,2026-09-26,15,economy,,,10156.0,False,15:15,ok,2026-09-11T01:55:04.101752+05:30,2026-09-11_0155IST,airline_direct,IndiGo
DEL,BLR,6E,IndiGo,6E 947,2026-09-26,15,business,,,28318.0,False,16:40,ok,2026-09-11T01:55:04.101752+05:30,2026-09-11_0155IST,airline_direct,IndiGo
DEL,BLR,6E,IndiGo,6E 947,2026-09-26,15,economy,,,10156.0,False,16:40,ok,2026-09-11T01:55:04.101752+05:30,2026-09-11_0155IST,airline_direct,IndiGo
DEL,BLR,6E,IndiGo,6E 6632,2026-09-26,15,economy,,,10156.0,False,17:50,ok,2026-09-11T01:55:04.101752+05:30,2026-09-11_0155IST,airline_direct,IndiGo
DEL,BLR,6E,IndiGo,6E 950,2026-09-26,15,business,,,28318.0,False,18:15,ok,2026-09-11T01:55:04.101752+05:30,2026-09-11_0155IST,airline_direct,IndiGo
DEL,BLR,6E,IndiGo,6E 950,2026-09-26,15,economy,,,10156.0,False,18:15,ok,2026-09-11T01:55:04.101752+05:30,2026-09-11_0155IST,airline_direct,IndiGo
DEL,BLR,6E,IndiGo,6E 2151,2026-09-26,15,economy,,,10156.0,False,19:45,ok,2026-09-11T01:55:04.101752+05:30,2026-09-11_0155IST,airline_direct,IndiGo
DEL,BLR,6E,IndiGo,6E 6497,2026-09-26,15,economy,,,10287.0,False,18:40,ok,2026-09-11T01:55:04.101752+05:30,2026-09-11_0155IST,airline_direct,IndiGo
DEL,BLR,6E,IndiGo,6E 5001,2026-09-26,15,economy,,,10314.0,False,17:10,ok,2026-09-11T01:55:04.101752+05:30,2026-09-11_0155IST,airline_direct,IndiGo
DEL,BLR,6E,IndiGo,6E 5191,2026-09-26,15,business,,,31635.0,False,05:00,ok,2026-09-11T01:55:04.101752+05:30,2026-09-11_0155IST,airline_direct,IndiGo
DEL,BLR,6E,IndiGo,6E 5191,2026-09-26,15,economy,,,10497.0,False,05:00,ok,2026-09-11T01:55:04.101752+05:30,2026-09-11_0155IST,airline_direct,IndiGo
DEL,BLR,6E,IndiGo,6E 513,2026-09-26,15,business,,,31635.0,False,08:30,ok,2026-09-11T01:55:04.101752+05:30,2026-09-11_0155IST,airline_direct,IndiGo
DEL,BLR,6E,IndiGo,6E 513,2026-09-26,15,economy,,,10497.0,False,08:30,ok,2026-09-11T01:55:04.101752+05:30,2026-09-11_0155IST,airline_direct,IndiGo
DEL,BLR,6E,IndiGo,6E 758,2026-09-26,15,economy,,,10720.0,False,16:10,ok,2026-09-11T01:55:04.101752+05:30,2026-09-11_0155IST,airline_direct,IndiGo
DEL,BLR,6E,IndiGo,6E 2277,2026-09-26,15,business,,,44493.0,False,10:25,ok,2026-09-11T01:55:04.101752+05:30,2026-09-11_0155IST,airline_direct,IndiGo
DEL,BLR,6E,IndiGo,6E 2277,2026-09-26,15,economy,,,10930.0,False,10:25,ok,2026-09-11T01:55:04.101752+05:30,2026-09-11_0155IST,airline_direct,IndiGo
DEL,BLR,6E,IndiGo,6E 6433,2026-09-26,15,economy,,,13140.0,False,16:30,ok,2026-09-11T01:55:04.101752+05:30,2026-09-11_0155IST,airline_direct,IndiGo
DEL,BLR,6E,IndiGo,6E 2343,2026-09-26,15,business,,,28035.0,False,02:20,ok,2026-09-11T01:55:04.101752+05:30,2026-09-11_0155IST,airline_direct,IndiGo
DEL,BLR,6E,IndiGo,6E 2343,2026-09-26,15,economy,,,13631.0,False,02:20,ok,2026-09-11T01:55:04.101752+05:30,2026-09-11_0155IST,airline_direct,IndiGo
DEL,BLR,6E,IndiGo,6E 2262,2026-09-26,15,business,,,28270.0,False,06:10,ok,2026-09-11T01:55:04.101752+05:30,2026-09-11_0155IST,airline_direct,IndiGo
DEL,BLR,6E,IndiGo,6E 2262,2026-09-26,15,economy,,,13631.0,False,06:10,ok,2026-09-11T01:55:04.101752+05:30,2026-09-11_0155IST,airline_direct,IndiGo
DEL,BLR,6E,IndiGo,6E 5033,2026-09-26,15,economy,,,15907.0,False,15:50,ok,2026-09-11T01:55:04.101752+05:30,2026-09-11_0155IST,airline_direct,IndiGo
BOM,BLR,6E,IndiGo,6E 5323,2026-09-26,15,business,,,18948.0,False,01:10,ok,2026-09-11T01:56:03.579902+05:30,2026-09-11_0156IST,airline_direct,IndiGo
BOM,BLR,6E,IndiGo,6E 5323,2026-09-26,15,economy,,,4893.0,False,01:10,ok,2026-09-11T01:56:03.579902+05:30,2026-09-11_0156IST,airline_direct,IndiGo
BOM,BLR,6E,IndiGo,6E 5294,2026-09-26,15,business,,,18948.0,False,04:30,ok,2026-09-11T01:56:03.579902+05:30,2026-09-11_0156IST,airline_direct,IndiGo
BOM,BLR,6E,IndiGo,6E 5294,2026-09-26,15,economy,,,4893.0,False,04:30,ok,2026-09-11T01:56:03.579902+05:30,2026-09-11_0156IST,airline_direct,IndiGo
BOM,BLR,6E,IndiGo,6E 5296,2026-09-26,15,business,,,18948.0,False,06:30,ok,2026-09-11T01:56:03.579902+05:30,2026-09-11_0156IST,airline_direct,IndiGo
BOM,BLR,6E,IndiGo,6E 5296,2026-09-26,15,economy,,,6747.0,False,06:30,ok,2026-09-11T01:56:03.579902+05:30,2026-09-11_0156IST,airline_direct,IndiGo
BOM,BLR,6E,IndiGo,6E 5193,2026-09-26,15,economy,,,6747.0,False,08:05,ok,2026-09-11T01:56:03.579902+05:30,2026-09-11_0156IST,airline_direct,IndiGo
BOM,BLR,6E,IndiGo,6E 5184,2026-09-26,15,business,,,18948.0,False,12:30,ok,2026-09-11T01:56:03.579902+05:30,2026-09-11_0156IST,airline_direct,IndiGo
BOM,BLR,6E,IndiGo,6E 5184,2026-09-26,15,economy,,,6747.0,False,12:30,ok,2026-09-11T01:56:03.579902+05:30,2026-09-11_0156IST,airline_direct,IndiGo
BOM,BLR,6E,IndiGo,6E 5382,2026-09-26,15,business,,,18948.0,False,14:30,ok,2026-09-11T01:56:03.579902+05:30,2026-09-11_0156IST,airline_direct,IndiGo
BOM,BLR,6E,IndiGo,6E 5382,2026-09-26,15,economy,,,6747.0,False,14:30,ok,2026-09-11T01:56:03.579902+05:30,2026-09-11_0156IST,airline_direct,IndiGo
BOM,BLR,6E,IndiGo,6E 5071,2026-09-26,15,business,,,18948.0,False,15:35,ok,2026-09-11T01:56:03.579902+05:30,2026-09-11_0156IST,airline_direct,IndiGo
BOM,BLR,6E,IndiGo,6E 5071,2026-09-26,15,economy,,,6747.0,False,15:35,ok,2026-09-11T01:56:03.579902+05:30,2026-09-11_0156IST,airline_direct,IndiGo
BOM,BLR,6E,IndiGo,6E 5221,2026-09-26,15,business,,,18948.0,False,17:00,ok,2026-09-11T01:56:03.579902+05:30,2026-09-11_0156IST,airline_direct,IndiGo
BOM,BLR,6E,IndiGo,6E 5221,2026-09-26,15,economy,,,6747.0,False,17:00,ok,2026-09-11T01:56:03.579902+05:30,2026-09-11_0156IST,airline_direct,IndiGo
BOM,BLR,6E,IndiGo,6E 5047,2026-09-26,15,business,,,18948.0,False,18:30,ok,2026-09-11T01:56:03.579902+05:30,2026-09-11_0156IST,airline_direct,IndiGo
BOM,BLR,6E,IndiGo,6E 5047,2026-09-26,15,economy,,,6747.0,False,18:30,ok,2026-09-11T01:56:03.579902+05:30,2026-09-11_0156IST,airline_direct,IndiGo
BOM,BLR,6E,IndiGo,6E 6188,2026-09-26,15,business,,,18948.0,False,21:30,ok,2026-09-11T01:56:03.579902+05:30,2026-09-11_0156IST,airline_direct,IndiGo
BOM,BLR,6E,IndiGo,6E 6188,2026-09-26,15,economy,,,6747.0,False,21:30,ok,2026-09-11T01:56:03.579902+05:30,2026-09-11_0156IST,airline_direct,IndiGo
BOM,BLR,6E,IndiGo,6E 5388,2026-09-26,15,business,,,18948.0,False,22:20,ok,2026-09-11T01:56:03.579902+05:30,2026-09-11_0156IST,airline_direct,IndiGo
BOM,BLR,6E,IndiGo,6E 5388,2026-09-26,15,economy,,,6747.0,False,22:20,ok,2026-09-11T01:56:03.579902+05:30,2026-09-11_0156IST,airline_direct,IndiGo
BOM,BLR,6E,IndiGo,6E 5092,2026-09-26,15,business,,,18948.0,False,09:50,ok,2026-09-11T01:56:03.579902+05:30,2026-09-11_0156IST,airline_direct,IndiGo
BOM,BLR,6E,IndiGo,6E 5092,2026-09-26,15,economy,,,7062.0,False,09:50,ok,2026-09-11T01:56:03.579902+05:30,2026-09-11_0156IST,airline_direct,IndiGo
BOM,BLR,6E,IndiGo,6E 5217,2026-09-26,15,business,,,18948.0,False,11:00,ok,2026-09-11T01:56:03.579902+05:30,2026-09-11_0156IST,airline_direct,IndiGo
BOM,BLR,6E,IndiGo,6E 5217,2026-09-26,15,economy,,,7377.0,False,11:00,ok,2026-09-11T01:56:03.579902+05:30,2026-09-11_0156IST,airline_direct,IndiGo
BOM,BLR,6E,IndiGo,6E 261,2026-09-26,15,economy,,,7243.0,False,11:20,ok,2026-09-11T01:56:03.579902+05:30,2026-09-11_0156IST,airline_direct,IndiGo
BOM,BLR,6E,IndiGo,6E 5241,2026-09-26,15,economy,,,7243.0,False,16:40,ok,2026-09-11T01:56:03.579902+05:30,2026-09-11_0156IST,airline_direct,IndiGo
BOM,BLR,6E,IndiGo,6E 6362,2026-09-26,15,business,,,20887.0,False,05:45,ok,2026-09-11T01:56:03.579902+05:30,2026-09-11_0156IST,airline_direct,IndiGo
BOM,BLR,6E,IndiGo,6E 6362,2026-09-26,15,economy,,,7374.0,False,05:45,ok,2026-09-11T01:56:03.579902+05:30,2026-09-11_0156IST,airline_direct,IndiGo
BOM,BLR,6E,IndiGo,6E 5246,2026-09-26,15,business,,,22521.0,False,07:15,ok,2026-09-11T01:56:03.579902+05:30,2026-09-11_0156IST,airline_direct,IndiGo
BOM,BLR,6E,IndiGo,6E 5246,2026-09-26,15,economy,,,7374.0,False,07:15,ok,2026-09-11T01:56:03.579902+05:30,2026-09-11_0156IST,airline_direct,IndiGo
BOM,BLR,6E,IndiGo,6E 6057,2026-09-26,15,economy,,,7374.0,False,09:15,ok,2026-09-11T01:56:03.579902+05:30,2026-09-11_0156IST,airline_direct,IndiGo
BOM,BLR,6E,IndiGo,6E 5318,2026-09-26,15,business,,,22521.0,False,10:15,ok,2026-09-11T01:56:03.579902+05:30,2026-09-11_0156IST,airline_direct,IndiGo
BOM,BLR,6E,IndiGo,6E 5318,2026-09-26,15,economy,,,7374.0,False,10:15,ok,2026-09-11T01:56:03.579902+05:30,2026-09-11_0156IST,airline_direct,IndiGo
BOM,BLR,6E,IndiGo,6E 5318,2026-09-26,15,business,,,19670.0,False,10:15,ok,2026-09-11T01:56:03.579902+05:30,2026-09-11_0156IST,airline_direct,IndiGo
BOM,BLR,6E,IndiGo,6E 5318,2026-09-26,15,economy,,,7374.0,False,10:15,ok,2026-09-11T01:56:03.579902+05:30,2026-09-11_0156IST,airline_direct,IndiGo
BOM,BLR,6E,IndiGo,6E 5318,2026-09-26,15,business,,,19670.0,False,10:15,ok,2026-09-11T01:56:03.579902+05:30,2026-09-11_0156IST,airline_direct,IndiGo
BOM,BLR,6E,IndiGo,6E 5318,2026-09-26,15,economy,,,7374.0,False,10:15,ok,2026-09-11T01:56:03.579902+05:30,2026-09-11_0156IST,airline_direct,IndiGo
BOM,BLR,6E,IndiGo,6E 5178,2026-09-26,15,business,,,22135.0,False,11:40,ok,2026-09-11T01:56:03.579902+05:30,2026-09-11_0156IST,airline_direct,IndiGo
BOM,BLR,6E,IndiGo,6E 5178,2026-09-26,15,economy,,,7374.0,False,11:40,ok,2026-09-11T01:56:03.579902+05:30,2026-09-11_0156IST,airline_direct,IndiGo
BOM,BLR,6E,IndiGo,6E 5178,2026-09-26,15,business,,,22135.0,False,11:40,ok,2026-09-11T01:56:03.579902+05:30,2026-09-11_0156IST,airline_direct,IndiGo
BOM,BLR,6E,IndiGo,6E 5178,2026-09-26,15,economy,,,7374.0,False,11:40,ok,2026-09-11T01:56:03.579902+05:30,2026-09-11_0156IST,airline_direct,IndiGo
BOM,BLR,6E,IndiGo,6E 5386,2026-09-26,15,business,,,20887.0,False,15:10,ok,2026-09-11T01:56:03.579902+05:30,2026-09-11_0156IST,airline_direct,IndiGo
BOM,BLR,6E,IndiGo,6E 5386,2026-09-26,15,economy,,,7374.0,False,15:10,ok,2026-09-11T01:56:03.579902+05:30,2026-09-11_0156IST,airline_direct,IndiGo
BOM,BLR,6E,IndiGo,6E 5386,2026-09-26,15,business,,,22521.0,False,15:10,ok,2026-09-11T01:56:03.579902+05:30,2026-09-11_0156IST,airline_direct,IndiGo
BOM,BLR,6E,IndiGo,6E 5386,2026-09-26,15,economy,,,7374.0,False,15:10,ok,2026-09-11T01:56:03.579902+05:30,2026-09-11_0156IST,airline_direct,IndiGo
BOM,BLR,6E,IndiGo,6E 5386,2026-09-26,15,business,,,19670.0,False,15:10,ok,2026-09-11T01:56:03.579902+05:30,2026-09-11_0156IST,airline_direct,IndiGo
BOM,BLR,6E,IndiGo,6E 5386,2026-09-26,15,economy,,,7374.0,False,15:10,ok,2026-09-11T01:56:03.579902+05:30,2026-09-11_0156IST,airline_direct,IndiGo
BOM,BLR,6E,IndiGo,6E 5228,2026-09-26,15,business,,,22521.0,False,16:45,ok,2026-09-11T01:56:03.579902+05:30,2026-09-11_0156IST,airline_direct,IndiGo
BOM,BLR,6E,IndiGo,6E 5228,2026-09-26,15,economy,,,7374.0,False,16:45,ok,2026-09-11T01:56:03.579902+05:30,2026-09-11_0156IST,airline_direct,IndiGo
BOM,BLR,6E,IndiGo,6E 5228,2026-09-26,15,business,,,19670.0,False,16:45,ok,2026-09-11T01:56:03.579902+05:30,2026-09-11_0156IST,airline_direct,IndiGo
BOM,BLR,6E,IndiGo,6E 5228,2026-09-26,15,economy,,,7374.0,False,16:45,ok,2026-09-11T01:56:03.579902+05:30,2026-09-11_0156IST,airline_direct,IndiGo
BOM,BLR,6E,IndiGo,6E 6802,2026-09-26,15,economy,,,7505.0,False,16:55,ok,2026-09-11T01:56:03.579902+05:30,2026-09-11_0156IST,airline_direct,IndiGo
BOM,BLR,6E,IndiGo,6E 632,2026-09-26,15,economy,,,7584.0,False,04:00,ok,2026-09-11T01:56:03.579902+05:30,2026-09-11_0156IST,airline_direct,IndiGo
BOM,BLR,6E,IndiGo,6E 136,2026-09-26,15,business,,,24383.0,False,04:05,ok,2026-09-11T01:56:03.579902+05:30,2026-09-11_0156IST,airline_direct,IndiGo
BOM,BLR,6E,IndiGo,6E 136,2026-09-26,15,economy,,,7584.0,False,04:05,ok,2026-09-11T01:56:03.579902+05:30,2026-09-11_0156IST,airline_direct,IndiGo
BOM,BLR,6E,IndiGo,6E 136,2026-09-26,15,business,,,25173.0,False,04:05,ok,2026-09-11T01:56:03.579902+05:30,2026-09-11_0156IST,airline_direct,IndiGo
BOM,BLR,6E,IndiGo,6E 136,2026-09-26,15,economy,,,7584.0,False,04:05,ok,2026-09-11T01:56:03.579902+05:30,2026-09-11_0156IST,airline_direct,IndiGo
BOM,BLR,6E,IndiGo,6E 6701,2026-09-26,15,economy,,,7584.0,False,05:35,ok,2026-09-11T01:56:03.579902+05:30,2026-09-11_0156IST,airline_direct,IndiGo
BOM,BLR,6E,IndiGo,6E 5188,2026-09-26,15,business,,,24760.0,False,06:15,ok,2026-09-11T01:56:03.579902+05:30,2026-09-11_0156IST,airline_direct,IndiGo
BOM,BLR,6E,IndiGo,6E 5188,2026-09-26,15,economy,,,7584.0,False,06:15,ok,2026-09-11T01:56:03.579902+05:30,2026-09-11_0156IST,airline_direct,IndiGo
BOM,BLR,6E,IndiGo,6E 5204,2026-09-26,15,business,,,24040.0,False,08:15,ok,2026-09-11T01:56:03.579902+05:30,2026-09-11_0156IST,airline_direct,IndiGo
BOM,BLR,6E,IndiGo,6E 5204,2026-09-26,15,economy,,,7584.0,False,08:15,ok,2026-09-11T01:56:03.579902+05:30,2026-09-11_0156IST,airline_direct,IndiGo
BOM,BLR,6E,IndiGo,6E 5109,2026-09-26,15,economy,,,7584.0,False,09:35,ok,2026-09-11T01:56:03.579902+05:30,2026-09-11_0156IST,airline_direct,IndiGo
BOM,BLR,6E,IndiGo,6E 5313,2026-09-26,15,business,,,24040.0,False,09:50,ok,2026-09-11T01:56:03.579902+05:30,2026-09-11_0156IST,airline_direct,IndiGo
BOM,BLR,6E,IndiGo,6E 5313,2026-09-26,15,economy,,,7584.0,False,09:50,ok,2026-09-11T01:56:03.579902+05:30,2026-09-11_0156IST,airline_direct,IndiGo
BOM,BLR,6E,IndiGo,6E 5313,2026-09-26,15,business,,,24040.0,False,09:50,ok,2026-09-11T01:56:03.579902+05:30,2026-09-11_0156IST,airline_direct,IndiGo
BOM,BLR,6E,IndiGo,6E 5313,2026-09-26,15,economy,,,7584.0,False,09:50,ok,2026-09-11T01:56:03.579902+05:30,2026-09-11_0156IST,airline_direct,IndiGo
BOM,BLR,6E,IndiGo,6E 6349,2026-09-26,15,business,,,24040.0,False,11:40,ok,2026-09-11T01:56:03.579902+05:30,2026-09-11_0156IST,airline_direct,IndiGo
BOM,BLR,6E,IndiGo,6E 6349,2026-09-26,15,economy,,,7584.0,False,11:40,ok,2026-09-11T01:56:03.579902+05:30,2026-09-11_0156IST,airline_direct,IndiGo
BOM,BLR,6E,IndiGo,6E 6349,2026-09-26,15,business,,,24040.0,False,11:40,ok,2026-09-11T01:56:03.579902+05:30,2026-09-11_0156IST,airline_direct,IndiGo
BOM,BLR,6E,IndiGo,6E 6349,2026-09-26,15,economy,,,7584.0,False,11:40,ok,2026-09-11T01:56:03.579902+05:30,2026-09-11_0156IST,airline_direct,IndiGo
BOM,BLR,6E,IndiGo,6E 2284,2026-09-26,15,economy,,,7584.0,False,12:05,ok,2026-09-11T01:56:03.579902+05:30,2026-09-11_0156IST,airline_direct,IndiGo
BOM,BLR,6E,IndiGo,6E 5337,2026-09-26,15,business,,,24040.0,False,13:45,ok,2026-09-11T01:56:03.579902+05:30,2026-09-11_0156IST,airline_direct,IndiGo
BOM,BLR,6E,IndiGo,6E 5337,2026-09-26,15,economy,,,7584.0,False,13:45,ok,2026-09-11T01:56:03.579902+05:30,2026-09-11_0156IST,airline_direct,IndiGo
BOM,BLR,6E,IndiGo,6E 5337,2026-09-26,15,business,,,24040.0,False,13:45,ok,2026-09-11T01:56:03.579902+05:30,2026-09-11_0156IST,airline_direct,IndiGo
BOM,BLR,6E,IndiGo,6E 5337,2026-09-26,15,economy,,,7584.0,False,13:45,ok,2026-09-11T01:56:03.579902+05:30,2026-09-11_0156IST,airline_direct,IndiGo
BOM,BLR,6E,IndiGo,6E 5201,2026-09-26,15,economy,,,7584.0,False,14:55,ok,2026-09-11T01:56:03.579902+05:30,2026-09-11_0156IST,airline_direct,IndiGo
BOM,BLR,6E,IndiGo,6E 5196,2026-09-26,15,business,,,24040.0,False,15:25,ok,2026-09-11T01:56:03.579902+05:30,2026-09-11_0156IST,airline_direct,IndiGo
BOM,BLR,6E,IndiGo,6E 5196,2026-09-26,15,economy,,,7584.0,False,15:25,ok,2026-09-11T01:56:03.579902+05:30,2026-09-11_0156IST,airline_direct,IndiGo
BOM,BLR,6E,IndiGo,6E 5196,2026-09-26,15,business,,,24040.0,False,15:25,ok,2026-09-11T01:56:03.579902+05:30,2026-09-11_0156IST,airline_direct,IndiGo
BOM,BLR,6E,IndiGo,6E 5196,2026-09-26,15,economy,,,7584.0,False,15:25,ok,2026-09-11T01:56:03.579902+05:30,2026-09-11_0156IST,airline_direct,IndiGo
BOM,BLR,6E,IndiGo,6E 240,2026-09-26,15,economy,,,7584.0,False,15:45,ok,2026-09-11T01:56:03.579902+05:30,2026-09-11_0156IST,airline_direct,IndiGo
BOM,BLR,6E,IndiGo,6E 437,2026-09-26,15,economy,,,7584.0,False,17:10,ok,2026-09-11T01:56:03.579902+05:30,2026-09-11_0156IST,airline_direct,IndiGo
BOM,BLR,6E,IndiGo,6E 5048,2026-09-26,15,business,,,24040.0,False,17:25,ok,2026-09-11T01:56:03.579902+05:30,2026-09-11_0156IST,airline_direct,IndiGo
BOM,BLR,6E,IndiGo,6E 5048,2026-09-26,15,economy,,,7584.0,False,17:25,ok,2026-09-11T01:56:03.579902+05:30,2026-09-11_0156IST,airline_direct,IndiGo
BOM,BLR,6E,IndiGo,6E 5126,2026-09-26,15,economy,,,7584.0,False,18:15,ok,2026-09-11T01:56:03.579902+05:30,2026-09-11_0156IST,airline_direct,IndiGo
BOM,BLR,6E,IndiGo,6E 5181,2026-09-26,15,economy,,,7715.0,False,10:25,ok,2026-09-11T01:56:03.579902+05:30,2026-09-11_0156IST,airline_direct,IndiGo
BOM,BLR,6E,IndiGo,6E 6599,2026-09-26,15,economy,,,7715.0,False,16:50,ok,2026-09-11T01:56:03.579902+05:30,2026-09-11_0156IST,airline_direct,IndiGo
BOM,BLR,6E,IndiGo,6E 5082,2026-09-26,15,economy,,,7785.0,False,18:05,ok,2026-09-11T01:56:03.579902+05:30,2026-09-11_0156IST,airline_direct,IndiGo
BOM,BLR,6E,IndiGo,6E 5123,2026-09-26,15,economy,,,8047.0,False,14:40,ok,2026-09-11T01:56:03.579902+05:30,2026-09-11_0156IST,airline_direct,IndiGo
BOM,BLR,6E,IndiGo,6E 2237,2026-09-26,15,economy,,,8718.0,False,18:40,ok,2026-09-11T01:56:03.579902+05:30,2026-09-11_0156IST,airline_direct,IndiGo
BOM,BLR,6E,IndiGo,6E 5107,2026-09-26,15,economy,,,8718.0,False,20:00,ok,2026-09-11T01:56:03.579902+05:30,2026-09-11_0156IST,airline_direct,IndiGo
BOM,BLR,6E,IndiGo,6E 673,2026-09-26,15,economy,,,9364.0,False,12:35,ok,2026-09-11T01:56:03.579902+05:30,2026-09-11_0156IST,airline_direct,IndiGo
BOM,BLR,6E,IndiGo,6E 6361,2026-09-26,15,economy,,,12253.0,False,05:00,ok,2026-09-11T01:56:03.579902+05:30,2026-09-11_0156IST,airline_direct,IndiGo
BOM,BLR,6E,IndiGo,6E 2016,2026-09-26,15,economy,,,12595.0,False,13:35,ok,2026-09-11T01:56:03.579902+05:30,2026-09-11_0156IST,airline_direct,IndiGo
BOM,BLR,6E,IndiGo,6E 5241,2026-09-26,15,economy,,,13182.0,False,16:40,ok,2026-09-11T01:56:03.579902+05:30,2026-09-11_0156IST,airline_direct,IndiGo
BOM,BLR,6E,IndiGo,6E 230,2026-09-26,15,economy,,,16842.0,False,13:55,ok,2026-09-11T01:56:03.579902+05:30,2026-09-11_0156IST,airline_direct,IndiGo
DEL,CCU,6E,IndiGo,6E 5191,2026-09-26,15,business,,,22600.0,False,05:00,ok,2026-09-11T01:57:02.737873+05:30,2026-09-11_0157IST,airline_direct,IndiGo
DEL,CCU,6E,IndiGo,6E 5191,2026-09-26,15,economy,,,8703.0,False,05:00,ok,2026-09-11T01:57:02.737873+05:30,2026-09-11_0157IST,airline_direct,IndiGo
DEL,CCU,6E,IndiGo,6E 340,2026-09-26,15,business,,,22600.0,False,07:20,ok,2026-09-11T01:57:02.737873+05:30,2026-09-11_0157IST,airline_direct,IndiGo
DEL,CCU,6E,IndiGo,6E 340,2026-09-26,15,economy,,,8703.0,False,07:20,ok,2026-09-11T01:57:02.737873+05:30,2026-09-11_0157IST,airline_direct,IndiGo
DEL,CCU,6E,IndiGo,6E 513,2026-09-26,15,business,,,22600.0,False,08:30,ok,2026-09-11T01:57:02.737873+05:30,2026-09-11_0157IST,airline_direct,IndiGo
DEL,CCU,6E,IndiGo,6E 513,2026-09-26,15,economy,,,8703.0,False,08:30,ok,2026-09-11T01:57:02.737873+05:30,2026-09-11_0157IST,airline_direct,IndiGo
DEL,CCU,6E,IndiGo,6E 2487,2026-09-26,15,business,,,22600.0,False,11:50,ok,2026-09-11T01:57:02.737873+05:30,2026-09-11_0157IST,airline_direct,IndiGo
DEL,CCU,6E,IndiGo,6E 2487,2026-09-26,15,economy,,,8703.0,False,11:50,ok,2026-09-11T01:57:02.737873+05:30,2026-09-11_0157IST,airline_direct,IndiGo
DEL,CCU,6E,IndiGo,6E 897,2026-09-26,15,business,,,22600.0,False,12:45,ok,2026-09-11T01:57:02.737873+05:30,2026-09-11_0157IST,airline_direct,IndiGo
DEL,CCU,6E,IndiGo,6E 897,2026-09-26,15,economy,,,8703.0,False,12:45,ok,2026-09-11T01:57:02.737873+05:30,2026-09-11_0157IST,airline_direct,IndiGo
DEL,CCU,6E,IndiGo,6E 910,2026-09-26,15,business,,,22600.0,False,14:25,ok,2026-09-11T01:57:02.737873+05:30,2026-09-11_0157IST,airline_direct,IndiGo
DEL,CCU,6E,IndiGo,6E 910,2026-09-26,15,economy,,,8703.0,False,14:25,ok,2026-09-11T01:57:02.737873+05:30,2026-09-11_0157IST,airline_direct,IndiGo
DEL,CCU,6E,IndiGo,6E 2276,2026-09-26,15,business,,,22600.0,False,17:55,ok,2026-09-11T01:57:02.737873+05:30,2026-09-11_0157IST,airline_direct,IndiGo
DEL,CCU,6E,IndiGo,6E 2276,2026-09-26,15,economy,,,8703.0,False,17:55,ok,2026-09-11T01:57:02.737873+05:30,2026-09-11_0157IST,airline_direct,IndiGo
DEL,CCU,6E,IndiGo,6E 247,2026-09-26,15,business,,,22600.0,False,23:30,ok,2026-09-11T01:57:02.737873+05:30,2026-09-11_0157IST,airline_direct,IndiGo
DEL,CCU,6E,IndiGo,6E 247,2026-09-26,15,economy,,,8703.0,False,23:30,ok,2026-09-11T01:57:02.737873+05:30,2026-09-11_0157IST,airline_direct,IndiGo
DEL,CCU,6E,IndiGo,6E 894,2026-09-26,15,business,,,22600.0,False,10:15,ok,2026-09-11T01:57:02.737873+05:30,2026-09-11_0157IST,airline_direct,IndiGo
DEL,CCU,6E,IndiGo,6E 894,2026-09-26,15,economy,,,8965.0,False,10:15,ok,2026-09-11T01:57:02.737873+05:30,2026-09-11_0157IST,airline_direct,IndiGo
DEL,CCU,6E,IndiGo,6E 6415,2026-09-26,15,business,,,22600.0,False,16:00,ok,2026-09-11T01:57:02.737873+05:30,2026-09-11_0157IST,airline_direct,IndiGo
DEL,CCU,6E,IndiGo,6E 6415,2026-09-26,15,economy,,,8965.0,False,16:00,ok,2026-09-11T01:57:02.737873+05:30,2026-09-11_0157IST,airline_direct,IndiGo
DEL,CCU,6E,IndiGo,6E 6517,2026-09-26,15,business,,,22600.0,False,19:30,ok,2026-09-11T01:57:02.737873+05:30,2026-09-11_0157IST,airline_direct,IndiGo
DEL,CCU,6E,IndiGo,6E 6517,2026-09-26,15,economy,,,10278.0,False,19:30,ok,2026-09-11T01:57:02.737873+05:30,2026-09-11_0157IST,airline_direct,IndiGo
DEL,CCU,6E,IndiGo,6E 6245,2026-09-26,15,economy,,,7376.0,False,06:20,ok,2026-09-11T01:57:02.737873+05:30,2026-09-11_0157IST,airline_direct,IndiGo
DEL,CCU,6E,IndiGo,6E 5206,2026-09-26,15,economy,,,7376.0,False,13:20,ok,2026-09-11T01:57:02.737873+05:30,2026-09-11_0157IST,airline_direct,IndiGo
DEL,CCU,6E,IndiGo,6E 6440,2026-09-26,15,economy,,,7376.0,False,16:40,ok,2026-09-11T01:57:02.737873+05:30,2026-09-11_0157IST,airline_direct,IndiGo
DEL,CCU,6E,IndiGo,6E 6459,2026-09-26,15,economy,,,7507.0,False,05:55,ok,2026-09-11T01:57:02.737873+05:30,2026-09-11_0157IST,airline_direct,IndiGo
DEL,CCU,6E,IndiGo,6E 2361,2026-09-26,15,economy,,,7507.0,False,14:35,ok,2026-09-11T01:57:02.737873+05:30,2026-09-11_0157IST,airline_direct,IndiGo
DEL,CCU,6E,IndiGo,6E 2296,2026-09-26,15,economy,,,7586.0,False,09:20,ok,2026-09-11T01:57:02.737873+05:30,2026-09-11_0157IST,airline_direct,IndiGo
DEL,CCU,6E,IndiGo,6E 5038,2026-09-26,15,economy,,,7586.0,False,14:00,ok,2026-09-11T01:57:02.737873+05:30,2026-09-11_0157IST,airline_direct,IndiGo
DEL,CCU,6E,IndiGo,6E 5033,2026-09-26,15,economy,,,7586.0,False,15:50,ok,2026-09-11T01:57:02.737873+05:30,2026-09-11_0157IST,airline_direct,IndiGo
DEL,CCU,6E,IndiGo,6E 5307,2026-09-26,15,economy,,,7691.0,False,10:50,ok,2026-09-11T01:57:02.737873+05:30,2026-09-11_0157IST,airline_direct,IndiGo
DEL,CCU,6E,IndiGo,6E 5041,2026-09-26,15,economy,,,7691.0,False,15:10,ok,2026-09-11T01:57:02.737873+05:30,2026-09-11_0157IST,airline_direct,IndiGo
DEL,CCU,6E,IndiGo,6E 6829,2026-09-26,15,economy,,,7717.0,False,17:20,ok,2026-09-11T01:57:02.737873+05:30,2026-09-11_0157IST,airline_direct,IndiGo
DEL,CCU,6E,IndiGo,6E 6503,2026-09-26,15,economy,,,7901.0,False,13:25,ok,2026-09-11T01:57:02.737873+05:30,2026-09-11_0157IST,airline_direct,IndiGo
DEL,CCU,6E,IndiGo,6E 704,2026-09-26,15,business,,,28201.0,False,02:25,ok,2026-09-11T01:57:02.737873+05:30,2026-09-11_0157IST,airline_direct,IndiGo
DEL,CCU,6E,IndiGo,6E 704,2026-09-26,15,economy,,,7927.0,False,02:25,ok,2026-09-11T01:57:02.737873+05:30,2026-09-11_0157IST,airline_direct,IndiGo
DEL,CCU,6E,IndiGo,6E 704,2026-09-26,15,business,,,28673.0,False,02:25,ok,2026-09-11T01:57:02.737873+05:30,2026-09-11_0157IST,airline_direct,IndiGo
DEL,CCU,6E,IndiGo,6E 704,2026-09-26,15,economy,,,7927.0,False,02:25,ok,2026-09-11T01:57:02.737873+05:30,2026-09-11_0157IST,airline_direct,IndiGo
DEL,CCU,6E,IndiGo,6E 5119,2026-09-26,15,economy,,,7927.0,False,05:10,ok,2026-09-11T01:57:02.737873+05:30,2026-09-11_0157IST,airline_direct,IndiGo
DEL,CCU,6E,IndiGo,6E 203,2026-09-26,15,business,,,28673.0,False,07:10,ok,2026-09-11T01:57:02.737873+05:30,2026-09-11_0157IST,airline_direct,IndiGo
DEL,CCU,6E,IndiGo,6E 203,2026-09-26,15,economy,,,7927.0,False,07:10,ok,2026-09-11T01:57:02.737873+05:30,2026-09-11_0157IST,airline_direct,IndiGo
DEL,CCU,6E,IndiGo,6E 203,2026-09-26,15,business,,,28673.0,False,07:10,ok,2026-09-11T01:57:02.737873+05:30,2026-09-11_0157IST,airline_direct,IndiGo
DEL,CCU,6E,IndiGo,6E 203,2026-09-26,15,economy,,,7927.0,False,07:10,ok,2026-09-11T01:57:02.737873+05:30,2026-09-11_0157IST,airline_direct,IndiGo
DEL,CCU,6E,IndiGo,6E 705,2026-09-26,15,business,,,28673.0,False,08:30,ok,2026-09-11T01:57:02.737873+05:30,2026-09-11_0157IST,airline_direct,IndiGo
DEL,CCU,6E,IndiGo,6E 705,2026-09-26,15,economy,,,7927.0,False,08:30,ok,2026-09-11T01:57:02.737873+05:30,2026-09-11_0157IST,airline_direct,IndiGo
DEL,CCU,6E,IndiGo,6E 705,2026-09-26,15,business,,,28673.0,False,08:30,ok,2026-09-11T01:57:02.737873+05:30,2026-09-11_0157IST,airline_direct,IndiGo
DEL,CCU,6E,IndiGo,6E 705,2026-09-26,15,economy,,,7927.0,False,08:30,ok,2026-09-11T01:57:02.737873+05:30,2026-09-11_0157IST,airline_direct,IndiGo
DEL,CCU,6E,IndiGo,6E 6293,2026-09-26,15,business,,,28673.0,False,09:55,ok,2026-09-11T01:57:02.737873+05:30,2026-09-11_0157IST,airline_direct,IndiGo
DEL,CCU,6E,IndiGo,6E 6293,2026-09-26,15,economy,,,7927.0,False,09:55,ok,2026-09-11T01:57:02.737873+05:30,2026-09-11_0157IST,airline_direct,IndiGo
DEL,CCU,6E,IndiGo,6E 884,2026-09-26,15,business,,,28673.0,False,11:45,ok,2026-09-11T01:57:02.737873+05:30,2026-09-11_0157IST,airline_direct,IndiGo
DEL,CCU,6E,IndiGo,6E 884,2026-09-26,15,economy,,,7927.0,False,11:45,ok,2026-09-11T01:57:02.737873+05:30,2026-09-11_0157IST,airline_direct,IndiGo
DEL,CCU,6E,IndiGo,6E 2331,2026-09-26,15,economy,,,7927.0,False,12:20,ok,2026-09-11T01:57:02.737873+05:30,2026-09-11_0157IST,airline_direct,IndiGo
DEL,CCU,6E,IndiGo,6E 6282,2026-09-26,15,business,,,28673.0,False,13:30,ok,2026-09-11T01:57:02.737873+05:30,2026-09-11_0157IST,airline_direct,IndiGo
DEL,CCU,6E,IndiGo,6E 6282,2026-09-26,15,economy,,,7927.0,False,13:30,ok,2026-09-11T01:57:02.737873+05:30,2026-09-11_0157IST,airline_direct,IndiGo
DEL,CCU,6E,IndiGo,6E 6217,2026-09-26,15,business,,,28201.0,False,16:15,ok,2026-09-11T01:57:02.737873+05:30,2026-09-11_0157IST,airline_direct,IndiGo
DEL,CCU,6E,IndiGo,6E 6217,2026-09-26,15,economy,,,7927.0,False,16:15,ok,2026-09-11T01:57:02.737873+05:30,2026-09-11_0157IST,airline_direct,IndiGo
DEL,CCU,6E,IndiGo,6E 5073,2026-09-26,15,economy,,,7927.0,False,17:05,ok,2026-09-11T01:57:02.737873+05:30,2026-09-11_0157IST,airline_direct,IndiGo
DEL,CCU,6E,IndiGo,6E 717,2026-09-26,15,business,,,28201.0,False,17:55,ok,2026-09-11T01:57:02.737873+05:30,2026-09-11_0157IST,airline_direct,IndiGo
DEL,CCU,6E,IndiGo,6E 717,2026-09-26,15,economy,,,7927.0,False,17:55,ok,2026-09-11T01:57:02.737873+05:30,2026-09-11_0157IST,airline_direct,IndiGo
DEL,CCU,6E,IndiGo,6E 882,2026-09-26,15,business,,,28201.0,False,23:15,ok,2026-09-11T01:57:02.737873+05:30,2026-09-11_0157IST,airline_direct,IndiGo
DEL,CCU,6E,IndiGo,6E 882,2026-09-26,15,economy,,,7927.0,False,23:15,ok,2026-09-11T01:57:02.737873+05:30,2026-09-11_0157IST,airline_direct,IndiGo
DEL,CCU,6E,IndiGo,6E 6371,2026-09-26,15,economy,,,8032.0,False,06:20,ok,2026-09-11T01:57:02.737873+05:30,2026-09-11_0157IST,airline_direct,IndiGo
DEL,CCU,6E,IndiGo,6E 6312,2026-09-26,15,economy,,,8115.0,False,14:25,ok,2026-09-11T01:57:02.737873+05:30,2026-09-11_0157IST,airline_direct,IndiGo
DEL,CCU,6E,IndiGo,6E 734,2026-09-26,15,economy,,,8115.0,False,16:20,ok,2026-09-11T01:57:02.737873+05:30,2026-09-11_0157IST,airline_direct,IndiGo
DEL,CCU,6E,IndiGo,6E 6073,2026-09-26,15,economy,,,8194.0,False,05:00,ok,2026-09-11T01:57:02.737873+05:30,2026-09-11_0157IST,airline_direct,IndiGo
DEL,CCU,6E,IndiGo,6E 2296,2026-09-26,15,economy,,,8194.0,False,09:20,ok,2026-09-11T01:57:02.737873+05:30,2026-09-11_0157IST,airline_direct,IndiGo
DEL,CCU,6E,IndiGo,6E 2037,2026-09-26,15,economy,,,8194.0,False,10:55,ok,2026-09-11T01:57:02.737873+05:30,2026-09-11_0157IST,airline_direct,IndiGo
DEL,CCU,6E,IndiGo,6E 2259,2026-09-26,15,economy,,,8194.0,False,12:20,ok,2026-09-11T01:57:02.737873+05:30,2026-09-11_0157IST,airline_direct,IndiGo
DEL,CCU,6E,IndiGo,6E 2259,2026-09-26,15,economy,,,8194.0,False,12:20,ok,2026-09-11T01:57:02.737873+05:30,2026-09-11_0157IST,airline_direct,IndiGo
DEL,CCU,6E,IndiGo,6E 6130,2026-09-26,15,economy,,,8194.0,False,12:55,ok,2026-09-11T01:57:02.737873+05:30,2026-09-11_0157IST,airline_direct,IndiGo
DEL,CCU,6E,IndiGo,6E 2614,2026-09-26,15,economy,,,8194.0,False,14:40,ok,2026-09-11T01:57:02.737873+05:30,2026-09-11_0157IST,airline_direct,IndiGo
DEL,CCU,6E,IndiGo,6E 2614,2026-09-26,15,economy,,,8194.0,False,14:40,ok,2026-09-11T01:57:02.737873+05:30,2026-09-11_0157IST,airline_direct,IndiGo
DEL,CCU,6E,IndiGo,6E 5307,2026-09-26,15,economy,,,9457.0,False,10:50,ok,2026-09-11T01:57:02.737873+05:30,2026-09-11_0157IST,airline_direct,IndiGo
DEL,CCU,6E,IndiGo,6E 6190,2026-09-26,15,economy,,,9597.0,False,07:40,ok,2026-09-11T01:57:02.737873+05:30,2026-09-11_0157IST,airline_direct,IndiGo
DEL,CCU,6E,IndiGo,6E 6378,2026-09-26,15,economy,,,9667.0,False,14:40,ok,2026-09-11T01:57:02.737873+05:30,2026-09-11_0157IST,airline_direct,IndiGo
DEL,CCU,6E,IndiGo,6E 6124,2026-09-26,15,economy,,,9702.0,False,07:30,ok,2026-09-11T01:57:02.737873+05:30,2026-09-11_0157IST,airline_direct,IndiGo
DEL,CCU,6E,IndiGo,6E 2453,2026-09-26,15,economy,,,11081.0,False,13:35,ok,2026-09-11T01:57:02.737873+05:30,2026-09-11_0157IST,airline_direct,IndiGo
DEL,CCU,6E,IndiGo,6E 6190,2026-09-26,15,economy,,,12268.0,False,07:40,ok,2026-09-11T01:57:02.737873+05:30,2026-09-11_0157IST,airline_direct,IndiGo
DEL,CCU,6E,IndiGo,6E 5215,2026-09-26,15,economy,,,12373.0,False,07:45,ok,2026-09-11T01:57:02.737873+05:30,2026-09-11_0157IST,airline_direct,IndiGo
DEL,CCU,6E,IndiGo,6E 2037,2026-09-26,15,economy,,,13340.0,False,10:55,ok,2026-09-11T01:57:02.737873+05:30,2026-09-11_0157IST,airline_direct,IndiGo
DEL,CCU,6E,IndiGo,6E 5041,2026-09-26,15,economy,,,14887.0,False,15:10,ok,2026-09-11T01:57:02.737873+05:30,2026-09-11_0157IST,airline_direct,IndiGo
BLR,HYD,6E,IndiGo,6E 6067,2026-09-26,15,economy,,,4235.0,False,16:30,ok,2026-09-11T01:57:57.548399+05:30,2026-09-11_0157IST,airline_direct,IndiGo
BLR,HYD,6E,IndiGo,6E 638,2026-09-26,15,economy,,,4235.0,False,18:35,ok,2026-09-11T01:57:57.548399+05:30,2026-09-11_0157IST,airline_direct,IndiGo
BLR,HYD,6E,IndiGo,6E 855,2026-09-26,15,economy,,,4235.0,False,19:45,ok,2026-09-11T01:57:57.548399+05:30,2026-09-11_0157IST,airline_direct,IndiGo
BLR,HYD,6E,IndiGo,6E 6784,2026-09-26,15,economy,,,6239.0,False,21:30,ok,2026-09-11T01:57:57.548399+05:30,2026-09-11_0157IST,airline_direct,IndiGo
BLR,HYD,6E,IndiGo,6E 537,2026-09-26,15,economy,,,6772.0,False,10:15,ok,2026-09-11T01:57:57.548399+05:30,2026-09-11_0157IST,airline_direct,IndiGo
BLR,HYD,6E,IndiGo,6E 6404,2026-09-26,15,economy,,,6772.0,False,11:35,ok,2026-09-11T01:57:57.548399+05:30,2026-09-11_0157IST,airline_direct,IndiGo
BLR,HYD,6E,IndiGo,6E 407,2026-09-26,15,economy,,,6772.0,False,14:50,ok,2026-09-11T01:57:57.548399+05:30,2026-09-11_0157IST,airline_direct,IndiGo
BLR,HYD,6E,IndiGo,6E 6178,2026-09-26,15,economy,,,7361.0,False,06:25,ok,2026-09-11T01:57:57.548399+05:30,2026-09-11_0157IST,airline_direct,IndiGo
BLR,HYD,6E,IndiGo,6E 312,2026-09-26,15,economy,,,8010.0,False,09:15,ok,2026-09-11T01:57:57.548399+05:30,2026-09-11_0157IST,airline_direct,IndiGo
BLR,HYD,6E,IndiGo,6E 484,2026-09-26,15,economy,,,8727.0,False,08:15,ok,2026-09-11T01:57:57.548399+05:30,2026-09-11_0157IST,airline_direct,IndiGo
BLR,HYD,6E,IndiGo,6E 763,2026-09-26,15,economy,,,5463.0,False,07:05,ok,2026-09-11T01:57:57.548399+05:30,2026-09-11_0157IST,airline_direct,IndiGo
BLR,HYD,6E,IndiGo,6E 763,2026-09-26,15,economy,,,5463.0,False,07:05,ok,2026-09-11T01:57:57.548399+05:30,2026-09-11_0157IST,airline_direct,IndiGo
BLR,HYD,6E,IndiGo,6E 6269,2026-09-26,15,economy,,,5463.0,False,07:15,ok,2026-09-11T01:57:57.548399+05:30,2026-09-11_0157IST,airline_direct,IndiGo
BLR,HYD,6E,IndiGo,6E 904,2026-09-26,15,economy,,,5463.0,False,10:50,ok,2026-09-11T01:57:57.548399+05:30,2026-09-11_0157IST,airline_direct,IndiGo
BLR,HYD,6E,IndiGo,6E 6104,2026-09-26,15,economy,,,5463.0,False,11:40,ok,2026-09-11T01:57:57.548399+05:30,2026-09-11_0157IST,airline_direct,IndiGo
BLR,HYD,6E,IndiGo,6E 6208,2026-09-26,15,economy,,,5463.0,False,12:50,ok,2026-09-11T01:57:57.548399+05:30,2026-09-11_0157IST,airline_direct,IndiGo
BLR,HYD,6E,IndiGo,6E 6208,2026-09-26,15,economy,,,5463.0,False,12:50,ok,2026-09-11T01:57:57.548399+05:30,2026-09-11_0157IST,airline_direct,IndiGo
BLR,HYD,6E,IndiGo,6E 6208,2026-09-26,15,economy,,,5463.0,False,12:50,ok,2026-09-11T01:57:57.548399+05:30,2026-09-11_0157IST,airline_direct,IndiGo
BLR,HYD,6E,IndiGo,6E 6542,2026-09-26,15,economy,,,5463.0,False,13:10,ok,2026-09-11T01:57:57.548399+05:30,2026-09-11_0157IST,airline_direct,IndiGo
BLR,HYD,6E,IndiGo,6E 6542,2026-09-26,15,economy,,,5463.0,False,13:10,ok,2026-09-11T01:57:57.548399+05:30,2026-09-11_0157IST,airline_direct,IndiGo
BLR,HYD,6E,IndiGo,6E 6753,2026-09-26,15,economy,,,5463.0,False,15:15,ok,2026-09-11T01:57:57.548399+05:30,2026-09-11_0157IST,airline_direct,IndiGo
BLR,HYD,6E,IndiGo,6E 576,2026-09-26,15,economy,,,5463.0,False,16:25,ok,2026-09-11T01:57:57.548399+05:30,2026-09-11_0157IST,airline_direct,IndiGo
BLR,HYD,6E,IndiGo,6E 356,2026-09-26,15,economy,,,5463.0,False,17:15,ok,2026-09-11T01:57:57.548399+05:30,2026-09-11_0157IST,airline_direct,IndiGo
BLR,HYD,6E,IndiGo,6E 356,2026-09-26,15,economy,,,5463.0,False,17:15,ok,2026-09-11T01:57:57.548399+05:30,2026-09-11_0157IST,airline_direct,IndiGo
BLR,HYD,6E,IndiGo,6E 6168,2026-09-26,15,economy,,,5463.0,False,17:40,ok,2026-09-11T01:57:57.548399+05:30,2026-09-11_0157IST,airline_direct,IndiGo
BLR,HYD,6E,IndiGo,6E 6168,2026-09-26,15,economy,,,5463.0,False,17:40,ok,2026-09-11T01:57:57.548399+05:30,2026-09-11_0157IST,airline_direct,IndiGo
BLR,HYD,6E,IndiGo,6E 6017,2026-09-26,15,economy,,,5463.0,False,18:15,ok,2026-09-11T01:57:57.548399+05:30,2026-09-11_0157IST,airline_direct,IndiGo
BLR,HYD,6E,IndiGo,6E 105,2026-09-26,15,economy,,,5463.0,False,18:45,ok,2026-09-11T01:57:57.548399+05:30,2026-09-11_0157IST,airline_direct,IndiGo
BLR,HYD,6E,IndiGo,6E 105,2026-09-26,15,economy,,,5463.0,False,18:45,ok,2026-09-11T01:57:57.548399+05:30,2026-09-11_0157IST,airline_direct,IndiGo
BLR,HYD,6E,IndiGo,6E 6554,2026-09-26,15,economy,,,5463.0,False,19:15,ok,2026-09-11T01:57:57.548399+05:30,2026-09-11_0157IST,airline_direct,IndiGo
BLR,HYD,6E,IndiGo,6E 441,2026-09-26,15,economy,,,5463.0,False,20:40,ok,2026-09-11T01:57:57.548399+05:30,2026-09-11_0157IST,airline_direct,IndiGo
BLR,HYD,6E,IndiGo,6E 528,2026-09-26,15,economy,,,5463.0,False,21:40,ok,2026-09-11T01:57:57.548399+05:30,2026-09-11_0157IST,airline_direct,IndiGo
BLR,HYD,6E,IndiGo,6E 116,2026-09-26,15,economy,,,5463.0,False,23:05,ok,2026-09-11T01:57:57.548399+05:30,2026-09-11_0157IST,airline_direct,IndiGo
BLR,HYD,6E,IndiGo,6E 6336,2026-09-26,15,economy,,,5594.0,False,12:25,ok,2026-09-11T01:57:57.548399+05:30,2026-09-11_0157IST,airline_direct,IndiGo
BLR,HYD,6E,IndiGo,6E 6336,2026-09-26,15,economy,,,5594.0,False,12:25,ok,2026-09-11T01:57:57.548399+05:30,2026-09-11_0157IST,airline_direct,IndiGo
BLR,HYD,6E,IndiGo,6E 857,2026-09-26,15,economy,,,5793.0,False,07:05,ok,2026-09-11T01:57:57.548399+05:30,2026-09-11_0157IST,airline_direct,IndiGo
BLR,HYD,6E,IndiGo,6E 6445,2026-09-26,15,economy,,,5793.0,False,10:25,ok,2026-09-11T01:57:57.548399+05:30,2026-09-11_0157IST,airline_direct,IndiGo
BLR,HYD,6E,IndiGo,6E 414,2026-09-26,15,economy,,,5793.0,False,14:45,ok,2026-09-11T01:57:57.548399+05:30,2026-09-11_0157IST,airline_direct,IndiGo
BLR,HYD,6E,IndiGo,6E 116,2026-09-26,15,economy,,,5793.0,False,23:05,ok,2026-09-11T01:57:57.548399+05:30,2026-09-11_0157IST,airline_direct,IndiGo
BLR,HYD,6E,IndiGo,6E 7204,2026-09-26,15,economy,,,6153.0,False,06:50,ok,2026-09-11T01:57:57.548399+05:30,2026-09-11_0157IST,airline_direct,IndiGo
BLR,HYD,6E,IndiGo,6E 6269,2026-09-26,15,economy,,,6153.0,False,07:15,ok,2026-09-11T01:57:57.548399+05:30,2026-09-11_0157IST,airline_direct,IndiGo
BLR,HYD,6E,IndiGo,6E 7005,2026-09-26,15,economy,,,6153.0,False,08:05,ok,2026-09-11T01:57:57.548399+05:30,2026-09-11_0157IST,airline_direct,IndiGo
BLR,HYD,6E,IndiGo,6E 5306,2026-09-26,15,economy,,,6153.0,False,14:35,ok,2026-09-11T01:57:57.548399+05:30,2026-09-11_0157IST,airline_direct,IndiGo
BLR,HYD,6E,IndiGo,6E 109,2026-09-26,15,economy,,,6153.0,False,17:00,ok,2026-09-11T01:57:57.548399+05:30,2026-09-11_0157IST,airline_direct,IndiGo
BLR,HYD,6E,IndiGo,6E 6162,2026-09-26,15,economy,,,6153.0,False,18:50,ok,2026-09-11T01:57:57.548399+05:30,2026-09-11_0157IST,airline_direct,IndiGo
BLR,HYD,6E,IndiGo,6E 7227,2026-09-26,15,economy,,,6412.0,False,06:25,ok,2026-09-11T01:57:57.548399+05:30,2026-09-11_0157IST,airline_direct,IndiGo
BLR,HYD,6E,IndiGo,6E 857,2026-09-26,15,economy,,,6543.0,False,07:05,ok,2026-09-11T01:57:57.548399+05:30,2026-09-11_0157IST,airline_direct,IndiGo
BLR,HYD,6E,IndiGo,6E 7005,2026-09-26,15,economy,,,6543.0,False,08:05,ok,2026-09-11T01:57:57.548399+05:30,2026-09-11_0157IST,airline_direct,IndiGo
BLR,HYD,6E,IndiGo,6E 6583,2026-09-26,15,economy,,,7101.0,False,10:40,ok,2026-09-11T01:57:57.548399+05:30,2026-09-11_0157IST,airline_direct,IndiGo
BLR,HYD,6E,IndiGo,6E 6563,2026-09-26,15,economy,,,7432.0,False,01:05,ok,2026-09-11T01:57:57.548399+05:30,2026-09-11_0157IST,airline_direct,IndiGo
BLR,HYD,6E,IndiGo,6E 6876,2026-09-26,15,economy,,,7432.0,False,02:40,ok,2026-09-11T01:57:57.548399+05:30,2026-09-11_0157IST,airline_direct,IndiGo
BLR,HYD,6E,IndiGo,6E 6653,2026-09-26,15,economy,,,7432.0,False,12:35,ok,2026-09-11T01:57:57.548399+05:30,2026-09-11_0157IST,airline_direct,IndiGo
BLR,HYD,6E,IndiGo,6E 7071,2026-09-26,15,economy,,,7935.0,False,10:55,ok,2026-09-11T01:57:57.548399+05:30,2026-09-11_0157IST,airline_direct,IndiGo
BLR,HYD,6E,IndiGo,6E 6653,2026-09-26,15,economy,,,7935.0,False,12:35,ok,2026-09-11T01:57:57.548399+05:30,2026-09-11_0157IST,airline_direct,IndiGo
BLR,HYD,6E,IndiGo,6E 6583,2026-09-26,15,economy,,,8067.0,False,10:40,ok,2026-09-11T01:57:57.548399+05:30,2026-09-11_0157IST,airline_direct,IndiGo
BLR,HYD,6E,IndiGo,6E 904,2026-09-26,15,economy,,,9081.0,False,10:50,ok,2026-09-11T01:57:57.548399+05:30,2026-09-11_0157IST,airline_direct,IndiGo
BLR,HYD,6E,IndiGo,6E 763,2026-09-26,15,economy,,,9730.0,False,07:05,ok,2026-09-11T01:57:57.548399+05:30,2026-09-11_0157IST,airline_direct,IndiGo
BLR,HYD,6E,IndiGo,6E 6445,2026-09-26,15,economy,,,9730.0,False,10:25,ok,2026-09-11T01:57:57.548399+05:30,2026-09-11_0157IST,airline_direct,IndiGo
BLR,HYD,6E,IndiGo,6E 703,2026-09-26,15,economy,,,9730.0,False,12:55,ok,2026-09-11T01:57:57.548399+05:30,2026-09-11_0157IST,airline_direct,IndiGo
BLR,HYD,6E,IndiGo,6E 6104,2026-09-26,15,economy,,,17976.0,False,11:40,ok,2026-09-11T01:57:57.548399+05:30,2026-09-11_0157IST,airline_direct,IndiGo
MAA,DEL,6E,IndiGo,6E 2369,2026-09-26,15,business,,,24700.0,False,23:45,ok,2026-09-11T01:58:52.278912+05:30,2026-09-11_0158IST,airline_direct,IndiGo
MAA,DEL,6E,IndiGo,6E 2369,2026-09-26,15,economy,,,10785.0,False,23:45,ok,2026-09-11T01:58:52.278912+05:30,2026-09-11_0158IST,airline_direct,IndiGo
MAA,DEL,6E,IndiGo,6E 613,2026-09-26,15,business,,,24700.0,False,19:00,ok,2026-09-11T01:58:52.278912+05:30,2026-09-11_0158IST,airline_direct,IndiGo
MAA,DEL,6E,IndiGo,6E 613,2026-09-26,15,economy,,,11303.0,False,19:00,ok,2026-09-11T01:58:52.278912+05:30,2026-09-11_0158IST,airline_direct,IndiGo
MAA,DEL,6E,IndiGo,6E 939,2026-09-26,15,business,,,24700.0,False,13:00,ok,2026-09-11T01:58:52.278912+05:30,2026-09-11_0158IST,airline_direct,IndiGo
MAA,DEL,6E,IndiGo,6E 939,2026-09-26,15,economy,,,11850.0,False,13:00,ok,2026-09-11T01:58:52.278912+05:30,2026-09-11_0158IST,airline_direct,IndiGo
MAA,DEL,6E,IndiGo,6E 948,2026-09-26,15,business,,,24700.0,False,14:30,ok,2026-09-11T01:58:52.278912+05:30,2026-09-11_0158IST,airline_direct,IndiGo
MAA,DEL,6E,IndiGo,6E 948,2026-09-26,15,economy,,,11850.0,False,14:30,ok,2026-09-11T01:58:52.278912+05:30,2026-09-11_0158IST,airline_direct,IndiGo
MAA,DEL,6E,IndiGo,6E 698,2026-09-26,15,business,,,24700.0,False,16:45,ok,2026-09-11T01:58:52.278912+05:30,2026-09-11_0158IST,airline_direct,IndiGo
MAA,DEL,6E,IndiGo,6E 698,2026-09-26,15,economy,,,11850.0,False,16:45,ok,2026-09-11T01:58:52.278912+05:30,2026-09-11_0158IST,airline_direct,IndiGo
MAA,DEL,6E,IndiGo,6E 404,2026-09-26,15,business,,,24700.0,False,09:15,ok,2026-09-11T01:58:52.278912+05:30,2026-09-11_0158IST,airline_direct,IndiGo
MAA,DEL,6E,IndiGo,6E 404,2026-09-26,15,economy,,,12426.0,False,09:15,ok,2026-09-11T01:58:52.278912+05:30,2026-09-11_0158IST,airline_direct,IndiGo
MAA,DEL,6E,IndiGo,6E 937,2026-09-26,15,business,,,24700.0,False,06:30,ok,2026-09-11T01:58:52.278912+05:30,2026-09-11_0158IST,airline_direct,IndiGo
MAA,DEL,6E,IndiGo,6E 937,2026-09-26,15,economy,,,13035.0,False,06:30,ok,2026-09-11T01:58:52.278912+05:30,2026-09-11_0158IST,airline_direct,IndiGo
MAA,DEL,6E,IndiGo,6E 6002,2026-09-26,15,business,,,24700.0,False,11:10,ok,2026-09-11T01:58:52.278912+05:30,2026-09-11_0158IST,airline_direct,IndiGo
MAA,DEL,6E,IndiGo,6E 6002,2026-09-26,15,economy,,,13035.0,False,11:10,ok,2026-09-11T01:58:52.278912+05:30,2026-09-11_0158IST,airline_direct,IndiGo
MAA,DEL,6E,IndiGo,6E 6209,2026-09-26,15,business,,,29704.0,False,14:35,ok,2026-09-11T01:58:52.278912+05:30,2026-09-11_0158IST,airline_direct,IndiGo
MAA,DEL,6E,IndiGo,6E 6209,2026-09-26,15,economy,,,9857.0,False,14:35,ok,2026-09-11T01:58:52.278912+05:30,2026-09-11_0158IST,airline_direct,IndiGo
MAA,DEL,6E,IndiGo,6E 6209,2026-09-26,15,business,,,29704.0,False,14:35,ok,2026-09-11T01:58:52.278912+05:30,2026-09-11_0158IST,airline_direct,IndiGo
MAA,DEL,6E,IndiGo,6E 6209,2026-09-26,15,economy,,,9857.0,False,14:35,ok,2026-09-11T01:58:52.278912+05:30,2026-09-11_0158IST,airline_direct,IndiGo
MAA,DEL,6E,IndiGo,6E 6812,2026-09-26,15,economy,,,9857.0,False,20:00,ok,2026-09-11T01:58:52.278912+05:30,2026-09-11_0158IST,airline_direct,IndiGo
MAA,DEL,6E,IndiGo,6E 6140,2026-09-26,15,business,,,29944.0,False,02:30,ok,2026-09-11T01:58:52.278912+05:30,2026-09-11_0158IST,airline_direct,IndiGo
MAA,DEL,6E,IndiGo,6E 6140,2026-09-26,15,economy,,,9988.0,False,02:30,ok,2026-09-11T01:58:52.278912+05:30,2026-09-11_0158IST,airline_direct,IndiGo
MAA,DEL,6E,IndiGo,6E 6140,2026-09-26,15,business,,,29944.0,False,02:30,ok,2026-09-11T01:58:52.278912+05:30,2026-09-11_0158IST,airline_direct,IndiGo
MAA,DEL,6E,IndiGo,6E 6140,2026-09-26,15,economy,,,9988.0,False,02:30,ok,2026-09-11T01:58:52.278912+05:30,2026-09-11_0158IST,airline_direct,IndiGo
MAA,DEL,6E,IndiGo,6E 5093,2026-09-26,15,business,,,35375.0,False,05:00,ok,2026-09-11T01:58:52.278912+05:30,2026-09-11_0158IST,airline_direct,IndiGo
MAA,DEL,6E,IndiGo,6E 5093,2026-09-26,15,economy,,,9988.0,False,05:00,ok,2026-09-11T01:58:52.278912+05:30,2026-09-11_0158IST,airline_direct,IndiGo
MAA,DEL,6E,IndiGo,6E 5314,2026-09-26,15,business,,,35375.0,False,06:45,ok,2026-09-11T01:58:52.278912+05:30,2026-09-11_0158IST,airline_direct,IndiGo
MAA,DEL,6E,IndiGo,6E 5314,2026-09-26,15,economy,,,9988.0,False,06:45,ok,2026-09-11T01:58:52.278912+05:30,2026-09-11_0158IST,airline_direct,IndiGo
MAA,DEL,6E,IndiGo,6E 321,2026-09-26,15,business,,,34580.0,False,08:20,ok,2026-09-11T01:58:52.278912+05:30,2026-09-11_0158IST,airline_direct,IndiGo
MAA,DEL,6E,IndiGo,6E 321,2026-09-26,15,economy,,,9988.0,False,08:20,ok,2026-09-11T01:58:52.278912+05:30,2026-09-11_0158IST,airline_direct,IndiGo
MAA,DEL,6E,IndiGo,6E 6348,2026-09-26,15,business,,,35375.0,False,09:00,ok,2026-09-11T01:58:52.278912+05:30,2026-09-11_0158IST,airline_direct,IndiGo
MAA,DEL,6E,IndiGo,6E 6348,2026-09-26,15,economy,,,9988.0,False,09:00,ok,2026-09-11T01:58:52.278912+05:30,2026-09-11_0158IST,airline_direct,IndiGo
MAA,DEL,6E,IndiGo,6E 6348,2026-09-26,15,business,,,35375.0,False,09:00,ok,2026-09-11T01:58:52.278912+05:30,2026-09-11_0158IST,airline_direct,IndiGo
MAA,DEL,6E,IndiGo,6E 6348,2026-09-26,15,economy,,,9988.0,False,09:00,ok,2026-09-11T01:58:52.278912+05:30,2026-09-11_0158IST,airline_direct,IndiGo
MAA,DEL,6E,IndiGo,6E 5214,2026-09-26,15,business,,,35375.0,False,11:00,ok,2026-09-11T01:58:52.278912+05:30,2026-09-11_0158IST,airline_direct,IndiGo
MAA,DEL,6E,IndiGo,6E 5214,2026-09-26,15,economy,,,9988.0,False,11:00,ok,2026-09-11T01:58:52.278912+05:30,2026-09-11_0158IST,airline_direct,IndiGo
MAA,DEL,6E,IndiGo,6E 6326,2026-09-26,15,business,,,32928.0,False,11:45,ok,2026-09-11T01:58:52.278912+05:30,2026-09-11_0158IST,airline_direct,IndiGo
MAA,DEL,6E,IndiGo,6E 6326,2026-09-26,15,economy,,,9988.0,False,11:45,ok,2026-09-11T01:58:52.278912+05:30,2026-09-11_0158IST,airline_direct,IndiGo
MAA,DEL,6E,IndiGo,6E 5258,2026-09-26,15,business,,,35375.0,False,12:45,ok,2026-09-11T01:58:52.278912+05:30,2026-09-11_0158IST,airline_direct,IndiGo
MAA,DEL,6E,IndiGo,6E 5258,2026-09-26,15,economy,,,9988.0,False,12:45,ok,2026-09-11T01:58:52.278912+05:30,2026-09-11_0158IST,airline_direct,IndiGo
MAA,DEL,6E,IndiGo,6E 5258,2026-09-26,15,business,,,35375.0,False,12:45,ok,2026-09-11T01:58:52.278912+05:30,2026-09-11_0158IST,airline_direct,IndiGo
MAA,DEL,6E,IndiGo,6E 5258,2026-09-26,15,economy,,,9988.0,False,12:45,ok,2026-09-11T01:58:52.278912+05:30,2026-09-11_0158IST,airline_direct,IndiGo
MAA,DEL,6E,IndiGo,6E 6113,2026-09-26,15,economy,,,9988.0,False,17:00,ok,2026-09-11T01:58:52.278912+05:30,2026-09-11_0158IST,airline_direct,IndiGo
MAA,DEL,6E,IndiGo,6E 606,2026-09-26,15,business,,,32220.0,False,18:05,ok,2026-09-11T01:58:52.278912+05:30,2026-09-11_0158IST,airline_direct,IndiGo
MAA,DEL,6E,IndiGo,6E 606,2026-09-26,15,economy,,,9988.0,False,18:05,ok,2026-09-11T01:58:52.278912+05:30,2026-09-11_0158IST,airline_direct,IndiGo
MAA,DEL,6E,IndiGo,6E 5367,2026-09-26,15,business,,,35375.0,False,18:15,ok,2026-09-11T01:58:52.278912+05:30,2026-09-11_0158IST,airline_direct,IndiGo
MAA,DEL,6E,IndiGo,6E 5367,2026-09-26,15,economy,,,9988.0,False,18:15,ok,2026-09-11T01:58:52.278912+05:30,2026-09-11_0158IST,airline_direct,IndiGo
MAA,DEL,6E,IndiGo,6E 597,2026-09-26,15,economy,,,10146.0,False,17:45,ok,2026-09-11T01:58:52.278912+05:30,2026-09-11_0158IST,airline_direct,IndiGo
MAA,DEL,6E,IndiGo,6E 6797,2026-09-26,15,economy,,,10325.0,False,13:10,ok,2026-09-11T01:58:52.278912+05:30,2026-09-11_0158IST,airline_direct,IndiGo
MAA,DEL,6E,IndiGo,6E 253,2026-09-26,15,business,,,28059.0,False,03:10,ok,2026-09-11T01:58:52.278912+05:30,2026-09-11_0158IST,airline_direct,IndiGo
MAA,DEL,6E,IndiGo,6E 253,2026-09-26,15,economy,,,10535.0,False,03:10,ok,2026-09-11T01:58:52.278912+05:30,2026-09-11_0158IST,airline_direct,IndiGo
MAA,DEL,6E,IndiGo,6E 244,2026-09-26,15,economy,,,10535.0,False,03:55,ok,2026-09-11T01:58:52.278912+05:30,2026-09-11_0158IST,airline_direct,IndiGo
MAA,DEL,6E,IndiGo,6E 834,2026-09-26,15,business,,,32461.0,False,09:05,ok,2026-09-11T01:58:52.278912+05:30,2026-09-11_0158IST,airline_direct,IndiGo
MAA,DEL,6E,IndiGo,6E 834,2026-09-26,15,economy,,,10535.0,False,09:05,ok,2026-09-11T01:58:52.278912+05:30,2026-09-11_0158IST,airline_direct,IndiGo
MAA,DEL,6E,IndiGo,6E 372,2026-09-26,15,business,,,29880.0,False,09:55,ok,2026-09-11T01:58:52.278912+05:30,2026-09-11_0158IST,airline_direct,IndiGo
MAA,DEL,6E,IndiGo,6E 372,2026-09-26,15,economy,,,10535.0,False,09:55,ok,2026-09-11T01:58:52.278912+05:30,2026-09-11_0158IST,airline_direct,IndiGo
MAA,DEL,6E,IndiGo,6E 539,2026-09-26,15,economy,,,10535.0,False,11:25,ok,2026-09-11T01:58:52.278912+05:30,2026-09-11_0158IST,airline_direct,IndiGo
MAA,DEL,6E,IndiGo,6E 6925,2026-09-26,15,business,,,29880.0,False,12:00,ok,2026-09-11T01:58:52.278912+05:30,2026-09-11_0158IST,airline_direct,IndiGo
MAA,DEL,6E,IndiGo,6E 6925,2026-09-26,15,economy,,,10535.0,False,12:00,ok,2026-09-11T01:58:52.278912+05:30,2026-09-11_0158IST,airline_direct,IndiGo
MAA,DEL,6E,IndiGo,6E 6925,2026-09-26,15,business,,,29880.0,False,12:00,ok,2026-09-11T01:58:52.278912+05:30,2026-09-11_0158IST,airline_direct,IndiGo
MAA,DEL,6E,IndiGo,6E 6925,2026-09-26,15,economy,,,10535.0,False,12:00,ok,2026-09-11T01:58:52.278912+05:30,2026-09-11_0158IST,airline_direct,IndiGo
MAA,DEL,6E,IndiGo,6E 6158,2026-09-26,15,business,,,26857.0,False,16:10,ok,2026-09-11T01:58:52.278912+05:30,2026-09-11_0158IST,airline_direct,IndiGo
MAA,DEL,6E,IndiGo,6E 6158,2026-09-26,15,economy,,,10535.0,False,16:10,ok,2026-09-11T01:58:52.278912+05:30,2026-09-11_0158IST,airline_direct,IndiGo
MAA,DEL,6E,IndiGo,6E 183,2026-09-26,15,business,,,32309.0,False,16:35,ok,2026-09-11T01:58:52.278912+05:30,2026-09-11_0158IST,airline_direct,IndiGo
MAA,DEL,6E,IndiGo,6E 183,2026-09-26,15,economy,,,10535.0,False,16:35,ok,2026-09-11T01:58:52.278912+05:30,2026-09-11_0158IST,airline_direct,IndiGo
MAA,DEL,6E,IndiGo,6E 848,2026-09-26,15,economy,,,10535.0,False,17:50,ok,2026-09-11T01:58:52.278912+05:30,2026-09-11_0158IST,airline_direct,IndiGo
MAA,DEL,6E,IndiGo,6E 562,2026-09-26,15,business,,,26857.0,False,18:20,ok,2026-09-11T01:58:52.278912+05:30,2026-09-11_0158IST,airline_direct,IndiGo
MAA,DEL,6E,IndiGo,6E 562,2026-09-26,15,economy,,,10535.0,False,18:20,ok,2026-09-11T01:58:52.278912+05:30,2026-09-11_0158IST,airline_direct,IndiGo
MAA,DEL,6E,IndiGo,6E 193,2026-09-26,15,business,,,26857.0,False,20:00,ok,2026-09-11T01:58:52.278912+05:30,2026-09-11_0158IST,airline_direct,IndiGo
MAA,DEL,6E,IndiGo,6E 193,2026-09-26,15,economy,,,10535.0,False,20:00,ok,2026-09-11T01:58:52.278912+05:30,2026-09-11_0158IST,airline_direct,IndiGo
MAA,DEL,6E,IndiGo,6E 6487,2026-09-26,15,business,,,26857.0,False,21:25,ok,2026-09-11T01:58:52.278912+05:30,2026-09-11_0158IST,airline_direct,IndiGo
MAA,DEL,6E,IndiGo,6E 6487,2026-09-26,15,economy,,,10535.0,False,21:25,ok,2026-09-11T01:58:52.278912+05:30,2026-09-11_0158IST,airline_direct,IndiGo
MAA,DEL,6E,IndiGo,6E 561,2026-09-26,15,business,,,27823.0,False,22:20,ok,2026-09-11T01:58:52.278912+05:30,2026-09-11_0158IST,airline_direct,IndiGo
MAA,DEL,6E,IndiGo,6E 561,2026-09-26,15,economy,,,10535.0,False,22:20,ok,2026-09-11T01:58:52.278912+05:30,2026-09-11_0158IST,airline_direct,IndiGo
MAA,DEL,6E,IndiGo,6E 7084,2026-09-26,15,economy,,,11235.0,False,07:20,ok,2026-09-11T01:58:52.278912+05:30,2026-09-11_0158IST,airline_direct,IndiGo
MAA,DEL,6E,IndiGo,6E 973,2026-09-26,15,economy,,,11366.0,False,11:55,ok,2026-09-11T01:58:52.278912+05:30,2026-09-11_0158IST,airline_direct,IndiGo
MAA,DEL,6E,IndiGo,6E 5104,2026-09-26,15,business,,,35375.0,False,16:40,ok,2026-09-11T01:58:52.278912+05:30,2026-09-11_0158IST,airline_direct,IndiGo
MAA,DEL,6E,IndiGo,6E 5104,2026-09-26,15,economy,,,11576.0,False,16:40,ok,2026-09-11T01:58:52.278912+05:30,2026-09-11_0158IST,airline_direct,IndiGo
MAA,DEL,6E,IndiGo,6E 847,2026-09-26,15,business,,,29704.0,False,16:15,ok,2026-09-11T01:58:52.278912+05:30,2026-09-11_0158IST,airline_direct,IndiGo
MAA,DEL,6E,IndiGo,6E 847,2026-09-26,15,economy,,,12356.0,False,16:15,ok,2026-09-11T01:58:52.278912+05:30,2026-09-11_0158IST,airline_direct,IndiGo
MAA,DEL,6E,IndiGo,6E 5371,2026-09-26,15,business,,,38974.0,False,14:45,ok,2026-09-11T01:58:52.278912+05:30,2026-09-11_0158IST,airline_direct,IndiGo
MAA,DEL,6E,IndiGo,6E 5371,2026-09-26,15,economy,,,12487.0,False,14:45,ok,2026-09-11T01:58:52.278912+05:30,2026-09-11_0158IST,airline_direct,IndiGo
MAA,DEL,6E,IndiGo,6E 365,2026-09-26,15,business,,,29704.0,False,17:45,ok,2026-09-11T01:58:52.278912+05:30,2026-09-11_0158IST,airline_direct,IndiGo
MAA,DEL,6E,IndiGo,6E 365,2026-09-26,15,economy,,,13356.0,False,17:45,ok,2026-09-11T01:58:52.278912+05:30,2026-09-11_0158IST,airline_direct,IndiGo
MAA,DEL,6E,IndiGo,6E 607,2026-09-26,15,business,,,28767.0,False,04:50,ok,2026-09-11T01:58:52.278912+05:30,2026-09-11_0158IST,airline_direct,IndiGo
MAA,DEL,6E,IndiGo,6E 607,2026-09-26,15,economy,,,14373.0,False,04:50,ok,2026-09-11T01:58:52.278912+05:30,2026-09-11_0158IST,airline_direct,IndiGo
MAA,DEL,6E,IndiGo,6E 6892,2026-09-26,15,business,,,30424.0,False,10:55,ok,2026-09-11T01:58:52.278912+05:30,2026-09-11_0158IST,airline_direct,IndiGo
MAA,DEL,6E,IndiGo,6E 6892,2026-09-26,15,economy,,,14452.0,False,10:55,ok,2026-09-11T01:58:52.278912+05:30,2026-09-11_0158IST,airline_direct,IndiGo
MAA,DEL,6E,IndiGo,6E 6081,2026-09-26,15,business,,,30048.0,False,07:05,ok,2026-09-11T01:58:52.278912+05:30,2026-09-11_0158IST,airline_direct,IndiGo
MAA,DEL,6E,IndiGo,6E 6081,2026-09-26,15,economy,,,14882.0,False,07:05,ok,2026-09-11T01:58:52.278912+05:30,2026-09-11_0158IST,airline_direct,IndiGo
MAA,DEL,6E,IndiGo,6E 6081,2026-09-26,15,business,,,30048.0,False,07:05,ok,2026-09-11T01:58:52.278912+05:30,2026-09-11_0158IST,airline_direct,IndiGo
MAA,DEL,6E,IndiGo,6E 6081,2026-09-26,15,economy,,,14882.0,False,07:05,ok,2026-09-11T01:58:52.278912+05:30,2026-09-11_0158IST,airline_direct,IndiGo
MAA,DEL,6E,IndiGo,6E 6815,2026-09-26,15,business,,,30837.0,False,08:55,ok,2026-09-11T01:58:52.278912+05:30,2026-09-11_0158IST,airline_direct,IndiGo
MAA,DEL,6E,IndiGo,6E 6815,2026-09-26,15,economy,,,14994.0,False,08:55,ok,2026-09-11T01:58:52.278912+05:30,2026-09-11_0158IST,airline_direct,IndiGo
MAA,DEL,6E,IndiGo,6E 495,2026-09-26,15,business,,,27907.0,False,07:10,ok,2026-09-11T01:58:52.278912+05:30,2026-09-11_0158IST,airline_direct,IndiGo
MAA,DEL,6E,IndiGo,6E 495,2026-09-26,15,economy,,,15214.0,False,07:10,ok,2026-09-11T01:58:52.278912+05:30,2026-09-11_0158IST,airline_direct,IndiGo
MAA,DEL,6E,IndiGo,6E 495,2026-09-26,15,business,,,27907.0,False,07:10,ok,2026-09-11T01:58:52.278912+05:30,2026-09-11_0158IST,airline_direct,IndiGo
MAA,DEL,6E,IndiGo,6E 495,2026-09-26,15,economy,,,15214.0,False,07:10,ok,2026-09-11T01:58:52.278912+05:30,2026-09-11_0158IST,airline_direct,IndiGo
MAA,DEL,6E,IndiGo,6E 6892,2026-09-26,15,business,,,30424.0,False,10:55,ok,2026-09-11T01:58:52.278912+05:30,2026-09-11_0158IST,airline_direct,IndiGo
MAA,DEL,6E,IndiGo,6E 6892,2026-09-26,15,economy,,,15656.0,False,10:55,ok,2026-09-11T01:58:52.278912+05:30,2026-09-11_0158IST,airline_direct,IndiGo
MAA,DEL,6E,IndiGo,6E 834,2026-09-26,15,business,,,32461.0,False,09:05,ok,2026-09-11T01:58:52.278912+05:30,2026-09-11_0158IST,airline_direct,IndiGo
MAA,DEL,6E,IndiGo,6E 834,2026-09-26,15,economy,,,19266.0,False,09:05,ok,2026-09-11T01:58:52.278912+05:30,2026-09-11_0158IST,airline_direct,IndiGo
MAA,DEL,6E,IndiGo,6E 401,2026-09-26,15,economy,,,29403.0,False,08:10,ok,2026-09-11T01:58:52.278912+05:30,2026-09-11_0158IST,airline_direct,IndiGo
