origin,destination,carrier_code,carrier_name,flight_num,travel_date,advance_purchase_days,fare_class,base_fare,taxes_and_fees,total_fare,fare_split_estimated,departure_time,status,scraped_at,capture_run,source,source_name
DEL,BOM,6E,IndiGo,6E 449,2026-09-14,1,business,,,24260.0,False,05:00,ok,2026-09-13T01:07:24.512825+05:30,2026-09-13_0107IST,airline_direct,IndiGo
DEL,BOM,6E,IndiGo,6E 449,2026-09-14,1,economy,,,6305.0,False,05:00,ok,2026-09-13T01:07:24.512825+05:30,2026-09-13_0107IST,airline_direct,IndiGo
DEL,BOM,6E,IndiGo,6E 6218,2026-09-14,1,business,,,24260.0,False,06:05,ok,2026-09-13T01:07:24.512825+05:30,2026-09-13_0107IST,airline_direct,IndiGo
DEL,BOM,6E,IndiGo,6E 6218,2026-09-14,1,economy,,,6305.0,False,06:05,ok,2026-09-13T01:07:24.512825+05:30,2026-09-13_0107IST,airline_direct,IndiGo
DEL,BOM,6E,IndiGo,6E 6814,2026-09-14,1,business,,,33500.0,False,07:15,ok,2026-09-13T01:07:24.512825+05:30,2026-09-13_0107IST,airline_direct,IndiGo
DEL,BOM,6E,IndiGo,6E 6814,2026-09-14,1,economy,,,6305.0,False,07:15,ok,2026-09-13T01:07:24.512825+05:30,2026-09-13_0107IST,airline_direct,IndiGo
DEL,BOM,6E,IndiGo,6E 320,2026-09-14,1,business,,,28443.0,False,08:00,ok,2026-09-13T01:07:24.512825+05:30,2026-09-13_0107IST,airline_direct,IndiGo
DEL,BOM,6E,IndiGo,6E 320,2026-09-14,1,economy,,,6305.0,False,08:00,ok,2026-09-13T01:07:24.512825+05:30,2026-09-13_0107IST,airline_direct,IndiGo
DEL,BOM,6E,IndiGo,6E 675,2026-09-14,1,business,,,28443.0,False,08:45,ok,2026-09-13T01:07:24.512825+05:30,2026-09-13_0107IST,airline_direct,IndiGo
DEL,BOM,6E,IndiGo,6E 675,2026-09-14,1,economy,,,6305.0,False,08:45,ok,2026-09-13T01:07:24.512825+05:30,2026-09-13_0107IST,airline_direct,IndiGo
DEL,BOM,6E,IndiGo,6E 6107,2026-09-14,1,business,,,24260.0,False,09:30,ok,2026-09-13T01:07:24.512825+05:30,2026-09-13_0107IST,airline_direct,IndiGo
DEL,BOM,6E,IndiGo,6E 6107,2026-09-14,1,economy,,,6305.0,False,09:30,ok,2026-09-13T01:07:24.512825+05:30,2026-09-13_0107IST,airline_direct,IndiGo
DEL,BOM,6E,IndiGo,6E 6328,2026-09-14,1,business,,,24260.0,False,10:15,ok,2026-09-13T01:07:24.512825+05:30,2026-09-13_0107IST,airline_direct,IndiGo
DEL,BOM,6E,IndiGo,6E 6328,2026-09-14,1,economy,,,6305.0,False,10:15,ok,2026-09-13T01:07:24.512825+05:30,2026-09-13_0107IST,airline_direct,IndiGo
DEL,BOM,6E,IndiGo,6E 6047,2026-09-14,1,business,,,24260.0,False,11:00,ok,2026-09-13T01:07:24.512825+05:30,2026-09-13_0107IST,airline_direct,IndiGo
DEL,BOM,6E,IndiGo,6E 6047,2026-09-14,1,economy,,,6305.0,False,11:00,ok,2026-09-13T01:07:24.512825+05:30,2026-09-13_0107IST,airline_direct,IndiGo
DEL,BOM,6E,IndiGo,6E 6022,2026-09-14,1,business,,,24260.0,False,14:00,ok,2026-09-13T01:07:24.512825+05:30,2026-09-13_0107IST,airline_direct,IndiGo
DEL,BOM,6E,IndiGo,6E 6022,2026-09-14,1,economy,,,6305.0,False,14:00,ok,2026-09-13T01:07:24.512825+05:30,2026-09-13_0107IST,airline_direct,IndiGo
DEL,BOM,6E,IndiGo,6E 6318,2026-09-14,1,business,,,24260.0,False,14:45,ok,2026-09-13T01:07:24.512825+05:30,2026-09-13_0107IST,airline_direct,IndiGo
DEL,BOM,6E,IndiGo,6E 6318,2026-09-14,1,economy,,,6305.0,False,14:45,ok,2026-09-13T01:07:24.512825+05:30,2026-09-13_0107IST,airline_direct,IndiGo
DEL,BOM,6E,IndiGo,6E 6114,2026-09-14,1,business,,,24260.0,False,22:45,ok,2026-09-13T01:07:24.512825+05:30,2026-09-13_0107IST,airline_direct,IndiGo
DEL,BOM,6E,IndiGo,6E 6114,2026-09-14,1,economy,,,6305.0,False,22:45,ok,2026-09-13T01:07:24.512825+05:30,2026-09-13_0107IST,airline_direct,IndiGo
DEL,BOM,6E,IndiGo,6E 322,2026-09-14,1,business,,,24260.0,False,23:30,ok,2026-09-13T01:07:24.512825+05:30,2026-09-13_0107IST,airline_direct,IndiGo
DEL,BOM,6E,IndiGo,6E 322,2026-09-14,1,economy,,,6305.0,False,23:30,ok,2026-09-13T01:07:24.512825+05:30,2026-09-13_0107IST,airline_direct,IndiGo
DEL,BOM,6E,IndiGo,6E 6676,2026-09-14,1,business,,,28443.0,False,12:00,ok,2026-09-13T01:07:24.512825+05:30,2026-09-13_0107IST,airline_direct,IndiGo
DEL,BOM,6E,IndiGo,6E 6676,2026-09-14,1,economy,,,6357.0,False,12:00,ok,2026-09-13T01:07:24.512825+05:30,2026-09-13_0107IST,airline_direct,IndiGo
DEL,BOM,6E,IndiGo,6E 395,2026-09-14,1,business,,,24260.0,False,21:45,ok,2026-09-13T01:07:24.512825+05:30,2026-09-13_0107IST,airline_direct,IndiGo
DEL,BOM,6E,IndiGo,6E 395,2026-09-14,1,economy,,,6357.0,False,21:45,ok,2026-09-13T01:07:24.512825+05:30,2026-09-13_0107IST,airline_direct,IndiGo
DEL,BOM,6E,IndiGo,6E 324,2026-09-14,1,business,,,28443.0,False,13:00,ok,2026-09-13T01:07:24.512825+05:30,2026-09-13_0107IST,airline_direct,IndiGo
DEL,BOM,6E,IndiGo,6E 324,2026-09-14,1,economy,,,6431.0,False,13:00,ok,2026-09-13T01:07:24.512825+05:30,2026-09-13_0107IST,airline_direct,IndiGo
DEL,BOM,6E,IndiGo,6E 864,2026-09-14,1,business,,,24260.0,False,15:30,ok,2026-09-13T01:07:24.512825+05:30,2026-09-13_0107IST,airline_direct,IndiGo
DEL,BOM,6E,IndiGo,6E 864,2026-09-14,1,economy,,,6431.0,False,15:30,ok,2026-09-13T01:07:24.512825+05:30,2026-09-13_0107IST,airline_direct,IndiGo
DEL,BOM,6E,IndiGo,6E 853,2026-09-14,1,business,,,24260.0,False,20:45,ok,2026-09-13T01:07:24.512825+05:30,2026-09-13_0107IST,airline_direct,IndiGo
DEL,BOM,6E,IndiGo,6E 853,2026-09-14,1,economy,,,6431.0,False,20:45,ok,2026-09-13T01:07:24.512825+05:30,2026-09-13_0107IST,airline_direct,IndiGo
DEL,BOM,6E,IndiGo,6E 327,2026-09-14,1,business,,,24260.0,False,16:15,ok,2026-09-13T01:07:24.512825+05:30,2026-09-13_0107IST,airline_direct,IndiGo
DEL,BOM,6E,IndiGo,6E 327,2026-09-14,1,economy,,,6688.0,False,16:15,ok,2026-09-13T01:07:24.512825+05:30,2026-09-13_0107IST,airline_direct,IndiGo
DEL,BOM,6E,IndiGo,6E 303,2026-09-14,1,business,,,24260.0,False,20:00,ok,2026-09-13T01:07:24.512825+05:30,2026-09-13_0107IST,airline_direct,IndiGo
DEL,BOM,6E,IndiGo,6E 303,2026-09-14,1,economy,,,6688.0,False,20:00,ok,2026-09-13T01:07:24.512825+05:30,2026-09-13_0107IST,airline_direct,IndiGo
DEL,BOM,6E,IndiGo,6E 354,2026-09-14,1,business,,,24260.0,False,19:00,ok,2026-09-13T01:07:24.512825+05:30,2026-09-13_0107IST,airline_direct,IndiGo
DEL,BOM,6E,IndiGo,6E 354,2026-09-14,1,economy,,,7003.0,False,19:00,ok,2026-09-13T01:07:24.512825+05:30,2026-09-13_0107IST,airline_direct,IndiGo
DEL,BOM,6E,IndiGo,6E 6706,2026-09-14,1,business,,,24260.0,False,17:00,ok,2026-09-13T01:07:24.512825+05:30,2026-09-13_0107IST,airline_direct,IndiGo
DEL,BOM,6E,IndiGo,6E 6706,2026-09-14,1,economy,,,7685.0,False,17:00,ok,2026-09-13T01:07:24.512825+05:30,2026-09-13_0107IST,airline_direct,IndiGo
DEL,BOM,6E,IndiGo,6E 329,2026-09-14,1,business,,,33500.0,False,18:00,ok,2026-09-13T01:07:24.512825+05:30,2026-09-13_0107IST,airline_direct,IndiGo
DEL,BOM,6E,IndiGo,6E 329,2026-09-14,1,economy,,,9260.0,False,18:00,ok,2026-09-13T01:07:24.512825+05:30,2026-09-13_0107IST,airline_direct,IndiGo
DEL,BOM,6E,IndiGo,6E 6261,2026-09-14,1,economy,,,6618.0,False,00:15,ok,2026-09-13T01:07:24.512825+05:30,2026-09-13_0107IST,airline_direct,IndiGo
DEL,BOM,6E,IndiGo,6E 2383,2026-09-14,1,economy,,,6618.0,False,05:40,ok,2026-09-13T01:07:24.512825+05:30,2026-09-13_0107IST,airline_direct,IndiGo
DEL,BOM,6E,IndiGo,6E 6983,2026-09-14,1,economy,,,6618.0,False,15:35,ok,2026-09-13T01:07:24.512825+05:30,2026-09-13_0107IST,airline_direct,IndiGo
DEL,BOM,6E,IndiGo,6E 5073,2026-09-14,1,economy,,,6618.0,False,17:05,ok,2026-09-13T01:07:24.512825+05:30,2026-09-13_0107IST,airline_direct,IndiGo
DEL,BOM,6E,IndiGo,6E 931,2026-09-14,1,economy,,,6618.0,False,19:35,ok,2026-09-13T01:07:24.512825+05:30,2026-09-13_0107IST,airline_direct,IndiGo
DEL,BOM,6E,IndiGo,6E 2013,2026-09-14,1,economy,,,6618.0,False,21:50,ok,2026-09-13T01:07:24.512825+05:30,2026-09-13_0107IST,airline_direct,IndiGo
DEL,BOM,6E,IndiGo,6E 6569,2026-09-14,1,economy,,,6750.0,False,05:00,ok,2026-09-13T01:07:24.512825+05:30,2026-09-13_0107IST,airline_direct,IndiGo
DEL,BOM,6E,IndiGo,6E 6459,2026-09-14,1,economy,,,6750.0,False,05:55,ok,2026-09-13T01:07:24.512825+05:30,2026-09-13_0107IST,airline_direct,IndiGo
DEL,BOM,6E,IndiGo,6E 6829,2026-09-14,1,economy,,,6750.0,False,17:20,ok,2026-09-13T01:07:24.512825+05:30,2026-09-13_0107IST,airline_direct,IndiGo
DEL,BOM,6E,IndiGo,6E 5138,2026-09-14,1,economy,,,6750.0,False,19:10,ok,2026-09-13T01:07:24.512825+05:30,2026-09-13_0107IST,airline_direct,IndiGo
DEL,BOM,6E,IndiGo,6E 2169,2026-09-14,1,economy,,,6750.0,False,19:40,ok,2026-09-13T01:07:24.512825+05:30,2026-09-13_0107IST,airline_direct,IndiGo
DEL,BOM,6E,IndiGo,6E 6050,2026-09-14,1,economy,,,6828.0,False,08:15,ok,2026-09-13T01:07:24.512825+05:30,2026-09-13_0107IST,airline_direct,IndiGo
DEL,BOM,6E,IndiGo,6E 5298,2026-09-14,1,economy,,,6828.0,False,09:00,ok,2026-09-13T01:07:24.512825+05:30,2026-09-13_0107IST,airline_direct,IndiGo
DEL,BOM,6E,IndiGo,6E 5038,2026-09-14,1,economy,,,6828.0,False,14:00,ok,2026-09-13T01:07:24.512825+05:30,2026-09-13_0107IST,airline_direct,IndiGo
DEL,BOM,6E,IndiGo,6E 6479,2026-09-14,1,economy,,,6828.0,False,21:25,ok,2026-09-13T01:07:24.512825+05:30,2026-09-13_0107IST,airline_direct,IndiGo
DEL,BOM,6E,IndiGo,6E 704,2026-09-14,1,business,,,36166.0,False,02:25,ok,2026-09-13T01:07:24.512825+05:30,2026-09-13_0107IST,airline_direct,IndiGo
DEL,BOM,6E,IndiGo,6E 704,2026-09-14,1,economy,,,6960.0,False,02:25,ok,2026-09-13T01:07:24.512825+05:30,2026-09-13_0107IST,airline_direct,IndiGo
DEL,BOM,6E,IndiGo,6E 6293,2026-09-14,1,business,,,38630.0,False,09:55,ok,2026-09-13T01:07:24.512825+05:30,2026-09-13_0107IST,airline_direct,IndiGo
DEL,BOM,6E,IndiGo,6E 6293,2026-09-14,1,economy,,,6960.0,False,09:55,ok,2026-09-13T01:07:24.512825+05:30,2026-09-13_0107IST,airline_direct,IndiGo
DEL,BOM,6E,IndiGo,6E 6282,2026-09-14,1,business,,,36166.0,False,13:30,ok,2026-09-13T01:07:24.512825+05:30,2026-09-13_0107IST,airline_direct,IndiGo
DEL,BOM,6E,IndiGo,6E 6282,2026-09-14,1,economy,,,6960.0,False,13:30,ok,2026-09-13T01:07:24.512825+05:30,2026-09-13_0107IST,airline_direct,IndiGo
DEL,BOM,6E,IndiGo,6E 6497,2026-09-14,1,economy,,,6960.0,False,18:40,ok,2026-09-13T01:07:24.512825+05:30,2026-09-13_0107IST,airline_direct,IndiGo
DEL,BOM,6E,IndiGo,6E 2298,2026-09-14,1,economy,,,7142.0,False,09:45,ok,2026-09-13T01:07:24.512825+05:30,2026-09-13_0107IST,airline_direct,IndiGo
DEL,BOM,6E,IndiGo,6E 5033,2026-09-14,1,economy,,,7142.0,False,15:50,ok,2026-09-13T01:07:24.512825+05:30,2026-09-13_0107IST,airline_direct,IndiGo
DEL,BOM,6E,IndiGo,6E 6443,2026-09-14,1,economy,,,7849.0,False,09:00,ok,2026-09-13T01:07:24.512825+05:30,2026-09-13_0107IST,airline_direct,IndiGo
DEL,BOM,6E,IndiGo,6E 6829,2026-09-14,1,economy,,,7849.0,False,17:20,ok,2026-09-13T01:07:24.512825+05:30,2026-09-13_0107IST,airline_direct,IndiGo
DEL,BOM,6E,IndiGo,6E 5206,2026-09-14,1,economy,,,7928.0,False,13:20,ok,2026-09-13T01:07:24.512825+05:30,2026-09-13_0107IST,airline_direct,IndiGo
DEL,BOM,6E,IndiGo,6E 2341,2026-09-14,1,economy,,,8351.0,False,14:50,ok,2026-09-13T01:07:24.512825+05:30,2026-09-13_0107IST,airline_direct,IndiGo
DEL,BOM,6E,IndiGo,6E 5014,2026-09-14,1,economy,,,8351.0,False,18:30,ok,2026-09-13T01:07:24.512825+05:30,2026-09-13_0107IST,airline_direct,IndiGo
DEL,BOM,6E,IndiGo,6E 2151,2026-09-14,1,economy,,,8561.0,False,19:45,ok,2026-09-13T01:07:24.512825+05:30,2026-09-13_0107IST,airline_direct,IndiGo
DEL,BOM,6E,IndiGo,6E 2076,2026-09-14,1,economy,,,9047.0,False,07:30,ok,2026-09-13T01:07:24.512825+05:30,2026-09-13_0107IST,airline_direct,IndiGo
DEL,BOM,6E,IndiGo,6E 357,2026-09-14,1,economy,,,9467.0,False,19:30,ok,2026-09-13T01:07:24.512825+05:30,2026-09-13_0107IST,airline_direct,IndiGo
DEL,BOM,6E,IndiGo,6E 5119,2026-09-14,1,economy,,,10057.0,False,05:10,ok,2026-09-13T01:07:24.512825+05:30,2026-09-13_0107IST,airline_direct,IndiGo
DEL,BOM,6E,IndiGo,6E 2381,2026-09-14,1,economy,,,10994.0,False,13:45,ok,2026-09-13T01:07:24.512825+05:30,2026-09-13_0107IST,airline_direct,IndiGo
DEL,BOM,6E,IndiGo,6E 5119,2026-09-14,1,economy,,,11057.0,False,05:10,ok,2026-09-13T01:07:24.512825+05:30,2026-09-13_0107IST,airline_direct,IndiGo
DEL,BOM,6E,IndiGo,6E 6488,2026-09-14,1,economy,,,11708.0,False,11:20,ok,2026-09-13T01:07:24.512825+05:30,2026-09-13_0107IST,airline_direct,IndiGo
DEL,BOM,6E,IndiGo,6E 2331,2026-09-14,1,economy,,,12162.0,False,12:20,ok,2026-09-13T01:07:24.512825+05:30,2026-09-13_0107IST,airline_direct,IndiGo
DEL,BOM,6E,IndiGo,6E 5073,2026-09-14,1,economy,,,12593.0,False,17:05,ok,2026-09-13T01:07:24.512825+05:30,2026-09-13_0107IST,airline_direct,IndiGo
DEL,BOM,6E,IndiGo,6E 6433,2026-09-14,1,economy,,,12724.0,False,16:30,ok,2026-09-13T01:07:24.512825+05:30,2026-09-13_0107IST,airline_direct,IndiGo
DEL,BOM,6E,IndiGo,6E 2249,2026-09-14,1,economy,,,13712.0,False,15:00,ok,2026-09-13T01:07:24.512825+05:30,2026-09-13_0107IST,airline_direct,IndiGo
DEL,BOM,6E,IndiGo,6E 882,2026-09-14,1,business,,,30772.0,False,23:15,ok,2026-09-13T01:07:24.512825+05:30,2026-09-13_0107IST,airline_direct,IndiGo
DEL,BOM,6E,IndiGo,6E 882,2026-09-14,1,economy,,,13859.0,False,23:15,ok,2026-09-13T01:07:24.512825+05:30,2026-09-13_0107IST,airline_direct,IndiGo
DEL,BOM,6E,IndiGo,6E 705,2026-09-14,1,business,,,36166.0,False,08:30,ok,2026-09-13T01:07:24.512825+05:30,2026-09-13_0107IST,airline_direct,IndiGo
DEL,BOM,6E,IndiGo,6E 705,2026-09-14,1,economy,,,14440.0,False,08:30,ok,2026-09-13T01:07:24.512825+05:30,2026-09-13_0107IST,airline_direct,IndiGo
DEL,BOM,6E,IndiGo,6E 6601,2026-09-14,1,business,,,36166.0,False,19:45,ok,2026-09-13T01:07:24.512825+05:30,2026-09-13_0107IST,airline_direct,IndiGo
DEL,BOM,6E,IndiGo,6E 6601,2026-09-14,1,economy,,,15595.0,False,19:45,ok,2026-09-13T01:07:24.512825+05:30,2026-09-13_0107IST,airline_direct,IndiGo
DEL,BOM,6E,IndiGo,6E 717,2026-09-14,1,business,,,36166.0,False,17:55,ok,2026-09-13T01:07:24.512825+05:30,2026-09-13_0107IST,airline_direct,IndiGo
DEL,BOM,6E,IndiGo,6E 717,2026-09-14,1,economy,,,16352.0,False,17:55,ok,2026-09-13T01:07:24.512825+05:30,2026-09-13_0107IST,airline_direct,IndiGo
DEL,BOM,6E,IndiGo,6E 6282,2026-09-14,1,business,,,36166.0,False,13:30,ok,2026-09-13T01:07:24.512825+05:30,2026-09-13_0107IST,airline_direct,IndiGo
DEL,BOM,6E,IndiGo,6E 6282,2026-09-14,1,economy,,,16629.0,False,13:30,ok,2026-09-13T01:07:24.512825+05:30,2026-09-13_0107IST,airline_direct,IndiGo
DEL,BOM,6E,IndiGo,6E 6212,2026-09-14,1,business,,,36166.0,False,14:45,ok,2026-09-13T01:07:24.512825+05:30,2026-09-13_0107IST,airline_direct,IndiGo
DEL,BOM,6E,IndiGo,6E 6212,2026-09-14,1,economy,,,16629.0,False,14:45,ok,2026-09-13T01:07:24.512825+05:30,2026-09-13_0107IST,airline_direct,IndiGo
DEL,BOM,6E,IndiGo,6E 358,2026-09-14,1,economy,,,19682.0,False,12:15,ok,2026-09-13T01:07:24.512825+05:30,2026-09-13_0107IST,airline_direct,IndiGo
DEL,BLR,6E,IndiGo,6E 820,2026-09-14,1,business,,,29942.0,False,03:00,ok,2026-09-13T01:08:29.035718+05:30,2026-09-13_0108IST,airline_direct,IndiGo
DEL,BLR,6E,IndiGo,6E 820,2026-09-14,1,economy,,,9613.0,False,03:00,ok,2026-09-13T01:08:29.035718+05:30,2026-09-13_0108IST,airline_direct,IndiGo
DEL,BLR,6E,IndiGo,6E 2314,2026-09-14,1,business,,,29942.0,False,05:45,ok,2026-09-13T01:08:29.035718+05:30,2026-09-13_0108IST,airline_direct,IndiGo
DEL,BLR,6E,IndiGo,6E 2314,2026-09-14,1,economy,,,9613.0,False,05:45,ok,2026-09-13T01:08:29.035718+05:30,2026-09-13_0108IST,airline_direct,IndiGo
DEL,BLR,6E,IndiGo,6E 810,2026-09-14,1,business,,,29942.0,False,07:05,ok,2026-09-13T01:08:29.035718+05:30,2026-09-13_0108IST,airline_direct,IndiGo
DEL,BLR,6E,IndiGo,6E 810,2026-09-14,1,economy,,,9613.0,False,07:05,ok,2026-09-13T01:08:29.035718+05:30,2026-09-13_0108IST,airline_direct,IndiGo
DEL,BLR,6E,IndiGo,6E 873,2026-09-14,1,business,,,29942.0,False,08:20,ok,2026-09-13T01:08:29.035718+05:30,2026-09-13_0108IST,airline_direct,IndiGo
DEL,BLR,6E,IndiGo,6E 873,2026-09-14,1,economy,,,11257.0,False,08:20,ok,2026-09-13T01:08:29.035718+05:30,2026-09-13_0108IST,airline_direct,IndiGo
DEL,BLR,6E,IndiGo,6E 842,2026-09-14,1,business,,,29942.0,False,10:45,ok,2026-09-13T01:08:29.035718+05:30,2026-09-13_0108IST,airline_direct,IndiGo
DEL,BLR,6E,IndiGo,6E 842,2026-09-14,1,economy,,,11257.0,False,10:45,ok,2026-09-13T01:08:29.035718+05:30,2026-09-13_0108IST,airline_direct,IndiGo
DEL,BLR,6E,IndiGo,6E 826,2026-09-14,1,business,,,29942.0,False,09:30,ok,2026-09-13T01:08:29.035718+05:30,2026-09-13_0108IST,airline_direct,IndiGo
DEL,BLR,6E,IndiGo,6E 826,2026-09-14,1,economy,,,11873.0,False,09:30,ok,2026-09-13T01:08:29.035718+05:30,2026-09-13_0108IST,airline_direct,IndiGo
DEL,BLR,6E,IndiGo,6E 850,2026-09-14,1,business,,,29942.0,False,12:20,ok,2026-09-13T01:08:29.035718+05:30,2026-09-13_0108IST,airline_direct,IndiGo
DEL,BLR,6E,IndiGo,6E 850,2026-09-14,1,economy,,,12529.0,False,12:20,ok,2026-09-13T01:08:29.035718+05:30,2026-09-13_0108IST,airline_direct,IndiGo
DEL,BLR,6E,IndiGo,6E 6515,2026-09-14,1,business,,,29942.0,False,20:45,ok,2026-09-13T01:08:29.035718+05:30,2026-09-13_0108IST,airline_direct,IndiGo
DEL,BLR,6E,IndiGo,6E 6515,2026-09-14,1,economy,,,12529.0,False,20:45,ok,2026-09-13T01:08:29.035718+05:30,2026-09-13_0108IST,airline_direct,IndiGo
DEL,BLR,6E,IndiGo,6E 871,2026-09-14,1,business,,,29942.0,False,23:30,ok,2026-09-13T01:08:29.035718+05:30,2026-09-13_0108IST,airline_direct,IndiGo
DEL,BLR,6E,IndiGo,6E 871,2026-09-14,1,economy,,,12529.0,False,23:30,ok,2026-09-13T01:08:29.035718+05:30,2026-09-13_0108IST,airline_direct,IndiGo
DEL,BLR,6E,IndiGo,6E 846,2026-09-14,1,business,,,29942.0,False,22:00,ok,2026-09-13T01:08:29.035718+05:30,2026-09-13_0108IST,airline_direct,IndiGo
DEL,BLR,6E,IndiGo,6E 846,2026-09-14,1,economy,,,13225.0,False,22:00,ok,2026-09-13T01:08:29.035718+05:30,2026-09-13_0108IST,airline_direct,IndiGo
DEL,BLR,6E,IndiGo,6E 176,2026-09-14,1,business,,,29942.0,False,13:15,ok,2026-09-13T01:08:29.035718+05:30,2026-09-13_0108IST,airline_direct,IndiGo
DEL,BLR,6E,IndiGo,6E 176,2026-09-14,1,economy,,,13964.0,False,13:15,ok,2026-09-13T01:08:29.035718+05:30,2026-09-13_0108IST,airline_direct,IndiGo
DEL,BLR,6E,IndiGo,6E 828,2026-09-14,1,business,,,29942.0,False,14:30,ok,2026-09-13T01:08:29.035718+05:30,2026-09-13_0108IST,airline_direct,IndiGo
DEL,BLR,6E,IndiGo,6E 828,2026-09-14,1,economy,,,13964.0,False,14:30,ok,2026-09-13T01:08:29.035718+05:30,2026-09-13_0108IST,airline_direct,IndiGo
DEL,BLR,6E,IndiGo,6E 837,2026-09-14,1,business,,,29942.0,False,17:00,ok,2026-09-13T01:08:29.035718+05:30,2026-09-13_0108IST,airline_direct,IndiGo
DEL,BLR,6E,IndiGo,6E 837,2026-09-14,1,economy,,,13964.0,False,17:00,ok,2026-09-13T01:08:29.035718+05:30,2026-09-13_0108IST,airline_direct,IndiGo
DEL,BLR,6E,IndiGo,6E 811,2026-09-14,1,business,,,29942.0,False,18:20,ok,2026-09-13T01:08:29.035718+05:30,2026-09-13_0108IST,airline_direct,IndiGo
DEL,BLR,6E,IndiGo,6E 811,2026-09-14,1,economy,,,13964.0,False,18:20,ok,2026-09-13T01:08:29.035718+05:30,2026-09-13_0108IST,airline_direct,IndiGo
DEL,BLR,6E,IndiGo,6E 880,2026-09-14,1,business,,,31228.0,False,15:45,ok,2026-09-13T01:08:29.035718+05:30,2026-09-13_0108IST,airline_direct,IndiGo
DEL,BLR,6E,IndiGo,6E 880,2026-09-14,1,economy,,,14750.0,False,15:45,ok,2026-09-13T01:08:29.035718+05:30,2026-09-13_0108IST,airline_direct,IndiGo
DEL,BLR,6E,IndiGo,6E 861,2026-09-14,1,business,,,29942.0,False,19:30,ok,2026-09-13T01:08:29.035718+05:30,2026-09-13_0108IST,airline_direct,IndiGo
DEL,BLR,6E,IndiGo,6E 861,2026-09-14,1,economy,,,14750.0,False,19:30,ok,2026-09-13T01:08:29.035718+05:30,2026-09-13_0108IST,airline_direct,IndiGo
DEL,BLR,6E,IndiGo,6E 704,2026-09-14,1,business,,,27551.0,False,02:25,ok,2026-09-13T01:08:29.035718+05:30,2026-09-13_0108IST,airline_direct,IndiGo
DEL,BLR,6E,IndiGo,6E 704,2026-09-14,1,economy,,,9946.0,False,02:25,ok,2026-09-13T01:08:29.035718+05:30,2026-09-13_0108IST,airline_direct,IndiGo
DEL,BLR,6E,IndiGo,6E 6293,2026-09-14,1,business,,,31793.0,False,09:55,ok,2026-09-13T01:08:29.035718+05:30,2026-09-13_0108IST,airline_direct,IndiGo
DEL,BLR,6E,IndiGo,6E 6293,2026-09-14,1,economy,,,9946.0,False,09:55,ok,2026-09-13T01:08:29.035718+05:30,2026-09-13_0108IST,airline_direct,IndiGo
DEL,BLR,6E,IndiGo,6E 884,2026-09-14,1,business,,,32599.0,False,11:45,ok,2026-09-13T01:08:29.035718+05:30,2026-09-13_0108IST,airline_direct,IndiGo
DEL,BLR,6E,IndiGo,6E 884,2026-09-14,1,economy,,,9946.0,False,11:45,ok,2026-09-13T01:08:29.035718+05:30,2026-09-13_0108IST,airline_direct,IndiGo
DEL,BLR,6E,IndiGo,6E 6282,2026-09-14,1,business,,,32599.0,False,13:30,ok,2026-09-13T01:08:29.035718+05:30,2026-09-13_0108IST,airline_direct,IndiGo
DEL,BLR,6E,IndiGo,6E 6282,2026-09-14,1,economy,,,9946.0,False,13:30,ok,2026-09-13T01:08:29.035718+05:30,2026-09-13_0108IST,airline_direct,IndiGo
DEL,BLR,6E,IndiGo,6E 2343,2026-09-14,1,business,,,26816.0,False,02:20,ok,2026-09-13T01:08:29.035718+05:30,2026-09-13_0108IST,airline_direct,IndiGo
DEL,BLR,6E,IndiGo,6E 2343,2026-09-14,1,economy,,,10077.0,False,02:20,ok,2026-09-13T01:08:29.035718+05:30,2026-09-13_0108IST,airline_direct,IndiGo
DEL,BLR,6E,IndiGo,6E 6459,2026-09-14,1,economy,,,10077.0,False,05:55,ok,2026-09-13T01:08:29.035718+05:30,2026-09-13_0108IST,airline_direct,IndiGo
DEL,BLR,6E,IndiGo,6E 6470,2026-09-14,1,economy,,,10077.0,False,06:55,ok,2026-09-13T01:08:29.035718+05:30,2026-09-13_0108IST,airline_direct,IndiGo
DEL,BLR,6E,IndiGo,6E 320,2026-09-14,1,business,,,44135.0,False,08:00,ok,2026-09-13T01:08:29.035718+05:30,2026-09-13_0108IST,airline_direct,IndiGo
DEL,BLR,6E,IndiGo,6E 320,2026-09-14,1,economy,,,10077.0,False,08:00,ok,2026-09-13T01:08:29.035718+05:30,2026-09-13_0108IST,airline_direct,IndiGo
DEL,BLR,6E,IndiGo,6E 734,2026-09-14,1,economy,,,10077.0,False,16:20,ok,2026-09-13T01:08:29.035718+05:30,2026-09-13_0108IST,airline_direct,IndiGo
DEL,BLR,6E,IndiGo,6E 5073,2026-09-14,1,economy,,,10077.0,False,17:05,ok,2026-09-13T01:08:29.035718+05:30,2026-09-13_0108IST,airline_direct,IndiGo
DEL,BLR,6E,IndiGo,6E 329,2026-09-14,1,business,,,47911.0,False,18:00,ok,2026-09-13T01:08:29.035718+05:30,2026-09-13_0108IST,airline_direct,IndiGo
DEL,BLR,6E,IndiGo,6E 329,2026-09-14,1,economy,,,10077.0,False,18:00,ok,2026-09-13T01:08:29.035718+05:30,2026-09-13_0108IST,airline_direct,IndiGo
DEL,BLR,6E,IndiGo,6E 931,2026-09-14,1,economy,,,10077.0,False,19:35,ok,2026-09-13T01:08:29.035718+05:30,2026-09-13_0108IST,airline_direct,IndiGo
DEL,BLR,6E,IndiGo,6E 6673,2026-09-14,1,business,,,26816.0,False,21:15,ok,2026-09-13T01:08:29.035718+05:30,2026-09-13_0108IST,airline_direct,IndiGo
DEL,BLR,6E,IndiGo,6E 6673,2026-09-14,1,economy,,,10077.0,False,21:15,ok,2026-09-13T01:08:29.035718+05:30,2026-09-13_0108IST,airline_direct,IndiGo
DEL,BLR,6E,IndiGo,6E 940,2026-09-14,1,business,,,31670.0,False,09:15,ok,2026-09-13T01:08:29.035718+05:30,2026-09-13_0108IST,airline_direct,IndiGo
DEL,BLR,6E,IndiGo,6E 940,2026-09-14,1,economy,,,10156.0,False,09:15,ok,2026-09-13T01:08:29.035718+05:30,2026-09-13_0108IST,airline_direct,IndiGo
DEL,BLR,6E,IndiGo,6E 434,2026-09-14,1,business,,,31327.0,False,11:00,ok,2026-09-13T01:08:29.035718+05:30,2026-09-13_0108IST,airline_direct,IndiGo
DEL,BLR,6E,IndiGo,6E 434,2026-09-14,1,economy,,,10156.0,False,11:00,ok,2026-09-13T01:08:29.035718+05:30,2026-09-13_0108IST,airline_direct,IndiGo
DEL,BLR,6E,IndiGo,6E 2151,2026-09-14,1,economy,,,10156.0,False,19:45,ok,2026-09-13T01:08:29.035718+05:30,2026-09-13_0108IST,airline_direct,IndiGo
DEL,BLR,6E,IndiGo,6E 6497,2026-09-14,1,economy,,,10287.0,False,18:40,ok,2026-09-13T01:08:29.035718+05:30,2026-09-13_0108IST,airline_direct,IndiGo
DEL,BLR,6E,IndiGo,6E 5191,2026-09-14,1,business,,,37004.0,False,05:00,ok,2026-09-13T01:08:29.035718+05:30,2026-09-13_0108IST,airline_direct,IndiGo
DEL,BLR,6E,IndiGo,6E 5191,2026-09-14,1,economy,,,10497.0,False,05:00,ok,2026-09-13T01:08:29.035718+05:30,2026-09-13_0108IST,airline_direct,IndiGo
DEL,BLR,6E,IndiGo,6E 6217,2026-09-14,1,business,,,33488.0,False,16:15,ok,2026-09-13T01:08:29.035718+05:30,2026-09-13_0108IST,airline_direct,IndiGo
DEL,BLR,6E,IndiGo,6E 6217,2026-09-14,1,economy,,,10720.0,False,16:15,ok,2026-09-13T01:08:29.035718+05:30,2026-09-13_0108IST,airline_direct,IndiGo
DEL,BLR,6E,IndiGo,6E 5038,2026-09-14,1,economy,,,10930.0,False,14:00,ok,2026-09-13T01:08:29.035718+05:30,2026-09-13_0108IST,airline_direct,IndiGo
DEL,BLR,6E,IndiGo,6E 2364,2026-09-14,1,economy,,,11087.0,False,04:50,ok,2026-09-13T01:08:29.035718+05:30,2026-09-13_0108IST,airline_direct,IndiGo
DEL,BLR,6E,IndiGo,6E 5001,2026-09-14,1,economy,,,11087.0,False,17:10,ok,2026-09-13T01:08:29.035718+05:30,2026-09-13_0108IST,airline_direct,IndiGo
DEL,BLR,6E,IndiGo,6E 2618,2026-09-14,1,business,,,27386.0,False,23:00,ok,2026-09-13T01:08:29.035718+05:30,2026-09-13_0108IST,airline_direct,IndiGo
DEL,BLR,6E,IndiGo,6E 2618,2026-09-14,1,economy,,,11725.0,False,23:00,ok,2026-09-13T01:08:29.035718+05:30,2026-09-13_0108IST,airline_direct,IndiGo
DEL,BLR,6E,IndiGo,6E 6437,2026-09-14,1,business,,,26816.0,False,16:25,ok,2026-09-13T01:08:29.035718+05:30,2026-09-13_0108IST,airline_direct,IndiGo
DEL,BLR,6E,IndiGo,6E 6437,2026-09-14,1,economy,,,12620.0,False,16:25,ok,2026-09-13T01:08:29.035718+05:30,2026-09-13_0108IST,airline_direct,IndiGo
DEL,BLR,6E,IndiGo,6E 5033,2026-09-14,1,economy,,,12699.0,False,15:50,ok,2026-09-13T01:08:29.035718+05:30,2026-09-13_0108IST,airline_direct,IndiGo
DEL,BLR,6E,IndiGo,6E 5119,2026-09-14,1,economy,,,12734.0,False,05:10,ok,2026-09-13T01:08:29.035718+05:30,2026-09-13_0108IST,airline_direct,IndiGo
DEL,BLR,6E,IndiGo,6E 853,2026-09-14,1,business,,,40536.0,False,20:45,ok,2026-09-13T01:08:29.035718+05:30,2026-09-13_0108IST,airline_direct,IndiGo
DEL,BLR,6E,IndiGo,6E 853,2026-09-14,1,economy,,,13121.0,False,20:45,ok,2026-09-13T01:08:29.035718+05:30,2026-09-13_0108IST,airline_direct,IndiGo
DEL,BLR,6E,IndiGo,6E 950,2026-09-14,1,business,,,33230.0,False,18:15,ok,2026-09-13T01:08:29.035718+05:30,2026-09-13_0108IST,airline_direct,IndiGo
DEL,BLR,6E,IndiGo,6E 950,2026-09-14,1,economy,,,13177.0,False,18:15,ok,2026-09-13T01:08:29.035718+05:30,2026-09-13_0108IST,airline_direct,IndiGo
DEL,BLR,6E,IndiGo,6E 2349,2026-09-14,1,economy,,,13580.0,False,10:55,ok,2026-09-13T01:08:29.035718+05:30,2026-09-13_0108IST,airline_direct,IndiGo
DEL,BLR,6E,IndiGo,6E 947,2026-09-14,1,business,,,31327.0,False,16:40,ok,2026-09-13T01:08:29.035718+05:30,2026-09-13_0108IST,airline_direct,IndiGo
DEL,BLR,6E,IndiGo,6E 947,2026-09-14,1,economy,,,13617.0,False,16:40,ok,2026-09-13T01:08:29.035718+05:30,2026-09-13_0108IST,airline_direct,IndiGo
DEL,BLR,6E,IndiGo,6E 6022,2026-09-14,1,business,,,44106.0,False,14:00,ok,2026-09-13T01:08:29.035718+05:30,2026-09-13_0108IST,airline_direct,IndiGo
DEL,BLR,6E,IndiGo,6E 6022,2026-09-14,1,economy,,,13631.0,False,14:00,ok,2026-09-13T01:08:29.035718+05:30,2026-09-13_0108IST,airline_direct,IndiGo
DEL,BLR,6E,IndiGo,6E 6706,2026-09-14,1,business,,,40536.0,False,17:00,ok,2026-09-13T01:08:29.035718+05:30,2026-09-13_0108IST,airline_direct,IndiGo
DEL,BLR,6E,IndiGo,6E 6706,2026-09-14,1,economy,,,13631.0,False,17:00,ok,2026-09-13T01:08:29.035718+05:30,2026-09-13_0108IST,airline_direct,IndiGo
DEL,BLR,6E,IndiGo,6E 2557,2026-09-14,1,economy,,,14734.0,False,15:20,ok,2026-09-13T01:08:29.035718+05:30,2026-09-13_0108IST,airline_direct,IndiGo
DEL,BLR,6E,IndiGo,6E 6091,2026-09-14,1,business,,,33411.0,False,15:15,ok,2026-09-13T01:08:29.035718+05:30,2026-09-13_0108IST,airline_direct,IndiGo
DEL,BLR,6E,IndiGo,6E 6091,2026-09-14,1,economy,,,15471.0,False,15:15,ok,2026-09-13T01:08:29.035718+05:30,2026-09-13_0108IST,airline_direct,IndiGo
DEL,BLR,6E,IndiGo,6E 6476,2026-09-14,1,economy,,,16019.0,False,07:05,ok,2026-09-13T01:08:29.035718+05:30,2026-09-13_0108IST,airline_direct,IndiGo
DEL,BLR,6E,IndiGo,6E 6115,2026-09-14,1,business,,,32047.0,False,13:10,ok,2026-09-13T01:08:29.035718+05:30,2026-09-13_0108IST,airline_direct,IndiGo
DEL,BLR,6E,IndiGo,6E 6115,2026-09-14,1,economy,,,16274.0,False,13:10,ok,2026-09-13T01:08:29.035718+05:30,2026-09-13_0108IST,airline_direct,IndiGo
DEL,BLR,6E,IndiGo,6E 329,2026-09-14,1,business,,,47911.0,False,18:00,ok,2026-09-13T01:08:29.035718+05:30,2026-09-13_0108IST,airline_direct,IndiGo
DEL,BLR,6E,IndiGo,6E 329,2026-09-14,1,economy,,,16525.0,False,18:00,ok,2026-09-13T01:08:29.035718+05:30,2026-09-13_0108IST,airline_direct,IndiGo
DEL,BLR,6E,IndiGo,6E 6632,2026-09-14,1,economy,,,16747.0,False,17:50,ok,2026-09-13T01:08:29.035718+05:30,2026-09-13_0108IST,airline_direct,IndiGo
DEL,BLR,6E,IndiGo,6E 6433,2026-09-14,1,economy,,,17048.0,False,16:30,ok,2026-09-13T01:08:29.035718+05:30,2026-09-13_0108IST,airline_direct,IndiGo
DEL,BLR,6E,IndiGo,6E 6829,2026-09-14,1,economy,,,17258.0,False,17:20,ok,2026-09-13T01:08:29.035718+05:30,2026-09-13_0108IST,airline_direct,IndiGo
DEL,BLR,6E,IndiGo,6E 2277,2026-09-14,1,economy,,,18262.0,False,10:25,ok,2026-09-13T01:08:29.035718+05:30,2026-09-13_0108IST,airline_direct,IndiGo
DEL,BLR,6E,IndiGo,6E 717,2026-09-14,1,business,,,33488.0,False,17:55,ok,2026-09-13T01:08:29.035718+05:30,2026-09-13_0108IST,airline_direct,IndiGo
DEL,BLR,6E,IndiGo,6E 717,2026-09-14,1,economy,,,18460.0,False,17:55,ok,2026-09-13T01:08:29.035718+05:30,2026-09-13_0108IST,airline_direct,IndiGo
DEL,BLR,6E,IndiGo,6E 6212,2026-09-14,1,business,,,34468.0,False,14:45,ok,2026-09-13T01:08:29.035718+05:30,2026-09-13_0108IST,airline_direct,IndiGo
DEL,BLR,6E,IndiGo,6E 6212,2026-09-14,1,economy,,,18568.0,False,14:45,ok,2026-09-13T01:08:29.035718+05:30,2026-09-13_0108IST,airline_direct,IndiGo
DEL,BLR,6E,IndiGo,6E 513,2026-09-14,1,business,,,37830.0,False,08:30,ok,2026-09-13T01:08:29.035718+05:30,2026-09-13_0108IST,airline_direct,IndiGo
DEL,BLR,6E,IndiGo,6E 513,2026-09-14,1,economy,,,19119.0,False,08:30,ok,2026-09-13T01:08:29.035718+05:30,2026-09-13_0108IST,airline_direct,IndiGo
BOM,BLR,6E,IndiGo,6E 5323,2026-09-14,1,business,,,22488.0,False,01:10,ok,2026-09-13T01:09:37.723964+05:30,2026-09-13_0109IST,airline_direct,IndiGo
BOM,BLR,6E,IndiGo,6E 5323,2026-09-14,1,economy,,,4893.0,False,01:10,ok,2026-09-13T01:09:37.723964+05:30,2026-09-13_0109IST,airline_direct,IndiGo
BOM,BLR,6E,IndiGo,6E 5294,2026-09-14,1,business,,,22488.0,False,04:30,ok,2026-09-13T01:09:37.723964+05:30,2026-09-13_0109IST,airline_direct,IndiGo
BOM,BLR,6E,IndiGo,6E 5294,2026-09-14,1,economy,,,5273.0,False,04:30,ok,2026-09-13T01:09:37.723964+05:30,2026-09-13_0109IST,airline_direct,IndiGo
BOM,BLR,6E,IndiGo,6E 5296,2026-09-14,1,business,,,22488.0,False,06:30,ok,2026-09-13T01:09:37.723964+05:30,2026-09-13_0109IST,airline_direct,IndiGo
BOM,BLR,6E,IndiGo,6E 5296,2026-09-14,1,economy,,,6747.0,False,06:30,ok,2026-09-13T01:09:37.723964+05:30,2026-09-13_0109IST,airline_direct,IndiGo
BOM,BLR,6E,IndiGo,6E 5193,2026-09-14,1,economy,,,6747.0,False,08:05,ok,2026-09-13T01:09:37.723964+05:30,2026-09-13_0109IST,airline_direct,IndiGo
BOM,BLR,6E,IndiGo,6E 5092,2026-09-14,1,business,,,22488.0,False,09:50,ok,2026-09-13T01:09:37.723964+05:30,2026-09-13_0109IST,airline_direct,IndiGo
BOM,BLR,6E,IndiGo,6E 5092,2026-09-14,1,economy,,,6747.0,False,09:50,ok,2026-09-13T01:09:37.723964+05:30,2026-09-13_0109IST,airline_direct,IndiGo
BOM,BLR,6E,IndiGo,6E 5217,2026-09-14,1,business,,,22488.0,False,11:00,ok,2026-09-13T01:09:37.723964+05:30,2026-09-13_0109IST,airline_direct,IndiGo
BOM,BLR,6E,IndiGo,6E 5217,2026-09-14,1,economy,,,6747.0,False,11:00,ok,2026-09-13T01:09:37.723964+05:30,2026-09-13_0109IST,airline_direct,IndiGo
BOM,BLR,6E,IndiGo,6E 5388,2026-09-14,1,business,,,22488.0,False,22:20,ok,2026-09-13T01:09:37.723964+05:30,2026-09-13_0109IST,airline_direct,IndiGo
BOM,BLR,6E,IndiGo,6E 5388,2026-09-14,1,economy,,,6747.0,False,22:20,ok,2026-09-13T01:09:37.723964+05:30,2026-09-13_0109IST,airline_direct,IndiGo
BOM,BLR,6E,IndiGo,6E 5382,2026-09-14,1,business,,,22488.0,False,14:30,ok,2026-09-13T01:09:37.723964+05:30,2026-09-13_0109IST,airline_direct,IndiGo
BOM,BLR,6E,IndiGo,6E 5382,2026-09-14,1,economy,,,7062.0,False,14:30,ok,2026-09-13T01:09:37.723964+05:30,2026-09-13_0109IST,airline_direct,IndiGo
BOM,BLR,6E,IndiGo,6E 6188,2026-09-14,1,business,,,22488.0,False,21:30,ok,2026-09-13T01:09:37.723964+05:30,2026-09-13_0109IST,airline_direct,IndiGo
BOM,BLR,6E,IndiGo,6E 6188,2026-09-14,1,economy,,,7062.0,False,21:30,ok,2026-09-13T01:09:37.723964+05:30,2026-09-13_0109IST,airline_direct,IndiGo
BOM,BLR,6E,IndiGo,6E 5184,2026-09-14,1,business,,,22488.0,False,12:30,ok,2026-09-13T01:09:37.723964+05:30,2026-09-13_0109IST,airline_direct,IndiGo
BOM,BLR,6E,IndiGo,6E 5184,2026-09-14,1,economy,,,7377.0,False,12:30,ok,2026-09-13T01:09:37.723964+05:30,2026-09-13_0109IST,airline_direct,IndiGo
BOM,BLR,6E,IndiGo,6E 5221,2026-09-14,1,business,,,22488.0,False,17:00,ok,2026-09-13T01:09:37.723964+05:30,2026-09-13_0109IST,airline_direct,IndiGo
BOM,BLR,6E,IndiGo,6E 5221,2026-09-14,1,economy,,,7797.0,False,17:00,ok,2026-09-13T01:09:37.723964+05:30,2026-09-13_0109IST,airline_direct,IndiGo
BOM,BLR,6E,IndiGo,6E 5047,2026-09-14,1,business,,,26688.0,False,18:30,ok,2026-09-13T01:09:37.723964+05:30,2026-09-13_0109IST,airline_direct,IndiGo
BOM,BLR,6E,IndiGo,6E 5047,2026-09-14,1,economy,,,8217.0,False,18:30,ok,2026-09-13T01:09:37.723964+05:30,2026-09-13_0109IST,airline_direct,IndiGo
BOM,BLR,6E,IndiGo,6E 6187,2026-09-14,1,economy,,,7374.0,False,00:30,ok,2026-09-13T01:09:37.723964+05:30,2026-09-13_0109IST,airline_direct,IndiGo
BOM,BLR,6E,IndiGo,6E 5318,2026-09-14,1,business,,,28738.0,False,10:15,ok,2026-09-13T01:09:37.723964+05:30,2026-09-13_0109IST,airline_direct,IndiGo
BOM,BLR,6E,IndiGo,6E 5318,2026-09-14,1,economy,,,7374.0,False,10:15,ok,2026-09-13T01:09:37.723964+05:30,2026-09-13_0109IST,airline_direct,IndiGo
BOM,BLR,6E,IndiGo,6E 5318,2026-09-14,1,business,,,29543.0,False,10:15,ok,2026-09-13T01:09:37.723964+05:30,2026-09-13_0109IST,airline_direct,IndiGo
BOM,BLR,6E,IndiGo,6E 5318,2026-09-14,1,economy,,,7374.0,False,10:15,ok,2026-09-13T01:09:37.723964+05:30,2026-09-13_0109IST,airline_direct,IndiGo
BOM,BLR,6E,IndiGo,6E 5178,2026-09-14,1,business,,,27453.0,False,11:45,ok,2026-09-13T01:09:37.723964+05:30,2026-09-13_0109IST,airline_direct,IndiGo
BOM,BLR,6E,IndiGo,6E 5178,2026-09-14,1,economy,,,7374.0,False,11:45,ok,2026-09-13T01:09:37.723964+05:30,2026-09-13_0109IST,airline_direct,IndiGo
BOM,BLR,6E,IndiGo,6E 5178,2026-09-14,1,business,,,28258.0,False,11:45,ok,2026-09-13T01:09:37.723964+05:30,2026-09-13_0109IST,airline_direct,IndiGo
BOM,BLR,6E,IndiGo,6E 5178,2026-09-14,1,economy,,,7374.0,False,11:45,ok,2026-09-13T01:09:37.723964+05:30,2026-09-13_0109IST,airline_direct,IndiGo
BOM,BLR,6E,IndiGo,6E 5178,2026-09-14,1,business,,,28258.0,False,11:45,ok,2026-09-13T01:09:37.723964+05:30,2026-09-13_0109IST,airline_direct,IndiGo
BOM,BLR,6E,IndiGo,6E 5178,2026-09-14,1,economy,,,7374.0,False,11:45,ok,2026-09-13T01:09:37.723964+05:30,2026-09-13_0109IST,airline_direct,IndiGo
BOM,BLR,6E,IndiGo,6E 5386,2026-09-14,1,business,,,28258.0,False,15:10,ok,2026-09-13T01:09:37.723964+05:30,2026-09-13_0109IST,airline_direct,IndiGo
BOM,BLR,6E,IndiGo,6E 5386,2026-09-14,1,economy,,,7374.0,False,15:10,ok,2026-09-13T01:09:37.723964+05:30,2026-09-13_0109IST,airline_direct,IndiGo
BOM,BLR,6E,IndiGo,6E 6802,2026-09-14,1,economy,,,7505.0,False,16:55,ok,2026-09-13T01:09:37.723964+05:30,2026-09-13_0109IST,airline_direct,IndiGo
BOM,BLR,6E,IndiGo,6E 136,2026-09-14,1,business,,,26046.0,False,04:05,ok,2026-09-13T01:09:37.723964+05:30,2026-09-13_0109IST,airline_direct,IndiGo
BOM,BLR,6E,IndiGo,6E 136,2026-09-14,1,economy,,,7584.0,False,04:05,ok,2026-09-13T01:09:37.723964+05:30,2026-09-13_0109IST,airline_direct,IndiGo
BOM,BLR,6E,IndiGo,6E 136,2026-09-14,1,business,,,26046.0,False,04:05,ok,2026-09-13T01:09:37.723964+05:30,2026-09-13_0109IST,airline_direct,IndiGo
BOM,BLR,6E,IndiGo,6E 136,2026-09-14,1,economy,,,7584.0,False,04:05,ok,2026-09-13T01:09:37.723964+05:30,2026-09-13_0109IST,airline_direct,IndiGo
BOM,BLR,6E,IndiGo,6E 136,2026-09-14,1,business,,,26046.0,False,04:05,ok,2026-09-13T01:09:37.723964+05:30,2026-09-13_0109IST,airline_direct,IndiGo
BOM,BLR,6E,IndiGo,6E 136,2026-09-14,1,economy,,,7584.0,False,04:05,ok,2026-09-13T01:09:37.723964+05:30,2026-09-13_0109IST,airline_direct,IndiGo
BOM,BLR,6E,IndiGo,6E 5188,2026-09-14,1,business,,,26046.0,False,06:15,ok,2026-09-13T01:09:37.723964+05:30,2026-09-13_0109IST,airline_direct,IndiGo
BOM,BLR,6E,IndiGo,6E 5188,2026-09-14,1,economy,,,7584.0,False,06:15,ok,2026-09-13T01:09:37.723964+05:30,2026-09-13_0109IST,airline_direct,IndiGo
BOM,BLR,6E,IndiGo,6E 5204,2026-09-14,1,business,,,26389.0,False,08:15,ok,2026-09-13T01:09:37.723964+05:30,2026-09-13_0109IST,airline_direct,IndiGo
BOM,BLR,6E,IndiGo,6E 5204,2026-09-14,1,economy,,,7584.0,False,08:15,ok,2026-09-13T01:09:37.723964+05:30,2026-09-13_0109IST,airline_direct,IndiGo
BOM,BLR,6E,IndiGo,6E 5313,2026-09-14,1,business,,,26389.0,False,09:50,ok,2026-09-13T01:09:37.723964+05:30,2026-09-13_0109IST,airline_direct,IndiGo
BOM,BLR,6E,IndiGo,6E 5313,2026-09-14,1,economy,,,7584.0,False,09:50,ok,2026-09-13T01:09:37.723964+05:30,2026-09-13_0109IST,airline_direct,IndiGo
BOM,BLR,6E,IndiGo,6E 5313,2026-09-14,1,business,,,26046.0,False,09:50,ok,2026-09-13T01:09:37.723964+05:30,2026-09-13_0109IST,airline_direct,IndiGo
BOM,BLR,6E,IndiGo,6E 5313,2026-09-14,1,economy,,,7584.0,False,09:50,ok,2026-09-13T01:09:37.723964+05:30,2026-09-13_0109IST,airline_direct,IndiGo
BOM,BLR,6E,IndiGo,6E 6349,2026-09-14,1,business,,,26046.0,False,11:40,ok,2026-09-13T01:09:37.723964+05:30,2026-09-13_0109IST,airline_direct,IndiGo
BOM,BLR,6E,IndiGo,6E 6349,2026-09-14,1,economy,,,7584.0,False,11:40,ok,2026-09-13T01:09:37.723964+05:30,2026-09-13_0109IST,airline_direct,IndiGo
BOM,BLR,6E,IndiGo,6E 6349,2026-09-14,1,business,,,26766.0,False,11:40,ok,2026-09-13T01:09:37.723964+05:30,2026-09-13_0109IST,airline_direct,IndiGo
BOM,BLR,6E,IndiGo,6E 6349,2026-09-14,1,economy,,,7584.0,False,11:40,ok,2026-09-13T01:09:37.723964+05:30,2026-09-13_0109IST,airline_direct,IndiGo
BOM,BLR,6E,IndiGo,6E 5337,2026-09-14,1,business,,,26766.0,False,13:45,ok,2026-09-13T01:09:37.723964+05:30,2026-09-13_0109IST,airline_direct,IndiGo
BOM,BLR,6E,IndiGo,6E 5337,2026-09-14,1,economy,,,7584.0,False,13:45,ok,2026-09-13T01:09:37.723964+05:30,2026-09-13_0109IST,airline_direct,IndiGo
BOM,BLR,6E,IndiGo,6E 5337,2026-09-14,1,business,,,28130.0,False,13:45,ok,2026-09-13T01:09:37.723964+05:30,2026-09-13_0109IST,airline_direct,IndiGo
BOM,BLR,6E,IndiGo,6E 5337,2026-09-14,1,economy,,,7584.0,False,13:45,ok,2026-09-13T01:09:37.723964+05:30,2026-09-13_0109IST,airline_direct,IndiGo
BOM,BLR,6E,IndiGo,6E 5196,2026-09-14,1,business,,,28130.0,False,15:25,ok,2026-09-13T01:09:37.723964+05:30,2026-09-13_0109IST,airline_direct,IndiGo
BOM,BLR,6E,IndiGo,6E 5196,2026-09-14,1,economy,,,7584.0,False,15:25,ok,2026-09-13T01:09:37.723964+05:30,2026-09-13_0109IST,airline_direct,IndiGo
BOM,BLR,6E,IndiGo,6E 5196,2026-09-14,1,business,,,26046.0,False,15:25,ok,2026-09-13T01:09:37.723964+05:30,2026-09-13_0109IST,airline_direct,IndiGo
BOM,BLR,6E,IndiGo,6E 5196,2026-09-14,1,economy,,,7584.0,False,15:25,ok,2026-09-13T01:09:37.723964+05:30,2026-09-13_0109IST,airline_direct,IndiGo
BOM,BLR,6E,IndiGo,6E 240,2026-09-14,1,economy,,,7584.0,False,15:45,ok,2026-09-13T01:09:37.723964+05:30,2026-09-13_0109IST,airline_direct,IndiGo
BOM,BLR,6E,IndiGo,6E 5048,2026-09-14,1,business,,,26046.0,False,17:25,ok,2026-09-13T01:09:37.723964+05:30,2026-09-13_0109IST,airline_direct,IndiGo
BOM,BLR,6E,IndiGo,6E 5048,2026-09-14,1,economy,,,7584.0,False,17:25,ok,2026-09-13T01:09:37.723964+05:30,2026-09-13_0109IST,airline_direct,IndiGo
BOM,BLR,6E,IndiGo,6E 5126,2026-09-14,1,economy,,,7584.0,False,18:15,ok,2026-09-13T01:09:37.723964+05:30,2026-09-13_0109IST,airline_direct,IndiGo
BOM,BLR,6E,IndiGo,6E 2237,2026-09-14,1,economy,,,7584.0,False,18:40,ok,2026-09-13T01:09:37.723964+05:30,2026-09-13_0109IST,airline_direct,IndiGo
BOM,BLR,6E,IndiGo,6E 5107,2026-09-14,1,economy,,,7584.0,False,20:00,ok,2026-09-13T01:09:37.723964+05:30,2026-09-13_0109IST,airline_direct,IndiGo
BOM,BLR,6E,IndiGo,6E 5082,2026-09-14,1,economy,,,7785.0,False,18:05,ok,2026-09-13T01:09:37.723964+05:30,2026-09-13_0109IST,airline_direct,IndiGo
BOM,BLR,6E,IndiGo,6E 6674,2026-09-14,1,economy,,,7916.0,False,09:05,ok,2026-09-13T01:09:37.723964+05:30,2026-09-13_0109IST,airline_direct,IndiGo
BOM,BLR,6E,IndiGo,6E 632,2026-09-14,1,economy,,,8126.0,False,04:00,ok,2026-09-13T01:09:37.723964+05:30,2026-09-13_0109IST,airline_direct,IndiGo
BOM,BLR,6E,IndiGo,6E 5241,2026-09-14,1,economy,,,8377.0,False,16:40,ok,2026-09-13T01:09:37.723964+05:30,2026-09-13_0109IST,airline_direct,IndiGo
BOM,BLR,6E,IndiGo,6E 5123,2026-09-14,1,economy,,,8639.0,False,14:40,ok,2026-09-13T01:09:37.723964+05:30,2026-09-13_0109IST,airline_direct,IndiGo
BOM,BLR,6E,IndiGo,6E 6701,2026-09-14,1,economy,,,8718.0,False,05:35,ok,2026-09-13T01:09:37.723964+05:30,2026-09-13_0109IST,airline_direct,IndiGo
BOM,BLR,6E,IndiGo,6E 5109,2026-09-14,1,economy,,,8718.0,False,09:35,ok,2026-09-13T01:09:37.723964+05:30,2026-09-13_0109IST,airline_direct,IndiGo
BOM,BLR,6E,IndiGo,6E 6599,2026-09-14,1,economy,,,8849.0,False,16:50,ok,2026-09-13T01:09:37.723964+05:30,2026-09-13_0109IST,airline_direct,IndiGo
BOM,BLR,6E,IndiGo,6E 6361,2026-09-14,1,economy,,,9023.0,False,05:00,ok,2026-09-13T01:09:37.723964+05:30,2026-09-13_0109IST,airline_direct,IndiGo
BOM,BLR,6E,IndiGo,6E 261,2026-09-14,1,economy,,,9023.0,False,11:20,ok,2026-09-13T01:09:37.723964+05:30,2026-09-13_0109IST,airline_direct,IndiGo
BOM,BLR,6E,IndiGo,6E 230,2026-09-14,1,economy,,,9023.0,False,13:55,ok,2026-09-13T01:09:37.723964+05:30,2026-09-13_0109IST,airline_direct,IndiGo
BOM,BLR,6E,IndiGo,6E 5241,2026-09-14,1,economy,,,9023.0,False,16:40,ok,2026-09-13T01:09:37.723964+05:30,2026-09-13_0109IST,airline_direct,IndiGo
BOM,BLR,6E,IndiGo,6E 6701,2026-09-14,1,economy,,,9364.0,False,05:35,ok,2026-09-13T01:09:37.723964+05:30,2026-09-13_0109IST,airline_direct,IndiGo
BOM,BLR,6E,IndiGo,6E 673,2026-09-14,1,economy,,,9364.0,False,12:35,ok,2026-09-13T01:09:37.723964+05:30,2026-09-13_0109IST,airline_direct,IndiGo
BOM,BLR,6E,IndiGo,6E 437,2026-09-14,1,economy,,,10068.0,False,17:10,ok,2026-09-13T01:09:37.723964+05:30,2026-09-13_0109IST,airline_direct,IndiGo
BOM,BLR,6E,IndiGo,6E 5386,2026-09-14,1,business,,,29147.0,False,15:10,ok,2026-09-13T01:09:37.723964+05:30,2026-09-13_0109IST,airline_direct,IndiGo
BOM,BLR,6E,IndiGo,6E 5386,2026-09-14,1,economy,,,11468.0,False,15:10,ok,2026-09-13T01:09:37.723964+05:30,2026-09-13_0109IST,airline_direct,IndiGo
BOM,BLR,6E,IndiGo,6E 5228,2026-09-14,1,business,,,30432.0,False,16:45,ok,2026-09-13T01:09:37.723964+05:30,2026-09-13_0109IST,airline_direct,IndiGo
BOM,BLR,6E,IndiGo,6E 5228,2026-09-14,1,economy,,,11468.0,False,16:45,ok,2026-09-13T01:09:37.723964+05:30,2026-09-13_0109IST,airline_direct,IndiGo
BOM,BLR,6E,IndiGo,6E 673,2026-09-14,1,economy,,,11678.0,False,12:35,ok,2026-09-13T01:09:37.723964+05:30,2026-09-13_0109IST,airline_direct,IndiGo
BOM,BLR,6E,IndiGo,6E 5228,2026-09-14,1,business,,,30432.0,False,16:45,ok,2026-09-13T01:09:37.723964+05:30,2026-09-13_0109IST,airline_direct,IndiGo
BOM,BLR,6E,IndiGo,6E 5228,2026-09-14,1,economy,,,13386.0,False,16:45,ok,2026-09-13T01:09:37.723964+05:30,2026-09-13_0109IST,airline_direct,IndiGo
BOM,BLR,6E,IndiGo,6E 5386,2026-09-14,1,business,,,29147.0,False,15:10,ok,2026-09-13T01:09:37.723964+05:30,2026-09-13_0109IST,airline_direct,IndiGo
BOM,BLR,6E,IndiGo,6E 5386,2026-09-14,1,economy,,,14478.0,False,15:10,ok,2026-09-13T01:09:37.723964+05:30,2026-09-13_0109IST,airline_direct,IndiGo
BOM,BLR,6E,IndiGo,6E 5386,2026-09-14,1,business,,,30128.0,False,15:10,ok,2026-09-13T01:09:37.723964+05:30,2026-09-13_0109IST,airline_direct,IndiGo
BOM,BLR,6E,IndiGo,6E 5386,2026-09-14,1,economy,,,14478.0,False,15:10,ok,2026-09-13T01:09:37.723964+05:30,2026-09-13_0109IST,airline_direct,IndiGo
BOM,BLR,6E,IndiGo,6E 6057,2026-09-14,1,economy,,,17154.0,False,09:15,ok,2026-09-13T01:09:37.723964+05:30,2026-09-13_0109IST,airline_direct,IndiGo
DEL,CCU,6E,IndiGo,6E 5191,2026-09-14,1,business,,,26140.0,False,05:00,ok,2026-09-13T01:10:37.957715+05:30,2026-09-13_0110IST,airline_direct,IndiGo
DEL,CCU,6E,IndiGo,6E 5191,2026-09-14,1,economy,,,8703.0,False,05:00,ok,2026-09-13T01:10:37.957715+05:30,2026-09-13_0110IST,airline_direct,IndiGo
DEL,CCU,6E,IndiGo,6E 340,2026-09-14,1,business,,,26140.0,False,07:20,ok,2026-09-13T01:10:37.957715+05:30,2026-09-13_0110IST,airline_direct,IndiGo
DEL,CCU,6E,IndiGo,6E 340,2026-09-14,1,economy,,,8703.0,False,07:20,ok,2026-09-13T01:10:37.957715+05:30,2026-09-13_0110IST,airline_direct,IndiGo
DEL,CCU,6E,IndiGo,6E 897,2026-09-14,1,business,,,26140.0,False,12:45,ok,2026-09-13T01:10:37.957715+05:30,2026-09-13_0110IST,airline_direct,IndiGo
DEL,CCU,6E,IndiGo,6E 897,2026-09-14,1,economy,,,8703.0,False,12:45,ok,2026-09-13T01:10:37.957715+05:30,2026-09-13_0110IST,airline_direct,IndiGo
DEL,CCU,6E,IndiGo,6E 910,2026-09-14,1,business,,,26140.0,False,14:25,ok,2026-09-13T01:10:37.957715+05:30,2026-09-13_0110IST,airline_direct,IndiGo
DEL,CCU,6E,IndiGo,6E 910,2026-09-14,1,economy,,,8703.0,False,14:25,ok,2026-09-13T01:10:37.957715+05:30,2026-09-13_0110IST,airline_direct,IndiGo
DEL,CCU,6E,IndiGo,6E 6415,2026-09-14,1,business,,,26140.0,False,16:00,ok,2026-09-13T01:10:37.957715+05:30,2026-09-13_0110IST,airline_direct,IndiGo
DEL,CCU,6E,IndiGo,6E 6415,2026-09-14,1,economy,,,8703.0,False,16:00,ok,2026-09-13T01:10:37.957715+05:30,2026-09-13_0110IST,airline_direct,IndiGo
DEL,CCU,6E,IndiGo,6E 2276,2026-09-14,1,business,,,26140.0,False,17:55,ok,2026-09-13T01:10:37.957715+05:30,2026-09-13_0110IST,airline_direct,IndiGo
DEL,CCU,6E,IndiGo,6E 2276,2026-09-14,1,economy,,,8703.0,False,17:55,ok,2026-09-13T01:10:37.957715+05:30,2026-09-13_0110IST,airline_direct,IndiGo
DEL,CCU,6E,IndiGo,6E 6517,2026-09-14,1,business,,,26140.0,False,19:30,ok,2026-09-13T01:10:37.957715+05:30,2026-09-13_0110IST,airline_direct,IndiGo
DEL,CCU,6E,IndiGo,6E 6517,2026-09-14,1,economy,,,8703.0,False,19:30,ok,2026-09-13T01:10:37.957715+05:30,2026-09-13_0110IST,airline_direct,IndiGo
DEL,CCU,6E,IndiGo,6E 247,2026-09-14,1,business,,,26140.0,False,23:30,ok,2026-09-13T01:10:37.957715+05:30,2026-09-13_0110IST,airline_direct,IndiGo
DEL,CCU,6E,IndiGo,6E 247,2026-09-14,1,economy,,,8703.0,False,23:30,ok,2026-09-13T01:10:37.957715+05:30,2026-09-13_0110IST,airline_direct,IndiGo
DEL,CCU,6E,IndiGo,6E 513,2026-09-14,1,business,,,26140.0,False,08:30,ok,2026-09-13T01:10:37.957715+05:30,2026-09-13_0110IST,airline_direct,IndiGo
DEL,CCU,6E,IndiGo,6E 513,2026-09-14,1,economy,,,9753.0,False,08:30,ok,2026-09-13T01:10:37.957715+05:30,2026-09-13_0110IST,airline_direct,IndiGo
DEL,CCU,6E,IndiGo,6E 894,2026-09-14,1,business,,,26140.0,False,10:15,ok,2026-09-13T01:10:37.957715+05:30,2026-09-13_0110IST,airline_direct,IndiGo
DEL,CCU,6E,IndiGo,6E 894,2026-09-14,1,economy,,,9753.0,False,10:15,ok,2026-09-13T01:10:37.957715+05:30,2026-09-13_0110IST,airline_direct,IndiGo
DEL,CCU,6E,IndiGo,6E 6245,2026-09-14,1,economy,,,7376.0,False,06:20,ok,2026-09-13T01:10:37.957715+05:30,2026-09-13_0110IST,airline_direct,IndiGo
DEL,CCU,6E,IndiGo,6E 2453,2026-09-14,1,economy,,,7376.0,False,13:35,ok,2026-09-13T01:10:37.957715+05:30,2026-09-13_0110IST,airline_direct,IndiGo
DEL,CCU,6E,IndiGo,6E 2361,2026-09-14,1,economy,,,7507.0,False,14:35,ok,2026-09-13T01:10:37.957715+05:30,2026-09-13_0110IST,airline_direct,IndiGo
DEL,CCU,6E,IndiGo,6E 2296,2026-09-14,1,economy,,,7586.0,False,09:20,ok,2026-09-13T01:10:37.957715+05:30,2026-09-13_0110IST,airline_direct,IndiGo
DEL,CCU,6E,IndiGo,6E 5038,2026-09-14,1,economy,,,7586.0,False,14:00,ok,2026-09-13T01:10:37.957715+05:30,2026-09-13_0110IST,airline_direct,IndiGo
DEL,CCU,6E,IndiGo,6E 2203,2026-09-14,1,economy,,,7691.0,False,04:45,ok,2026-09-13T01:10:37.957715+05:30,2026-09-13_0110IST,airline_direct,IndiGo
DEL,CCU,6E,IndiGo,6E 5215,2026-09-14,1,economy,,,7691.0,False,07:45,ok,2026-09-13T01:10:37.957715+05:30,2026-09-13_0110IST,airline_direct,IndiGo
DEL,CCU,6E,IndiGo,6E 5307,2026-09-14,1,economy,,,7691.0,False,10:50,ok,2026-09-13T01:10:37.957715+05:30,2026-09-13_0110IST,airline_direct,IndiGo
DEL,CCU,6E,IndiGo,6E 6378,2026-09-14,1,economy,,,7691.0,False,14:40,ok,2026-09-13T01:10:37.957715+05:30,2026-09-13_0110IST,airline_direct,IndiGo
DEL,CCU,6E,IndiGo,6E 5041,2026-09-14,1,economy,,,7691.0,False,15:10,ok,2026-09-13T01:10:37.957715+05:30,2026-09-13_0110IST,airline_direct,IndiGo
DEL,CCU,6E,IndiGo,6E 5041,2026-09-14,1,economy,,,7691.0,False,15:10,ok,2026-09-13T01:10:37.957715+05:30,2026-09-13_0110IST,airline_direct,IndiGo
DEL,CCU,6E,IndiGo,6E 6829,2026-09-14,1,economy,,,7717.0,False,17:20,ok,2026-09-13T01:10:37.957715+05:30,2026-09-13_0110IST,airline_direct,IndiGo
DEL,CCU,6E,IndiGo,6E 704,2026-09-14,1,economy,,,7927.0,False,02:25,ok,2026-09-13T01:10:37.957715+05:30,2026-09-13_0110IST,airline_direct,IndiGo
DEL,CCU,6E,IndiGo,6E 704,2026-09-14,1,business,,,33806.0,False,02:25,ok,2026-09-13T01:10:37.957715+05:30,2026-09-13_0110IST,airline_direct,IndiGo
DEL,CCU,6E,IndiGo,6E 704,2026-09-14,1,economy,,,7927.0,False,02:25,ok,2026-09-13T01:10:37.957715+05:30,2026-09-13_0110IST,airline_direct,IndiGo
DEL,CCU,6E,IndiGo,6E 203,2026-09-14,1,business,,,33806.0,False,07:10,ok,2026-09-13T01:10:37.957715+05:30,2026-09-13_0110IST,airline_direct,IndiGo
DEL,CCU,6E,IndiGo,6E 203,2026-09-14,1,economy,,,7927.0,False,07:10,ok,2026-09-13T01:10:37.957715+05:30,2026-09-13_0110IST,airline_direct,IndiGo
DEL,CCU,6E,IndiGo,6E 203,2026-09-14,1,economy,,,7927.0,False,07:10,ok,2026-09-13T01:10:37.957715+05:30,2026-09-13_0110IST,airline_direct,IndiGo
DEL,CCU,6E,IndiGo,6E 705,2026-09-14,1,business,,,33806.0,False,08:30,ok,2026-09-13T01:10:37.957715+05:30,2026-09-13_0110IST,airline_direct,IndiGo
DEL,CCU,6E,IndiGo,6E 705,2026-09-14,1,economy,,,7927.0,False,08:30,ok,2026-09-13T01:10:37.957715+05:30,2026-09-13_0110IST,airline_direct,IndiGo
DEL,CCU,6E,IndiGo,6E 705,2026-09-14,1,economy,,,7927.0,False,08:30,ok,2026-09-13T01:10:37.957715+05:30,2026-09-13_0110IST,airline_direct,IndiGo
DEL,CCU,6E,IndiGo,6E 884,2026-09-14,1,business,,,33806.0,False,11:45,ok,2026-09-13T01:10:37.957715+05:30,2026-09-13_0110IST,airline_direct,IndiGo
DEL,CCU,6E,IndiGo,6E 884,2026-09-14,1,economy,,,7927.0,False,11:45,ok,2026-09-13T01:10:37.957715+05:30,2026-09-13_0110IST,airline_direct,IndiGo
DEL,CCU,6E,IndiGo,6E 6282,2026-09-14,1,business,,,33806.0,False,13:30,ok,2026-09-13T01:10:37.957715+05:30,2026-09-13_0110IST,airline_direct,IndiGo
DEL,CCU,6E,IndiGo,6E 6282,2026-09-14,1,economy,,,7927.0,False,13:30,ok,2026-09-13T01:10:37.957715+05:30,2026-09-13_0110IST,airline_direct,IndiGo
DEL,CCU,6E,IndiGo,6E 6212,2026-09-14,1,economy,,,7927.0,False,14:45,ok,2026-09-13T01:10:37.957715+05:30,2026-09-13_0110IST,airline_direct,IndiGo
DEL,CCU,6E,IndiGo,6E 2341,2026-09-14,1,economy,,,7927.0,False,14:50,ok,2026-09-13T01:10:37.957715+05:30,2026-09-13_0110IST,airline_direct,IndiGo
DEL,CCU,6E,IndiGo,6E 5073,2026-09-14,1,economy,,,7927.0,False,17:05,ok,2026-09-13T01:10:37.957715+05:30,2026-09-13_0110IST,airline_direct,IndiGo
DEL,CCU,6E,IndiGo,6E 717,2026-09-14,1,economy,,,7927.0,False,17:55,ok,2026-09-13T01:10:37.957715+05:30,2026-09-13_0110IST,airline_direct,IndiGo
DEL,CCU,6E,IndiGo,6E 882,2026-09-14,1,economy,,,7927.0,False,23:15,ok,2026-09-13T01:10:37.957715+05:30,2026-09-13_0110IST,airline_direct,IndiGo
DEL,CCU,6E,IndiGo,6E 6371,2026-09-14,1,economy,,,8032.0,False,06:20,ok,2026-09-13T01:10:37.957715+05:30,2026-09-13_0110IST,airline_direct,IndiGo
DEL,CCU,6E,IndiGo,6E 6551,2026-09-14,1,economy,,,8032.0,False,12:00,ok,2026-09-13T01:10:37.957715+05:30,2026-09-13_0110IST,airline_direct,IndiGo
DEL,CCU,6E,IndiGo,6E 6459,2026-09-14,1,economy,,,8115.0,False,05:55,ok,2026-09-13T01:10:37.957715+05:30,2026-09-13_0110IST,airline_direct,IndiGo
DEL,CCU,6E,IndiGo,6E 6190,2026-09-14,1,economy,,,8194.0,False,07:40,ok,2026-09-13T01:10:37.957715+05:30,2026-09-13_0110IST,airline_direct,IndiGo
DEL,CCU,6E,IndiGo,6E 2296,2026-09-14,1,economy,,,8194.0,False,09:20,ok,2026-09-13T01:10:37.957715+05:30,2026-09-13_0110IST,airline_direct,IndiGo
DEL,CCU,6E,IndiGo,6E 2259,2026-09-14,1,economy,,,8194.0,False,12:20,ok,2026-09-13T01:10:37.957715+05:30,2026-09-13_0110IST,airline_direct,IndiGo
DEL,CCU,6E,IndiGo,6E 2259,2026-09-14,1,economy,,,8194.0,False,12:20,ok,2026-09-13T01:10:37.957715+05:30,2026-09-13_0110IST,airline_direct,IndiGo
DEL,CCU,6E,IndiGo,6E 6130,2026-09-14,1,economy,,,8194.0,False,12:55,ok,2026-09-13T01:10:37.957715+05:30,2026-09-13_0110IST,airline_direct,IndiGo
DEL,CCU,6E,IndiGo,6E 2614,2026-09-14,1,economy,,,8194.0,False,14:40,ok,2026-09-13T01:10:37.957715+05:30,2026-09-13_0110IST,airline_direct,IndiGo
DEL,CCU,6E,IndiGo,6E 2614,2026-09-14,1,economy,,,8194.0,False,14:40,ok,2026-09-13T01:10:37.957715+05:30,2026-09-13_0110IST,airline_direct,IndiGo
DEL,CCU,6E,IndiGo,6E 5033,2026-09-14,1,economy,,,8194.0,False,15:50,ok,2026-09-13T01:10:37.957715+05:30,2026-09-13_0110IST,airline_direct,IndiGo
DEL,CCU,6E,IndiGo,6E 6217,2026-09-14,1,economy,,,8535.0,False,16:15,ok,2026-09-13T01:10:37.957715+05:30,2026-09-13_0110IST,airline_direct,IndiGo
DEL,CCU,6E,IndiGo,6E 6312,2026-09-14,1,economy,,,8783.0,False,14:25,ok,2026-09-13T01:10:37.957715+05:30,2026-09-13_0110IST,airline_direct,IndiGo
DEL,CCU,6E,IndiGo,6E 734,2026-09-14,1,economy,,,8783.0,False,16:20,ok,2026-09-13T01:10:37.957715+05:30,2026-09-13_0110IST,airline_direct,IndiGo
DEL,CCU,6E,IndiGo,6E 6073,2026-09-14,1,economy,,,8862.0,False,05:00,ok,2026-09-13T01:10:37.957715+05:30,2026-09-13_0110IST,airline_direct,IndiGo
DEL,CCU,6E,IndiGo,6E 6293,2026-09-14,1,economy,,,9203.0,False,09:55,ok,2026-09-13T01:10:37.957715+05:30,2026-09-13_0110IST,airline_direct,IndiGo
DEL,CCU,6E,IndiGo,6E 6124,2026-09-14,1,economy,,,9456.0,False,07:30,ok,2026-09-13T01:10:37.957715+05:30,2026-09-13_0110IST,airline_direct,IndiGo
DEL,CCU,6E,IndiGo,6E 5036,2026-09-14,1,economy,,,10325.0,False,08:00,ok,2026-09-13T01:10:37.957715+05:30,2026-09-13_0110IST,airline_direct,IndiGo
DEL,CCU,6E,IndiGo,6E 6190,2026-09-14,1,economy,,,11291.0,False,07:40,ok,2026-09-13T01:10:37.957715+05:30,2026-09-13_0110IST,airline_direct,IndiGo
DEL,CCU,6E,IndiGo,6E 5307,2026-09-14,1,economy,,,11396.0,False,10:50,ok,2026-09-13T01:10:37.957715+05:30,2026-09-13_0110IST,airline_direct,IndiGo
DEL,CCU,6E,IndiGo,6E 6503,2026-09-14,1,economy,,,11606.0,False,13:25,ok,2026-09-13T01:10:37.957715+05:30,2026-09-13_0110IST,airline_direct,IndiGo
DEL,CCU,6E,IndiGo,6E 2331,2026-09-14,1,economy,,,12609.0,False,12:20,ok,2026-09-13T01:10:37.957715+05:30,2026-09-13_0110IST,airline_direct,IndiGo
DEL,CCU,6E,IndiGo,6E 5119,2026-09-14,1,economy,,,13088.0,False,05:10,ok,2026-09-13T01:10:37.957715+05:30,2026-09-13_0110IST,airline_direct,IndiGo
BLR,HYD,6E,IndiGo,6E 6178,2026-09-14,1,economy,,,5756.0,False,06:25,ok,2026-09-13T01:11:44.466410+05:30,2026-09-13_0111IST,airline_direct,IndiGo
BLR,HYD,6E,IndiGo,6E 484,2026-09-14,1,economy,,,6239.0,False,08:15,ok,2026-09-13T01:11:44.466410+05:30,2026-09-13_0111IST,airline_direct,IndiGo
BLR,HYD,6E,IndiGo,6E 312,2026-09-14,1,economy,,,6772.0,False,09:15,ok,2026-09-13T01:11:44.466410+05:30,2026-09-13_0111IST,airline_direct,IndiGo
BLR,HYD,6E,IndiGo,6E 537,2026-09-14,1,economy,,,7361.0,False,10:15,ok,2026-09-13T01:11:44.466410+05:30,2026-09-13_0111IST,airline_direct,IndiGo
BLR,HYD,6E,IndiGo,6E 6404,2026-09-14,1,economy,,,8010.0,False,11:35,ok,2026-09-13T01:11:44.466410+05:30,2026-09-13_0111IST,airline_direct,IndiGo
BLR,HYD,6E,IndiGo,6E 638,2026-09-14,1,economy,,,8727.0,False,18:35,ok,2026-09-13T01:11:44.466410+05:30,2026-09-13_0111IST,airline_direct,IndiGo
BLR,HYD,6E,IndiGo,6E 6784,2026-09-14,1,economy,,,8727.0,False,21:30,ok,2026-09-13T01:11:44.466410+05:30,2026-09-13_0111IST,airline_direct,IndiGo
BLR,HYD,6E,IndiGo,6E 6067,2026-09-14,1,economy,,,10390.0,False,16:30,ok,2026-09-13T01:11:44.466410+05:30,2026-09-13_0111IST,airline_direct,IndiGo
BLR,HYD,6E,IndiGo,6E 855,2026-09-14,1,economy,,,12416.0,False,19:45,ok,2026-09-13T01:11:44.466410+05:30,2026-09-13_0111IST,airline_direct,IndiGo
BLR,HYD,6E,IndiGo,6E 6563,2026-09-14,1,economy,,,5463.0,False,01:05,ok,2026-09-13T01:11:44.466410+05:30,2026-09-13_0111IST,airline_direct,IndiGo
BLR,HYD,6E,IndiGo,6E 6876,2026-09-14,1,economy,,,5463.0,False,02:40,ok,2026-09-13T01:11:44.466410+05:30,2026-09-13_0111IST,airline_direct,IndiGo
BLR,HYD,6E,IndiGo,6E 6269,2026-09-14,1,economy,,,5463.0,False,07:15,ok,2026-09-13T01:11:44.466410+05:30,2026-09-13_0111IST,airline_direct,IndiGo
BLR,HYD,6E,IndiGo,6E 6269,2026-09-14,1,economy,,,5463.0,False,07:15,ok,2026-09-13T01:11:44.466410+05:30,2026-09-13_0111IST,airline_direct,IndiGo
BLR,HYD,6E,IndiGo,6E 6104,2026-09-14,1,economy,,,5463.0,False,11:40,ok,2026-09-13T01:11:44.466410+05:30,2026-09-13_0111IST,airline_direct,IndiGo
BLR,HYD,6E,IndiGo,6E 6104,2026-09-14,1,economy,,,5463.0,False,11:40,ok,2026-09-13T01:11:44.466410+05:30,2026-09-13_0111IST,airline_direct,IndiGo
BLR,HYD,6E,IndiGo,6E 6104,2026-09-14,1,economy,,,5463.0,False,11:40,ok,2026-09-13T01:11:44.466410+05:30,2026-09-13_0111IST,airline_direct,IndiGo
BLR,HYD,6E,IndiGo,6E 6208,2026-09-14,1,economy,,,5463.0,False,12:45,ok,2026-09-13T01:11:44.466410+05:30,2026-09-13_0111IST,airline_direct,IndiGo
BLR,HYD,6E,IndiGo,6E 6208,2026-09-14,1,economy,,,5463.0,False,12:45,ok,2026-09-13T01:11:44.466410+05:30,2026-09-13_0111IST,airline_direct,IndiGo
BLR,HYD,6E,IndiGo,6E 173,2026-09-14,1,economy,,,5463.0,False,15:30,ok,2026-09-13T01:11:44.466410+05:30,2026-09-13_0111IST,airline_direct,IndiGo
BLR,HYD,6E,IndiGo,6E 173,2026-09-14,1,economy,,,5463.0,False,15:30,ok,2026-09-13T01:11:44.466410+05:30,2026-09-13_0111IST,airline_direct,IndiGo
BLR,HYD,6E,IndiGo,6E 6017,2026-09-14,1,economy,,,5463.0,False,18:15,ok,2026-09-13T01:11:44.466410+05:30,2026-09-13_0111IST,airline_direct,IndiGo
BLR,HYD,6E,IndiGo,6E 105,2026-09-14,1,economy,,,5463.0,False,18:45,ok,2026-09-13T01:11:44.466410+05:30,2026-09-13_0111IST,airline_direct,IndiGo
BLR,HYD,6E,IndiGo,6E 105,2026-09-14,1,economy,,,5463.0,False,18:45,ok,2026-09-13T01:11:44.466410+05:30,2026-09-13_0111IST,airline_direct,IndiGo
BLR,HYD,6E,IndiGo,6E 441,2026-09-14,1,economy,,,5463.0,False,20:40,ok,2026-09-13T01:11:44.466410+05:30,2026-09-13_0111IST,airline_direct,IndiGo
BLR,HYD,6E,IndiGo,6E 528,2026-09-14,1,economy,,,5463.0,False,21:40,ok,2026-09-13T01:11:44.466410+05:30,2026-09-13_0111IST,airline_direct,IndiGo
BLR,HYD,6E,IndiGo,6E 116,2026-09-14,1,economy,,,5463.0,False,23:05,ok,2026-09-13T01:11:44.466410+05:30,2026-09-13_0111IST,airline_direct,IndiGo
BLR,HYD,6E,IndiGo,6E 6336,2026-09-14,1,economy,,,5594.0,False,12:25,ok,2026-09-13T01:11:44.466410+05:30,2026-09-13_0111IST,airline_direct,IndiGo
BLR,HYD,6E,IndiGo,6E 6336,2026-09-14,1,economy,,,5594.0,False,12:25,ok,2026-09-13T01:11:44.466410+05:30,2026-09-13_0111IST,airline_direct,IndiGo
BLR,HYD,6E,IndiGo,6E 904,2026-09-14,1,economy,,,6153.0,False,10:45,ok,2026-09-13T01:11:44.466410+05:30,2026-09-13_0111IST,airline_direct,IndiGo
BLR,HYD,6E,IndiGo,6E 6208,2026-09-14,1,economy,,,6153.0,False,12:45,ok,2026-09-13T01:11:44.466410+05:30,2026-09-13_0111IST,airline_direct,IndiGo
BLR,HYD,6E,IndiGo,6E 6753,2026-09-14,1,economy,,,6153.0,False,15:15,ok,2026-09-13T01:11:44.466410+05:30,2026-09-13_0111IST,airline_direct,IndiGo
BLR,HYD,6E,IndiGo,6E 6168,2026-09-14,1,economy,,,6153.0,False,17:40,ok,2026-09-13T01:11:44.466410+05:30,2026-09-13_0111IST,airline_direct,IndiGo
BLR,HYD,6E,IndiGo,6E 6554,2026-09-14,1,economy,,,6153.0,False,19:15,ok,2026-09-13T01:11:44.466410+05:30,2026-09-13_0111IST,airline_direct,IndiGo
BLR,HYD,6E,IndiGo,6E 7227,2026-09-14,1,economy,,,6412.0,False,06:25,ok,2026-09-13T01:11:44.466410+05:30,2026-09-13_0111IST,airline_direct,IndiGo
BLR,HYD,6E,IndiGo,6E 6653,2026-09-14,1,economy,,,6543.0,False,12:35,ok,2026-09-13T01:11:44.466410+05:30,2026-09-13_0111IST,airline_direct,IndiGo
BLR,HYD,6E,IndiGo,6E 6753,2026-09-14,1,economy,,,6543.0,False,15:15,ok,2026-09-13T01:11:44.466410+05:30,2026-09-13_0111IST,airline_direct,IndiGo
BLR,HYD,6E,IndiGo,6E 6168,2026-09-14,1,economy,,,6543.0,False,17:40,ok,2026-09-13T01:11:44.466410+05:30,2026-09-13_0111IST,airline_direct,IndiGo
BLR,HYD,6E,IndiGo,6E 857,2026-09-14,1,economy,,,6969.0,False,07:05,ok,2026-09-13T01:11:44.466410+05:30,2026-09-13_0111IST,airline_direct,IndiGo
BLR,HYD,6E,IndiGo,6E 6653,2026-09-14,1,economy,,,6969.0,False,12:35,ok,2026-09-13T01:11:44.466410+05:30,2026-09-13_0111IST,airline_direct,IndiGo
BLR,HYD,6E,IndiGo,6E 6653,2026-09-14,1,economy,,,6969.0,False,12:35,ok,2026-09-13T01:11:44.466410+05:30,2026-09-13_0111IST,airline_direct,IndiGo
BLR,HYD,6E,IndiGo,6E 7204,2026-09-14,1,economy,,,7255.0,False,06:50,ok,2026-09-13T01:11:44.466410+05:30,2026-09-13_0111IST,airline_direct,IndiGo
BLR,HYD,6E,IndiGo,6E 6583,2026-09-14,1,economy,,,7564.0,False,10:40,ok,2026-09-13T01:11:44.466410+05:30,2026-09-13_0111IST,airline_direct,IndiGo
BLR,HYD,6E,IndiGo,6E 857,2026-09-14,1,economy,,,7935.0,False,07:05,ok,2026-09-13T01:11:44.466410+05:30,2026-09-13_0111IST,airline_direct,IndiGo
BLR,HYD,6E,IndiGo,6E 7737,2026-09-14,1,economy,,,8352.0,False,10:50,ok,2026-09-13T01:11:44.466410+05:30,2026-09-13_0111IST,airline_direct,IndiGo
BLR,HYD,6E,IndiGo,6E 356,2026-09-14,1,economy,,,8484.0,False,17:15,ok,2026-09-13T01:11:44.466410+05:30,2026-09-13_0111IST,airline_direct,IndiGo
BLR,HYD,6E,IndiGo,6E 6542,2026-09-14,1,economy,,,9730.0,False,13:10,ok,2026-09-13T01:11:44.466410+05:30,2026-09-13_0111IST,airline_direct,IndiGo
BLR,HYD,6E,IndiGo,6E 7737,2026-09-14,1,economy,,,10304.0,False,10:50,ok,2026-09-13T01:11:44.466410+05:30,2026-09-13_0111IST,airline_direct,IndiGo
BLR,HYD,6E,IndiGo,6E 356,2026-09-14,1,economy,,,10433.0,False,17:15,ok,2026-09-13T01:11:44.466410+05:30,2026-09-13_0111IST,airline_direct,IndiGo
BLR,HYD,6E,IndiGo,6E 763,2026-09-14,1,economy,,,10435.0,False,07:05,ok,2026-09-13T01:11:44.466410+05:30,2026-09-13_0111IST,airline_direct,IndiGo
BLR,HYD,6E,IndiGo,6E 6445,2026-09-14,1,economy,,,11204.0,False,10:25,ok,2026-09-13T01:11:44.466410+05:30,2026-09-13_0111IST,airline_direct,IndiGo
BLR,HYD,6E,IndiGo,6E 703,2026-09-14,1,economy,,,11204.0,False,12:55,ok,2026-09-13T01:11:44.466410+05:30,2026-09-13_0111IST,airline_direct,IndiGo
BLR,HYD,6E,IndiGo,6E 6542,2026-09-14,1,economy,,,11204.0,False,13:10,ok,2026-09-13T01:11:44.466410+05:30,2026-09-13_0111IST,airline_direct,IndiGo
BLR,HYD,6E,IndiGo,6E 763,2026-09-14,1,economy,,,12041.0,False,07:05,ok,2026-09-13T01:11:44.466410+05:30,2026-09-13_0111IST,airline_direct,IndiGo
BLR,HYD,6E,IndiGo,6E 763,2026-09-14,1,economy,,,12041.0,False,07:05,ok,2026-09-13T01:11:44.466410+05:30,2026-09-13_0111IST,airline_direct,IndiGo
BLR,HYD,6E,IndiGo,6E 7005,2026-09-14,1,economy,,,12041.0,False,08:05,ok,2026-09-13T01:11:44.466410+05:30,2026-09-13_0111IST,airline_direct,IndiGo
BLR,HYD,6E,IndiGo,6E 7005,2026-09-14,1,economy,,,12041.0,False,08:05,ok,2026-09-13T01:11:44.466410+05:30,2026-09-13_0111IST,airline_direct,IndiGo
BLR,HYD,6E,IndiGo,6E 6445,2026-09-14,1,economy,,,12041.0,False,10:25,ok,2026-09-13T01:11:44.466410+05:30,2026-09-13_0111IST,airline_direct,IndiGo
BLR,HYD,6E,IndiGo,6E 116,2026-09-14,1,economy,,,14151.0,False,23:05,ok,2026-09-13T01:11:44.466410+05:30,2026-09-13_0111IST,airline_direct,IndiGo
BLR,HYD,6E,IndiGo,6E 7285,2026-09-14,1,economy,,,14661.0,False,06:50,ok,2026-09-13T01:11:44.466410+05:30,2026-09-13_0111IST,airline_direct,IndiGo
MAA,DEL,6E,IndiGo,6E 404,2026-09-14,1,business,,,28240.0,False,09:15,ok,2026-09-13T01:12:39.358492+05:30,2026-09-13_0112IST,airline_direct,IndiGo
MAA,DEL,6E,IndiGo,6E 404,2026-09-14,1,economy,,,9830.0,False,09:15,ok,2026-09-13T01:12:39.358492+05:30,2026-09-13_0112IST,airline_direct,IndiGo
MAA,DEL,6E,IndiGo,6E 6002,2026-09-14,1,business,,,28240.0,False,11:10,ok,2026-09-13T01:12:39.358492+05:30,2026-09-13_0112IST,airline_direct,IndiGo
MAA,DEL,6E,IndiGo,6E 6002,2026-09-14,1,economy,,,9830.0,False,11:10,ok,2026-09-13T01:12:39.358492+05:30,2026-09-13_0112IST,airline_direct,IndiGo
MAA,DEL,6E,IndiGo,6E 939,2026-09-14,1,business,,,28240.0,False,13:00,ok,2026-09-13T01:12:39.358492+05:30,2026-09-13_0112IST,airline_direct,IndiGo
MAA,DEL,6E,IndiGo,6E 939,2026-09-14,1,economy,,,9830.0,False,13:00,ok,2026-09-13T01:12:39.358492+05:30,2026-09-13_0112IST,airline_direct,IndiGo
MAA,DEL,6E,IndiGo,6E 951,2026-09-14,1,business,,,28240.0,False,21:50,ok,2026-09-13T01:12:39.358492+05:30,2026-09-13_0112IST,airline_direct,IndiGo
MAA,DEL,6E,IndiGo,6E 951,2026-09-14,1,economy,,,9830.0,False,21:50,ok,2026-09-13T01:12:39.358492+05:30,2026-09-13_0112IST,airline_direct,IndiGo
MAA,DEL,6E,IndiGo,6E 2369,2026-09-14,1,business,,,28240.0,False,23:45,ok,2026-09-13T01:12:39.358492+05:30,2026-09-13_0112IST,airline_direct,IndiGo
MAA,DEL,6E,IndiGo,6E 2369,2026-09-14,1,economy,,,9830.0,False,23:45,ok,2026-09-13T01:12:39.358492+05:30,2026-09-13_0112IST,airline_direct,IndiGo
MAA,DEL,6E,IndiGo,6E 948,2026-09-14,1,business,,,28240.0,False,14:30,ok,2026-09-13T01:12:39.358492+05:30,2026-09-13_0112IST,airline_direct,IndiGo
MAA,DEL,6E,IndiGo,6E 948,2026-09-14,1,economy,,,10295.0,False,14:30,ok,2026-09-13T01:12:39.358492+05:30,2026-09-13_0112IST,airline_direct,IndiGo
MAA,DEL,6E,IndiGo,6E 937,2026-09-14,1,business,,,28240.0,False,06:30,ok,2026-09-13T01:12:39.358492+05:30,2026-09-13_0112IST,airline_direct,IndiGo
MAA,DEL,6E,IndiGo,6E 937,2026-09-14,1,economy,,,10785.0,False,06:30,ok,2026-09-13T01:12:39.358492+05:30,2026-09-13_0112IST,airline_direct,IndiGo
MAA,DEL,6E,IndiGo,6E 613,2026-09-14,1,business,,,28240.0,False,19:00,ok,2026-09-13T01:12:39.358492+05:30,2026-09-13_0112IST,airline_direct,IndiGo
MAA,DEL,6E,IndiGo,6E 613,2026-09-14,1,economy,,,10785.0,False,19:00,ok,2026-09-13T01:12:39.358492+05:30,2026-09-13_0112IST,airline_direct,IndiGo
MAA,DEL,6E,IndiGo,6E 698,2026-09-14,1,business,,,28240.0,False,16:45,ok,2026-09-13T01:12:39.358492+05:30,2026-09-13_0112IST,airline_direct,IndiGo
MAA,DEL,6E,IndiGo,6E 698,2026-09-14,1,economy,,,12426.0,False,16:45,ok,2026-09-13T01:12:39.358492+05:30,2026-09-13_0112IST,airline_direct,IndiGo
MAA,DEL,6E,IndiGo,6E 6081,2026-09-14,1,business,,,32713.0,False,07:05,ok,2026-09-13T01:12:39.358492+05:30,2026-09-13_0112IST,airline_direct,IndiGo
MAA,DEL,6E,IndiGo,6E 6081,2026-09-14,1,economy,,,9857.0,False,07:05,ok,2026-09-13T01:12:39.358492+05:30,2026-09-13_0112IST,airline_direct,IndiGo
MAA,DEL,6E,IndiGo,6E 6081,2026-09-14,1,business,,,32713.0,False,07:05,ok,2026-09-13T01:12:39.358492+05:30,2026-09-13_0112IST,airline_direct,IndiGo
MAA,DEL,6E,IndiGo,6E 6081,2026-09-14,1,economy,,,9857.0,False,07:05,ok,2026-09-13T01:12:39.358492+05:30,2026-09-13_0112IST,airline_direct,IndiGo
MAA,DEL,6E,IndiGo,6E 6815,2026-09-14,1,business,,,32713.0,False,08:55,ok,2026-09-13T01:12:39.358492+05:30,2026-09-13_0112IST,airline_direct,IndiGo
MAA,DEL,6E,IndiGo,6E 6815,2026-09-14,1,economy,,,9857.0,False,08:55,ok,2026-09-13T01:12:39.358492+05:30,2026-09-13_0112IST,airline_direct,IndiGo
MAA,DEL,6E,IndiGo,6E 6892,2026-09-14,1,business,,,32713.0,False,10:55,ok,2026-09-13T01:12:39.358492+05:30,2026-09-13_0112IST,airline_direct,IndiGo
MAA,DEL,6E,IndiGo,6E 6892,2026-09-14,1,economy,,,9857.0,False,10:55,ok,2026-09-13T01:12:39.358492+05:30,2026-09-13_0112IST,airline_direct,IndiGo
MAA,DEL,6E,IndiGo,6E 6892,2026-09-14,1,business,,,32713.0,False,10:55,ok,2026-09-13T01:12:39.358492+05:30,2026-09-13_0112IST,airline_direct,IndiGo
MAA,DEL,6E,IndiGo,6E 6892,2026-09-14,1,economy,,,9857.0,False,10:55,ok,2026-09-13T01:12:39.358492+05:30,2026-09-13_0112IST,airline_direct,IndiGo
MAA,DEL,6E,IndiGo,6E 6005,2026-09-14,1,economy,,,9857.0,False,15:45,ok,2026-09-13T01:12:39.358492+05:30,2026-09-13_0112IST,airline_direct,IndiGo
MAA,DEL,6E,IndiGo,6E 365,2026-09-14,1,business,,,33433.0,False,17:45,ok,2026-09-13T01:12:39.358492+05:30,2026-09-13_0112IST,airline_direct,IndiGo
MAA,DEL,6E,IndiGo,6E 365,2026-09-14,1,economy,,,9857.0,False,17:45,ok,2026-09-13T01:12:39.358492+05:30,2026-09-13_0112IST,airline_direct,IndiGo
MAA,DEL,6E,IndiGo,6E 726,2026-09-14,1,economy,,,9857.0,False,18:20,ok,2026-09-13T01:12:39.358492+05:30,2026-09-13_0112IST,airline_direct,IndiGo
MAA,DEL,6E,IndiGo,6E 189,2026-09-14,1,business,,,34797.0,False,19:05,ok,2026-09-13T01:12:39.358492+05:30,2026-09-13_0112IST,airline_direct,IndiGo
MAA,DEL,6E,IndiGo,6E 189,2026-09-14,1,economy,,,9857.0,False,19:05,ok,2026-09-13T01:12:39.358492+05:30,2026-09-13_0112IST,airline_direct,IndiGo
MAA,DEL,6E,IndiGo,6E 6140,2026-09-14,1,business,,,32304.0,False,02:30,ok,2026-09-13T01:12:39.358492+05:30,2026-09-13_0112IST,airline_direct,IndiGo
MAA,DEL,6E,IndiGo,6E 6140,2026-09-14,1,economy,,,9988.0,False,02:30,ok,2026-09-13T01:12:39.358492+05:30,2026-09-13_0112IST,airline_direct,IndiGo
MAA,DEL,6E,IndiGo,6E 6140,2026-09-14,1,business,,,32304.0,False,02:30,ok,2026-09-13T01:12:39.358492+05:30,2026-09-13_0112IST,airline_direct,IndiGo
MAA,DEL,6E,IndiGo,6E 6140,2026-09-14,1,economy,,,9988.0,False,02:30,ok,2026-09-13T01:12:39.358492+05:30,2026-09-13_0112IST,airline_direct,IndiGo
MAA,DEL,6E,IndiGo,6E 5093,2026-09-14,1,business,,,39741.0,False,05:00,ok,2026-09-13T01:12:39.358492+05:30,2026-09-13_0112IST,airline_direct,IndiGo
MAA,DEL,6E,IndiGo,6E 5093,2026-09-14,1,economy,,,9988.0,False,05:00,ok,2026-09-13T01:12:39.358492+05:30,2026-09-13_0112IST,airline_direct,IndiGo
MAA,DEL,6E,IndiGo,6E 5314,2026-09-14,1,business,,,39741.0,False,06:45,ok,2026-09-13T01:12:39.358492+05:30,2026-09-13_0112IST,airline_direct,IndiGo
MAA,DEL,6E,IndiGo,6E 5314,2026-09-14,1,economy,,,9988.0,False,06:45,ok,2026-09-13T01:12:39.358492+05:30,2026-09-13_0112IST,airline_direct,IndiGo
MAA,DEL,6E,IndiGo,6E 6348,2026-09-14,1,business,,,43340.0,False,09:00,ok,2026-09-13T01:12:39.358492+05:30,2026-09-13_0112IST,airline_direct,IndiGo
MAA,DEL,6E,IndiGo,6E 6348,2026-09-14,1,economy,,,9988.0,False,09:00,ok,2026-09-13T01:12:39.358492+05:30,2026-09-13_0112IST,airline_direct,IndiGo
MAA,DEL,6E,IndiGo,6E 6348,2026-09-14,1,business,,,39741.0,False,09:00,ok,2026-09-13T01:12:39.358492+05:30,2026-09-13_0112IST,airline_direct,IndiGo
MAA,DEL,6E,IndiGo,6E 6348,2026-09-14,1,economy,,,9988.0,False,09:00,ok,2026-09-13T01:12:39.358492+05:30,2026-09-13_0112IST,airline_direct,IndiGo
MAA,DEL,6E,IndiGo,6E 5214,2026-09-14,1,business,,,43340.0,False,11:00,ok,2026-09-13T01:12:39.358492+05:30,2026-09-13_0112IST,airline_direct,IndiGo
MAA,DEL,6E,IndiGo,6E 5214,2026-09-14,1,economy,,,9988.0,False,11:00,ok,2026-09-13T01:12:39.358492+05:30,2026-09-13_0112IST,airline_direct,IndiGo
MAA,DEL,6E,IndiGo,6E 6326,2026-09-14,1,business,,,35937.0,False,11:45,ok,2026-09-13T01:12:39.358492+05:30,2026-09-13_0112IST,airline_direct,IndiGo
MAA,DEL,6E,IndiGo,6E 6326,2026-09-14,1,economy,,,9988.0,False,11:45,ok,2026-09-13T01:12:39.358492+05:30,2026-09-13_0112IST,airline_direct,IndiGo
MAA,DEL,6E,IndiGo,6E 5258,2026-09-14,1,business,,,39741.0,False,12:45,ok,2026-09-13T01:12:39.358492+05:30,2026-09-13_0112IST,airline_direct,IndiGo
MAA,DEL,6E,IndiGo,6E 5258,2026-09-14,1,economy,,,9988.0,False,12:45,ok,2026-09-13T01:12:39.358492+05:30,2026-09-13_0112IST,airline_direct,IndiGo
MAA,DEL,6E,IndiGo,6E 981,2026-09-14,1,economy,,,9988.0,False,13:50,ok,2026-09-13T01:12:39.358492+05:30,2026-09-13_0112IST,airline_direct,IndiGo
MAA,DEL,6E,IndiGo,6E 5371,2026-09-14,1,business,,,47116.0,False,14:45,ok,2026-09-13T01:12:39.358492+05:30,2026-09-13_0112IST,airline_direct,IndiGo
MAA,DEL,6E,IndiGo,6E 5371,2026-09-14,1,economy,,,9988.0,False,14:45,ok,2026-09-13T01:12:39.358492+05:30,2026-09-13_0112IST,airline_direct,IndiGo
MAA,DEL,6E,IndiGo,6E 606,2026-09-14,1,business,,,34521.0,False,18:05,ok,2026-09-13T01:12:39.358492+05:30,2026-09-13_0112IST,airline_direct,IndiGo
MAA,DEL,6E,IndiGo,6E 606,2026-09-14,1,economy,,,9988.0,False,18:05,ok,2026-09-13T01:12:39.358492+05:30,2026-09-13_0112IST,airline_direct,IndiGo
MAA,DEL,6E,IndiGo,6E 5367,2026-09-14,1,business,,,43340.0,False,18:15,ok,2026-09-13T01:12:39.358492+05:30,2026-09-13_0112IST,airline_direct,IndiGo
MAA,DEL,6E,IndiGo,6E 5367,2026-09-14,1,economy,,,9988.0,False,18:15,ok,2026-09-13T01:12:39.358492+05:30,2026-09-13_0112IST,airline_direct,IndiGo
MAA,DEL,6E,IndiGo,6E 253,2026-09-14,1,economy,,,10535.0,False,03:10,ok,2026-09-13T01:12:39.358492+05:30,2026-09-13_0112IST,airline_direct,IndiGo
MAA,DEL,6E,IndiGo,6E 244,2026-09-14,1,economy,,,10535.0,False,03:55,ok,2026-09-13T01:12:39.358492+05:30,2026-09-13_0112IST,airline_direct,IndiGo
MAA,DEL,6E,IndiGo,6E 607,2026-09-14,1,business,,,27587.0,False,05:40,ok,2026-09-13T01:12:39.358492+05:30,2026-09-13_0112IST,airline_direct,IndiGo
MAA,DEL,6E,IndiGo,6E 607,2026-09-14,1,economy,,,10535.0,False,05:40,ok,2026-09-13T01:12:39.358492+05:30,2026-09-13_0112IST,airline_direct,IndiGo
MAA,DEL,6E,IndiGo,6E 495,2026-09-14,1,economy,,,10535.0,False,07:10,ok,2026-09-13T01:12:39.358492+05:30,2026-09-13_0112IST,airline_direct,IndiGo
MAA,DEL,6E,IndiGo,6E 495,2026-09-14,1,economy,,,10535.0,False,07:10,ok,2026-09-13T01:12:39.358492+05:30,2026-09-13_0112IST,airline_direct,IndiGo
MAA,DEL,6E,IndiGo,6E 401,2026-09-14,1,economy,,,10535.0,False,08:10,ok,2026-09-13T01:12:39.358492+05:30,2026-09-13_0112IST,airline_direct,IndiGo
MAA,DEL,6E,IndiGo,6E 834,2026-09-14,1,economy,,,10535.0,False,09:05,ok,2026-09-13T01:12:39.358492+05:30,2026-09-13_0112IST,airline_direct,IndiGo
MAA,DEL,6E,IndiGo,6E 834,2026-09-14,1,economy,,,10535.0,False,09:05,ok,2026-09-13T01:12:39.358492+05:30,2026-09-13_0112IST,airline_direct,IndiGo
MAA,DEL,6E,IndiGo,6E 372,2026-09-14,1,business,,,30916.0,False,09:55,ok,2026-09-13T01:12:39.358492+05:30,2026-09-13_0112IST,airline_direct,IndiGo
MAA,DEL,6E,IndiGo,6E 372,2026-09-14,1,economy,,,10535.0,False,09:55,ok,2026-09-13T01:12:39.358492+05:30,2026-09-13_0112IST,airline_direct,IndiGo
MAA,DEL,6E,IndiGo,6E 502,2026-09-14,1,business,,,28415.0,False,11:10,ok,2026-09-13T01:12:39.358492+05:30,2026-09-13_0112IST,airline_direct,IndiGo
MAA,DEL,6E,IndiGo,6E 502,2026-09-14,1,economy,,,10535.0,False,11:10,ok,2026-09-13T01:12:39.358492+05:30,2026-09-13_0112IST,airline_direct,IndiGo
MAA,DEL,6E,IndiGo,6E 6925,2026-09-14,1,business,,,32974.0,False,12:00,ok,2026-09-13T01:12:39.358492+05:30,2026-09-13_0112IST,airline_direct,IndiGo
MAA,DEL,6E,IndiGo,6E 6925,2026-09-14,1,economy,,,10535.0,False,12:00,ok,2026-09-13T01:12:39.358492+05:30,2026-09-13_0112IST,airline_direct,IndiGo
MAA,DEL,6E,IndiGo,6E 6158,2026-09-14,1,business,,,32235.0,False,16:10,ok,2026-09-13T01:12:39.358492+05:30,2026-09-13_0112IST,airline_direct,IndiGo
MAA,DEL,6E,IndiGo,6E 6158,2026-09-14,1,economy,,,10535.0,False,16:10,ok,2026-09-13T01:12:39.358492+05:30,2026-09-13_0112IST,airline_direct,IndiGo
MAA,DEL,6E,IndiGo,6E 183,2026-09-14,1,business,,,30775.0,False,16:35,ok,2026-09-13T01:12:39.358492+05:30,2026-09-13_0112IST,airline_direct,IndiGo
MAA,DEL,6E,IndiGo,6E 183,2026-09-14,1,economy,,,10535.0,False,16:35,ok,2026-09-13T01:12:39.358492+05:30,2026-09-13_0112IST,airline_direct,IndiGo
MAA,DEL,6E,IndiGo,6E 489,2026-09-14,1,economy,,,10535.0,False,18:15,ok,2026-09-13T01:12:39.358492+05:30,2026-09-13_0112IST,airline_direct,IndiGo
MAA,DEL,6E,IndiGo,6E 193,2026-09-14,1,economy,,,10535.0,False,20:00,ok,2026-09-13T01:12:39.358492+05:30,2026-09-13_0112IST,airline_direct,IndiGo
MAA,DEL,6E,IndiGo,6E 6487,2026-09-14,1,business,,,30916.0,False,21:25,ok,2026-09-13T01:12:39.358492+05:30,2026-09-13_0112IST,airline_direct,IndiGo
MAA,DEL,6E,IndiGo,6E 6487,2026-09-14,1,economy,,,10535.0,False,21:25,ok,2026-09-13T01:12:39.358492+05:30,2026-09-13_0112IST,airline_direct,IndiGo
MAA,DEL,6E,IndiGo,6E 561,2026-09-14,1,business,,,28767.0,False,22:20,ok,2026-09-13T01:12:39.358492+05:30,2026-09-13_0112IST,airline_direct,IndiGo
MAA,DEL,6E,IndiGo,6E 561,2026-09-14,1,economy,,,10535.0,False,22:20,ok,2026-09-13T01:12:39.358492+05:30,2026-09-13_0112IST,airline_direct,IndiGo
MAA,DEL,6E,IndiGo,6E 973,2026-09-14,1,economy,,,11366.0,False,11:55,ok,2026-09-13T01:12:39.358492+05:30,2026-09-13_0112IST,airline_direct,IndiGo
MAA,DEL,6E,IndiGo,6E 6209,2026-09-14,1,business,,,33057.0,False,14:35,ok,2026-09-13T01:12:39.358492+05:30,2026-09-13_0112IST,airline_direct,IndiGo
MAA,DEL,6E,IndiGo,6E 6209,2026-09-14,1,economy,,,11445.0,False,14:35,ok,2026-09-13T01:12:39.358492+05:30,2026-09-13_0112IST,airline_direct,IndiGo
MAA,DEL,6E,IndiGo,6E 321,2026-09-14,1,business,,,36645.0,False,08:20,ok,2026-09-13T01:12:39.358492+05:30,2026-09-13_0112IST,airline_direct,IndiGo
MAA,DEL,6E,IndiGo,6E 321,2026-09-14,1,economy,,,11576.0,False,08:20,ok,2026-09-13T01:12:39.358492+05:30,2026-09-13_0112IST,airline_direct,IndiGo
MAA,DEL,6E,IndiGo,6E 847,2026-09-14,1,business,,,32713.0,False,16:15,ok,2026-09-13T01:12:39.358492+05:30,2026-09-13_0112IST,airline_direct,IndiGo
MAA,DEL,6E,IndiGo,6E 847,2026-09-14,1,economy,,,11972.0,False,16:15,ok,2026-09-13T01:12:39.358492+05:30,2026-09-13_0112IST,airline_direct,IndiGo
MAA,DEL,6E,IndiGo,6E 6209,2026-09-14,1,business,,,33057.0,False,14:35,ok,2026-09-13T01:12:39.358492+05:30,2026-09-13_0112IST,airline_direct,IndiGo
MAA,DEL,6E,IndiGo,6E 6209,2026-09-14,1,economy,,,12277.0,False,14:35,ok,2026-09-13T01:12:39.358492+05:30,2026-09-13_0112IST,airline_direct,IndiGo
MAA,DEL,6E,IndiGo,6E 848,2026-09-14,1,economy,,,14373.0,False,17:50,ok,2026-09-13T01:12:39.358492+05:30,2026-09-13_0112IST,airline_direct,IndiGo
MAA,DEL,6E,IndiGo,6E 562,2026-09-14,1,business,,,31579.0,False,18:20,ok,2026-09-13T01:12:39.358492+05:30,2026-09-13_0112IST,airline_direct,IndiGo
MAA,DEL,6E,IndiGo,6E 562,2026-09-14,1,economy,,,14414.0,False,18:20,ok,2026-09-13T01:12:39.358492+05:30,2026-09-13_0112IST,airline_direct,IndiGo
MAA,DEL,6E,IndiGo,6E 372,2026-09-14,1,business,,,30916.0,False,09:55,ok,2026-09-13T01:12:39.358492+05:30,2026-09-13_0112IST,airline_direct,IndiGo
MAA,DEL,6E,IndiGo,6E 372,2026-09-14,1,economy,,,14535.0,False,09:55,ok,2026-09-13T01:12:39.358492+05:30,2026-09-13_0112IST,airline_direct,IndiGo
MAA,DEL,6E,IndiGo,6E 5104,2026-09-14,1,business,,,39741.0,False,16:40,ok,2026-09-13T01:12:39.358492+05:30,2026-09-13_0112IST,airline_direct,IndiGo
MAA,DEL,6E,IndiGo,6E 5104,2026-09-14,1,economy,,,14583.0,False,16:40,ok,2026-09-13T01:12:39.358492+05:30,2026-09-13_0112IST,airline_direct,IndiGo
MAA,DEL,6E,IndiGo,6E 597,2026-09-14,1,economy,,,14741.0,False,17:45,ok,2026-09-13T01:12:39.358492+05:30,2026-09-13_0112IST,airline_direct,IndiGo
MAA,DEL,6E,IndiGo,6E 6925,2026-09-14,1,business,,,31579.0,False,12:00,ok,2026-09-13T01:12:39.358492+05:30,2026-09-13_0112IST,airline_direct,IndiGo
MAA,DEL,6E,IndiGo,6E 6925,2026-09-14,1,economy,,,15031.0,False,12:00,ok,2026-09-13T01:12:39.358492+05:30,2026-09-13_0112IST,airline_direct,IndiGo
DEL,BOM,6E,IndiGo,6E 6218,2026-09-20,7,business,,,24260.0,False,06:05,ok,2026-09-13T01:13:40.159849+05:30,2026-09-13_0113IST,airline_direct,IndiGo
DEL,BOM,6E,IndiGo,6E 6218,2026-09-20,7,economy,,,6305.0,False,06:05,ok,2026-09-13T01:13:40.159849+05:30,2026-09-13_0113IST,airline_direct,IndiGo
DEL,BOM,6E,IndiGo,6E 320,2026-09-20,7,business,,,24260.0,False,08:00,ok,2026-09-13T01:13:40.159849+05:30,2026-09-13_0113IST,airline_direct,IndiGo
DEL,BOM,6E,IndiGo,6E 320,2026-09-20,7,economy,,,6305.0,False,08:00,ok,2026-09-13T01:13:40.159849+05:30,2026-09-13_0113IST,airline_direct,IndiGo
DEL,BOM,6E,IndiGo,6E 6107,2026-09-20,7,business,,,24260.0,False,09:30,ok,2026-09-13T01:13:40.159849+05:30,2026-09-13_0113IST,airline_direct,IndiGo
DEL,BOM,6E,IndiGo,6E 6107,2026-09-20,7,economy,,,6305.0,False,09:30,ok,2026-09-13T01:13:40.159849+05:30,2026-09-13_0113IST,airline_direct,IndiGo
DEL,BOM,6E,IndiGo,6E 6114,2026-09-20,7,business,,,24260.0,False,22:45,ok,2026-09-13T01:13:40.159849+05:30,2026-09-13_0113IST,airline_direct,IndiGo
DEL,BOM,6E,IndiGo,6E 6114,2026-09-20,7,economy,,,6305.0,False,22:45,ok,2026-09-13T01:13:40.159849+05:30,2026-09-13_0113IST,airline_direct,IndiGo
DEL,BOM,6E,IndiGo,6E 322,2026-09-20,7,business,,,24260.0,False,23:30,ok,2026-09-13T01:13:40.159849+05:30,2026-09-13_0113IST,airline_direct,IndiGo
DEL,BOM,6E,IndiGo,6E 322,2026-09-20,7,economy,,,6305.0,False,23:30,ok,2026-09-13T01:13:40.159849+05:30,2026-09-13_0113IST,airline_direct,IndiGo
DEL,BOM,6E,IndiGo,6E 675,2026-09-20,7,business,,,24260.0,False,08:45,ok,2026-09-13T01:13:40.159849+05:30,2026-09-13_0113IST,airline_direct,IndiGo
DEL,BOM,6E,IndiGo,6E 675,2026-09-20,7,economy,,,6357.0,False,08:45,ok,2026-09-13T01:13:40.159849+05:30,2026-09-13_0113IST,airline_direct,IndiGo
DEL,BOM,6E,IndiGo,6E 6328,2026-09-20,7,business,,,24260.0,False,10:15,ok,2026-09-13T01:13:40.159849+05:30,2026-09-13_0113IST,airline_direct,IndiGo
DEL,BOM,6E,IndiGo,6E 6328,2026-09-20,7,economy,,,6431.0,False,10:15,ok,2026-09-13T01:13:40.159849+05:30,2026-09-13_0113IST,airline_direct,IndiGo
DEL,BOM,6E,IndiGo,6E 395,2026-09-20,7,business,,,24260.0,False,21:45,ok,2026-09-13T01:13:40.159849+05:30,2026-09-13_0113IST,airline_direct,IndiGo
DEL,BOM,6E,IndiGo,6E 395,2026-09-20,7,economy,,,6431.0,False,21:45,ok,2026-09-13T01:13:40.159849+05:30,2026-09-13_0113IST,airline_direct,IndiGo
DEL,BOM,6E,IndiGo,6E 6047,2026-09-20,7,business,,,24260.0,False,11:00,ok,2026-09-13T01:13:40.159849+05:30,2026-09-13_0113IST,airline_direct,IndiGo
DEL,BOM,6E,IndiGo,6E 6047,2026-09-20,7,economy,,,6688.0,False,11:00,ok,2026-09-13T01:13:40.159849+05:30,2026-09-13_0113IST,airline_direct,IndiGo
DEL,BOM,6E,IndiGo,6E 6676,2026-09-20,7,business,,,24260.0,False,12:00,ok,2026-09-13T01:13:40.159849+05:30,2026-09-13_0113IST,airline_direct,IndiGo
DEL,BOM,6E,IndiGo,6E 6676,2026-09-20,7,economy,,,7003.0,False,12:00,ok,2026-09-13T01:13:40.159849+05:30,2026-09-13_0113IST,airline_direct,IndiGo
DEL,BOM,6E,IndiGo,6E 6022,2026-09-20,7,business,,,28443.0,False,14:00,ok,2026-09-13T01:13:40.159849+05:30,2026-09-13_0113IST,airline_direct,IndiGo
DEL,BOM,6E,IndiGo,6E 6022,2026-09-20,7,economy,,,7318.0,False,14:00,ok,2026-09-13T01:13:40.159849+05:30,2026-09-13_0113IST,airline_direct,IndiGo
DEL,BOM,6E,IndiGo,6E 354,2026-09-20,7,business,,,24260.0,False,19:00,ok,2026-09-13T01:13:40.159849+05:30,2026-09-13_0113IST,airline_direct,IndiGo
DEL,BOM,6E,IndiGo,6E 354,2026-09-20,7,economy,,,7318.0,False,19:00,ok,2026-09-13T01:13:40.159849+05:30,2026-09-13_0113IST,airline_direct,IndiGo
DEL,BOM,6E,IndiGo,6E 303,2026-09-20,7,business,,,28443.0,False,20:00,ok,2026-09-13T01:13:40.159849+05:30,2026-09-13_0113IST,airline_direct,IndiGo
DEL,BOM,6E,IndiGo,6E 303,2026-09-20,7,economy,,,7318.0,False,20:00,ok,2026-09-13T01:13:40.159849+05:30,2026-09-13_0113IST,airline_direct,IndiGo
DEL,BOM,6E,IndiGo,6E 853,2026-09-20,7,business,,,24260.0,False,20:45,ok,2026-09-13T01:13:40.159849+05:30,2026-09-13_0113IST,airline_direct,IndiGo
DEL,BOM,6E,IndiGo,6E 853,2026-09-20,7,economy,,,7318.0,False,20:45,ok,2026-09-13T01:13:40.159849+05:30,2026-09-13_0113IST,airline_direct,IndiGo
DEL,BOM,6E,IndiGo,6E 6318,2026-09-20,7,business,,,24260.0,False,14:45,ok,2026-09-13T01:13:40.159849+05:30,2026-09-13_0113IST,airline_direct,IndiGo
DEL,BOM,6E,IndiGo,6E 6318,2026-09-20,7,economy,,,7685.0,False,14:45,ok,2026-09-13T01:13:40.159849+05:30,2026-09-13_0113IST,airline_direct,IndiGo
DEL,BOM,6E,IndiGo,6E 329,2026-09-20,7,business,,,24260.0,False,18:00,ok,2026-09-13T01:13:40.159849+05:30,2026-09-13_0113IST,airline_direct,IndiGo
DEL,BOM,6E,IndiGo,6E 329,2026-09-20,7,economy,,,7685.0,False,18:00,ok,2026-09-13T01:13:40.159849+05:30,2026-09-13_0113IST,airline_direct,IndiGo
DEL,BOM,6E,IndiGo,6E 324,2026-09-20,7,business,,,28443.0,False,13:00,ok,2026-09-13T01:13:40.159849+05:30,2026-09-13_0113IST,airline_direct,IndiGo
DEL,BOM,6E,IndiGo,6E 324,2026-09-20,7,economy,,,8105.0,False,13:00,ok,2026-09-13T01:13:40.159849+05:30,2026-09-13_0113IST,airline_direct,IndiGo
DEL,BOM,6E,IndiGo,6E 864,2026-09-20,7,business,,,24260.0,False,15:30,ok,2026-09-13T01:13:40.159849+05:30,2026-09-13_0113IST,airline_direct,IndiGo
DEL,BOM,6E,IndiGo,6E 864,2026-09-20,7,economy,,,8105.0,False,15:30,ok,2026-09-13T01:13:40.159849+05:30,2026-09-13_0113IST,airline_direct,IndiGo
DEL,BOM,6E,IndiGo,6E 327,2026-09-20,7,business,,,24260.0,False,16:15,ok,2026-09-13T01:13:40.159849+05:30,2026-09-13_0113IST,airline_direct,IndiGo
DEL,BOM,6E,IndiGo,6E 327,2026-09-20,7,economy,,,8105.0,False,16:15,ok,2026-09-13T01:13:40.159849+05:30,2026-09-13_0113IST,airline_direct,IndiGo
DEL,BOM,6E,IndiGo,6E 6706,2026-09-20,7,business,,,24260.0,False,17:00,ok,2026-09-13T01:13:40.159849+05:30,2026-09-13_0113IST,airline_direct,IndiGo
DEL,BOM,6E,IndiGo,6E 6706,2026-09-20,7,economy,,,8630.0,False,17:00,ok,2026-09-13T01:13:40.159849+05:30,2026-09-13_0113IST,airline_direct,IndiGo
DEL,BOM,6E,IndiGo,6E 6261,2026-09-20,7,economy,,,7120.0,False,00:15,ok,2026-09-13T01:13:40.159849+05:30,2026-09-13_0113IST,airline_direct,IndiGo
DEL,BOM,6E,IndiGo,6E 5119,2026-09-20,7,economy,,,7120.0,False,05:10,ok,2026-09-13T01:13:40.159849+05:30,2026-09-13_0113IST,airline_direct,IndiGo
DEL,BOM,6E,IndiGo,6E 5119,2026-09-20,7,economy,,,7120.0,False,05:10,ok,2026-09-13T01:13:40.159849+05:30,2026-09-13_0113IST,airline_direct,IndiGo
DEL,BOM,6E,IndiGo,6E 6171,2026-09-20,7,economy,,,7120.0,False,05:40,ok,2026-09-13T01:13:40.159849+05:30,2026-09-13_0113IST,airline_direct,IndiGo
DEL,BOM,6E,IndiGo,6E 2076,2026-09-20,7,economy,,,7120.0,False,07:30,ok,2026-09-13T01:13:40.159849+05:30,2026-09-13_0113IST,airline_direct,IndiGo
DEL,BOM,6E,IndiGo,6E 6983,2026-09-20,7,economy,,,7120.0,False,15:35,ok,2026-09-13T01:13:40.159849+05:30,2026-09-13_0113IST,airline_direct,IndiGo
DEL,BOM,6E,IndiGo,6E 5073,2026-09-20,7,economy,,,7120.0,False,17:05,ok,2026-09-13T01:13:40.159849+05:30,2026-09-13_0113IST,airline_direct,IndiGo
DEL,BOM,6E,IndiGo,6E 931,2026-09-20,7,economy,,,7120.0,False,19:35,ok,2026-09-13T01:13:40.159849+05:30,2026-09-13_0113IST,airline_direct,IndiGo
DEL,BOM,6E,IndiGo,6E 2013,2026-09-20,7,economy,,,7120.0,False,21:50,ok,2026-09-13T01:13:40.159849+05:30,2026-09-13_0113IST,airline_direct,IndiGo
DEL,BOM,6E,IndiGo,6E 6569,2026-09-20,7,economy,,,7252.0,False,05:00,ok,2026-09-13T01:13:40.159849+05:30,2026-09-13_0113IST,airline_direct,IndiGo
DEL,BOM,6E,IndiGo,6E 6443,2026-09-20,7,economy,,,7252.0,False,09:00,ok,2026-09-13T01:13:40.159849+05:30,2026-09-13_0113IST,airline_direct,IndiGo
DEL,BOM,6E,IndiGo,6E 6829,2026-09-20,7,economy,,,7252.0,False,17:20,ok,2026-09-13T01:13:40.159849+05:30,2026-09-13_0113IST,airline_direct,IndiGo
DEL,BOM,6E,IndiGo,6E 184,2026-09-20,7,economy,,,7252.0,False,19:40,ok,2026-09-13T01:13:40.159849+05:30,2026-09-13_0113IST,airline_direct,IndiGo
DEL,BOM,6E,IndiGo,6E 6476,2026-09-20,7,economy,,,7330.0,False,07:05,ok,2026-09-13T01:13:40.159849+05:30,2026-09-13_0113IST,airline_direct,IndiGo
DEL,BOM,6E,IndiGo,6E 6476,2026-09-20,7,economy,,,7330.0,False,07:05,ok,2026-09-13T01:13:40.159849+05:30,2026-09-13_0113IST,airline_direct,IndiGo
DEL,BOM,6E,IndiGo,6E 5298,2026-09-20,7,economy,,,7330.0,False,09:00,ok,2026-09-13T01:13:40.159849+05:30,2026-09-13_0113IST,airline_direct,IndiGo
DEL,BOM,6E,IndiGo,6E 2151,2026-09-20,7,economy,,,7330.0,False,19:45,ok,2026-09-13T01:13:40.159849+05:30,2026-09-13_0113IST,airline_direct,IndiGo
DEL,BOM,6E,IndiGo,6E 6479,2026-09-20,7,economy,,,7330.0,False,21:25,ok,2026-09-13T01:13:40.159849+05:30,2026-09-13_0113IST,airline_direct,IndiGo
DEL,BOM,6E,IndiGo,6E 705,2026-09-20,7,business,,,36166.0,False,08:30,ok,2026-09-13T01:13:40.159849+05:30,2026-09-13_0113IST,airline_direct,IndiGo
DEL,BOM,6E,IndiGo,6E 705,2026-09-20,7,economy,,,7462.0,False,08:30,ok,2026-09-13T01:13:40.159849+05:30,2026-09-13_0113IST,airline_direct,IndiGo
DEL,BOM,6E,IndiGo,6E 6497,2026-09-20,7,economy,,,7462.0,False,18:40,ok,2026-09-13T01:13:40.159849+05:30,2026-09-13_0113IST,airline_direct,IndiGo
DEL,BOM,6E,IndiGo,6E 882,2026-09-20,7,business,,,29592.0,False,23:15,ok,2026-09-13T01:13:40.159849+05:30,2026-09-13_0113IST,airline_direct,IndiGo
DEL,BOM,6E,IndiGo,6E 882,2026-09-20,7,economy,,,7462.0,False,23:15,ok,2026-09-13T01:13:40.159849+05:30,2026-09-13_0113IST,airline_direct,IndiGo
DEL,BOM,6E,IndiGo,6E 357,2026-09-20,7,business,,,37264.0,False,19:25,ok,2026-09-13T01:13:40.159849+05:30,2026-09-13_0113IST,airline_direct,IndiGo
DEL,BOM,6E,IndiGo,6E 357,2026-09-20,7,economy,,,8115.0,False,19:25,ok,2026-09-13T01:13:40.159849+05:30,2026-09-13_0113IST,airline_direct,IndiGo
DEL,BOM,6E,IndiGo,6E 2249,2026-09-20,7,economy,,,8456.0,False,15:00,ok,2026-09-13T01:13:40.159849+05:30,2026-09-13_0113IST,airline_direct,IndiGo
DEL,BOM,6E,IndiGo,6E 2381,2026-09-20,7,economy,,,9360.0,False,13:45,ok,2026-09-13T01:13:40.159849+05:30,2026-09-13_0113IST,airline_direct,IndiGo
DEL,BOM,6E,IndiGo,6E 2349,2026-09-20,7,economy,,,9713.0,False,10:55,ok,2026-09-13T01:13:40.159849+05:30,2026-09-13_0113IST,airline_direct,IndiGo
DEL,BOM,6E,IndiGo,6E 5033,2026-09-20,7,economy,,,9780.0,False,15:50,ok,2026-09-13T01:13:40.159849+05:30,2026-09-13_0113IST,airline_direct,IndiGo
DEL,BOM,6E,IndiGo,6E 5014,2026-09-20,7,economy,,,11539.0,False,18:30,ok,2026-09-13T01:13:40.159849+05:30,2026-09-13_0113IST,airline_direct,IndiGo
DEL,BOM,6E,IndiGo,6E 5206,2026-09-20,7,economy,,,11866.0,False,13:20,ok,2026-09-13T01:13:40.159849+05:30,2026-09-13_0113IST,airline_direct,IndiGo
DEL,BOM,6E,IndiGo,6E 6459,2026-09-20,7,economy,,,12852.0,False,05:55,ok,2026-09-13T01:13:40.159849+05:30,2026-09-13_0113IST,airline_direct,IndiGo
DEL,BOM,6E,IndiGo,6E 6829,2026-09-20,7,economy,,,13137.0,False,17:20,ok,2026-09-13T01:13:40.159849+05:30,2026-09-13_0113IST,airline_direct,IndiGo
DEL,BOM,6E,IndiGo,6E 2341,2026-09-20,7,economy,,,13665.0,False,14:50,ok,2026-09-13T01:13:40.159849+05:30,2026-09-13_0113IST,airline_direct,IndiGo
DEL,BOM,6E,IndiGo,6E 5138,2026-09-20,7,economy,,,13796.0,False,19:10,ok,2026-09-13T01:13:40.159849+05:30,2026-09-13_0113IST,airline_direct,IndiGo
DEL,BOM,6E,IndiGo,6E 5073,2026-09-20,7,economy,,,14682.0,False,17:05,ok,2026-09-13T01:13:40.159849+05:30,2026-09-13_0113IST,airline_direct,IndiGo
DEL,BOM,6E,IndiGo,6E 2331,2026-09-20,7,economy,,,14888.0,False,12:20,ok,2026-09-13T01:13:40.159849+05:30,2026-09-13_0113IST,airline_direct,IndiGo
DEL,BOM,6E,IndiGo,6E 6433,2026-09-20,7,economy,,,15137.0,False,16:30,ok,2026-09-13T01:13:40.159849+05:30,2026-09-13_0113IST,airline_direct,IndiGo
DEL,BOM,6E,IndiGo,6E 2298,2026-09-20,7,economy,,,16170.0,False,09:45,ok,2026-09-13T01:13:40.159849+05:30,2026-09-13_0113IST,airline_direct,IndiGo
DEL,BOM,6E,IndiGo,6E 758,2026-09-20,7,economy,,,16443.0,False,16:10,ok,2026-09-13T01:13:40.159849+05:30,2026-09-13_0113IST,airline_direct,IndiGo
DEL,BOM,6E,IndiGo,6E 6293,2026-09-20,7,business,,,36166.0,False,09:55,ok,2026-09-13T01:13:40.159849+05:30,2026-09-13_0113IST,airline_direct,IndiGo
DEL,BOM,6E,IndiGo,6E 6293,2026-09-20,7,economy,,,16877.0,False,09:55,ok,2026-09-13T01:13:40.159849+05:30,2026-09-13_0113IST,airline_direct,IndiGo
DEL,BOM,6E,IndiGo,6E 6488,2026-09-20,7,economy,,,17157.0,False,11:20,ok,2026-09-13T01:13:40.159849+05:30,2026-09-13_0113IST,airline_direct,IndiGo
DEL,BOM,6E,IndiGo,6E 5038,2026-09-20,7,economy,,,17408.0,False,14:00,ok,2026-09-13T01:13:40.159849+05:30,2026-09-13_0113IST,airline_direct,IndiGo
DEL,BOM,6E,IndiGo,6E 6601,2026-09-20,7,business,,,36166.0,False,19:45,ok,2026-09-13T01:13:40.159849+05:30,2026-09-13_0113IST,airline_direct,IndiGo
DEL,BOM,6E,IndiGo,6E 6601,2026-09-20,7,economy,,,18053.0,False,19:45,ok,2026-09-13T01:13:40.159849+05:30,2026-09-13_0113IST,airline_direct,IndiGo
DEL,BOM,6E,IndiGo,6E 6282,2026-09-20,7,business,,,38630.0,False,13:30,ok,2026-09-13T01:13:40.159849+05:30,2026-09-13_0113IST,airline_direct,IndiGo
DEL,BOM,6E,IndiGo,6E 6282,2026-09-20,7,economy,,,19678.0,False,13:30,ok,2026-09-13T01:13:40.159849+05:30,2026-09-13_0113IST,airline_direct,IndiGo
DEL,BOM,6E,IndiGo,6E 6212,2026-09-20,7,business,,,36166.0,False,14:45,ok,2026-09-13T01:13:40.159849+05:30,2026-09-13_0113IST,airline_direct,IndiGo
DEL,BOM,6E,IndiGo,6E 6212,2026-09-20,7,economy,,,19678.0,False,14:45,ok,2026-09-13T01:13:40.159849+05:30,2026-09-13_0113IST,airline_direct,IndiGo
DEL,BOM,6E,IndiGo,6E 358,2026-09-20,7,business,,,40627.0,False,12:15,ok,2026-09-13T01:13:40.159849+05:30,2026-09-13_0113IST,airline_direct,IndiGo
DEL,BOM,6E,IndiGo,6E 358,2026-09-20,7,economy,,,19892.0,False,12:15,ok,2026-09-13T01:13:40.159849+05:30,2026-09-13_0113IST,airline_direct,IndiGo
DEL,BOM,6E,IndiGo,6E 2496,2026-09-20,7,economy,,,43580.0,False,12:40,ok,2026-09-13T01:13:40.159849+05:30,2026-09-13_0113IST,airline_direct,IndiGo
DEL,BLR,6E,IndiGo,6E 820,2026-09-20,7,business,,,29942.0,False,03:00,ok,2026-09-13T01:14:36.104770+05:30,2026-09-13_0114IST,airline_direct,IndiGo
DEL,BLR,6E,IndiGo,6E 820,2026-09-20,7,economy,,,9613.0,False,03:00,ok,2026-09-13T01:14:36.104770+05:30,2026-09-13_0114IST,airline_direct,IndiGo
DEL,BLR,6E,IndiGo,6E 2314,2026-09-20,7,business,,,29942.0,False,05:45,ok,2026-09-13T01:14:36.104770+05:30,2026-09-13_0114IST,airline_direct,IndiGo
DEL,BLR,6E,IndiGo,6E 2314,2026-09-20,7,economy,,,9613.0,False,05:45,ok,2026-09-13T01:14:36.104770+05:30,2026-09-13_0114IST,airline_direct,IndiGo
DEL,BLR,6E,IndiGo,6E 846,2026-09-20,7,business,,,29942.0,False,22:00,ok,2026-09-13T01:14:36.104770+05:30,2026-09-13_0114IST,airline_direct,IndiGo
DEL,BLR,6E,IndiGo,6E 846,2026-09-20,7,economy,,,9613.0,False,22:00,ok,2026-09-13T01:14:36.104770+05:30,2026-09-13_0114IST,airline_direct,IndiGo
DEL,BLR,6E,IndiGo,6E 871,2026-09-20,7,business,,,29942.0,False,23:30,ok,2026-09-13T01:14:36.104770+05:30,2026-09-13_0114IST,airline_direct,IndiGo
DEL,BLR,6E,IndiGo,6E 871,2026-09-20,7,economy,,,9613.0,False,23:30,ok,2026-09-13T01:14:36.104770+05:30,2026-09-13_0114IST,airline_direct,IndiGo
DEL,BLR,6E,IndiGo,6E 810,2026-09-20,7,business,,,29942.0,False,07:05,ok,2026-09-13T01:14:36.104770+05:30,2026-09-13_0114IST,airline_direct,IndiGo
DEL,BLR,6E,IndiGo,6E 810,2026-09-20,7,economy,,,10128.0,False,07:05,ok,2026-09-13T01:14:36.104770+05:30,2026-09-13_0114IST,airline_direct,IndiGo
DEL,BLR,6E,IndiGo,6E 6515,2026-09-20,7,business,,,31228.0,False,20:45,ok,2026-09-13T01:14:36.104770+05:30,2026-09-13_0114IST,airline_direct,IndiGo
DEL,BLR,6E,IndiGo,6E 6515,2026-09-20,7,economy,,,10128.0,False,20:45,ok,2026-09-13T01:14:36.104770+05:30,2026-09-13_0114IST,airline_direct,IndiGo
DEL,BLR,6E,IndiGo,6E 873,2026-09-20,7,business,,,29942.0,False,08:20,ok,2026-09-13T01:14:36.104770+05:30,2026-09-13_0114IST,airline_direct,IndiGo
DEL,BLR,6E,IndiGo,6E 873,2026-09-20,7,economy,,,10675.0,False,08:20,ok,2026-09-13T01:14:36.104770+05:30,2026-09-13_0114IST,airline_direct,IndiGo
DEL,BLR,6E,IndiGo,6E 861,2026-09-20,7,business,,,29942.0,False,19:30,ok,2026-09-13T01:14:36.104770+05:30,2026-09-13_0114IST,airline_direct,IndiGo
DEL,BLR,6E,IndiGo,6E 861,2026-09-20,7,economy,,,11257.0,False,19:30,ok,2026-09-13T01:14:36.104770+05:30,2026-09-13_0114IST,airline_direct,IndiGo
DEL,BLR,6E,IndiGo,6E 826,2026-09-20,7,business,,,29942.0,False,09:30,ok,2026-09-13T01:14:36.104770+05:30,2026-09-13_0114IST,airline_direct,IndiGo
DEL,BLR,6E,IndiGo,6E 826,2026-09-20,7,economy,,,12529.0,False,09:30,ok,2026-09-13T01:14:36.104770+05:30,2026-09-13_0114IST,airline_direct,IndiGo
DEL,BLR,6E,IndiGo,6E 837,2026-09-20,7,business,,,29942.0,False,17:00,ok,2026-09-13T01:14:36.104770+05:30,2026-09-13_0114IST,airline_direct,IndiGo
DEL,BLR,6E,IndiGo,6E 837,2026-09-20,7,economy,,,12529.0,False,17:00,ok,2026-09-13T01:14:36.104770+05:30,2026-09-13_0114IST,airline_direct,IndiGo
DEL,BLR,6E,IndiGo,6E 880,2026-09-20,7,business,,,29942.0,False,15:45,ok,2026-09-13T01:14:36.104770+05:30,2026-09-13_0114IST,airline_direct,IndiGo
DEL,BLR,6E,IndiGo,6E 880,2026-09-20,7,economy,,,13964.0,False,15:45,ok,2026-09-13T01:14:36.104770+05:30,2026-09-13_0114IST,airline_direct,IndiGo
DEL,BLR,6E,IndiGo,6E 811,2026-09-20,7,business,,,31228.0,False,18:20,ok,2026-09-13T01:14:36.104770+05:30,2026-09-13_0114IST,airline_direct,IndiGo
DEL,BLR,6E,IndiGo,6E 811,2026-09-20,7,economy,,,13964.0,False,18:20,ok,2026-09-13T01:14:36.104770+05:30,2026-09-13_0114IST,airline_direct,IndiGo
DEL,BLR,6E,IndiGo,6E 828,2026-09-20,7,business,,,29942.0,False,14:30,ok,2026-09-13T01:14:36.104770+05:30,2026-09-13_0114IST,airline_direct,IndiGo
DEL,BLR,6E,IndiGo,6E 828,2026-09-20,7,economy,,,15585.0,False,14:30,ok,2026-09-13T01:14:36.104770+05:30,2026-09-13_0114IST,airline_direct,IndiGo
DEL,BLR,6E,IndiGo,6E 842,2026-09-20,7,business,,,29942.0,False,10:45,ok,2026-09-13T01:14:36.104770+05:30,2026-09-13_0114IST,airline_direct,IndiGo
DEL,BLR,6E,IndiGo,6E 842,2026-09-20,7,economy,,,16471.0,False,10:45,ok,2026-09-13T01:14:36.104770+05:30,2026-09-13_0114IST,airline_direct,IndiGo
DEL,BLR,6E,IndiGo,6E 850,2026-09-20,7,business,,,31228.0,False,12:20,ok,2026-09-13T01:14:36.104770+05:30,2026-09-13_0114IST,airline_direct,IndiGo
DEL,BLR,6E,IndiGo,6E 850,2026-09-20,7,economy,,,16471.0,False,12:20,ok,2026-09-13T01:14:36.104770+05:30,2026-09-13_0114IST,airline_direct,IndiGo
DEL,BLR,6E,IndiGo,6E 176,2026-09-20,7,business,,,29942.0,False,13:15,ok,2026-09-13T01:14:36.104770+05:30,2026-09-13_0114IST,airline_direct,IndiGo
DEL,BLR,6E,IndiGo,6E 176,2026-09-20,7,economy,,,16471.0,False,13:15,ok,2026-09-13T01:14:36.104770+05:30,2026-09-13_0114IST,airline_direct,IndiGo
DEL,BLR,6E,IndiGo,6E 884,2026-09-20,7,business,,,39457.0,False,11:45,ok,2026-09-13T01:14:36.104770+05:30,2026-09-13_0114IST,airline_direct,IndiGo
DEL,BLR,6E,IndiGo,6E 884,2026-09-20,7,economy,,,9946.0,False,11:45,ok,2026-09-13T01:14:36.104770+05:30,2026-09-13_0114IST,airline_direct,IndiGo
DEL,BLR,6E,IndiGo,6E 2343,2026-09-20,7,business,,,28270.0,False,02:20,ok,2026-09-13T01:14:36.104770+05:30,2026-09-13_0114IST,airline_direct,IndiGo
DEL,BLR,6E,IndiGo,6E 2343,2026-09-20,7,economy,,,10077.0,False,02:20,ok,2026-09-13T01:14:36.104770+05:30,2026-09-13_0114IST,airline_direct,IndiGo
DEL,BLR,6E,IndiGo,6E 5119,2026-09-20,7,economy,,,10077.0,False,05:10,ok,2026-09-13T01:14:36.104770+05:30,2026-09-13_0114IST,airline_direct,IndiGo
DEL,BLR,6E,IndiGo,6E 6470,2026-09-20,7,economy,,,10077.0,False,06:55,ok,2026-09-13T01:14:36.104770+05:30,2026-09-13_0114IST,airline_direct,IndiGo
DEL,BLR,6E,IndiGo,6E 320,2026-09-20,7,business,,,40536.0,False,08:00,ok,2026-09-13T01:14:36.104770+05:30,2026-09-13_0114IST,airline_direct,IndiGo
DEL,BLR,6E,IndiGo,6E 320,2026-09-20,7,economy,,,10077.0,False,08:00,ok,2026-09-13T01:14:36.104770+05:30,2026-09-13_0114IST,airline_direct,IndiGo
DEL,BLR,6E,IndiGo,6E 6179,2026-09-20,7,economy,,,10077.0,False,18:30,ok,2026-09-13T01:14:36.104770+05:30,2026-09-13_0114IST,airline_direct,IndiGo
DEL,BLR,6E,IndiGo,6E 931,2026-09-20,7,economy,,,10077.0,False,19:35,ok,2026-09-13T01:14:36.104770+05:30,2026-09-13_0114IST,airline_direct,IndiGo
DEL,BLR,6E,IndiGo,6E 6476,2026-09-20,7,economy,,,10156.0,False,07:05,ok,2026-09-13T01:14:36.104770+05:30,2026-09-13_0114IST,airline_direct,IndiGo
DEL,BLR,6E,IndiGo,6E 2277,2026-09-20,7,business,,,42369.0,False,10:25,ok,2026-09-13T01:14:36.104770+05:30,2026-09-13_0114IST,airline_direct,IndiGo
DEL,BLR,6E,IndiGo,6E 2277,2026-09-20,7,economy,,,10156.0,False,10:25,ok,2026-09-13T01:14:36.104770+05:30,2026-09-13_0114IST,airline_direct,IndiGo
DEL,BLR,6E,IndiGo,6E 2037,2026-09-20,7,economy,,,10156.0,False,17:45,ok,2026-09-13T01:14:36.104770+05:30,2026-09-13_0114IST,airline_direct,IndiGo
DEL,BLR,6E,IndiGo,6E 2151,2026-09-20,7,economy,,,10156.0,False,19:45,ok,2026-09-13T01:14:36.104770+05:30,2026-09-13_0114IST,airline_direct,IndiGo
DEL,BLR,6E,IndiGo,6E 6497,2026-09-20,7,economy,,,10287.0,False,18:40,ok,2026-09-13T01:14:36.104770+05:30,2026-09-13_0114IST,airline_direct,IndiGo
DEL,BLR,6E,IndiGo,6E 754,2026-09-20,7,economy,,,10314.0,False,17:10,ok,2026-09-13T01:14:36.104770+05:30,2026-09-13_0114IST,airline_direct,IndiGo
DEL,BLR,6E,IndiGo,6E 5191,2026-09-20,7,business,,,37004.0,False,05:00,ok,2026-09-13T01:14:36.104770+05:30,2026-09-13_0114IST,airline_direct,IndiGo
DEL,BLR,6E,IndiGo,6E 5191,2026-09-20,7,economy,,,10497.0,False,05:00,ok,2026-09-13T01:14:36.104770+05:30,2026-09-13_0114IST,airline_direct,IndiGo
DEL,BLR,6E,IndiGo,6E 2618,2026-09-20,7,business,,,28035.0,False,23:00,ok,2026-09-13T01:14:36.104770+05:30,2026-09-13_0114IST,airline_direct,IndiGo
DEL,BLR,6E,IndiGo,6E 2618,2026-09-20,7,economy,,,12499.0,False,23:00,ok,2026-09-13T01:14:36.104770+05:30,2026-09-13_0114IST,airline_direct,IndiGo
DEL,BLR,6E,IndiGo,6E 6673,2026-09-20,7,business,,,28035.0,False,21:15,ok,2026-09-13T01:14:36.104770+05:30,2026-09-13_0114IST,airline_direct,IndiGo
DEL,BLR,6E,IndiGo,6E 6673,2026-09-20,7,economy,,,13373.0,False,21:15,ok,2026-09-13T01:14:36.104770+05:30,2026-09-13_0114IST,airline_direct,IndiGo
DEL,BLR,6E,IndiGo,6E 2557,2026-09-20,7,economy,,,13737.0,False,15:20,ok,2026-09-13T01:14:36.104770+05:30,2026-09-13_0114IST,airline_direct,IndiGo
DEL,BLR,6E,IndiGo,6E 2349,2026-09-20,7,economy,,,14000.0,False,10:55,ok,2026-09-13T01:14:36.104770+05:30,2026-09-13_0114IST,airline_direct,IndiGo
DEL,BLR,6E,IndiGo,6E 5033,2026-09-20,7,economy,,,14813.0,False,15:50,ok,2026-09-13T01:14:36.104770+05:30,2026-09-13_0114IST,airline_direct,IndiGo
DEL,BLR,6E,IndiGo,6E 734,2026-09-20,7,economy,,,16003.0,False,16:20,ok,2026-09-13T01:14:36.104770+05:30,2026-09-13_0114IST,airline_direct,IndiGo
DEL,BLR,6E,IndiGo,6E 853,2026-09-20,7,business,,,40536.0,False,20:45,ok,2026-09-13T01:14:36.104770+05:30,2026-09-13_0114IST,airline_direct,IndiGo
DEL,BLR,6E,IndiGo,6E 853,2026-09-20,7,economy,,,16556.0,False,20:45,ok,2026-09-13T01:14:36.104770+05:30,2026-09-13_0114IST,airline_direct,IndiGo
DEL,BLR,6E,IndiGo,6E 329,2026-09-20,7,business,,,40536.0,False,18:00,ok,2026-09-13T01:14:36.104770+05:30,2026-09-13_0114IST,airline_direct,IndiGo
DEL,BLR,6E,IndiGo,6E 329,2026-09-20,7,economy,,,17155.0,False,18:00,ok,2026-09-13T01:14:36.104770+05:30,2026-09-13_0114IST,airline_direct,IndiGo
DEL,BLR,6E,IndiGo,6E 864,2026-09-20,7,business,,,40536.0,False,15:30,ok,2026-09-13T01:14:36.104770+05:30,2026-09-13_0114IST,airline_direct,IndiGo
DEL,BLR,6E,IndiGo,6E 864,2026-09-20,7,economy,,,17575.0,False,15:30,ok,2026-09-13T01:14:36.104770+05:30,2026-09-13_0114IST,airline_direct,IndiGo
DEL,BLR,6E,IndiGo,6E 6459,2026-09-20,7,economy,,,17752.0,False,05:55,ok,2026-09-13T01:14:36.104770+05:30,2026-09-13_0114IST,airline_direct,IndiGo
DEL,BLR,6E,IndiGo,6E 947,2026-09-20,7,business,,,33957.0,False,16:40,ok,2026-09-13T01:14:36.104770+05:30,2026-09-13_0114IST,airline_direct,IndiGo
DEL,BLR,6E,IndiGo,6E 947,2026-09-20,7,economy,,,17974.0,False,16:40,ok,2026-09-13T01:14:36.104770+05:30,2026-09-13_0114IST,airline_direct,IndiGo
DEL,BLR,6E,IndiGo,6E 5038,2026-09-20,7,economy,,,17994.0,False,14:00,ok,2026-09-13T01:14:36.104770+05:30,2026-09-13_0114IST,airline_direct,IndiGo
DEL,BLR,6E,IndiGo,6E 6706,2026-09-20,7,business,,,40536.0,False,17:00,ok,2026-09-13T01:14:36.104770+05:30,2026-09-13_0114IST,airline_direct,IndiGo
DEL,BLR,6E,IndiGo,6E 6706,2026-09-20,7,economy,,,18100.0,False,17:00,ok,2026-09-13T01:14:36.104770+05:30,2026-09-13_0114IST,airline_direct,IndiGo
DEL,BLR,6E,IndiGo,6E 6488,2026-09-20,7,economy,,,18495.0,False,11:20,ok,2026-09-13T01:14:36.104770+05:30,2026-09-13_0114IST,airline_direct,IndiGo
DEL,BLR,6E,IndiGo,6E 6022,2026-09-20,7,business,,,44135.0,False,14:00,ok,2026-09-13T01:14:36.104770+05:30,2026-09-13_0114IST,airline_direct,IndiGo
DEL,BLR,6E,IndiGo,6E 6022,2026-09-20,7,economy,,,18573.0,False,14:00,ok,2026-09-13T01:14:36.104770+05:30,2026-09-13_0114IST,airline_direct,IndiGo
DEL,BLR,6E,IndiGo,6E 717,2026-09-20,7,business,,,31064.0,False,17:55,ok,2026-09-13T01:14:36.104770+05:30,2026-09-13_0114IST,airline_direct,IndiGo
DEL,BLR,6E,IndiGo,6E 717,2026-09-20,7,economy,,,18781.0,False,17:55,ok,2026-09-13T01:14:36.104770+05:30,2026-09-13_0114IST,airline_direct,IndiGo
DEL,BLR,6E,IndiGo,6E 329,2026-09-20,7,business,,,40536.0,False,18:00,ok,2026-09-13T01:14:36.104770+05:30,2026-09-13_0114IST,airline_direct,IndiGo
DEL,BLR,6E,IndiGo,6E 329,2026-09-20,7,economy,,,18940.0,False,18:00,ok,2026-09-13T01:14:36.104770+05:30,2026-09-13_0114IST,airline_direct,IndiGo
DEL,BLR,6E,IndiGo,6E 758,2026-09-20,7,economy,,,19084.0,False,16:10,ok,2026-09-13T01:14:36.104770+05:30,2026-09-13_0114IST,airline_direct,IndiGo
DEL,BLR,6E,IndiGo,6E 6437,2026-09-20,7,business,,,32200.0,False,16:25,ok,2026-09-13T01:14:36.104770+05:30,2026-09-13_0114IST,airline_direct,IndiGo
DEL,BLR,6E,IndiGo,6E 6437,2026-09-20,7,economy,,,19274.0,False,16:25,ok,2026-09-13T01:14:36.104770+05:30,2026-09-13_0114IST,airline_direct,IndiGo
DEL,BLR,6E,IndiGo,6E 358,2026-09-20,7,business,,,38947.0,False,12:15,ok,2026-09-13T01:14:36.104770+05:30,2026-09-13_0114IST,airline_direct,IndiGo
DEL,BLR,6E,IndiGo,6E 358,2026-09-20,7,economy,,,19664.0,False,12:15,ok,2026-09-13T01:14:36.104770+05:30,2026-09-13_0114IST,airline_direct,IndiGo
DEL,BLR,6E,IndiGo,6E 950,2026-09-20,7,business,,,33957.0,False,18:15,ok,2026-09-13T01:14:36.104770+05:30,2026-09-13_0114IST,airline_direct,IndiGo
DEL,BLR,6E,IndiGo,6E 950,2026-09-20,7,economy,,,19778.0,False,18:15,ok,2026-09-13T01:14:36.104770+05:30,2026-09-13_0114IST,airline_direct,IndiGo
DEL,BLR,6E,IndiGo,6E 2364,2026-09-20,7,economy,,,20302.0,False,04:50,ok,2026-09-13T01:14:36.104770+05:30,2026-09-13_0114IST,airline_direct,IndiGo
DEL,BLR,6E,IndiGo,6E 434,2026-09-20,7,business,,,35936.0,False,11:00,ok,2026-09-13T01:14:36.104770+05:30,2026-09-13_0114IST,airline_direct,IndiGo
DEL,BLR,6E,IndiGo,6E 434,2026-09-20,7,economy,,,20305.0,False,11:00,ok,2026-09-13T01:14:36.104770+05:30,2026-09-13_0114IST,airline_direct,IndiGo
DEL,BLR,6E,IndiGo,6E 6217,2026-09-20,7,business,,,33488.0,False,16:15,ok,2026-09-13T01:14:36.104770+05:30,2026-09-13_0114IST,airline_direct,IndiGo
DEL,BLR,6E,IndiGo,6E 6217,2026-09-20,7,economy,,,21624.0,False,16:15,ok,2026-09-13T01:14:36.104770+05:30,2026-09-13_0114IST,airline_direct,IndiGo
DEL,BLR,6E,IndiGo,6E 6433,2026-09-20,7,economy,,,21659.0,False,16:30,ok,2026-09-13T01:14:36.104770+05:30,2026-09-13_0114IST,airline_direct,IndiGo
DEL,BLR,6E,IndiGo,6E 5073,2026-09-20,7,economy,,,21979.0,False,17:05,ok,2026-09-13T01:14:36.104770+05:30,2026-09-13_0114IST,airline_direct,IndiGo
DEL,BLR,6E,IndiGo,6E 6282,2026-09-20,7,business,,,35550.0,False,13:30,ok,2026-09-13T01:14:36.104770+05:30,2026-09-13_0114IST,airline_direct,IndiGo
DEL,BLR,6E,IndiGo,6E 6282,2026-09-20,7,economy,,,22691.0,False,13:30,ok,2026-09-13T01:14:36.104770+05:30,2026-09-13_0114IST,airline_direct,IndiGo
DEL,BLR,6E,IndiGo,6E 6091,2026-09-20,7,business,,,36492.0,False,15:15,ok,2026-09-13T01:14:36.104770+05:30,2026-09-13_0114IST,airline_direct,IndiGo
DEL,BLR,6E,IndiGo,6E 6091,2026-09-20,7,economy,,,22910.0,False,15:15,ok,2026-09-13T01:14:36.104770+05:30,2026-09-13_0114IST,airline_direct,IndiGo
DEL,BLR,6E,IndiGo,6E 6293,2026-09-20,7,business,,,39516.0,False,09:55,ok,2026-09-13T01:14:36.104770+05:30,2026-09-13_0114IST,airline_direct,IndiGo
DEL,BLR,6E,IndiGo,6E 6293,2026-09-20,7,economy,,,23258.0,False,09:55,ok,2026-09-13T01:14:36.104770+05:30,2026-09-13_0114IST,airline_direct,IndiGo
DEL,BLR,6E,IndiGo,6E 6212,2026-09-20,7,business,,,41121.0,False,14:45,ok,2026-09-13T01:14:36.104770+05:30,2026-09-13_0114IST,airline_direct,IndiGo
DEL,BLR,6E,IndiGo,6E 6212,2026-09-20,7,economy,,,26941.0,False,14:45,ok,2026-09-13T01:14:36.104770+05:30,2026-09-13_0114IST,airline_direct,IndiGo
BOM,BLR,6E,IndiGo,6E 5296,2026-09-20,7,business,,,22488.0,False,06:30,ok,2026-09-13T01:15:33.348490+05:30,2026-09-13_0115IST,airline_direct,IndiGo
BOM,BLR,6E,IndiGo,6E 5296,2026-09-20,7,economy,,,6747.0,False,06:30,ok,2026-09-13T01:15:33.348490+05:30,2026-09-13_0115IST,airline_direct,IndiGo
BOM,BLR,6E,IndiGo,6E 5193,2026-09-20,7,economy,,,7797.0,False,08:05,ok,2026-09-13T01:15:33.348490+05:30,2026-09-13_0115IST,airline_direct,IndiGo
BOM,BLR,6E,IndiGo,6E 5323,2026-09-20,7,business,,,22488.0,False,01:10,ok,2026-09-13T01:15:33.348490+05:30,2026-09-13_0115IST,airline_direct,IndiGo
BOM,BLR,6E,IndiGo,6E 5323,2026-09-20,7,economy,,,7805.0,False,01:10,ok,2026-09-13T01:15:33.348490+05:30,2026-09-13_0115IST,airline_direct,IndiGo
BOM,BLR,6E,IndiGo,6E 5294,2026-09-20,7,business,,,22488.0,False,04:30,ok,2026-09-13T01:15:33.348490+05:30,2026-09-13_0115IST,airline_direct,IndiGo
BOM,BLR,6E,IndiGo,6E 5294,2026-09-20,7,economy,,,7805.0,False,04:30,ok,2026-09-13T01:15:33.348490+05:30,2026-09-13_0115IST,airline_direct,IndiGo
BOM,BLR,6E,IndiGo,6E 5092,2026-09-20,7,business,,,22488.0,False,09:50,ok,2026-09-13T01:15:33.348490+05:30,2026-09-13_0115IST,airline_direct,IndiGo
BOM,BLR,6E,IndiGo,6E 5092,2026-09-20,7,economy,,,9267.0,False,09:50,ok,2026-09-13T01:15:33.348490+05:30,2026-09-13_0115IST,airline_direct,IndiGo
BOM,BLR,6E,IndiGo,6E 5032,2026-09-20,7,business,,,22488.0,False,19:55,ok,2026-09-13T01:15:33.348490+05:30,2026-09-13_0115IST,airline_direct,IndiGo
BOM,BLR,6E,IndiGo,6E 5032,2026-09-20,7,economy,,,9267.0,False,19:55,ok,2026-09-13T01:15:33.348490+05:30,2026-09-13_0115IST,airline_direct,IndiGo
BOM,BLR,6E,IndiGo,6E 6188,2026-09-20,7,business,,,22488.0,False,21:30,ok,2026-09-13T01:15:33.348490+05:30,2026-09-13_0115IST,airline_direct,IndiGo
BOM,BLR,6E,IndiGo,6E 6188,2026-09-20,7,economy,,,9267.0,False,21:30,ok,2026-09-13T01:15:33.348490+05:30,2026-09-13_0115IST,airline_direct,IndiGo
BOM,BLR,6E,IndiGo,6E 5217,2026-09-20,7,business,,,22488.0,False,11:00,ok,2026-09-13T01:15:33.348490+05:30,2026-09-13_0115IST,airline_direct,IndiGo
BOM,BLR,6E,IndiGo,6E 5217,2026-09-20,7,economy,,,11052.0,False,11:00,ok,2026-09-13T01:15:33.348490+05:30,2026-09-13_0115IST,airline_direct,IndiGo
BOM,BLR,6E,IndiGo,6E 5184,2026-09-20,7,business,,,22488.0,False,12:30,ok,2026-09-13T01:15:33.348490+05:30,2026-09-13_0115IST,airline_direct,IndiGo
BOM,BLR,6E,IndiGo,6E 5184,2026-09-20,7,economy,,,11052.0,False,12:30,ok,2026-09-13T01:15:33.348490+05:30,2026-09-13_0115IST,airline_direct,IndiGo
BOM,BLR,6E,IndiGo,6E 5382,2026-09-20,7,business,,,22488.0,False,14:30,ok,2026-09-13T01:15:33.348490+05:30,2026-09-13_0115IST,airline_direct,IndiGo
BOM,BLR,6E,IndiGo,6E 5382,2026-09-20,7,economy,,,11052.0,False,14:30,ok,2026-09-13T01:15:33.348490+05:30,2026-09-13_0115IST,airline_direct,IndiGo
BOM,BLR,6E,IndiGo,6E 5071,2026-09-20,7,business,,,22488.0,False,15:35,ok,2026-09-13T01:15:33.348490+05:30,2026-09-13_0115IST,airline_direct,IndiGo
BOM,BLR,6E,IndiGo,6E 5071,2026-09-20,7,economy,,,11052.0,False,15:35,ok,2026-09-13T01:15:33.348490+05:30,2026-09-13_0115IST,airline_direct,IndiGo
BOM,BLR,6E,IndiGo,6E 5221,2026-09-20,7,business,,,22488.0,False,17:00,ok,2026-09-13T01:15:33.348490+05:30,2026-09-13_0115IST,airline_direct,IndiGo
BOM,BLR,6E,IndiGo,6E 5221,2026-09-20,7,economy,,,11052.0,False,17:00,ok,2026-09-13T01:15:33.348490+05:30,2026-09-13_0115IST,airline_direct,IndiGo
BOM,BLR,6E,IndiGo,6E 5047,2026-09-20,7,business,,,22488.0,False,18:30,ok,2026-09-13T01:15:33.348490+05:30,2026-09-13_0115IST,airline_direct,IndiGo
BOM,BLR,6E,IndiGo,6E 5047,2026-09-20,7,economy,,,11052.0,False,18:30,ok,2026-09-13T01:15:33.348490+05:30,2026-09-13_0115IST,airline_direct,IndiGo
BOM,BLR,6E,IndiGo,6E 5388,2026-09-20,7,business,,,22488.0,False,22:20,ok,2026-09-13T01:15:33.348490+05:30,2026-09-13_0115IST,airline_direct,IndiGo
BOM,BLR,6E,IndiGo,6E 5388,2026-09-20,7,economy,,,11052.0,False,22:20,ok,2026-09-13T01:15:33.348490+05:30,2026-09-13_0115IST,airline_direct,IndiGo
BOM,BLR,6E,IndiGo,6E 6361,2026-09-20,7,economy,,,7243.0,False,05:00,ok,2026-09-13T01:15:33.348490+05:30,2026-09-13_0115IST,airline_direct,IndiGo
BOM,BLR,6E,IndiGo,6E 5241,2026-09-20,7,economy,,,7243.0,False,16:40,ok,2026-09-13T01:15:33.348490+05:30,2026-09-13_0115IST,airline_direct,IndiGo
BOM,BLR,6E,IndiGo,6E 6701,2026-09-20,7,economy,,,7584.0,False,05:35,ok,2026-09-13T01:15:33.348490+05:30,2026-09-13_0115IST,airline_direct,IndiGo
BOM,BLR,6E,IndiGo,6E 6701,2026-09-20,7,economy,,,7584.0,False,05:35,ok,2026-09-13T01:15:33.348490+05:30,2026-09-13_0115IST,airline_direct,IndiGo
BOM,BLR,6E,IndiGo,6E 5188,2026-09-20,7,business,,,27632.0,False,06:15,ok,2026-09-13T01:15:33.348490+05:30,2026-09-13_0115IST,airline_direct,IndiGo
BOM,BLR,6E,IndiGo,6E 5188,2026-09-20,7,economy,,,7584.0,False,06:15,ok,2026-09-13T01:15:33.348490+05:30,2026-09-13_0115IST,airline_direct,IndiGo
BOM,BLR,6E,IndiGo,6E 5109,2026-09-20,7,economy,,,7584.0,False,09:35,ok,2026-09-13T01:15:33.348490+05:30,2026-09-13_0115IST,airline_direct,IndiGo
BOM,BLR,6E,IndiGo,6E 2284,2026-09-20,7,economy,,,7584.0,False,12:05,ok,2026-09-13T01:15:33.348490+05:30,2026-09-13_0115IST,airline_direct,IndiGo
BOM,BLR,6E,IndiGo,6E 240,2026-09-20,7,economy,,,7584.0,False,15:45,ok,2026-09-13T01:15:33.348490+05:30,2026-09-13_0115IST,airline_direct,IndiGo
BOM,BLR,6E,IndiGo,6E 437,2026-09-20,7,economy,,,7584.0,False,17:10,ok,2026-09-13T01:15:33.348490+05:30,2026-09-13_0115IST,airline_direct,IndiGo
BOM,BLR,6E,IndiGo,6E 2237,2026-09-20,7,economy,,,7584.0,False,18:40,ok,2026-09-13T01:15:33.348490+05:30,2026-09-13_0115IST,airline_direct,IndiGo
BOM,BLR,6E,IndiGo,6E 5181,2026-09-20,7,economy,,,8257.0,False,10:25,ok,2026-09-13T01:15:33.348490+05:30,2026-09-13_0115IST,airline_direct,IndiGo
BOM,BLR,6E,IndiGo,6E 261,2026-09-20,7,economy,,,8377.0,False,11:20,ok,2026-09-13T01:15:33.348490+05:30,2026-09-13_0115IST,airline_direct,IndiGo
BOM,BLR,6E,IndiGo,6E 230,2026-09-20,7,economy,,,8377.0,False,13:55,ok,2026-09-13T01:15:33.348490+05:30,2026-09-13_0115IST,airline_direct,IndiGo
BOM,BLR,6E,IndiGo,6E 230,2026-09-20,7,economy,,,8377.0,False,13:55,ok,2026-09-13T01:15:33.348490+05:30,2026-09-13_0115IST,airline_direct,IndiGo
BOM,BLR,6E,IndiGo,6E 5178,2026-09-20,7,business,,,33722.0,False,11:45,ok,2026-09-13T01:15:33.348490+05:30,2026-09-13_0115IST,airline_direct,IndiGo
BOM,BLR,6E,IndiGo,6E 5178,2026-09-20,7,economy,,,8508.0,False,11:45,ok,2026-09-13T01:15:33.348490+05:30,2026-09-13_0115IST,airline_direct,IndiGo
BOM,BLR,6E,IndiGo,6E 6599,2026-09-20,7,economy,,,8849.0,False,16:50,ok,2026-09-13T01:15:33.348490+05:30,2026-09-13_0115IST,airline_direct,IndiGo
BOM,BLR,6E,IndiGo,6E 230,2026-09-20,7,economy,,,9023.0,False,13:55,ok,2026-09-13T01:15:33.348490+05:30,2026-09-13_0115IST,airline_direct,IndiGo
BOM,BLR,6E,IndiGo,6E 5082,2026-09-20,7,economy,,,9023.0,False,18:05,ok,2026-09-13T01:15:33.348490+05:30,2026-09-13_0115IST,airline_direct,IndiGo
BOM,BLR,6E,IndiGo,6E 5123,2026-09-20,7,economy,,,9285.0,False,14:40,ok,2026-09-13T01:15:33.348490+05:30,2026-09-13_0115IST,airline_direct,IndiGo
BOM,BLR,6E,IndiGo,6E 632,2026-09-20,7,economy,,,9364.0,False,04:00,ok,2026-09-13T01:15:33.348490+05:30,2026-09-13_0115IST,airline_direct,IndiGo
BOM,BLR,6E,IndiGo,6E 5107,2026-09-20,7,economy,,,9364.0,False,20:00,ok,2026-09-13T01:15:33.348490+05:30,2026-09-13_0115IST,airline_direct,IndiGo
BOM,BLR,6E,IndiGo,6E 6802,2026-09-20,7,economy,,,9990.0,False,16:55,ok,2026-09-13T01:15:33.348490+05:30,2026-09-13_0115IST,airline_direct,IndiGo
BOM,BLR,6E,IndiGo,6E 673,2026-09-20,7,economy,,,10068.0,False,12:35,ok,2026-09-13T01:15:33.348490+05:30,2026-09-13_0115IST,airline_direct,IndiGo
BOM,BLR,6E,IndiGo,6E 261,2026-09-20,7,economy,,,10497.0,False,11:20,ok,2026-09-13T01:15:33.348490+05:30,2026-09-13_0115IST,airline_direct,IndiGo
BOM,BLR,6E,IndiGo,6E 6057,2026-09-20,7,economy,,,10628.0,False,09:15,ok,2026-09-13T01:15:33.348490+05:30,2026-09-13_0115IST,airline_direct,IndiGo
BOM,BLR,6E,IndiGo,6E 5178,2026-09-20,7,business,,,35176.0,False,11:45,ok,2026-09-13T01:15:33.348490+05:30,2026-09-13_0115IST,airline_direct,IndiGo
BOM,BLR,6E,IndiGo,6E 5178,2026-09-20,7,economy,,,12385.0,False,11:45,ok,2026-09-13T01:15:33.348490+05:30,2026-09-13_0115IST,airline_direct,IndiGo
BOM,BLR,6E,IndiGo,6E 673,2026-09-20,7,economy,,,12595.0,False,12:35,ok,2026-09-13T01:15:33.348490+05:30,2026-09-13_0115IST,airline_direct,IndiGo
BOM,BLR,6E,IndiGo,6E 2011,2026-09-20,7,economy,,,13341.0,False,13:35,ok,2026-09-13T01:15:33.348490+05:30,2026-09-13_0115IST,airline_direct,IndiGo
BOM,BLR,6E,IndiGo,6E 6674,2026-09-20,7,economy,,,13386.0,False,09:05,ok,2026-09-13T01:15:33.348490+05:30,2026-09-13_0115IST,airline_direct,IndiGo
BOM,BLR,6E,IndiGo,6E 5178,2026-09-20,7,business,,,36780.0,False,11:45,ok,2026-09-13T01:15:33.348490+05:30,2026-09-13_0115IST,airline_direct,IndiGo
BOM,BLR,6E,IndiGo,6E 5178,2026-09-20,7,economy,,,13386.0,False,11:45,ok,2026-09-13T01:15:33.348490+05:30,2026-09-13_0115IST,airline_direct,IndiGo
BOM,BLR,6E,IndiGo,6E 5386,2026-09-20,7,business,,,26723.0,False,15:10,ok,2026-09-13T01:15:33.348490+05:30,2026-09-13_0115IST,airline_direct,IndiGo
BOM,BLR,6E,IndiGo,6E 5386,2026-09-20,7,economy,,,13386.0,False,15:10,ok,2026-09-13T01:15:33.348490+05:30,2026-09-13_0115IST,airline_direct,IndiGo
BOM,BLR,6E,IndiGo,6E 5228,2026-09-20,7,business,,,26723.0,False,16:45,ok,2026-09-13T01:15:33.348490+05:30,2026-09-13_0115IST,airline_direct,IndiGo
BOM,BLR,6E,IndiGo,6E 5228,2026-09-20,7,economy,,,13386.0,False,16:45,ok,2026-09-13T01:15:33.348490+05:30,2026-09-13_0115IST,airline_direct,IndiGo
BOM,BLR,6E,IndiGo,6E 5126,2026-09-20,7,economy,,,13596.0,False,18:15,ok,2026-09-13T01:15:33.348490+05:30,2026-09-13_0115IST,airline_direct,IndiGo
BOM,BLR,6E,IndiGo,6E 5313,2026-09-20,7,business,,,30655.0,False,09:50,ok,2026-09-13T01:15:33.348490+05:30,2026-09-13_0115IST,airline_direct,IndiGo
BOM,BLR,6E,IndiGo,6E 5313,2026-09-20,7,economy,,,14688.0,False,09:50,ok,2026-09-13T01:15:33.348490+05:30,2026-09-13_0115IST,airline_direct,IndiGo
BOM,BLR,6E,IndiGo,6E 5196,2026-09-20,7,business,,,28676.0,False,15:25,ok,2026-09-13T01:15:33.348490+05:30,2026-09-13_0115IST,airline_direct,IndiGo
BOM,BLR,6E,IndiGo,6E 5196,2026-09-20,7,economy,,,14688.0,False,15:25,ok,2026-09-13T01:15:33.348490+05:30,2026-09-13_0115IST,airline_direct,IndiGo
BOM,BLR,6E,IndiGo,6E 5241,2026-09-20,7,economy,,,15353.0,False,16:40,ok,2026-09-13T01:15:33.348490+05:30,2026-09-13_0115IST,airline_direct,IndiGo
BOM,BLR,6E,IndiGo,6E 5337,2026-09-20,7,business,,,31211.0,False,13:45,ok,2026-09-13T01:15:33.348490+05:30,2026-09-13_0115IST,airline_direct,IndiGo
BOM,BLR,6E,IndiGo,6E 5337,2026-09-20,7,economy,,,15881.0,False,13:45,ok,2026-09-13T01:15:33.348490+05:30,2026-09-13_0115IST,airline_direct,IndiGo
BOM,BLR,6E,IndiGo,6E 5196,2026-09-20,7,business,,,31211.0,False,15:25,ok,2026-09-13T01:15:33.348490+05:30,2026-09-13_0115IST,airline_direct,IndiGo
BOM,BLR,6E,IndiGo,6E 5196,2026-09-20,7,economy,,,15881.0,False,15:25,ok,2026-09-13T01:15:33.348490+05:30,2026-09-13_0115IST,airline_direct,IndiGo
BOM,BLR,6E,IndiGo,6E 5048,2026-09-20,7,business,,,28676.0,False,17:25,ok,2026-09-13T01:15:33.348490+05:30,2026-09-13_0115IST,airline_direct,IndiGo
BOM,BLR,6E,IndiGo,6E 5048,2026-09-20,7,economy,,,15881.0,False,17:25,ok,2026-09-13T01:15:33.348490+05:30,2026-09-13_0115IST,airline_direct,IndiGo
BOM,BLR,6E,IndiGo,6E 5228,2026-09-20,7,business,,,29147.0,False,16:45,ok,2026-09-13T01:15:33.348490+05:30,2026-09-13_0115IST,airline_direct,IndiGo
BOM,BLR,6E,IndiGo,6E 5228,2026-09-20,7,economy,,,16665.0,False,16:45,ok,2026-09-13T01:15:33.348490+05:30,2026-09-13_0115IST,airline_direct,IndiGo
BOM,BLR,6E,IndiGo,6E 5386,2026-09-20,7,business,,,29147.0,False,15:10,ok,2026-09-13T01:15:33.348490+05:30,2026-09-13_0115IST,airline_direct,IndiGo
BOM,BLR,6E,IndiGo,6E 5386,2026-09-20,7,economy,,,17820.0,False,15:10,ok,2026-09-13T01:15:33.348490+05:30,2026-09-13_0115IST,airline_direct,IndiGo
BOM,BLR,6E,IndiGo,6E 5313,2026-09-20,7,business,,,30655.0,False,09:50,ok,2026-09-13T01:15:33.348490+05:30,2026-09-13_0115IST,airline_direct,IndiGo
BOM,BLR,6E,IndiGo,6E 5313,2026-09-20,7,economy,,,18023.0,False,09:50,ok,2026-09-13T01:15:33.348490+05:30,2026-09-13_0115IST,airline_direct,IndiGo
BOM,BLR,6E,IndiGo,6E 6349,2026-09-20,7,business,,,30655.0,False,11:40,ok,2026-09-13T01:15:33.348490+05:30,2026-09-13_0115IST,airline_direct,IndiGo
BOM,BLR,6E,IndiGo,6E 6349,2026-09-20,7,economy,,,18023.0,False,11:40,ok,2026-09-13T01:15:33.348490+05:30,2026-09-13_0115IST,airline_direct,IndiGo
BOM,BLR,6E,IndiGo,6E 6349,2026-09-20,7,business,,,31211.0,False,11:40,ok,2026-09-13T01:15:33.348490+05:30,2026-09-13_0115IST,airline_direct,IndiGo
BOM,BLR,6E,IndiGo,6E 6349,2026-09-20,7,economy,,,18728.0,False,11:40,ok,2026-09-13T01:15:33.348490+05:30,2026-09-13_0115IST,airline_direct,IndiGo
BOM,BLR,6E,IndiGo,6E 5318,2026-09-20,7,business,,,33722.0,False,10:15,ok,2026-09-13T01:15:33.348490+05:30,2026-09-13_0115IST,airline_direct,IndiGo
BOM,BLR,6E,IndiGo,6E 5318,2026-09-20,7,economy,,,19414.0,False,10:15,ok,2026-09-13T01:15:33.348490+05:30,2026-09-13_0115IST,airline_direct,IndiGo
BOM,BLR,6E,IndiGo,6E 5318,2026-09-20,7,business,,,35176.0,False,10:15,ok,2026-09-13T01:15:33.348490+05:30,2026-09-13_0115IST,airline_direct,IndiGo
BOM,BLR,6E,IndiGo,6E 5318,2026-09-20,7,economy,,,20519.0,False,10:15,ok,2026-09-13T01:15:33.348490+05:30,2026-09-13_0115IST,airline_direct,IndiGo
BOM,BLR,6E,IndiGo,6E 5386,2026-09-20,7,business,,,36780.0,False,15:10,ok,2026-09-13T01:15:33.348490+05:30,2026-09-13_0115IST,airline_direct,IndiGo
BOM,BLR,6E,IndiGo,6E 5386,2026-09-20,7,economy,,,23824.0,False,15:10,ok,2026-09-13T01:15:33.348490+05:30,2026-09-13_0115IST,airline_direct,IndiGo
BOM,BLR,6E,IndiGo,6E 5201,2026-09-20,7,economy,,,26123.0,False,14:55,ok,2026-09-13T01:15:33.348490+05:30,2026-09-13_0115IST,airline_direct,IndiGo
DEL,CCU,6E,IndiGo,6E 340,2026-09-20,7,business,,,26140.0,False,07:20,ok,2026-09-13T01:16:27.797298+05:30,2026-09-13_0116IST,airline_direct,IndiGo
DEL,CCU,6E,IndiGo,6E 340,2026-09-20,7,economy,,,8703.0,False,07:20,ok,2026-09-13T01:16:27.797298+05:30,2026-09-13_0116IST,airline_direct,IndiGo
DEL,CCU,6E,IndiGo,6E 247,2026-09-20,7,business,,,26140.0,False,23:30,ok,2026-09-13T01:16:27.797298+05:30,2026-09-13_0116IST,airline_direct,IndiGo
DEL,CCU,6E,IndiGo,6E 247,2026-09-20,7,economy,,,8703.0,False,23:30,ok,2026-09-13T01:16:27.797298+05:30,2026-09-13_0116IST,airline_direct,IndiGo
DEL,CCU,6E,IndiGo,6E 2276,2026-09-20,7,business,,,26140.0,False,17:55,ok,2026-09-13T01:16:27.797298+05:30,2026-09-13_0116IST,airline_direct,IndiGo
DEL,CCU,6E,IndiGo,6E 2276,2026-09-20,7,economy,,,8965.0,False,17:55,ok,2026-09-13T01:16:27.797298+05:30,2026-09-13_0116IST,airline_direct,IndiGo
DEL,CCU,6E,IndiGo,6E 894,2026-09-20,7,business,,,26140.0,False,10:15,ok,2026-09-13T01:16:27.797298+05:30,2026-09-13_0116IST,airline_direct,IndiGo
DEL,CCU,6E,IndiGo,6E 894,2026-09-20,7,economy,,,9280.0,False,10:15,ok,2026-09-13T01:16:27.797298+05:30,2026-09-13_0116IST,airline_direct,IndiGo
DEL,CCU,6E,IndiGo,6E 6415,2026-09-20,7,business,,,26140.0,False,16:00,ok,2026-09-13T01:16:27.797298+05:30,2026-09-13_0116IST,airline_direct,IndiGo
DEL,CCU,6E,IndiGo,6E 6415,2026-09-20,7,economy,,,9280.0,False,16:00,ok,2026-09-13T01:16:27.797298+05:30,2026-09-13_0116IST,airline_direct,IndiGo
DEL,CCU,6E,IndiGo,6E 6517,2026-09-20,7,business,,,26140.0,False,19:30,ok,2026-09-13T01:16:27.797298+05:30,2026-09-13_0116IST,airline_direct,IndiGo
DEL,CCU,6E,IndiGo,6E 6517,2026-09-20,7,economy,,,9753.0,False,19:30,ok,2026-09-13T01:16:27.797298+05:30,2026-09-13_0116IST,airline_direct,IndiGo
DEL,CCU,6E,IndiGo,6E 389,2026-09-20,7,business,,,26140.0,False,21:50,ok,2026-09-13T01:16:27.797298+05:30,2026-09-13_0116IST,airline_direct,IndiGo
DEL,CCU,6E,IndiGo,6E 389,2026-09-20,7,economy,,,9753.0,False,21:50,ok,2026-09-13T01:16:27.797298+05:30,2026-09-13_0116IST,airline_direct,IndiGo
DEL,CCU,6E,IndiGo,6E 910,2026-09-20,7,business,,,26140.0,False,14:25,ok,2026-09-13T01:16:27.797298+05:30,2026-09-13_0116IST,airline_direct,IndiGo
DEL,CCU,6E,IndiGo,6E 910,2026-09-20,7,economy,,,10278.0,False,14:25,ok,2026-09-13T01:16:27.797298+05:30,2026-09-13_0116IST,airline_direct,IndiGo
DEL,CCU,6E,IndiGo,6E 5191,2026-09-20,7,business,,,26140.0,False,05:00,ok,2026-09-13T01:16:27.797298+05:30,2026-09-13_0116IST,airline_direct,IndiGo
DEL,CCU,6E,IndiGo,6E 5191,2026-09-20,7,economy,,,10908.0,False,05:00,ok,2026-09-13T01:16:27.797298+05:30,2026-09-13_0116IST,airline_direct,IndiGo
DEL,CCU,6E,IndiGo,6E 897,2026-09-20,7,business,,,26140.0,False,12:45,ok,2026-09-13T01:16:27.797298+05:30,2026-09-13_0116IST,airline_direct,IndiGo
DEL,CCU,6E,IndiGo,6E 897,2026-09-20,7,economy,,,10908.0,False,12:45,ok,2026-09-13T01:16:27.797298+05:30,2026-09-13_0116IST,airline_direct,IndiGo
DEL,CCU,6E,IndiGo,6E 6245,2026-09-20,7,economy,,,7376.0,False,06:20,ok,2026-09-13T01:16:27.797298+05:30,2026-09-13_0116IST,airline_direct,IndiGo
DEL,CCU,6E,IndiGo,6E 2373,2026-09-20,7,economy,,,7376.0,False,11:10,ok,2026-09-13T01:16:27.797298+05:30,2026-09-13_0116IST,airline_direct,IndiGo
DEL,CCU,6E,IndiGo,6E 2453,2026-09-20,7,economy,,,7376.0,False,13:35,ok,2026-09-13T01:16:27.797298+05:30,2026-09-13_0116IST,airline_direct,IndiGo
DEL,CCU,6E,IndiGo,6E 5036,2026-09-20,7,economy,,,7507.0,False,08:00,ok,2026-09-13T01:16:27.797298+05:30,2026-09-13_0116IST,airline_direct,IndiGo
DEL,CCU,6E,IndiGo,6E 2361,2026-09-20,7,economy,,,7507.0,False,14:35,ok,2026-09-13T01:16:27.797298+05:30,2026-09-13_0116IST,airline_direct,IndiGo
DEL,CCU,6E,IndiGo,6E 6073,2026-09-20,7,economy,,,7586.0,False,05:00,ok,2026-09-13T01:16:27.797298+05:30,2026-09-13_0116IST,airline_direct,IndiGo
DEL,CCU,6E,IndiGo,6E 203,2026-09-20,7,business,,,32272.0,False,07:10,ok,2026-09-13T01:16:27.797298+05:30,2026-09-13_0116IST,airline_direct,IndiGo
DEL,CCU,6E,IndiGo,6E 203,2026-09-20,7,economy,,,7927.0,False,07:10,ok,2026-09-13T01:16:27.797298+05:30,2026-09-13_0116IST,airline_direct,IndiGo
DEL,CCU,6E,IndiGo,6E 203,2026-09-20,7,business,,,32272.0,False,07:10,ok,2026-09-13T01:16:27.797298+05:30,2026-09-13_0116IST,airline_direct,IndiGo
DEL,CCU,6E,IndiGo,6E 203,2026-09-20,7,economy,,,7927.0,False,07:10,ok,2026-09-13T01:16:27.797298+05:30,2026-09-13_0116IST,airline_direct,IndiGo
DEL,CCU,6E,IndiGo,6E 884,2026-09-20,7,business,,,35200.0,False,11:45,ok,2026-09-13T01:16:27.797298+05:30,2026-09-13_0116IST,airline_direct,IndiGo
DEL,CCU,6E,IndiGo,6E 884,2026-09-20,7,economy,,,7927.0,False,11:45,ok,2026-09-13T01:16:27.797298+05:30,2026-09-13_0116IST,airline_direct,IndiGo
DEL,CCU,6E,IndiGo,6E 2341,2026-09-20,7,economy,,,7927.0,False,14:50,ok,2026-09-13T01:16:27.797298+05:30,2026-09-13_0116IST,airline_direct,IndiGo
DEL,CCU,6E,IndiGo,6E 5073,2026-09-20,7,economy,,,7927.0,False,17:05,ok,2026-09-13T01:16:27.797298+05:30,2026-09-13_0116IST,airline_direct,IndiGo
DEL,CCU,6E,IndiGo,6E 6371,2026-09-20,7,economy,,,8032.0,False,06:20,ok,2026-09-13T01:16:27.797298+05:30,2026-09-13_0116IST,airline_direct,IndiGo
DEL,CCU,6E,IndiGo,6E 6551,2026-09-20,7,economy,,,8032.0,False,12:00,ok,2026-09-13T01:16:27.797298+05:30,2026-09-13_0116IST,airline_direct,IndiGo
DEL,CCU,6E,IndiGo,6E 6312,2026-09-20,7,economy,,,8115.0,False,14:25,ok,2026-09-13T01:16:27.797298+05:30,2026-09-13_0116IST,airline_direct,IndiGo
DEL,CCU,6E,IndiGo,6E 734,2026-09-20,7,economy,,,8115.0,False,16:20,ok,2026-09-13T01:16:27.797298+05:30,2026-09-13_0116IST,airline_direct,IndiGo
DEL,CCU,6E,IndiGo,6E 2296,2026-09-20,7,economy,,,8194.0,False,09:20,ok,2026-09-13T01:16:27.797298+05:30,2026-09-13_0116IST,airline_direct,IndiGo
DEL,CCU,6E,IndiGo,6E 2614,2026-09-20,7,economy,,,8194.0,False,14:40,ok,2026-09-13T01:16:27.797298+05:30,2026-09-13_0116IST,airline_direct,IndiGo
DEL,CCU,6E,IndiGo,6E 5119,2026-09-20,7,economy,,,8535.0,False,05:10,ok,2026-09-13T01:16:27.797298+05:30,2026-09-13_0116IST,airline_direct,IndiGo
DEL,CCU,6E,IndiGo,6E 882,2026-09-20,7,business,,,31918.0,False,23:15,ok,2026-09-13T01:16:27.797298+05:30,2026-09-13_0116IST,airline_direct,IndiGo
DEL,CCU,6E,IndiGo,6E 882,2026-09-20,7,economy,,,8535.0,False,23:15,ok,2026-09-13T01:16:27.797298+05:30,2026-09-13_0116IST,airline_direct,IndiGo
DEL,CCU,6E,IndiGo,6E 6190,2026-09-20,7,economy,,,8862.0,False,07:40,ok,2026-09-13T01:16:27.797298+05:30,2026-09-13_0116IST,airline_direct,IndiGo
DEL,CCU,6E,IndiGo,6E 5298,2026-09-20,7,economy,,,8862.0,False,09:00,ok,2026-09-13T01:16:27.797298+05:30,2026-09-13_0116IST,airline_direct,IndiGo
DEL,CCU,6E,IndiGo,6E 2296,2026-09-20,7,economy,,,8862.0,False,09:20,ok,2026-09-13T01:16:27.797298+05:30,2026-09-13_0116IST,airline_direct,IndiGo
DEL,CCU,6E,IndiGo,6E 5033,2026-09-20,7,economy,,,8862.0,False,15:50,ok,2026-09-13T01:16:27.797298+05:30,2026-09-13_0116IST,airline_direct,IndiGo
DEL,CCU,6E,IndiGo,6E 5041,2026-09-20,7,economy,,,8967.0,False,15:10,ok,2026-09-13T01:16:27.797298+05:30,2026-09-13_0116IST,airline_direct,IndiGo
DEL,CCU,6E,IndiGo,6E 6503,2026-09-20,7,economy,,,9177.0,False,13:25,ok,2026-09-13T01:16:27.797298+05:30,2026-09-13_0116IST,airline_direct,IndiGo
DEL,CCU,6E,IndiGo,6E 6503,2026-09-20,7,economy,,,9177.0,False,13:25,ok,2026-09-13T01:16:27.797298+05:30,2026-09-13_0116IST,airline_direct,IndiGo
DEL,CCU,6E,IndiGo,6E 6212,2026-09-20,7,business,,,31918.0,False,14:45,ok,2026-09-13T01:16:27.797298+05:30,2026-09-13_0116IST,airline_direct,IndiGo
DEL,CCU,6E,IndiGo,6E 6212,2026-09-20,7,economy,,,9203.0,False,14:45,ok,2026-09-13T01:16:27.797298+05:30,2026-09-13_0116IST,airline_direct,IndiGo
DEL,CCU,6E,IndiGo,6E 717,2026-09-20,7,business,,,31918.0,False,17:55,ok,2026-09-13T01:16:27.797298+05:30,2026-09-13_0116IST,airline_direct,IndiGo
DEL,CCU,6E,IndiGo,6E 717,2026-09-20,7,economy,,,9203.0,False,17:55,ok,2026-09-13T01:16:27.797298+05:30,2026-09-13_0116IST,airline_direct,IndiGo
DEL,CCU,6E,IndiGo,6E 2259,2026-09-20,7,economy,,,9597.0,False,12:20,ok,2026-09-13T01:16:27.797298+05:30,2026-09-13_0116IST,airline_direct,IndiGo
DEL,CCU,6E,IndiGo,6E 6217,2026-09-20,7,business,,,31918.0,False,16:15,ok,2026-09-13T01:16:27.797298+05:30,2026-09-13_0116IST,airline_direct,IndiGo
DEL,CCU,6E,IndiGo,6E 6217,2026-09-20,7,economy,,,9938.0,False,16:15,ok,2026-09-13T01:16:27.797298+05:30,2026-09-13_0116IST,airline_direct,IndiGo
DEL,CCU,6E,IndiGo,6E 2614,2026-09-20,7,economy,,,10404.0,False,14:40,ok,2026-09-13T01:16:27.797298+05:30,2026-09-13_0116IST,airline_direct,IndiGo
DEL,CCU,6E,IndiGo,6E 6124,2026-09-20,7,economy,,,10509.0,False,07:30,ok,2026-09-13T01:16:27.797298+05:30,2026-09-13_0116IST,airline_direct,IndiGo
DEL,CCU,6E,IndiGo,6E 5307,2026-09-20,7,economy,,,10612.0,False,10:50,ok,2026-09-13T01:16:27.797298+05:30,2026-09-13_0116IST,airline_direct,IndiGo
DEL,CCU,6E,IndiGo,6E 5307,2026-09-20,7,economy,,,11242.0,False,10:50,ok,2026-09-13T01:16:27.797298+05:30,2026-09-13_0116IST,airline_direct,IndiGo
DEL,CCU,6E,IndiGo,6E 6378,2026-09-20,7,economy,,,11396.0,False,14:40,ok,2026-09-13T01:16:27.797298+05:30,2026-09-13_0116IST,airline_direct,IndiGo
DEL,CCU,6E,IndiGo,6E 6190,2026-09-20,7,economy,,,12268.0,False,07:40,ok,2026-09-13T01:16:27.797298+05:30,2026-09-13_0116IST,airline_direct,IndiGo
DEL,CCU,6E,IndiGo,6E 6053,2026-09-20,7,economy,,,12993.0,False,13:05,ok,2026-09-13T01:16:27.797298+05:30,2026-09-13_0116IST,airline_direct,IndiGo
DEL,CCU,6E,IndiGo,6E 6312,2026-09-20,7,economy,,,14441.0,False,14:25,ok,2026-09-13T01:16:27.797298+05:30,2026-09-13_0116IST,airline_direct,IndiGo
DEL,CCU,6E,IndiGo,6E 5041,2026-09-20,7,economy,,,14625.0,False,15:10,ok,2026-09-13T01:16:27.797298+05:30,2026-09-13_0116IST,airline_direct,IndiGo
DEL,CCU,6E,IndiGo,6E 5215,2026-09-20,7,economy,,,15921.0,False,07:45,ok,2026-09-13T01:16:27.797298+05:30,2026-09-13_0116IST,airline_direct,IndiGo
DEL,CCU,6E,IndiGo,6E 2331,2026-09-20,7,economy,,,16157.0,False,12:20,ok,2026-09-13T01:16:27.797298+05:30,2026-09-13_0116IST,airline_direct,IndiGo
DEL,CCU,6E,IndiGo,6E 6293,2026-09-20,7,business,,,32272.0,False,09:55,ok,2026-09-13T01:16:27.797298+05:30,2026-09-13_0116IST,airline_direct,IndiGo
DEL,CCU,6E,IndiGo,6E 6293,2026-09-20,7,economy,,,17151.0,False,09:55,ok,2026-09-13T01:16:27.797298+05:30,2026-09-13_0116IST,airline_direct,IndiGo
DEL,CCU,6E,IndiGo,6E 6829,2026-09-20,7,economy,,,17165.0,False,17:20,ok,2026-09-13T01:16:27.797298+05:30,2026-09-13_0116IST,airline_direct,IndiGo
DEL,CCU,6E,IndiGo,6E 5038,2026-09-20,7,economy,,,17372.0,False,14:00,ok,2026-09-13T01:16:27.797298+05:30,2026-09-13_0116IST,airline_direct,IndiGo
DEL,CCU,6E,IndiGo,6E 2203,2026-09-20,7,economy,,,18825.0,False,04:45,ok,2026-09-13T01:16:27.797298+05:30,2026-09-13_0116IST,airline_direct,IndiGo
DEL,CCU,6E,IndiGo,6E 705,2026-09-20,7,business,,,32272.0,False,08:30,ok,2026-09-13T01:16:27.797298+05:30,2026-09-13_0116IST,airline_direct,IndiGo
DEL,CCU,6E,IndiGo,6E 705,2026-09-20,7,economy,,,18897.0,False,08:30,ok,2026-09-13T01:16:27.797298+05:30,2026-09-13_0116IST,airline_direct,IndiGo
DEL,CCU,6E,IndiGo,6E 705,2026-09-20,7,business,,,32272.0,False,08:30,ok,2026-09-13T01:16:27.797298+05:30,2026-09-13_0116IST,airline_direct,IndiGo
DEL,CCU,6E,IndiGo,6E 705,2026-09-20,7,economy,,,18897.0,False,08:30,ok,2026-09-13T01:16:27.797298+05:30,2026-09-13_0116IST,airline_direct,IndiGo
DEL,CCU,6E,IndiGo,6E 6282,2026-09-20,7,business,,,33806.0,False,13:30,ok,2026-09-13T01:16:27.797298+05:30,2026-09-13_0116IST,airline_direct,IndiGo
DEL,CCU,6E,IndiGo,6E 6282,2026-09-20,7,economy,,,19148.0,False,13:30,ok,2026-09-13T01:16:27.797298+05:30,2026-09-13_0116IST,airline_direct,IndiGo
DEL,CCU,6E,IndiGo,6E 6130,2026-09-20,7,economy,,,20301.0,False,12:55,ok,2026-09-13T01:16:27.797298+05:30,2026-09-13_0116IST,airline_direct,IndiGo
BLR,HYD,6E,IndiGo,6E 6178,2026-09-20,7,economy,,,4235.0,False,06:25,ok,2026-09-13T01:17:29.790966+05:30,2026-09-13_0117IST,airline_direct,IndiGo
BLR,HYD,6E,IndiGo,6E 484,2026-09-20,7,economy,,,6239.0,False,08:15,ok,2026-09-13T01:17:29.790966+05:30,2026-09-13_0117IST,airline_direct,IndiGo
BLR,HYD,6E,IndiGo,6E 6404,2026-09-20,7,economy,,,8727.0,False,11:35,ok,2026-09-13T01:17:29.790966+05:30,2026-09-13_0117IST,airline_direct,IndiGo
BLR,HYD,6E,IndiGo,6E 638,2026-09-20,7,economy,,,10390.0,False,18:35,ok,2026-09-13T01:17:29.790966+05:30,2026-09-13_0117IST,airline_direct,IndiGo
BLR,HYD,6E,IndiGo,6E 312,2026-09-20,7,economy,,,11353.0,False,09:15,ok,2026-09-13T01:17:29.790966+05:30,2026-09-13_0117IST,airline_direct,IndiGo
BLR,HYD,6E,IndiGo,6E 537,2026-09-20,7,economy,,,12416.0,False,10:15,ok,2026-09-13T01:17:29.790966+05:30,2026-09-13_0117IST,airline_direct,IndiGo
BLR,HYD,6E,IndiGo,6E 855,2026-09-20,7,economy,,,12416.0,False,19:45,ok,2026-09-13T01:17:29.790966+05:30,2026-09-13_0117IST,airline_direct,IndiGo
BLR,HYD,6E,IndiGo,6E 6784,2026-09-20,7,economy,,,12416.0,False,21:30,ok,2026-09-13T01:17:29.790966+05:30,2026-09-13_0117IST,airline_direct,IndiGo
BLR,HYD,6E,IndiGo,6E 6067,2026-09-20,7,economy,,,17886.0,False,16:30,ok,2026-09-13T01:17:29.790966+05:30,2026-09-13_0117IST,airline_direct,IndiGo
BLR,HYD,6E,IndiGo,6E 6563,2026-09-20,7,economy,,,5463.0,False,01:05,ok,2026-09-13T01:17:29.790966+05:30,2026-09-13_0117IST,airline_direct,IndiGo
BLR,HYD,6E,IndiGo,6E 6876,2026-09-20,7,economy,,,5463.0,False,02:40,ok,2026-09-13T01:17:29.790966+05:30,2026-09-13_0117IST,airline_direct,IndiGo
BLR,HYD,6E,IndiGo,6E 6269,2026-09-20,7,economy,,,5463.0,False,07:15,ok,2026-09-13T01:17:29.790966+05:30,2026-09-13_0117IST,airline_direct,IndiGo
BLR,HYD,6E,IndiGo,6E 6753,2026-09-20,7,economy,,,5463.0,False,15:15,ok,2026-09-13T01:17:29.790966+05:30,2026-09-13_0117IST,airline_direct,IndiGo
BLR,HYD,6E,IndiGo,6E 6753,2026-09-20,7,economy,,,5463.0,False,15:15,ok,2026-09-13T01:17:29.790966+05:30,2026-09-13_0117IST,airline_direct,IndiGo
BLR,HYD,6E,IndiGo,6E 6753,2026-09-20,7,economy,,,5463.0,False,15:15,ok,2026-09-13T01:17:29.790966+05:30,2026-09-13_0117IST,airline_direct,IndiGo
BLR,HYD,6E,IndiGo,6E 6554,2026-09-20,7,economy,,,5463.0,False,19:15,ok,2026-09-13T01:17:29.790966+05:30,2026-09-13_0117IST,airline_direct,IndiGo
BLR,HYD,6E,IndiGo,6E 528,2026-09-20,7,economy,,,5463.0,False,21:40,ok,2026-09-13T01:17:29.790966+05:30,2026-09-13_0117IST,airline_direct,IndiGo
BLR,HYD,6E,IndiGo,6E 116,2026-09-20,7,economy,,,5463.0,False,23:05,ok,2026-09-13T01:17:29.790966+05:30,2026-09-13_0117IST,airline_direct,IndiGo
BLR,HYD,6E,IndiGo,6E 6336,2026-09-20,7,economy,,,5594.0,False,12:25,ok,2026-09-13T01:17:29.790966+05:30,2026-09-13_0117IST,airline_direct,IndiGo
BLR,HYD,6E,IndiGo,6E 857,2026-09-20,7,economy,,,5793.0,False,07:05,ok,2026-09-13T01:17:29.790966+05:30,2026-09-13_0117IST,airline_direct,IndiGo
BLR,HYD,6E,IndiGo,6E 6017,2026-09-20,7,economy,,,5793.0,False,18:15,ok,2026-09-13T01:17:29.790966+05:30,2026-09-13_0117IST,airline_direct,IndiGo
BLR,HYD,6E,IndiGo,6E 105,2026-09-20,7,economy,,,5793.0,False,18:50,ok,2026-09-13T01:17:29.790966+05:30,2026-09-13_0117IST,airline_direct,IndiGo
BLR,HYD,6E,IndiGo,6E 441,2026-09-20,7,economy,,,5793.0,False,20:40,ok,2026-09-13T01:17:29.790966+05:30,2026-09-13_0117IST,airline_direct,IndiGo
BLR,HYD,6E,IndiGo,6E 6336,2026-09-20,7,economy,,,5925.0,False,12:25,ok,2026-09-13T01:17:29.790966+05:30,2026-09-13_0117IST,airline_direct,IndiGo
BLR,HYD,6E,IndiGo,6E 7204,2026-09-20,7,economy,,,6153.0,False,06:50,ok,2026-09-13T01:17:29.790966+05:30,2026-09-13_0117IST,airline_direct,IndiGo
BLR,HYD,6E,IndiGo,6E 6168,2026-09-20,7,economy,,,6153.0,False,17:40,ok,2026-09-13T01:17:29.790966+05:30,2026-09-13_0117IST,airline_direct,IndiGo
BLR,HYD,6E,IndiGo,6E 7227,2026-09-20,7,economy,,,6412.0,False,06:25,ok,2026-09-13T01:17:29.790966+05:30,2026-09-13_0117IST,airline_direct,IndiGo
BLR,HYD,6E,IndiGo,6E 6168,2026-09-20,7,economy,,,6543.0,False,17:40,ok,2026-09-13T01:17:29.790966+05:30,2026-09-13_0117IST,airline_direct,IndiGo
BLR,HYD,6E,IndiGo,6E 857,2026-09-20,7,economy,,,6969.0,False,07:05,ok,2026-09-13T01:17:29.790966+05:30,2026-09-13_0117IST,airline_direct,IndiGo
BLR,HYD,6E,IndiGo,6E 6269,2026-09-20,7,economy,,,6969.0,False,07:15,ok,2026-09-13T01:17:29.790966+05:30,2026-09-13_0117IST,airline_direct,IndiGo
BLR,HYD,6E,IndiGo,6E 6653,2026-09-20,7,economy,,,6969.0,False,12:35,ok,2026-09-13T01:17:29.790966+05:30,2026-09-13_0117IST,airline_direct,IndiGo
BLR,HYD,6E,IndiGo,6E 6542,2026-09-20,7,economy,,,6969.0,False,13:10,ok,2026-09-13T01:17:29.790966+05:30,2026-09-13_0117IST,airline_direct,IndiGo
BLR,HYD,6E,IndiGo,6E 6542,2026-09-20,7,economy,,,6969.0,False,13:10,ok,2026-09-13T01:17:29.790966+05:30,2026-09-13_0117IST,airline_direct,IndiGo
BLR,HYD,6E,IndiGo,6E 7737,2026-09-20,7,economy,,,7301.0,False,15:15,ok,2026-09-13T01:17:29.790966+05:30,2026-09-13_0117IST,airline_direct,IndiGo
BLR,HYD,6E,IndiGo,6E 6653,2026-09-20,7,economy,,,7432.0,False,12:35,ok,2026-09-13T01:17:29.790966+05:30,2026-09-13_0117IST,airline_direct,IndiGo
BLR,HYD,6E,IndiGo,6E 6583,2026-09-20,7,economy,,,8615.0,False,10:40,ok,2026-09-13T01:17:29.790966+05:30,2026-09-13_0117IST,airline_direct,IndiGo
BLR,HYD,6E,IndiGo,6E 105,2026-09-20,7,economy,,,9723.0,False,18:50,ok,2026-09-13T01:17:29.790966+05:30,2026-09-13_0117IST,airline_direct,IndiGo
BLR,HYD,6E,IndiGo,6E 7071,2026-09-20,7,economy,,,10255.0,False,10:55,ok,2026-09-13T01:17:29.790966+05:30,2026-09-13_0117IST,airline_direct,IndiGo
BLR,HYD,6E,IndiGo,6E 763,2026-09-20,7,economy,,,11204.0,False,07:05,ok,2026-09-13T01:17:29.790966+05:30,2026-09-13_0117IST,airline_direct,IndiGo
BLR,HYD,6E,IndiGo,6E 763,2026-09-20,7,economy,,,11204.0,False,07:05,ok,2026-09-13T01:17:29.790966+05:30,2026-09-13_0117IST,airline_direct,IndiGo
BLR,HYD,6E,IndiGo,6E 6445,2026-09-20,7,economy,,,11204.0,False,10:25,ok,2026-09-13T01:17:29.790966+05:30,2026-09-13_0117IST,airline_direct,IndiGo
BLR,HYD,6E,IndiGo,6E 703,2026-09-20,7,economy,,,11204.0,False,12:55,ok,2026-09-13T01:17:29.790966+05:30,2026-09-13_0117IST,airline_direct,IndiGo
BLR,HYD,6E,IndiGo,6E 7005,2026-09-20,7,economy,,,12041.0,False,08:05,ok,2026-09-13T01:17:29.790966+05:30,2026-09-13_0117IST,airline_direct,IndiGo
BLR,HYD,6E,IndiGo,6E 173,2026-09-20,7,economy,,,12041.0,False,15:30,ok,2026-09-13T01:17:29.790966+05:30,2026-09-13_0117IST,airline_direct,IndiGo
BLR,HYD,6E,IndiGo,6E 356,2026-09-20,7,economy,,,12041.0,False,17:15,ok,2026-09-13T01:17:29.790966+05:30,2026-09-13_0117IST,airline_direct,IndiGo
BLR,HYD,6E,IndiGo,6E 356,2026-09-20,7,economy,,,12041.0,False,17:15,ok,2026-09-13T01:17:29.790966+05:30,2026-09-13_0117IST,airline_direct,IndiGo
BLR,HYD,6E,IndiGo,6E 763,2026-09-20,7,economy,,,12950.0,False,07:05,ok,2026-09-13T01:17:29.790966+05:30,2026-09-13_0117IST,airline_direct,IndiGo
BLR,HYD,6E,IndiGo,6E 6445,2026-09-20,7,economy,,,12950.0,False,10:25,ok,2026-09-13T01:17:29.790966+05:30,2026-09-13_0117IST,airline_direct,IndiGo
BLR,HYD,6E,IndiGo,6E 6104,2026-09-20,7,economy,,,12950.0,False,11:40,ok,2026-09-13T01:17:29.790966+05:30,2026-09-13_0117IST,airline_direct,IndiGo
BLR,HYD,6E,IndiGo,6E 6208,2026-09-20,7,economy,,,12950.0,False,12:45,ok,2026-09-13T01:17:29.790966+05:30,2026-09-13_0117IST,airline_direct,IndiGo
BLR,HYD,6E,IndiGo,6E 173,2026-09-20,7,economy,,,12950.0,False,15:30,ok,2026-09-13T01:17:29.790966+05:30,2026-09-13_0117IST,airline_direct,IndiGo
BLR,HYD,6E,IndiGo,6E 7005,2026-09-20,7,economy,,,13940.0,False,08:05,ok,2026-09-13T01:17:29.790966+05:30,2026-09-13_0117IST,airline_direct,IndiGo
BLR,HYD,6E,IndiGo,6E 904,2026-09-20,7,economy,,,13940.0,False,10:50,ok,2026-09-13T01:17:29.790966+05:30,2026-09-13_0117IST,airline_direct,IndiGo
BLR,HYD,6E,IndiGo,6E 6208,2026-09-20,7,economy,,,13940.0,False,12:45,ok,2026-09-13T01:17:29.790966+05:30,2026-09-13_0117IST,airline_direct,IndiGo
BLR,HYD,6E,IndiGo,6E 6104,2026-09-20,7,economy,,,14937.0,False,11:40,ok,2026-09-13T01:17:29.790966+05:30,2026-09-13_0117IST,airline_direct,IndiGo
BLR,HYD,6E,IndiGo,6E 7285,2026-09-20,7,economy,,,16991.0,False,06:50,ok,2026-09-13T01:17:29.790966+05:30,2026-09-13_0117IST,airline_direct,IndiGo
BLR,HYD,6E,IndiGo,6E 109,2026-09-20,7,economy,,,20987.0,False,17:00,ok,2026-09-13T01:17:29.790966+05:30,2026-09-13_0117IST,airline_direct,IndiGo
BLR,HYD,6E,IndiGo,6E 6162,2026-09-20,7,economy,,,20987.0,False,18:50,ok,2026-09-13T01:17:29.790966+05:30,2026-09-13_0117IST,airline_direct,IndiGo
BLR,HYD,6E,IndiGo,6E 5306,2026-09-20,7,economy,,,21416.0,False,14:35,ok,2026-09-13T01:17:29.790966+05:30,2026-09-13_0117IST,airline_direct,IndiGo
MAA,DEL,6E,IndiGo,6E 951,2026-09-20,7,business,,,28240.0,False,21:50,ok,2026-09-13T01:18:35.084004+05:30,2026-09-13_0118IST,airline_direct,IndiGo
MAA,DEL,6E,IndiGo,6E 951,2026-09-20,7,economy,,,9830.0,False,21:50,ok,2026-09-13T01:18:35.084004+05:30,2026-09-13_0118IST,airline_direct,IndiGo
MAA,DEL,6E,IndiGo,6E 2369,2026-09-20,7,business,,,28240.0,False,23:45,ok,2026-09-13T01:18:35.084004+05:30,2026-09-13_0118IST,airline_direct,IndiGo
MAA,DEL,6E,IndiGo,6E 2369,2026-09-20,7,economy,,,9830.0,False,23:45,ok,2026-09-13T01:18:35.084004+05:30,2026-09-13_0118IST,airline_direct,IndiGo
MAA,DEL,6E,IndiGo,6E 613,2026-09-20,7,business,,,28240.0,False,19:00,ok,2026-09-13T01:18:35.084004+05:30,2026-09-13_0118IST,airline_direct,IndiGo
MAA,DEL,6E,IndiGo,6E 613,2026-09-20,7,economy,,,10785.0,False,19:00,ok,2026-09-13T01:18:35.084004+05:30,2026-09-13_0118IST,airline_direct,IndiGo
MAA,DEL,6E,IndiGo,6E 948,2026-09-20,7,business,,,28240.0,False,14:30,ok,2026-09-13T01:18:35.084004+05:30,2026-09-13_0118IST,airline_direct,IndiGo
MAA,DEL,6E,IndiGo,6E 948,2026-09-20,7,economy,,,11303.0,False,14:30,ok,2026-09-13T01:18:35.084004+05:30,2026-09-13_0118IST,airline_direct,IndiGo
MAA,DEL,6E,IndiGo,6E 937,2026-09-20,7,business,,,28240.0,False,06:30,ok,2026-09-13T01:18:35.084004+05:30,2026-09-13_0118IST,airline_direct,IndiGo
MAA,DEL,6E,IndiGo,6E 937,2026-09-20,7,economy,,,12426.0,False,06:30,ok,2026-09-13T01:18:35.084004+05:30,2026-09-13_0118IST,airline_direct,IndiGo
MAA,DEL,6E,IndiGo,6E 404,2026-09-20,7,business,,,28240.0,False,09:15,ok,2026-09-13T01:18:35.084004+05:30,2026-09-13_0118IST,airline_direct,IndiGo
MAA,DEL,6E,IndiGo,6E 404,2026-09-20,7,economy,,,12426.0,False,09:15,ok,2026-09-13T01:18:35.084004+05:30,2026-09-13_0118IST,airline_direct,IndiGo
MAA,DEL,6E,IndiGo,6E 6002,2026-09-20,7,business,,,28240.0,False,11:10,ok,2026-09-13T01:18:35.084004+05:30,2026-09-13_0118IST,airline_direct,IndiGo
MAA,DEL,6E,IndiGo,6E 6002,2026-09-20,7,economy,,,12426.0,False,11:10,ok,2026-09-13T01:18:35.084004+05:30,2026-09-13_0118IST,airline_direct,IndiGo
MAA,DEL,6E,IndiGo,6E 939,2026-09-20,7,business,,,28240.0,False,13:00,ok,2026-09-13T01:18:35.084004+05:30,2026-09-13_0118IST,airline_direct,IndiGo
MAA,DEL,6E,IndiGo,6E 939,2026-09-20,7,economy,,,12426.0,False,13:00,ok,2026-09-13T01:18:35.084004+05:30,2026-09-13_0118IST,airline_direct,IndiGo
MAA,DEL,6E,IndiGo,6E 698,2026-09-20,7,business,,,28240.0,False,16:45,ok,2026-09-13T01:18:35.084004+05:30,2026-09-13_0118IST,airline_direct,IndiGo
MAA,DEL,6E,IndiGo,6E 698,2026-09-20,7,economy,,,13035.0,False,16:45,ok,2026-09-13T01:18:35.084004+05:30,2026-09-13_0118IST,airline_direct,IndiGo
MAA,DEL,6E,IndiGo,6E 6081,2026-09-20,7,business,,,32713.0,False,07:05,ok,2026-09-13T01:18:35.084004+05:30,2026-09-13_0118IST,airline_direct,IndiGo
MAA,DEL,6E,IndiGo,6E 6081,2026-09-20,7,economy,,,9857.0,False,07:05,ok,2026-09-13T01:18:35.084004+05:30,2026-09-13_0118IST,airline_direct,IndiGo
MAA,DEL,6E,IndiGo,6E 6081,2026-09-20,7,business,,,32713.0,False,07:05,ok,2026-09-13T01:18:35.084004+05:30,2026-09-13_0118IST,airline_direct,IndiGo
MAA,DEL,6E,IndiGo,6E 6081,2026-09-20,7,economy,,,9857.0,False,07:05,ok,2026-09-13T01:18:35.084004+05:30,2026-09-13_0118IST,airline_direct,IndiGo
MAA,DEL,6E,IndiGo,6E 6815,2026-09-20,7,business,,,32713.0,False,08:55,ok,2026-09-13T01:18:35.084004+05:30,2026-09-13_0118IST,airline_direct,IndiGo
MAA,DEL,6E,IndiGo,6E 6815,2026-09-20,7,economy,,,9857.0,False,08:55,ok,2026-09-13T01:18:35.084004+05:30,2026-09-13_0118IST,airline_direct,IndiGo
MAA,DEL,6E,IndiGo,6E 6892,2026-09-20,7,business,,,34299.0,False,10:55,ok,2026-09-13T01:18:35.084004+05:30,2026-09-13_0118IST,airline_direct,IndiGo
MAA,DEL,6E,IndiGo,6E 6892,2026-09-20,7,economy,,,9857.0,False,10:55,ok,2026-09-13T01:18:35.084004+05:30,2026-09-13_0118IST,airline_direct,IndiGo
MAA,DEL,6E,IndiGo,6E 6892,2026-09-20,7,business,,,34299.0,False,10:55,ok,2026-09-13T01:18:35.084004+05:30,2026-09-13_0118IST,airline_direct,IndiGo
MAA,DEL,6E,IndiGo,6E 6892,2026-09-20,7,economy,,,9857.0,False,10:55,ok,2026-09-13T01:18:35.084004+05:30,2026-09-13_0118IST,airline_direct,IndiGo
MAA,DEL,6E,IndiGo,6E 6005,2026-09-20,7,economy,,,9857.0,False,15:45,ok,2026-09-13T01:18:35.084004+05:30,2026-09-13_0118IST,airline_direct,IndiGo
MAA,DEL,6E,IndiGo,6E 6140,2026-09-20,7,business,,,32304.0,False,02:30,ok,2026-09-13T01:18:35.084004+05:30,2026-09-13_0118IST,airline_direct,IndiGo
MAA,DEL,6E,IndiGo,6E 6140,2026-09-20,7,economy,,,9988.0,False,02:30,ok,2026-09-13T01:18:35.084004+05:30,2026-09-13_0118IST,airline_direct,IndiGo
MAA,DEL,6E,IndiGo,6E 5314,2026-09-20,7,business,,,39741.0,False,06:45,ok,2026-09-13T01:18:35.084004+05:30,2026-09-13_0118IST,airline_direct,IndiGo
MAA,DEL,6E,IndiGo,6E 5314,2026-09-20,7,economy,,,9988.0,False,06:45,ok,2026-09-13T01:18:35.084004+05:30,2026-09-13_0118IST,airline_direct,IndiGo
MAA,DEL,6E,IndiGo,6E 6348,2026-09-20,7,business,,,39741.0,False,09:00,ok,2026-09-13T01:18:35.084004+05:30,2026-09-13_0118IST,airline_direct,IndiGo
MAA,DEL,6E,IndiGo,6E 6348,2026-09-20,7,economy,,,9988.0,False,09:00,ok,2026-09-13T01:18:35.084004+05:30,2026-09-13_0118IST,airline_direct,IndiGo
MAA,DEL,6E,IndiGo,6E 5258,2026-09-20,7,business,,,39741.0,False,12:45,ok,2026-09-13T01:18:35.084004+05:30,2026-09-13_0118IST,airline_direct,IndiGo
MAA,DEL,6E,IndiGo,6E 5258,2026-09-20,7,economy,,,9988.0,False,12:45,ok,2026-09-13T01:18:35.084004+05:30,2026-09-13_0118IST,airline_direct,IndiGo
MAA,DEL,6E,IndiGo,6E 5258,2026-09-20,7,business,,,39741.0,False,12:45,ok,2026-09-13T01:18:35.084004+05:30,2026-09-13_0118IST,airline_direct,IndiGo
MAA,DEL,6E,IndiGo,6E 5258,2026-09-20,7,economy,,,9988.0,False,12:45,ok,2026-09-13T01:18:35.084004+05:30,2026-09-13_0118IST,airline_direct,IndiGo
MAA,DEL,6E,IndiGo,6E 981,2026-09-20,7,economy,,,9988.0,False,13:50,ok,2026-09-13T01:18:35.084004+05:30,2026-09-13_0118IST,airline_direct,IndiGo
MAA,DEL,6E,IndiGo,6E 5371,2026-09-20,7,business,,,43340.0,False,14:45,ok,2026-09-13T01:18:35.084004+05:30,2026-09-13_0118IST,airline_direct,IndiGo
MAA,DEL,6E,IndiGo,6E 5371,2026-09-20,7,economy,,,9988.0,False,14:45,ok,2026-09-13T01:18:35.084004+05:30,2026-09-13_0118IST,airline_direct,IndiGo
MAA,DEL,6E,IndiGo,6E 5104,2026-09-20,7,business,,,39741.0,False,16:40,ok,2026-09-13T01:18:35.084004+05:30,2026-09-13_0118IST,airline_direct,IndiGo
MAA,DEL,6E,IndiGo,6E 5104,2026-09-20,7,economy,,,9988.0,False,16:40,ok,2026-09-13T01:18:35.084004+05:30,2026-09-13_0118IST,airline_direct,IndiGo
MAA,DEL,6E,IndiGo,6E 606,2026-09-20,7,business,,,34049.0,False,18:05,ok,2026-09-13T01:18:35.084004+05:30,2026-09-13_0118IST,airline_direct,IndiGo
MAA,DEL,6E,IndiGo,6E 606,2026-09-20,7,economy,,,9988.0,False,18:05,ok,2026-09-13T01:18:35.084004+05:30,2026-09-13_0118IST,airline_direct,IndiGo
MAA,DEL,6E,IndiGo,6E 5367,2026-09-20,7,business,,,39741.0,False,18:15,ok,2026-09-13T01:18:35.084004+05:30,2026-09-13_0118IST,airline_direct,IndiGo
MAA,DEL,6E,IndiGo,6E 5367,2026-09-20,7,economy,,,9988.0,False,18:15,ok,2026-09-13T01:18:35.084004+05:30,2026-09-13_0118IST,airline_direct,IndiGo
MAA,DEL,6E,IndiGo,6E 253,2026-09-20,7,business,,,27587.0,False,03:10,ok,2026-09-13T01:18:35.084004+05:30,2026-09-13_0118IST,airline_direct,IndiGo
MAA,DEL,6E,IndiGo,6E 253,2026-09-20,7,economy,,,10535.0,False,03:10,ok,2026-09-13T01:18:35.084004+05:30,2026-09-13_0118IST,airline_direct,IndiGo
MAA,DEL,6E,IndiGo,6E 607,2026-09-20,7,business,,,27587.0,False,05:40,ok,2026-09-13T01:18:35.084004+05:30,2026-09-13_0118IST,airline_direct,IndiGo
MAA,DEL,6E,IndiGo,6E 607,2026-09-20,7,economy,,,10535.0,False,05:40,ok,2026-09-13T01:18:35.084004+05:30,2026-09-13_0118IST,airline_direct,IndiGo
MAA,DEL,6E,IndiGo,6E 495,2026-09-20,7,economy,,,10535.0,False,07:10,ok,2026-09-13T01:18:35.084004+05:30,2026-09-13_0118IST,airline_direct,IndiGo
MAA,DEL,6E,IndiGo,6E 495,2026-09-20,7,economy,,,10535.0,False,07:10,ok,2026-09-13T01:18:35.084004+05:30,2026-09-13_0118IST,airline_direct,IndiGo
MAA,DEL,6E,IndiGo,6E 834,2026-09-20,7,business,,,30979.0,False,09:05,ok,2026-09-13T01:18:35.084004+05:30,2026-09-13_0118IST,airline_direct,IndiGo
MAA,DEL,6E,IndiGo,6E 834,2026-09-20,7,economy,,,10535.0,False,09:05,ok,2026-09-13T01:18:35.084004+05:30,2026-09-13_0118IST,airline_direct,IndiGo
MAA,DEL,6E,IndiGo,6E 372,2026-09-20,7,business,,,32172.0,False,09:55,ok,2026-09-13T01:18:35.084004+05:30,2026-09-13_0118IST,airline_direct,IndiGo
MAA,DEL,6E,IndiGo,6E 372,2026-09-20,7,economy,,,10535.0,False,09:55,ok,2026-09-13T01:18:35.084004+05:30,2026-09-13_0118IST,airline_direct,IndiGo
MAA,DEL,6E,IndiGo,6E 372,2026-09-20,7,business,,,32172.0,False,09:55,ok,2026-09-13T01:18:35.084004+05:30,2026-09-13_0118IST,airline_direct,IndiGo
MAA,DEL,6E,IndiGo,6E 372,2026-09-20,7,economy,,,10535.0,False,09:55,ok,2026-09-13T01:18:35.084004+05:30,2026-09-13_0118IST,airline_direct,IndiGo
MAA,DEL,6E,IndiGo,6E 539,2026-09-20,7,economy,,,10535.0,False,11:25,ok,2026-09-13T01:18:35.084004+05:30,2026-09-13_0118IST,airline_direct,IndiGo
MAA,DEL,6E,IndiGo,6E 973,2026-09-20,7,economy,,,10535.0,False,11:55,ok,2026-09-13T01:18:35.084004+05:30,2026-09-13_0118IST,airline_direct,IndiGo
MAA,DEL,6E,IndiGo,6E 183,2026-09-20,7,business,,,33135.0,False,16:35,ok,2026-09-13T01:18:35.084004+05:30,2026-09-13_0118IST,airline_direct,IndiGo
MAA,DEL,6E,IndiGo,6E 183,2026-09-20,7,economy,,,10535.0,False,16:35,ok,2026-09-13T01:18:35.084004+05:30,2026-09-13_0118IST,airline_direct,IndiGo
MAA,DEL,6E,IndiGo,6E 193,2026-09-20,7,business,,,32235.0,False,20:00,ok,2026-09-13T01:18:35.084004+05:30,2026-09-13_0118IST,airline_direct,IndiGo
MAA,DEL,6E,IndiGo,6E 193,2026-09-20,7,economy,,,10535.0,False,20:00,ok,2026-09-13T01:18:35.084004+05:30,2026-09-13_0118IST,airline_direct,IndiGo
MAA,DEL,6E,IndiGo,6E 6487,2026-09-20,7,business,,,32172.0,False,21:25,ok,2026-09-13T01:18:35.084004+05:30,2026-09-13_0118IST,airline_direct,IndiGo
MAA,DEL,6E,IndiGo,6E 6487,2026-09-20,7,economy,,,10535.0,False,21:25,ok,2026-09-13T01:18:35.084004+05:30,2026-09-13_0118IST,airline_direct,IndiGo
MAA,DEL,6E,IndiGo,6E 7199,2026-09-20,7,economy,,,10614.0,False,15:05,ok,2026-09-13T01:18:35.084004+05:30,2026-09-13_0118IST,airline_direct,IndiGo
MAA,DEL,6E,IndiGo,6E 6812,2026-09-20,7,economy,,,10614.0,False,20:00,ok,2026-09-13T01:18:35.084004+05:30,2026-09-13_0118IST,airline_direct,IndiGo
MAA,DEL,6E,IndiGo,6E 321,2026-09-20,7,business,,,35229.0,False,08:20,ok,2026-09-13T01:18:35.084004+05:30,2026-09-13_0118IST,airline_direct,IndiGo
MAA,DEL,6E,IndiGo,6E 321,2026-09-20,7,economy,,,10745.0,False,08:20,ok,2026-09-13T01:18:35.084004+05:30,2026-09-13_0118IST,airline_direct,IndiGo
MAA,DEL,6E,IndiGo,6E 6348,2026-09-20,7,business,,,39741.0,False,09:00,ok,2026-09-13T01:18:35.084004+05:30,2026-09-13_0118IST,airline_direct,IndiGo
MAA,DEL,6E,IndiGo,6E 6348,2026-09-20,7,economy,,,10745.0,False,09:00,ok,2026-09-13T01:18:35.084004+05:30,2026-09-13_0118IST,airline_direct,IndiGo
MAA,DEL,6E,IndiGo,6E 6326,2026-09-20,7,business,,,35229.0,False,11:45,ok,2026-09-13T01:18:35.084004+05:30,2026-09-13_0118IST,airline_direct,IndiGo
MAA,DEL,6E,IndiGo,6E 6326,2026-09-20,7,economy,,,10745.0,False,11:45,ok,2026-09-13T01:18:35.084004+05:30,2026-09-13_0118IST,airline_direct,IndiGo
MAA,DEL,6E,IndiGo,6E 834,2026-09-20,7,business,,,30979.0,False,09:05,ok,2026-09-13T01:18:35.084004+05:30,2026-09-13_0118IST,airline_direct,IndiGo
MAA,DEL,6E,IndiGo,6E 834,2026-09-20,7,economy,,,11366.0,False,09:05,ok,2026-09-13T01:18:35.084004+05:30,2026-09-13_0118IST,airline_direct,IndiGo
MAA,DEL,6E,IndiGo,6E 6158,2026-09-20,7,business,,,34593.0,False,16:10,ok,2026-09-13T01:18:35.084004+05:30,2026-09-13_0118IST,airline_direct,IndiGo
MAA,DEL,6E,IndiGo,6E 6158,2026-09-20,7,economy,,,11366.0,False,16:10,ok,2026-09-13T01:18:35.084004+05:30,2026-09-13_0118IST,airline_direct,IndiGo
MAA,DEL,6E,IndiGo,6E 597,2026-09-20,7,economy,,,11733.0,False,17:45,ok,2026-09-13T01:18:35.084004+05:30,2026-09-13_0118IST,airline_direct,IndiGo
MAA,DEL,6E,IndiGo,6E 561,2026-09-20,7,business,,,30301.0,False,22:20,ok,2026-09-13T01:18:35.084004+05:30,2026-09-13_0118IST,airline_direct,IndiGo
MAA,DEL,6E,IndiGo,6E 561,2026-09-20,7,economy,,,14069.0,False,22:20,ok,2026-09-13T01:18:35.084004+05:30,2026-09-13_0118IST,airline_direct,IndiGo
MAA,DEL,6E,IndiGo,6E 489,2026-09-20,7,economy,,,14373.0,False,18:15,ok,2026-09-13T01:18:35.084004+05:30,2026-09-13_0118IST,airline_direct,IndiGo
MAA,DEL,6E,IndiGo,6E 6113,2026-09-20,7,economy,,,15141.0,False,17:00,ok,2026-09-13T01:18:35.084004+05:30,2026-09-13_0118IST,airline_direct,IndiGo
MAA,DEL,6E,IndiGo,6E 5214,2026-09-20,7,business,,,39741.0,False,11:00,ok,2026-09-13T01:18:35.084004+05:30,2026-09-13_0118IST,airline_direct,IndiGo
MAA,DEL,6E,IndiGo,6E 5214,2026-09-20,7,economy,,,15787.0,False,11:00,ok,2026-09-13T01:18:35.084004+05:30,2026-09-13_0118IST,airline_direct,IndiGo
MAA,DEL,6E,IndiGo,6E 189,2026-09-20,7,business,,,37878.0,False,19:05,ok,2026-09-13T01:18:35.084004+05:30,2026-09-13_0118IST,airline_direct,IndiGo
MAA,DEL,6E,IndiGo,6E 189,2026-09-20,7,economy,,,16778.0,False,19:05,ok,2026-09-13T01:18:35.084004+05:30,2026-09-13_0118IST,airline_direct,IndiGo
MAA,DEL,6E,IndiGo,6E 6209,2026-09-20,7,business,,,37322.0,False,14:35,ok,2026-09-13T01:18:35.084004+05:30,2026-09-13_0118IST,airline_direct,IndiGo
MAA,DEL,6E,IndiGo,6E 6209,2026-09-20,7,economy,,,17015.0,False,14:35,ok,2026-09-13T01:18:35.084004+05:30,2026-09-13_0118IST,airline_direct,IndiGo
MAA,DEL,6E,IndiGo,6E 6209,2026-09-20,7,business,,,37322.0,False,14:35,ok,2026-09-13T01:18:35.084004+05:30,2026-09-13_0118IST,airline_direct,IndiGo
MAA,DEL,6E,IndiGo,6E 6209,2026-09-20,7,economy,,,17534.0,False,14:35,ok,2026-09-13T01:18:35.084004+05:30,2026-09-13_0118IST,airline_direct,IndiGo
MAA,DEL,6E,IndiGo,6E 847,2026-09-20,7,business,,,37322.0,False,16:15,ok,2026-09-13T01:18:35.084004+05:30,2026-09-13_0118IST,airline_direct,IndiGo
MAA,DEL,6E,IndiGo,6E 847,2026-09-20,7,economy,,,17534.0,False,16:15,ok,2026-09-13T01:18:35.084004+05:30,2026-09-13_0118IST,airline_direct,IndiGo
MAA,DEL,6E,IndiGo,6E 502,2026-09-20,7,business,,,31483.0,False,11:10,ok,2026-09-13T01:18:35.084004+05:30,2026-09-13_0118IST,airline_direct,IndiGo
MAA,DEL,6E,IndiGo,6E 502,2026-09-20,7,economy,,,17839.0,False,11:10,ok,2026-09-13T01:18:35.084004+05:30,2026-09-13_0118IST,airline_direct,IndiGo
MAA,DEL,6E,IndiGo,6E 6925,2026-09-20,7,business,,,34593.0,False,12:00,ok,2026-09-13T01:18:35.084004+05:30,2026-09-13_0118IST,airline_direct,IndiGo
MAA,DEL,6E,IndiGo,6E 6925,2026-09-20,7,economy,,,19232.0,False,12:00,ok,2026-09-13T01:18:35.084004+05:30,2026-09-13_0118IST,airline_direct,IndiGo
MAA,DEL,6E,IndiGo,6E 6925,2026-09-20,7,business,,,34593.0,False,12:00,ok,2026-09-13T01:18:35.084004+05:30,2026-09-13_0118IST,airline_direct,IndiGo
MAA,DEL,6E,IndiGo,6E 6925,2026-09-20,7,economy,,,20054.0,False,12:00,ok,2026-09-13T01:18:35.084004+05:30,2026-09-13_0118IST,airline_direct,IndiGo
MAA,DEL,6E,IndiGo,6E 848,2026-09-20,7,economy,,,20537.0,False,17:50,ok,2026-09-13T01:18:35.084004+05:30,2026-09-13_0118IST,airline_direct,IndiGo
MAA,DEL,6E,IndiGo,6E 562,2026-09-20,7,business,,,35529.0,False,18:20,ok,2026-09-13T01:18:35.084004+05:30,2026-09-13_0118IST,airline_direct,IndiGo
MAA,DEL,6E,IndiGo,6E 562,2026-09-20,7,economy,,,20886.0,False,18:20,ok,2026-09-13T01:18:35.084004+05:30,2026-09-13_0118IST,airline_direct,IndiGo
MAA,DEL,6E,IndiGo,6E 401,2026-09-20,7,economy,,,26235.0,False,08:10,ok,2026-09-13T01:18:35.084004+05:30,2026-09-13_0118IST,airline_direct,IndiGo
DEL,BOM,6E,IndiGo,6E 353,2026-10-28,45,business,,,21900.0,False,03:30,ok,2026-09-13T01:19:33.717850+05:30,2026-09-13_0119IST,airline_direct,IndiGo
DEL,BOM,6E,IndiGo,6E 353,2026-10-28,45,economy,,,6546.0,False,03:30,ok,2026-09-13T01:19:33.717850+05:30,2026-09-13_0119IST,airline_direct,IndiGo
DEL,BOM,6E,IndiGo,6E 449,2026-10-28,45,business,,,21900.0,False,05:00,ok,2026-09-13T01:19:33.717850+05:30,2026-09-13_0119IST,airline_direct,IndiGo
DEL,BOM,6E,IndiGo,6E 449,2026-10-28,45,economy,,,6546.0,False,05:00,ok,2026-09-13T01:19:33.717850+05:30,2026-09-13_0119IST,airline_direct,IndiGo
DEL,BOM,6E,IndiGo,6E 6218,2026-10-28,45,business,,,21900.0,False,06:05,ok,2026-09-13T01:19:33.717850+05:30,2026-09-13_0119IST,airline_direct,IndiGo
DEL,BOM,6E,IndiGo,6E 6218,2026-10-28,45,economy,,,6546.0,False,06:05,ok,2026-09-13T01:19:33.717850+05:30,2026-09-13_0119IST,airline_direct,IndiGo
DEL,BOM,6E,IndiGo,6E 320,2026-10-28,45,business,,,21900.0,False,08:00,ok,2026-09-13T01:19:33.717850+05:30,2026-09-13_0119IST,airline_direct,IndiGo
DEL,BOM,6E,IndiGo,6E 320,2026-10-28,45,economy,,,6546.0,False,08:00,ok,2026-09-13T01:19:33.717850+05:30,2026-09-13_0119IST,airline_direct,IndiGo
DEL,BOM,6E,IndiGo,6E 675,2026-10-28,45,business,,,21900.0,False,08:45,ok,2026-09-13T01:19:33.717850+05:30,2026-09-13_0119IST,airline_direct,IndiGo
DEL,BOM,6E,IndiGo,6E 675,2026-10-28,45,economy,,,6546.0,False,08:45,ok,2026-09-13T01:19:33.717850+05:30,2026-09-13_0119IST,airline_direct,IndiGo
DEL,BOM,6E,IndiGo,6E 6107,2026-10-28,45,business,,,21900.0,False,09:30,ok,2026-09-13T01:19:33.717850+05:30,2026-09-13_0119IST,airline_direct,IndiGo
DEL,BOM,6E,IndiGo,6E 6107,2026-10-28,45,economy,,,6546.0,False,09:30,ok,2026-09-13T01:19:33.717850+05:30,2026-09-13_0119IST,airline_direct,IndiGo
DEL,BOM,6E,IndiGo,6E 6328,2026-10-28,45,business,,,21900.0,False,10:15,ok,2026-09-13T01:19:33.717850+05:30,2026-09-13_0119IST,airline_direct,IndiGo
DEL,BOM,6E,IndiGo,6E 6328,2026-10-28,45,economy,,,6546.0,False,10:15,ok,2026-09-13T01:19:33.717850+05:30,2026-09-13_0119IST,airline_direct,IndiGo
DEL,BOM,6E,IndiGo,6E 6047,2026-10-28,45,business,,,21900.0,False,11:00,ok,2026-09-13T01:19:33.717850+05:30,2026-09-13_0119IST,airline_direct,IndiGo
DEL,BOM,6E,IndiGo,6E 6047,2026-10-28,45,economy,,,6546.0,False,11:00,ok,2026-09-13T01:19:33.717850+05:30,2026-09-13_0119IST,airline_direct,IndiGo
DEL,BOM,6E,IndiGo,6E 6051,2026-10-28,45,business,,,21900.0,False,11:45,ok,2026-09-13T01:19:33.717850+05:30,2026-09-13_0119IST,airline_direct,IndiGo
DEL,BOM,6E,IndiGo,6E 6051,2026-10-28,45,economy,,,6546.0,False,11:45,ok,2026-09-13T01:19:33.717850+05:30,2026-09-13_0119IST,airline_direct,IndiGo
DEL,BOM,6E,IndiGo,6E 6676,2026-10-28,45,business,,,21900.0,False,12:30,ok,2026-09-13T01:19:33.717850+05:30,2026-09-13_0119IST,airline_direct,IndiGo
DEL,BOM,6E,IndiGo,6E 6676,2026-10-28,45,economy,,,6546.0,False,12:30,ok,2026-09-13T01:19:33.717850+05:30,2026-09-13_0119IST,airline_direct,IndiGo
DEL,BOM,6E,IndiGo,6E 324,2026-10-28,45,business,,,21900.0,False,13:15,ok,2026-09-13T01:19:33.717850+05:30,2026-09-13_0119IST,airline_direct,IndiGo
DEL,BOM,6E,IndiGo,6E 324,2026-10-28,45,economy,,,6546.0,False,13:15,ok,2026-09-13T01:19:33.717850+05:30,2026-09-13_0119IST,airline_direct,IndiGo
DEL,BOM,6E,IndiGo,6E 6022,2026-10-28,45,business,,,21900.0,False,14:00,ok,2026-09-13T01:19:33.717850+05:30,2026-09-13_0119IST,airline_direct,IndiGo
DEL,BOM,6E,IndiGo,6E 6022,2026-10-28,45,economy,,,6546.0,False,14:00,ok,2026-09-13T01:19:33.717850+05:30,2026-09-13_0119IST,airline_direct,IndiGo
DEL,BOM,6E,IndiGo,6E 6318,2026-10-28,45,business,,,21900.0,False,14:45,ok,2026-09-13T01:19:33.717850+05:30,2026-09-13_0119IST,airline_direct,IndiGo
DEL,BOM,6E,IndiGo,6E 6318,2026-10-28,45,economy,,,6546.0,False,14:45,ok,2026-09-13T01:19:33.717850+05:30,2026-09-13_0119IST,airline_direct,IndiGo
DEL,BOM,6E,IndiGo,6E 864,2026-10-28,45,business,,,21900.0,False,15:30,ok,2026-09-13T01:19:33.717850+05:30,2026-09-13_0119IST,airline_direct,IndiGo
DEL,BOM,6E,IndiGo,6E 864,2026-10-28,45,economy,,,6546.0,False,15:30,ok,2026-09-13T01:19:33.717850+05:30,2026-09-13_0119IST,airline_direct,IndiGo
DEL,BOM,6E,IndiGo,6E 327,2026-10-28,45,business,,,21900.0,False,16:15,ok,2026-09-13T01:19:33.717850+05:30,2026-09-13_0119IST,airline_direct,IndiGo
DEL,BOM,6E,IndiGo,6E 327,2026-10-28,45,economy,,,6546.0,False,16:15,ok,2026-09-13T01:19:33.717850+05:30,2026-09-13_0119IST,airline_direct,IndiGo
DEL,BOM,6E,IndiGo,6E 6706,2026-10-28,45,business,,,21900.0,False,17:00,ok,2026-09-13T01:19:33.717850+05:30,2026-09-13_0119IST,airline_direct,IndiGo
DEL,BOM,6E,IndiGo,6E 6706,2026-10-28,45,economy,,,6546.0,False,17:00,ok,2026-09-13T01:19:33.717850+05:30,2026-09-13_0119IST,airline_direct,IndiGo
DEL,BOM,6E,IndiGo,6E 853,2026-10-28,45,business,,,21900.0,False,21:00,ok,2026-09-13T01:19:33.717850+05:30,2026-09-13_0119IST,airline_direct,IndiGo
DEL,BOM,6E,IndiGo,6E 853,2026-10-28,45,economy,,,6546.0,False,21:00,ok,2026-09-13T01:19:33.717850+05:30,2026-09-13_0119IST,airline_direct,IndiGo
DEL,BOM,6E,IndiGo,6E 395,2026-10-28,45,business,,,21900.0,False,22:00,ok,2026-09-13T01:19:33.717850+05:30,2026-09-13_0119IST,airline_direct,IndiGo
DEL,BOM,6E,IndiGo,6E 395,2026-10-28,45,economy,,,6546.0,False,22:00,ok,2026-09-13T01:19:33.717850+05:30,2026-09-13_0119IST,airline_direct,IndiGo
DEL,BOM,6E,IndiGo,6E 6114,2026-10-28,45,business,,,21900.0,False,23:00,ok,2026-09-13T01:19:33.717850+05:30,2026-09-13_0119IST,airline_direct,IndiGo
DEL,BOM,6E,IndiGo,6E 6114,2026-10-28,45,economy,,,6546.0,False,23:00,ok,2026-09-13T01:19:33.717850+05:30,2026-09-13_0119IST,airline_direct,IndiGo
DEL,BOM,6E,IndiGo,6E 328,2026-10-28,45,business,,,21900.0,False,17:45,ok,2026-09-13T01:19:33.717850+05:30,2026-09-13_0119IST,airline_direct,IndiGo
DEL,BOM,6E,IndiGo,6E 328,2026-10-28,45,economy,,,6696.0,False,17:45,ok,2026-09-13T01:19:33.717850+05:30,2026-09-13_0119IST,airline_direct,IndiGo
DEL,BOM,6E,IndiGo,6E 354,2026-10-28,45,business,,,21900.0,False,19:15,ok,2026-09-13T01:19:33.717850+05:30,2026-09-13_0119IST,airline_direct,IndiGo
DEL,BOM,6E,IndiGo,6E 354,2026-10-28,45,economy,,,6696.0,False,19:15,ok,2026-09-13T01:19:33.717850+05:30,2026-09-13_0119IST,airline_direct,IndiGo
DEL,BOM,6E,IndiGo,6E 303,2026-10-28,45,business,,,21900.0,False,20:00,ok,2026-09-13T01:19:33.717850+05:30,2026-09-13_0119IST,airline_direct,IndiGo
DEL,BOM,6E,IndiGo,6E 303,2026-10-28,45,economy,,,6696.0,False,20:00,ok,2026-09-13T01:19:33.717850+05:30,2026-09-13_0119IST,airline_direct,IndiGo
DEL,BOM,6E,IndiGo,6E 6814,2026-10-28,45,business,,,21900.0,False,07:00,ok,2026-09-13T01:19:33.717850+05:30,2026-09-13_0119IST,airline_direct,IndiGo
DEL,BOM,6E,IndiGo,6E 6814,2026-10-28,45,economy,,,6996.0,False,07:00,ok,2026-09-13T01:19:33.717850+05:30,2026-09-13_0119IST,airline_direct,IndiGo
DEL,BOM,6E,IndiGo,6E 329,2026-10-28,45,business,,,21900.0,False,18:30,ok,2026-09-13T01:19:33.717850+05:30,2026-09-13_0119IST,airline_direct,IndiGo
DEL,BOM,6E,IndiGo,6E 329,2026-10-28,45,economy,,,7297.0,False,18:30,ok,2026-09-13T01:19:33.717850+05:30,2026-09-13_0119IST,airline_direct,IndiGo
DEL,BOM,6E,IndiGo,6E 6220,2026-10-28,45,economy,,,6618.0,False,05:00,ok,2026-09-13T01:19:33.717850+05:30,2026-09-13_0119IST,airline_direct,IndiGo
DEL,BOM,6E,IndiGo,6E 5252,2026-10-28,45,economy,,,6618.0,False,05:30,ok,2026-09-13T01:19:33.717850+05:30,2026-09-13_0119IST,airline_direct,IndiGo
DEL,BOM,6E,IndiGo,6E 2164,2026-10-28,45,economy,,,6618.0,False,07:05,ok,2026-09-13T01:19:33.717850+05:30,2026-09-13_0119IST,airline_direct,IndiGo
DEL,BOM,6E,IndiGo,6E 6569,2026-10-28,45,economy,,,6750.0,False,06:05,ok,2026-09-13T01:19:33.717850+05:30,2026-09-13_0119IST,airline_direct,IndiGo
DEL,BOM,6E,IndiGo,6E 428,2026-10-28,45,economy,,,6750.0,False,16:45,ok,2026-09-13T01:19:33.717850+05:30,2026-09-13_0119IST,airline_direct,IndiGo
DEL,BOM,6E,IndiGo,6E 6699,2026-10-28,45,economy,,,6828.0,False,10:15,ok,2026-09-13T01:19:33.717850+05:30,2026-09-13_0119IST,airline_direct,IndiGo
DEL,BOM,6E,IndiGo,6E 6808,2026-10-28,45,economy,,,6828.0,False,13:25,ok,2026-09-13T01:19:33.717850+05:30,2026-09-13_0119IST,airline_direct,IndiGo
DEL,BOM,6E,IndiGo,6E 5025,2026-10-28,45,economy,,,6960.0,False,09:20,ok,2026-09-13T01:19:33.717850+05:30,2026-09-13_0119IST,airline_direct,IndiGo
DEL,BOM,6E,IndiGo,6E 2150,2026-10-28,45,business,,,35047.0,False,17:05,ok,2026-09-13T01:19:33.717850+05:30,2026-09-13_0119IST,airline_direct,IndiGo
DEL,BOM,6E,IndiGo,6E 2150,2026-10-28,45,economy,,,7038.0,False,17:05,ok,2026-09-13T01:19:33.717850+05:30,2026-09-13_0119IST,airline_direct,IndiGo
DEL,BOM,6E,IndiGo,6E 2105,2026-10-28,45,economy,,,7142.0,False,05:10,ok,2026-09-13T01:19:33.717850+05:30,2026-09-13_0119IST,airline_direct,IndiGo
DEL,BOM,6E,IndiGo,6E 6878,2026-10-28,45,economy,,,7142.0,False,07:30,ok,2026-09-13T01:19:33.717850+05:30,2026-09-13_0119IST,airline_direct,IndiGo
DEL,BOM,6E,IndiGo,6E 2298,2026-10-28,45,economy,,,7142.0,False,11:05,ok,2026-09-13T01:19:33.717850+05:30,2026-09-13_0119IST,airline_direct,IndiGo
DEL,BOM,6E,IndiGo,6E 6787,2026-10-28,45,economy,,,7142.0,False,14:40,ok,2026-09-13T01:19:33.717850+05:30,2026-09-13_0119IST,airline_direct,IndiGo
DEL,BOM,6E,IndiGo,6E 6787,2026-10-28,45,economy,,,7142.0,False,14:40,ok,2026-09-13T01:19:33.717850+05:30,2026-09-13_0119IST,airline_direct,IndiGo
DEL,BOM,6E,IndiGo,6E 2289,2026-10-28,45,economy,,,7142.0,False,17:05,ok,2026-09-13T01:19:33.717850+05:30,2026-09-13_0119IST,airline_direct,IndiGo
DEL,BOM,6E,IndiGo,6E 6004,2026-10-28,45,economy,,,7274.0,False,05:10,ok,2026-09-13T01:19:33.717850+05:30,2026-09-13_0119IST,airline_direct,IndiGo
DEL,BOM,6E,IndiGo,6E 2402,2026-10-28,45,economy,,,7274.0,False,06:30,ok,2026-09-13T01:19:33.717850+05:30,2026-09-13_0119IST,airline_direct,IndiGo
DEL,BOM,6E,IndiGo,6E 6488,2026-10-28,45,economy,,,7274.0,False,12:05,ok,2026-09-13T01:19:33.717850+05:30,2026-09-13_0119IST,airline_direct,IndiGo
DEL,BOM,6E,IndiGo,6E 6050,2026-10-28,45,economy,,,7352.0,False,09:20,ok,2026-09-13T01:19:33.717850+05:30,2026-09-13_0119IST,airline_direct,IndiGo
DEL,BOM,6E,IndiGo,6E 2105,2026-10-28,45,economy,,,7718.0,False,05:10,ok,2026-09-13T01:19:33.717850+05:30,2026-09-13_0119IST,airline_direct,IndiGo
DEL,BOM,6E,IndiGo,6E 931,2026-10-28,45,economy,,,7718.0,False,19:35,ok,2026-09-13T01:19:33.717850+05:30,2026-09-13_0119IST,airline_direct,IndiGo
DEL,BOM,6E,IndiGo,6E 5225,2026-10-28,45,economy,,,7928.0,False,15:45,ok,2026-09-13T01:19:33.717850+05:30,2026-09-13_0119IST,airline_direct,IndiGo
DEL,BOM,6E,IndiGo,6E 2013,2026-10-28,45,economy,,,8351.0,False,21:55,ok,2026-09-13T01:19:33.717850+05:30,2026-09-13_0119IST,airline_direct,IndiGo
DEL,BOM,6E,IndiGo,6E 704,2026-10-28,45,business,,,29617.0,False,02:25,ok,2026-09-13T01:19:33.717850+05:30,2026-09-13_0119IST,airline_direct,IndiGo
DEL,BOM,6E,IndiGo,6E 704,2026-10-28,45,economy,,,8692.0,False,02:25,ok,2026-09-13T01:19:33.717850+05:30,2026-09-13_0119IST,airline_direct,IndiGo
DEL,BOM,6E,IndiGo,6E 704,2026-10-28,45,business,,,29617.0,False,02:25,ok,2026-09-13T01:19:33.717850+05:30,2026-09-13_0119IST,airline_direct,IndiGo
DEL,BOM,6E,IndiGo,6E 704,2026-10-28,45,economy,,,8692.0,False,02:25,ok,2026-09-13T01:19:33.717850+05:30,2026-09-13_0119IST,airline_direct,IndiGo
DEL,BOM,6E,IndiGo,6E 2303,2026-10-28,45,business,,,29617.0,False,05:15,ok,2026-09-13T01:19:33.717850+05:30,2026-09-13_0119IST,airline_direct,IndiGo
DEL,BOM,6E,IndiGo,6E 2303,2026-10-28,45,economy,,,8692.0,False,05:15,ok,2026-09-13T01:19:33.717850+05:30,2026-09-13_0119IST,airline_direct,IndiGo
DEL,BOM,6E,IndiGo,6E 705,2026-10-28,45,business,,,29617.0,False,08:30,ok,2026-09-13T01:19:33.717850+05:30,2026-09-13_0119IST,airline_direct,IndiGo
DEL,BOM,6E,IndiGo,6E 705,2026-10-28,45,economy,,,8692.0,False,08:30,ok,2026-09-13T01:19:33.717850+05:30,2026-09-13_0119IST,airline_direct,IndiGo
DEL,BOM,6E,IndiGo,6E 705,2026-10-28,45,business,,,29617.0,False,08:30,ok,2026-09-13T01:19:33.717850+05:30,2026-09-13_0119IST,airline_direct,IndiGo
DEL,BOM,6E,IndiGo,6E 705,2026-10-28,45,economy,,,8692.0,False,08:30,ok,2026-09-13T01:19:33.717850+05:30,2026-09-13_0119IST,airline_direct,IndiGo
DEL,BOM,6E,IndiGo,6E 6293,2026-10-28,45,business,,,29617.0,False,10:00,ok,2026-09-13T01:19:33.717850+05:30,2026-09-13_0119IST,airline_direct,IndiGo
DEL,BOM,6E,IndiGo,6E 6293,2026-10-28,45,economy,,,8692.0,False,10:00,ok,2026-09-13T01:19:33.717850+05:30,2026-09-13_0119IST,airline_direct,IndiGo
DEL,BOM,6E,IndiGo,6E 2373,2026-10-28,45,economy,,,8692.0,False,11:05,ok,2026-09-13T01:19:33.717850+05:30,2026-09-13_0119IST,airline_direct,IndiGo
DEL,BOM,6E,IndiGo,6E 5058,2026-10-28,45,business,,,29617.0,False,13:30,ok,2026-09-13T01:19:33.717850+05:30,2026-09-13_0119IST,airline_direct,IndiGo
DEL,BOM,6E,IndiGo,6E 5058,2026-10-28,45,economy,,,8692.0,False,13:30,ok,2026-09-13T01:19:33.717850+05:30,2026-09-13_0119IST,airline_direct,IndiGo
DEL,BOM,6E,IndiGo,6E 5058,2026-10-28,45,business,,,29617.0,False,13:30,ok,2026-09-13T01:19:33.717850+05:30,2026-09-13_0119IST,airline_direct,IndiGo
DEL,BOM,6E,IndiGo,6E 5058,2026-10-28,45,economy,,,8692.0,False,13:30,ok,2026-09-13T01:19:33.717850+05:30,2026-09-13_0119IST,airline_direct,IndiGo
DEL,BOM,6E,IndiGo,6E 6212,2026-10-28,45,business,,,29617.0,False,14:50,ok,2026-09-13T01:19:33.717850+05:30,2026-09-13_0119IST,airline_direct,IndiGo
DEL,BOM,6E,IndiGo,6E 6212,2026-10-28,45,economy,,,8692.0,False,14:50,ok,2026-09-13T01:19:33.717850+05:30,2026-09-13_0119IST,airline_direct,IndiGo
DEL,BOM,6E,IndiGo,6E 2423,2026-10-28,45,economy,,,8692.0,False,15:15,ok,2026-09-13T01:19:33.717850+05:30,2026-09-13_0119IST,airline_direct,IndiGo
DEL,BOM,6E,IndiGo,6E 6217,2026-10-28,45,business,,,29617.0,False,16:15,ok,2026-09-13T01:19:33.717850+05:30,2026-09-13_0119IST,airline_direct,IndiGo
DEL,BOM,6E,IndiGo,6E 6217,2026-10-28,45,economy,,,8692.0,False,16:15,ok,2026-09-13T01:19:33.717850+05:30,2026-09-13_0119IST,airline_direct,IndiGo
DEL,BOM,6E,IndiGo,6E 2250,2026-10-28,45,economy,,,8692.0,False,18:10,ok,2026-09-13T01:19:33.717850+05:30,2026-09-13_0119IST,airline_direct,IndiGo
DEL,BOM,6E,IndiGo,6E 717,2026-10-28,45,business,,,29617.0,False,18:15,ok,2026-09-13T01:19:33.717850+05:30,2026-09-13_0119IST,airline_direct,IndiGo
DEL,BOM,6E,IndiGo,6E 717,2026-10-28,45,economy,,,8692.0,False,18:15,ok,2026-09-13T01:19:33.717850+05:30,2026-09-13_0119IST,airline_direct,IndiGo
DEL,BOM,6E,IndiGo,6E 717,2026-10-28,45,business,,,29617.0,False,18:15,ok,2026-09-13T01:19:33.717850+05:30,2026-09-13_0119IST,airline_direct,IndiGo
DEL,BOM,6E,IndiGo,6E 717,2026-10-28,45,economy,,,8692.0,False,18:15,ok,2026-09-13T01:19:33.717850+05:30,2026-09-13_0119IST,airline_direct,IndiGo
DEL,BOM,6E,IndiGo,6E 358,2026-10-28,45,business,,,36817.0,False,11:55,ok,2026-09-13T01:19:33.717850+05:30,2026-09-13_0119IST,airline_direct,IndiGo
DEL,BOM,6E,IndiGo,6E 358,2026-10-28,45,economy,,,8771.0,False,11:55,ok,2026-09-13T01:19:33.717850+05:30,2026-09-13_0119IST,airline_direct,IndiGo
DEL,BOM,6E,IndiGo,6E 884,2026-10-28,45,business,,,29617.0,False,11:45,ok,2026-09-13T01:19:33.717850+05:30,2026-09-13_0119IST,airline_direct,IndiGo
DEL,BOM,6E,IndiGo,6E 884,2026-10-28,45,economy,,,9388.0,False,11:45,ok,2026-09-13T01:19:33.717850+05:30,2026-09-13_0119IST,airline_direct,IndiGo
DEL,BOM,6E,IndiGo,6E 6601,2026-10-28,45,business,,,29617.0,False,19:45,ok,2026-09-13T01:19:33.717850+05:30,2026-09-13_0119IST,airline_direct,IndiGo
DEL,BOM,6E,IndiGo,6E 6601,2026-10-28,45,economy,,,9388.0,False,19:45,ok,2026-09-13T01:19:33.717850+05:30,2026-09-13_0119IST,airline_direct,IndiGo
DEL,BOM,6E,IndiGo,6E 2277,2026-10-28,45,business,,,36817.0,False,10:25,ok,2026-09-13T01:19:33.717850+05:30,2026-09-13_0119IST,airline_direct,IndiGo
DEL,BOM,6E,IndiGo,6E 2277,2026-10-28,45,economy,,,11073.0,False,10:25,ok,2026-09-13T01:19:33.717850+05:30,2026-09-13_0119IST,airline_direct,IndiGo
DEL,BLR,6E,IndiGo,6E 820,2026-10-28,45,business,,,26048.0,False,02:45,ok,2026-09-13T01:20:31.251348+05:30,2026-09-13_0120IST,airline_direct,IndiGo
DEL,BLR,6E,IndiGo,6E 820,2026-10-28,45,economy,,,9890.0,False,02:45,ok,2026-09-13T01:20:31.251348+05:30,2026-09-13_0120IST,airline_direct,IndiGo
DEL,BLR,6E,IndiGo,6E 2314,2026-10-28,45,business,,,26048.0,False,05:45,ok,2026-09-13T01:20:31.251348+05:30,2026-09-13_0120IST,airline_direct,IndiGo
DEL,BLR,6E,IndiGo,6E 2314,2026-10-28,45,economy,,,9890.0,False,05:45,ok,2026-09-13T01:20:31.251348+05:30,2026-09-13_0120IST,airline_direct,IndiGo
DEL,BLR,6E,IndiGo,6E 810,2026-10-28,45,business,,,26048.0,False,06:45,ok,2026-09-13T01:20:31.251348+05:30,2026-09-13_0120IST,airline_direct,IndiGo
DEL,BLR,6E,IndiGo,6E 810,2026-10-28,45,economy,,,9890.0,False,06:45,ok,2026-09-13T01:20:31.251348+05:30,2026-09-13_0120IST,airline_direct,IndiGo
DEL,BLR,6E,IndiGo,6E 873,2026-10-28,45,business,,,26048.0,False,08:15,ok,2026-09-13T01:20:31.251348+05:30,2026-09-13_0120IST,airline_direct,IndiGo
DEL,BLR,6E,IndiGo,6E 873,2026-10-28,45,economy,,,9890.0,False,08:15,ok,2026-09-13T01:20:31.251348+05:30,2026-09-13_0120IST,airline_direct,IndiGo
DEL,BLR,6E,IndiGo,6E 826,2026-10-28,45,business,,,26048.0,False,09:30,ok,2026-09-13T01:20:31.251348+05:30,2026-09-13_0120IST,airline_direct,IndiGo
DEL,BLR,6E,IndiGo,6E 826,2026-10-28,45,economy,,,9890.0,False,09:30,ok,2026-09-13T01:20:31.251348+05:30,2026-09-13_0120IST,airline_direct,IndiGo
DEL,BLR,6E,IndiGo,6E 850,2026-10-28,45,business,,,26048.0,False,12:00,ok,2026-09-13T01:20:31.251348+05:30,2026-09-13_0120IST,airline_direct,IndiGo
DEL,BLR,6E,IndiGo,6E 850,2026-10-28,45,economy,,,9890.0,False,12:00,ok,2026-09-13T01:20:31.251348+05:30,2026-09-13_0120IST,airline_direct,IndiGo
DEL,BLR,6E,IndiGo,6E 176,2026-10-28,45,business,,,26048.0,False,13:15,ok,2026-09-13T01:20:31.251348+05:30,2026-09-13_0120IST,airline_direct,IndiGo
DEL,BLR,6E,IndiGo,6E 176,2026-10-28,45,economy,,,9890.0,False,13:15,ok,2026-09-13T01:20:31.251348+05:30,2026-09-13_0120IST,airline_direct,IndiGo
DEL,BLR,6E,IndiGo,6E 2329,2026-10-28,45,business,,,26048.0,False,14:30,ok,2026-09-13T01:20:31.251348+05:30,2026-09-13_0120IST,airline_direct,IndiGo
DEL,BLR,6E,IndiGo,6E 2329,2026-10-28,45,economy,,,9890.0,False,14:30,ok,2026-09-13T01:20:31.251348+05:30,2026-09-13_0120IST,airline_direct,IndiGo
DEL,BLR,6E,IndiGo,6E 880,2026-10-28,45,business,,,26048.0,False,15:45,ok,2026-09-13T01:20:31.251348+05:30,2026-09-13_0120IST,airline_direct,IndiGo
DEL,BLR,6E,IndiGo,6E 880,2026-10-28,45,economy,,,9890.0,False,15:45,ok,2026-09-13T01:20:31.251348+05:30,2026-09-13_0120IST,airline_direct,IndiGo
DEL,BLR,6E,IndiGo,6E 837,2026-10-28,45,business,,,26048.0,False,17:00,ok,2026-09-13T01:20:31.251348+05:30,2026-09-13_0120IST,airline_direct,IndiGo
DEL,BLR,6E,IndiGo,6E 837,2026-10-28,45,economy,,,9890.0,False,17:00,ok,2026-09-13T01:20:31.251348+05:30,2026-09-13_0120IST,airline_direct,IndiGo
DEL,BLR,6E,IndiGo,6E 811,2026-10-28,45,business,,,26048.0,False,18:15,ok,2026-09-13T01:20:31.251348+05:30,2026-09-13_0120IST,airline_direct,IndiGo
DEL,BLR,6E,IndiGo,6E 811,2026-10-28,45,economy,,,9890.0,False,18:15,ok,2026-09-13T01:20:31.251348+05:30,2026-09-13_0120IST,airline_direct,IndiGo
DEL,BLR,6E,IndiGo,6E 6515,2026-10-28,45,business,,,26048.0,False,20:45,ok,2026-09-13T01:20:31.251348+05:30,2026-09-13_0120IST,airline_direct,IndiGo
DEL,BLR,6E,IndiGo,6E 6515,2026-10-28,45,economy,,,9890.0,False,20:45,ok,2026-09-13T01:20:31.251348+05:30,2026-09-13_0120IST,airline_direct,IndiGo
DEL,BLR,6E,IndiGo,6E 846,2026-10-28,45,business,,,26048.0,False,22:00,ok,2026-09-13T01:20:31.251348+05:30,2026-09-13_0120IST,airline_direct,IndiGo
DEL,BLR,6E,IndiGo,6E 846,2026-10-28,45,economy,,,9890.0,False,22:00,ok,2026-09-13T01:20:31.251348+05:30,2026-09-13_0120IST,airline_direct,IndiGo
DEL,BLR,6E,IndiGo,6E 871,2026-10-28,45,business,,,26048.0,False,23:30,ok,2026-09-13T01:20:31.251348+05:30,2026-09-13_0120IST,airline_direct,IndiGo
DEL,BLR,6E,IndiGo,6E 871,2026-10-28,45,economy,,,9890.0,False,23:30,ok,2026-09-13T01:20:31.251348+05:30,2026-09-13_0120IST,airline_direct,IndiGo
DEL,BLR,6E,IndiGo,6E 842,2026-10-28,45,business,,,26048.0,False,10:45,ok,2026-09-13T01:20:31.251348+05:30,2026-09-13_0120IST,airline_direct,IndiGo
DEL,BLR,6E,IndiGo,6E 842,2026-10-28,45,economy,,,10192.0,False,10:45,ok,2026-09-13T01:20:31.251348+05:30,2026-09-13_0120IST,airline_direct,IndiGo
DEL,BLR,6E,IndiGo,6E 861,2026-10-28,45,business,,,26048.0,False,19:30,ok,2026-09-13T01:20:31.251348+05:30,2026-09-13_0120IST,airline_direct,IndiGo
DEL,BLR,6E,IndiGo,6E 861,2026-10-28,45,economy,,,10192.0,False,19:30,ok,2026-09-13T01:20:31.251348+05:30,2026-09-13_0120IST,airline_direct,IndiGo
DEL,BLR,6E,IndiGo,6E 2402,2026-10-28,45,economy,,,9867.0,False,06:30,ok,2026-09-13T01:20:31.251348+05:30,2026-09-13_0120IST,airline_direct,IndiGo
DEL,BLR,6E,IndiGo,6E 2177,2026-10-28,45,economy,,,9867.0,False,18:50,ok,2026-09-13T01:20:31.251348+05:30,2026-09-13_0120IST,airline_direct,IndiGo
DEL,BLR,6E,IndiGo,6E 704,2026-10-28,45,business,,,24542.0,False,02:25,ok,2026-09-13T01:20:31.251348+05:30,2026-09-13_0120IST,airline_direct,IndiGo
DEL,BLR,6E,IndiGo,6E 704,2026-10-28,45,economy,,,9946.0,False,02:25,ok,2026-09-13T01:20:31.251348+05:30,2026-09-13_0120IST,airline_direct,IndiGo
DEL,BLR,6E,IndiGo,6E 2303,2026-10-28,45,business,,,24908.0,False,05:15,ok,2026-09-13T01:20:31.251348+05:30,2026-09-13_0120IST,airline_direct,IndiGo
DEL,BLR,6E,IndiGo,6E 2303,2026-10-28,45,economy,,,9946.0,False,05:15,ok,2026-09-13T01:20:31.251348+05:30,2026-09-13_0120IST,airline_direct,IndiGo
DEL,BLR,6E,IndiGo,6E 6293,2026-10-28,45,business,,,26251.0,False,10:00,ok,2026-09-13T01:20:31.251348+05:30,2026-09-13_0120IST,airline_direct,IndiGo
DEL,BLR,6E,IndiGo,6E 6293,2026-10-28,45,economy,,,9946.0,False,10:00,ok,2026-09-13T01:20:31.251348+05:30,2026-09-13_0120IST,airline_direct,IndiGo
DEL,BLR,6E,IndiGo,6E 6293,2026-10-28,45,business,,,26251.0,False,10:00,ok,2026-09-13T01:20:31.251348+05:30,2026-09-13_0120IST,airline_direct,IndiGo
DEL,BLR,6E,IndiGo,6E 6293,2026-10-28,45,economy,,,9946.0,False,10:00,ok,2026-09-13T01:20:31.251348+05:30,2026-09-13_0120IST,airline_direct,IndiGo
DEL,BLR,6E,IndiGo,6E 5058,2026-10-28,45,business,,,25312.0,False,13:30,ok,2026-09-13T01:20:31.251348+05:30,2026-09-13_0120IST,airline_direct,IndiGo
DEL,BLR,6E,IndiGo,6E 5058,2026-10-28,45,economy,,,9946.0,False,13:30,ok,2026-09-13T01:20:31.251348+05:30,2026-09-13_0120IST,airline_direct,IndiGo
DEL,BLR,6E,IndiGo,6E 6212,2026-10-28,45,business,,,25312.0,False,14:50,ok,2026-09-13T01:20:31.251348+05:30,2026-09-13_0120IST,airline_direct,IndiGo
DEL,BLR,6E,IndiGo,6E 6212,2026-10-28,45,economy,,,9946.0,False,14:50,ok,2026-09-13T01:20:31.251348+05:30,2026-09-13_0120IST,airline_direct,IndiGo
DEL,BLR,6E,IndiGo,6E 6217,2026-10-28,45,business,,,25312.0,False,16:15,ok,2026-09-13T01:20:31.251348+05:30,2026-09-13_0120IST,airline_direct,IndiGo
DEL,BLR,6E,IndiGo,6E 6217,2026-10-28,45,economy,,,9946.0,False,16:15,ok,2026-09-13T01:20:31.251348+05:30,2026-09-13_0120IST,airline_direct,IndiGo
DEL,BLR,6E,IndiGo,6E 6217,2026-10-28,45,business,,,25312.0,False,16:15,ok,2026-09-13T01:20:31.251348+05:30,2026-09-13_0120IST,airline_direct,IndiGo
DEL,BLR,6E,IndiGo,6E 6217,2026-10-28,45,economy,,,9946.0,False,16:15,ok,2026-09-13T01:20:31.251348+05:30,2026-09-13_0120IST,airline_direct,IndiGo
DEL,BLR,6E,IndiGo,6E 717,2026-10-28,45,business,,,25312.0,False,18:15,ok,2026-09-13T01:20:31.251348+05:30,2026-09-13_0120IST,airline_direct,IndiGo
DEL,BLR,6E,IndiGo,6E 717,2026-10-28,45,economy,,,9946.0,False,18:15,ok,2026-09-13T01:20:31.251348+05:30,2026-09-13_0120IST,airline_direct,IndiGo
DEL,BLR,6E,IndiGo,6E 2343,2026-10-28,45,business,,,29152.0,False,02:15,ok,2026-09-13T01:20:31.251348+05:30,2026-09-13_0120IST,airline_direct,IndiGo
DEL,BLR,6E,IndiGo,6E 2343,2026-10-28,45,economy,,,10077.0,False,02:15,ok,2026-09-13T01:20:31.251348+05:30,2026-09-13_0120IST,airline_direct,IndiGo
DEL,BLR,6E,IndiGo,6E 2105,2026-10-28,45,economy,,,10077.0,False,05:10,ok,2026-09-13T01:20:31.251348+05:30,2026-09-13_0120IST,airline_direct,IndiGo
DEL,BLR,6E,IndiGo,6E 637,2026-10-28,45,economy,,,10077.0,False,07:05,ok,2026-09-13T01:20:31.251348+05:30,2026-09-13_0120IST,airline_direct,IndiGo
DEL,BLR,6E,IndiGo,6E 6878,2026-10-28,45,economy,,,10077.0,False,07:30,ok,2026-09-13T01:20:31.251348+05:30,2026-09-13_0120IST,airline_direct,IndiGo
DEL,BLR,6E,IndiGo,6E 6488,2026-10-28,45,economy,,,10077.0,False,12:05,ok,2026-09-13T01:20:31.251348+05:30,2026-09-13_0120IST,airline_direct,IndiGo
DEL,BLR,6E,IndiGo,6E 395,2026-10-28,45,business,,,34636.0,False,22:00,ok,2026-09-13T01:20:31.251348+05:30,2026-09-13_0120IST,airline_direct,IndiGo
DEL,BLR,6E,IndiGo,6E 395,2026-10-28,45,economy,,,10077.0,False,22:00,ok,2026-09-13T01:20:31.251348+05:30,2026-09-13_0120IST,airline_direct,IndiGo
DEL,BLR,6E,IndiGo,6E 933,2026-10-28,45,business,,,28318.0,False,02:10,ok,2026-09-13T01:20:31.251348+05:30,2026-09-13_0120IST,airline_direct,IndiGo
DEL,BLR,6E,IndiGo,6E 933,2026-10-28,45,economy,,,10156.0,False,02:10,ok,2026-09-13T01:20:31.251348+05:30,2026-09-13_0120IST,airline_direct,IndiGo
DEL,BLR,6E,IndiGo,6E 976,2026-10-28,45,business,,,28318.0,False,06:30,ok,2026-09-13T01:20:31.251348+05:30,2026-09-13_0120IST,airline_direct,IndiGo
DEL,BLR,6E,IndiGo,6E 976,2026-10-28,45,economy,,,10156.0,False,06:30,ok,2026-09-13T01:20:31.251348+05:30,2026-09-13_0120IST,airline_direct,IndiGo
DEL,BLR,6E,IndiGo,6E 2411,2026-10-28,45,economy,,,10156.0,False,07:15,ok,2026-09-13T01:20:31.251348+05:30,2026-09-13_0120IST,airline_direct,IndiGo
DEL,BLR,6E,IndiGo,6E 6304,2026-10-28,45,economy,,,10156.0,False,09:30,ok,2026-09-13T01:20:31.251348+05:30,2026-09-13_0120IST,airline_direct,IndiGo
DEL,BLR,6E,IndiGo,6E 6699,2026-10-28,45,economy,,,10156.0,False,10:15,ok,2026-09-13T01:20:31.251348+05:30,2026-09-13_0120IST,airline_direct,IndiGo
DEL,BLR,6E,IndiGo,6E 2277,2026-10-28,45,business,,,33047.0,False,10:25,ok,2026-09-13T01:20:31.251348+05:30,2026-09-13_0120IST,airline_direct,IndiGo
DEL,BLR,6E,IndiGo,6E 2277,2026-10-28,45,economy,,,10156.0,False,10:25,ok,2026-09-13T01:20:31.251348+05:30,2026-09-13_0120IST,airline_direct,IndiGo
DEL,BLR,6E,IndiGo,6E 434,2026-10-28,45,business,,,28318.0,False,10:40,ok,2026-09-13T01:20:31.251348+05:30,2026-09-13_0120IST,airline_direct,IndiGo
DEL,BLR,6E,IndiGo,6E 434,2026-10-28,45,economy,,,10156.0,False,10:40,ok,2026-09-13T01:20:31.251348+05:30,2026-09-13_0120IST,airline_direct,IndiGo
DEL,BLR,6E,IndiGo,6E 6115,2026-10-28,45,business,,,28318.0,False,13:00,ok,2026-09-13T01:20:31.251348+05:30,2026-09-13_0120IST,airline_direct,IndiGo
DEL,BLR,6E,IndiGo,6E 6115,2026-10-28,45,economy,,,10156.0,False,13:00,ok,2026-09-13T01:20:31.251348+05:30,2026-09-13_0120IST,airline_direct,IndiGo
DEL,BLR,6E,IndiGo,6E 6091,2026-10-28,45,business,,,28318.0,False,15:00,ok,2026-09-13T01:20:31.251348+05:30,2026-09-13_0120IST,airline_direct,IndiGo
DEL,BLR,6E,IndiGo,6E 6091,2026-10-28,45,economy,,,10156.0,False,15:00,ok,2026-09-13T01:20:31.251348+05:30,2026-09-13_0120IST,airline_direct,IndiGo
DEL,BLR,6E,IndiGo,6E 6076,2026-10-28,45,economy,,,10156.0,False,15:45,ok,2026-09-13T01:20:31.251348+05:30,2026-09-13_0120IST,airline_direct,IndiGo
DEL,BLR,6E,IndiGo,6E 2336,2026-10-28,45,business,,,28318.0,False,16:15,ok,2026-09-13T01:20:31.251348+05:30,2026-09-13_0120IST,airline_direct,IndiGo
DEL,BLR,6E,IndiGo,6E 2336,2026-10-28,45,economy,,,10156.0,False,16:15,ok,2026-09-13T01:20:31.251348+05:30,2026-09-13_0120IST,airline_direct,IndiGo
DEL,BLR,6E,IndiGo,6E 2346,2026-10-28,45,economy,,,10156.0,False,17:00,ok,2026-09-13T01:20:31.251348+05:30,2026-09-13_0120IST,airline_direct,IndiGo
DEL,BLR,6E,IndiGo,6E 2150,2026-10-28,45,business,,,33047.0,False,17:05,ok,2026-09-13T01:20:31.251348+05:30,2026-09-13_0120IST,airline_direct,IndiGo
DEL,BLR,6E,IndiGo,6E 2150,2026-10-28,45,economy,,,10156.0,False,17:05,ok,2026-09-13T01:20:31.251348+05:30,2026-09-13_0120IST,airline_direct,IndiGo
DEL,BLR,6E,IndiGo,6E 2140,2026-10-28,45,economy,,,10156.0,False,17:30,ok,2026-09-13T01:20:31.251348+05:30,2026-09-13_0120IST,airline_direct,IndiGo
DEL,BLR,6E,IndiGo,6E 769,2026-10-28,45,economy,,,10156.0,False,17:40,ok,2026-09-13T01:20:31.251348+05:30,2026-09-13_0120IST,airline_direct,IndiGo
DEL,BLR,6E,IndiGo,6E 5162,2026-10-28,45,economy,,,10156.0,False,18:45,ok,2026-09-13T01:20:31.251348+05:30,2026-09-13_0120IST,airline_direct,IndiGo
DEL,BLR,6E,IndiGo,6E 6131,2026-10-28,45,economy,,,10156.0,False,21:10,ok,2026-09-13T01:20:31.251348+05:30,2026-09-13_0120IST,airline_direct,IndiGo
DEL,BLR,6E,IndiGo,6E 6073,2026-10-28,45,economy,,,10287.0,False,05:15,ok,2026-09-13T01:20:31.251348+05:30,2026-09-13_0120IST,airline_direct,IndiGo
DEL,BLR,6E,IndiGo,6E 2769,2026-10-28,45,economy,,,10287.0,False,07:55,ok,2026-09-13T01:20:31.251348+05:30,2026-09-13_0120IST,airline_direct,IndiGo
DEL,BLR,6E,IndiGo,6E 2296,2026-10-28,45,economy,,,10287.0,False,09:30,ok,2026-09-13T01:20:31.251348+05:30,2026-09-13_0120IST,airline_direct,IndiGo
DEL,BLR,6E,IndiGo,6E 6347,2026-10-28,45,economy,,,10287.0,False,14:35,ok,2026-09-13T01:20:31.251348+05:30,2026-09-13_0120IST,airline_direct,IndiGo
DEL,BLR,6E,IndiGo,6E 2771,2026-10-28,45,economy,,,10287.0,False,16:20,ok,2026-09-13T01:20:31.251348+05:30,2026-09-13_0120IST,airline_direct,IndiGo
DEL,BLR,6E,IndiGo,6E 5373,2026-10-28,45,economy,,,10287.0,False,20:20,ok,2026-09-13T01:20:31.251348+05:30,2026-09-13_0120IST,airline_direct,IndiGo
DEL,BLR,6E,IndiGo,6E 2045,2026-10-28,45,economy,,,10314.0,False,20:05,ok,2026-09-13T01:20:31.251348+05:30,2026-09-13_0120IST,airline_direct,IndiGo
DEL,BLR,6E,IndiGo,6E 2361,2026-10-28,45,economy,,,10851.0,False,12:55,ok,2026-09-13T01:20:31.251348+05:30,2026-09-13_0120IST,airline_direct,IndiGo
DEL,BLR,6E,IndiGo,6E 6673,2026-10-28,45,business,,,28646.0,False,21:15,ok,2026-09-13T01:20:31.251348+05:30,2026-09-13_0120IST,airline_direct,IndiGo
DEL,BLR,6E,IndiGo,6E 6673,2026-10-28,45,economy,,,10851.0,False,21:15,ok,2026-09-13T01:20:31.251348+05:30,2026-09-13_0120IST,airline_direct,IndiGo
DEL,BLR,6E,IndiGo,6E 2327,2026-10-28,45,business,,,40485.0,False,13:35,ok,2026-09-13T01:20:31.251348+05:30,2026-09-13_0120IST,airline_direct,IndiGo
DEL,BLR,6E,IndiGo,6E 2327,2026-10-28,45,economy,,,27215.0,False,13:35,ok,2026-09-13T01:20:31.251348+05:30,2026-09-13_0120IST,airline_direct,IndiGo
DEL,BLR,6E,IndiGo,6E 2192,2026-10-28,45,business,,,42609.0,False,08:30,ok,2026-09-13T01:20:31.251348+05:30,2026-09-13_0120IST,airline_direct,IndiGo
DEL,BLR,6E,IndiGo,6E 2192,2026-10-28,45,economy,,,27411.0,False,08:30,ok,2026-09-13T01:20:31.251348+05:30,2026-09-13_0120IST,airline_direct,IndiGo
DEL,BLR,6E,IndiGo,6E 894,2026-10-28,45,business,,,42609.0,False,10:30,ok,2026-09-13T01:20:31.251348+05:30,2026-09-13_0120IST,airline_direct,IndiGo
DEL,BLR,6E,IndiGo,6E 894,2026-10-28,45,economy,,,28218.0,False,10:30,ok,2026-09-13T01:20:31.251348+05:30,2026-09-13_0120IST,airline_direct,IndiGo
DEL,BLR,6E,IndiGo,6E 6517,2026-10-28,45,business,,,45815.0,False,19:30,ok,2026-09-13T01:20:31.251348+05:30,2026-09-13_0120IST,airline_direct,IndiGo
DEL,BLR,6E,IndiGo,6E 6517,2026-10-28,45,economy,,,30123.0,False,19:30,ok,2026-09-13T01:20:31.251348+05:30,2026-09-13_0120IST,airline_direct,IndiGo
BOM,BLR,6E,IndiGo,6E 5323,2026-10-28,45,business,,,18948.0,False,00:45,ok,2026-09-13T01:21:28.108327+05:30,2026-09-13_0121IST,airline_direct,IndiGo
BOM,BLR,6E,IndiGo,6E 5323,2026-10-28,45,economy,,,7062.0,False,00:45,ok,2026-09-13T01:21:28.108327+05:30,2026-09-13_0121IST,airline_direct,IndiGo
BOM,BLR,6E,IndiGo,6E 5257,2026-10-28,45,business,,,18948.0,False,12:30,ok,2026-09-13T01:21:28.108327+05:30,2026-09-13_0121IST,airline_direct,IndiGo
BOM,BLR,6E,IndiGo,6E 5257,2026-10-28,45,economy,,,7062.0,False,12:30,ok,2026-09-13T01:21:28.108327+05:30,2026-09-13_0121IST,airline_direct,IndiGo
BOM,BLR,6E,IndiGo,6E 5221,2026-10-28,45,business,,,18948.0,False,17:45,ok,2026-09-13T01:21:28.108327+05:30,2026-09-13_0121IST,airline_direct,IndiGo
BOM,BLR,6E,IndiGo,6E 5221,2026-10-28,45,economy,,,7062.0,False,17:45,ok,2026-09-13T01:21:28.108327+05:30,2026-09-13_0121IST,airline_direct,IndiGo
BOM,BLR,6E,IndiGo,6E 6284,2026-10-28,45,business,,,18948.0,False,02:15,ok,2026-09-13T01:21:28.108327+05:30,2026-09-13_0121IST,airline_direct,IndiGo
BOM,BLR,6E,IndiGo,6E 6284,2026-10-28,45,economy,,,7377.0,False,02:15,ok,2026-09-13T01:21:28.108327+05:30,2026-09-13_0121IST,airline_direct,IndiGo
BOM,BLR,6E,IndiGo,6E 6335,2026-10-28,45,business,,,18948.0,False,04:30,ok,2026-09-13T01:21:28.108327+05:30,2026-09-13_0121IST,airline_direct,IndiGo
BOM,BLR,6E,IndiGo,6E 6335,2026-10-28,45,economy,,,7377.0,False,04:30,ok,2026-09-13T01:21:28.108327+05:30,2026-09-13_0121IST,airline_direct,IndiGo
BOM,BLR,6E,IndiGo,6E 5296,2026-10-28,45,business,,,18948.0,False,06:00,ok,2026-09-13T01:21:28.108327+05:30,2026-09-13_0121IST,airline_direct,IndiGo
BOM,BLR,6E,IndiGo,6E 5296,2026-10-28,45,economy,,,7377.0,False,06:00,ok,2026-09-13T01:21:28.108327+05:30,2026-09-13_0121IST,airline_direct,IndiGo
BOM,BLR,6E,IndiGo,6E 5092,2026-10-28,45,business,,,18948.0,False,09:40,ok,2026-09-13T01:21:28.108327+05:30,2026-09-13_0121IST,airline_direct,IndiGo
BOM,BLR,6E,IndiGo,6E 5092,2026-10-28,45,economy,,,7377.0,False,09:40,ok,2026-09-13T01:21:28.108327+05:30,2026-09-13_0121IST,airline_direct,IndiGo
BOM,BLR,6E,IndiGo,6E 5217,2026-10-28,45,business,,,18948.0,False,11:05,ok,2026-09-13T01:21:28.108327+05:30,2026-09-13_0121IST,airline_direct,IndiGo
BOM,BLR,6E,IndiGo,6E 5217,2026-10-28,45,economy,,,7377.0,False,11:05,ok,2026-09-13T01:21:28.108327+05:30,2026-09-13_0121IST,airline_direct,IndiGo
BOM,BLR,6E,IndiGo,6E 5382,2026-10-28,45,business,,,18948.0,False,15:00,ok,2026-09-13T01:21:28.108327+05:30,2026-09-13_0121IST,airline_direct,IndiGo
BOM,BLR,6E,IndiGo,6E 5382,2026-10-28,45,economy,,,7377.0,False,15:00,ok,2026-09-13T01:21:28.108327+05:30,2026-09-13_0121IST,airline_direct,IndiGo
BOM,BLR,6E,IndiGo,6E 5047,2026-10-28,45,business,,,18948.0,False,19:00,ok,2026-09-13T01:21:28.108327+05:30,2026-09-13_0121IST,airline_direct,IndiGo
BOM,BLR,6E,IndiGo,6E 5047,2026-10-28,45,economy,,,7377.0,False,19:00,ok,2026-09-13T01:21:28.108327+05:30,2026-09-13_0121IST,airline_direct,IndiGo
BOM,BLR,6E,IndiGo,6E 5032,2026-10-28,45,business,,,18948.0,False,20:15,ok,2026-09-13T01:21:28.108327+05:30,2026-09-13_0121IST,airline_direct,IndiGo
BOM,BLR,6E,IndiGo,6E 5032,2026-10-28,45,economy,,,7377.0,False,20:15,ok,2026-09-13T01:21:28.108327+05:30,2026-09-13_0121IST,airline_direct,IndiGo
BOM,BLR,6E,IndiGo,6E 5083,2026-10-28,45,business,,,18948.0,False,21:45,ok,2026-09-13T01:21:28.108327+05:30,2026-09-13_0121IST,airline_direct,IndiGo
BOM,BLR,6E,IndiGo,6E 5083,2026-10-28,45,economy,,,7377.0,False,21:45,ok,2026-09-13T01:21:28.108327+05:30,2026-09-13_0121IST,airline_direct,IndiGo
BOM,BLR,6E,IndiGo,6E 5388,2026-10-28,45,business,,,18948.0,False,22:55,ok,2026-09-13T01:21:28.108327+05:30,2026-09-13_0121IST,airline_direct,IndiGo
BOM,BLR,6E,IndiGo,6E 5388,2026-10-28,45,economy,,,7377.0,False,22:55,ok,2026-09-13T01:21:28.108327+05:30,2026-09-13_0121IST,airline_direct,IndiGo
BOM,BLR,6E,IndiGo,6E 5071,2026-10-28,45,business,,,18948.0,False,16:20,ok,2026-09-13T01:21:28.108327+05:30,2026-09-13_0121IST,airline_direct,IndiGo
BOM,BLR,6E,IndiGo,6E 5071,2026-10-28,45,economy,,,8217.0,False,16:20,ok,2026-09-13T01:21:28.108327+05:30,2026-09-13_0121IST,airline_direct,IndiGo
BOM,BLR,6E,IndiGo,6E 5193,2026-10-28,45,business,,,18948.0,False,07:25,ok,2026-09-13T01:21:28.108327+05:30,2026-09-13_0121IST,airline_direct,IndiGo
BOM,BLR,6E,IndiGo,6E 5193,2026-10-28,45,economy,,,11052.0,False,07:25,ok,2026-09-13T01:21:28.108327+05:30,2026-09-13_0121IST,airline_direct,IndiGo
BOM,BLR,6E,IndiGo,6E 6361,2026-10-28,45,economy,,,6714.0,False,04:30,ok,2026-09-13T01:21:28.108327+05:30,2026-09-13_0121IST,airline_direct,IndiGo
BOM,BLR,6E,IndiGo,6E 5011,2026-10-28,45,economy,,,6808.0,False,13:55,ok,2026-09-13T01:21:28.108327+05:30,2026-09-13_0121IST,airline_direct,IndiGo
BOM,BLR,6E,IndiGo,6E 6064,2026-10-28,45,economy,,,6808.0,False,17:20,ok,2026-09-13T01:21:28.108327+05:30,2026-09-13_0121IST,airline_direct,IndiGo
BOM,BLR,6E,IndiGo,6E 6064,2026-10-28,45,economy,,,6808.0,False,17:20,ok,2026-09-13T01:21:28.108327+05:30,2026-09-13_0121IST,airline_direct,IndiGo
BOM,BLR,6E,IndiGo,6E 261,2026-10-28,45,economy,,,7243.0,False,11:35,ok,2026-09-13T01:21:28.108327+05:30,2026-09-13_0121IST,airline_direct,IndiGo
BOM,BLR,6E,IndiGo,6E 5011,2026-10-28,45,economy,,,7243.0,False,13:55,ok,2026-09-13T01:21:28.108327+05:30,2026-09-13_0121IST,airline_direct,IndiGo
BOM,BLR,6E,IndiGo,6E 5179,2026-10-28,45,business,,,19670.0,False,02:35,ok,2026-09-13T01:21:28.108327+05:30,2026-09-13_0121IST,airline_direct,IndiGo
BOM,BLR,6E,IndiGo,6E 5179,2026-10-28,45,economy,,,7374.0,False,02:35,ok,2026-09-13T01:21:28.108327+05:30,2026-09-13_0121IST,airline_direct,IndiGo
BOM,BLR,6E,IndiGo,6E 6362,2026-10-28,45,business,,,19670.0,False,05:30,ok,2026-09-13T01:21:28.108327+05:30,2026-09-13_0121IST,airline_direct,IndiGo
BOM,BLR,6E,IndiGo,6E 6362,2026-10-28,45,economy,,,7374.0,False,05:30,ok,2026-09-13T01:21:28.108327+05:30,2026-09-13_0121IST,airline_direct,IndiGo
BOM,BLR,6E,IndiGo,6E 6674,2026-10-28,45,economy,,,7374.0,False,09:10,ok,2026-09-13T01:21:28.108327+05:30,2026-09-13_0121IST,airline_direct,IndiGo
BOM,BLR,6E,IndiGo,6E 6674,2026-10-28,45,economy,,,7374.0,False,09:10,ok,2026-09-13T01:21:28.108327+05:30,2026-09-13_0121IST,airline_direct,IndiGo
BOM,BLR,6E,IndiGo,6E 5318,2026-10-28,45,business,,,21379.0,False,10:15,ok,2026-09-13T01:21:28.108327+05:30,2026-09-13_0121IST,airline_direct,IndiGo
BOM,BLR,6E,IndiGo,6E 5318,2026-10-28,45,economy,,,7374.0,False,10:15,ok,2026-09-13T01:21:28.108327+05:30,2026-09-13_0121IST,airline_direct,IndiGo
BOM,BLR,6E,IndiGo,6E 5318,2026-10-28,45,business,,,21379.0,False,10:15,ok,2026-09-13T01:21:28.108327+05:30,2026-09-13_0121IST,airline_direct,IndiGo
BOM,BLR,6E,IndiGo,6E 5318,2026-10-28,45,economy,,,7374.0,False,10:15,ok,2026-09-13T01:21:28.108327+05:30,2026-09-13_0121IST,airline_direct,IndiGo
BOM,BLR,6E,IndiGo,6E 6365,2026-10-28,45,business,,,21379.0,False,12:00,ok,2026-09-13T01:21:28.108327+05:30,2026-09-13_0121IST,airline_direct,IndiGo
BOM,BLR,6E,IndiGo,6E 6365,2026-10-28,45,economy,,,7374.0,False,12:00,ok,2026-09-13T01:21:28.108327+05:30,2026-09-13_0121IST,airline_direct,IndiGo
BOM,BLR,6E,IndiGo,6E 5064,2026-10-28,45,economy,,,7374.0,False,12:05,ok,2026-09-13T01:21:28.108327+05:30,2026-09-13_0121IST,airline_direct,IndiGo
BOM,BLR,6E,IndiGo,6E 5386,2026-10-28,45,business,,,20441.0,False,15:05,ok,2026-09-13T01:21:28.108327+05:30,2026-09-13_0121IST,airline_direct,IndiGo
BOM,BLR,6E,IndiGo,6E 5386,2026-10-28,45,economy,,,7374.0,False,15:05,ok,2026-09-13T01:21:28.108327+05:30,2026-09-13_0121IST,airline_direct,IndiGo
BOM,BLR,6E,IndiGo,6E 5386,2026-10-28,45,business,,,20441.0,False,15:05,ok,2026-09-13T01:21:28.108327+05:30,2026-09-13_0121IST,airline_direct,IndiGo
BOM,BLR,6E,IndiGo,6E 5386,2026-10-28,45,economy,,,7374.0,False,15:05,ok,2026-09-13T01:21:28.108327+05:30,2026-09-13_0121IST,airline_direct,IndiGo
BOM,BLR,6E,IndiGo,6E 841,2026-10-28,45,economy,,,7374.0,False,15:10,ok,2026-09-13T01:21:28.108327+05:30,2026-09-13_0121IST,airline_direct,IndiGo
BOM,BLR,6E,IndiGo,6E 5228,2026-10-28,45,business,,,20441.0,False,16:40,ok,2026-09-13T01:21:28.108327+05:30,2026-09-13_0121IST,airline_direct,IndiGo
BOM,BLR,6E,IndiGo,6E 5228,2026-10-28,45,economy,,,7374.0,False,16:40,ok,2026-09-13T01:21:28.108327+05:30,2026-09-13_0121IST,airline_direct,IndiGo
BOM,BLR,6E,IndiGo,6E 5228,2026-10-28,45,business,,,20441.0,False,16:40,ok,2026-09-13T01:21:28.108327+05:30,2026-09-13_0121IST,airline_direct,IndiGo
BOM,BLR,6E,IndiGo,6E 5228,2026-10-28,45,economy,,,7374.0,False,16:40,ok,2026-09-13T01:21:28.108327+05:30,2026-09-13_0121IST,airline_direct,IndiGo
BOM,BLR,6E,IndiGo,6E 5228,2026-10-28,45,business,,,20441.0,False,16:40,ok,2026-09-13T01:21:28.108327+05:30,2026-09-13_0121IST,airline_direct,IndiGo
BOM,BLR,6E,IndiGo,6E 5228,2026-10-28,45,economy,,,7374.0,False,16:40,ok,2026-09-13T01:21:28.108327+05:30,2026-09-13_0121IST,airline_direct,IndiGo
BOM,BLR,6E,IndiGo,6E 6549,2026-10-28,45,economy,,,7374.0,False,19:05,ok,2026-09-13T01:21:28.108327+05:30,2026-09-13_0121IST,airline_direct,IndiGo
BOM,BLR,6E,IndiGo,6E 5158,2026-10-28,45,economy,,,7505.0,False,12:45,ok,2026-09-13T01:21:28.108327+05:30,2026-09-13_0121IST,airline_direct,IndiGo
BOM,BLR,6E,IndiGo,6E 5147,2026-10-28,45,economy,,,7505.0,False,18:40,ok,2026-09-13T01:21:28.108327+05:30,2026-09-13_0121IST,airline_direct,IndiGo
BOM,BLR,6E,IndiGo,6E 136,2026-10-28,45,business,,,24040.0,False,05:00,ok,2026-09-13T01:21:28.108327+05:30,2026-09-13_0121IST,airline_direct,IndiGo
BOM,BLR,6E,IndiGo,6E 136,2026-10-28,45,economy,,,7584.0,False,05:00,ok,2026-09-13T01:21:28.108327+05:30,2026-09-13_0121IST,airline_direct,IndiGo
BOM,BLR,6E,IndiGo,6E 136,2026-10-28,45,business,,,24040.0,False,05:00,ok,2026-09-13T01:21:28.108327+05:30,2026-09-13_0121IST,airline_direct,IndiGo
BOM,BLR,6E,IndiGo,6E 136,2026-10-28,45,economy,,,7584.0,False,05:00,ok,2026-09-13T01:21:28.108327+05:30,2026-09-13_0121IST,airline_direct,IndiGo
BOM,BLR,6E,IndiGo,6E 6280,2026-10-28,45,economy,,,7584.0,False,05:30,ok,2026-09-13T01:21:28.108327+05:30,2026-09-13_0121IST,airline_direct,IndiGo
BOM,BLR,6E,IndiGo,6E 5188,2026-10-28,45,business,,,24040.0,False,07:05,ok,2026-09-13T01:21:28.108327+05:30,2026-09-13_0121IST,airline_direct,IndiGo
BOM,BLR,6E,IndiGo,6E 5188,2026-10-28,45,economy,,,7584.0,False,07:05,ok,2026-09-13T01:21:28.108327+05:30,2026-09-13_0121IST,airline_direct,IndiGo
BOM,BLR,6E,IndiGo,6E 5188,2026-10-28,45,business,,,24040.0,False,07:05,ok,2026-09-13T01:21:28.108327+05:30,2026-09-13_0121IST,airline_direct,IndiGo
BOM,BLR,6E,IndiGo,6E 5188,2026-10-28,45,economy,,,7584.0,False,07:05,ok,2026-09-13T01:21:28.108327+05:30,2026-09-13_0121IST,airline_direct,IndiGo
BOM,BLR,6E,IndiGo,6E 2049,2026-10-28,45,economy,,,7584.0,False,07:10,ok,2026-09-13T01:21:28.108327+05:30,2026-09-13_0121IST,airline_direct,IndiGo
BOM,BLR,6E,IndiGo,6E 6701,2026-10-28,45,economy,,,7584.0,False,12:30,ok,2026-09-13T01:21:28.108327+05:30,2026-09-13_0121IST,airline_direct,IndiGo
BOM,BLR,6E,IndiGo,6E 5085,2026-10-28,45,business,,,24040.0,False,13:00,ok,2026-09-13T01:21:28.108327+05:30,2026-09-13_0121IST,airline_direct,IndiGo
BOM,BLR,6E,IndiGo,6E 5085,2026-10-28,45,economy,,,7584.0,False,13:00,ok,2026-09-13T01:21:28.108327+05:30,2026-09-13_0121IST,airline_direct,IndiGo
BOM,BLR,6E,IndiGo,6E 5085,2026-10-28,45,business,,,24040.0,False,13:00,ok,2026-09-13T01:21:28.108327+05:30,2026-09-13_0121IST,airline_direct,IndiGo
BOM,BLR,6E,IndiGo,6E 5085,2026-10-28,45,economy,,,7584.0,False,13:00,ok,2026-09-13T01:21:28.108327+05:30,2026-09-13_0121IST,airline_direct,IndiGo
BOM,BLR,6E,IndiGo,6E 5337,2026-10-28,45,business,,,24040.0,False,14:30,ok,2026-09-13T01:21:28.108327+05:30,2026-09-13_0121IST,airline_direct,IndiGo
BOM,BLR,6E,IndiGo,6E 5337,2026-10-28,45,economy,,,7584.0,False,14:30,ok,2026-09-13T01:21:28.108327+05:30,2026-09-13_0121IST,airline_direct,IndiGo
BOM,BLR,6E,IndiGo,6E 5337,2026-10-28,45,business,,,24040.0,False,14:30,ok,2026-09-13T01:21:28.108327+05:30,2026-09-13_0121IST,airline_direct,IndiGo
BOM,BLR,6E,IndiGo,6E 5337,2026-10-28,45,economy,,,7584.0,False,14:30,ok,2026-09-13T01:21:28.108327+05:30,2026-09-13_0121IST,airline_direct,IndiGo
BOM,BLR,6E,IndiGo,6E 5183,2026-10-28,45,economy,,,7584.0,False,15:45,ok,2026-09-13T01:21:28.108327+05:30,2026-09-13_0121IST,airline_direct,IndiGo
BOM,BLR,6E,IndiGo,6E 5196,2026-10-28,45,business,,,24040.0,False,16:30,ok,2026-09-13T01:21:28.108327+05:30,2026-09-13_0121IST,airline_direct,IndiGo
BOM,BLR,6E,IndiGo,6E 5196,2026-10-28,45,economy,,,7584.0,False,16:30,ok,2026-09-13T01:21:28.108327+05:30,2026-09-13_0121IST,airline_direct,IndiGo
BOM,BLR,6E,IndiGo,6E 5196,2026-10-28,45,business,,,24040.0,False,16:30,ok,2026-09-13T01:21:28.108327+05:30,2026-09-13_0121IST,airline_direct,IndiGo
BOM,BLR,6E,IndiGo,6E 5196,2026-10-28,45,economy,,,7584.0,False,16:30,ok,2026-09-13T01:21:28.108327+05:30,2026-09-13_0121IST,airline_direct,IndiGo
BOM,BLR,6E,IndiGo,6E 795,2026-10-28,45,economy,,,7584.0,False,19:15,ok,2026-09-13T01:21:28.108327+05:30,2026-09-13_0121IST,airline_direct,IndiGo
BOM,BLR,6E,IndiGo,6E 294,2026-10-28,45,economy,,,7715.0,False,07:20,ok,2026-09-13T01:21:28.108327+05:30,2026-09-13_0121IST,airline_direct,IndiGo
BOM,BLR,6E,IndiGo,6E 6080,2026-10-28,45,economy,,,7715.0,False,17:10,ok,2026-09-13T01:21:28.108327+05:30,2026-09-13_0121IST,airline_direct,IndiGo
BOM,BLR,6E,IndiGo,6E 6362,2026-10-28,45,business,,,20036.0,False,05:30,ok,2026-09-13T01:21:28.108327+05:30,2026-09-13_0121IST,airline_direct,IndiGo
BOM,BLR,6E,IndiGo,6E 6362,2026-10-28,45,economy,,,7916.0,False,05:30,ok,2026-09-13T01:21:28.108327+05:30,2026-09-13_0121IST,airline_direct,IndiGo
BOM,BLR,6E,IndiGo,6E 5246,2026-10-28,45,business,,,19670.0,False,07:20,ok,2026-09-13T01:21:28.108327+05:30,2026-09-13_0121IST,airline_direct,IndiGo
BOM,BLR,6E,IndiGo,6E 5246,2026-10-28,45,economy,,,7916.0,False,07:20,ok,2026-09-13T01:21:28.108327+05:30,2026-09-13_0121IST,airline_direct,IndiGo
BOM,BLR,6E,IndiGo,6E 5204,2026-10-28,45,business,,,24040.0,False,08:30,ok,2026-09-13T01:21:28.108327+05:30,2026-09-13_0121IST,airline_direct,IndiGo
BOM,BLR,6E,IndiGo,6E 5204,2026-10-28,45,economy,,,8126.0,False,08:30,ok,2026-09-13T01:21:28.108327+05:30,2026-09-13_0121IST,airline_direct,IndiGo
BOM,BLR,6E,IndiGo,6E 5313,2026-10-28,45,business,,,24040.0,False,10:55,ok,2026-09-13T01:21:28.108327+05:30,2026-09-13_0121IST,airline_direct,IndiGo
BOM,BLR,6E,IndiGo,6E 5313,2026-10-28,45,economy,,,9364.0,False,10:55,ok,2026-09-13T01:21:28.108327+05:30,2026-09-13_0121IST,airline_direct,IndiGo
BOM,BLR,6E,IndiGo,6E 6352,2026-10-28,45,economy,,,10068.0,False,15:40,ok,2026-09-13T01:21:28.108327+05:30,2026-09-13_0121IST,airline_direct,IndiGo
BOM,BLR,6E,IndiGo,6E 5059,2026-10-28,45,economy,,,10068.0,False,16:45,ok,2026-09-13T01:21:28.108327+05:30,2026-09-13_0121IST,airline_direct,IndiGo
BOM,BLR,6E,IndiGo,6E 5313,2026-10-28,45,business,,,24040.0,False,10:55,ok,2026-09-13T01:21:28.108327+05:30,2026-09-13_0121IST,airline_direct,IndiGo
BOM,BLR,6E,IndiGo,6E 5313,2026-10-28,45,economy,,,10838.0,False,10:55,ok,2026-09-13T01:21:28.108327+05:30,2026-09-13_0121IST,airline_direct,IndiGo
DEL,CCU,6E,IndiGo,6E 340,2026-10-28,45,business,,,22600.0,False,06:15,ok,2026-09-13T01:22:29.606730+05:30,2026-09-13_0122IST,airline_direct,IndiGo
DEL,CCU,6E,IndiGo,6E 340,2026-10-28,45,economy,,,9280.0,False,06:15,ok,2026-09-13T01:22:29.606730+05:30,2026-09-13_0122IST,airline_direct,IndiGo
DEL,CCU,6E,IndiGo,6E 5191,2026-10-28,45,business,,,22600.0,False,04:45,ok,2026-09-13T01:22:29.606730+05:30,2026-09-13_0122IST,airline_direct,IndiGo
DEL,CCU,6E,IndiGo,6E 5191,2026-10-28,45,economy,,,9753.0,False,04:45,ok,2026-09-13T01:22:29.606730+05:30,2026-09-13_0122IST,airline_direct,IndiGo
DEL,CCU,6E,IndiGo,6E 2192,2026-10-28,45,business,,,22600.0,False,08:30,ok,2026-09-13T01:22:29.606730+05:30,2026-09-13_0122IST,airline_direct,IndiGo
DEL,CCU,6E,IndiGo,6E 2192,2026-10-28,45,economy,,,9753.0,False,08:30,ok,2026-09-13T01:22:29.606730+05:30,2026-09-13_0122IST,airline_direct,IndiGo
DEL,CCU,6E,IndiGo,6E 894,2026-10-28,45,business,,,22600.0,False,10:30,ok,2026-09-13T01:22:29.606730+05:30,2026-09-13_0122IST,airline_direct,IndiGo
DEL,CCU,6E,IndiGo,6E 894,2026-10-28,45,economy,,,10278.0,False,10:30,ok,2026-09-13T01:22:29.606730+05:30,2026-09-13_0122IST,airline_direct,IndiGo
DEL,CCU,6E,IndiGo,6E 897,2026-10-28,45,business,,,22600.0,False,12:15,ok,2026-09-13T01:22:29.606730+05:30,2026-09-13_0122IST,airline_direct,IndiGo
DEL,CCU,6E,IndiGo,6E 897,2026-10-28,45,economy,,,10278.0,False,12:15,ok,2026-09-13T01:22:29.606730+05:30,2026-09-13_0122IST,airline_direct,IndiGo
DEL,CCU,6E,IndiGo,6E 247,2026-10-28,45,business,,,22600.0,False,23:45,ok,2026-09-13T01:22:29.606730+05:30,2026-09-13_0122IST,airline_direct,IndiGo
DEL,CCU,6E,IndiGo,6E 247,2026-10-28,45,economy,,,10278.0,False,23:45,ok,2026-09-13T01:22:29.606730+05:30,2026-09-13_0122IST,airline_direct,IndiGo
DEL,CCU,6E,IndiGo,6E 2327,2026-10-28,45,business,,,22600.0,False,13:35,ok,2026-09-13T01:22:29.606730+05:30,2026-09-13_0122IST,airline_direct,IndiGo
DEL,CCU,6E,IndiGo,6E 2327,2026-10-28,45,economy,,,10908.0,False,13:35,ok,2026-09-13T01:22:29.606730+05:30,2026-09-13_0122IST,airline_direct,IndiGo
DEL,CCU,6E,IndiGo,6E 930,2026-10-28,45,business,,,22600.0,False,03:00,ok,2026-09-13T01:22:29.606730+05:30,2026-09-13_0122IST,airline_direct,IndiGo
DEL,CCU,6E,IndiGo,6E 930,2026-10-28,45,economy,,,11643.0,False,03:00,ok,2026-09-13T01:22:29.606730+05:30,2026-09-13_0122IST,airline_direct,IndiGo
DEL,CCU,6E,IndiGo,6E 389,2026-10-28,45,business,,,22600.0,False,22:15,ok,2026-09-13T01:22:29.606730+05:30,2026-09-13_0122IST,airline_direct,IndiGo
DEL,CCU,6E,IndiGo,6E 389,2026-10-28,45,economy,,,12430.0,False,22:15,ok,2026-09-13T01:22:29.606730+05:30,2026-09-13_0122IST,airline_direct,IndiGo
DEL,CCU,6E,IndiGo,6E 6415,2026-10-28,45,business,,,22600.0,False,15:30,ok,2026-09-13T01:22:29.606730+05:30,2026-09-13_0122IST,airline_direct,IndiGo
DEL,CCU,6E,IndiGo,6E 6415,2026-10-28,45,economy,,,14950.0,False,15:30,ok,2026-09-13T01:22:29.606730+05:30,2026-09-13_0122IST,airline_direct,IndiGo
DEL,CCU,6E,IndiGo,6E 920,2026-10-28,45,business,,,22600.0,False,17:15,ok,2026-09-13T01:22:29.606730+05:30,2026-09-13_0122IST,airline_direct,IndiGo
DEL,CCU,6E,IndiGo,6E 920,2026-10-28,45,economy,,,14950.0,False,17:15,ok,2026-09-13T01:22:29.606730+05:30,2026-09-13_0122IST,airline_direct,IndiGo
DEL,CCU,6E,IndiGo,6E 6517,2026-10-28,45,business,,,37200.0,False,19:30,ok,2026-09-13T01:22:29.606730+05:30,2026-09-13_0122IST,airline_direct,IndiGo
DEL,CCU,6E,IndiGo,6E 6517,2026-10-28,45,economy,,,20253.0,False,19:30,ok,2026-09-13T01:22:29.606730+05:30,2026-09-13_0122IST,airline_direct,IndiGo
DEL,CCU,6E,IndiGo,6E 2164,2026-10-28,45,economy,,,7586.0,False,07:05,ok,2026-09-13T01:22:29.606730+05:30,2026-09-13_0122IST,airline_direct,IndiGo
DEL,CCU,6E,IndiGo,6E 2361,2026-10-28,45,economy,,,8115.0,False,12:55,ok,2026-09-13T01:22:29.606730+05:30,2026-09-13_0122IST,airline_direct,IndiGo
DEL,CCU,6E,IndiGo,6E 6304,2026-10-28,45,economy,,,8194.0,False,09:30,ok,2026-09-13T01:22:29.606730+05:30,2026-09-13_0122IST,airline_direct,IndiGo
DEL,CCU,6E,IndiGo,6E 2296,2026-10-28,45,economy,,,8194.0,False,09:30,ok,2026-09-13T01:22:29.606730+05:30,2026-09-13_0122IST,airline_direct,IndiGo
DEL,CCU,6E,IndiGo,6E 6551,2026-10-28,45,economy,,,8640.0,False,12:10,ok,2026-09-13T01:22:29.606730+05:30,2026-09-13_0122IST,airline_direct,IndiGo
DEL,CCU,6E,IndiGo,6E 2423,2026-10-28,45,economy,,,8783.0,False,15:15,ok,2026-09-13T01:22:29.606730+05:30,2026-09-13_0122IST,airline_direct,IndiGo
DEL,CCU,6E,IndiGo,6E 2204,2026-10-28,45,economy,,,8862.0,False,11:05,ok,2026-09-13T01:22:29.606730+05:30,2026-09-13_0122IST,airline_direct,IndiGo
DEL,CCU,6E,IndiGo,6E 6076,2026-10-28,45,economy,,,8862.0,False,15:45,ok,2026-09-13T01:22:29.606730+05:30,2026-09-13_0122IST,airline_direct,IndiGo
DEL,CCU,6E,IndiGo,6E 2771,2026-10-28,45,economy,,,8862.0,False,16:20,ok,2026-09-13T01:22:29.606730+05:30,2026-09-13_0122IST,airline_direct,IndiGo
DEL,CCU,6E,IndiGo,6E 6503,2026-10-28,45,economy,,,9177.0,False,12:35,ok,2026-09-13T01:22:29.606730+05:30,2026-09-13_0122IST,airline_direct,IndiGo
DEL,CCU,6E,IndiGo,6E 931,2026-10-28,45,economy,,,9203.0,False,19:35,ok,2026-09-13T01:22:29.606730+05:30,2026-09-13_0122IST,airline_direct,IndiGo
DEL,CCU,6E,IndiGo,6E 2410,2026-10-28,45,economy,,,9308.0,False,12:10,ok,2026-09-13T01:22:29.606730+05:30,2026-09-13_0122IST,airline_direct,IndiGo
DEL,CCU,6E,IndiGo,6E 2423,2026-10-28,45,economy,,,9518.0,False,15:15,ok,2026-09-13T01:22:29.606730+05:30,2026-09-13_0122IST,airline_direct,IndiGo
DEL,CCU,6E,IndiGo,6E 821,2026-10-28,45,economy,,,9752.0,False,13:25,ok,2026-09-13T01:22:29.606730+05:30,2026-09-13_0122IST,airline_direct,IndiGo
DEL,CCU,6E,IndiGo,6E 821,2026-10-28,45,economy,,,9909.0,False,13:25,ok,2026-09-13T01:22:29.606730+05:30,2026-09-13_0122IST,airline_direct,IndiGo
DEL,CCU,6E,IndiGo,6E 6503,2026-10-28,45,economy,,,9912.0,False,12:35,ok,2026-09-13T01:22:29.606730+05:30,2026-09-13_0122IST,airline_direct,IndiGo
DEL,CCU,6E,IndiGo,6E 704,2026-10-28,45,business,,,28201.0,False,02:25,ok,2026-09-13T01:22:29.606730+05:30,2026-09-13_0122IST,airline_direct,IndiGo
DEL,CCU,6E,IndiGo,6E 704,2026-10-28,45,economy,,,9938.0,False,02:25,ok,2026-09-13T01:22:29.606730+05:30,2026-09-13_0122IST,airline_direct,IndiGo
DEL,CCU,6E,IndiGo,6E 704,2026-10-28,45,business,,,28673.0,False,02:25,ok,2026-09-13T01:22:29.606730+05:30,2026-09-13_0122IST,airline_direct,IndiGo
DEL,CCU,6E,IndiGo,6E 704,2026-10-28,45,economy,,,9938.0,False,02:25,ok,2026-09-13T01:22:29.606730+05:30,2026-09-13_0122IST,airline_direct,IndiGo
DEL,CCU,6E,IndiGo,6E 203,2026-10-28,45,business,,,28673.0,False,06:30,ok,2026-09-13T01:22:29.606730+05:30,2026-09-13_0122IST,airline_direct,IndiGo
DEL,CCU,6E,IndiGo,6E 203,2026-10-28,45,economy,,,9938.0,False,06:30,ok,2026-09-13T01:22:29.606730+05:30,2026-09-13_0122IST,airline_direct,IndiGo
DEL,CCU,6E,IndiGo,6E 705,2026-10-28,45,business,,,28673.0,False,08:30,ok,2026-09-13T01:22:29.606730+05:30,2026-09-13_0122IST,airline_direct,IndiGo
DEL,CCU,6E,IndiGo,6E 705,2026-10-28,45,economy,,,9938.0,False,08:30,ok,2026-09-13T01:22:29.606730+05:30,2026-09-13_0122IST,airline_direct,IndiGo
DEL,CCU,6E,IndiGo,6E 6245,2026-10-28,45,economy,,,9970.0,False,06:25,ok,2026-09-13T01:22:29.606730+05:30,2026-09-13_0122IST,airline_direct,IndiGo
DEL,CCU,6E,IndiGo,6E 2769,2026-10-28,45,economy,,,9970.0,False,07:55,ok,2026-09-13T01:22:29.606730+05:30,2026-09-13_0122IST,airline_direct,IndiGo
DEL,CCU,6E,IndiGo,6E 6347,2026-10-28,45,economy,,,10074.0,False,14:35,ok,2026-09-13T01:22:29.606730+05:30,2026-09-13_0122IST,airline_direct,IndiGo
DEL,CCU,6E,IndiGo,6E 2373,2026-10-28,45,economy,,,10232.0,False,11:05,ok,2026-09-13T01:22:29.606730+05:30,2026-09-13_0122IST,airline_direct,IndiGo
DEL,CCU,6E,IndiGo,6E 2039,2026-10-28,45,economy,,,10553.0,False,05:30,ok,2026-09-13T01:22:29.606730+05:30,2026-09-13_0122IST,airline_direct,IndiGo
DEL,CCU,6E,IndiGo,6E 2039,2026-10-28,45,economy,,,10553.0,False,05:30,ok,2026-09-13T01:22:29.606730+05:30,2026-09-13_0122IST,airline_direct,IndiGo
DEL,CCU,6E,IndiGo,6E 2614,2026-10-28,45,economy,,,10553.0,False,15:05,ok,2026-09-13T01:22:29.606730+05:30,2026-09-13_0122IST,airline_direct,IndiGo
DEL,CCU,6E,IndiGo,6E 2614,2026-10-28,45,economy,,,10553.0,False,15:05,ok,2026-09-13T01:22:29.606730+05:30,2026-09-13_0122IST,airline_direct,IndiGo
DEL,CCU,6E,IndiGo,6E 5023,2026-10-28,45,economy,,,10553.0,False,18:10,ok,2026-09-13T01:22:29.606730+05:30,2026-09-13_0122IST,airline_direct,IndiGo
DEL,CCU,6E,IndiGo,6E 6212,2026-10-28,45,business,,,30325.0,False,14:50,ok,2026-09-13T01:22:29.606730+05:30,2026-09-13_0122IST,airline_direct,IndiGo
DEL,CCU,6E,IndiGo,6E 6212,2026-10-28,45,economy,,,10745.0,False,14:50,ok,2026-09-13T01:22:29.606730+05:30,2026-09-13_0122IST,airline_direct,IndiGo
DEL,CCU,6E,IndiGo,6E 6073,2026-10-28,45,economy,,,11291.0,False,05:15,ok,2026-09-13T01:22:29.606730+05:30,2026-09-13_0122IST,airline_direct,IndiGo
DEL,CCU,6E,IndiGo,6E 5269,2026-10-28,45,economy,,,11396.0,False,10:35,ok,2026-09-13T01:22:29.606730+05:30,2026-09-13_0122IST,airline_direct,IndiGo
DEL,CCU,6E,IndiGo,6E 601,2026-10-28,45,economy,,,11396.0,False,13:20,ok,2026-09-13T01:22:29.606730+05:30,2026-09-13_0122IST,airline_direct,IndiGo
DEL,CCU,6E,IndiGo,6E 705,2026-10-28,45,business,,,30797.0,False,08:30,ok,2026-09-13T01:22:29.606730+05:30,2026-09-13_0122IST,airline_direct,IndiGo
DEL,CCU,6E,IndiGo,6E 705,2026-10-28,45,economy,,,11632.0,False,08:30,ok,2026-09-13T01:22:29.606730+05:30,2026-09-13_0122IST,airline_direct,IndiGo
DEL,CCU,6E,IndiGo,6E 6293,2026-10-28,45,business,,,30797.0,False,10:00,ok,2026-09-13T01:22:29.606730+05:30,2026-09-13_0122IST,airline_direct,IndiGo
DEL,CCU,6E,IndiGo,6E 6293,2026-10-28,45,economy,,,11632.0,False,10:00,ok,2026-09-13T01:22:29.606730+05:30,2026-09-13_0122IST,airline_direct,IndiGo
DEL,CCU,6E,IndiGo,6E 5058,2026-10-28,45,business,,,30797.0,False,13:30,ok,2026-09-13T01:22:29.606730+05:30,2026-09-13_0122IST,airline_direct,IndiGo
DEL,CCU,6E,IndiGo,6E 5058,2026-10-28,45,economy,,,11632.0,False,13:30,ok,2026-09-13T01:22:29.606730+05:30,2026-09-13_0122IST,airline_direct,IndiGo
DEL,CCU,6E,IndiGo,6E 6212,2026-10-28,45,business,,,30797.0,False,14:50,ok,2026-09-13T01:22:29.606730+05:30,2026-09-13_0122IST,airline_direct,IndiGo
DEL,CCU,6E,IndiGo,6E 6212,2026-10-28,45,economy,,,11632.0,False,14:50,ok,2026-09-13T01:22:29.606730+05:30,2026-09-13_0122IST,airline_direct,IndiGo
DEL,CCU,6E,IndiGo,6E 6217,2026-10-28,45,business,,,30325.0,False,16:15,ok,2026-09-13T01:22:29.606730+05:30,2026-09-13_0122IST,airline_direct,IndiGo
DEL,CCU,6E,IndiGo,6E 6217,2026-10-28,45,economy,,,11632.0,False,16:15,ok,2026-09-13T01:22:29.606730+05:30,2026-09-13_0122IST,airline_direct,IndiGo
DEL,CCU,6E,IndiGo,6E 6217,2026-10-28,45,business,,,30325.0,False,16:15,ok,2026-09-13T01:22:29.606730+05:30,2026-09-13_0122IST,airline_direct,IndiGo
DEL,CCU,6E,IndiGo,6E 6217,2026-10-28,45,economy,,,11632.0,False,16:15,ok,2026-09-13T01:22:29.606730+05:30,2026-09-13_0122IST,airline_direct,IndiGo
DEL,CCU,6E,IndiGo,6E 717,2026-10-28,45,business,,,30325.0,False,18:15,ok,2026-09-13T01:22:29.606730+05:30,2026-09-13_0122IST,airline_direct,IndiGo
DEL,CCU,6E,IndiGo,6E 717,2026-10-28,45,economy,,,11632.0,False,18:15,ok,2026-09-13T01:22:29.606730+05:30,2026-09-13_0122IST,airline_direct,IndiGo
DEL,CCU,6E,IndiGo,6E 6076,2026-10-28,45,economy,,,12268.0,False,15:45,ok,2026-09-13T01:22:29.606730+05:30,2026-09-13_0122IST,airline_direct,IndiGo
DEL,CCU,6E,IndiGo,6E 6787,2026-10-28,45,economy,,,12609.0,False,14:40,ok,2026-09-13T01:22:29.606730+05:30,2026-09-13_0122IST,airline_direct,IndiGo
DEL,CCU,6E,IndiGo,6E 962,2026-10-28,45,economy,,,13629.0,False,05:10,ok,2026-09-13T01:22:29.606730+05:30,2026-09-13_0122IST,airline_direct,IndiGo
DEL,CCU,6E,IndiGo,6E 5041,2026-10-28,45,economy,,,14047.0,False,15:25,ok,2026-09-13T01:22:29.606730+05:30,2026-09-13_0122IST,airline_direct,IndiGo
DEL,CCU,6E,IndiGo,6E 5041,2026-10-28,45,economy,,,14047.0,False,15:25,ok,2026-09-13T01:22:29.606730+05:30,2026-09-13_0122IST,airline_direct,IndiGo
DEL,CCU,6E,IndiGo,6E 2316,2026-10-28,45,economy,,,14047.0,False,18:00,ok,2026-09-13T01:22:29.606730+05:30,2026-09-13_0122IST,airline_direct,IndiGo
DEL,CCU,6E,IndiGo,6E 962,2026-10-28,45,economy,,,14362.0,False,05:10,ok,2026-09-13T01:22:29.606730+05:30,2026-09-13_0122IST,airline_direct,IndiGo
DEL,CCU,6E,IndiGo,6E 6048,2026-10-28,45,economy,,,14362.0,False,06:30,ok,2026-09-13T01:22:29.606730+05:30,2026-09-13_0122IST,airline_direct,IndiGo
BLR,HYD,6E,IndiGo,6E 855,2026-10-28,45,economy,,,4561.0,False,20:05,ok,2026-09-13T01:23:23.655285+05:30,2026-09-13_0123IST,airline_direct,IndiGo
BLR,HYD,6E,IndiGo,6E 6784,2026-10-28,45,economy,,,4561.0,False,21:35,ok,2026-09-13T01:23:23.655285+05:30,2026-09-13_0123IST,airline_direct,IndiGo
BLR,HYD,6E,IndiGo,6E 6404,2026-10-28,45,economy,,,4921.0,False,13:35,ok,2026-09-13T01:23:23.655285+05:30,2026-09-13_0123IST,airline_direct,IndiGo
BLR,HYD,6E,IndiGo,6E 638,2026-10-28,45,economy,,,4921.0,False,18:35,ok,2026-09-13T01:23:23.655285+05:30,2026-09-13_0123IST,airline_direct,IndiGo
BLR,HYD,6E,IndiGo,6E 6178,2026-10-28,45,economy,,,5318.0,False,11:25,ok,2026-09-13T01:23:23.655285+05:30,2026-09-13_0123IST,airline_direct,IndiGo
BLR,HYD,6E,IndiGo,6E 484,2026-10-28,45,economy,,,5756.0,False,07:25,ok,2026-09-13T01:23:23.655285+05:30,2026-09-13_0123IST,airline_direct,IndiGo
BLR,HYD,6E,IndiGo,6E 312,2026-10-28,45,economy,,,6239.0,False,09:15,ok,2026-09-13T01:23:23.655285+05:30,2026-09-13_0123IST,airline_direct,IndiGo
BLR,HYD,6E,IndiGo,6E 537,2026-10-28,45,economy,,,6239.0,False,10:15,ok,2026-09-13T01:23:23.655285+05:30,2026-09-13_0123IST,airline_direct,IndiGo
BLR,HYD,6E,IndiGo,6E 6923,2026-10-28,45,economy,,,6239.0,False,14:50,ok,2026-09-13T01:23:23.655285+05:30,2026-09-13_0123IST,airline_direct,IndiGo
BLR,HYD,6E,IndiGo,6E 6067,2026-10-28,45,economy,,,6772.0,False,16:40,ok,2026-09-13T01:23:23.655285+05:30,2026-09-13_0123IST,airline_direct,IndiGo
BLR,HYD,6E,IndiGo,6E 7217,2026-10-28,45,economy,,,5331.0,False,11:10,ok,2026-09-13T01:23:23.655285+05:30,2026-09-13_0123IST,airline_direct,IndiGo
BLR,HYD,6E,IndiGo,6E 7203,2026-10-28,45,economy,,,5463.0,False,07:00,ok,2026-09-13T01:23:23.655285+05:30,2026-09-13_0123IST,airline_direct,IndiGo
BLR,HYD,6E,IndiGo,6E 6445,2026-10-28,45,economy,,,5463.0,False,07:05,ok,2026-09-13T01:23:23.655285+05:30,2026-09-13_0123IST,airline_direct,IndiGo
BLR,HYD,6E,IndiGo,6E 6269,2026-10-28,45,economy,,,5463.0,False,07:10,ok,2026-09-13T01:23:23.655285+05:30,2026-09-13_0123IST,airline_direct,IndiGo
BLR,HYD,6E,IndiGo,6E 6858,2026-10-28,45,economy,,,5463.0,False,07:10,ok,2026-09-13T01:23:23.655285+05:30,2026-09-13_0123IST,airline_direct,IndiGo
BLR,HYD,6E,IndiGo,6E 6269,2026-10-28,45,economy,,,5463.0,False,07:10,ok,2026-09-13T01:23:23.655285+05:30,2026-09-13_0123IST,airline_direct,IndiGo
BLR,HYD,6E,IndiGo,6E 6269,2026-10-28,45,economy,,,5463.0,False,07:10,ok,2026-09-13T01:23:23.655285+05:30,2026-09-13_0123IST,airline_direct,IndiGo
BLR,HYD,6E,IndiGo,6E 904,2026-10-28,45,economy,,,5463.0,False,08:55,ok,2026-09-13T01:23:23.655285+05:30,2026-09-13_0123IST,airline_direct,IndiGo
BLR,HYD,6E,IndiGo,6E 904,2026-10-28,45,economy,,,5463.0,False,08:55,ok,2026-09-13T01:23:23.655285+05:30,2026-09-13_0123IST,airline_direct,IndiGo
BLR,HYD,6E,IndiGo,6E 857,2026-10-28,45,economy,,,5463.0,False,10:00,ok,2026-09-13T01:23:23.655285+05:30,2026-09-13_0123IST,airline_direct,IndiGo
BLR,HYD,6E,IndiGo,6E 857,2026-10-28,45,economy,,,5463.0,False,10:00,ok,2026-09-13T01:23:23.655285+05:30,2026-09-13_0123IST,airline_direct,IndiGo
BLR,HYD,6E,IndiGo,6E 575,2026-10-28,45,economy,,,5463.0,False,10:50,ok,2026-09-13T01:23:23.655285+05:30,2026-09-13_0123IST,airline_direct,IndiGo
BLR,HYD,6E,IndiGo,6E 575,2026-10-28,45,economy,,,5463.0,False,10:50,ok,2026-09-13T01:23:23.655285+05:30,2026-09-13_0123IST,airline_direct,IndiGo
BLR,HYD,6E,IndiGo,6E 575,2026-10-28,45,economy,,,5463.0,False,10:50,ok,2026-09-13T01:23:23.655285+05:30,2026-09-13_0123IST,airline_direct,IndiGo
BLR,HYD,6E,IndiGo,6E 7215,2026-10-28,45,economy,,,5463.0,False,11:05,ok,2026-09-13T01:23:23.655285+05:30,2026-09-13_0123IST,airline_direct,IndiGo
BLR,HYD,6E,IndiGo,6E 6583,2026-10-28,45,economy,,,5463.0,False,11:20,ok,2026-09-13T01:23:23.655285+05:30,2026-09-13_0123IST,airline_direct,IndiGo
BLR,HYD,6E,IndiGo,6E 6583,2026-10-28,45,economy,,,5463.0,False,11:20,ok,2026-09-13T01:23:23.655285+05:30,2026-09-13_0123IST,airline_direct,IndiGo
BLR,HYD,6E,IndiGo,6E 6653,2026-10-28,45,economy,,,5463.0,False,12:25,ok,2026-09-13T01:23:23.655285+05:30,2026-09-13_0123IST,airline_direct,IndiGo
BLR,HYD,6E,IndiGo,6E 6653,2026-10-28,45,economy,,,5463.0,False,12:25,ok,2026-09-13T01:23:23.655285+05:30,2026-09-13_0123IST,airline_direct,IndiGo
BLR,HYD,6E,IndiGo,6E 703,2026-10-28,45,economy,,,5463.0,False,12:40,ok,2026-09-13T01:23:23.655285+05:30,2026-09-13_0123IST,airline_direct,IndiGo
BLR,HYD,6E,IndiGo,6E 703,2026-10-28,45,economy,,,5463.0,False,12:40,ok,2026-09-13T01:23:23.655285+05:30,2026-09-13_0123IST,airline_direct,IndiGo
BLR,HYD,6E,IndiGo,6E 356,2026-10-28,45,economy,,,5463.0,False,14:30,ok,2026-09-13T01:23:23.655285+05:30,2026-09-13_0123IST,airline_direct,IndiGo
BLR,HYD,6E,IndiGo,6E 356,2026-10-28,45,economy,,,5463.0,False,14:30,ok,2026-09-13T01:23:23.655285+05:30,2026-09-13_0123IST,airline_direct,IndiGo
BLR,HYD,6E,IndiGo,6E 356,2026-10-28,45,economy,,,5463.0,False,14:30,ok,2026-09-13T01:23:23.655285+05:30,2026-09-13_0123IST,airline_direct,IndiGo
BLR,HYD,6E,IndiGo,6E 356,2026-10-28,45,economy,,,5463.0,False,14:30,ok,2026-09-13T01:23:23.655285+05:30,2026-09-13_0123IST,airline_direct,IndiGo
BLR,HYD,6E,IndiGo,6E 498,2026-10-28,45,economy,,,5463.0,False,15:00,ok,2026-09-13T01:23:23.655285+05:30,2026-09-13_0123IST,airline_direct,IndiGo
BLR,HYD,6E,IndiGo,6E 498,2026-10-28,45,economy,,,5463.0,False,15:00,ok,2026-09-13T01:23:23.655285+05:30,2026-09-13_0123IST,airline_direct,IndiGo
BLR,HYD,6E,IndiGo,6E 7223,2026-10-28,45,economy,,,5463.0,False,15:50,ok,2026-09-13T01:23:23.655285+05:30,2026-09-13_0123IST,airline_direct,IndiGo
BLR,HYD,6E,IndiGo,6E 602,2026-10-28,45,economy,,,5463.0,False,15:55,ok,2026-09-13T01:23:23.655285+05:30,2026-09-13_0123IST,airline_direct,IndiGo
BLR,HYD,6E,IndiGo,6E 6753,2026-10-28,45,economy,,,5463.0,False,16:10,ok,2026-09-13T01:23:23.655285+05:30,2026-09-13_0123IST,airline_direct,IndiGo
BLR,HYD,6E,IndiGo,6E 109,2026-10-28,45,economy,,,5463.0,False,16:30,ok,2026-09-13T01:23:23.655285+05:30,2026-09-13_0123IST,airline_direct,IndiGo
BLR,HYD,6E,IndiGo,6E 6562,2026-10-28,45,economy,,,5463.0,False,16:50,ok,2026-09-13T01:23:23.655285+05:30,2026-09-13_0123IST,airline_direct,IndiGo
BLR,HYD,6E,IndiGo,6E 6562,2026-10-28,45,economy,,,5463.0,False,16:50,ok,2026-09-13T01:23:23.655285+05:30,2026-09-13_0123IST,airline_direct,IndiGo
BLR,HYD,6E,IndiGo,6E 6168,2026-10-28,45,economy,,,5463.0,False,17:25,ok,2026-09-13T01:23:23.655285+05:30,2026-09-13_0123IST,airline_direct,IndiGo
BLR,HYD,6E,IndiGo,6E 6017,2026-10-28,45,economy,,,5463.0,False,18:15,ok,2026-09-13T01:23:23.655285+05:30,2026-09-13_0123IST,airline_direct,IndiGo
BLR,HYD,6E,IndiGo,6E 6597,2026-10-28,45,economy,,,5463.0,False,18:35,ok,2026-09-13T01:23:23.655285+05:30,2026-09-13_0123IST,airline_direct,IndiGo
BLR,HYD,6E,IndiGo,6E 6554,2026-10-28,45,economy,,,5463.0,False,19:00,ok,2026-09-13T01:23:23.655285+05:30,2026-09-13_0123IST,airline_direct,IndiGo
BLR,HYD,6E,IndiGo,6E 6208,2026-10-28,45,economy,,,5463.0,False,19:15,ok,2026-09-13T01:23:23.655285+05:30,2026-09-13_0123IST,airline_direct,IndiGo
BLR,HYD,6E,IndiGo,6E 435,2026-10-28,45,economy,,,5463.0,False,20:00,ok,2026-09-13T01:23:23.655285+05:30,2026-09-13_0123IST,airline_direct,IndiGo
BLR,HYD,6E,IndiGo,6E 217,2026-10-28,45,economy,,,5594.0,False,06:05,ok,2026-09-13T01:23:23.655285+05:30,2026-09-13_0123IST,airline_direct,IndiGo
BLR,HYD,6E,IndiGo,6E 217,2026-10-28,45,economy,,,5594.0,False,06:05,ok,2026-09-13T01:23:23.655285+05:30,2026-09-13_0123IST,airline_direct,IndiGo
BLR,HYD,6E,IndiGo,6E 6003,2026-10-28,45,economy,,,5594.0,False,07:10,ok,2026-09-13T01:23:23.655285+05:30,2026-09-13_0123IST,airline_direct,IndiGo
BLR,HYD,6E,IndiGo,6E 6003,2026-10-28,45,economy,,,5594.0,False,07:10,ok,2026-09-13T01:23:23.655285+05:30,2026-09-13_0123IST,airline_direct,IndiGo
BLR,HYD,6E,IndiGo,6E 6104,2026-10-28,45,economy,,,5793.0,False,12:15,ok,2026-09-13T01:23:23.655285+05:30,2026-09-13_0123IST,airline_direct,IndiGo
BLR,HYD,6E,IndiGo,6E 6104,2026-10-28,45,economy,,,5793.0,False,12:15,ok,2026-09-13T01:23:23.655285+05:30,2026-09-13_0123IST,airline_direct,IndiGo
BLR,HYD,6E,IndiGo,6E 144,2026-10-28,45,economy,,,5793.0,False,16:45,ok,2026-09-13T01:23:23.655285+05:30,2026-09-13_0123IST,airline_direct,IndiGo
BLR,HYD,6E,IndiGo,6E 105,2026-10-28,45,economy,,,5793.0,False,21:55,ok,2026-09-13T01:23:23.655285+05:30,2026-09-13_0123IST,airline_direct,IndiGo
BLR,HYD,6E,IndiGo,6E 6563,2026-10-28,45,economy,,,5793.0,False,23:30,ok,2026-09-13T01:23:23.655285+05:30,2026-09-13_0123IST,airline_direct,IndiGo
BLR,HYD,6E,IndiGo,6E 6876,2026-10-28,45,economy,,,6153.0,False,02:00,ok,2026-09-13T01:23:23.655285+05:30,2026-09-13_0123IST,airline_direct,IndiGo
BLR,HYD,6E,IndiGo,6E 6563,2026-10-28,45,economy,,,6153.0,False,23:30,ok,2026-09-13T01:23:23.655285+05:30,2026-09-13_0123IST,airline_direct,IndiGo
MAA,DEL,6E,IndiGo,6E 953,2026-10-28,45,business,,,24700.0,False,02:45,ok,2026-09-13T01:24:19.375495+05:30,2026-09-13_0124IST,airline_direct,IndiGo
MAA,DEL,6E,IndiGo,6E 953,2026-10-28,45,economy,,,9830.0,False,02:45,ok,2026-09-13T01:24:19.375495+05:30,2026-09-13_0124IST,airline_direct,IndiGo
MAA,DEL,6E,IndiGo,6E 937,2026-10-28,45,business,,,24700.0,False,05:45,ok,2026-09-13T01:24:19.375495+05:30,2026-09-13_0124IST,airline_direct,IndiGo
MAA,DEL,6E,IndiGo,6E 937,2026-10-28,45,economy,,,9830.0,False,05:45,ok,2026-09-13T01:24:19.375495+05:30,2026-09-13_0124IST,airline_direct,IndiGo
MAA,DEL,6E,IndiGo,6E 404,2026-10-28,45,business,,,24700.0,False,09:00,ok,2026-09-13T01:24:19.375495+05:30,2026-09-13_0124IST,airline_direct,IndiGo
MAA,DEL,6E,IndiGo,6E 404,2026-10-28,45,economy,,,9830.0,False,09:00,ok,2026-09-13T01:24:19.375495+05:30,2026-09-13_0124IST,airline_direct,IndiGo
MAA,DEL,6E,IndiGo,6E 6002,2026-10-28,45,business,,,24700.0,False,11:00,ok,2026-09-13T01:24:19.375495+05:30,2026-09-13_0124IST,airline_direct,IndiGo
MAA,DEL,6E,IndiGo,6E 6002,2026-10-28,45,economy,,,9830.0,False,11:00,ok,2026-09-13T01:24:19.375495+05:30,2026-09-13_0124IST,airline_direct,IndiGo
MAA,DEL,6E,IndiGo,6E 948,2026-10-28,45,business,,,24700.0,False,14:15,ok,2026-09-13T01:24:19.375495+05:30,2026-09-13_0124IST,airline_direct,IndiGo
MAA,DEL,6E,IndiGo,6E 948,2026-10-28,45,economy,,,9830.0,False,14:15,ok,2026-09-13T01:24:19.375495+05:30,2026-09-13_0124IST,airline_direct,IndiGo
MAA,DEL,6E,IndiGo,6E 698,2026-10-28,45,business,,,24700.0,False,16:30,ok,2026-09-13T01:24:19.375495+05:30,2026-09-13_0124IST,airline_direct,IndiGo
MAA,DEL,6E,IndiGo,6E 698,2026-10-28,45,economy,,,9830.0,False,16:30,ok,2026-09-13T01:24:19.375495+05:30,2026-09-13_0124IST,airline_direct,IndiGo
MAA,DEL,6E,IndiGo,6E 613,2026-10-28,45,business,,,24700.0,False,19:00,ok,2026-09-13T01:24:19.375495+05:30,2026-09-13_0124IST,airline_direct,IndiGo
MAA,DEL,6E,IndiGo,6E 613,2026-10-28,45,economy,,,9830.0,False,19:00,ok,2026-09-13T01:24:19.375495+05:30,2026-09-13_0124IST,airline_direct,IndiGo
MAA,DEL,6E,IndiGo,6E 2202,2026-10-28,45,business,,,24700.0,False,21:30,ok,2026-09-13T01:24:19.375495+05:30,2026-09-13_0124IST,airline_direct,IndiGo
MAA,DEL,6E,IndiGo,6E 2202,2026-10-28,45,economy,,,9830.0,False,21:30,ok,2026-09-13T01:24:19.375495+05:30,2026-09-13_0124IST,airline_direct,IndiGo
MAA,DEL,6E,IndiGo,6E 6343,2026-10-28,45,business,,,24700.0,False,23:45,ok,2026-09-13T01:24:19.375495+05:30,2026-09-13_0124IST,airline_direct,IndiGo
MAA,DEL,6E,IndiGo,6E 6343,2026-10-28,45,economy,,,9830.0,False,23:45,ok,2026-09-13T01:24:19.375495+05:30,2026-09-13_0124IST,airline_direct,IndiGo
MAA,DEL,6E,IndiGo,6E 2335,2026-10-28,45,business,,,24700.0,False,12:30,ok,2026-09-13T01:24:19.375495+05:30,2026-09-13_0124IST,airline_direct,IndiGo
MAA,DEL,6E,IndiGo,6E 2335,2026-10-28,45,economy,,,10295.0,False,12:30,ok,2026-09-13T01:24:19.375495+05:30,2026-09-13_0124IST,airline_direct,IndiGo
MAA,DEL,6E,IndiGo,6E 6797,2026-10-28,45,economy,,,9568.0,False,13:50,ok,2026-09-13T01:24:19.375495+05:30,2026-09-13_0124IST,airline_direct,IndiGo
MAA,DEL,6E,IndiGo,6E 916,2026-10-28,45,business,,,28061.0,False,00:45,ok,2026-09-13T01:24:19.375495+05:30,2026-09-13_0124IST,airline_direct,IndiGo
MAA,DEL,6E,IndiGo,6E 916,2026-10-28,45,economy,,,9778.0,False,00:45,ok,2026-09-13T01:24:19.375495+05:30,2026-09-13_0124IST,airline_direct,IndiGo
MAA,DEL,6E,IndiGo,6E 253,2026-10-28,45,business,,,28061.0,False,02:20,ok,2026-09-13T01:24:19.375495+05:30,2026-09-13_0124IST,airline_direct,IndiGo
MAA,DEL,6E,IndiGo,6E 253,2026-10-28,45,economy,,,9778.0,False,02:20,ok,2026-09-13T01:24:19.375495+05:30,2026-09-13_0124IST,airline_direct,IndiGo
MAA,DEL,6E,IndiGo,6E 607,2026-10-28,45,business,,,28061.0,False,04:50,ok,2026-09-13T01:24:19.375495+05:30,2026-09-13_0124IST,airline_direct,IndiGo
MAA,DEL,6E,IndiGo,6E 607,2026-10-28,45,economy,,,9778.0,False,04:50,ok,2026-09-13T01:24:19.375495+05:30,2026-09-13_0124IST,airline_direct,IndiGo
MAA,DEL,6E,IndiGo,6E 607,2026-10-28,45,business,,,28061.0,False,04:50,ok,2026-09-13T01:24:19.375495+05:30,2026-09-13_0124IST,airline_direct,IndiGo
MAA,DEL,6E,IndiGo,6E 607,2026-10-28,45,economy,,,9778.0,False,04:50,ok,2026-09-13T01:24:19.375495+05:30,2026-09-13_0124IST,airline_direct,IndiGo
MAA,DEL,6E,IndiGo,6E 6079,2026-10-28,45,economy,,,9778.0,False,05:55,ok,2026-09-13T01:24:19.375495+05:30,2026-09-13_0124IST,airline_direct,IndiGo
MAA,DEL,6E,IndiGo,6E 293,2026-10-28,45,business,,,26398.0,False,07:20,ok,2026-09-13T01:24:19.375495+05:30,2026-09-13_0124IST,airline_direct,IndiGo
MAA,DEL,6E,IndiGo,6E 293,2026-10-28,45,economy,,,9778.0,False,07:20,ok,2026-09-13T01:24:19.375495+05:30,2026-09-13_0124IST,airline_direct,IndiGo
MAA,DEL,6E,IndiGo,6E 834,2026-10-28,45,business,,,26398.0,False,09:45,ok,2026-09-13T01:24:19.375495+05:30,2026-09-13_0124IST,airline_direct,IndiGo
MAA,DEL,6E,IndiGo,6E 834,2026-10-28,45,economy,,,9778.0,False,09:45,ok,2026-09-13T01:24:19.375495+05:30,2026-09-13_0124IST,airline_direct,IndiGo
MAA,DEL,6E,IndiGo,6E 6925,2026-10-28,45,business,,,26398.0,False,10:40,ok,2026-09-13T01:24:19.375495+05:30,2026-09-13_0124IST,airline_direct,IndiGo
MAA,DEL,6E,IndiGo,6E 6925,2026-10-28,45,economy,,,9778.0,False,10:40,ok,2026-09-13T01:24:19.375495+05:30,2026-09-13_0124IST,airline_direct,IndiGo
MAA,DEL,6E,IndiGo,6E 6925,2026-10-28,45,business,,,26398.0,False,10:40,ok,2026-09-13T01:24:19.375495+05:30,2026-09-13_0124IST,airline_direct,IndiGo
MAA,DEL,6E,IndiGo,6E 6925,2026-10-28,45,economy,,,9778.0,False,10:40,ok,2026-09-13T01:24:19.375495+05:30,2026-09-13_0124IST,airline_direct,IndiGo
MAA,DEL,6E,IndiGo,6E 495,2026-10-28,45,business,,,26398.0,False,13:00,ok,2026-09-13T01:24:19.375495+05:30,2026-09-13_0124IST,airline_direct,IndiGo
MAA,DEL,6E,IndiGo,6E 495,2026-10-28,45,economy,,,9778.0,False,13:00,ok,2026-09-13T01:24:19.375495+05:30,2026-09-13_0124IST,airline_direct,IndiGo
MAA,DEL,6E,IndiGo,6E 6158,2026-10-28,45,business,,,26398.0,False,15:45,ok,2026-09-13T01:24:19.375495+05:30,2026-09-13_0124IST,airline_direct,IndiGo
MAA,DEL,6E,IndiGo,6E 6158,2026-10-28,45,economy,,,9778.0,False,15:45,ok,2026-09-13T01:24:19.375495+05:30,2026-09-13_0124IST,airline_direct,IndiGo
MAA,DEL,6E,IndiGo,6E 401,2026-10-28,45,economy,,,9778.0,False,15:45,ok,2026-09-13T01:24:19.375495+05:30,2026-09-13_0124IST,airline_direct,IndiGo
MAA,DEL,6E,IndiGo,6E 193,2026-10-28,45,business,,,26398.0,False,17:25,ok,2026-09-13T01:24:19.375495+05:30,2026-09-13_0124IST,airline_direct,IndiGo
MAA,DEL,6E,IndiGo,6E 193,2026-10-28,45,economy,,,9778.0,False,17:25,ok,2026-09-13T01:24:19.375495+05:30,2026-09-13_0124IST,airline_direct,IndiGo
MAA,DEL,6E,IndiGo,6E 2445,2026-10-28,45,business,,,26398.0,False,18:35,ok,2026-09-13T01:24:19.375495+05:30,2026-09-13_0124IST,airline_direct,IndiGo
MAA,DEL,6E,IndiGo,6E 2445,2026-10-28,45,economy,,,9778.0,False,18:35,ok,2026-09-13T01:24:19.375495+05:30,2026-09-13_0124IST,airline_direct,IndiGo
MAA,DEL,6E,IndiGo,6E 2445,2026-10-28,45,business,,,26398.0,False,18:35,ok,2026-09-13T01:24:19.375495+05:30,2026-09-13_0124IST,airline_direct,IndiGo
MAA,DEL,6E,IndiGo,6E 2445,2026-10-28,45,economy,,,9778.0,False,18:35,ok,2026-09-13T01:24:19.375495+05:30,2026-09-13_0124IST,airline_direct,IndiGo
MAA,DEL,6E,IndiGo,6E 6215,2026-10-28,45,business,,,26398.0,False,19:40,ok,2026-09-13T01:24:19.375495+05:30,2026-09-13_0124IST,airline_direct,IndiGo
MAA,DEL,6E,IndiGo,6E 6215,2026-10-28,45,economy,,,9778.0,False,19:40,ok,2026-09-13T01:24:19.375495+05:30,2026-09-13_0124IST,airline_direct,IndiGo
MAA,DEL,6E,IndiGo,6E 6374,2026-10-28,45,economy,,,9778.0,False,20:45,ok,2026-09-13T01:24:19.375495+05:30,2026-09-13_0124IST,airline_direct,IndiGo
MAA,DEL,6E,IndiGo,6E 6081,2026-10-28,45,business,,,29704.0,False,07:05,ok,2026-09-13T01:24:19.375495+05:30,2026-09-13_0124IST,airline_direct,IndiGo
MAA,DEL,6E,IndiGo,6E 6081,2026-10-28,45,economy,,,9857.0,False,07:05,ok,2026-09-13T01:24:19.375495+05:30,2026-09-13_0124IST,airline_direct,IndiGo
MAA,DEL,6E,IndiGo,6E 6815,2026-10-28,45,business,,,29704.0,False,08:55,ok,2026-09-13T01:24:19.375495+05:30,2026-09-13_0124IST,airline_direct,IndiGo
MAA,DEL,6E,IndiGo,6E 6815,2026-10-28,45,economy,,,9857.0,False,08:55,ok,2026-09-13T01:24:19.375495+05:30,2026-09-13_0124IST,airline_direct,IndiGo
MAA,DEL,6E,IndiGo,6E 562,2026-10-28,45,business,,,29704.0,False,10:20,ok,2026-09-13T01:24:19.375495+05:30,2026-09-13_0124IST,airline_direct,IndiGo
MAA,DEL,6E,IndiGo,6E 562,2026-10-28,45,economy,,,9857.0,False,10:20,ok,2026-09-13T01:24:19.375495+05:30,2026-09-13_0124IST,airline_direct,IndiGo
MAA,DEL,6E,IndiGo,6E 6209,2026-10-28,45,business,,,29704.0,False,12:40,ok,2026-09-13T01:24:19.375495+05:30,2026-09-13_0124IST,airline_direct,IndiGo
MAA,DEL,6E,IndiGo,6E 6209,2026-10-28,45,economy,,,9857.0,False,12:40,ok,2026-09-13T01:24:19.375495+05:30,2026-09-13_0124IST,airline_direct,IndiGo
MAA,DEL,6E,IndiGo,6E 365,2026-10-28,45,business,,,29704.0,False,15:00,ok,2026-09-13T01:24:19.375495+05:30,2026-09-13_0124IST,airline_direct,IndiGo
MAA,DEL,6E,IndiGo,6E 365,2026-10-28,45,economy,,,9857.0,False,15:00,ok,2026-09-13T01:24:19.375495+05:30,2026-09-13_0124IST,airline_direct,IndiGo
MAA,DEL,6E,IndiGo,6E 6892,2026-10-28,45,business,,,29704.0,False,17:25,ok,2026-09-13T01:24:19.375495+05:30,2026-09-13_0124IST,airline_direct,IndiGo
MAA,DEL,6E,IndiGo,6E 6892,2026-10-28,45,economy,,,9857.0,False,17:25,ok,2026-09-13T01:24:19.375495+05:30,2026-09-13_0124IST,airline_direct,IndiGo
MAA,DEL,6E,IndiGo,6E 6381,2026-10-28,45,economy,,,9857.0,False,17:45,ok,2026-09-13T01:24:19.375495+05:30,2026-09-13_0124IST,airline_direct,IndiGo
MAA,DEL,6E,IndiGo,6E 2505,2026-10-28,45,business,,,29704.0,False,18:45,ok,2026-09-13T01:24:19.375495+05:30,2026-09-13_0124IST,airline_direct,IndiGo
MAA,DEL,6E,IndiGo,6E 2505,2026-10-28,45,economy,,,9857.0,False,18:45,ok,2026-09-13T01:24:19.375495+05:30,2026-09-13_0124IST,airline_direct,IndiGo
MAA,DEL,6E,IndiGo,6E 7359,2026-10-28,45,economy,,,9857.0,False,18:50,ok,2026-09-13T01:24:19.375495+05:30,2026-09-13_0124IST,airline_direct,IndiGo
MAA,DEL,6E,IndiGo,6E 189,2026-10-28,45,business,,,29704.0,False,19:45,ok,2026-09-13T01:24:19.375495+05:30,2026-09-13_0124IST,airline_direct,IndiGo
MAA,DEL,6E,IndiGo,6E 189,2026-10-28,45,economy,,,9857.0,False,19:45,ok,2026-09-13T01:24:19.375495+05:30,2026-09-13_0124IST,airline_direct,IndiGo
MAA,DEL,6E,IndiGo,6E 796,2026-10-28,45,business,,,29704.0,False,20:45,ok,2026-09-13T01:24:19.375495+05:30,2026-09-13_0124IST,airline_direct,IndiGo
MAA,DEL,6E,IndiGo,6E 796,2026-10-28,45,economy,,,9857.0,False,20:45,ok,2026-09-13T01:24:19.375495+05:30,2026-09-13_0124IST,airline_direct,IndiGo
MAA,DEL,6E,IndiGo,6E 5093,2026-10-28,45,business,,,35375.0,False,05:30,ok,2026-09-13T01:24:19.375495+05:30,2026-09-13_0124IST,airline_direct,IndiGo
MAA,DEL,6E,IndiGo,6E 5093,2026-10-28,45,economy,,,9988.0,False,05:30,ok,2026-09-13T01:24:19.375495+05:30,2026-09-13_0124IST,airline_direct,IndiGo
MAA,DEL,6E,IndiGo,6E 5314,2026-10-28,45,business,,,35375.0,False,08:00,ok,2026-09-13T01:24:19.375495+05:30,2026-09-13_0124IST,airline_direct,IndiGo
MAA,DEL,6E,IndiGo,6E 5314,2026-10-28,45,economy,,,9988.0,False,08:00,ok,2026-09-13T01:24:19.375495+05:30,2026-09-13_0124IST,airline_direct,IndiGo
MAA,DEL,6E,IndiGo,6E 5084,2026-10-28,45,business,,,35375.0,False,09:55,ok,2026-09-13T01:24:19.375495+05:30,2026-09-13_0124IST,airline_direct,IndiGo
MAA,DEL,6E,IndiGo,6E 5084,2026-10-28,45,economy,,,9988.0,False,09:55,ok,2026-09-13T01:24:19.375495+05:30,2026-09-13_0124IST,airline_direct,IndiGo
MAA,DEL,6E,IndiGo,6E 5214,2026-10-28,45,business,,,35375.0,False,11:30,ok,2026-09-13T01:24:19.375495+05:30,2026-09-13_0124IST,airline_direct,IndiGo
MAA,DEL,6E,IndiGo,6E 5214,2026-10-28,45,economy,,,9988.0,False,11:30,ok,2026-09-13T01:24:19.375495+05:30,2026-09-13_0124IST,airline_direct,IndiGo
MAA,DEL,6E,IndiGo,6E 5258,2026-10-28,45,business,,,35375.0,False,13:40,ok,2026-09-13T01:24:19.375495+05:30,2026-09-13_0124IST,airline_direct,IndiGo
MAA,DEL,6E,IndiGo,6E 5258,2026-10-28,45,economy,,,9988.0,False,13:40,ok,2026-09-13T01:24:19.375495+05:30,2026-09-13_0124IST,airline_direct,IndiGo
MAA,DEL,6E,IndiGo,6E 5371,2026-10-28,45,business,,,35375.0,False,16:00,ok,2026-09-13T01:24:19.375495+05:30,2026-09-13_0124IST,airline_direct,IndiGo
MAA,DEL,6E,IndiGo,6E 5371,2026-10-28,45,economy,,,9988.0,False,16:00,ok,2026-09-13T01:24:19.375495+05:30,2026-09-13_0124IST,airline_direct,IndiGo
MAA,DEL,6E,IndiGo,6E 588,2026-10-28,45,business,,,39195.0,False,18:55,ok,2026-09-13T01:24:19.375495+05:30,2026-09-13_0124IST,airline_direct,IndiGo
MAA,DEL,6E,IndiGo,6E 588,2026-10-28,45,economy,,,9988.0,False,18:55,ok,2026-09-13T01:24:19.375495+05:30,2026-09-13_0124IST,airline_direct,IndiGo
MAA,DEL,6E,IndiGo,6E 143,2026-10-28,45,economy,,,9988.0,False,20:10,ok,2026-09-13T01:24:19.375495+05:30,2026-09-13_0124IST,airline_direct,IndiGo
MAA,DEL,6E,IndiGo,6E 6225,2026-10-28,45,business,,,35375.0,False,23:15,ok,2026-09-13T01:24:19.375495+05:30,2026-09-13_0124IST,airline_direct,IndiGo
MAA,DEL,6E,IndiGo,6E 6225,2026-10-28,45,economy,,,9988.0,False,23:15,ok,2026-09-13T01:24:19.375495+05:30,2026-09-13_0124IST,airline_direct,IndiGo
MAA,DEL,6E,IndiGo,6E 6602,2026-10-28,45,economy,,,10146.0,False,19:10,ok,2026-09-13T01:24:19.375495+05:30,2026-09-13_0124IST,airline_direct,IndiGo
MAA,DEL,6E,IndiGo,6E 2507,2026-10-28,45,business,,,28061.0,False,22:10,ok,2026-09-13T01:24:19.375495+05:30,2026-09-13_0124IST,airline_direct,IndiGo
MAA,DEL,6E,IndiGo,6E 2507,2026-10-28,45,economy,,,10535.0,False,22:10,ok,2026-09-13T01:24:19.375495+05:30,2026-09-13_0124IST,airline_direct,IndiGo
MAA,DEL,6E,IndiGo,6E 847,2026-10-28,45,business,,,29704.0,False,16:20,ok,2026-09-13T01:24:19.375495+05:30,2026-09-13_0124IST,airline_direct,IndiGo
MAA,DEL,6E,IndiGo,6E 847,2026-10-28,45,economy,,,10614.0,False,16:20,ok,2026-09-13T01:24:19.375495+05:30,2026-09-13_0124IST,airline_direct,IndiGo
MAA,DEL,6E,IndiGo,6E 6892,2026-10-28,45,business,,,29704.0,False,17:25,ok,2026-09-13T01:24:19.375495+05:30,2026-09-13_0124IST,airline_direct,IndiGo
MAA,DEL,6E,IndiGo,6E 6892,2026-10-28,45,economy,,,10614.0,False,17:25,ok,2026-09-13T01:24:19.375495+05:30,2026-09-13_0124IST,airline_direct,IndiGo
MAA,DEL,6E,IndiGo,6E 6081,2026-10-28,45,business,,,29704.0,False,07:05,ok,2026-09-13T01:24:19.375495+05:30,2026-09-13_0124IST,airline_direct,IndiGo
MAA,DEL,6E,IndiGo,6E 6081,2026-10-28,45,economy,,,12356.0,False,07:05,ok,2026-09-13T01:24:19.375495+05:30,2026-09-13_0124IST,airline_direct,IndiGo
MAA,DEL,6E,IndiGo,6E 515,2026-10-28,45,economy,,,12356.0,False,13:20,ok,2026-09-13T01:24:19.375495+05:30,2026-09-13_0124IST,airline_direct,IndiGo
MAA,DEL,6E,IndiGo,6E 430,2026-10-28,45,economy,,,13277.0,False,11:40,ok,2026-09-13T01:24:19.375495+05:30,2026-09-13_0124IST,airline_direct,IndiGo
MAA,DEL,6E,IndiGo,6E 6662,2026-10-28,45,business,,,30096.0,False,23:00,ok,2026-09-13T01:24:19.375495+05:30,2026-09-13_0124IST,airline_direct,IndiGo
MAA,DEL,6E,IndiGo,6E 6662,2026-10-28,45,economy,,,14905.0,False,23:00,ok,2026-09-13T01:24:19.375495+05:30,2026-09-13_0124IST,airline_direct,IndiGo
MAA,DEL,6E,IndiGo,6E 987,2026-10-28,45,business,,,30568.0,False,06:05,ok,2026-09-13T01:24:19.375495+05:30,2026-09-13_0124IST,airline_direct,IndiGo
MAA,DEL,6E,IndiGo,6E 987,2026-10-28,45,economy,,,18490.0,False,06:05,ok,2026-09-13T01:24:19.375495+05:30,2026-09-13_0124IST,airline_direct,IndiGo
MAA,DEL,6E,IndiGo,6E 6326,2026-10-28,45,business,,,31512.0,False,12:10,ok,2026-09-13T01:24:19.375495+05:30,2026-09-13_0124IST,airline_direct,IndiGo
MAA,DEL,6E,IndiGo,6E 6326,2026-10-28,45,economy,,,18728.0,False,12:10,ok,2026-09-13T01:24:19.375495+05:30,2026-09-13_0124IST,airline_direct,IndiGo
MAA,DEL,6E,IndiGo,6E 321,2026-10-28,45,business,,,31040.0,False,08:15,ok,2026-09-13T01:24:19.375495+05:30,2026-09-13_0124IST,airline_direct,IndiGo
MAA,DEL,6E,IndiGo,6E 321,2026-10-28,45,economy,,,21496.0,False,08:15,ok,2026-09-13T01:24:19.375495+05:30,2026-09-13_0124IST,airline_direct,IndiGo
DEL,BOM,6E,IndiGo,6E 353,2026-10-13,30,business,,,21900.0,False,03:00,ok,2026-09-13T01:25:16.698842+05:30,2026-09-13_0125IST,airline_direct,IndiGo
DEL,BOM,6E,IndiGo,6E 353,2026-10-13,30,economy,,,6305.0,False,03:00,ok,2026-09-13T01:25:16.698842+05:30,2026-09-13_0125IST,airline_direct,IndiGo
DEL,BOM,6E,IndiGo,6E 449,2026-10-13,30,business,,,21900.0,False,05:00,ok,2026-09-13T01:25:16.698842+05:30,2026-09-13_0125IST,airline_direct,IndiGo
DEL,BOM,6E,IndiGo,6E 449,2026-10-13,30,economy,,,6305.0,False,05:00,ok,2026-09-13T01:25:16.698842+05:30,2026-09-13_0125IST,airline_direct,IndiGo
DEL,BOM,6E,IndiGo,6E 675,2026-10-13,30,business,,,21900.0,False,08:45,ok,2026-09-13T01:25:16.698842+05:30,2026-09-13_0125IST,airline_direct,IndiGo
DEL,BOM,6E,IndiGo,6E 675,2026-10-13,30,economy,,,6305.0,False,08:45,ok,2026-09-13T01:25:16.698842+05:30,2026-09-13_0125IST,airline_direct,IndiGo
DEL,BOM,6E,IndiGo,6E 6107,2026-10-13,30,business,,,21900.0,False,09:30,ok,2026-09-13T01:25:16.698842+05:30,2026-09-13_0125IST,airline_direct,IndiGo
DEL,BOM,6E,IndiGo,6E 6107,2026-10-13,30,economy,,,6305.0,False,09:30,ok,2026-09-13T01:25:16.698842+05:30,2026-09-13_0125IST,airline_direct,IndiGo
DEL,BOM,6E,IndiGo,6E 6328,2026-10-13,30,business,,,21900.0,False,10:15,ok,2026-09-13T01:25:16.698842+05:30,2026-09-13_0125IST,airline_direct,IndiGo
DEL,BOM,6E,IndiGo,6E 6328,2026-10-13,30,economy,,,6305.0,False,10:15,ok,2026-09-13T01:25:16.698842+05:30,2026-09-13_0125IST,airline_direct,IndiGo
DEL,BOM,6E,IndiGo,6E 6047,2026-10-13,30,business,,,21900.0,False,11:00,ok,2026-09-13T01:25:16.698842+05:30,2026-09-13_0125IST,airline_direct,IndiGo
DEL,BOM,6E,IndiGo,6E 6047,2026-10-13,30,economy,,,6305.0,False,11:00,ok,2026-09-13T01:25:16.698842+05:30,2026-09-13_0125IST,airline_direct,IndiGo
DEL,BOM,6E,IndiGo,6E 6676,2026-10-13,30,business,,,21900.0,False,12:00,ok,2026-09-13T01:25:16.698842+05:30,2026-09-13_0125IST,airline_direct,IndiGo
DEL,BOM,6E,IndiGo,6E 6676,2026-10-13,30,economy,,,6305.0,False,12:00,ok,2026-09-13T01:25:16.698842+05:30,2026-09-13_0125IST,airline_direct,IndiGo
DEL,BOM,6E,IndiGo,6E 324,2026-10-13,30,business,,,21900.0,False,13:00,ok,2026-09-13T01:25:16.698842+05:30,2026-09-13_0125IST,airline_direct,IndiGo
DEL,BOM,6E,IndiGo,6E 324,2026-10-13,30,economy,,,6305.0,False,13:00,ok,2026-09-13T01:25:16.698842+05:30,2026-09-13_0125IST,airline_direct,IndiGo
DEL,BOM,6E,IndiGo,6E 6022,2026-10-13,30,business,,,21900.0,False,14:00,ok,2026-09-13T01:25:16.698842+05:30,2026-09-13_0125IST,airline_direct,IndiGo
DEL,BOM,6E,IndiGo,6E 6022,2026-10-13,30,economy,,,6305.0,False,14:00,ok,2026-09-13T01:25:16.698842+05:30,2026-09-13_0125IST,airline_direct,IndiGo
DEL,BOM,6E,IndiGo,6E 6318,2026-10-13,30,business,,,21900.0,False,14:45,ok,2026-09-13T01:25:16.698842+05:30,2026-09-13_0125IST,airline_direct,IndiGo
DEL,BOM,6E,IndiGo,6E 6318,2026-10-13,30,economy,,,6305.0,False,14:45,ok,2026-09-13T01:25:16.698842+05:30,2026-09-13_0125IST,airline_direct,IndiGo
DEL,BOM,6E,IndiGo,6E 864,2026-10-13,30,business,,,21900.0,False,15:30,ok,2026-09-13T01:25:16.698842+05:30,2026-09-13_0125IST,airline_direct,IndiGo
DEL,BOM,6E,IndiGo,6E 864,2026-10-13,30,economy,,,6305.0,False,15:30,ok,2026-09-13T01:25:16.698842+05:30,2026-09-13_0125IST,airline_direct,IndiGo
DEL,BOM,6E,IndiGo,6E 327,2026-10-13,30,business,,,21900.0,False,16:15,ok,2026-09-13T01:25:16.698842+05:30,2026-09-13_0125IST,airline_direct,IndiGo
DEL,BOM,6E,IndiGo,6E 327,2026-10-13,30,economy,,,6305.0,False,16:15,ok,2026-09-13T01:25:16.698842+05:30,2026-09-13_0125IST,airline_direct,IndiGo
DEL,BOM,6E,IndiGo,6E 6706,2026-10-13,30,business,,,21900.0,False,17:00,ok,2026-09-13T01:25:16.698842+05:30,2026-09-13_0125IST,airline_direct,IndiGo
DEL,BOM,6E,IndiGo,6E 6706,2026-10-13,30,economy,,,6305.0,False,17:00,ok,2026-09-13T01:25:16.698842+05:30,2026-09-13_0125IST,airline_direct,IndiGo
DEL,BOM,6E,IndiGo,6E 6114,2026-10-13,30,business,,,21900.0,False,22:45,ok,2026-09-13T01:25:16.698842+05:30,2026-09-13_0125IST,airline_direct,IndiGo
DEL,BOM,6E,IndiGo,6E 6114,2026-10-13,30,economy,,,6305.0,False,22:45,ok,2026-09-13T01:25:16.698842+05:30,2026-09-13_0125IST,airline_direct,IndiGo
DEL,BOM,6E,IndiGo,6E 322,2026-10-13,30,business,,,21900.0,False,23:30,ok,2026-09-13T01:25:16.698842+05:30,2026-09-13_0125IST,airline_direct,IndiGo
DEL,BOM,6E,IndiGo,6E 322,2026-10-13,30,economy,,,6305.0,False,23:30,ok,2026-09-13T01:25:16.698842+05:30,2026-09-13_0125IST,airline_direct,IndiGo
DEL,BOM,6E,IndiGo,6E 6218,2026-10-13,30,business,,,21900.0,False,06:05,ok,2026-09-13T01:25:16.698842+05:30,2026-09-13_0125IST,airline_direct,IndiGo
DEL,BOM,6E,IndiGo,6E 6218,2026-10-13,30,economy,,,6357.0,False,06:05,ok,2026-09-13T01:25:16.698842+05:30,2026-09-13_0125IST,airline_direct,IndiGo
DEL,BOM,6E,IndiGo,6E 6814,2026-10-13,30,business,,,21900.0,False,07:15,ok,2026-09-13T01:25:16.698842+05:30,2026-09-13_0125IST,airline_direct,IndiGo
DEL,BOM,6E,IndiGo,6E 6814,2026-10-13,30,economy,,,6431.0,False,07:15,ok,2026-09-13T01:25:16.698842+05:30,2026-09-13_0125IST,airline_direct,IndiGo
DEL,BOM,6E,IndiGo,6E 320,2026-10-13,30,business,,,21900.0,False,08:00,ok,2026-09-13T01:25:16.698842+05:30,2026-09-13_0125IST,airline_direct,IndiGo
DEL,BOM,6E,IndiGo,6E 320,2026-10-13,30,economy,,,6431.0,False,08:00,ok,2026-09-13T01:25:16.698842+05:30,2026-09-13_0125IST,airline_direct,IndiGo
DEL,BOM,6E,IndiGo,6E 329,2026-10-13,30,business,,,21900.0,False,18:00,ok,2026-09-13T01:25:16.698842+05:30,2026-09-13_0125IST,airline_direct,IndiGo
DEL,BOM,6E,IndiGo,6E 329,2026-10-13,30,economy,,,6431.0,False,18:00,ok,2026-09-13T01:25:16.698842+05:30,2026-09-13_0125IST,airline_direct,IndiGo
DEL,BOM,6E,IndiGo,6E 354,2026-10-13,30,business,,,21900.0,False,19:00,ok,2026-09-13T01:25:16.698842+05:30,2026-09-13_0125IST,airline_direct,IndiGo
DEL,BOM,6E,IndiGo,6E 354,2026-10-13,30,economy,,,6431.0,False,19:00,ok,2026-09-13T01:25:16.698842+05:30,2026-09-13_0125IST,airline_direct,IndiGo
DEL,BOM,6E,IndiGo,6E 303,2026-10-13,30,business,,,21900.0,False,20:00,ok,2026-09-13T01:25:16.698842+05:30,2026-09-13_0125IST,airline_direct,IndiGo
DEL,BOM,6E,IndiGo,6E 303,2026-10-13,30,economy,,,6431.0,False,20:00,ok,2026-09-13T01:25:16.698842+05:30,2026-09-13_0125IST,airline_direct,IndiGo
DEL,BOM,6E,IndiGo,6E 853,2026-10-13,30,business,,,21900.0,False,20:45,ok,2026-09-13T01:25:16.698842+05:30,2026-09-13_0125IST,airline_direct,IndiGo
DEL,BOM,6E,IndiGo,6E 853,2026-10-13,30,economy,,,6431.0,False,20:45,ok,2026-09-13T01:25:16.698842+05:30,2026-09-13_0125IST,airline_direct,IndiGo
DEL,BOM,6E,IndiGo,6E 395,2026-10-13,30,business,,,21900.0,False,21:45,ok,2026-09-13T01:25:16.698842+05:30,2026-09-13_0125IST,airline_direct,IndiGo
DEL,BOM,6E,IndiGo,6E 395,2026-10-13,30,economy,,,6431.0,False,21:45,ok,2026-09-13T01:25:16.698842+05:30,2026-09-13_0125IST,airline_direct,IndiGo
DEL,BOM,6E,IndiGo,6E 6261,2026-10-13,30,economy,,,6090.0,False,00:15,ok,2026-09-13T01:25:16.698842+05:30,2026-09-13_0125IST,airline_direct,IndiGo
DEL,BOM,6E,IndiGo,6E 5119,2026-10-13,30,economy,,,6090.0,False,05:10,ok,2026-09-13T01:25:16.698842+05:30,2026-09-13_0125IST,airline_direct,IndiGo
DEL,BOM,6E,IndiGo,6E 5119,2026-10-13,30,economy,,,6090.0,False,05:10,ok,2026-09-13T01:25:16.698842+05:30,2026-09-13_0125IST,airline_direct,IndiGo
DEL,BOM,6E,IndiGo,6E 2076,2026-10-13,30,economy,,,6090.0,False,07:30,ok,2026-09-13T01:25:16.698842+05:30,2026-09-13_0125IST,airline_direct,IndiGo
DEL,BOM,6E,IndiGo,6E 6454,2026-10-13,30,economy,,,6090.0,False,13:50,ok,2026-09-13T01:25:16.698842+05:30,2026-09-13_0125IST,airline_direct,IndiGo
DEL,BOM,6E,IndiGo,6E 931,2026-10-13,30,economy,,,6090.0,False,19:30,ok,2026-09-13T01:25:16.698842+05:30,2026-09-13_0125IST,airline_direct,IndiGo
DEL,BOM,6E,IndiGo,6E 2013,2026-10-13,30,economy,,,6090.0,False,21:50,ok,2026-09-13T01:25:16.698842+05:30,2026-09-13_0125IST,airline_direct,IndiGo
DEL,BOM,6E,IndiGo,6E 6569,2026-10-13,30,economy,,,6222.0,False,05:00,ok,2026-09-13T01:25:16.698842+05:30,2026-09-13_0125IST,airline_direct,IndiGo
DEL,BOM,6E,IndiGo,6E 2249,2026-10-13,30,economy,,,6222.0,False,15:00,ok,2026-09-13T01:25:16.698842+05:30,2026-09-13_0125IST,airline_direct,IndiGo
DEL,BOM,6E,IndiGo,6E 2113,2026-10-13,30,economy,,,6300.0,False,13:20,ok,2026-09-13T01:25:16.698842+05:30,2026-09-13_0125IST,airline_direct,IndiGo
DEL,BOM,6E,IndiGo,6E 758,2026-10-13,30,economy,,,6300.0,False,16:10,ok,2026-09-13T01:25:16.698842+05:30,2026-09-13_0125IST,airline_direct,IndiGo
DEL,BOM,6E,IndiGo,6E 6479,2026-10-13,30,economy,,,6300.0,False,21:25,ok,2026-09-13T01:25:16.698842+05:30,2026-09-13_0125IST,airline_direct,IndiGo
DEL,BOM,6E,IndiGo,6E 358,2026-10-13,30,economy,,,6510.0,False,12:10,ok,2026-09-13T01:25:16.698842+05:30,2026-09-13_0125IST,airline_direct,IndiGo
DEL,BOM,6E,IndiGo,6E 357,2026-10-13,30,economy,,,6510.0,False,19:30,ok,2026-09-13T01:25:16.698842+05:30,2026-09-13_0125IST,airline_direct,IndiGo
DEL,BOM,6E,IndiGo,6E 6171,2026-10-13,30,economy,,,6562.0,False,05:40,ok,2026-09-13T01:25:16.698842+05:30,2026-09-13_0125IST,airline_direct,IndiGo
DEL,BOM,6E,IndiGo,6E 2331,2026-10-13,30,economy,,,6562.0,False,12:20,ok,2026-09-13T01:25:16.698842+05:30,2026-09-13_0125IST,airline_direct,IndiGo
DEL,BOM,6E,IndiGo,6E 2341,2026-10-13,30,economy,,,6562.0,False,14:50,ok,2026-09-13T01:25:16.698842+05:30,2026-09-13_0125IST,airline_direct,IndiGo
DEL,BOM,6E,IndiGo,6E 6983,2026-10-13,30,economy,,,6562.0,False,15:35,ok,2026-09-13T01:25:16.698842+05:30,2026-09-13_0125IST,airline_direct,IndiGo
DEL,BOM,6E,IndiGo,6E 5073,2026-10-13,30,economy,,,6562.0,False,17:05,ok,2026-09-13T01:25:16.698842+05:30,2026-09-13_0125IST,airline_direct,IndiGo
DEL,BOM,6E,IndiGo,6E 5073,2026-10-13,30,economy,,,6562.0,False,17:05,ok,2026-09-13T01:25:16.698842+05:30,2026-09-13_0125IST,airline_direct,IndiGo
DEL,BOM,6E,IndiGo,6E 6433,2026-10-13,30,economy,,,6693.0,False,16:30,ok,2026-09-13T01:25:16.698842+05:30,2026-09-13_0125IST,airline_direct,IndiGo
DEL,BOM,6E,IndiGo,6E 5014,2026-10-13,30,economy,,,7080.0,False,18:30,ok,2026-09-13T01:25:16.698842+05:30,2026-09-13_0125IST,airline_direct,IndiGo
DEL,BOM,6E,IndiGo,6E 6459,2026-10-13,30,economy,,,7212.0,False,05:55,ok,2026-09-13T01:25:16.698842+05:30,2026-09-13_0125IST,airline_direct,IndiGo
DEL,BOM,6E,IndiGo,6E 6443,2026-10-13,30,economy,,,7212.0,False,09:00,ok,2026-09-13T01:25:16.698842+05:30,2026-09-13_0125IST,airline_direct,IndiGo
DEL,BOM,6E,IndiGo,6E 6488,2026-10-13,30,economy,,,7212.0,False,11:20,ok,2026-09-13T01:25:16.698842+05:30,2026-09-13_0125IST,airline_direct,IndiGo
DEL,BOM,6E,IndiGo,6E 6829,2026-10-13,30,economy,,,7212.0,False,17:20,ok,2026-09-13T01:25:16.698842+05:30,2026-09-13_0125IST,airline_direct,IndiGo
DEL,BOM,6E,IndiGo,6E 6829,2026-10-13,30,economy,,,7212.0,False,17:20,ok,2026-09-13T01:25:16.698842+05:30,2026-09-13_0125IST,airline_direct,IndiGo
DEL,BOM,6E,IndiGo,6E 5138,2026-10-13,30,economy,,,7212.0,False,19:10,ok,2026-09-13T01:25:16.698842+05:30,2026-09-13_0125IST,airline_direct,IndiGo
DEL,BOM,6E,IndiGo,6E 2169,2026-10-13,30,economy,,,7212.0,False,19:20,ok,2026-09-13T01:25:16.698842+05:30,2026-09-13_0125IST,airline_direct,IndiGo
DEL,BOM,6E,IndiGo,6E 6050,2026-10-13,30,economy,,,7290.0,False,08:15,ok,2026-09-13T01:25:16.698842+05:30,2026-09-13_0125IST,airline_direct,IndiGo
DEL,BOM,6E,IndiGo,6E 5038,2026-10-13,30,economy,,,7290.0,False,14:00,ok,2026-09-13T01:25:16.698842+05:30,2026-09-13_0125IST,airline_direct,IndiGo
DEL,BOM,6E,IndiGo,6E 5298,2026-10-13,30,economy,,,7860.0,False,09:00,ok,2026-09-13T01:25:16.698842+05:30,2026-09-13_0125IST,airline_direct,IndiGo
DEL,BOM,6E,IndiGo,6E 705,2026-10-13,30,business,,,29617.0,False,08:30,ok,2026-09-13T01:25:16.698842+05:30,2026-09-13_0125IST,airline_direct,IndiGo
DEL,BOM,6E,IndiGo,6E 705,2026-10-13,30,economy,,,7991.0,False,08:30,ok,2026-09-13T01:25:16.698842+05:30,2026-09-13_0125IST,airline_direct,IndiGo
DEL,BOM,6E,IndiGo,6E 6293,2026-10-13,30,business,,,29617.0,False,09:55,ok,2026-09-13T01:25:16.698842+05:30,2026-09-13_0125IST,airline_direct,IndiGo
DEL,BOM,6E,IndiGo,6E 6293,2026-10-13,30,economy,,,7991.0,False,09:55,ok,2026-09-13T01:25:16.698842+05:30,2026-09-13_0125IST,airline_direct,IndiGo
DEL,BOM,6E,IndiGo,6E 6282,2026-10-13,30,business,,,29617.0,False,13:30,ok,2026-09-13T01:25:16.698842+05:30,2026-09-13_0125IST,airline_direct,IndiGo
DEL,BOM,6E,IndiGo,6E 6282,2026-10-13,30,economy,,,7991.0,False,13:30,ok,2026-09-13T01:25:16.698842+05:30,2026-09-13_0125IST,airline_direct,IndiGo
DEL,BOM,6E,IndiGo,6E 6212,2026-10-13,30,business,,,29617.0,False,14:45,ok,2026-09-13T01:25:16.698842+05:30,2026-09-13_0125IST,airline_direct,IndiGo
DEL,BOM,6E,IndiGo,6E 6212,2026-10-13,30,economy,,,7991.0,False,14:45,ok,2026-09-13T01:25:16.698842+05:30,2026-09-13_0125IST,airline_direct,IndiGo
DEL,BOM,6E,IndiGo,6E 882,2026-10-13,30,business,,,26937.0,False,23:15,ok,2026-09-13T01:25:16.698842+05:30,2026-09-13_0125IST,airline_direct,IndiGo
DEL,BOM,6E,IndiGo,6E 882,2026-10-13,30,economy,,,7991.0,False,23:15,ok,2026-09-13T01:25:16.698842+05:30,2026-09-13_0125IST,airline_direct,IndiGo
DEL,BOM,6E,IndiGo,6E 2496,2026-10-13,30,economy,,,8306.0,False,12:40,ok,2026-09-13T01:25:16.698842+05:30,2026-09-13_0125IST,airline_direct,IndiGo
DEL,BOM,6E,IndiGo,6E 704,2026-10-13,30,business,,,29617.0,False,02:25,ok,2026-09-13T01:25:16.698842+05:30,2026-09-13_0125IST,airline_direct,IndiGo
DEL,BOM,6E,IndiGo,6E 704,2026-10-13,30,economy,,,8618.0,False,02:25,ok,2026-09-13T01:25:16.698842+05:30,2026-09-13_0125IST,airline_direct,IndiGo
DEL,BOM,6E,IndiGo,6E 6026,2026-10-13,30,business,,,29617.0,False,05:30,ok,2026-09-13T01:25:16.698842+05:30,2026-09-13_0125IST,airline_direct,IndiGo
DEL,BOM,6E,IndiGo,6E 6026,2026-10-13,30,economy,,,8618.0,False,05:30,ok,2026-09-13T01:25:16.698842+05:30,2026-09-13_0125IST,airline_direct,IndiGo
DEL,BOM,6E,IndiGo,6E 2381,2026-10-13,30,economy,,,8618.0,False,13:45,ok,2026-09-13T01:25:16.698842+05:30,2026-09-13_0125IST,airline_direct,IndiGo
DEL,BOM,6E,IndiGo,6E 717,2026-10-13,30,business,,,29617.0,False,17:55,ok,2026-09-13T01:25:16.698842+05:30,2026-09-13_0125IST,airline_direct,IndiGo
DEL,BOM,6E,IndiGo,6E 717,2026-10-13,30,economy,,,8618.0,False,17:55,ok,2026-09-13T01:25:16.698842+05:30,2026-09-13_0125IST,airline_direct,IndiGo
DEL,BOM,6E,IndiGo,6E 6497,2026-10-13,30,economy,,,8618.0,False,18:40,ok,2026-09-13T01:25:16.698842+05:30,2026-09-13_0125IST,airline_direct,IndiGo
DEL,BOM,6E,IndiGo,6E 2349,2026-10-13,30,economy,,,9124.0,False,10:55,ok,2026-09-13T01:25:16.698842+05:30,2026-09-13_0125IST,airline_direct,IndiGo
DEL,BOM,6E,IndiGo,6E 6601,2026-10-13,30,business,,,29617.0,False,19:45,ok,2026-09-13T01:25:16.698842+05:30,2026-09-13_0125IST,airline_direct,IndiGo
DEL,BOM,6E,IndiGo,6E 6601,2026-10-13,30,economy,,,13920.0,False,19:45,ok,2026-09-13T01:25:16.698842+05:30,2026-09-13_0125IST,airline_direct,IndiGo
DEL,BLR,6E,IndiGo,6E 6054,2026-10-13,30,business,,,26048.0,False,01:05,ok,2026-09-13T01:26:24.052080+05:30,2026-09-13_0126IST,airline_direct,IndiGo
DEL,BLR,6E,IndiGo,6E 6054,2026-10-13,30,economy,,,9890.0,False,01:05,ok,2026-09-13T01:26:24.052080+05:30,2026-09-13_0126IST,airline_direct,IndiGo
DEL,BLR,6E,IndiGo,6E 820,2026-10-13,30,business,,,26048.0,False,03:00,ok,2026-09-13T01:26:24.052080+05:30,2026-09-13_0126IST,airline_direct,IndiGo
DEL,BLR,6E,IndiGo,6E 820,2026-10-13,30,economy,,,9890.0,False,03:00,ok,2026-09-13T01:26:24.052080+05:30,2026-09-13_0126IST,airline_direct,IndiGo
DEL,BLR,6E,IndiGo,6E 2314,2026-10-13,30,business,,,26048.0,False,05:45,ok,2026-09-13T01:26:24.052080+05:30,2026-09-13_0126IST,airline_direct,IndiGo
DEL,BLR,6E,IndiGo,6E 2314,2026-10-13,30,economy,,,9890.0,False,05:45,ok,2026-09-13T01:26:24.052080+05:30,2026-09-13_0126IST,airline_direct,IndiGo
DEL,BLR,6E,IndiGo,6E 810,2026-10-13,30,business,,,26048.0,False,07:05,ok,2026-09-13T01:26:24.052080+05:30,2026-09-13_0126IST,airline_direct,IndiGo
DEL,BLR,6E,IndiGo,6E 810,2026-10-13,30,economy,,,9890.0,False,07:05,ok,2026-09-13T01:26:24.052080+05:30,2026-09-13_0126IST,airline_direct,IndiGo
DEL,BLR,6E,IndiGo,6E 873,2026-10-13,30,business,,,26048.0,False,08:20,ok,2026-09-13T01:26:24.052080+05:30,2026-09-13_0126IST,airline_direct,IndiGo
DEL,BLR,6E,IndiGo,6E 873,2026-10-13,30,economy,,,9890.0,False,08:20,ok,2026-09-13T01:26:24.052080+05:30,2026-09-13_0126IST,airline_direct,IndiGo
DEL,BLR,6E,IndiGo,6E 826,2026-10-13,30,business,,,26048.0,False,09:30,ok,2026-09-13T01:26:24.052080+05:30,2026-09-13_0126IST,airline_direct,IndiGo
DEL,BLR,6E,IndiGo,6E 826,2026-10-13,30,economy,,,9890.0,False,09:30,ok,2026-09-13T01:26:24.052080+05:30,2026-09-13_0126IST,airline_direct,IndiGo
DEL,BLR,6E,IndiGo,6E 842,2026-10-13,30,business,,,26048.0,False,10:45,ok,2026-09-13T01:26:24.052080+05:30,2026-09-13_0126IST,airline_direct,IndiGo
DEL,BLR,6E,IndiGo,6E 842,2026-10-13,30,economy,,,9890.0,False,10:45,ok,2026-09-13T01:26:24.052080+05:30,2026-09-13_0126IST,airline_direct,IndiGo
DEL,BLR,6E,IndiGo,6E 850,2026-10-13,30,business,,,26048.0,False,12:15,ok,2026-09-13T01:26:24.052080+05:30,2026-09-13_0126IST,airline_direct,IndiGo
DEL,BLR,6E,IndiGo,6E 850,2026-10-13,30,economy,,,9890.0,False,12:15,ok,2026-09-13T01:26:24.052080+05:30,2026-09-13_0126IST,airline_direct,IndiGo
DEL,BLR,6E,IndiGo,6E 176,2026-10-13,30,business,,,26048.0,False,13:15,ok,2026-09-13T01:26:24.052080+05:30,2026-09-13_0126IST,airline_direct,IndiGo
DEL,BLR,6E,IndiGo,6E 176,2026-10-13,30,economy,,,9890.0,False,13:15,ok,2026-09-13T01:26:24.052080+05:30,2026-09-13_0126IST,airline_direct,IndiGo
DEL,BLR,6E,IndiGo,6E 828,2026-10-13,30,business,,,26048.0,False,14:30,ok,2026-09-13T01:26:24.052080+05:30,2026-09-13_0126IST,airline_direct,IndiGo
DEL,BLR,6E,IndiGo,6E 828,2026-10-13,30,economy,,,9890.0,False,14:30,ok,2026-09-13T01:26:24.052080+05:30,2026-09-13_0126IST,airline_direct,IndiGo
DEL,BLR,6E,IndiGo,6E 880,2026-10-13,30,business,,,26048.0,False,15:45,ok,2026-09-13T01:26:24.052080+05:30,2026-09-13_0126IST,airline_direct,IndiGo
DEL,BLR,6E,IndiGo,6E 880,2026-10-13,30,economy,,,9890.0,False,15:45,ok,2026-09-13T01:26:24.052080+05:30,2026-09-13_0126IST,airline_direct,IndiGo
DEL,BLR,6E,IndiGo,6E 837,2026-10-13,30,business,,,26048.0,False,17:00,ok,2026-09-13T01:26:24.052080+05:30,2026-09-13_0126IST,airline_direct,IndiGo
DEL,BLR,6E,IndiGo,6E 837,2026-10-13,30,economy,,,9890.0,False,17:00,ok,2026-09-13T01:26:24.052080+05:30,2026-09-13_0126IST,airline_direct,IndiGo
DEL,BLR,6E,IndiGo,6E 811,2026-10-13,30,business,,,26048.0,False,18:20,ok,2026-09-13T01:26:24.052080+05:30,2026-09-13_0126IST,airline_direct,IndiGo
DEL,BLR,6E,IndiGo,6E 811,2026-10-13,30,economy,,,9890.0,False,18:20,ok,2026-09-13T01:26:24.052080+05:30,2026-09-13_0126IST,airline_direct,IndiGo
DEL,BLR,6E,IndiGo,6E 6515,2026-10-13,30,business,,,26048.0,False,20:45,ok,2026-09-13T01:26:24.052080+05:30,2026-09-13_0126IST,airline_direct,IndiGo
DEL,BLR,6E,IndiGo,6E 6515,2026-10-13,30,economy,,,9890.0,False,20:45,ok,2026-09-13T01:26:24.052080+05:30,2026-09-13_0126IST,airline_direct,IndiGo
DEL,BLR,6E,IndiGo,6E 846,2026-10-13,30,business,,,26048.0,False,22:00,ok,2026-09-13T01:26:24.052080+05:30,2026-09-13_0126IST,airline_direct,IndiGo
DEL,BLR,6E,IndiGo,6E 846,2026-10-13,30,economy,,,9890.0,False,22:00,ok,2026-09-13T01:26:24.052080+05:30,2026-09-13_0126IST,airline_direct,IndiGo
DEL,BLR,6E,IndiGo,6E 871,2026-10-13,30,business,,,26048.0,False,23:30,ok,2026-09-13T01:26:24.052080+05:30,2026-09-13_0126IST,airline_direct,IndiGo
DEL,BLR,6E,IndiGo,6E 871,2026-10-13,30,economy,,,9890.0,False,23:30,ok,2026-09-13T01:26:24.052080+05:30,2026-09-13_0126IST,airline_direct,IndiGo
DEL,BLR,6E,IndiGo,6E 861,2026-10-13,30,business,,,26048.0,False,19:30,ok,2026-09-13T01:26:24.052080+05:30,2026-09-13_0126IST,airline_direct,IndiGo
DEL,BLR,6E,IndiGo,6E 861,2026-10-13,30,economy,,,10192.0,False,19:30,ok,2026-09-13T01:26:24.052080+05:30,2026-09-13_0126IST,airline_direct,IndiGo
DEL,BLR,6E,IndiGo,6E 6433,2026-10-13,30,economy,,,8281.0,False,16:30,ok,2026-09-13T01:26:24.052080+05:30,2026-09-13_0126IST,airline_direct,IndiGo
DEL,BLR,6E,IndiGo,6E 704,2026-10-13,30,business,,,25759.0,False,02:25,ok,2026-09-13T01:26:24.052080+05:30,2026-09-13_0126IST,airline_direct,IndiGo
DEL,BLR,6E,IndiGo,6E 704,2026-10-13,30,economy,,,8360.0,False,02:25,ok,2026-09-13T01:26:24.052080+05:30,2026-09-13_0126IST,airline_direct,IndiGo
DEL,BLR,6E,IndiGo,6E 6026,2026-10-13,30,business,,,25312.0,False,05:30,ok,2026-09-13T01:26:24.052080+05:30,2026-09-13_0126IST,airline_direct,IndiGo
DEL,BLR,6E,IndiGo,6E 6026,2026-10-13,30,economy,,,8360.0,False,05:30,ok,2026-09-13T01:26:24.052080+05:30,2026-09-13_0126IST,airline_direct,IndiGo
DEL,BLR,6E,IndiGo,6E 6293,2026-10-13,30,business,,,24908.0,False,09:55,ok,2026-09-13T01:26:24.052080+05:30,2026-09-13_0126IST,airline_direct,IndiGo
DEL,BLR,6E,IndiGo,6E 6293,2026-10-13,30,economy,,,8360.0,False,09:55,ok,2026-09-13T01:26:24.052080+05:30,2026-09-13_0126IST,airline_direct,IndiGo
DEL,BLR,6E,IndiGo,6E 884,2026-10-13,30,business,,,25312.0,False,11:45,ok,2026-09-13T01:26:24.052080+05:30,2026-09-13_0126IST,airline_direct,IndiGo
DEL,BLR,6E,IndiGo,6E 884,2026-10-13,30,economy,,,8360.0,False,11:45,ok,2026-09-13T01:26:24.052080+05:30,2026-09-13_0126IST,airline_direct,IndiGo
DEL,BLR,6E,IndiGo,6E 6212,2026-10-13,30,business,,,29590.0,False,14:45,ok,2026-09-13T01:26:24.052080+05:30,2026-09-13_0126IST,airline_direct,IndiGo
DEL,BLR,6E,IndiGo,6E 6212,2026-10-13,30,economy,,,8360.0,False,14:45,ok,2026-09-13T01:26:24.052080+05:30,2026-09-13_0126IST,airline_direct,IndiGo
DEL,BLR,6E,IndiGo,6E 758,2026-10-13,30,economy,,,8360.0,False,16:10,ok,2026-09-13T01:26:24.052080+05:30,2026-09-13_0126IST,airline_direct,IndiGo
DEL,BLR,6E,IndiGo,6E 6217,2026-10-13,30,business,,,24908.0,False,16:15,ok,2026-09-13T01:26:24.052080+05:30,2026-09-13_0126IST,airline_direct,IndiGo
DEL,BLR,6E,IndiGo,6E 6217,2026-10-13,30,economy,,,8360.0,False,16:15,ok,2026-09-13T01:26:24.052080+05:30,2026-09-13_0126IST,airline_direct,IndiGo
DEL,BLR,6E,IndiGo,6E 717,2026-10-13,30,business,,,25312.0,False,17:55,ok,2026-09-13T01:26:24.052080+05:30,2026-09-13_0126IST,airline_direct,IndiGo
DEL,BLR,6E,IndiGo,6E 717,2026-10-13,30,economy,,,8360.0,False,17:55,ok,2026-09-13T01:26:24.052080+05:30,2026-09-13_0126IST,airline_direct,IndiGo
DEL,BLR,6E,IndiGo,6E 2343,2026-10-13,30,business,,,26160.0,False,02:20,ok,2026-09-13T01:26:24.052080+05:30,2026-09-13_0126IST,airline_direct,IndiGo
DEL,BLR,6E,IndiGo,6E 2343,2026-10-13,30,economy,,,8491.0,False,02:20,ok,2026-09-13T01:26:24.052080+05:30,2026-09-13_0126IST,airline_direct,IndiGo
DEL,BLR,6E,IndiGo,6E 6569,2026-10-13,30,economy,,,8491.0,False,05:00,ok,2026-09-13T01:26:24.052080+05:30,2026-09-13_0126IST,airline_direct,IndiGo
DEL,BLR,6E,IndiGo,6E 5119,2026-10-13,30,economy,,,8491.0,False,05:10,ok,2026-09-13T01:26:24.052080+05:30,2026-09-13_0126IST,airline_direct,IndiGo
DEL,BLR,6E,IndiGo,6E 6459,2026-10-13,30,economy,,,8491.0,False,05:55,ok,2026-09-13T01:26:24.052080+05:30,2026-09-13_0126IST,airline_direct,IndiGo
DEL,BLR,6E,IndiGo,6E 6488,2026-10-13,30,economy,,,8491.0,False,11:20,ok,2026-09-13T01:26:24.052080+05:30,2026-09-13_0126IST,airline_direct,IndiGo
DEL,BLR,6E,IndiGo,6E 6022,2026-10-13,30,business,,,34636.0,False,14:00,ok,2026-09-13T01:26:24.052080+05:30,2026-09-13_0126IST,airline_direct,IndiGo
DEL,BLR,6E,IndiGo,6E 6022,2026-10-13,30,economy,,,8491.0,False,14:00,ok,2026-09-13T01:26:24.052080+05:30,2026-09-13_0126IST,airline_direct,IndiGo
DEL,BLR,6E,IndiGo,6E 2361,2026-10-13,30,economy,,,8491.0,False,14:35,ok,2026-09-13T01:26:24.052080+05:30,2026-09-13_0126IST,airline_direct,IndiGo
DEL,BLR,6E,IndiGo,6E 990,2026-10-13,30,economy,,,8491.0,False,14:50,ok,2026-09-13T01:26:24.052080+05:30,2026-09-13_0126IST,airline_direct,IndiGo
DEL,BLR,6E,IndiGo,6E 2557,2026-10-13,30,economy,,,8491.0,False,15:20,ok,2026-09-13T01:26:24.052080+05:30,2026-09-13_0126IST,airline_direct,IndiGo
DEL,BLR,6E,IndiGo,6E 864,2026-10-13,30,business,,,34636.0,False,15:30,ok,2026-09-13T01:26:24.052080+05:30,2026-09-13_0126IST,airline_direct,IndiGo
DEL,BLR,6E,IndiGo,6E 864,2026-10-13,30,economy,,,8491.0,False,15:30,ok,2026-09-13T01:26:24.052080+05:30,2026-09-13_0126IST,airline_direct,IndiGo
DEL,BLR,6E,IndiGo,6E 734,2026-10-13,30,economy,,,8491.0,False,16:20,ok,2026-09-13T01:26:24.052080+05:30,2026-09-13_0126IST,airline_direct,IndiGo
DEL,BLR,6E,IndiGo,6E 6437,2026-10-13,30,business,,,26160.0,False,16:25,ok,2026-09-13T01:26:24.052080+05:30,2026-09-13_0126IST,airline_direct,IndiGo
DEL,BLR,6E,IndiGo,6E 6437,2026-10-13,30,economy,,,8491.0,False,16:25,ok,2026-09-13T01:26:24.052080+05:30,2026-09-13_0126IST,airline_direct,IndiGo
DEL,BLR,6E,IndiGo,6E 5073,2026-10-13,30,economy,,,8491.0,False,17:05,ok,2026-09-13T01:26:24.052080+05:30,2026-09-13_0126IST,airline_direct,IndiGo
DEL,BLR,6E,IndiGo,6E 329,2026-10-13,30,business,,,34636.0,False,18:00,ok,2026-09-13T01:26:24.052080+05:30,2026-09-13_0126IST,airline_direct,IndiGo
DEL,BLR,6E,IndiGo,6E 329,2026-10-13,30,economy,,,8491.0,False,18:00,ok,2026-09-13T01:26:24.052080+05:30,2026-09-13_0126IST,airline_direct,IndiGo
DEL,BLR,6E,IndiGo,6E 6179,2026-10-13,30,economy,,,8491.0,False,18:30,ok,2026-09-13T01:26:24.052080+05:30,2026-09-13_0126IST,airline_direct,IndiGo
DEL,BLR,6E,IndiGo,6E 6673,2026-10-13,30,business,,,26012.0,False,21:15,ok,2026-09-13T01:26:24.052080+05:30,2026-09-13_0126IST,airline_direct,IndiGo
DEL,BLR,6E,IndiGo,6E 6673,2026-10-13,30,economy,,,8491.0,False,21:15,ok,2026-09-13T01:26:24.052080+05:30,2026-09-13_0126IST,airline_direct,IndiGo
DEL,BLR,6E,IndiGo,6E 2618,2026-10-13,30,business,,,26012.0,False,23:00,ok,2026-09-13T01:26:24.052080+05:30,2026-09-13_0126IST,airline_direct,IndiGo
DEL,BLR,6E,IndiGo,6E 2618,2026-10-13,30,economy,,,8491.0,False,23:00,ok,2026-09-13T01:26:24.052080+05:30,2026-09-13_0126IST,airline_direct,IndiGo
DEL,BLR,6E,IndiGo,6E 933,2026-10-13,30,economy,,,8570.0,False,02:55,ok,2026-09-13T01:26:24.052080+05:30,2026-09-13_0126IST,airline_direct,IndiGo
DEL,BLR,6E,IndiGo,6E 6476,2026-10-13,30,economy,,,8570.0,False,07:05,ok,2026-09-13T01:26:24.052080+05:30,2026-09-13_0126IST,airline_direct,IndiGo
DEL,BLR,6E,IndiGo,6E 2319,2026-10-13,30,economy,,,8570.0,False,09:55,ok,2026-09-13T01:26:24.052080+05:30,2026-09-13_0126IST,airline_direct,IndiGo
DEL,BLR,6E,IndiGo,6E 2277,2026-10-13,30,business,,,33637.0,False,10:25,ok,2026-09-13T01:26:24.052080+05:30,2026-09-13_0126IST,airline_direct,IndiGo
DEL,BLR,6E,IndiGo,6E 2277,2026-10-13,30,economy,,,8570.0,False,10:25,ok,2026-09-13T01:26:24.052080+05:30,2026-09-13_0126IST,airline_direct,IndiGo
DEL,BLR,6E,IndiGo,6E 434,2026-10-13,30,economy,,,8570.0,False,11:00,ok,2026-09-13T01:26:24.052080+05:30,2026-09-13_0126IST,airline_direct,IndiGo
DEL,BLR,6E,IndiGo,6E 2147,2026-10-13,30,economy,,,8570.0,False,11:10,ok,2026-09-13T01:26:24.052080+05:30,2026-09-13_0126IST,airline_direct,IndiGo
DEL,BLR,6E,IndiGo,6E 358,2026-10-13,30,business,,,33637.0,False,12:10,ok,2026-09-13T01:26:24.052080+05:30,2026-09-13_0126IST,airline_direct,IndiGo
DEL,BLR,6E,IndiGo,6E 358,2026-10-13,30,economy,,,8570.0,False,12:10,ok,2026-09-13T01:26:24.052080+05:30,2026-09-13_0126IST,airline_direct,IndiGo
DEL,BLR,6E,IndiGo,6E 6115,2026-10-13,30,economy,,,8570.0,False,13:10,ok,2026-09-13T01:26:24.052080+05:30,2026-09-13_0126IST,airline_direct,IndiGo
DEL,BLR,6E,IndiGo,6E 5038,2026-10-13,30,economy,,,8570.0,False,14:00,ok,2026-09-13T01:26:24.052080+05:30,2026-09-13_0126IST,airline_direct,IndiGo
DEL,BLR,6E,IndiGo,6E 6091,2026-10-13,30,economy,,,8570.0,False,15:15,ok,2026-09-13T01:26:24.052080+05:30,2026-09-13_0126IST,airline_direct,IndiGo
DEL,BLR,6E,IndiGo,6E 5033,2026-10-13,30,economy,,,8570.0,False,15:50,ok,2026-09-13T01:26:24.052080+05:30,2026-09-13_0126IST,airline_direct,IndiGo
DEL,BLR,6E,IndiGo,6E 6632,2026-10-13,30,economy,,,8570.0,False,17:50,ok,2026-09-13T01:26:24.052080+05:30,2026-09-13_0126IST,airline_direct,IndiGo
DEL,BLR,6E,IndiGo,6E 950,2026-10-13,30,economy,,,8570.0,False,18:15,ok,2026-09-13T01:26:24.052080+05:30,2026-09-13_0126IST,airline_direct,IndiGo
DEL,BLR,6E,IndiGo,6E 2769,2026-10-13,30,economy,,,8701.0,False,08:10,ok,2026-09-13T01:26:24.052080+05:30,2026-09-13_0126IST,airline_direct,IndiGo
DEL,BLR,6E,IndiGo,6E 6497,2026-10-13,30,economy,,,8701.0,False,18:40,ok,2026-09-13T01:26:24.052080+05:30,2026-09-13_0126IST,airline_direct,IndiGo
DEL,BLR,6E,IndiGo,6E 2482,2026-10-13,30,economy,,,8701.0,False,19:55,ok,2026-09-13T01:26:24.052080+05:30,2026-09-13_0126IST,airline_direct,IndiGo
DEL,BLR,6E,IndiGo,6E 2364,2026-10-13,30,economy,,,8727.0,False,04:50,ok,2026-09-13T01:26:24.052080+05:30,2026-09-13_0126IST,airline_direct,IndiGo
DEL,BLR,6E,IndiGo,6E 754,2026-10-13,30,economy,,,8727.0,False,17:10,ok,2026-09-13T01:26:24.052080+05:30,2026-09-13_0126IST,airline_direct,IndiGo
DEL,BLR,6E,IndiGo,6E 704,2026-10-13,30,business,,,26793.0,False,02:25,ok,2026-09-13T01:26:24.052080+05:30,2026-09-13_0126IST,airline_direct,IndiGo
DEL,BLR,6E,IndiGo,6E 704,2026-10-13,30,economy,,,9029.0,False,02:25,ok,2026-09-13T01:26:24.052080+05:30,2026-09-13_0126IST,airline_direct,IndiGo
DEL,BLR,6E,IndiGo,6E 6282,2026-10-13,30,business,,,28055.0,False,13:30,ok,2026-09-13T01:26:24.052080+05:30,2026-09-13_0126IST,airline_direct,IndiGo
DEL,BLR,6E,IndiGo,6E 6282,2026-10-13,30,economy,,,9029.0,False,13:30,ok,2026-09-13T01:26:24.052080+05:30,2026-09-13_0126IST,airline_direct,IndiGo
DEL,BLR,6E,IndiGo,6E 2150,2026-10-13,30,business,,,37826.0,False,16:55,ok,2026-09-13T01:26:24.052080+05:30,2026-09-13_0126IST,airline_direct,IndiGo
DEL,BLR,6E,IndiGo,6E 2150,2026-10-13,30,economy,,,9239.0,False,16:55,ok,2026-09-13T01:26:24.052080+05:30,2026-09-13_0126IST,airline_direct,IndiGo
DEL,BLR,6E,IndiGo,6E 5191,2026-10-13,30,economy,,,17351.0,False,05:00,ok,2026-09-13T01:26:24.052080+05:30,2026-09-13_0126IST,airline_direct,IndiGo
DEL,BLR,6E,IndiGo,6E 513,2026-10-13,30,economy,,,21223.0,False,08:30,ok,2026-09-13T01:26:24.052080+05:30,2026-09-13_0126IST,airline_direct,IndiGo
BOM,BLR,6E,IndiGo,6E 5323,2026-10-13,30,business,,,18948.0,False,01:10,ok,2026-09-13T01:27:23.857393+05:30,2026-09-13_0127IST,airline_direct,IndiGo
BOM,BLR,6E,IndiGo,6E 5323,2026-10-13,30,economy,,,4893.0,False,01:10,ok,2026-09-13T01:27:23.857393+05:30,2026-09-13_0127IST,airline_direct,IndiGo
BOM,BLR,6E,IndiGo,6E 5294,2026-10-13,30,business,,,18948.0,False,04:30,ok,2026-09-13T01:27:23.857393+05:30,2026-09-13_0127IST,airline_direct,IndiGo
BOM,BLR,6E,IndiGo,6E 5294,2026-10-13,30,economy,,,4893.0,False,04:30,ok,2026-09-13T01:27:23.857393+05:30,2026-09-13_0127IST,airline_direct,IndiGo
BOM,BLR,6E,IndiGo,6E 5296,2026-10-13,30,business,,,18948.0,False,06:15,ok,2026-09-13T01:27:23.857393+05:30,2026-09-13_0127IST,airline_direct,IndiGo
BOM,BLR,6E,IndiGo,6E 5296,2026-10-13,30,economy,,,6747.0,False,06:15,ok,2026-09-13T01:27:23.857393+05:30,2026-09-13_0127IST,airline_direct,IndiGo
BOM,BLR,6E,IndiGo,6E 5193,2026-10-13,30,business,,,18948.0,False,07:45,ok,2026-09-13T01:27:23.857393+05:30,2026-09-13_0127IST,airline_direct,IndiGo
BOM,BLR,6E,IndiGo,6E 5193,2026-10-13,30,economy,,,6747.0,False,07:45,ok,2026-09-13T01:27:23.857393+05:30,2026-09-13_0127IST,airline_direct,IndiGo
BOM,BLR,6E,IndiGo,6E 5092,2026-10-13,30,business,,,18948.0,False,09:50,ok,2026-09-13T01:27:23.857393+05:30,2026-09-13_0127IST,airline_direct,IndiGo
BOM,BLR,6E,IndiGo,6E 5092,2026-10-13,30,economy,,,6747.0,False,09:50,ok,2026-09-13T01:27:23.857393+05:30,2026-09-13_0127IST,airline_direct,IndiGo
BOM,BLR,6E,IndiGo,6E 5217,2026-10-13,30,business,,,18948.0,False,11:00,ok,2026-09-13T01:27:23.857393+05:30,2026-09-13_0127IST,airline_direct,IndiGo
BOM,BLR,6E,IndiGo,6E 5217,2026-10-13,30,economy,,,6747.0,False,11:00,ok,2026-09-13T01:27:23.857393+05:30,2026-09-13_0127IST,airline_direct,IndiGo
BOM,BLR,6E,IndiGo,6E 5184,2026-10-13,30,business,,,18948.0,False,12:30,ok,2026-09-13T01:27:23.857393+05:30,2026-09-13_0127IST,airline_direct,IndiGo
BOM,BLR,6E,IndiGo,6E 5184,2026-10-13,30,economy,,,6747.0,False,12:30,ok,2026-09-13T01:27:23.857393+05:30,2026-09-13_0127IST,airline_direct,IndiGo
BOM,BLR,6E,IndiGo,6E 5382,2026-10-13,30,business,,,18948.0,False,14:30,ok,2026-09-13T01:27:23.857393+05:30,2026-09-13_0127IST,airline_direct,IndiGo
BOM,BLR,6E,IndiGo,6E 5382,2026-10-13,30,economy,,,6747.0,False,14:30,ok,2026-09-13T01:27:23.857393+05:30,2026-09-13_0127IST,airline_direct,IndiGo
BOM,BLR,6E,IndiGo,6E 5071,2026-10-13,30,business,,,18948.0,False,15:35,ok,2026-09-13T01:27:23.857393+05:30,2026-09-13_0127IST,airline_direct,IndiGo
BOM,BLR,6E,IndiGo,6E 5071,2026-10-13,30,economy,,,6747.0,False,15:35,ok,2026-09-13T01:27:23.857393+05:30,2026-09-13_0127IST,airline_direct,IndiGo
BOM,BLR,6E,IndiGo,6E 5032,2026-10-13,30,business,,,18948.0,False,19:50,ok,2026-09-13T01:27:23.857393+05:30,2026-09-13_0127IST,airline_direct,IndiGo
BOM,BLR,6E,IndiGo,6E 5032,2026-10-13,30,economy,,,6747.0,False,19:50,ok,2026-09-13T01:27:23.857393+05:30,2026-09-13_0127IST,airline_direct,IndiGo
BOM,BLR,6E,IndiGo,6E 6188,2026-10-13,30,business,,,18948.0,False,21:30,ok,2026-09-13T01:27:23.857393+05:30,2026-09-13_0127IST,airline_direct,IndiGo
BOM,BLR,6E,IndiGo,6E 6188,2026-10-13,30,economy,,,6747.0,False,21:30,ok,2026-09-13T01:27:23.857393+05:30,2026-09-13_0127IST,airline_direct,IndiGo
BOM,BLR,6E,IndiGo,6E 5388,2026-10-13,30,business,,,18948.0,False,22:20,ok,2026-09-13T01:27:23.857393+05:30,2026-09-13_0127IST,airline_direct,IndiGo
BOM,BLR,6E,IndiGo,6E 5388,2026-10-13,30,economy,,,6747.0,False,22:20,ok,2026-09-13T01:27:23.857393+05:30,2026-09-13_0127IST,airline_direct,IndiGo
BOM,BLR,6E,IndiGo,6E 5221,2026-10-13,30,business,,,18948.0,False,17:00,ok,2026-09-13T01:27:23.857393+05:30,2026-09-13_0127IST,airline_direct,IndiGo
BOM,BLR,6E,IndiGo,6E 5221,2026-10-13,30,economy,,,7062.0,False,17:00,ok,2026-09-13T01:27:23.857393+05:30,2026-09-13_0127IST,airline_direct,IndiGo
BOM,BLR,6E,IndiGo,6E 5047,2026-10-13,30,business,,,18948.0,False,18:30,ok,2026-09-13T01:27:23.857393+05:30,2026-09-13_0127IST,airline_direct,IndiGo
BOM,BLR,6E,IndiGo,6E 5047,2026-10-13,30,economy,,,7377.0,False,18:30,ok,2026-09-13T01:27:23.857393+05:30,2026-09-13_0127IST,airline_direct,IndiGo
BOM,BLR,6E,IndiGo,6E 6361,2026-10-13,30,economy,,,5122.0,False,05:00,ok,2026-09-13T01:27:23.857393+05:30,2026-09-13_0127IST,airline_direct,IndiGo
BOM,BLR,6E,IndiGo,6E 261,2026-10-13,30,economy,,,5122.0,False,11:20,ok,2026-09-13T01:27:23.857393+05:30,2026-09-13_0127IST,airline_direct,IndiGo
BOM,BLR,6E,IndiGo,6E 261,2026-10-13,30,economy,,,5122.0,False,11:20,ok,2026-09-13T01:27:23.857393+05:30,2026-09-13_0127IST,airline_direct,IndiGo
BOM,BLR,6E,IndiGo,6E 230,2026-10-13,30,economy,,,5122.0,False,13:55,ok,2026-09-13T01:27:23.857393+05:30,2026-09-13_0127IST,airline_direct,IndiGo
BOM,BLR,6E,IndiGo,6E 230,2026-10-13,30,economy,,,5122.0,False,13:55,ok,2026-09-13T01:27:23.857393+05:30,2026-09-13_0127IST,airline_direct,IndiGo
BOM,BLR,6E,IndiGo,6E 5241,2026-10-13,30,economy,,,5122.0,False,16:40,ok,2026-09-13T01:27:23.857393+05:30,2026-09-13_0127IST,airline_direct,IndiGo
BOM,BLR,6E,IndiGo,6E 5082,2026-10-13,30,economy,,,5122.0,False,18:05,ok,2026-09-13T01:27:23.857393+05:30,2026-09-13_0127IST,airline_direct,IndiGo
BOM,BLR,6E,IndiGo,6E 6187,2026-10-13,30,economy,,,5253.0,False,00:30,ok,2026-09-13T01:27:23.857393+05:30,2026-09-13_0127IST,airline_direct,IndiGo
BOM,BLR,6E,IndiGo,6E 5179,2026-10-13,30,business,,,20887.0,False,02:45,ok,2026-09-13T01:27:23.857393+05:30,2026-09-13_0127IST,airline_direct,IndiGo
BOM,BLR,6E,IndiGo,6E 5179,2026-10-13,30,economy,,,5253.0,False,02:45,ok,2026-09-13T01:27:23.857393+05:30,2026-09-13_0127IST,airline_direct,IndiGo
BOM,BLR,6E,IndiGo,6E 6057,2026-10-13,30,economy,,,5253.0,False,09:15,ok,2026-09-13T01:27:23.857393+05:30,2026-09-13_0127IST,airline_direct,IndiGo
BOM,BLR,6E,IndiGo,6E 673,2026-10-13,30,economy,,,5253.0,False,12:35,ok,2026-09-13T01:27:23.857393+05:30,2026-09-13_0127IST,airline_direct,IndiGo
BOM,BLR,6E,IndiGo,6E 673,2026-10-13,30,economy,,,5253.0,False,12:35,ok,2026-09-13T01:27:23.857393+05:30,2026-09-13_0127IST,airline_direct,IndiGo
BOM,BLR,6E,IndiGo,6E 5386,2026-10-13,30,business,,,20036.0,False,15:10,ok,2026-09-13T01:27:23.857393+05:30,2026-09-13_0127IST,airline_direct,IndiGo
BOM,BLR,6E,IndiGo,6E 5386,2026-10-13,30,economy,,,5253.0,False,15:10,ok,2026-09-13T01:27:23.857393+05:30,2026-09-13_0127IST,airline_direct,IndiGo
BOM,BLR,6E,IndiGo,6E 5123,2026-10-13,30,economy,,,5384.0,False,14:40,ok,2026-09-13T01:27:23.857393+05:30,2026-09-13_0127IST,airline_direct,IndiGo
BOM,BLR,6E,IndiGo,6E 5204,2026-10-13,30,economy,,,5463.0,False,08:15,ok,2026-09-13T01:27:23.857393+05:30,2026-09-13_0127IST,airline_direct,IndiGo
BOM,BLR,6E,IndiGo,6E 5313,2026-10-13,30,economy,,,5463.0,False,09:50,ok,2026-09-13T01:27:23.857393+05:30,2026-09-13_0127IST,airline_direct,IndiGo
BOM,BLR,6E,IndiGo,6E 5313,2026-10-13,30,economy,,,5463.0,False,09:50,ok,2026-09-13T01:27:23.857393+05:30,2026-09-13_0127IST,airline_direct,IndiGo
BOM,BLR,6E,IndiGo,6E 6349,2026-10-13,30,economy,,,5463.0,False,11:40,ok,2026-09-13T01:27:23.857393+05:30,2026-09-13_0127IST,airline_direct,IndiGo
BOM,BLR,6E,IndiGo,6E 2016,2026-10-13,30,economy,,,5463.0,False,13:35,ok,2026-09-13T01:27:23.857393+05:30,2026-09-13_0127IST,airline_direct,IndiGo
BOM,BLR,6E,IndiGo,6E 5337,2026-10-13,30,economy,,,5463.0,False,13:45,ok,2026-09-13T01:27:23.857393+05:30,2026-09-13_0127IST,airline_direct,IndiGo
BOM,BLR,6E,IndiGo,6E 5196,2026-10-13,30,economy,,,5463.0,False,15:25,ok,2026-09-13T01:27:23.857393+05:30,2026-09-13_0127IST,airline_direct,IndiGo
BOM,BLR,6E,IndiGo,6E 5048,2026-10-13,30,economy,,,5463.0,False,17:25,ok,2026-09-13T01:27:23.857393+05:30,2026-09-13_0127IST,airline_direct,IndiGo
BOM,BLR,6E,IndiGo,6E 5178,2026-10-13,30,business,,,20036.0,False,11:40,ok,2026-09-13T01:27:23.857393+05:30,2026-09-13_0127IST,airline_direct,IndiGo
BOM,BLR,6E,IndiGo,6E 5178,2026-10-13,30,economy,,,5630.0,False,11:40,ok,2026-09-13T01:27:23.857393+05:30,2026-09-13_0127IST,airline_direct,IndiGo
BOM,BLR,6E,IndiGo,6E 5178,2026-10-13,30,business,,,20441.0,False,11:40,ok,2026-09-13T01:27:23.857393+05:30,2026-09-13_0127IST,airline_direct,IndiGo
BOM,BLR,6E,IndiGo,6E 5178,2026-10-13,30,economy,,,5630.0,False,11:40,ok,2026-09-13T01:27:23.857393+05:30,2026-09-13_0127IST,airline_direct,IndiGo
BOM,BLR,6E,IndiGo,6E 5228,2026-10-13,30,business,,,20036.0,False,16:45,ok,2026-09-13T01:27:23.857393+05:30,2026-09-13_0127IST,airline_direct,IndiGo
BOM,BLR,6E,IndiGo,6E 5228,2026-10-13,30,economy,,,5630.0,False,16:45,ok,2026-09-13T01:27:23.857393+05:30,2026-09-13_0127IST,airline_direct,IndiGo
BOM,BLR,6E,IndiGo,6E 5228,2026-10-13,30,business,,,20441.0,False,16:45,ok,2026-09-13T01:27:23.857393+05:30,2026-09-13_0127IST,airline_direct,IndiGo
BOM,BLR,6E,IndiGo,6E 5228,2026-10-13,30,economy,,,5630.0,False,16:45,ok,2026-09-13T01:27:23.857393+05:30,2026-09-13_0127IST,airline_direct,IndiGo
BOM,BLR,6E,IndiGo,6E 6701,2026-10-13,30,economy,,,5840.0,False,05:35,ok,2026-09-13T01:27:23.857393+05:30,2026-09-13_0127IST,airline_direct,IndiGo
BOM,BLR,6E,IndiGo,6E 5188,2026-10-13,30,economy,,,5840.0,False,06:15,ok,2026-09-13T01:27:23.857393+05:30,2026-09-13_0127IST,airline_direct,IndiGo
BOM,BLR,6E,IndiGo,6E 5109,2026-10-13,30,economy,,,5840.0,False,09:35,ok,2026-09-13T01:27:23.857393+05:30,2026-09-13_0127IST,airline_direct,IndiGo
BOM,BLR,6E,IndiGo,6E 6349,2026-10-13,30,economy,,,5840.0,False,11:40,ok,2026-09-13T01:27:23.857393+05:30,2026-09-13_0127IST,airline_direct,IndiGo
BOM,BLR,6E,IndiGo,6E 5337,2026-10-13,30,economy,,,5840.0,False,13:45,ok,2026-09-13T01:27:23.857393+05:30,2026-09-13_0127IST,airline_direct,IndiGo
BOM,BLR,6E,IndiGo,6E 240,2026-10-13,30,economy,,,5840.0,False,15:45,ok,2026-09-13T01:27:23.857393+05:30,2026-09-13_0127IST,airline_direct,IndiGo
BOM,BLR,6E,IndiGo,6E 437,2026-10-13,30,economy,,,5840.0,False,17:10,ok,2026-09-13T01:27:23.857393+05:30,2026-09-13_0127IST,airline_direct,IndiGo
BOM,BLR,6E,IndiGo,6E 5179,2026-10-13,30,business,,,21922.0,False,02:45,ok,2026-09-13T01:27:23.857393+05:30,2026-09-13_0127IST,airline_direct,IndiGo
BOM,BLR,6E,IndiGo,6E 5179,2026-10-13,30,economy,,,6045.0,False,02:45,ok,2026-09-13T01:27:23.857393+05:30,2026-09-13_0127IST,airline_direct,IndiGo
BOM,BLR,6E,IndiGo,6E 5386,2026-10-13,30,business,,,24718.0,False,15:10,ok,2026-09-13T01:27:23.857393+05:30,2026-09-13_0127IST,airline_direct,IndiGo
BOM,BLR,6E,IndiGo,6E 5386,2026-10-13,30,economy,,,6045.0,False,15:10,ok,2026-09-13T01:27:23.857393+05:30,2026-09-13_0127IST,airline_direct,IndiGo
BOM,BLR,6E,IndiGo,6E 6802,2026-10-13,30,economy,,,6176.0,False,16:55,ok,2026-09-13T01:27:23.857393+05:30,2026-09-13_0127IST,airline_direct,IndiGo
BOM,BLR,6E,IndiGo,6E 911,2026-10-13,30,economy,,,6255.0,False,01:30,ok,2026-09-13T01:27:23.857393+05:30,2026-09-13_0127IST,airline_direct,IndiGo
BOM,BLR,6E,IndiGo,6E 5241,2026-10-13,30,economy,,,6369.0,False,16:40,ok,2026-09-13T01:27:23.857393+05:30,2026-09-13_0127IST,airline_direct,IndiGo
BOM,BLR,6E,IndiGo,6E 5318,2026-10-13,30,business,,,20036.0,False,10:15,ok,2026-09-13T01:27:23.857393+05:30,2026-09-13_0127IST,airline_direct,IndiGo
BOM,BLR,6E,IndiGo,6E 5318,2026-10-13,30,economy,,,6500.0,False,10:15,ok,2026-09-13T01:27:23.857393+05:30,2026-09-13_0127IST,airline_direct,IndiGo
BOM,BLR,6E,IndiGo,6E 2284,2026-10-13,30,economy,,,6710.0,False,12:05,ok,2026-09-13T01:27:23.857393+05:30,2026-09-13_0127IST,airline_direct,IndiGo
BOM,BLR,6E,IndiGo,6E 5201,2026-10-13,30,economy,,,6710.0,False,14:55,ok,2026-09-13T01:27:23.857393+05:30,2026-09-13_0127IST,airline_direct,IndiGo
BOM,BLR,6E,IndiGo,6E 5126,2026-10-13,30,economy,,,6710.0,False,18:15,ok,2026-09-13T01:27:23.857393+05:30,2026-09-13_0127IST,airline_direct,IndiGo
BOM,BLR,6E,IndiGo,6E 5181,2026-10-13,30,economy,,,6842.0,False,10:25,ok,2026-09-13T01:27:23.857393+05:30,2026-09-13_0127IST,airline_direct,IndiGo
BOM,BLR,6E,IndiGo,6E 2237,2026-10-13,30,economy,,,7210.0,False,18:40,ok,2026-09-13T01:27:23.857393+05:30,2026-09-13_0127IST,airline_direct,IndiGo
BOM,BLR,6E,IndiGo,6E 5107,2026-10-13,30,economy,,,7210.0,False,20:00,ok,2026-09-13T01:27:23.857393+05:30,2026-09-13_0127IST,airline_direct,IndiGo
BOM,BLR,6E,IndiGo,6E 632,2026-10-13,30,economy,,,9763.0,False,04:00,ok,2026-09-13T01:27:23.857393+05:30,2026-09-13_0127IST,airline_direct,IndiGo
DEL,CCU,6E,IndiGo,6E 930,2026-10-13,30,business,,,22600.0,False,02:45,ok,2026-09-13T01:28:25.779276+05:30,2026-09-13_0128IST,airline_direct,IndiGo
DEL,CCU,6E,IndiGo,6E 930,2026-10-13,30,economy,,,9753.0,False,02:45,ok,2026-09-13T01:28:25.779276+05:30,2026-09-13_0128IST,airline_direct,IndiGo
DEL,CCU,6E,IndiGo,6E 5191,2026-10-13,30,business,,,22600.0,False,05:00,ok,2026-09-13T01:28:25.779276+05:30,2026-09-13_0128IST,airline_direct,IndiGo
DEL,CCU,6E,IndiGo,6E 5191,2026-10-13,30,economy,,,10908.0,False,05:00,ok,2026-09-13T01:28:25.779276+05:30,2026-09-13_0128IST,airline_direct,IndiGo
DEL,CCU,6E,IndiGo,6E 897,2026-10-13,30,business,,,22600.0,False,12:45,ok,2026-09-13T01:28:25.779276+05:30,2026-09-13_0128IST,airline_direct,IndiGo
DEL,CCU,6E,IndiGo,6E 897,2026-10-13,30,economy,,,10908.0,False,12:45,ok,2026-09-13T01:28:25.779276+05:30,2026-09-13_0128IST,airline_direct,IndiGo
DEL,CCU,6E,IndiGo,6E 6415,2026-10-13,30,business,,,22600.0,False,16:00,ok,2026-09-13T01:28:25.779276+05:30,2026-09-13_0128IST,airline_direct,IndiGo
DEL,CCU,6E,IndiGo,6E 6415,2026-10-13,30,economy,,,10908.0,False,16:00,ok,2026-09-13T01:28:25.779276+05:30,2026-09-13_0128IST,airline_direct,IndiGo
DEL,CCU,6E,IndiGo,6E 247,2026-10-13,30,business,,,22600.0,False,23:30,ok,2026-09-13T01:28:25.779276+05:30,2026-09-13_0128IST,airline_direct,IndiGo
DEL,CCU,6E,IndiGo,6E 247,2026-10-13,30,economy,,,10908.0,False,23:30,ok,2026-09-13T01:28:25.779276+05:30,2026-09-13_0128IST,airline_direct,IndiGo
DEL,CCU,6E,IndiGo,6E 389,2026-10-13,30,business,,,22600.0,False,21:50,ok,2026-09-13T01:28:25.779276+05:30,2026-09-13_0128IST,airline_direct,IndiGo
DEL,CCU,6E,IndiGo,6E 389,2026-10-13,30,economy,,,11643.0,False,21:50,ok,2026-09-13T01:28:25.779276+05:30,2026-09-13_0128IST,airline_direct,IndiGo
DEL,CCU,6E,IndiGo,6E 340,2026-10-13,30,business,,,22600.0,False,07:20,ok,2026-09-13T01:28:25.779276+05:30,2026-09-13_0128IST,airline_direct,IndiGo
DEL,CCU,6E,IndiGo,6E 340,2026-10-13,30,economy,,,14058.0,False,07:20,ok,2026-09-13T01:28:25.779276+05:30,2026-09-13_0128IST,airline_direct,IndiGo
DEL,CCU,6E,IndiGo,6E 513,2026-10-13,30,business,,,22600.0,False,08:30,ok,2026-09-13T01:28:25.779276+05:30,2026-09-13_0128IST,airline_direct,IndiGo
DEL,CCU,6E,IndiGo,6E 513,2026-10-13,30,economy,,,14058.0,False,08:30,ok,2026-09-13T01:28:25.779276+05:30,2026-09-13_0128IST,airline_direct,IndiGo
DEL,CCU,6E,IndiGo,6E 894,2026-10-13,30,business,,,22600.0,False,10:15,ok,2026-09-13T01:28:25.779276+05:30,2026-09-13_0128IST,airline_direct,IndiGo
DEL,CCU,6E,IndiGo,6E 894,2026-10-13,30,economy,,,14058.0,False,10:15,ok,2026-09-13T01:28:25.779276+05:30,2026-09-13_0128IST,airline_direct,IndiGo
DEL,CCU,6E,IndiGo,6E 910,2026-10-13,30,business,,,22600.0,False,14:25,ok,2026-09-13T01:28:25.779276+05:30,2026-09-13_0128IST,airline_direct,IndiGo
DEL,CCU,6E,IndiGo,6E 910,2026-10-13,30,economy,,,14058.0,False,14:25,ok,2026-09-13T01:28:25.779276+05:30,2026-09-13_0128IST,airline_direct,IndiGo
DEL,CCU,6E,IndiGo,6E 2276,2026-10-13,30,business,,,22600.0,False,17:55,ok,2026-09-13T01:28:25.779276+05:30,2026-09-13_0128IST,airline_direct,IndiGo
DEL,CCU,6E,IndiGo,6E 2276,2026-10-13,30,economy,,,14058.0,False,17:55,ok,2026-09-13T01:28:25.779276+05:30,2026-09-13_0128IST,airline_direct,IndiGo
DEL,CCU,6E,IndiGo,6E 6517,2026-10-13,30,business,,,22600.0,False,19:30,ok,2026-09-13T01:28:25.779276+05:30,2026-09-13_0128IST,airline_direct,IndiGo
DEL,CCU,6E,IndiGo,6E 6517,2026-10-13,30,economy,,,14058.0,False,19:30,ok,2026-09-13T01:28:25.779276+05:30,2026-09-13_0128IST,airline_direct,IndiGo
DEL,CCU,6E,IndiGo,6E 6190,2026-10-13,30,economy,,,7578.0,False,07:40,ok,2026-09-13T01:28:25.779276+05:30,2026-09-13_0128IST,airline_direct,IndiGo
DEL,CCU,6E,IndiGo,6E 6190,2026-10-13,30,economy,,,7578.0,False,07:40,ok,2026-09-13T01:28:25.779276+05:30,2026-09-13_0128IST,airline_direct,IndiGo
DEL,CCU,6E,IndiGo,6E 6371,2026-10-13,30,economy,,,8632.0,False,06:20,ok,2026-09-13T01:28:25.779276+05:30,2026-09-13_0128IST,airline_direct,IndiGo
DEL,CCU,6E,IndiGo,6E 6503,2026-10-13,30,economy,,,9168.0,False,13:25,ok,2026-09-13T01:28:25.779276+05:30,2026-09-13_0128IST,airline_direct,IndiGo
DEL,CCU,6E,IndiGo,6E 5119,2026-10-13,30,economy,,,9194.0,False,05:10,ok,2026-09-13T01:28:25.779276+05:30,2026-09-13_0128IST,airline_direct,IndiGo
DEL,CCU,6E,IndiGo,6E 2331,2026-10-13,30,economy,,,9194.0,False,12:20,ok,2026-09-13T01:28:25.779276+05:30,2026-09-13_0128IST,airline_direct,IndiGo
DEL,CCU,6E,IndiGo,6E 6236,2026-10-13,30,economy,,,9520.0,False,16:20,ok,2026-09-13T01:28:25.779276+05:30,2026-09-13_0128IST,airline_direct,IndiGo
DEL,CCU,6E,IndiGo,6E 5033,2026-10-13,30,economy,,,9587.0,False,15:50,ok,2026-09-13T01:28:25.779276+05:30,2026-09-13_0128IST,airline_direct,IndiGo
DEL,CCU,6E,IndiGo,6E 6503,2026-10-13,30,economy,,,9902.0,False,13:25,ok,2026-09-13T01:28:25.779276+05:30,2026-09-13_0128IST,airline_direct,IndiGo
DEL,CCU,6E,IndiGo,6E 5073,2026-10-13,30,economy,,,9928.0,False,17:05,ok,2026-09-13T01:28:25.779276+05:30,2026-09-13_0128IST,airline_direct,IndiGo
DEL,CCU,6E,IndiGo,6E 2453,2026-10-13,30,economy,,,10018.0,False,13:35,ok,2026-09-13T01:28:25.779276+05:30,2026-09-13_0128IST,airline_direct,IndiGo
DEL,CCU,6E,IndiGo,6E 6551,2026-10-13,30,economy,,,10033.0,False,12:00,ok,2026-09-13T01:28:25.779276+05:30,2026-09-13_0128IST,airline_direct,IndiGo
DEL,CCU,6E,IndiGo,6E 6245,2026-10-13,30,economy,,,10412.0,False,06:20,ok,2026-09-13T01:28:25.779276+05:30,2026-09-13_0128IST,airline_direct,IndiGo
DEL,CCU,6E,IndiGo,6E 2769,2026-10-13,30,economy,,,10412.0,False,08:10,ok,2026-09-13T01:28:25.779276+05:30,2026-09-13_0128IST,airline_direct,IndiGo
DEL,CCU,6E,IndiGo,6E 6246,2026-10-13,30,economy,,,10466.0,False,05:25,ok,2026-09-13T01:28:25.779276+05:30,2026-09-13_0128IST,airline_direct,IndiGo
DEL,CCU,6E,IndiGo,6E 6211,2026-10-13,30,economy,,,10708.0,False,09:10,ok,2026-09-13T01:28:25.779276+05:30,2026-09-13_0128IST,airline_direct,IndiGo
DEL,CCU,6E,IndiGo,6E 2361,2026-10-13,30,economy,,,10816.0,False,14:35,ok,2026-09-13T01:28:25.779276+05:30,2026-09-13_0128IST,airline_direct,IndiGo
DEL,CCU,6E,IndiGo,6E 5038,2026-10-13,30,economy,,,11280.0,False,14:00,ok,2026-09-13T01:28:25.779276+05:30,2026-09-13_0128IST,airline_direct,IndiGo
DEL,CCU,6E,IndiGo,6E 6829,2026-10-13,30,economy,,,11411.0,False,17:20,ok,2026-09-13T01:28:25.779276+05:30,2026-09-13_0128IST,airline_direct,IndiGo
DEL,CCU,6E,IndiGo,6E 6459,2026-10-13,30,economy,,,12175.0,False,05:55,ok,2026-09-13T01:28:25.779276+05:30,2026-09-13_0128IST,airline_direct,IndiGo
DEL,CCU,6E,IndiGo,6E 6312,2026-10-13,30,economy,,,12175.0,False,14:25,ok,2026-09-13T01:28:25.779276+05:30,2026-09-13_0128IST,airline_direct,IndiGo
DEL,CCU,6E,IndiGo,6E 6312,2026-10-13,30,economy,,,12175.0,False,14:25,ok,2026-09-13T01:28:25.779276+05:30,2026-09-13_0128IST,airline_direct,IndiGo
DEL,CCU,6E,IndiGo,6E 734,2026-10-13,30,economy,,,12175.0,False,16:20,ok,2026-09-13T01:28:25.779276+05:30,2026-09-13_0128IST,airline_direct,IndiGo
DEL,CCU,6E,IndiGo,6E 2614,2026-10-13,30,economy,,,12182.0,False,14:40,ok,2026-09-13T01:28:25.779276+05:30,2026-09-13_0128IST,airline_direct,IndiGo
DEL,CCU,6E,IndiGo,6E 2614,2026-10-13,30,economy,,,12602.0,False,14:40,ok,2026-09-13T01:28:25.779276+05:30,2026-09-13_0128IST,airline_direct,IndiGo
DEL,CCU,6E,IndiGo,6E 5215,2026-10-13,30,economy,,,13197.0,False,07:40,ok,2026-09-13T01:28:25.779276+05:30,2026-09-13_0128IST,airline_direct,IndiGo
DEL,CCU,6E,IndiGo,6E 2316,2026-10-13,30,economy,,,13197.0,False,17:30,ok,2026-09-13T01:28:25.779276+05:30,2026-09-13_0128IST,airline_direct,IndiGo
DEL,CCU,6E,IndiGo,6E 2259,2026-10-13,30,economy,,,13239.0,False,12:20,ok,2026-09-13T01:28:25.779276+05:30,2026-09-13_0128IST,airline_direct,IndiGo
DEL,CCU,6E,IndiGo,6E 5215,2026-10-13,30,economy,,,13530.0,False,07:40,ok,2026-09-13T01:28:25.779276+05:30,2026-09-13_0128IST,airline_direct,IndiGo
DEL,CCU,6E,IndiGo,6E 5215,2026-10-13,30,economy,,,13895.0,False,07:40,ok,2026-09-13T01:28:25.779276+05:30,2026-09-13_0128IST,airline_direct,IndiGo
DEL,CCU,6E,IndiGo,6E 5036,2026-10-13,30,economy,,,14243.0,False,08:00,ok,2026-09-13T01:28:25.779276+05:30,2026-09-13_0128IST,airline_direct,IndiGo
DEL,CCU,6E,IndiGo,6E 5041,2026-10-13,30,economy,,,14299.0,False,15:10,ok,2026-09-13T01:28:25.779276+05:30,2026-09-13_0128IST,airline_direct,IndiGo
DEL,CCU,6E,IndiGo,6E 6073,2026-10-13,30,economy,,,14523.0,False,05:00,ok,2026-09-13T01:28:25.779276+05:30,2026-09-13_0128IST,airline_direct,IndiGo
DEL,CCU,6E,IndiGo,6E 5041,2026-10-13,30,economy,,,14998.0,False,15:10,ok,2026-09-13T01:28:25.779276+05:30,2026-09-13_0128IST,airline_direct,IndiGo
DEL,CCU,6E,IndiGo,6E 6053,2026-10-13,30,economy,,,16939.0,False,13:05,ok,2026-09-13T01:28:25.779276+05:30,2026-09-13_0128IST,airline_direct,IndiGo
DEL,CCU,6E,IndiGo,6E 203,2026-10-13,30,business,,,35495.0,False,07:10,ok,2026-09-13T01:28:25.779276+05:30,2026-09-13_0128IST,airline_direct,IndiGo
DEL,CCU,6E,IndiGo,6E 203,2026-10-13,30,economy,,,17914.0,False,07:10,ok,2026-09-13T01:28:25.779276+05:30,2026-09-13_0128IST,airline_direct,IndiGo
DEL,CCU,6E,IndiGo,6E 705,2026-10-13,30,business,,,32095.0,False,08:30,ok,2026-09-13T01:28:25.779276+05:30,2026-09-13_0128IST,airline_direct,IndiGo
DEL,CCU,6E,IndiGo,6E 705,2026-10-13,30,economy,,,17914.0,False,08:30,ok,2026-09-13T01:28:25.779276+05:30,2026-09-13_0128IST,airline_direct,IndiGo
DEL,CCU,6E,IndiGo,6E 884,2026-10-13,30,business,,,32095.0,False,11:45,ok,2026-09-13T01:28:25.779276+05:30,2026-09-13_0128IST,airline_direct,IndiGo
DEL,CCU,6E,IndiGo,6E 884,2026-10-13,30,economy,,,17914.0,False,11:45,ok,2026-09-13T01:28:25.779276+05:30,2026-09-13_0128IST,airline_direct,IndiGo
DEL,CCU,6E,IndiGo,6E 6282,2026-10-13,30,business,,,32095.0,False,13:30,ok,2026-09-13T01:28:25.779276+05:30,2026-09-13_0128IST,airline_direct,IndiGo
DEL,CCU,6E,IndiGo,6E 6282,2026-10-13,30,economy,,,17914.0,False,13:30,ok,2026-09-13T01:28:25.779276+05:30,2026-09-13_0128IST,airline_direct,IndiGo
DEL,CCU,6E,IndiGo,6E 6212,2026-10-13,30,business,,,32095.0,False,14:45,ok,2026-09-13T01:28:25.779276+05:30,2026-09-13_0128IST,airline_direct,IndiGo
DEL,CCU,6E,IndiGo,6E 6212,2026-10-13,30,economy,,,17914.0,False,14:45,ok,2026-09-13T01:28:25.779276+05:30,2026-09-13_0128IST,airline_direct,IndiGo
DEL,CCU,6E,IndiGo,6E 704,2026-10-13,30,business,,,31623.0,False,02:25,ok,2026-09-13T01:28:25.779276+05:30,2026-09-13_0128IST,airline_direct,IndiGo
DEL,CCU,6E,IndiGo,6E 704,2026-10-13,30,economy,,,18494.0,False,02:25,ok,2026-09-13T01:28:25.779276+05:30,2026-09-13_0128IST,airline_direct,IndiGo
DEL,CCU,6E,IndiGo,6E 6026,2026-10-13,30,business,,,32095.0,False,05:30,ok,2026-09-13T01:28:25.779276+05:30,2026-09-13_0128IST,airline_direct,IndiGo
DEL,CCU,6E,IndiGo,6E 6026,2026-10-13,30,economy,,,18540.0,False,05:30,ok,2026-09-13T01:28:25.779276+05:30,2026-09-13_0128IST,airline_direct,IndiGo
DEL,CCU,6E,IndiGo,6E 6217,2026-10-13,30,business,,,32095.0,False,16:15,ok,2026-09-13T01:28:25.779276+05:30,2026-09-13_0128IST,airline_direct,IndiGo
DEL,CCU,6E,IndiGo,6E 6217,2026-10-13,30,economy,,,18540.0,False,16:15,ok,2026-09-13T01:28:25.779276+05:30,2026-09-13_0128IST,airline_direct,IndiGo
DEL,CCU,6E,IndiGo,6E 6217,2026-10-13,30,business,,,32095.0,False,16:15,ok,2026-09-13T01:28:25.779276+05:30,2026-09-13_0128IST,airline_direct,IndiGo
DEL,CCU,6E,IndiGo,6E 6217,2026-10-13,30,economy,,,18540.0,False,16:15,ok,2026-09-13T01:28:25.779276+05:30,2026-09-13_0128IST,airline_direct,IndiGo
DEL,CCU,6E,IndiGo,6E 704,2026-10-13,30,business,,,31387.0,False,02:25,ok,2026-09-13T01:28:25.779276+05:30,2026-09-13_0128IST,airline_direct,IndiGo
DEL,CCU,6E,IndiGo,6E 704,2026-10-13,30,economy,,,18599.0,False,02:25,ok,2026-09-13T01:28:25.779276+05:30,2026-09-13_0128IST,airline_direct,IndiGo
DEL,CCU,6E,IndiGo,6E 2296,2026-10-13,30,economy,,,18609.0,False,09:20,ok,2026-09-13T01:28:25.779276+05:30,2026-09-13_0128IST,airline_direct,IndiGo
DEL,CCU,6E,IndiGo,6E 717,2026-10-13,30,business,,,32095.0,False,17:55,ok,2026-09-13T01:28:25.779276+05:30,2026-09-13_0128IST,airline_direct,IndiGo
DEL,CCU,6E,IndiGo,6E 717,2026-10-13,30,economy,,,19229.0,False,17:55,ok,2026-09-13T01:28:25.779276+05:30,2026-09-13_0128IST,airline_direct,IndiGo
DEL,CCU,6E,IndiGo,6E 717,2026-10-13,30,business,,,32095.0,False,17:55,ok,2026-09-13T01:28:25.779276+05:30,2026-09-13_0128IST,airline_direct,IndiGo
DEL,CCU,6E,IndiGo,6E 717,2026-10-13,30,economy,,,19229.0,False,17:55,ok,2026-09-13T01:28:25.779276+05:30,2026-09-13_0128IST,airline_direct,IndiGo
BLR,HYD,6E,IndiGo,6E 6784,2026-10-13,30,economy,,,6772.0,False,21:25,ok,2026-09-13T01:29:26.437622+05:30,2026-09-13_0129IST,airline_direct,IndiGo
BLR,HYD,6E,IndiGo,6E 312,2026-10-13,30,economy,,,8010.0,False,09:15,ok,2026-09-13T01:29:26.437622+05:30,2026-09-13_0129IST,airline_direct,IndiGo
BLR,HYD,6E,IndiGo,6E 6067,2026-10-13,30,economy,,,9518.0,False,16:30,ok,2026-09-13T01:29:26.437622+05:30,2026-09-13_0129IST,airline_direct,IndiGo
BLR,HYD,6E,IndiGo,6E 638,2026-10-13,30,economy,,,9518.0,False,18:35,ok,2026-09-13T01:29:26.437622+05:30,2026-09-13_0129IST,airline_direct,IndiGo
BLR,HYD,6E,IndiGo,6E 484,2026-10-13,30,economy,,,10390.0,False,08:15,ok,2026-09-13T01:29:26.437622+05:30,2026-09-13_0129IST,airline_direct,IndiGo
BLR,HYD,6E,IndiGo,6E 537,2026-10-13,30,economy,,,10390.0,False,10:15,ok,2026-09-13T01:29:26.437622+05:30,2026-09-13_0129IST,airline_direct,IndiGo
BLR,HYD,6E,IndiGo,6E 6404,2026-10-13,30,economy,,,12416.0,False,11:35,ok,2026-09-13T01:29:26.437622+05:30,2026-09-13_0129IST,airline_direct,IndiGo
BLR,HYD,6E,IndiGo,6E 855,2026-10-13,30,economy,,,14882.0,False,19:45,ok,2026-09-13T01:29:26.437622+05:30,2026-09-13_0129IST,airline_direct,IndiGo
BLR,HYD,6E,IndiGo,6E 6178,2026-10-13,30,economy,,,17886.0,False,06:10,ok,2026-09-13T01:29:26.437622+05:30,2026-09-13_0129IST,airline_direct,IndiGo
BLR,HYD,6E,IndiGo,6E 7204,2026-10-13,30,economy,,,4548.0,False,06:50,ok,2026-09-13T01:29:26.437622+05:30,2026-09-13_0129IST,airline_direct,IndiGo
BLR,HYD,6E,IndiGo,6E 763,2026-10-13,30,economy,,,4548.0,False,07:10,ok,2026-09-13T01:29:26.437622+05:30,2026-09-13_0129IST,airline_direct,IndiGo
BLR,HYD,6E,IndiGo,6E 7005,2026-10-13,30,economy,,,4548.0,False,08:05,ok,2026-09-13T01:29:26.437622+05:30,2026-09-13_0129IST,airline_direct,IndiGo
BLR,HYD,6E,IndiGo,6E 6653,2026-10-13,30,economy,,,4548.0,False,12:35,ok,2026-09-13T01:29:26.437622+05:30,2026-09-13_0129IST,airline_direct,IndiGo
BLR,HYD,6E,IndiGo,6E 6542,2026-10-13,30,economy,,,4548.0,False,13:10,ok,2026-09-13T01:29:26.437622+05:30,2026-09-13_0129IST,airline_direct,IndiGo
BLR,HYD,6E,IndiGo,6E 602,2026-10-13,30,economy,,,4548.0,False,14:40,ok,2026-09-13T01:29:26.437622+05:30,2026-09-13_0129IST,airline_direct,IndiGo
BLR,HYD,6E,IndiGo,6E 6753,2026-10-13,30,economy,,,4548.0,False,15:15,ok,2026-09-13T01:29:26.437622+05:30,2026-09-13_0129IST,airline_direct,IndiGo
BLR,HYD,6E,IndiGo,6E 6753,2026-10-13,30,economy,,,4548.0,False,15:15,ok,2026-09-13T01:29:26.437622+05:30,2026-09-13_0129IST,airline_direct,IndiGo
BLR,HYD,6E,IndiGo,6E 7223,2026-10-13,30,economy,,,4548.0,False,15:30,ok,2026-09-13T01:29:26.437622+05:30,2026-09-13_0129IST,airline_direct,IndiGo
BLR,HYD,6E,IndiGo,6E 6168,2026-10-13,30,economy,,,4548.0,False,17:20,ok,2026-09-13T01:29:26.437622+05:30,2026-09-13_0129IST,airline_direct,IndiGo
BLR,HYD,6E,IndiGo,6E 6168,2026-10-13,30,economy,,,4548.0,False,17:20,ok,2026-09-13T01:29:26.437622+05:30,2026-09-13_0129IST,airline_direct,IndiGo
BLR,HYD,6E,IndiGo,6E 105,2026-10-13,30,economy,,,4548.0,False,18:50,ok,2026-09-13T01:29:26.437622+05:30,2026-09-13_0129IST,airline_direct,IndiGo
BLR,HYD,6E,IndiGo,6E 105,2026-10-13,30,economy,,,4548.0,False,18:50,ok,2026-09-13T01:29:26.437622+05:30,2026-09-13_0129IST,airline_direct,IndiGo
BLR,HYD,6E,IndiGo,6E 6554,2026-10-13,30,economy,,,4548.0,False,19:15,ok,2026-09-13T01:29:26.437622+05:30,2026-09-13_0129IST,airline_direct,IndiGo
BLR,HYD,6E,IndiGo,6E 857,2026-10-13,30,economy,,,4830.0,False,07:05,ok,2026-09-13T01:29:26.437622+05:30,2026-09-13_0129IST,airline_direct,IndiGo
BLR,HYD,6E,IndiGo,6E 857,2026-10-13,30,economy,,,4830.0,False,07:05,ok,2026-09-13T01:29:26.437622+05:30,2026-09-13_0129IST,airline_direct,IndiGo
BLR,HYD,6E,IndiGo,6E 763,2026-10-13,30,economy,,,4830.0,False,07:10,ok,2026-09-13T01:29:26.437622+05:30,2026-09-13_0129IST,airline_direct,IndiGo
BLR,HYD,6E,IndiGo,6E 6336,2026-10-13,30,economy,,,4961.0,False,12:25,ok,2026-09-13T01:29:26.437622+05:30,2026-09-13_0129IST,airline_direct,IndiGo
BLR,HYD,6E,IndiGo,6E 356,2026-10-13,30,economy,,,5138.0,False,17:15,ok,2026-09-13T01:29:26.437622+05:30,2026-09-13_0129IST,airline_direct,IndiGo
BLR,HYD,6E,IndiGo,6E 356,2026-10-13,30,economy,,,5138.0,False,17:15,ok,2026-09-13T01:29:26.437622+05:30,2026-09-13_0129IST,airline_direct,IndiGo
BLR,HYD,6E,IndiGo,6E 6336,2026-10-13,30,economy,,,5269.0,False,12:25,ok,2026-09-13T01:29:26.437622+05:30,2026-09-13_0129IST,airline_direct,IndiGo
BLR,HYD,6E,IndiGo,6E 6653,2026-10-13,30,economy,,,5478.0,False,12:35,ok,2026-09-13T01:29:26.437622+05:30,2026-09-13_0129IST,airline_direct,IndiGo
BLR,HYD,6E,IndiGo,6E 6017,2026-10-13,30,economy,,,5478.0,False,18:15,ok,2026-09-13T01:29:26.437622+05:30,2026-09-13_0129IST,airline_direct,IndiGo
BLR,HYD,6E,IndiGo,6E 116,2026-10-13,30,economy,,,5478.0,False,23:05,ok,2026-09-13T01:29:26.437622+05:30,2026-09-13_0129IST,airline_direct,IndiGo
BLR,HYD,6E,IndiGo,6E 6583,2026-10-13,30,economy,,,5610.0,False,10:40,ok,2026-09-13T01:29:26.437622+05:30,2026-09-13_0129IST,airline_direct,IndiGo
BLR,HYD,6E,IndiGo,6E 6583,2026-10-13,30,economy,,,5610.0,False,10:40,ok,2026-09-13T01:29:26.437622+05:30,2026-09-13_0129IST,airline_direct,IndiGo
BLR,HYD,6E,IndiGo,6E 6269,2026-10-13,30,economy,,,5852.0,False,07:15,ok,2026-09-13T01:29:26.437622+05:30,2026-09-13_0129IST,airline_direct,IndiGo
BLR,HYD,6E,IndiGo,6E 6269,2026-10-13,30,economy,,,5852.0,False,07:15,ok,2026-09-13T01:29:26.437622+05:30,2026-09-13_0129IST,airline_direct,IndiGo
BLR,HYD,6E,IndiGo,6E 6104,2026-10-13,30,economy,,,5852.0,False,11:40,ok,2026-09-13T01:29:26.437622+05:30,2026-09-13_0129IST,airline_direct,IndiGo
BLR,HYD,6E,IndiGo,6E 528,2026-10-13,30,economy,,,5852.0,False,21:40,ok,2026-09-13T01:29:26.437622+05:30,2026-09-13_0129IST,airline_direct,IndiGo
BLR,HYD,6E,IndiGo,6E 763,2026-10-13,30,economy,,,6263.0,False,07:10,ok,2026-09-13T01:29:26.437622+05:30,2026-09-13_0129IST,airline_direct,IndiGo
BLR,HYD,6E,IndiGo,6E 7005,2026-10-13,30,economy,,,6263.0,False,08:05,ok,2026-09-13T01:29:26.437622+05:30,2026-09-13_0129IST,airline_direct,IndiGo
BLR,HYD,6E,IndiGo,6E 6653,2026-10-13,30,economy,,,6263.0,False,12:35,ok,2026-09-13T01:29:26.437622+05:30,2026-09-13_0129IST,airline_direct,IndiGo
BLR,HYD,6E,IndiGo,6E 441,2026-10-13,30,economy,,,6263.0,False,20:40,ok,2026-09-13T01:29:26.437622+05:30,2026-09-13_0129IST,airline_direct,IndiGo
BLR,HYD,6E,IndiGo,6E 116,2026-10-13,30,economy,,,6263.0,False,23:05,ok,2026-09-13T01:29:26.437622+05:30,2026-09-13_0129IST,airline_direct,IndiGo
BLR,HYD,6E,IndiGo,6E 6563,2026-10-13,30,economy,,,6714.0,False,01:05,ok,2026-09-13T01:29:26.437622+05:30,2026-09-13_0129IST,airline_direct,IndiGo
BLR,HYD,6E,IndiGo,6E 6876,2026-10-13,30,economy,,,6714.0,False,02:40,ok,2026-09-13T01:29:26.437622+05:30,2026-09-13_0129IST,airline_direct,IndiGo
BLR,HYD,6E,IndiGo,6E 182,2026-10-13,30,economy,,,6714.0,False,15:00,ok,2026-09-13T01:29:26.437622+05:30,2026-09-13_0129IST,airline_direct,IndiGo
BLR,HYD,6E,IndiGo,6E 182,2026-10-13,30,economy,,,6714.0,False,15:00,ok,2026-09-13T01:29:26.437622+05:30,2026-09-13_0129IST,airline_direct,IndiGo
BLR,HYD,6E,IndiGo,6E 182,2026-10-13,30,economy,,,6714.0,False,15:00,ok,2026-09-13T01:29:26.437622+05:30,2026-09-13_0129IST,airline_direct,IndiGo
BLR,HYD,6E,IndiGo,6E 109,2026-10-13,30,economy,,,6714.0,False,17:00,ok,2026-09-13T01:29:26.437622+05:30,2026-09-13_0129IST,airline_direct,IndiGo
BLR,HYD,6E,IndiGo,6E 6162,2026-10-13,30,economy,,,6714.0,False,18:50,ok,2026-09-13T01:29:26.437622+05:30,2026-09-13_0129IST,airline_direct,IndiGo
BLR,HYD,6E,IndiGo,6E 6445,2026-10-13,30,economy,,,7211.0,False,10:25,ok,2026-09-13T01:29:26.437622+05:30,2026-09-13_0129IST,airline_direct,IndiGo
BLR,HYD,6E,IndiGo,6E 6208,2026-10-13,30,economy,,,7211.0,False,12:50,ok,2026-09-13T01:29:26.437622+05:30,2026-09-13_0129IST,airline_direct,IndiGo
BLR,HYD,6E,IndiGo,6E 6208,2026-10-13,30,economy,,,7211.0,False,12:50,ok,2026-09-13T01:29:26.437622+05:30,2026-09-13_0129IST,airline_direct,IndiGo
BLR,HYD,6E,IndiGo,6E 6208,2026-10-13,30,economy,,,7756.0,False,12:50,ok,2026-09-13T01:29:26.437622+05:30,2026-09-13_0129IST,airline_direct,IndiGo
BLR,HYD,6E,IndiGo,6E 7285,2026-10-13,30,economy,,,8780.0,False,06:50,ok,2026-09-13T01:29:26.437622+05:30,2026-09-13_0129IST,airline_direct,IndiGo
BLR,HYD,6E,IndiGo,6E 904,2026-10-13,30,economy,,,9015.0,False,10:50,ok,2026-09-13T01:29:26.437622+05:30,2026-09-13_0129IST,airline_direct,IndiGo
BLR,HYD,6E,IndiGo,6E 7227,2026-10-13,30,economy,,,9608.0,False,06:25,ok,2026-09-13T01:29:26.437622+05:30,2026-09-13_0129IST,airline_direct,IndiGo
BLR,HYD,6E,IndiGo,6E 7176,2026-10-13,30,economy,,,5152.0,False,10:10,ok,2026-09-13T01:29:26.437622+05:30,2026-09-13_0129IST,airline_direct,IndiGo
MAA,DEL,6E,IndiGo,6E 953,2026-10-13,30,business,,,24700.0,False,02:45,ok,2026-09-13T01:30:24.406506+05:30,2026-09-13_0130IST,airline_direct,IndiGo
MAA,DEL,6E,IndiGo,6E 953,2026-10-13,30,economy,,,9830.0,False,02:45,ok,2026-09-13T01:30:24.406506+05:30,2026-09-13_0130IST,airline_direct,IndiGo
MAA,DEL,6E,IndiGo,6E 937,2026-10-13,30,business,,,24700.0,False,06:30,ok,2026-09-13T01:30:24.406506+05:30,2026-09-13_0130IST,airline_direct,IndiGo
MAA,DEL,6E,IndiGo,6E 937,2026-10-13,30,economy,,,9830.0,False,06:30,ok,2026-09-13T01:30:24.406506+05:30,2026-09-13_0130IST,airline_direct,IndiGo
MAA,DEL,6E,IndiGo,6E 404,2026-10-13,30,business,,,24700.0,False,09:15,ok,2026-09-13T01:30:24.406506+05:30,2026-09-13_0130IST,airline_direct,IndiGo
MAA,DEL,6E,IndiGo,6E 404,2026-10-13,30,economy,,,9830.0,False,09:15,ok,2026-09-13T01:30:24.406506+05:30,2026-09-13_0130IST,airline_direct,IndiGo
MAA,DEL,6E,IndiGo,6E 6002,2026-10-13,30,business,,,24700.0,False,11:10,ok,2026-09-13T01:30:24.406506+05:30,2026-09-13_0130IST,airline_direct,IndiGo
MAA,DEL,6E,IndiGo,6E 6002,2026-10-13,30,economy,,,9830.0,False,11:10,ok,2026-09-13T01:30:24.406506+05:30,2026-09-13_0130IST,airline_direct,IndiGo
MAA,DEL,6E,IndiGo,6E 939,2026-10-13,30,business,,,24700.0,False,13:00,ok,2026-09-13T01:30:24.406506+05:30,2026-09-13_0130IST,airline_direct,IndiGo
MAA,DEL,6E,IndiGo,6E 939,2026-10-13,30,economy,,,9830.0,False,13:00,ok,2026-09-13T01:30:24.406506+05:30,2026-09-13_0130IST,airline_direct,IndiGo
MAA,DEL,6E,IndiGo,6E 948,2026-10-13,30,business,,,24700.0,False,14:30,ok,2026-09-13T01:30:24.406506+05:30,2026-09-13_0130IST,airline_direct,IndiGo
MAA,DEL,6E,IndiGo,6E 948,2026-10-13,30,economy,,,9830.0,False,14:30,ok,2026-09-13T01:30:24.406506+05:30,2026-09-13_0130IST,airline_direct,IndiGo
MAA,DEL,6E,IndiGo,6E 698,2026-10-13,30,business,,,24700.0,False,16:45,ok,2026-09-13T01:30:24.406506+05:30,2026-09-13_0130IST,airline_direct,IndiGo
MAA,DEL,6E,IndiGo,6E 698,2026-10-13,30,economy,,,9830.0,False,16:45,ok,2026-09-13T01:30:24.406506+05:30,2026-09-13_0130IST,airline_direct,IndiGo
MAA,DEL,6E,IndiGo,6E 613,2026-10-13,30,business,,,24700.0,False,19:00,ok,2026-09-13T01:30:24.406506+05:30,2026-09-13_0130IST,airline_direct,IndiGo
MAA,DEL,6E,IndiGo,6E 613,2026-10-13,30,economy,,,9830.0,False,19:00,ok,2026-09-13T01:30:24.406506+05:30,2026-09-13_0130IST,airline_direct,IndiGo
MAA,DEL,6E,IndiGo,6E 951,2026-10-13,30,business,,,24700.0,False,21:50,ok,2026-09-13T01:30:24.406506+05:30,2026-09-13_0130IST,airline_direct,IndiGo
MAA,DEL,6E,IndiGo,6E 951,2026-10-13,30,economy,,,9830.0,False,21:50,ok,2026-09-13T01:30:24.406506+05:30,2026-09-13_0130IST,airline_direct,IndiGo
MAA,DEL,6E,IndiGo,6E 2369,2026-10-13,30,business,,,24700.0,False,23:45,ok,2026-09-13T01:30:24.406506+05:30,2026-09-13_0130IST,airline_direct,IndiGo
MAA,DEL,6E,IndiGo,6E 2369,2026-10-13,30,economy,,,9830.0,False,23:45,ok,2026-09-13T01:30:24.406506+05:30,2026-09-13_0130IST,airline_direct,IndiGo
MAA,DEL,6E,IndiGo,6E 6797,2026-10-13,30,economy,,,8720.0,False,13:10,ok,2026-09-13T01:30:24.406506+05:30,2026-09-13_0130IST,airline_direct,IndiGo
MAA,DEL,6E,IndiGo,6E 253,2026-10-13,30,business,,,28061.0,False,03:10,ok,2026-09-13T01:30:24.406506+05:30,2026-09-13_0130IST,airline_direct,IndiGo
MAA,DEL,6E,IndiGo,6E 253,2026-10-13,30,economy,,,8930.0,False,03:10,ok,2026-09-13T01:30:24.406506+05:30,2026-09-13_0130IST,airline_direct,IndiGo
MAA,DEL,6E,IndiGo,6E 244,2026-10-13,30,economy,,,8930.0,False,03:55,ok,2026-09-13T01:30:24.406506+05:30,2026-09-13_0130IST,airline_direct,IndiGo
MAA,DEL,6E,IndiGo,6E 607,2026-10-13,30,business,,,28061.0,False,05:40,ok,2026-09-13T01:30:24.406506+05:30,2026-09-13_0130IST,airline_direct,IndiGo
MAA,DEL,6E,IndiGo,6E 607,2026-10-13,30,economy,,,8930.0,False,05:40,ok,2026-09-13T01:30:24.406506+05:30,2026-09-13_0130IST,airline_direct,IndiGo
MAA,DEL,6E,IndiGo,6E 495,2026-10-13,30,economy,,,8930.0,False,07:10,ok,2026-09-13T01:30:24.406506+05:30,2026-09-13_0130IST,airline_direct,IndiGo
MAA,DEL,6E,IndiGo,6E 401,2026-10-13,30,economy,,,8930.0,False,08:10,ok,2026-09-13T01:30:24.406506+05:30,2026-09-13_0130IST,airline_direct,IndiGo
MAA,DEL,6E,IndiGo,6E 834,2026-10-13,30,economy,,,8930.0,False,09:05,ok,2026-09-13T01:30:24.406506+05:30,2026-09-13_0130IST,airline_direct,IndiGo
MAA,DEL,6E,IndiGo,6E 834,2026-10-13,30,economy,,,8930.0,False,09:05,ok,2026-09-13T01:30:24.406506+05:30,2026-09-13_0130IST,airline_direct,IndiGo
MAA,DEL,6E,IndiGo,6E 991,2026-10-13,30,economy,,,8930.0,False,09:30,ok,2026-09-13T01:30:24.406506+05:30,2026-09-13_0130IST,airline_direct,IndiGo
MAA,DEL,6E,IndiGo,6E 372,2026-10-13,30,economy,,,8930.0,False,09:55,ok,2026-09-13T01:30:24.406506+05:30,2026-09-13_0130IST,airline_direct,IndiGo
MAA,DEL,6E,IndiGo,6E 6079,2026-10-13,30,economy,,,8930.0,False,10:15,ok,2026-09-13T01:30:24.406506+05:30,2026-09-13_0130IST,airline_direct,IndiGo
MAA,DEL,6E,IndiGo,6E 6079,2026-10-13,30,economy,,,8930.0,False,10:15,ok,2026-09-13T01:30:24.406506+05:30,2026-09-13_0130IST,airline_direct,IndiGo
MAA,DEL,6E,IndiGo,6E 502,2026-10-13,30,business,,,28533.0,False,11:10,ok,2026-09-13T01:30:24.406506+05:30,2026-09-13_0130IST,airline_direct,IndiGo
MAA,DEL,6E,IndiGo,6E 502,2026-10-13,30,economy,,,8930.0,False,11:10,ok,2026-09-13T01:30:24.406506+05:30,2026-09-13_0130IST,airline_direct,IndiGo
MAA,DEL,6E,IndiGo,6E 539,2026-10-13,30,economy,,,8930.0,False,11:25,ok,2026-09-13T01:30:24.406506+05:30,2026-09-13_0130IST,airline_direct,IndiGo
MAA,DEL,6E,IndiGo,6E 973,2026-10-13,30,business,,,36481.0,False,11:55,ok,2026-09-13T01:30:24.406506+05:30,2026-09-13_0130IST,airline_direct,IndiGo
MAA,DEL,6E,IndiGo,6E 973,2026-10-13,30,economy,,,8930.0,False,11:55,ok,2026-09-13T01:30:24.406506+05:30,2026-09-13_0130IST,airline_direct,IndiGo
MAA,DEL,6E,IndiGo,6E 6925,2026-10-13,30,economy,,,8930.0,False,12:00,ok,2026-09-13T01:30:24.406506+05:30,2026-09-13_0130IST,airline_direct,IndiGo
MAA,DEL,6E,IndiGo,6E 725,2026-10-13,30,economy,,,8930.0,False,13:25,ok,2026-09-13T01:30:24.406506+05:30,2026-09-13_0130IST,airline_direct,IndiGo
MAA,DEL,6E,IndiGo,6E 848,2026-10-13,30,economy,,,8930.0,False,17:50,ok,2026-09-13T01:30:24.406506+05:30,2026-09-13_0130IST,airline_direct,IndiGo
MAA,DEL,6E,IndiGo,6E 562,2026-10-13,30,economy,,,8930.0,False,18:20,ok,2026-09-13T01:30:24.406506+05:30,2026-09-13_0130IST,airline_direct,IndiGo
MAA,DEL,6E,IndiGo,6E 193,2026-10-13,30,economy,,,8930.0,False,20:00,ok,2026-09-13T01:30:24.406506+05:30,2026-09-13_0130IST,airline_direct,IndiGo
MAA,DEL,6E,IndiGo,6E 6487,2026-10-13,30,economy,,,8930.0,False,21:25,ok,2026-09-13T01:30:24.406506+05:30,2026-09-13_0130IST,airline_direct,IndiGo
MAA,DEL,6E,IndiGo,6E 561,2026-10-13,30,business,,,29241.0,False,22:20,ok,2026-09-13T01:30:24.406506+05:30,2026-09-13_0130IST,airline_direct,IndiGo
MAA,DEL,6E,IndiGo,6E 561,2026-10-13,30,economy,,,8930.0,False,22:20,ok,2026-09-13T01:30:24.406506+05:30,2026-09-13_0130IST,airline_direct,IndiGo
MAA,DEL,6E,IndiGo,6E 6081,2026-10-13,30,economy,,,9009.0,False,07:05,ok,2026-09-13T01:30:24.406506+05:30,2026-09-13_0130IST,airline_direct,IndiGo
MAA,DEL,6E,IndiGo,6E 6081,2026-10-13,30,economy,,,9009.0,False,07:05,ok,2026-09-13T01:30:24.406506+05:30,2026-09-13_0130IST,airline_direct,IndiGo
MAA,DEL,6E,IndiGo,6E 6815,2026-10-13,30,economy,,,9009.0,False,08:55,ok,2026-09-13T01:30:24.406506+05:30,2026-09-13_0130IST,airline_direct,IndiGo
MAA,DEL,6E,IndiGo,6E 6892,2026-10-13,30,economy,,,9009.0,False,10:55,ok,2026-09-13T01:30:24.406506+05:30,2026-09-13_0130IST,airline_direct,IndiGo
MAA,DEL,6E,IndiGo,6E 6892,2026-10-13,30,economy,,,9009.0,False,10:55,ok,2026-09-13T01:30:24.406506+05:30,2026-09-13_0130IST,airline_direct,IndiGo
MAA,DEL,6E,IndiGo,6E 6209,2026-10-13,30,economy,,,9009.0,False,14:35,ok,2026-09-13T01:30:24.406506+05:30,2026-09-13_0130IST,airline_direct,IndiGo
MAA,DEL,6E,IndiGo,6E 6209,2026-10-13,30,economy,,,9009.0,False,14:35,ok,2026-09-13T01:30:24.406506+05:30,2026-09-13_0130IST,airline_direct,IndiGo
MAA,DEL,6E,IndiGo,6E 847,2026-10-13,30,economy,,,9009.0,False,16:15,ok,2026-09-13T01:30:24.406506+05:30,2026-09-13_0130IST,airline_direct,IndiGo
MAA,DEL,6E,IndiGo,6E 365,2026-10-13,30,economy,,,9009.0,False,17:45,ok,2026-09-13T01:30:24.406506+05:30,2026-09-13_0130IST,airline_direct,IndiGo
MAA,DEL,6E,IndiGo,6E 189,2026-10-13,30,economy,,,9009.0,False,19:05,ok,2026-09-13T01:30:24.406506+05:30,2026-09-13_0130IST,airline_direct,IndiGo
MAA,DEL,6E,IndiGo,6E 6812,2026-10-13,30,economy,,,9009.0,False,20:00,ok,2026-09-13T01:30:24.406506+05:30,2026-09-13_0130IST,airline_direct,IndiGo
MAA,DEL,6E,IndiGo,6E 796,2026-10-13,30,economy,,,9009.0,False,22:00,ok,2026-09-13T01:30:24.406506+05:30,2026-09-13_0130IST,airline_direct,IndiGo
MAA,DEL,6E,IndiGo,6E 6140,2026-10-13,30,business,,,29944.0,False,02:30,ok,2026-09-13T01:30:24.406506+05:30,2026-09-13_0130IST,airline_direct,IndiGo
MAA,DEL,6E,IndiGo,6E 6140,2026-10-13,30,economy,,,9140.0,False,02:30,ok,2026-09-13T01:30:24.406506+05:30,2026-09-13_0130IST,airline_direct,IndiGo
MAA,DEL,6E,IndiGo,6E 5093,2026-10-13,30,business,,,35375.0,False,05:00,ok,2026-09-13T01:30:24.406506+05:30,2026-09-13_0130IST,airline_direct,IndiGo
MAA,DEL,6E,IndiGo,6E 5093,2026-10-13,30,economy,,,9140.0,False,05:00,ok,2026-09-13T01:30:24.406506+05:30,2026-09-13_0130IST,airline_direct,IndiGo
MAA,DEL,6E,IndiGo,6E 6348,2026-10-13,30,business,,,35375.0,False,09:00,ok,2026-09-13T01:30:24.406506+05:30,2026-09-13_0130IST,airline_direct,IndiGo
MAA,DEL,6E,IndiGo,6E 6348,2026-10-13,30,economy,,,9140.0,False,09:00,ok,2026-09-13T01:30:24.406506+05:30,2026-09-13_0130IST,airline_direct,IndiGo
MAA,DEL,6E,IndiGo,6E 6348,2026-10-13,30,business,,,35375.0,False,09:00,ok,2026-09-13T01:30:24.406506+05:30,2026-09-13_0130IST,airline_direct,IndiGo
MAA,DEL,6E,IndiGo,6E 6348,2026-10-13,30,economy,,,9140.0,False,09:00,ok,2026-09-13T01:30:24.406506+05:30,2026-09-13_0130IST,airline_direct,IndiGo
MAA,DEL,6E,IndiGo,6E 5214,2026-10-13,30,business,,,35375.0,False,11:00,ok,2026-09-13T01:30:24.406506+05:30,2026-09-13_0130IST,airline_direct,IndiGo
MAA,DEL,6E,IndiGo,6E 5214,2026-10-13,30,economy,,,9140.0,False,11:00,ok,2026-09-13T01:30:24.406506+05:30,2026-09-13_0130IST,airline_direct,IndiGo
MAA,DEL,6E,IndiGo,6E 5258,2026-10-13,30,business,,,35375.0,False,12:45,ok,2026-09-13T01:30:24.406506+05:30,2026-09-13_0130IST,airline_direct,IndiGo
MAA,DEL,6E,IndiGo,6E 5258,2026-10-13,30,economy,,,9140.0,False,12:45,ok,2026-09-13T01:30:24.406506+05:30,2026-09-13_0130IST,airline_direct,IndiGo
MAA,DEL,6E,IndiGo,6E 5371,2026-10-13,30,business,,,35375.0,False,14:45,ok,2026-09-13T01:30:24.406506+05:30,2026-09-13_0130IST,airline_direct,IndiGo
MAA,DEL,6E,IndiGo,6E 5371,2026-10-13,30,economy,,,9140.0,False,14:45,ok,2026-09-13T01:30:24.406506+05:30,2026-09-13_0130IST,airline_direct,IndiGo
MAA,DEL,6E,IndiGo,6E 588,2026-10-13,30,business,,,36717.0,False,17:40,ok,2026-09-13T01:30:24.406506+05:30,2026-09-13_0130IST,airline_direct,IndiGo
MAA,DEL,6E,IndiGo,6E 588,2026-10-13,30,economy,,,9140.0,False,17:40,ok,2026-09-13T01:30:24.406506+05:30,2026-09-13_0130IST,airline_direct,IndiGo
MAA,DEL,6E,IndiGo,6E 5367,2026-10-13,30,business,,,35375.0,False,18:15,ok,2026-09-13T01:30:24.406506+05:30,2026-09-13_0130IST,airline_direct,IndiGo
MAA,DEL,6E,IndiGo,6E 5367,2026-10-13,30,economy,,,9140.0,False,18:15,ok,2026-09-13T01:30:24.406506+05:30,2026-09-13_0130IST,airline_direct,IndiGo
MAA,DEL,6E,IndiGo,6E 597,2026-10-13,30,economy,,,9986.0,False,17:45,ok,2026-09-13T01:30:24.406506+05:30,2026-09-13_0130IST,airline_direct,IndiGo
MAA,DEL,6E,IndiGo,6E 6158,2026-10-13,30,economy,,,10376.0,False,16:10,ok,2026-09-13T01:30:24.406506+05:30,2026-09-13_0130IST,airline_direct,IndiGo
MAA,DEL,6E,IndiGo,6E 6113,2026-10-13,30,economy,,,12333.0,False,17:00,ok,2026-09-13T01:30:24.406506+05:30,2026-09-13_0130IST,airline_direct,IndiGo
MAA,DEL,6E,IndiGo,6E 321,2026-10-13,30,business,,,35170.0,False,08:20,ok,2026-09-13T01:30:24.406506+05:30,2026-09-13_0130IST,airline_direct,IndiGo
MAA,DEL,6E,IndiGo,6E 321,2026-10-13,30,economy,,,19925.0,False,08:20,ok,2026-09-13T01:30:24.406506+05:30,2026-09-13_0130IST,airline_direct,IndiGo
MAA,DEL,6E,IndiGo,6E 986,2026-10-13,30,business,,,36232.0,False,15:05,ok,2026-09-13T01:30:24.406506+05:30,2026-09-13_0130IST,airline_direct,IndiGo
MAA,DEL,6E,IndiGo,6E 986,2026-10-13,30,economy,,,20218.0,False,15:05,ok,2026-09-13T01:30:24.406506+05:30,2026-09-13_0130IST,airline_direct,IndiGo
MAA,DEL,6E,IndiGo,6E 264,2026-10-13,30,business,,,36232.0,False,23:20,ok,2026-09-13T01:30:24.406506+05:30,2026-09-13_0130IST,airline_direct,IndiGo
MAA,DEL,6E,IndiGo,6E 264,2026-10-13,30,economy,,,23911.0,False,23:20,ok,2026-09-13T01:30:24.406506+05:30,2026-09-13_0130IST,airline_direct,IndiGo
DEL,BOM,6E,IndiGo,6E 6107,2026-09-28,15,business,,,21900.0,False,09:30,ok,2026-09-13T01:31:30.937829+05:30,2026-09-13_0131IST,airline_direct,IndiGo
DEL,BOM,6E,IndiGo,6E 6107,2026-09-28,15,economy,,,6305.0,False,09:30,ok,2026-09-13T01:31:30.937829+05:30,2026-09-13_0131IST,airline_direct,IndiGo
DEL,BOM,6E,IndiGo,6E 6328,2026-09-28,15,business,,,21900.0,False,10:15,ok,2026-09-13T01:31:30.937829+05:30,2026-09-13_0131IST,airline_direct,IndiGo
DEL,BOM,6E,IndiGo,6E 6328,2026-09-28,15,economy,,,6305.0,False,10:15,ok,2026-09-13T01:31:30.937829+05:30,2026-09-13_0131IST,airline_direct,IndiGo
DEL,BOM,6E,IndiGo,6E 6047,2026-09-28,15,business,,,21900.0,False,11:00,ok,2026-09-13T01:31:30.937829+05:30,2026-09-13_0131IST,airline_direct,IndiGo
DEL,BOM,6E,IndiGo,6E 6047,2026-09-28,15,economy,,,6305.0,False,11:00,ok,2026-09-13T01:31:30.937829+05:30,2026-09-13_0131IST,airline_direct,IndiGo
DEL,BOM,6E,IndiGo,6E 6022,2026-09-28,15,business,,,21900.0,False,14:00,ok,2026-09-13T01:31:30.937829+05:30,2026-09-13_0131IST,airline_direct,IndiGo
DEL,BOM,6E,IndiGo,6E 6022,2026-09-28,15,economy,,,6305.0,False,14:00,ok,2026-09-13T01:31:30.937829+05:30,2026-09-13_0131IST,airline_direct,IndiGo
DEL,BOM,6E,IndiGo,6E 6318,2026-09-28,15,business,,,21900.0,False,14:45,ok,2026-09-13T01:31:30.937829+05:30,2026-09-13_0131IST,airline_direct,IndiGo
DEL,BOM,6E,IndiGo,6E 6318,2026-09-28,15,economy,,,6305.0,False,14:45,ok,2026-09-13T01:31:30.937829+05:30,2026-09-13_0131IST,airline_direct,IndiGo
DEL,BOM,6E,IndiGo,6E 864,2026-09-28,15,business,,,21900.0,False,15:30,ok,2026-09-13T01:31:30.937829+05:30,2026-09-13_0131IST,airline_direct,IndiGo
DEL,BOM,6E,IndiGo,6E 864,2026-09-28,15,economy,,,6305.0,False,15:30,ok,2026-09-13T01:31:30.937829+05:30,2026-09-13_0131IST,airline_direct,IndiGo
DEL,BOM,6E,IndiGo,6E 327,2026-09-28,15,business,,,21900.0,False,16:15,ok,2026-09-13T01:31:30.937829+05:30,2026-09-13_0131IST,airline_direct,IndiGo
DEL,BOM,6E,IndiGo,6E 327,2026-09-28,15,economy,,,6305.0,False,16:15,ok,2026-09-13T01:31:30.937829+05:30,2026-09-13_0131IST,airline_direct,IndiGo
DEL,BOM,6E,IndiGo,6E 6706,2026-09-28,15,business,,,21900.0,False,17:00,ok,2026-09-13T01:31:30.937829+05:30,2026-09-13_0131IST,airline_direct,IndiGo
DEL,BOM,6E,IndiGo,6E 6706,2026-09-28,15,economy,,,6305.0,False,17:00,ok,2026-09-13T01:31:30.937829+05:30,2026-09-13_0131IST,airline_direct,IndiGo
DEL,BOM,6E,IndiGo,6E 329,2026-09-28,15,business,,,21900.0,False,18:00,ok,2026-09-13T01:31:30.937829+05:30,2026-09-13_0131IST,airline_direct,IndiGo
DEL,BOM,6E,IndiGo,6E 329,2026-09-28,15,economy,,,6305.0,False,18:00,ok,2026-09-13T01:31:30.937829+05:30,2026-09-13_0131IST,airline_direct,IndiGo
DEL,BOM,6E,IndiGo,6E 354,2026-09-28,15,business,,,21900.0,False,19:00,ok,2026-09-13T01:31:30.937829+05:30,2026-09-13_0131IST,airline_direct,IndiGo
DEL,BOM,6E,IndiGo,6E 354,2026-09-28,15,economy,,,6305.0,False,19:00,ok,2026-09-13T01:31:30.937829+05:30,2026-09-13_0131IST,airline_direct,IndiGo
DEL,BOM,6E,IndiGo,6E 303,2026-09-28,15,business,,,21900.0,False,20:00,ok,2026-09-13T01:31:30.937829+05:30,2026-09-13_0131IST,airline_direct,IndiGo
DEL,BOM,6E,IndiGo,6E 303,2026-09-28,15,economy,,,6305.0,False,20:00,ok,2026-09-13T01:31:30.937829+05:30,2026-09-13_0131IST,airline_direct,IndiGo
DEL,BOM,6E,IndiGo,6E 449,2026-09-28,15,business,,,21900.0,False,05:00,ok,2026-09-13T01:31:30.937829+05:30,2026-09-13_0131IST,airline_direct,IndiGo
DEL,BOM,6E,IndiGo,6E 449,2026-09-28,15,economy,,,6357.0,False,05:00,ok,2026-09-13T01:31:30.937829+05:30,2026-09-13_0131IST,airline_direct,IndiGo
DEL,BOM,6E,IndiGo,6E 675,2026-09-28,15,business,,,21900.0,False,08:45,ok,2026-09-13T01:31:30.937829+05:30,2026-09-13_0131IST,airline_direct,IndiGo
DEL,BOM,6E,IndiGo,6E 675,2026-09-28,15,economy,,,6357.0,False,08:45,ok,2026-09-13T01:31:30.937829+05:30,2026-09-13_0131IST,airline_direct,IndiGo
DEL,BOM,6E,IndiGo,6E 6676,2026-09-28,15,business,,,21900.0,False,12:00,ok,2026-09-13T01:31:30.937829+05:30,2026-09-13_0131IST,airline_direct,IndiGo
DEL,BOM,6E,IndiGo,6E 6676,2026-09-28,15,economy,,,6357.0,False,12:00,ok,2026-09-13T01:31:30.937829+05:30,2026-09-13_0131IST,airline_direct,IndiGo
DEL,BOM,6E,IndiGo,6E 6218,2026-09-28,15,business,,,21900.0,False,06:05,ok,2026-09-13T01:31:30.937829+05:30,2026-09-13_0131IST,airline_direct,IndiGo
DEL,BOM,6E,IndiGo,6E 6218,2026-09-28,15,economy,,,6431.0,False,06:05,ok,2026-09-13T01:31:30.937829+05:30,2026-09-13_0131IST,airline_direct,IndiGo
DEL,BOM,6E,IndiGo,6E 6814,2026-09-28,15,business,,,21900.0,False,07:15,ok,2026-09-13T01:31:30.937829+05:30,2026-09-13_0131IST,airline_direct,IndiGo
DEL,BOM,6E,IndiGo,6E 6814,2026-09-28,15,economy,,,6688.0,False,07:15,ok,2026-09-13T01:31:30.937829+05:30,2026-09-13_0131IST,airline_direct,IndiGo
DEL,BOM,6E,IndiGo,6E 320,2026-09-28,15,business,,,21900.0,False,08:00,ok,2026-09-13T01:31:30.937829+05:30,2026-09-13_0131IST,airline_direct,IndiGo
DEL,BOM,6E,IndiGo,6E 320,2026-09-28,15,economy,,,6688.0,False,08:00,ok,2026-09-13T01:31:30.937829+05:30,2026-09-13_0131IST,airline_direct,IndiGo
DEL,BOM,6E,IndiGo,6E 324,2026-09-28,15,business,,,21900.0,False,13:00,ok,2026-09-13T01:31:30.937829+05:30,2026-09-13_0131IST,airline_direct,IndiGo
DEL,BOM,6E,IndiGo,6E 324,2026-09-28,15,economy,,,6688.0,False,13:00,ok,2026-09-13T01:31:30.937829+05:30,2026-09-13_0131IST,airline_direct,IndiGo
DEL,BOM,6E,IndiGo,6E 853,2026-09-28,15,business,,,21900.0,False,20:45,ok,2026-09-13T01:31:30.937829+05:30,2026-09-13_0131IST,airline_direct,IndiGo
DEL,BOM,6E,IndiGo,6E 853,2026-09-28,15,economy,,,6688.0,False,20:45,ok,2026-09-13T01:31:30.937829+05:30,2026-09-13_0131IST,airline_direct,IndiGo
DEL,BOM,6E,IndiGo,6E 395,2026-09-28,15,business,,,21900.0,False,21:45,ok,2026-09-13T01:31:30.937829+05:30,2026-09-13_0131IST,airline_direct,IndiGo
DEL,BOM,6E,IndiGo,6E 395,2026-09-28,15,economy,,,7003.0,False,21:45,ok,2026-09-13T01:31:30.937829+05:30,2026-09-13_0131IST,airline_direct,IndiGo
DEL,BOM,6E,IndiGo,6E 6114,2026-09-28,15,business,,,21900.0,False,22:45,ok,2026-09-13T01:31:30.937829+05:30,2026-09-13_0131IST,airline_direct,IndiGo
DEL,BOM,6E,IndiGo,6E 6114,2026-09-28,15,economy,,,7003.0,False,22:45,ok,2026-09-13T01:31:30.937829+05:30,2026-09-13_0131IST,airline_direct,IndiGo
DEL,BOM,6E,IndiGo,6E 322,2026-09-28,15,business,,,21900.0,False,23:30,ok,2026-09-13T01:31:30.937829+05:30,2026-09-13_0131IST,airline_direct,IndiGo
DEL,BOM,6E,IndiGo,6E 322,2026-09-28,15,economy,,,7003.0,False,23:30,ok,2026-09-13T01:31:30.937829+05:30,2026-09-13_0131IST,airline_direct,IndiGo
DEL,BOM,6E,IndiGo,6E 5119,2026-09-28,15,economy,,,6618.0,False,05:10,ok,2026-09-13T01:31:30.937829+05:30,2026-09-13_0131IST,airline_direct,IndiGo
DEL,BOM,6E,IndiGo,6E 5119,2026-09-28,15,economy,,,6618.0,False,05:10,ok,2026-09-13T01:31:30.937829+05:30,2026-09-13_0131IST,airline_direct,IndiGo
DEL,BOM,6E,IndiGo,6E 2383,2026-09-28,15,economy,,,6618.0,False,05:40,ok,2026-09-13T01:31:30.937829+05:30,2026-09-13_0131IST,airline_direct,IndiGo
DEL,BOM,6E,IndiGo,6E 2298,2026-09-28,15,economy,,,6618.0,False,09:45,ok,2026-09-13T01:31:30.937829+05:30,2026-09-13_0131IST,airline_direct,IndiGo
DEL,BOM,6E,IndiGo,6E 2331,2026-09-28,15,economy,,,6618.0,False,12:20,ok,2026-09-13T01:31:30.937829+05:30,2026-09-13_0131IST,airline_direct,IndiGo
DEL,BOM,6E,IndiGo,6E 6983,2026-09-28,15,economy,,,6618.0,False,15:35,ok,2026-09-13T01:31:30.937829+05:30,2026-09-13_0131IST,airline_direct,IndiGo
DEL,BOM,6E,IndiGo,6E 5014,2026-09-28,15,economy,,,6618.0,False,18:30,ok,2026-09-13T01:31:30.937829+05:30,2026-09-13_0131IST,airline_direct,IndiGo
DEL,BOM,6E,IndiGo,6E 2013,2026-09-28,15,economy,,,6618.0,False,21:50,ok,2026-09-13T01:31:30.937829+05:30,2026-09-13_0131IST,airline_direct,IndiGo
DEL,BOM,6E,IndiGo,6E 6569,2026-09-28,15,economy,,,6750.0,False,05:00,ok,2026-09-13T01:31:30.937829+05:30,2026-09-13_0131IST,airline_direct,IndiGo
DEL,BOM,6E,IndiGo,6E 6459,2026-09-28,15,economy,,,6750.0,False,05:55,ok,2026-09-13T01:31:30.937829+05:30,2026-09-13_0131IST,airline_direct,IndiGo
DEL,BOM,6E,IndiGo,6E 6443,2026-09-28,15,economy,,,6750.0,False,09:00,ok,2026-09-13T01:31:30.937829+05:30,2026-09-13_0131IST,airline_direct,IndiGo
DEL,BOM,6E,IndiGo,6E 6488,2026-09-28,15,economy,,,6750.0,False,11:20,ok,2026-09-13T01:31:30.937829+05:30,2026-09-13_0131IST,airline_direct,IndiGo
DEL,BOM,6E,IndiGo,6E 2249,2026-09-28,15,economy,,,6750.0,False,15:00,ok,2026-09-13T01:31:30.937829+05:30,2026-09-13_0131IST,airline_direct,IndiGo
DEL,BOM,6E,IndiGo,6E 6433,2026-09-28,15,economy,,,6750.0,False,16:30,ok,2026-09-13T01:31:30.937829+05:30,2026-09-13_0131IST,airline_direct,IndiGo
DEL,BOM,6E,IndiGo,6E 6829,2026-09-28,15,economy,,,6750.0,False,17:20,ok,2026-09-13T01:31:30.937829+05:30,2026-09-13_0131IST,airline_direct,IndiGo
DEL,BOM,6E,IndiGo,6E 6829,2026-09-28,15,economy,,,6750.0,False,17:20,ok,2026-09-13T01:31:30.937829+05:30,2026-09-13_0131IST,airline_direct,IndiGo
DEL,BOM,6E,IndiGo,6E 2169,2026-09-28,15,economy,,,6750.0,False,19:40,ok,2026-09-13T01:31:30.937829+05:30,2026-09-13_0131IST,airline_direct,IndiGo
DEL,BOM,6E,IndiGo,6E 6050,2026-09-28,15,economy,,,6828.0,False,08:15,ok,2026-09-13T01:31:30.937829+05:30,2026-09-13_0131IST,airline_direct,IndiGo
DEL,BOM,6E,IndiGo,6E 5206,2026-09-28,15,economy,,,6828.0,False,13:20,ok,2026-09-13T01:31:30.937829+05:30,2026-09-13_0131IST,airline_direct,IndiGo
DEL,BOM,6E,IndiGo,6E 5038,2026-09-28,15,economy,,,6828.0,False,14:00,ok,2026-09-13T01:31:30.937829+05:30,2026-09-13_0131IST,airline_direct,IndiGo
DEL,BOM,6E,IndiGo,6E 2151,2026-09-28,15,economy,,,6828.0,False,19:45,ok,2026-09-13T01:31:30.937829+05:30,2026-09-13_0131IST,airline_direct,IndiGo
DEL,BOM,6E,IndiGo,6E 6479,2026-09-28,15,economy,,,6828.0,False,21:25,ok,2026-09-13T01:31:30.937829+05:30,2026-09-13_0131IST,airline_direct,IndiGo
DEL,BOM,6E,IndiGo,6E 704,2026-09-28,15,business,,,29617.0,False,02:25,ok,2026-09-13T01:31:30.937829+05:30,2026-09-13_0131IST,airline_direct,IndiGo
DEL,BOM,6E,IndiGo,6E 704,2026-09-28,15,economy,,,6960.0,False,02:25,ok,2026-09-13T01:31:30.937829+05:30,2026-09-13_0131IST,airline_direct,IndiGo
DEL,BOM,6E,IndiGo,6E 704,2026-09-28,15,business,,,29617.0,False,02:25,ok,2026-09-13T01:31:30.937829+05:30,2026-09-13_0131IST,airline_direct,IndiGo
DEL,BOM,6E,IndiGo,6E 704,2026-09-28,15,economy,,,6960.0,False,02:25,ok,2026-09-13T01:31:30.937829+05:30,2026-09-13_0131IST,airline_direct,IndiGo
DEL,BOM,6E,IndiGo,6E 6293,2026-09-28,15,business,,,29617.0,False,09:55,ok,2026-09-13T01:31:30.937829+05:30,2026-09-13_0131IST,airline_direct,IndiGo
DEL,BOM,6E,IndiGo,6E 6293,2026-09-28,15,economy,,,6960.0,False,09:55,ok,2026-09-13T01:31:30.937829+05:30,2026-09-13_0131IST,airline_direct,IndiGo
DEL,BOM,6E,IndiGo,6E 6282,2026-09-28,15,business,,,29617.0,False,13:30,ok,2026-09-13T01:31:30.937829+05:30,2026-09-13_0131IST,airline_direct,IndiGo
DEL,BOM,6E,IndiGo,6E 6282,2026-09-28,15,economy,,,6960.0,False,13:30,ok,2026-09-13T01:31:30.937829+05:30,2026-09-13_0131IST,airline_direct,IndiGo
DEL,BOM,6E,IndiGo,6E 6282,2026-09-28,15,business,,,29617.0,False,13:30,ok,2026-09-13T01:31:30.937829+05:30,2026-09-13_0131IST,airline_direct,IndiGo
DEL,BOM,6E,IndiGo,6E 6282,2026-09-28,15,economy,,,6960.0,False,13:30,ok,2026-09-13T01:31:30.937829+05:30,2026-09-13_0131IST,airline_direct,IndiGo
DEL,BOM,6E,IndiGo,6E 6212,2026-09-28,15,business,,,29617.0,False,14:45,ok,2026-09-13T01:31:30.937829+05:30,2026-09-13_0131IST,airline_direct,IndiGo
DEL,BOM,6E,IndiGo,6E 6212,2026-09-28,15,economy,,,6960.0,False,14:45,ok,2026-09-13T01:31:30.937829+05:30,2026-09-13_0131IST,airline_direct,IndiGo
DEL,BOM,6E,IndiGo,6E 6497,2026-09-28,15,economy,,,6960.0,False,18:40,ok,2026-09-13T01:31:30.937829+05:30,2026-09-13_0131IST,airline_direct,IndiGo
DEL,BOM,6E,IndiGo,6E 6601,2026-09-28,15,business,,,29617.0,False,19:45,ok,2026-09-13T01:31:30.937829+05:30,2026-09-13_0131IST,airline_direct,IndiGo
DEL,BOM,6E,IndiGo,6E 6601,2026-09-28,15,economy,,,6960.0,False,19:45,ok,2026-09-13T01:31:30.937829+05:30,2026-09-13_0131IST,airline_direct,IndiGo
DEL,BOM,6E,IndiGo,6E 882,2026-09-28,15,business,,,26583.0,False,23:15,ok,2026-09-13T01:31:30.937829+05:30,2026-09-13_0131IST,airline_direct,IndiGo
DEL,BOM,6E,IndiGo,6E 882,2026-09-28,15,economy,,,6960.0,False,23:15,ok,2026-09-13T01:31:30.937829+05:30,2026-09-13_0131IST,airline_direct,IndiGo
DEL,BOM,6E,IndiGo,6E 358,2026-09-28,15,business,,,38739.0,False,12:15,ok,2026-09-13T01:31:30.937829+05:30,2026-09-13_0131IST,airline_direct,IndiGo
DEL,BOM,6E,IndiGo,6E 358,2026-09-28,15,economy,,,7038.0,False,12:15,ok,2026-09-13T01:31:30.937829+05:30,2026-09-13_0131IST,airline_direct,IndiGo
DEL,BOM,6E,IndiGo,6E 357,2026-09-28,15,business,,,36497.0,False,19:30,ok,2026-09-13T01:31:30.937829+05:30,2026-09-13_0131IST,airline_direct,IndiGo
DEL,BOM,6E,IndiGo,6E 357,2026-09-28,15,economy,,,7038.0,False,19:30,ok,2026-09-13T01:31:30.937829+05:30,2026-09-13_0131IST,airline_direct,IndiGo
DEL,BOM,6E,IndiGo,6E 2076,2026-09-28,15,economy,,,7142.0,False,07:30,ok,2026-09-13T01:31:30.937829+05:30,2026-09-13_0131IST,airline_direct,IndiGo
DEL,BOM,6E,IndiGo,6E 931,2026-09-28,15,economy,,,7142.0,False,19:35,ok,2026-09-13T01:31:30.937829+05:30,2026-09-13_0131IST,airline_direct,IndiGo
DEL,BOM,6E,IndiGo,6E 6261,2026-09-28,15,economy,,,7718.0,False,00:15,ok,2026-09-13T01:31:30.937829+05:30,2026-09-13_0131IST,airline_direct,IndiGo
DEL,BOM,6E,IndiGo,6E 5033,2026-09-28,15,economy,,,8351.0,False,15:50,ok,2026-09-13T01:31:30.937829+05:30,2026-09-13_0131IST,airline_direct,IndiGo
DEL,BOM,6E,IndiGo,6E 5138,2026-09-28,15,economy,,,8482.0,False,19:10,ok,2026-09-13T01:31:30.937829+05:30,2026-09-13_0131IST,airline_direct,IndiGo
DEL,BOM,6E,IndiGo,6E 2341,2026-09-28,15,economy,,,9047.0,False,14:50,ok,2026-09-13T01:31:30.937829+05:30,2026-09-13_0131IST,airline_direct,IndiGo
DEL,BOM,6E,IndiGo,6E 5073,2026-09-28,15,economy,,,9047.0,False,17:05,ok,2026-09-13T01:31:30.937829+05:30,2026-09-13_0131IST,airline_direct,IndiGo
DEL,BOM,6E,IndiGo,6E 5073,2026-09-28,15,economy,,,9047.0,False,17:05,ok,2026-09-13T01:31:30.937829+05:30,2026-09-13_0131IST,airline_direct,IndiGo
DEL,BOM,6E,IndiGo,6E 2381,2026-09-28,15,economy,,,10153.0,False,13:45,ok,2026-09-13T01:31:30.937829+05:30,2026-09-13_0131IST,airline_direct,IndiGo
DEL,BOM,6E,IndiGo,6E 705,2026-09-28,15,business,,,29617.0,False,08:30,ok,2026-09-13T01:31:30.937829+05:30,2026-09-13_0131IST,airline_direct,IndiGo
DEL,BOM,6E,IndiGo,6E 705,2026-09-28,15,economy,,,13421.0,False,08:30,ok,2026-09-13T01:31:30.937829+05:30,2026-09-13_0131IST,airline_direct,IndiGo
DEL,BOM,6E,IndiGo,6E 5298,2026-09-28,15,economy,,,15149.0,False,09:00,ok,2026-09-13T01:31:30.937829+05:30,2026-09-13_0131IST,airline_direct,IndiGo
DEL,BLR,6E,IndiGo,6E 850,2026-09-28,15,business,,,26048.0,False,12:20,ok,2026-09-13T01:32:39.129748+05:30,2026-09-13_0132IST,airline_direct,IndiGo
DEL,BLR,6E,IndiGo,6E 850,2026-09-28,15,economy,,,8671.0,False,12:20,ok,2026-09-13T01:32:39.129748+05:30,2026-09-13_0132IST,airline_direct,IndiGo
DEL,BLR,6E,IndiGo,6E 828,2026-09-28,15,business,,,26048.0,False,14:30,ok,2026-09-13T01:32:39.129748+05:30,2026-09-13_0132IST,airline_direct,IndiGo
DEL,BLR,6E,IndiGo,6E 828,2026-09-28,15,economy,,,8671.0,False,14:30,ok,2026-09-13T01:32:39.129748+05:30,2026-09-13_0132IST,airline_direct,IndiGo
DEL,BLR,6E,IndiGo,6E 880,2026-09-28,15,business,,,26048.0,False,15:45,ok,2026-09-13T01:32:39.129748+05:30,2026-09-13_0132IST,airline_direct,IndiGo
DEL,BLR,6E,IndiGo,6E 880,2026-09-28,15,economy,,,8671.0,False,15:45,ok,2026-09-13T01:32:39.129748+05:30,2026-09-13_0132IST,airline_direct,IndiGo
DEL,BLR,6E,IndiGo,6E 861,2026-09-28,15,business,,,26048.0,False,19:30,ok,2026-09-13T01:32:39.129748+05:30,2026-09-13_0132IST,airline_direct,IndiGo
DEL,BLR,6E,IndiGo,6E 861,2026-09-28,15,economy,,,8671.0,False,19:30,ok,2026-09-13T01:32:39.129748+05:30,2026-09-13_0132IST,airline_direct,IndiGo
DEL,BLR,6E,IndiGo,6E 6515,2026-09-28,15,business,,,26048.0,False,20:45,ok,2026-09-13T01:32:39.129748+05:30,2026-09-13_0132IST,airline_direct,IndiGo
DEL,BLR,6E,IndiGo,6E 6515,2026-09-28,15,economy,,,8671.0,False,20:45,ok,2026-09-13T01:32:39.129748+05:30,2026-09-13_0132IST,airline_direct,IndiGo
DEL,BLR,6E,IndiGo,6E 871,2026-09-28,15,business,,,26048.0,False,23:30,ok,2026-09-13T01:32:39.129748+05:30,2026-09-13_0132IST,airline_direct,IndiGo
DEL,BLR,6E,IndiGo,6E 871,2026-09-28,15,economy,,,8671.0,False,23:30,ok,2026-09-13T01:32:39.129748+05:30,2026-09-13_0132IST,airline_direct,IndiGo
DEL,BLR,6E,IndiGo,6E 2314,2026-09-28,15,business,,,26048.0,False,05:45,ok,2026-09-13T01:32:39.129748+05:30,2026-09-13_0132IST,airline_direct,IndiGo
DEL,BLR,6E,IndiGo,6E 2314,2026-09-28,15,economy,,,9128.0,False,05:45,ok,2026-09-13T01:32:39.129748+05:30,2026-09-13_0132IST,airline_direct,IndiGo
DEL,BLR,6E,IndiGo,6E 873,2026-09-28,15,business,,,26048.0,False,08:20,ok,2026-09-13T01:32:39.129748+05:30,2026-09-13_0132IST,airline_direct,IndiGo
DEL,BLR,6E,IndiGo,6E 873,2026-09-28,15,economy,,,9128.0,False,08:20,ok,2026-09-13T01:32:39.129748+05:30,2026-09-13_0132IST,airline_direct,IndiGo
DEL,BLR,6E,IndiGo,6E 826,2026-09-28,15,business,,,26048.0,False,09:30,ok,2026-09-13T01:32:39.129748+05:30,2026-09-13_0132IST,airline_direct,IndiGo
DEL,BLR,6E,IndiGo,6E 826,2026-09-28,15,economy,,,9128.0,False,09:30,ok,2026-09-13T01:32:39.129748+05:30,2026-09-13_0132IST,airline_direct,IndiGo
DEL,BLR,6E,IndiGo,6E 842,2026-09-28,15,business,,,26048.0,False,10:45,ok,2026-09-13T01:32:39.129748+05:30,2026-09-13_0132IST,airline_direct,IndiGo
DEL,BLR,6E,IndiGo,6E 842,2026-09-28,15,economy,,,9128.0,False,10:45,ok,2026-09-13T01:32:39.129748+05:30,2026-09-13_0132IST,airline_direct,IndiGo
DEL,BLR,6E,IndiGo,6E 811,2026-09-28,15,business,,,26048.0,False,18:20,ok,2026-09-13T01:32:39.129748+05:30,2026-09-13_0132IST,airline_direct,IndiGo
DEL,BLR,6E,IndiGo,6E 811,2026-09-28,15,economy,,,9128.0,False,18:20,ok,2026-09-13T01:32:39.129748+05:30,2026-09-13_0132IST,airline_direct,IndiGo
DEL,BLR,6E,IndiGo,6E 846,2026-09-28,15,business,,,26048.0,False,22:00,ok,2026-09-13T01:32:39.129748+05:30,2026-09-13_0132IST,airline_direct,IndiGo
DEL,BLR,6E,IndiGo,6E 846,2026-09-28,15,economy,,,9128.0,False,22:00,ok,2026-09-13T01:32:39.129748+05:30,2026-09-13_0132IST,airline_direct,IndiGo
DEL,BLR,6E,IndiGo,6E 176,2026-09-28,15,business,,,26048.0,False,13:15,ok,2026-09-13T01:32:39.129748+05:30,2026-09-13_0132IST,airline_direct,IndiGo
DEL,BLR,6E,IndiGo,6E 176,2026-09-28,15,economy,,,9613.0,False,13:15,ok,2026-09-13T01:32:39.129748+05:30,2026-09-13_0132IST,airline_direct,IndiGo
DEL,BLR,6E,IndiGo,6E 837,2026-09-28,15,business,,,26048.0,False,17:00,ok,2026-09-13T01:32:39.129748+05:30,2026-09-13_0132IST,airline_direct,IndiGo
DEL,BLR,6E,IndiGo,6E 837,2026-09-28,15,economy,,,9613.0,False,17:00,ok,2026-09-13T01:32:39.129748+05:30,2026-09-13_0132IST,airline_direct,IndiGo
DEL,BLR,6E,IndiGo,6E 820,2026-09-28,15,business,,,26048.0,False,03:00,ok,2026-09-13T01:32:39.129748+05:30,2026-09-13_0132IST,airline_direct,IndiGo
DEL,BLR,6E,IndiGo,6E 820,2026-09-28,15,economy,,,10128.0,False,03:00,ok,2026-09-13T01:32:39.129748+05:30,2026-09-13_0132IST,airline_direct,IndiGo
DEL,BLR,6E,IndiGo,6E 810,2026-09-28,15,business,,,26048.0,False,07:05,ok,2026-09-13T01:32:39.129748+05:30,2026-09-13_0132IST,airline_direct,IndiGo
DEL,BLR,6E,IndiGo,6E 810,2026-09-28,15,economy,,,13964.0,False,07:05,ok,2026-09-13T01:32:39.129748+05:30,2026-09-13_0132IST,airline_direct,IndiGo
DEL,BLR,6E,IndiGo,6E 704,2026-09-28,15,business,,,24908.0,False,02:25,ok,2026-09-13T01:32:39.129748+05:30,2026-09-13_0132IST,airline_direct,IndiGo
DEL,BLR,6E,IndiGo,6E 704,2026-09-28,15,economy,,,9946.0,False,02:25,ok,2026-09-13T01:32:39.129748+05:30,2026-09-13_0132IST,airline_direct,IndiGo
DEL,BLR,6E,IndiGo,6E 6293,2026-09-28,15,business,,,26251.0,False,09:55,ok,2026-09-13T01:32:39.129748+05:30,2026-09-13_0132IST,airline_direct,IndiGo
DEL,BLR,6E,IndiGo,6E 6293,2026-09-28,15,economy,,,9946.0,False,09:55,ok,2026-09-13T01:32:39.129748+05:30,2026-09-13_0132IST,airline_direct,IndiGo
DEL,BLR,6E,IndiGo,6E 884,2026-09-28,15,business,,,24908.0,False,11:45,ok,2026-09-13T01:32:39.129748+05:30,2026-09-13_0132IST,airline_direct,IndiGo
DEL,BLR,6E,IndiGo,6E 884,2026-09-28,15,economy,,,9946.0,False,11:45,ok,2026-09-13T01:32:39.129748+05:30,2026-09-13_0132IST,airline_direct,IndiGo
DEL,BLR,6E,IndiGo,6E 6282,2026-09-28,15,business,,,25759.0,False,13:30,ok,2026-09-13T01:32:39.129748+05:30,2026-09-13_0132IST,airline_direct,IndiGo
DEL,BLR,6E,IndiGo,6E 6282,2026-09-28,15,economy,,,9946.0,False,13:30,ok,2026-09-13T01:32:39.129748+05:30,2026-09-13_0132IST,airline_direct,IndiGo
DEL,BLR,6E,IndiGo,6E 6212,2026-09-28,15,business,,,25312.0,False,14:45,ok,2026-09-13T01:32:39.129748+05:30,2026-09-13_0132IST,airline_direct,IndiGo
DEL,BLR,6E,IndiGo,6E 6212,2026-09-28,15,economy,,,9946.0,False,14:45,ok,2026-09-13T01:32:39.129748+05:30,2026-09-13_0132IST,airline_direct,IndiGo
DEL,BLR,6E,IndiGo,6E 6217,2026-09-28,15,business,,,25312.0,False,16:15,ok,2026-09-13T01:32:39.129748+05:30,2026-09-13_0132IST,airline_direct,IndiGo
DEL,BLR,6E,IndiGo,6E 6217,2026-09-28,15,economy,,,9946.0,False,16:15,ok,2026-09-13T01:32:39.129748+05:30,2026-09-13_0132IST,airline_direct,IndiGo
DEL,BLR,6E,IndiGo,6E 717,2026-09-28,15,business,,,24542.0,False,17:55,ok,2026-09-13T01:32:39.129748+05:30,2026-09-13_0132IST,airline_direct,IndiGo
DEL,BLR,6E,IndiGo,6E 717,2026-09-28,15,economy,,,9946.0,False,17:55,ok,2026-09-13T01:32:39.129748+05:30,2026-09-13_0132IST,airline_direct,IndiGo
DEL,BLR,6E,IndiGo,6E 2343,2026-09-28,15,business,,,27386.0,False,02:20,ok,2026-09-13T01:32:39.129748+05:30,2026-09-13_0132IST,airline_direct,IndiGo
DEL,BLR,6E,IndiGo,6E 2343,2026-09-28,15,economy,,,10077.0,False,02:20,ok,2026-09-13T01:32:39.129748+05:30,2026-09-13_0132IST,airline_direct,IndiGo
DEL,BLR,6E,IndiGo,6E 5119,2026-09-28,15,economy,,,10077.0,False,05:10,ok,2026-09-13T01:32:39.129748+05:30,2026-09-13_0132IST,airline_direct,IndiGo
DEL,BLR,6E,IndiGo,6E 6459,2026-09-28,15,economy,,,10077.0,False,05:55,ok,2026-09-13T01:32:39.129748+05:30,2026-09-13_0132IST,airline_direct,IndiGo
DEL,BLR,6E,IndiGo,6E 6470,2026-09-28,15,economy,,,10077.0,False,06:55,ok,2026-09-13T01:32:39.129748+05:30,2026-09-13_0132IST,airline_direct,IndiGo
DEL,BLR,6E,IndiGo,6E 6022,2026-09-28,15,business,,,34636.0,False,14:00,ok,2026-09-13T01:32:39.129748+05:30,2026-09-13_0132IST,airline_direct,IndiGo
DEL,BLR,6E,IndiGo,6E 6022,2026-09-28,15,economy,,,10077.0,False,14:00,ok,2026-09-13T01:32:39.129748+05:30,2026-09-13_0132IST,airline_direct,IndiGo
DEL,BLR,6E,IndiGo,6E 2557,2026-09-28,15,economy,,,10077.0,False,15:20,ok,2026-09-13T01:32:39.129748+05:30,2026-09-13_0132IST,airline_direct,IndiGo
DEL,BLR,6E,IndiGo,6E 734,2026-09-28,15,economy,,,10077.0,False,16:20,ok,2026-09-13T01:32:39.129748+05:30,2026-09-13_0132IST,airline_direct,IndiGo
DEL,BLR,6E,IndiGo,6E 6437,2026-09-28,15,business,,,27386.0,False,16:25,ok,2026-09-13T01:32:39.129748+05:30,2026-09-13_0132IST,airline_direct,IndiGo
DEL,BLR,6E,IndiGo,6E 6437,2026-09-28,15,economy,,,10077.0,False,16:25,ok,2026-09-13T01:32:39.129748+05:30,2026-09-13_0132IST,airline_direct,IndiGo
DEL,BLR,6E,IndiGo,6E 6706,2026-09-28,15,business,,,34636.0,False,17:00,ok,2026-09-13T01:32:39.129748+05:30,2026-09-13_0132IST,airline_direct,IndiGo
DEL,BLR,6E,IndiGo,6E 6706,2026-09-28,15,economy,,,10077.0,False,17:00,ok,2026-09-13T01:32:39.129748+05:30,2026-09-13_0132IST,airline_direct,IndiGo
DEL,BLR,6E,IndiGo,6E 5073,2026-09-28,15,economy,,,10077.0,False,17:05,ok,2026-09-13T01:32:39.129748+05:30,2026-09-13_0132IST,airline_direct,IndiGo
DEL,BLR,6E,IndiGo,6E 6829,2026-09-28,15,economy,,,10077.0,False,17:20,ok,2026-09-13T01:32:39.129748+05:30,2026-09-13_0132IST,airline_direct,IndiGo
DEL,BLR,6E,IndiGo,6E 329,2026-09-28,15,business,,,34636.0,False,18:00,ok,2026-09-13T01:32:39.129748+05:30,2026-09-13_0132IST,airline_direct,IndiGo
DEL,BLR,6E,IndiGo,6E 329,2026-09-28,15,economy,,,10077.0,False,18:00,ok,2026-09-13T01:32:39.129748+05:30,2026-09-13_0132IST,airline_direct,IndiGo
DEL,BLR,6E,IndiGo,6E 6179,2026-09-28,15,economy,,,10077.0,False,18:30,ok,2026-09-13T01:32:39.129748+05:30,2026-09-13_0132IST,airline_direct,IndiGo
DEL,BLR,6E,IndiGo,6E 931,2026-09-28,15,economy,,,10077.0,False,19:35,ok,2026-09-13T01:32:39.129748+05:30,2026-09-13_0132IST,airline_direct,IndiGo
DEL,BLR,6E,IndiGo,6E 853,2026-09-28,15,business,,,34636.0,False,20:45,ok,2026-09-13T01:32:39.129748+05:30,2026-09-13_0132IST,airline_direct,IndiGo
DEL,BLR,6E,IndiGo,6E 853,2026-09-28,15,economy,,,10077.0,False,20:45,ok,2026-09-13T01:32:39.129748+05:30,2026-09-13_0132IST,airline_direct,IndiGo
DEL,BLR,6E,IndiGo,6E 6673,2026-09-28,15,business,,,26816.0,False,21:15,ok,2026-09-13T01:32:39.129748+05:30,2026-09-13_0132IST,airline_direct,IndiGo
DEL,BLR,6E,IndiGo,6E 6673,2026-09-28,15,economy,,,10077.0,False,21:15,ok,2026-09-13T01:32:39.129748+05:30,2026-09-13_0132IST,airline_direct,IndiGo
DEL,BLR,6E,IndiGo,6E 2618,2026-09-28,15,business,,,26816.0,False,23:00,ok,2026-09-13T01:32:39.129748+05:30,2026-09-13_0132IST,airline_direct,IndiGo
DEL,BLR,6E,IndiGo,6E 2618,2026-09-28,15,economy,,,10077.0,False,23:00,ok,2026-09-13T01:32:39.129748+05:30,2026-09-13_0132IST,airline_direct,IndiGo
DEL,BLR,6E,IndiGo,6E 6476,2026-09-28,15,economy,,,10156.0,False,07:05,ok,2026-09-13T01:32:39.129748+05:30,2026-09-13_0132IST,airline_direct,IndiGo
DEL,BLR,6E,IndiGo,6E 940,2026-09-28,15,business,,,28661.0,False,09:15,ok,2026-09-13T01:32:39.129748+05:30,2026-09-13_0132IST,airline_direct,IndiGo
DEL,BLR,6E,IndiGo,6E 940,2026-09-28,15,economy,,,10156.0,False,09:15,ok,2026-09-13T01:32:39.129748+05:30,2026-09-13_0132IST,airline_direct,IndiGo
DEL,BLR,6E,IndiGo,6E 434,2026-09-28,15,business,,,28318.0,False,11:00,ok,2026-09-13T01:32:39.129748+05:30,2026-09-13_0132IST,airline_direct,IndiGo
DEL,BLR,6E,IndiGo,6E 434,2026-09-28,15,economy,,,10156.0,False,11:00,ok,2026-09-13T01:32:39.129748+05:30,2026-09-13_0132IST,airline_direct,IndiGo
DEL,BLR,6E,IndiGo,6E 6115,2026-09-28,15,business,,,28318.0,False,13:10,ok,2026-09-13T01:32:39.129748+05:30,2026-09-13_0132IST,airline_direct,IndiGo
DEL,BLR,6E,IndiGo,6E 6115,2026-09-28,15,economy,,,10156.0,False,13:10,ok,2026-09-13T01:32:39.129748+05:30,2026-09-13_0132IST,airline_direct,IndiGo
DEL,BLR,6E,IndiGo,6E 5038,2026-09-28,15,economy,,,10156.0,False,14:00,ok,2026-09-13T01:32:39.129748+05:30,2026-09-13_0132IST,airline_direct,IndiGo
DEL,BLR,6E,IndiGo,6E 6091,2026-09-28,15,business,,,29038.0,False,15:15,ok,2026-09-13T01:32:39.129748+05:30,2026-09-13_0132IST,airline_direct,IndiGo
DEL,BLR,6E,IndiGo,6E 6091,2026-09-28,15,economy,,,10156.0,False,15:15,ok,2026-09-13T01:32:39.129748+05:30,2026-09-13_0132IST,airline_direct,IndiGo
DEL,BLR,6E,IndiGo,6E 5033,2026-09-28,15,economy,,,10156.0,False,15:50,ok,2026-09-13T01:32:39.129748+05:30,2026-09-13_0132IST,airline_direct,IndiGo
DEL,BLR,6E,IndiGo,6E 947,2026-09-28,15,business,,,28318.0,False,16:40,ok,2026-09-13T01:32:39.129748+05:30,2026-09-13_0132IST,airline_direct,IndiGo
DEL,BLR,6E,IndiGo,6E 947,2026-09-28,15,economy,,,10156.0,False,16:40,ok,2026-09-13T01:32:39.129748+05:30,2026-09-13_0132IST,airline_direct,IndiGo
DEL,BLR,6E,IndiGo,6E 6632,2026-09-28,15,economy,,,10156.0,False,17:50,ok,2026-09-13T01:32:39.129748+05:30,2026-09-13_0132IST,airline_direct,IndiGo
DEL,BLR,6E,IndiGo,6E 950,2026-09-28,15,business,,,28318.0,False,18:15,ok,2026-09-13T01:32:39.129748+05:30,2026-09-13_0132IST,airline_direct,IndiGo
DEL,BLR,6E,IndiGo,6E 950,2026-09-28,15,economy,,,10156.0,False,18:15,ok,2026-09-13T01:32:39.129748+05:30,2026-09-13_0132IST,airline_direct,IndiGo
DEL,BLR,6E,IndiGo,6E 2151,2026-09-28,15,economy,,,10156.0,False,19:45,ok,2026-09-13T01:32:39.129748+05:30,2026-09-13_0132IST,airline_direct,IndiGo
DEL,BLR,6E,IndiGo,6E 6497,2026-09-28,15,economy,,,10287.0,False,18:40,ok,2026-09-13T01:32:39.129748+05:30,2026-09-13_0132IST,airline_direct,IndiGo
DEL,BLR,6E,IndiGo,6E 2364,2026-09-28,15,economy,,,10314.0,False,04:50,ok,2026-09-13T01:32:39.129748+05:30,2026-09-13_0132IST,airline_direct,IndiGo
DEL,BLR,6E,IndiGo,6E 5001,2026-09-28,15,economy,,,10314.0,False,17:10,ok,2026-09-13T01:32:39.129748+05:30,2026-09-13_0132IST,airline_direct,IndiGo
DEL,BLR,6E,IndiGo,6E 5191,2026-09-28,15,business,,,30573.0,False,05:00,ok,2026-09-13T01:32:39.129748+05:30,2026-09-13_0132IST,airline_direct,IndiGo
DEL,BLR,6E,IndiGo,6E 5191,2026-09-28,15,economy,,,10497.0,False,05:00,ok,2026-09-13T01:32:39.129748+05:30,2026-09-13_0132IST,airline_direct,IndiGo
DEL,BLR,6E,IndiGo,6E 513,2026-09-28,15,economy,,,10497.0,False,08:30,ok,2026-09-13T01:32:39.129748+05:30,2026-09-13_0132IST,airline_direct,IndiGo
DEL,BLR,6E,IndiGo,6E 6433,2026-09-28,15,economy,,,12195.0,False,16:30,ok,2026-09-13T01:32:39.129748+05:30,2026-09-13_0132IST,airline_direct,IndiGo
DEL,BLR,6E,IndiGo,6E 2349,2026-09-28,15,economy,,,12874.0,False,10:55,ok,2026-09-13T01:32:39.129748+05:30,2026-09-13_0132IST,airline_direct,IndiGo
DEL,BLR,6E,IndiGo,6E 329,2026-09-28,15,business,,,34636.0,False,18:00,ok,2026-09-13T01:32:39.129748+05:30,2026-09-13_0132IST,airline_direct,IndiGo
DEL,BLR,6E,IndiGo,6E 329,2026-09-28,15,economy,,,14435.0,False,18:00,ok,2026-09-13T01:32:39.129748+05:30,2026-09-13_0132IST,airline_direct,IndiGo
DEL,BLR,6E,IndiGo,6E 2277,2026-09-28,15,business,,,42959.0,False,10:25,ok,2026-09-13T01:32:39.129748+05:30,2026-09-13_0132IST,airline_direct,IndiGo
DEL,BLR,6E,IndiGo,6E 2277,2026-09-28,15,economy,,,16019.0,False,10:25,ok,2026-09-13T01:32:39.129748+05:30,2026-09-13_0132IST,airline_direct,IndiGo
BOM,BLR,6E,IndiGo,6E 5323,2026-09-28,15,business,,,18948.0,False,01:10,ok,2026-09-13T01:33:47.285354+05:30,2026-09-13_0133IST,airline_direct,IndiGo
BOM,BLR,6E,IndiGo,6E 5323,2026-09-28,15,economy,,,5273.0,False,01:10,ok,2026-09-13T01:33:47.285354+05:30,2026-09-13_0133IST,airline_direct,IndiGo
BOM,BLR,6E,IndiGo,6E 5294,2026-09-28,15,business,,,18948.0,False,04:30,ok,2026-09-13T01:33:47.285354+05:30,2026-09-13_0133IST,airline_direct,IndiGo
BOM,BLR,6E,IndiGo,6E 5294,2026-09-28,15,economy,,,5691.0,False,04:30,ok,2026-09-13T01:33:47.285354+05:30,2026-09-13_0133IST,airline_direct,IndiGo
BOM,BLR,6E,IndiGo,6E 5296,2026-09-28,15,business,,,18948.0,False,06:30,ok,2026-09-13T01:33:47.285354+05:30,2026-09-13_0133IST,airline_direct,IndiGo
BOM,BLR,6E,IndiGo,6E 5296,2026-09-28,15,economy,,,6747.0,False,06:30,ok,2026-09-13T01:33:47.285354+05:30,2026-09-13_0133IST,airline_direct,IndiGo
BOM,BLR,6E,IndiGo,6E 5193,2026-09-28,15,economy,,,6747.0,False,08:05,ok,2026-09-13T01:33:47.285354+05:30,2026-09-13_0133IST,airline_direct,IndiGo
BOM,BLR,6E,IndiGo,6E 5184,2026-09-28,15,business,,,18948.0,False,12:30,ok,2026-09-13T01:33:47.285354+05:30,2026-09-13_0133IST,airline_direct,IndiGo
BOM,BLR,6E,IndiGo,6E 5184,2026-09-28,15,economy,,,6747.0,False,12:30,ok,2026-09-13T01:33:47.285354+05:30,2026-09-13_0133IST,airline_direct,IndiGo
BOM,BLR,6E,IndiGo,6E 5382,2026-09-28,15,business,,,18948.0,False,14:30,ok,2026-09-13T01:33:47.285354+05:30,2026-09-13_0133IST,airline_direct,IndiGo
BOM,BLR,6E,IndiGo,6E 5382,2026-09-28,15,economy,,,6747.0,False,14:30,ok,2026-09-13T01:33:47.285354+05:30,2026-09-13_0133IST,airline_direct,IndiGo
BOM,BLR,6E,IndiGo,6E 5047,2026-09-28,15,business,,,18948.0,False,18:30,ok,2026-09-13T01:33:47.285354+05:30,2026-09-13_0133IST,airline_direct,IndiGo
BOM,BLR,6E,IndiGo,6E 5047,2026-09-28,15,economy,,,6747.0,False,18:30,ok,2026-09-13T01:33:47.285354+05:30,2026-09-13_0133IST,airline_direct,IndiGo
BOM,BLR,6E,IndiGo,6E 5388,2026-09-28,15,business,,,18948.0,False,22:20,ok,2026-09-13T01:33:47.285354+05:30,2026-09-13_0133IST,airline_direct,IndiGo
BOM,BLR,6E,IndiGo,6E 5388,2026-09-28,15,economy,,,6747.0,False,22:20,ok,2026-09-13T01:33:47.285354+05:30,2026-09-13_0133IST,airline_direct,IndiGo
BOM,BLR,6E,IndiGo,6E 5092,2026-09-28,15,business,,,18948.0,False,09:50,ok,2026-09-13T01:33:47.285354+05:30,2026-09-13_0133IST,airline_direct,IndiGo
BOM,BLR,6E,IndiGo,6E 5092,2026-09-28,15,economy,,,7062.0,False,09:50,ok,2026-09-13T01:33:47.285354+05:30,2026-09-13_0133IST,airline_direct,IndiGo
BOM,BLR,6E,IndiGo,6E 5221,2026-09-28,15,business,,,18948.0,False,17:00,ok,2026-09-13T01:33:47.285354+05:30,2026-09-13_0133IST,airline_direct,IndiGo
BOM,BLR,6E,IndiGo,6E 5221,2026-09-28,15,economy,,,7062.0,False,17:00,ok,2026-09-13T01:33:47.285354+05:30,2026-09-13_0133IST,airline_direct,IndiGo
BOM,BLR,6E,IndiGo,6E 5217,2026-09-28,15,business,,,18948.0,False,11:00,ok,2026-09-13T01:33:47.285354+05:30,2026-09-13_0133IST,airline_direct,IndiGo
BOM,BLR,6E,IndiGo,6E 5217,2026-09-28,15,economy,,,7797.0,False,11:00,ok,2026-09-13T01:33:47.285354+05:30,2026-09-13_0133IST,airline_direct,IndiGo
BOM,BLR,6E,IndiGo,6E 6188,2026-09-28,15,business,,,18948.0,False,21:30,ok,2026-09-13T01:33:47.285354+05:30,2026-09-13_0133IST,airline_direct,IndiGo
BOM,BLR,6E,IndiGo,6E 6188,2026-09-28,15,economy,,,8217.0,False,21:30,ok,2026-09-13T01:33:47.285354+05:30,2026-09-13_0133IST,airline_direct,IndiGo
BOM,BLR,6E,IndiGo,6E 6361,2026-09-28,15,economy,,,7243.0,False,05:00,ok,2026-09-13T01:33:47.285354+05:30,2026-09-13_0133IST,airline_direct,IndiGo
BOM,BLR,6E,IndiGo,6E 230,2026-09-28,15,economy,,,7243.0,False,13:55,ok,2026-09-13T01:33:47.285354+05:30,2026-09-13_0133IST,airline_direct,IndiGo
BOM,BLR,6E,IndiGo,6E 230,2026-09-28,15,economy,,,7243.0,False,13:55,ok,2026-09-13T01:33:47.285354+05:30,2026-09-13_0133IST,airline_direct,IndiGo
BOM,BLR,6E,IndiGo,6E 5241,2026-09-28,15,economy,,,7243.0,False,16:40,ok,2026-09-13T01:33:47.285354+05:30,2026-09-13_0133IST,airline_direct,IndiGo
BOM,BLR,6E,IndiGo,6E 5241,2026-09-28,15,economy,,,7243.0,False,16:40,ok,2026-09-13T01:33:47.285354+05:30,2026-09-13_0133IST,airline_direct,IndiGo
BOM,BLR,6E,IndiGo,6E 6674,2026-09-28,15,economy,,,7374.0,False,09:05,ok,2026-09-13T01:33:47.285354+05:30,2026-09-13_0133IST,airline_direct,IndiGo
BOM,BLR,6E,IndiGo,6E 5318,2026-09-28,15,business,,,21379.0,False,10:15,ok,2026-09-13T01:33:47.285354+05:30,2026-09-13_0133IST,airline_direct,IndiGo
BOM,BLR,6E,IndiGo,6E 5318,2026-09-28,15,economy,,,7374.0,False,10:15,ok,2026-09-13T01:33:47.285354+05:30,2026-09-13_0133IST,airline_direct,IndiGo
BOM,BLR,6E,IndiGo,6E 5318,2026-09-28,15,business,,,20036.0,False,10:15,ok,2026-09-13T01:33:47.285354+05:30,2026-09-13_0133IST,airline_direct,IndiGo
BOM,BLR,6E,IndiGo,6E 5318,2026-09-28,15,economy,,,7374.0,False,10:15,ok,2026-09-13T01:33:47.285354+05:30,2026-09-13_0133IST,airline_direct,IndiGo
BOM,BLR,6E,IndiGo,6E 5178,2026-09-28,15,business,,,21379.0,False,11:45,ok,2026-09-13T01:33:47.285354+05:30,2026-09-13_0133IST,airline_direct,IndiGo
BOM,BLR,6E,IndiGo,6E 5178,2026-09-28,15,economy,,,7374.0,False,11:45,ok,2026-09-13T01:33:47.285354+05:30,2026-09-13_0133IST,airline_direct,IndiGo
BOM,BLR,6E,IndiGo,6E 5178,2026-09-28,15,business,,,20036.0,False,11:45,ok,2026-09-13T01:33:47.285354+05:30,2026-09-13_0133IST,airline_direct,IndiGo
BOM,BLR,6E,IndiGo,6E 5178,2026-09-28,15,economy,,,7374.0,False,11:45,ok,2026-09-13T01:33:47.285354+05:30,2026-09-13_0133IST,airline_direct,IndiGo
BOM,BLR,6E,IndiGo,6E 5178,2026-09-28,15,business,,,20887.0,False,11:45,ok,2026-09-13T01:33:47.285354+05:30,2026-09-13_0133IST,airline_direct,IndiGo
BOM,BLR,6E,IndiGo,6E 5178,2026-09-28,15,economy,,,7374.0,False,11:45,ok,2026-09-13T01:33:47.285354+05:30,2026-09-13_0133IST,airline_direct,IndiGo
BOM,BLR,6E,IndiGo,6E 5386,2026-09-28,15,business,,,20887.0,False,15:10,ok,2026-09-13T01:33:47.285354+05:30,2026-09-13_0133IST,airline_direct,IndiGo
BOM,BLR,6E,IndiGo,6E 5386,2026-09-28,15,economy,,,7374.0,False,15:10,ok,2026-09-13T01:33:47.285354+05:30,2026-09-13_0133IST,airline_direct,IndiGo
BOM,BLR,6E,IndiGo,6E 5386,2026-09-28,15,business,,,20441.0,False,15:10,ok,2026-09-13T01:33:47.285354+05:30,2026-09-13_0133IST,airline_direct,IndiGo
BOM,BLR,6E,IndiGo,6E 5386,2026-09-28,15,economy,,,7374.0,False,15:10,ok,2026-09-13T01:33:47.285354+05:30,2026-09-13_0133IST,airline_direct,IndiGo
BOM,BLR,6E,IndiGo,6E 5386,2026-09-28,15,business,,,19670.0,False,15:10,ok,2026-09-13T01:33:47.285354+05:30,2026-09-13_0133IST,airline_direct,IndiGo
BOM,BLR,6E,IndiGo,6E 5386,2026-09-28,15,economy,,,7374.0,False,15:10,ok,2026-09-13T01:33:47.285354+05:30,2026-09-13_0133IST,airline_direct,IndiGo
BOM,BLR,6E,IndiGo,6E 5228,2026-09-28,15,business,,,20441.0,False,16:45,ok,2026-09-13T01:33:47.285354+05:30,2026-09-13_0133IST,airline_direct,IndiGo
BOM,BLR,6E,IndiGo,6E 5228,2026-09-28,15,economy,,,7374.0,False,16:45,ok,2026-09-13T01:33:47.285354+05:30,2026-09-13_0133IST,airline_direct,IndiGo
BOM,BLR,6E,IndiGo,6E 5228,2026-09-28,15,business,,,19670.0,False,16:45,ok,2026-09-13T01:33:47.285354+05:30,2026-09-13_0133IST,airline_direct,IndiGo
BOM,BLR,6E,IndiGo,6E 5228,2026-09-28,15,economy,,,7374.0,False,16:45,ok,2026-09-13T01:33:47.285354+05:30,2026-09-13_0133IST,airline_direct,IndiGo
BOM,BLR,6E,IndiGo,6E 6802,2026-09-28,15,economy,,,7505.0,False,16:55,ok,2026-09-13T01:33:47.285354+05:30,2026-09-13_0133IST,airline_direct,IndiGo
BOM,BLR,6E,IndiGo,6E 632,2026-09-28,15,economy,,,7584.0,False,04:00,ok,2026-09-13T01:33:47.285354+05:30,2026-09-13_0133IST,airline_direct,IndiGo
BOM,BLR,6E,IndiGo,6E 136,2026-09-28,15,business,,,24040.0,False,04:05,ok,2026-09-13T01:33:47.285354+05:30,2026-09-13_0133IST,airline_direct,IndiGo
BOM,BLR,6E,IndiGo,6E 136,2026-09-28,15,economy,,,7584.0,False,04:05,ok,2026-09-13T01:33:47.285354+05:30,2026-09-13_0133IST,airline_direct,IndiGo
BOM,BLR,6E,IndiGo,6E 136,2026-09-28,15,business,,,25626.0,False,04:05,ok,2026-09-13T01:33:47.285354+05:30,2026-09-13_0133IST,airline_direct,IndiGo
BOM,BLR,6E,IndiGo,6E 136,2026-09-28,15,economy,,,7584.0,False,04:05,ok,2026-09-13T01:33:47.285354+05:30,2026-09-13_0133IST,airline_direct,IndiGo
BOM,BLR,6E,IndiGo,6E 136,2026-09-28,15,business,,,24040.0,False,04:05,ok,2026-09-13T01:33:47.285354+05:30,2026-09-13_0133IST,airline_direct,IndiGo
BOM,BLR,6E,IndiGo,6E 136,2026-09-28,15,economy,,,7584.0,False,04:05,ok,2026-09-13T01:33:47.285354+05:30,2026-09-13_0133IST,airline_direct,IndiGo
BOM,BLR,6E,IndiGo,6E 6701,2026-09-28,15,economy,,,7584.0,False,05:35,ok,2026-09-13T01:33:47.285354+05:30,2026-09-13_0133IST,airline_direct,IndiGo
BOM,BLR,6E,IndiGo,6E 6701,2026-09-28,15,economy,,,7584.0,False,05:35,ok,2026-09-13T01:33:47.285354+05:30,2026-09-13_0133IST,airline_direct,IndiGo
BOM,BLR,6E,IndiGo,6E 5188,2026-09-28,15,business,,,24040.0,False,06:15,ok,2026-09-13T01:33:47.285354+05:30,2026-09-13_0133IST,airline_direct,IndiGo
BOM,BLR,6E,IndiGo,6E 5188,2026-09-28,15,economy,,,7584.0,False,06:15,ok,2026-09-13T01:33:47.285354+05:30,2026-09-13_0133IST,airline_direct,IndiGo
BOM,BLR,6E,IndiGo,6E 5204,2026-09-28,15,business,,,24383.0,False,08:15,ok,2026-09-13T01:33:47.285354+05:30,2026-09-13_0133IST,airline_direct,IndiGo
BOM,BLR,6E,IndiGo,6E 5204,2026-09-28,15,economy,,,7584.0,False,08:15,ok,2026-09-13T01:33:47.285354+05:30,2026-09-13_0133IST,airline_direct,IndiGo
BOM,BLR,6E,IndiGo,6E 5109,2026-09-28,15,economy,,,7584.0,False,09:35,ok,2026-09-13T01:33:47.285354+05:30,2026-09-13_0133IST,airline_direct,IndiGo
BOM,BLR,6E,IndiGo,6E 5313,2026-09-28,15,business,,,24383.0,False,09:50,ok,2026-09-13T01:33:47.285354+05:30,2026-09-13_0133IST,airline_direct,IndiGo
BOM,BLR,6E,IndiGo,6E 5313,2026-09-28,15,economy,,,7584.0,False,09:50,ok,2026-09-13T01:33:47.285354+05:30,2026-09-13_0133IST,airline_direct,IndiGo
BOM,BLR,6E,IndiGo,6E 5313,2026-09-28,15,business,,,24040.0,False,09:50,ok,2026-09-13T01:33:47.285354+05:30,2026-09-13_0133IST,airline_direct,IndiGo
BOM,BLR,6E,IndiGo,6E 5313,2026-09-28,15,economy,,,7584.0,False,09:50,ok,2026-09-13T01:33:47.285354+05:30,2026-09-13_0133IST,airline_direct,IndiGo
BOM,BLR,6E,IndiGo,6E 6349,2026-09-28,15,business,,,24040.0,False,11:40,ok,2026-09-13T01:33:47.285354+05:30,2026-09-13_0133IST,airline_direct,IndiGo
BOM,BLR,6E,IndiGo,6E 6349,2026-09-28,15,economy,,,7584.0,False,11:40,ok,2026-09-13T01:33:47.285354+05:30,2026-09-13_0133IST,airline_direct,IndiGo
BOM,BLR,6E,IndiGo,6E 6349,2026-09-28,15,business,,,24040.0,False,11:40,ok,2026-09-13T01:33:47.285354+05:30,2026-09-13_0133IST,airline_direct,IndiGo
BOM,BLR,6E,IndiGo,6E 6349,2026-09-28,15,economy,,,7584.0,False,11:40,ok,2026-09-13T01:33:47.285354+05:30,2026-09-13_0133IST,airline_direct,IndiGo
BOM,BLR,6E,IndiGo,6E 673,2026-09-28,15,economy,,,7584.0,False,12:35,ok,2026-09-13T01:33:47.285354+05:30,2026-09-13_0133IST,airline_direct,IndiGo
BOM,BLR,6E,IndiGo,6E 673,2026-09-28,15,economy,,,7584.0,False,12:35,ok,2026-09-13T01:33:47.285354+05:30,2026-09-13_0133IST,airline_direct,IndiGo
BOM,BLR,6E,IndiGo,6E 5337,2026-09-28,15,business,,,24040.0,False,13:45,ok,2026-09-13T01:33:47.285354+05:30,2026-09-13_0133IST,airline_direct,IndiGo
BOM,BLR,6E,IndiGo,6E 5337,2026-09-28,15,economy,,,7584.0,False,13:45,ok,2026-09-13T01:33:47.285354+05:30,2026-09-13_0133IST,airline_direct,IndiGo
BOM,BLR,6E,IndiGo,6E 5196,2026-09-28,15,business,,,24760.0,False,15:25,ok,2026-09-13T01:33:47.285354+05:30,2026-09-13_0133IST,airline_direct,IndiGo
BOM,BLR,6E,IndiGo,6E 5196,2026-09-28,15,economy,,,7584.0,False,15:25,ok,2026-09-13T01:33:47.285354+05:30,2026-09-13_0133IST,airline_direct,IndiGo
BOM,BLR,6E,IndiGo,6E 5196,2026-09-28,15,business,,,24040.0,False,15:25,ok,2026-09-13T01:33:47.285354+05:30,2026-09-13_0133IST,airline_direct,IndiGo
BOM,BLR,6E,IndiGo,6E 5196,2026-09-28,15,economy,,,7584.0,False,15:25,ok,2026-09-13T01:33:47.285354+05:30,2026-09-13_0133IST,airline_direct,IndiGo
BOM,BLR,6E,IndiGo,6E 240,2026-09-28,15,economy,,,7584.0,False,15:45,ok,2026-09-13T01:33:47.285354+05:30,2026-09-13_0133IST,airline_direct,IndiGo
BOM,BLR,6E,IndiGo,6E 437,2026-09-28,15,economy,,,7584.0,False,17:10,ok,2026-09-13T01:33:47.285354+05:30,2026-09-13_0133IST,airline_direct,IndiGo
BOM,BLR,6E,IndiGo,6E 5048,2026-09-28,15,business,,,24040.0,False,17:25,ok,2026-09-13T01:33:47.285354+05:30,2026-09-13_0133IST,airline_direct,IndiGo
BOM,BLR,6E,IndiGo,6E 5048,2026-09-28,15,economy,,,7584.0,False,17:25,ok,2026-09-13T01:33:47.285354+05:30,2026-09-13_0133IST,airline_direct,IndiGo
BOM,BLR,6E,IndiGo,6E 5126,2026-09-28,15,economy,,,7584.0,False,18:15,ok,2026-09-13T01:33:47.285354+05:30,2026-09-13_0133IST,airline_direct,IndiGo
BOM,BLR,6E,IndiGo,6E 2237,2026-09-28,15,economy,,,7584.0,False,18:40,ok,2026-09-13T01:33:47.285354+05:30,2026-09-13_0133IST,airline_direct,IndiGo
BOM,BLR,6E,IndiGo,6E 5107,2026-09-28,15,economy,,,7584.0,False,20:00,ok,2026-09-13T01:33:47.285354+05:30,2026-09-13_0133IST,airline_direct,IndiGo
BOM,BLR,6E,IndiGo,6E 6599,2026-09-28,15,economy,,,7715.0,False,16:50,ok,2026-09-13T01:33:47.285354+05:30,2026-09-13_0133IST,airline_direct,IndiGo
BOM,BLR,6E,IndiGo,6E 5082,2026-09-28,15,economy,,,7785.0,False,18:05,ok,2026-09-13T01:33:47.285354+05:30,2026-09-13_0133IST,airline_direct,IndiGo
BOM,BLR,6E,IndiGo,6E 5123,2026-09-28,15,economy,,,8047.0,False,14:40,ok,2026-09-13T01:33:47.285354+05:30,2026-09-13_0133IST,airline_direct,IndiGo
BOM,BLR,6E,IndiGo,6E 5386,2026-09-28,15,business,,,20441.0,False,15:10,ok,2026-09-13T01:33:47.285354+05:30,2026-09-13_0133IST,airline_direct,IndiGo
BOM,BLR,6E,IndiGo,6E 5386,2026-09-28,15,economy,,,10389.0,False,15:10,ok,2026-09-13T01:33:47.285354+05:30,2026-09-13_0133IST,airline_direct,IndiGo
BOM,BLR,6E,IndiGo,6E 5337,2026-09-28,15,business,,,24760.0,False,13:45,ok,2026-09-13T01:33:47.285354+05:30,2026-09-13_0133IST,airline_direct,IndiGo
BOM,BLR,6E,IndiGo,6E 5337,2026-09-28,15,economy,,,10838.0,False,13:45,ok,2026-09-13T01:33:47.285354+05:30,2026-09-13_0133IST,airline_direct,IndiGo
BOM,BLR,6E,IndiGo,6E 6057,2026-09-28,15,economy,,,15132.0,False,09:15,ok,2026-09-13T01:33:47.285354+05:30,2026-09-13_0133IST,airline_direct,IndiGo
BOM,BLR,6E,IndiGo,6E 261,2026-09-28,15,economy,,,15286.0,False,11:20,ok,2026-09-13T01:33:47.285354+05:30,2026-09-13_0133IST,airline_direct,IndiGo
DEL,CCU,6E,IndiGo,6E 5191,2026-09-28,15,business,,,22600.0,False,05:00,ok,2026-09-13T01:34:44.788241+05:30,2026-09-13_0134IST,airline_direct,IndiGo
DEL,CCU,6E,IndiGo,6E 5191,2026-09-28,15,economy,,,8703.0,False,05:00,ok,2026-09-13T01:34:44.788241+05:30,2026-09-13_0134IST,airline_direct,IndiGo
DEL,CCU,6E,IndiGo,6E 340,2026-09-28,15,business,,,22600.0,False,07:20,ok,2026-09-13T01:34:44.788241+05:30,2026-09-13_0134IST,airline_direct,IndiGo
DEL,CCU,6E,IndiGo,6E 340,2026-09-28,15,economy,,,8703.0,False,07:20,ok,2026-09-13T01:34:44.788241+05:30,2026-09-13_0134IST,airline_direct,IndiGo
DEL,CCU,6E,IndiGo,6E 513,2026-09-28,15,business,,,22600.0,False,08:30,ok,2026-09-13T01:34:44.788241+05:30,2026-09-13_0134IST,airline_direct,IndiGo
DEL,CCU,6E,IndiGo,6E 513,2026-09-28,15,economy,,,8703.0,False,08:30,ok,2026-09-13T01:34:44.788241+05:30,2026-09-13_0134IST,airline_direct,IndiGo
DEL,CCU,6E,IndiGo,6E 894,2026-09-28,15,business,,,22600.0,False,10:15,ok,2026-09-13T01:34:44.788241+05:30,2026-09-13_0134IST,airline_direct,IndiGo
DEL,CCU,6E,IndiGo,6E 894,2026-09-28,15,economy,,,8703.0,False,10:15,ok,2026-09-13T01:34:44.788241+05:30,2026-09-13_0134IST,airline_direct,IndiGo
DEL,CCU,6E,IndiGo,6E 897,2026-09-28,15,business,,,22600.0,False,12:45,ok,2026-09-13T01:34:44.788241+05:30,2026-09-13_0134IST,airline_direct,IndiGo
DEL,CCU,6E,IndiGo,6E 897,2026-09-28,15,economy,,,8703.0,False,12:45,ok,2026-09-13T01:34:44.788241+05:30,2026-09-13_0134IST,airline_direct,IndiGo
DEL,CCU,6E,IndiGo,6E 910,2026-09-28,15,business,,,22600.0,False,14:25,ok,2026-09-13T01:34:44.788241+05:30,2026-09-13_0134IST,airline_direct,IndiGo
DEL,CCU,6E,IndiGo,6E 910,2026-09-28,15,economy,,,8703.0,False,14:25,ok,2026-09-13T01:34:44.788241+05:30,2026-09-13_0134IST,airline_direct,IndiGo
DEL,CCU,6E,IndiGo,6E 6415,2026-09-28,15,business,,,22600.0,False,16:00,ok,2026-09-13T01:34:44.788241+05:30,2026-09-13_0134IST,airline_direct,IndiGo
DEL,CCU,6E,IndiGo,6E 6415,2026-09-28,15,economy,,,8703.0,False,16:00,ok,2026-09-13T01:34:44.788241+05:30,2026-09-13_0134IST,airline_direct,IndiGo
DEL,CCU,6E,IndiGo,6E 2276,2026-09-28,15,business,,,22600.0,False,17:55,ok,2026-09-13T01:34:44.788241+05:30,2026-09-13_0134IST,airline_direct,IndiGo
DEL,CCU,6E,IndiGo,6E 2276,2026-09-28,15,economy,,,8703.0,False,17:55,ok,2026-09-13T01:34:44.788241+05:30,2026-09-13_0134IST,airline_direct,IndiGo
DEL,CCU,6E,IndiGo,6E 6517,2026-09-28,15,business,,,22600.0,False,19:30,ok,2026-09-13T01:34:44.788241+05:30,2026-09-13_0134IST,airline_direct,IndiGo
DEL,CCU,6E,IndiGo,6E 6517,2026-09-28,15,economy,,,8703.0,False,19:30,ok,2026-09-13T01:34:44.788241+05:30,2026-09-13_0134IST,airline_direct,IndiGo
DEL,CCU,6E,IndiGo,6E 247,2026-09-28,15,business,,,22600.0,False,23:30,ok,2026-09-13T01:34:44.788241+05:30,2026-09-13_0134IST,airline_direct,IndiGo
DEL,CCU,6E,IndiGo,6E 247,2026-09-28,15,economy,,,8703.0,False,23:30,ok,2026-09-13T01:34:44.788241+05:30,2026-09-13_0134IST,airline_direct,IndiGo
DEL,CCU,6E,IndiGo,6E 6245,2026-09-28,15,economy,,,7376.0,False,06:20,ok,2026-09-13T01:34:44.788241+05:30,2026-09-13_0134IST,airline_direct,IndiGo
DEL,CCU,6E,IndiGo,6E 2453,2026-09-28,15,economy,,,7376.0,False,13:35,ok,2026-09-13T01:34:44.788241+05:30,2026-09-13_0134IST,airline_direct,IndiGo
DEL,CCU,6E,IndiGo,6E 6459,2026-09-28,15,economy,,,7507.0,False,05:55,ok,2026-09-13T01:34:44.788241+05:30,2026-09-13_0134IST,airline_direct,IndiGo
DEL,CCU,6E,IndiGo,6E 2361,2026-09-28,15,economy,,,7507.0,False,14:35,ok,2026-09-13T01:34:44.788241+05:30,2026-09-13_0134IST,airline_direct,IndiGo
DEL,CCU,6E,IndiGo,6E 6073,2026-09-28,15,economy,,,7586.0,False,05:00,ok,2026-09-13T01:34:44.788241+05:30,2026-09-13_0134IST,airline_direct,IndiGo
DEL,CCU,6E,IndiGo,6E 6190,2026-09-28,15,economy,,,7586.0,False,07:40,ok,2026-09-13T01:34:44.788241+05:30,2026-09-13_0134IST,airline_direct,IndiGo
DEL,CCU,6E,IndiGo,6E 2296,2026-09-28,15,economy,,,7586.0,False,09:20,ok,2026-09-13T01:34:44.788241+05:30,2026-09-13_0134IST,airline_direct,IndiGo
DEL,CCU,6E,IndiGo,6E 5038,2026-09-28,15,economy,,,7586.0,False,14:00,ok,2026-09-13T01:34:44.788241+05:30,2026-09-13_0134IST,airline_direct,IndiGo
DEL,CCU,6E,IndiGo,6E 5033,2026-09-28,15,economy,,,7586.0,False,15:50,ok,2026-09-13T01:34:44.788241+05:30,2026-09-13_0134IST,airline_direct,IndiGo
DEL,CCU,6E,IndiGo,6E 2203,2026-09-28,15,economy,,,7691.0,False,04:45,ok,2026-09-13T01:34:44.788241+05:30,2026-09-13_0134IST,airline_direct,IndiGo
DEL,CCU,6E,IndiGo,6E 6124,2026-09-28,15,economy,,,7691.0,False,07:30,ok,2026-09-13T01:34:44.788241+05:30,2026-09-13_0134IST,airline_direct,IndiGo
DEL,CCU,6E,IndiGo,6E 5215,2026-09-28,15,economy,,,7691.0,False,07:45,ok,2026-09-13T01:34:44.788241+05:30,2026-09-13_0134IST,airline_direct,IndiGo
DEL,CCU,6E,IndiGo,6E 5041,2026-09-28,15,economy,,,7691.0,False,15:10,ok,2026-09-13T01:34:44.788241+05:30,2026-09-13_0134IST,airline_direct,IndiGo
DEL,CCU,6E,IndiGo,6E 5041,2026-09-28,15,economy,,,7691.0,False,15:10,ok,2026-09-13T01:34:44.788241+05:30,2026-09-13_0134IST,airline_direct,IndiGo
DEL,CCU,6E,IndiGo,6E 6829,2026-09-28,15,economy,,,7717.0,False,17:20,ok,2026-09-13T01:34:44.788241+05:30,2026-09-13_0134IST,airline_direct,IndiGo
DEL,CCU,6E,IndiGo,6E 6503,2026-09-28,15,economy,,,7901.0,False,13:25,ok,2026-09-13T01:34:44.788241+05:30,2026-09-13_0134IST,airline_direct,IndiGo
DEL,CCU,6E,IndiGo,6E 704,2026-09-28,15,business,,,28201.0,False,02:25,ok,2026-09-13T01:34:44.788241+05:30,2026-09-13_0134IST,airline_direct,IndiGo
DEL,CCU,6E,IndiGo,6E 704,2026-09-28,15,economy,,,7927.0,False,02:25,ok,2026-09-13T01:34:44.788241+05:30,2026-09-13_0134IST,airline_direct,IndiGo
DEL,CCU,6E,IndiGo,6E 704,2026-09-28,15,business,,,28673.0,False,02:25,ok,2026-09-13T01:34:44.788241+05:30,2026-09-13_0134IST,airline_direct,IndiGo
DEL,CCU,6E,IndiGo,6E 704,2026-09-28,15,economy,,,7927.0,False,02:25,ok,2026-09-13T01:34:44.788241+05:30,2026-09-13_0134IST,airline_direct,IndiGo
DEL,CCU,6E,IndiGo,6E 5119,2026-09-28,15,economy,,,7927.0,False,05:10,ok,2026-09-13T01:34:44.788241+05:30,2026-09-13_0134IST,airline_direct,IndiGo
DEL,CCU,6E,IndiGo,6E 705,2026-09-28,15,business,,,28673.0,False,08:30,ok,2026-09-13T01:34:44.788241+05:30,2026-09-13_0134IST,airline_direct,IndiGo
DEL,CCU,6E,IndiGo,6E 705,2026-09-28,15,economy,,,7927.0,False,08:30,ok,2026-09-13T01:34:44.788241+05:30,2026-09-13_0134IST,airline_direct,IndiGo
DEL,CCU,6E,IndiGo,6E 705,2026-09-28,15,business,,,28673.0,False,08:30,ok,2026-09-13T01:34:44.788241+05:30,2026-09-13_0134IST,airline_direct,IndiGo
DEL,CCU,6E,IndiGo,6E 705,2026-09-28,15,economy,,,7927.0,False,08:30,ok,2026-09-13T01:34:44.788241+05:30,2026-09-13_0134IST,airline_direct,IndiGo
DEL,CCU,6E,IndiGo,6E 6293,2026-09-28,15,business,,,28673.0,False,09:55,ok,2026-09-13T01:34:44.788241+05:30,2026-09-13_0134IST,airline_direct,IndiGo
DEL,CCU,6E,IndiGo,6E 6293,2026-09-28,15,economy,,,7927.0,False,09:55,ok,2026-09-13T01:34:44.788241+05:30,2026-09-13_0134IST,airline_direct,IndiGo
DEL,CCU,6E,IndiGo,6E 884,2026-09-28,15,business,,,28673.0,False,11:45,ok,2026-09-13T01:34:44.788241+05:30,2026-09-13_0134IST,airline_direct,IndiGo
DEL,CCU,6E,IndiGo,6E 884,2026-09-28,15,economy,,,7927.0,False,11:45,ok,2026-09-13T01:34:44.788241+05:30,2026-09-13_0134IST,airline_direct,IndiGo
DEL,CCU,6E,IndiGo,6E 2331,2026-09-28,15,economy,,,7927.0,False,12:20,ok,2026-09-13T01:34:44.788241+05:30,2026-09-13_0134IST,airline_direct,IndiGo
DEL,CCU,6E,IndiGo,6E 6282,2026-09-28,15,business,,,28673.0,False,13:30,ok,2026-09-13T01:34:44.788241+05:30,2026-09-13_0134IST,airline_direct,IndiGo
DEL,CCU,6E,IndiGo,6E 6282,2026-09-28,15,economy,,,7927.0,False,13:30,ok,2026-09-13T01:34:44.788241+05:30,2026-09-13_0134IST,airline_direct,IndiGo
DEL,CCU,6E,IndiGo,6E 6212,2026-09-28,15,business,,,28909.0,False,14:45,ok,2026-09-13T01:34:44.788241+05:30,2026-09-13_0134IST,airline_direct,IndiGo
DEL,CCU,6E,IndiGo,6E 6212,2026-09-28,15,economy,,,7927.0,False,14:45,ok,2026-09-13T01:34:44.788241+05:30,2026-09-13_0134IST,airline_direct,IndiGo
DEL,CCU,6E,IndiGo,6E 2341,2026-09-28,15,economy,,,7927.0,False,14:50,ok,2026-09-13T01:34:44.788241+05:30,2026-09-13_0134IST,airline_direct,IndiGo
DEL,CCU,6E,IndiGo,6E 6217,2026-09-28,15,business,,,28909.0,False,16:15,ok,2026-09-13T01:34:44.788241+05:30,2026-09-13_0134IST,airline_direct,IndiGo
DEL,CCU,6E,IndiGo,6E 6217,2026-09-28,15,economy,,,7927.0,False,16:15,ok,2026-09-13T01:34:44.788241+05:30,2026-09-13_0134IST,airline_direct,IndiGo
DEL,CCU,6E,IndiGo,6E 5073,2026-09-28,15,economy,,,7927.0,False,17:05,ok,2026-09-13T01:34:44.788241+05:30,2026-09-13_0134IST,airline_direct,IndiGo
DEL,CCU,6E,IndiGo,6E 882,2026-09-28,15,business,,,28201.0,False,23:15,ok,2026-09-13T01:34:44.788241+05:30,2026-09-13_0134IST,airline_direct,IndiGo
DEL,CCU,6E,IndiGo,6E 882,2026-09-28,15,economy,,,7927.0,False,23:15,ok,2026-09-13T01:34:44.788241+05:30,2026-09-13_0134IST,airline_direct,IndiGo
DEL,CCU,6E,IndiGo,6E 6371,2026-09-28,15,economy,,,8032.0,False,06:20,ok,2026-09-13T01:34:44.788241+05:30,2026-09-13_0134IST,airline_direct,IndiGo
DEL,CCU,6E,IndiGo,6E 6551,2026-09-28,15,economy,,,8032.0,False,12:00,ok,2026-09-13T01:34:44.788241+05:30,2026-09-13_0134IST,airline_direct,IndiGo
DEL,CCU,6E,IndiGo,6E 5036,2026-09-28,15,economy,,,8115.0,False,08:00,ok,2026-09-13T01:34:44.788241+05:30,2026-09-13_0134IST,airline_direct,IndiGo
DEL,CCU,6E,IndiGo,6E 6312,2026-09-28,15,economy,,,8115.0,False,14:25,ok,2026-09-13T01:34:44.788241+05:30,2026-09-13_0134IST,airline_direct,IndiGo
DEL,CCU,6E,IndiGo,6E 734,2026-09-28,15,economy,,,8115.0,False,16:20,ok,2026-09-13T01:34:44.788241+05:30,2026-09-13_0134IST,airline_direct,IndiGo
DEL,CCU,6E,IndiGo,6E 6190,2026-09-28,15,economy,,,8194.0,False,07:40,ok,2026-09-13T01:34:44.788241+05:30,2026-09-13_0134IST,airline_direct,IndiGo
DEL,CCU,6E,IndiGo,6E 2296,2026-09-28,15,economy,,,8194.0,False,09:20,ok,2026-09-13T01:34:44.788241+05:30,2026-09-13_0134IST,airline_direct,IndiGo
DEL,CCU,6E,IndiGo,6E 2259,2026-09-28,15,economy,,,8194.0,False,12:20,ok,2026-09-13T01:34:44.788241+05:30,2026-09-13_0134IST,airline_direct,IndiGo
DEL,CCU,6E,IndiGo,6E 2259,2026-09-28,15,economy,,,8194.0,False,12:20,ok,2026-09-13T01:34:44.788241+05:30,2026-09-13_0134IST,airline_direct,IndiGo
DEL,CCU,6E,IndiGo,6E 6130,2026-09-28,15,economy,,,8194.0,False,12:55,ok,2026-09-13T01:34:44.788241+05:30,2026-09-13_0134IST,airline_direct,IndiGo
DEL,CCU,6E,IndiGo,6E 2614,2026-09-28,15,economy,,,8194.0,False,14:40,ok,2026-09-13T01:34:44.788241+05:30,2026-09-13_0134IST,airline_direct,IndiGo
DEL,CCU,6E,IndiGo,6E 2614,2026-09-28,15,economy,,,8194.0,False,14:40,ok,2026-09-13T01:34:44.788241+05:30,2026-09-13_0134IST,airline_direct,IndiGo
DEL,CCU,6E,IndiGo,6E 203,2026-09-28,15,business,,,28673.0,False,07:10,ok,2026-09-13T01:34:44.788241+05:30,2026-09-13_0134IST,airline_direct,IndiGo
DEL,CCU,6E,IndiGo,6E 203,2026-09-28,15,economy,,,8535.0,False,07:10,ok,2026-09-13T01:34:44.788241+05:30,2026-09-13_0134IST,airline_direct,IndiGo
DEL,CCU,6E,IndiGo,6E 203,2026-09-28,15,business,,,28673.0,False,07:10,ok,2026-09-13T01:34:44.788241+05:30,2026-09-13_0134IST,airline_direct,IndiGo
DEL,CCU,6E,IndiGo,6E 203,2026-09-28,15,economy,,,8535.0,False,07:10,ok,2026-09-13T01:34:44.788241+05:30,2026-09-13_0134IST,airline_direct,IndiGo
DEL,CCU,6E,IndiGo,6E 6378,2026-09-28,15,economy,,,8967.0,False,14:40,ok,2026-09-13T01:34:44.788241+05:30,2026-09-13_0134IST,airline_direct,IndiGo
DEL,CCU,6E,IndiGo,6E 717,2026-09-28,15,business,,,28909.0,False,17:55,ok,2026-09-13T01:34:44.788241+05:30,2026-09-13_0134IST,airline_direct,IndiGo
DEL,CCU,6E,IndiGo,6E 717,2026-09-28,15,economy,,,9938.0,False,17:55,ok,2026-09-13T01:34:44.788241+05:30,2026-09-13_0134IST,airline_direct,IndiGo
DEL,CCU,6E,IndiGo,6E 5307,2026-09-28,15,economy,,,15921.0,False,10:50,ok,2026-09-13T01:34:44.788241+05:30,2026-09-13_0134IST,airline_direct,IndiGo
DEL,CCU,6E,IndiGo,6E 5307,2026-09-28,15,economy,,,17346.0,False,10:50,ok,2026-09-13T01:34:44.788241+05:30,2026-09-13_0134IST,airline_direct,IndiGo
BLR,HYD,6E,IndiGo,6E 6784,2026-09-28,15,economy,,,4235.0,False,21:30,ok,2026-09-13T01:35:39.239758+05:30,2026-09-13_0135IST,airline_direct,IndiGo
BLR,HYD,6E,IndiGo,6E 638,2026-09-28,15,economy,,,4921.0,False,18:35,ok,2026-09-13T01:35:39.239758+05:30,2026-09-13_0135IST,airline_direct,IndiGo
BLR,HYD,6E,IndiGo,6E 855,2026-09-28,15,economy,,,4921.0,False,19:45,ok,2026-09-13T01:35:39.239758+05:30,2026-09-13_0135IST,airline_direct,IndiGo
BLR,HYD,6E,IndiGo,6E 6067,2026-09-28,15,economy,,,5756.0,False,16:30,ok,2026-09-13T01:35:39.239758+05:30,2026-09-13_0135IST,airline_direct,IndiGo
BLR,HYD,6E,IndiGo,6E 6178,2026-09-28,15,economy,,,12416.0,False,06:25,ok,2026-09-13T01:35:39.239758+05:30,2026-09-13_0135IST,airline_direct,IndiGo
BLR,HYD,6E,IndiGo,6E 6404,2026-09-28,15,economy,,,13589.0,False,11:35,ok,2026-09-13T01:35:39.239758+05:30,2026-09-13_0135IST,airline_direct,IndiGo
BLR,HYD,6E,IndiGo,6E 312,2026-09-28,15,economy,,,14882.0,False,09:15,ok,2026-09-13T01:35:39.239758+05:30,2026-09-13_0135IST,airline_direct,IndiGo
BLR,HYD,6E,IndiGo,6E 537,2026-09-28,15,economy,,,16310.0,False,10:15,ok,2026-09-13T01:35:39.239758+05:30,2026-09-13_0135IST,airline_direct,IndiGo
BLR,HYD,6E,IndiGo,6E 484,2026-09-28,15,economy,,,17886.0,False,08:15,ok,2026-09-13T01:35:39.239758+05:30,2026-09-13_0135IST,airline_direct,IndiGo
BLR,HYD,6E,IndiGo,6E 763,2026-09-28,15,economy,,,5463.0,False,07:05,ok,2026-09-13T01:35:39.239758+05:30,2026-09-13_0135IST,airline_direct,IndiGo
BLR,HYD,6E,IndiGo,6E 857,2026-09-28,15,economy,,,5463.0,False,07:05,ok,2026-09-13T01:35:39.239758+05:30,2026-09-13_0135IST,airline_direct,IndiGo
BLR,HYD,6E,IndiGo,6E 763,2026-09-28,15,economy,,,5463.0,False,07:05,ok,2026-09-13T01:35:39.239758+05:30,2026-09-13_0135IST,airline_direct,IndiGo
BLR,HYD,6E,IndiGo,6E 763,2026-09-28,15,economy,,,5463.0,False,07:05,ok,2026-09-13T01:35:39.239758+05:30,2026-09-13_0135IST,airline_direct,IndiGo
BLR,HYD,6E,IndiGo,6E 6269,2026-09-28,15,economy,,,5463.0,False,07:15,ok,2026-09-13T01:35:39.239758+05:30,2026-09-13_0135IST,airline_direct,IndiGo
BLR,HYD,6E,IndiGo,6E 6445,2026-09-28,15,economy,,,5463.0,False,10:25,ok,2026-09-13T01:35:39.239758+05:30,2026-09-13_0135IST,airline_direct,IndiGo
BLR,HYD,6E,IndiGo,6E 6445,2026-09-28,15,economy,,,5463.0,False,10:25,ok,2026-09-13T01:35:39.239758+05:30,2026-09-13_0135IST,airline_direct,IndiGo
BLR,HYD,6E,IndiGo,6E 904,2026-09-28,15,economy,,,5463.0,False,10:45,ok,2026-09-13T01:35:39.239758+05:30,2026-09-13_0135IST,airline_direct,IndiGo
BLR,HYD,6E,IndiGo,6E 6104,2026-09-28,15,economy,,,5463.0,False,11:40,ok,2026-09-13T01:35:39.239758+05:30,2026-09-13_0135IST,airline_direct,IndiGo
BLR,HYD,6E,IndiGo,6E 6104,2026-09-28,15,economy,,,5463.0,False,11:40,ok,2026-09-13T01:35:39.239758+05:30,2026-09-13_0135IST,airline_direct,IndiGo
BLR,HYD,6E,IndiGo,6E 6104,2026-09-28,15,economy,,,5463.0,False,11:40,ok,2026-09-13T01:35:39.239758+05:30,2026-09-13_0135IST,airline_direct,IndiGo
BLR,HYD,6E,IndiGo,6E 6653,2026-09-28,15,economy,,,5463.0,False,12:35,ok,2026-09-13T01:35:39.239758+05:30,2026-09-13_0135IST,airline_direct,IndiGo
BLR,HYD,6E,IndiGo,6E 6208,2026-09-28,15,economy,,,5463.0,False,12:45,ok,2026-09-13T01:35:39.239758+05:30,2026-09-13_0135IST,airline_direct,IndiGo
BLR,HYD,6E,IndiGo,6E 6208,2026-09-28,15,economy,,,5463.0,False,12:45,ok,2026-09-13T01:35:39.239758+05:30,2026-09-13_0135IST,airline_direct,IndiGo
BLR,HYD,6E,IndiGo,6E 703,2026-09-28,15,economy,,,5463.0,False,12:55,ok,2026-09-13T01:35:39.239758+05:30,2026-09-13_0135IST,airline_direct,IndiGo
BLR,HYD,6E,IndiGo,6E 6542,2026-09-28,15,economy,,,5463.0,False,13:10,ok,2026-09-13T01:35:39.239758+05:30,2026-09-13_0135IST,airline_direct,IndiGo
BLR,HYD,6E,IndiGo,6E 6542,2026-09-28,15,economy,,,5463.0,False,13:10,ok,2026-09-13T01:35:39.239758+05:30,2026-09-13_0135IST,airline_direct,IndiGo
BLR,HYD,6E,IndiGo,6E 6753,2026-09-28,15,economy,,,5463.0,False,15:15,ok,2026-09-13T01:35:39.239758+05:30,2026-09-13_0135IST,airline_direct,IndiGo
BLR,HYD,6E,IndiGo,6E 6753,2026-09-28,15,economy,,,5463.0,False,15:15,ok,2026-09-13T01:35:39.239758+05:30,2026-09-13_0135IST,airline_direct,IndiGo
BLR,HYD,6E,IndiGo,6E 173,2026-09-28,15,economy,,,5463.0,False,15:30,ok,2026-09-13T01:35:39.239758+05:30,2026-09-13_0135IST,airline_direct,IndiGo
BLR,HYD,6E,IndiGo,6E 173,2026-09-28,15,economy,,,5463.0,False,15:30,ok,2026-09-13T01:35:39.239758+05:30,2026-09-13_0135IST,airline_direct,IndiGo
BLR,HYD,6E,IndiGo,6E 356,2026-09-28,15,economy,,,5463.0,False,17:15,ok,2026-09-13T01:35:39.239758+05:30,2026-09-13_0135IST,airline_direct,IndiGo
BLR,HYD,6E,IndiGo,6E 356,2026-09-28,15,economy,,,5463.0,False,17:15,ok,2026-09-13T01:35:39.239758+05:30,2026-09-13_0135IST,airline_direct,IndiGo
BLR,HYD,6E,IndiGo,6E 6168,2026-09-28,15,economy,,,5463.0,False,17:40,ok,2026-09-13T01:35:39.239758+05:30,2026-09-13_0135IST,airline_direct,IndiGo
BLR,HYD,6E,IndiGo,6E 6017,2026-09-28,15,economy,,,5463.0,False,18:15,ok,2026-09-13T01:35:39.239758+05:30,2026-09-13_0135IST,airline_direct,IndiGo
BLR,HYD,6E,IndiGo,6E 105,2026-09-28,15,economy,,,5463.0,False,18:45,ok,2026-09-13T01:35:39.239758+05:30,2026-09-13_0135IST,airline_direct,IndiGo
BLR,HYD,6E,IndiGo,6E 105,2026-09-28,15,economy,,,5463.0,False,18:45,ok,2026-09-13T01:35:39.239758+05:30,2026-09-13_0135IST,airline_direct,IndiGo
BLR,HYD,6E,IndiGo,6E 6554,2026-09-28,15,economy,,,5463.0,False,19:15,ok,2026-09-13T01:35:39.239758+05:30,2026-09-13_0135IST,airline_direct,IndiGo
BLR,HYD,6E,IndiGo,6E 441,2026-09-28,15,economy,,,5463.0,False,20:40,ok,2026-09-13T01:35:39.239758+05:30,2026-09-13_0135IST,airline_direct,IndiGo
BLR,HYD,6E,IndiGo,6E 528,2026-09-28,15,economy,,,5463.0,False,21:40,ok,2026-09-13T01:35:39.239758+05:30,2026-09-13_0135IST,airline_direct,IndiGo
BLR,HYD,6E,IndiGo,6E 116,2026-09-28,15,economy,,,5463.0,False,23:05,ok,2026-09-13T01:35:39.239758+05:30,2026-09-13_0135IST,airline_direct,IndiGo
BLR,HYD,6E,IndiGo,6E 6336,2026-09-28,15,economy,,,5594.0,False,12:25,ok,2026-09-13T01:35:39.239758+05:30,2026-09-13_0135IST,airline_direct,IndiGo
BLR,HYD,6E,IndiGo,6E 6336,2026-09-28,15,economy,,,5594.0,False,12:25,ok,2026-09-13T01:35:39.239758+05:30,2026-09-13_0135IST,airline_direct,IndiGo
BLR,HYD,6E,IndiGo,6E 6168,2026-09-28,15,economy,,,5793.0,False,17:40,ok,2026-09-13T01:35:39.239758+05:30,2026-09-13_0135IST,airline_direct,IndiGo
BLR,HYD,6E,IndiGo,6E 7737,2026-09-28,15,economy,,,6021.0,False,10:50,ok,2026-09-13T01:35:39.239758+05:30,2026-09-13_0135IST,airline_direct,IndiGo
BLR,HYD,6E,IndiGo,6E 7005,2026-09-28,15,economy,,,6153.0,False,08:05,ok,2026-09-13T01:35:39.239758+05:30,2026-09-13_0135IST,airline_direct,IndiGo
BLR,HYD,6E,IndiGo,6E 7005,2026-09-28,15,economy,,,6153.0,False,08:05,ok,2026-09-13T01:35:39.239758+05:30,2026-09-13_0135IST,airline_direct,IndiGo
BLR,HYD,6E,IndiGo,6E 7227,2026-09-28,15,economy,,,6412.0,False,06:25,ok,2026-09-13T01:35:39.239758+05:30,2026-09-13_0135IST,airline_direct,IndiGo
BLR,HYD,6E,IndiGo,6E 857,2026-09-28,15,economy,,,6543.0,False,07:05,ok,2026-09-13T01:35:39.239758+05:30,2026-09-13_0135IST,airline_direct,IndiGo
BLR,HYD,6E,IndiGo,6E 7737,2026-09-28,15,economy,,,7301.0,False,10:50,ok,2026-09-13T01:35:39.239758+05:30,2026-09-13_0135IST,airline_direct,IndiGo
BLR,HYD,6E,IndiGo,6E 6563,2026-09-28,15,economy,,,7432.0,False,01:05,ok,2026-09-13T01:35:39.239758+05:30,2026-09-13_0135IST,airline_direct,IndiGo
BLR,HYD,6E,IndiGo,6E 6876,2026-09-28,15,economy,,,7432.0,False,02:40,ok,2026-09-13T01:35:39.239758+05:30,2026-09-13_0135IST,airline_direct,IndiGo
BLR,HYD,6E,IndiGo,6E 7204,2026-09-28,15,economy,,,7935.0,False,06:50,ok,2026-09-13T01:35:39.239758+05:30,2026-09-13_0135IST,airline_direct,IndiGo
BLR,HYD,6E,IndiGo,6E 5306,2026-09-28,15,economy,,,8484.0,False,14:35,ok,2026-09-13T01:35:39.239758+05:30,2026-09-13_0135IST,airline_direct,IndiGo
BLR,HYD,6E,IndiGo,6E 109,2026-09-28,15,economy,,,8484.0,False,17:00,ok,2026-09-13T01:35:39.239758+05:30,2026-09-13_0135IST,airline_direct,IndiGo
BLR,HYD,6E,IndiGo,6E 6162,2026-09-28,15,economy,,,8484.0,False,18:50,ok,2026-09-13T01:35:39.239758+05:30,2026-09-13_0135IST,airline_direct,IndiGo
BLR,HYD,6E,IndiGo,6E 6269,2026-09-28,15,economy,,,9730.0,False,07:15,ok,2026-09-13T01:35:39.239758+05:30,2026-09-13_0135IST,airline_direct,IndiGo
BLR,HYD,6E,IndiGo,6E 7285,2026-09-28,15,economy,,,9884.0,False,06:50,ok,2026-09-13T01:35:39.239758+05:30,2026-09-13_0135IST,airline_direct,IndiGo
BLR,HYD,6E,IndiGo,6E 6653,2026-09-28,15,economy,,,15018.0,False,12:35,ok,2026-09-13T01:35:39.239758+05:30,2026-09-13_0135IST,airline_direct,IndiGo
BLR,HYD,6E,IndiGo,6E 6583,2026-09-28,15,economy,,,16343.0,False,10:40,ok,2026-09-13T01:35:39.239758+05:30,2026-09-13_0135IST,airline_direct,IndiGo
MAA,DEL,6E,IndiGo,6E 404,2026-09-28,15,business,,,24700.0,False,09:15,ok,2026-09-13T01:36:34.204534+05:30,2026-09-13_0136IST,airline_direct,IndiGo
MAA,DEL,6E,IndiGo,6E 404,2026-09-28,15,economy,,,9830.0,False,09:15,ok,2026-09-13T01:36:34.204534+05:30,2026-09-13_0136IST,airline_direct,IndiGo
MAA,DEL,6E,IndiGo,6E 6002,2026-09-28,15,business,,,24700.0,False,11:10,ok,2026-09-13T01:36:34.204534+05:30,2026-09-13_0136IST,airline_direct,IndiGo
MAA,DEL,6E,IndiGo,6E 6002,2026-09-28,15,economy,,,9830.0,False,11:10,ok,2026-09-13T01:36:34.204534+05:30,2026-09-13_0136IST,airline_direct,IndiGo
MAA,DEL,6E,IndiGo,6E 939,2026-09-28,15,business,,,24700.0,False,13:00,ok,2026-09-13T01:36:34.204534+05:30,2026-09-13_0136IST,airline_direct,IndiGo
MAA,DEL,6E,IndiGo,6E 939,2026-09-28,15,economy,,,9830.0,False,13:00,ok,2026-09-13T01:36:34.204534+05:30,2026-09-13_0136IST,airline_direct,IndiGo
MAA,DEL,6E,IndiGo,6E 948,2026-09-28,15,business,,,24700.0,False,14:30,ok,2026-09-13T01:36:34.204534+05:30,2026-09-13_0136IST,airline_direct,IndiGo
MAA,DEL,6E,IndiGo,6E 948,2026-09-28,15,economy,,,9830.0,False,14:30,ok,2026-09-13T01:36:34.204534+05:30,2026-09-13_0136IST,airline_direct,IndiGo
MAA,DEL,6E,IndiGo,6E 698,2026-09-28,15,business,,,24700.0,False,16:45,ok,2026-09-13T01:36:34.204534+05:30,2026-09-13_0136IST,airline_direct,IndiGo
MAA,DEL,6E,IndiGo,6E 698,2026-09-28,15,economy,,,9830.0,False,16:45,ok,2026-09-13T01:36:34.204534+05:30,2026-09-13_0136IST,airline_direct,IndiGo
MAA,DEL,6E,IndiGo,6E 613,2026-09-28,15,business,,,24700.0,False,19:00,ok,2026-09-13T01:36:34.204534+05:30,2026-09-13_0136IST,airline_direct,IndiGo
MAA,DEL,6E,IndiGo,6E 613,2026-09-28,15,economy,,,9830.0,False,19:00,ok,2026-09-13T01:36:34.204534+05:30,2026-09-13_0136IST,airline_direct,IndiGo
MAA,DEL,6E,IndiGo,6E 951,2026-09-28,15,business,,,24700.0,False,21:50,ok,2026-09-13T01:36:34.204534+05:30,2026-09-13_0136IST,airline_direct,IndiGo
MAA,DEL,6E,IndiGo,6E 951,2026-09-28,15,economy,,,9830.0,False,21:50,ok,2026-09-13T01:36:34.204534+05:30,2026-09-13_0136IST,airline_direct,IndiGo
MAA,DEL,6E,IndiGo,6E 2369,2026-09-28,15,business,,,24700.0,False,23:45,ok,2026-09-13T01:36:34.204534+05:30,2026-09-13_0136IST,airline_direct,IndiGo
MAA,DEL,6E,IndiGo,6E 2369,2026-09-28,15,economy,,,9830.0,False,23:45,ok,2026-09-13T01:36:34.204534+05:30,2026-09-13_0136IST,airline_direct,IndiGo
MAA,DEL,6E,IndiGo,6E 937,2026-09-28,15,business,,,24700.0,False,06:30,ok,2026-09-13T01:36:34.204534+05:30,2026-09-13_0136IST,airline_direct,IndiGo
MAA,DEL,6E,IndiGo,6E 937,2026-09-28,15,economy,,,10295.0,False,06:30,ok,2026-09-13T01:36:34.204534+05:30,2026-09-13_0136IST,airline_direct,IndiGo
MAA,DEL,6E,IndiGo,6E 597,2026-09-28,15,economy,,,10146.0,False,17:45,ok,2026-09-13T01:36:34.204534+05:30,2026-09-13_0136IST,airline_direct,IndiGo
MAA,DEL,6E,IndiGo,6E 244,2026-09-28,15,economy,,,10535.0,False,03:55,ok,2026-09-13T01:36:34.204534+05:30,2026-09-13_0136IST,airline_direct,IndiGo
MAA,DEL,6E,IndiGo,6E 834,2026-09-28,15,business,,,27420.0,False,09:05,ok,2026-09-13T01:36:34.204534+05:30,2026-09-13_0136IST,airline_direct,IndiGo
MAA,DEL,6E,IndiGo,6E 834,2026-09-28,15,economy,,,10535.0,False,09:05,ok,2026-09-13T01:36:34.204534+05:30,2026-09-13_0136IST,airline_direct,IndiGo
MAA,DEL,6E,IndiGo,6E 372,2026-09-28,15,business,,,27358.0,False,09:55,ok,2026-09-13T01:36:34.204534+05:30,2026-09-13_0136IST,airline_direct,IndiGo
MAA,DEL,6E,IndiGo,6E 372,2026-09-28,15,economy,,,10535.0,False,09:55,ok,2026-09-13T01:36:34.204534+05:30,2026-09-13_0136IST,airline_direct,IndiGo
MAA,DEL,6E,IndiGo,6E 6158,2026-09-28,15,business,,,27420.0,False,16:10,ok,2026-09-13T01:36:34.204534+05:30,2026-09-13_0136IST,airline_direct,IndiGo
MAA,DEL,6E,IndiGo,6E 6158,2026-09-28,15,economy,,,10535.0,False,16:10,ok,2026-09-13T01:36:34.204534+05:30,2026-09-13_0136IST,airline_direct,IndiGo
MAA,DEL,6E,IndiGo,6E 848,2026-09-28,15,economy,,,10535.0,False,17:50,ok,2026-09-13T01:36:34.204534+05:30,2026-09-13_0136IST,airline_direct,IndiGo
MAA,DEL,6E,IndiGo,6E 489,2026-09-28,15,economy,,,10535.0,False,18:15,ok,2026-09-13T01:36:34.204534+05:30,2026-09-13_0136IST,airline_direct,IndiGo
MAA,DEL,6E,IndiGo,6E 562,2026-09-28,15,business,,,27420.0,False,18:20,ok,2026-09-13T01:36:34.204534+05:30,2026-09-13_0136IST,airline_direct,IndiGo
MAA,DEL,6E,IndiGo,6E 562,2026-09-28,15,economy,,,10535.0,False,18:20,ok,2026-09-13T01:36:34.204534+05:30,2026-09-13_0136IST,airline_direct,IndiGo
MAA,DEL,6E,IndiGo,6E 193,2026-09-28,15,business,,,27420.0,False,20:00,ok,2026-09-13T01:36:34.204534+05:30,2026-09-13_0136IST,airline_direct,IndiGo
MAA,DEL,6E,IndiGo,6E 193,2026-09-28,15,economy,,,10535.0,False,20:00,ok,2026-09-13T01:36:34.204534+05:30,2026-09-13_0136IST,airline_direct,IndiGo
MAA,DEL,6E,IndiGo,6E 561,2026-09-28,15,business,,,27823.0,False,22:20,ok,2026-09-13T01:36:34.204534+05:30,2026-09-13_0136IST,airline_direct,IndiGo
MAA,DEL,6E,IndiGo,6E 561,2026-09-28,15,economy,,,10535.0,False,22:20,ok,2026-09-13T01:36:34.204534+05:30,2026-09-13_0136IST,airline_direct,IndiGo
MAA,DEL,6E,IndiGo,6E 6815,2026-09-28,15,business,,,31290.0,False,08:55,ok,2026-09-13T01:36:34.204534+05:30,2026-09-13_0136IST,airline_direct,IndiGo
MAA,DEL,6E,IndiGo,6E 6815,2026-09-28,15,economy,,,10614.0,False,08:55,ok,2026-09-13T01:36:34.204534+05:30,2026-09-13_0136IST,airline_direct,IndiGo
MAA,DEL,6E,IndiGo,6E 6892,2026-09-28,15,business,,,29704.0,False,10:55,ok,2026-09-13T01:36:34.204534+05:30,2026-09-13_0136IST,airline_direct,IndiGo
MAA,DEL,6E,IndiGo,6E 6892,2026-09-28,15,economy,,,10614.0,False,10:55,ok,2026-09-13T01:36:34.204534+05:30,2026-09-13_0136IST,airline_direct,IndiGo
MAA,DEL,6E,IndiGo,6E 6892,2026-09-28,15,business,,,29704.0,False,10:55,ok,2026-09-13T01:36:34.204534+05:30,2026-09-13_0136IST,airline_direct,IndiGo
MAA,DEL,6E,IndiGo,6E 6892,2026-09-28,15,economy,,,10614.0,False,10:55,ok,2026-09-13T01:36:34.204534+05:30,2026-09-13_0136IST,airline_direct,IndiGo
MAA,DEL,6E,IndiGo,6E 6005,2026-09-28,15,economy,,,10614.0,False,15:45,ok,2026-09-13T01:36:34.204534+05:30,2026-09-13_0136IST,airline_direct,IndiGo
MAA,DEL,6E,IndiGo,6E 365,2026-09-28,15,business,,,29704.0,False,17:45,ok,2026-09-13T01:36:34.204534+05:30,2026-09-13_0136IST,airline_direct,IndiGo
MAA,DEL,6E,IndiGo,6E 365,2026-09-28,15,economy,,,10614.0,False,17:45,ok,2026-09-13T01:36:34.204534+05:30,2026-09-13_0136IST,airline_direct,IndiGo
MAA,DEL,6E,IndiGo,6E 6812,2026-09-28,15,economy,,,10614.0,False,20:00,ok,2026-09-13T01:36:34.204534+05:30,2026-09-13_0136IST,airline_direct,IndiGo
MAA,DEL,6E,IndiGo,6E 5093,2026-09-28,15,business,,,35375.0,False,05:00,ok,2026-09-13T01:36:34.204534+05:30,2026-09-13_0136IST,airline_direct,IndiGo
MAA,DEL,6E,IndiGo,6E 5093,2026-09-28,15,economy,,,10745.0,False,05:00,ok,2026-09-13T01:36:34.204534+05:30,2026-09-13_0136IST,airline_direct,IndiGo
MAA,DEL,6E,IndiGo,6E 6348,2026-09-28,15,business,,,35375.0,False,09:00,ok,2026-09-13T01:36:34.204534+05:30,2026-09-13_0136IST,airline_direct,IndiGo
MAA,DEL,6E,IndiGo,6E 6348,2026-09-28,15,economy,,,10745.0,False,09:00,ok,2026-09-13T01:36:34.204534+05:30,2026-09-13_0136IST,airline_direct,IndiGo
MAA,DEL,6E,IndiGo,6E 5214,2026-09-28,15,business,,,35375.0,False,11:00,ok,2026-09-13T01:36:34.204534+05:30,2026-09-13_0136IST,airline_direct,IndiGo
MAA,DEL,6E,IndiGo,6E 5214,2026-09-28,15,economy,,,10745.0,False,11:00,ok,2026-09-13T01:36:34.204534+05:30,2026-09-13_0136IST,airline_direct,IndiGo
MAA,DEL,6E,IndiGo,6E 6326,2026-09-28,15,business,,,34580.0,False,11:45,ok,2026-09-13T01:36:34.204534+05:30,2026-09-13_0136IST,airline_direct,IndiGo
MAA,DEL,6E,IndiGo,6E 6326,2026-09-28,15,economy,,,10745.0,False,11:45,ok,2026-09-13T01:36:34.204534+05:30,2026-09-13_0136IST,airline_direct,IndiGo
MAA,DEL,6E,IndiGo,6E 5258,2026-09-28,15,business,,,35375.0,False,12:45,ok,2026-09-13T01:36:34.204534+05:30,2026-09-13_0136IST,airline_direct,IndiGo
MAA,DEL,6E,IndiGo,6E 5258,2026-09-28,15,economy,,,10745.0,False,12:45,ok,2026-09-13T01:36:34.204534+05:30,2026-09-13_0136IST,airline_direct,IndiGo
MAA,DEL,6E,IndiGo,6E 5258,2026-09-28,15,business,,,35375.0,False,12:45,ok,2026-09-13T01:36:34.204534+05:30,2026-09-13_0136IST,airline_direct,IndiGo
MAA,DEL,6E,IndiGo,6E 5258,2026-09-28,15,economy,,,10745.0,False,12:45,ok,2026-09-13T01:36:34.204534+05:30,2026-09-13_0136IST,airline_direct,IndiGo
MAA,DEL,6E,IndiGo,6E 981,2026-09-28,15,economy,,,10745.0,False,13:50,ok,2026-09-13T01:36:34.204534+05:30,2026-09-13_0136IST,airline_direct,IndiGo
MAA,DEL,6E,IndiGo,6E 5371,2026-09-28,15,business,,,35375.0,False,14:45,ok,2026-09-13T01:36:34.204534+05:30,2026-09-13_0136IST,airline_direct,IndiGo
MAA,DEL,6E,IndiGo,6E 5371,2026-09-28,15,economy,,,10745.0,False,14:45,ok,2026-09-13T01:36:34.204534+05:30,2026-09-13_0136IST,airline_direct,IndiGo
MAA,DEL,6E,IndiGo,6E 5104,2026-09-28,15,business,,,35375.0,False,16:40,ok,2026-09-13T01:36:34.204534+05:30,2026-09-13_0136IST,airline_direct,IndiGo
MAA,DEL,6E,IndiGo,6E 5104,2026-09-28,15,economy,,,10745.0,False,16:40,ok,2026-09-13T01:36:34.204534+05:30,2026-09-13_0136IST,airline_direct,IndiGo
MAA,DEL,6E,IndiGo,6E 5367,2026-09-28,15,business,,,35375.0,False,18:15,ok,2026-09-13T01:36:34.204534+05:30,2026-09-13_0136IST,airline_direct,IndiGo
MAA,DEL,6E,IndiGo,6E 5367,2026-09-28,15,economy,,,10745.0,False,18:15,ok,2026-09-13T01:36:34.204534+05:30,2026-09-13_0136IST,airline_direct,IndiGo
MAA,DEL,6E,IndiGo,6E 495,2026-09-28,15,business,,,27420.0,False,07:10,ok,2026-09-13T01:36:34.204534+05:30,2026-09-13_0136IST,airline_direct,IndiGo
MAA,DEL,6E,IndiGo,6E 495,2026-09-28,15,economy,,,11366.0,False,07:10,ok,2026-09-13T01:36:34.204534+05:30,2026-09-13_0136IST,airline_direct,IndiGo
MAA,DEL,6E,IndiGo,6E 372,2026-09-28,15,business,,,27358.0,False,09:55,ok,2026-09-13T01:36:34.204534+05:30,2026-09-13_0136IST,airline_direct,IndiGo
MAA,DEL,6E,IndiGo,6E 372,2026-09-28,15,economy,,,11366.0,False,09:55,ok,2026-09-13T01:36:34.204534+05:30,2026-09-13_0136IST,airline_direct,IndiGo
MAA,DEL,6E,IndiGo,6E 502,2026-09-28,15,business,,,28769.0,False,11:10,ok,2026-09-13T01:36:34.204534+05:30,2026-09-13_0136IST,airline_direct,IndiGo
MAA,DEL,6E,IndiGo,6E 502,2026-09-28,15,economy,,,11366.0,False,11:10,ok,2026-09-13T01:36:34.204534+05:30,2026-09-13_0136IST,airline_direct,IndiGo
MAA,DEL,6E,IndiGo,6E 6925,2026-09-28,15,business,,,33307.0,False,12:00,ok,2026-09-13T01:36:34.204534+05:30,2026-09-13_0136IST,airline_direct,IndiGo
MAA,DEL,6E,IndiGo,6E 6925,2026-09-28,15,economy,,,11366.0,False,12:00,ok,2026-09-13T01:36:34.204534+05:30,2026-09-13_0136IST,airline_direct,IndiGo
MAA,DEL,6E,IndiGo,6E 183,2026-09-28,15,business,,,28769.0,False,16:35,ok,2026-09-13T01:36:34.204534+05:30,2026-09-13_0136IST,airline_direct,IndiGo
MAA,DEL,6E,IndiGo,6E 183,2026-09-28,15,economy,,,11366.0,False,16:35,ok,2026-09-13T01:36:34.204534+05:30,2026-09-13_0136IST,airline_direct,IndiGo
MAA,DEL,6E,IndiGo,6E 6081,2026-09-28,15,business,,,29704.0,False,07:05,ok,2026-09-13T01:36:34.204534+05:30,2026-09-13_0136IST,airline_direct,IndiGo
MAA,DEL,6E,IndiGo,6E 6081,2026-09-28,15,economy,,,11445.0,False,07:05,ok,2026-09-13T01:36:34.204534+05:30,2026-09-13_0136IST,airline_direct,IndiGo
MAA,DEL,6E,IndiGo,6E 6209,2026-09-28,15,business,,,30048.0,False,14:35,ok,2026-09-13T01:36:34.204534+05:30,2026-09-13_0136IST,airline_direct,IndiGo
MAA,DEL,6E,IndiGo,6E 6209,2026-09-28,15,economy,,,11445.0,False,14:35,ok,2026-09-13T01:36:34.204534+05:30,2026-09-13_0136IST,airline_direct,IndiGo
MAA,DEL,6E,IndiGo,6E 847,2026-09-28,15,business,,,29704.0,False,16:15,ok,2026-09-13T01:36:34.204534+05:30,2026-09-13_0136IST,airline_direct,IndiGo
MAA,DEL,6E,IndiGo,6E 847,2026-09-28,15,economy,,,11445.0,False,16:15,ok,2026-09-13T01:36:34.204534+05:30,2026-09-13_0136IST,airline_direct,IndiGo
MAA,DEL,6E,IndiGo,6E 189,2026-09-28,15,business,,,30424.0,False,19:05,ok,2026-09-13T01:36:34.204534+05:30,2026-09-13_0136IST,airline_direct,IndiGo
MAA,DEL,6E,IndiGo,6E 189,2026-09-28,15,economy,,,11445.0,False,19:05,ok,2026-09-13T01:36:34.204534+05:30,2026-09-13_0136IST,airline_direct,IndiGo
MAA,DEL,6E,IndiGo,6E 321,2026-09-28,15,business,,,30568.0,False,08:20,ok,2026-09-13T01:36:34.204534+05:30,2026-09-13_0136IST,airline_direct,IndiGo
MAA,DEL,6E,IndiGo,6E 321,2026-09-28,15,economy,,,11576.0,False,08:20,ok,2026-09-13T01:36:34.204534+05:30,2026-09-13_0136IST,airline_direct,IndiGo
MAA,DEL,6E,IndiGo,6E 606,2026-09-28,15,economy,,,11576.0,False,18:05,ok,2026-09-13T01:36:34.204534+05:30,2026-09-13_0136IST,airline_direct,IndiGo
MAA,DEL,6E,IndiGo,6E 607,2026-09-28,15,business,,,27587.0,False,05:40,ok,2026-09-13T01:36:34.204534+05:30,2026-09-13_0136IST,airline_direct,IndiGo
MAA,DEL,6E,IndiGo,6E 607,2026-09-28,15,economy,,,12168.0,False,05:40,ok,2026-09-13T01:36:34.204534+05:30,2026-09-13_0136IST,airline_direct,IndiGo
MAA,DEL,6E,IndiGo,6E 834,2026-09-28,15,business,,,27420.0,False,09:05,ok,2026-09-13T01:36:34.204534+05:30,2026-09-13_0136IST,airline_direct,IndiGo
MAA,DEL,6E,IndiGo,6E 834,2026-09-28,15,economy,,,12277.0,False,09:05,ok,2026-09-13T01:36:34.204534+05:30,2026-09-13_0136IST,airline_direct,IndiGo
MAA,DEL,6E,IndiGo,6E 6925,2026-09-28,15,business,,,33307.0,False,12:00,ok,2026-09-13T01:36:34.204534+05:30,2026-09-13_0136IST,airline_direct,IndiGo
MAA,DEL,6E,IndiGo,6E 6925,2026-09-28,15,economy,,,12277.0,False,12:00,ok,2026-09-13T01:36:34.204534+05:30,2026-09-13_0136IST,airline_direct,IndiGo
MAA,DEL,6E,IndiGo,6E 6209,2026-09-28,15,business,,,30048.0,False,14:35,ok,2026-09-13T01:36:34.204534+05:30,2026-09-13_0136IST,airline_direct,IndiGo
MAA,DEL,6E,IndiGo,6E 6209,2026-09-28,15,economy,,,12277.0,False,14:35,ok,2026-09-13T01:36:34.204534+05:30,2026-09-13_0136IST,airline_direct,IndiGo
MAA,DEL,6E,IndiGo,6E 6487,2026-09-28,15,business,,,26857.0,False,21:25,ok,2026-09-13T01:36:34.204534+05:30,2026-09-13_0136IST,airline_direct,IndiGo
MAA,DEL,6E,IndiGo,6E 6487,2026-09-28,15,economy,,,12277.0,False,21:25,ok,2026-09-13T01:36:34.204534+05:30,2026-09-13_0136IST,airline_direct,IndiGo
MAA,DEL,6E,IndiGo,6E 6081,2026-09-28,15,business,,,29704.0,False,07:05,ok,2026-09-13T01:36:34.204534+05:30,2026-09-13_0136IST,airline_direct,IndiGo
MAA,DEL,6E,IndiGo,6E 6081,2026-09-28,15,economy,,,12356.0,False,07:05,ok,2026-09-13T01:36:34.204534+05:30,2026-09-13_0136IST,airline_direct,IndiGo
MAA,DEL,6E,IndiGo,6E 253,2026-09-28,15,business,,,27587.0,False,03:10,ok,2026-09-13T01:36:34.204534+05:30,2026-09-13_0136IST,airline_direct,IndiGo
MAA,DEL,6E,IndiGo,6E 253,2026-09-28,15,economy,,,12483.0,False,03:10,ok,2026-09-13T01:36:34.204534+05:30,2026-09-13_0136IST,airline_direct,IndiGo
MAA,DEL,6E,IndiGo,6E 6348,2026-09-28,15,business,,,35375.0,False,09:00,ok,2026-09-13T01:36:34.204534+05:30,2026-09-13_0136IST,airline_direct,IndiGo
MAA,DEL,6E,IndiGo,6E 6348,2026-09-28,15,economy,,,12487.0,False,09:00,ok,2026-09-13T01:36:34.204534+05:30,2026-09-13_0136IST,airline_direct,IndiGo
MAA,DEL,6E,IndiGo,6E 973,2026-09-28,15,economy,,,13277.0,False,11:55,ok,2026-09-13T01:36:34.204534+05:30,2026-09-13_0136IST,airline_direct,IndiGo
MAA,DEL,6E,IndiGo,6E 495,2026-09-28,15,business,,,27420.0,False,07:10,ok,2026-09-13T01:36:34.204534+05:30,2026-09-13_0136IST,airline_direct,IndiGo
MAA,DEL,6E,IndiGo,6E 495,2026-09-28,15,economy,,,14780.0,False,07:10,ok,2026-09-13T01:36:34.204534+05:30,2026-09-13_0136IST,airline_direct,IndiGo
MAA,DEL,6E,IndiGo,6E 6140,2026-09-28,15,business,,,31458.0,False,02:30,ok,2026-09-13T01:36:34.204534+05:30,2026-09-13_0136IST,airline_direct,IndiGo
MAA,DEL,6E,IndiGo,6E 6140,2026-09-28,15,economy,,,15232.0,False,02:30,ok,2026-09-13T01:36:34.204534+05:30,2026-09-13_0136IST,airline_direct,IndiGo
MAA,DEL,6E,IndiGo,6E 6140,2026-09-28,15,business,,,31458.0,False,02:30,ok,2026-09-13T01:36:34.204534+05:30,2026-09-13_0136IST,airline_direct,IndiGo
MAA,DEL,6E,IndiGo,6E 6140,2026-09-28,15,economy,,,15494.0,False,02:30,ok,2026-09-13T01:36:34.204534+05:30,2026-09-13_0136IST,airline_direct,IndiGo
MAA,DEL,6E,IndiGo,6E 401,2026-09-28,15,economy,,,17465.0,False,08:10,ok,2026-09-13T01:36:34.204534+05:30,2026-09-13_0136IST,airline_direct,IndiGo
