origin,destination,carrier_code,carrier_name,flight_num,travel_date,advance_purchase_days,fare_class,base_fare,taxes_and_fees,total_fare,fare_split_estimated,departure_time,status,scraped_at,capture_run,source,source_name
DEL,BLR,6E,IndiGo,6E 820,2026-09-26,1,business,,,29942.0,False,03:00,ok,2026-09-25T15:13:41.845172+05:30,2026-09-25_1513IST,airline_direct,IndiGo
DEL,BLR,6E,IndiGo,6E 820,2026-09-26,1,economy,,,8671.0,False,03:00,ok,2026-09-25T15:13:41.845172+05:30,2026-09-25_1513IST,airline_direct,IndiGo
DEL,BLR,6E,IndiGo,6E 2314,2026-09-26,1,business,,,29942.0,False,05:45,ok,2026-09-25T15:13:41.845172+05:30,2026-09-25_1513IST,airline_direct,IndiGo
DEL,BLR,6E,IndiGo,6E 2314,2026-09-26,1,economy,,,8671.0,False,05:45,ok,2026-09-25T15:13:41.845172+05:30,2026-09-25_1513IST,airline_direct,IndiGo
DEL,BLR,6E,IndiGo,6E 810,2026-09-26,1,business,,,29942.0,False,07:05,ok,2026-09-25T15:13:41.845172+05:30,2026-09-25_1513IST,airline_direct,IndiGo
DEL,BLR,6E,IndiGo,6E 810,2026-09-26,1,economy,,,8671.0,False,07:05,ok,2026-09-25T15:13:41.845172+05:30,2026-09-25_1513IST,airline_direct,IndiGo
DEL,BLR,6E,IndiGo,6E 873,2026-09-26,1,business,,,29942.0,False,08:20,ok,2026-09-25T15:13:41.845172+05:30,2026-09-25_1513IST,airline_direct,IndiGo
DEL,BLR,6E,IndiGo,6E 873,2026-09-26,1,economy,,,8671.0,False,08:20,ok,2026-09-25T15:13:41.845172+05:30,2026-09-25_1513IST,airline_direct,IndiGo
DEL,BLR,6E,IndiGo,6E 811,2026-09-26,1,business,,,29942.0,False,18:20,ok,2026-09-25T15:13:41.845172+05:30,2026-09-25_1513IST,airline_direct,IndiGo
DEL,BLR,6E,IndiGo,6E 811,2026-09-26,1,economy,,,8671.0,False,18:20,ok,2026-09-25T15:13:41.845172+05:30,2026-09-25_1513IST,airline_direct,IndiGo
DEL,BLR,6E,IndiGo,6E 861,2026-09-26,1,business,,,29942.0,False,19:30,ok,2026-09-25T15:13:41.845172+05:30,2026-09-25_1513IST,airline_direct,IndiGo
DEL,BLR,6E,IndiGo,6E 861,2026-09-26,1,economy,,,8671.0,False,19:30,ok,2026-09-25T15:13:41.845172+05:30,2026-09-25_1513IST,airline_direct,IndiGo
DEL,BLR,6E,IndiGo,6E 6515,2026-09-26,1,business,,,29942.0,False,20:45,ok,2026-09-25T15:13:41.845172+05:30,2026-09-25_1513IST,airline_direct,IndiGo
DEL,BLR,6E,IndiGo,6E 6515,2026-09-26,1,economy,,,8671.0,False,20:45,ok,2026-09-25T15:13:41.845172+05:30,2026-09-25_1513IST,airline_direct,IndiGo
DEL,BLR,6E,IndiGo,6E 846,2026-09-26,1,business,,,29942.0,False,22:00,ok,2026-09-25T15:13:41.845172+05:30,2026-09-25_1513IST,airline_direct,IndiGo
DEL,BLR,6E,IndiGo,6E 846,2026-09-26,1,economy,,,8671.0,False,22:00,ok,2026-09-25T15:13:41.845172+05:30,2026-09-25_1513IST,airline_direct,IndiGo
DEL,BLR,6E,IndiGo,6E 826,2026-09-26,1,business,,,29942.0,False,09:30,ok,2026-09-25T15:13:41.845172+05:30,2026-09-25_1513IST,airline_direct,IndiGo
DEL,BLR,6E,IndiGo,6E 826,2026-09-26,1,economy,,,9128.0,False,09:30,ok,2026-09-25T15:13:41.845172+05:30,2026-09-25_1513IST,airline_direct,IndiGo
DEL,BLR,6E,IndiGo,6E 850,2026-09-26,1,business,,,29942.0,False,12:20,ok,2026-09-25T15:13:41.845172+05:30,2026-09-25_1513IST,airline_direct,IndiGo
DEL,BLR,6E,IndiGo,6E 850,2026-09-26,1,economy,,,9128.0,False,12:20,ok,2026-09-25T15:13:41.845172+05:30,2026-09-25_1513IST,airline_direct,IndiGo
DEL,BLR,6E,IndiGo,6E 176,2026-09-26,1,business,,,29942.0,False,13:15,ok,2026-09-25T15:13:41.845172+05:30,2026-09-25_1513IST,airline_direct,IndiGo
DEL,BLR,6E,IndiGo,6E 176,2026-09-26,1,economy,,,9128.0,False,13:15,ok,2026-09-25T15:13:41.845172+05:30,2026-09-25_1513IST,airline_direct,IndiGo
DEL,BLR,6E,IndiGo,6E 828,2026-09-26,1,business,,,29942.0,False,14:30,ok,2026-09-25T15:13:41.845172+05:30,2026-09-25_1513IST,airline_direct,IndiGo
DEL,BLR,6E,IndiGo,6E 828,2026-09-26,1,economy,,,9128.0,False,14:30,ok,2026-09-25T15:13:41.845172+05:30,2026-09-25_1513IST,airline_direct,IndiGo
DEL,BLR,6E,IndiGo,6E 880,2026-09-26,1,business,,,31228.0,False,15:45,ok,2026-09-25T15:13:41.845172+05:30,2026-09-25_1513IST,airline_direct,IndiGo
DEL,BLR,6E,IndiGo,6E 880,2026-09-26,1,economy,,,9128.0,False,15:45,ok,2026-09-25T15:13:41.845172+05:30,2026-09-25_1513IST,airline_direct,IndiGo
DEL,BLR,6E,IndiGo,6E 837,2026-09-26,1,business,,,29942.0,False,17:00,ok,2026-09-25T15:13:41.845172+05:30,2026-09-25_1513IST,airline_direct,IndiGo
DEL,BLR,6E,IndiGo,6E 837,2026-09-26,1,economy,,,9128.0,False,17:00,ok,2026-09-25T15:13:41.845172+05:30,2026-09-25_1513IST,airline_direct,IndiGo
DEL,BLR,6E,IndiGo,6E 842,2026-09-26,1,business,,,29942.0,False,10:45,ok,2026-09-25T15:13:41.845172+05:30,2026-09-25_1513IST,airline_direct,IndiGo
DEL,BLR,6E,IndiGo,6E 842,2026-09-26,1,economy,,,9613.0,False,10:45,ok,2026-09-25T15:13:41.845172+05:30,2026-09-25_1513IST,airline_direct,IndiGo
DEL,BLR,6E,IndiGo,6E 6476,2026-09-26,1,economy,,,9084.0,False,07:05,ok,2026-09-25T15:13:41.845172+05:30,2026-09-25_1513IST,airline_direct,IndiGo
DEL,BLR,6E,IndiGo,6E 704,2026-09-26,1,business,,,31064.0,False,02:25,ok,2026-09-25T15:13:41.845172+05:30,2026-09-25_1513IST,airline_direct,IndiGo
DEL,BLR,6E,IndiGo,6E 704,2026-09-26,1,economy,,,9946.0,False,02:25,ok,2026-09-25T15:13:41.845172+05:30,2026-09-25_1513IST,airline_direct,IndiGo
DEL,BLR,6E,IndiGo,6E 6282,2026-09-26,1,business,,,29802.0,False,13:30,ok,2026-09-25T15:13:41.845172+05:30,2026-09-25_1513IST,airline_direct,IndiGo
DEL,BLR,6E,IndiGo,6E 6282,2026-09-26,1,economy,,,9946.0,False,13:30,ok,2026-09-25T15:13:41.845172+05:30,2026-09-25_1513IST,airline_direct,IndiGo
DEL,BLR,6E,IndiGo,6E 6217,2026-09-26,1,business,,,32459.0,False,16:15,ok,2026-09-25T15:13:41.845172+05:30,2026-09-25_1513IST,airline_direct,IndiGo
DEL,BLR,6E,IndiGo,6E 6217,2026-09-26,1,economy,,,9946.0,False,16:15,ok,2026-09-25T15:13:41.845172+05:30,2026-09-25_1513IST,airline_direct,IndiGo
DEL,BLR,6E,IndiGo,6E 717,2026-09-26,1,business,,,31064.0,False,17:55,ok,2026-09-25T15:13:41.845172+05:30,2026-09-25_1513IST,airline_direct,IndiGo
DEL,BLR,6E,IndiGo,6E 717,2026-09-26,1,economy,,,9946.0,False,17:55,ok,2026-09-25T15:13:41.845172+05:30,2026-09-25_1513IST,airline_direct,IndiGo
DEL,BLR,6E,IndiGo,6E 2151,2026-09-26,1,economy,,,9994.0,False,19:45,ok,2026-09-25T15:13:41.845172+05:30,2026-09-25_1513IST,airline_direct,IndiGo
DEL,BLR,6E,IndiGo,6E 2343,2026-09-26,1,business,,,26315.0,False,02:20,ok,2026-09-25T15:13:41.845172+05:30,2026-09-25_1513IST,airline_direct,IndiGo
DEL,BLR,6E,IndiGo,6E 2343,2026-09-26,1,economy,,,10077.0,False,02:20,ok,2026-09-25T15:13:41.845172+05:30,2026-09-25_1513IST,airline_direct,IndiGo
DEL,BLR,6E,IndiGo,6E 6459,2026-09-26,1,economy,,,10077.0,False,05:55,ok,2026-09-25T15:13:41.845172+05:30,2026-09-25_1513IST,airline_direct,IndiGo
DEL,BLR,6E,IndiGo,6E 2557,2026-09-26,1,economy,,,10077.0,False,15:20,ok,2026-09-25T15:13:41.845172+05:30,2026-09-25_1513IST,airline_direct,IndiGo
DEL,BLR,6E,IndiGo,6E 734,2026-09-26,1,economy,,,10077.0,False,16:20,ok,2026-09-25T15:13:41.845172+05:30,2026-09-25_1513IST,airline_direct,IndiGo
DEL,BLR,6E,IndiGo,6E 6706,2026-09-26,1,business,,,40536.0,False,17:00,ok,2026-09-25T15:13:41.845172+05:30,2026-09-25_1513IST,airline_direct,IndiGo
DEL,BLR,6E,IndiGo,6E 6706,2026-09-26,1,economy,,,10077.0,False,17:00,ok,2026-09-25T15:13:41.845172+05:30,2026-09-25_1513IST,airline_direct,IndiGo
DEL,BLR,6E,IndiGo,6E 6829,2026-09-26,1,economy,,,10077.0,False,17:20,ok,2026-09-25T15:13:41.845172+05:30,2026-09-25_1513IST,airline_direct,IndiGo
DEL,BLR,6E,IndiGo,6E 329,2026-09-26,1,business,,,40536.0,False,18:00,ok,2026-09-25T15:13:41.845172+05:30,2026-09-25_1513IST,airline_direct,IndiGo
DEL,BLR,6E,IndiGo,6E 329,2026-09-26,1,economy,,,10077.0,False,18:00,ok,2026-09-25T15:13:41.845172+05:30,2026-09-25_1513IST,airline_direct,IndiGo
DEL,BLR,6E,IndiGo,6E 329,2026-09-26,1,business,,,40536.0,False,18:00,ok,2026-09-25T15:13:41.845172+05:30,2026-09-25_1513IST,airline_direct,IndiGo
DEL,BLR,6E,IndiGo,6E 329,2026-09-26,1,economy,,,10077.0,False,18:00,ok,2026-09-25T15:13:41.845172+05:30,2026-09-25_1513IST,airline_direct,IndiGo
DEL,BLR,6E,IndiGo,6E 6179,2026-09-26,1,economy,,,10077.0,False,18:30,ok,2026-09-25T15:13:41.845172+05:30,2026-09-25_1513IST,airline_direct,IndiGo
DEL,BLR,6E,IndiGo,6E 931,2026-09-26,1,economy,,,10077.0,False,19:35,ok,2026-09-25T15:13:41.845172+05:30,2026-09-25_1513IST,airline_direct,IndiGo
DEL,BLR,6E,IndiGo,6E 2618,2026-09-26,1,business,,,26160.0,False,23:00,ok,2026-09-25T15:13:41.845172+05:30,2026-09-25_1513IST,airline_direct,IndiGo
DEL,BLR,6E,IndiGo,6E 2618,2026-09-26,1,economy,,,10077.0,False,23:00,ok,2026-09-25T15:13:41.845172+05:30,2026-09-25_1513IST,airline_direct,IndiGo
DEL,BLR,6E,IndiGo,6E 6115,2026-09-26,1,business,,,31327.0,False,13:10,ok,2026-09-25T15:13:41.845172+05:30,2026-09-25_1513IST,airline_direct,IndiGo
DEL,BLR,6E,IndiGo,6E 6115,2026-09-26,1,economy,,,10156.0,False,13:10,ok,2026-09-25T15:13:41.845172+05:30,2026-09-25_1513IST,airline_direct,IndiGo
DEL,BLR,6E,IndiGo,6E 5038,2026-09-26,1,economy,,,10156.0,False,14:00,ok,2026-09-25T15:13:41.845172+05:30,2026-09-25_1513IST,airline_direct,IndiGo
DEL,BLR,6E,IndiGo,6E 6091,2026-09-26,1,business,,,31327.0,False,15:15,ok,2026-09-25T15:13:41.845172+05:30,2026-09-25_1513IST,airline_direct,IndiGo
DEL,BLR,6E,IndiGo,6E 6091,2026-09-26,1,economy,,,10156.0,False,15:15,ok,2026-09-25T15:13:41.845172+05:30,2026-09-25_1513IST,airline_direct,IndiGo
DEL,BLR,6E,IndiGo,6E 5033,2026-09-26,1,economy,,,10156.0,False,15:50,ok,2026-09-25T15:13:41.845172+05:30,2026-09-25_1513IST,airline_direct,IndiGo
DEL,BLR,6E,IndiGo,6E 947,2026-09-26,1,business,,,31327.0,False,16:40,ok,2026-09-25T15:13:41.845172+05:30,2026-09-25_1513IST,airline_direct,IndiGo
DEL,BLR,6E,IndiGo,6E 947,2026-09-26,1,economy,,,10156.0,False,16:40,ok,2026-09-25T15:13:41.845172+05:30,2026-09-25_1513IST,airline_direct,IndiGo
DEL,BLR,6E,IndiGo,6E 6632,2026-09-26,1,economy,,,10156.0,False,17:50,ok,2026-09-25T15:13:41.845172+05:30,2026-09-25_1513IST,airline_direct,IndiGo
DEL,BLR,6E,IndiGo,6E 950,2026-09-26,1,business,,,31327.0,False,18:15,ok,2026-09-25T15:13:41.845172+05:30,2026-09-25_1513IST,airline_direct,IndiGo
DEL,BLR,6E,IndiGo,6E 950,2026-09-26,1,economy,,,10156.0,False,18:15,ok,2026-09-25T15:13:41.845172+05:30,2026-09-25_1513IST,airline_direct,IndiGo
DEL,BLR,6E,IndiGo,6E 6497,2026-09-26,1,economy,,,10287.0,False,18:40,ok,2026-09-25T15:13:41.845172+05:30,2026-09-25_1513IST,airline_direct,IndiGo
DEL,BLR,6E,IndiGo,6E 5001,2026-09-26,1,economy,,,10314.0,False,17:10,ok,2026-09-25T15:13:41.845172+05:30,2026-09-25_1513IST,airline_direct,IndiGo
DEL,BLR,6E,IndiGo,6E 6673,2026-09-26,1,business,,,26012.0,False,21:15,ok,2026-09-25T15:13:41.845172+05:30,2026-09-25_1513IST,airline_direct,IndiGo
DEL,BLR,6E,IndiGo,6E 6673,2026-09-26,1,economy,,,11049.0,False,21:15,ok,2026-09-25T15:13:41.845172+05:30,2026-09-25_1513IST,airline_direct,IndiGo
DEL,BLR,6E,IndiGo,6E 5073,2026-09-26,1,economy,,,12620.0,False,17:05,ok,2026-09-25T15:13:41.845172+05:30,2026-09-25_1513IST,airline_direct,IndiGo
DEL,BLR,6E,IndiGo,6E 940,2026-09-26,1,business,,,31327.0,False,09:15,ok,2026-09-25T15:13:41.845172+05:30,2026-09-25_1513IST,airline_direct,IndiGo
DEL,BLR,6E,IndiGo,6E 940,2026-09-26,1,economy,,,12760.0,False,09:15,ok,2026-09-25T15:13:41.845172+05:30,2026-09-25_1513IST,airline_direct,IndiGo
DEL,BLR,6E,IndiGo,6E 434,2026-09-26,1,business,,,31327.0,False,11:00,ok,2026-09-25T15:13:41.845172+05:30,2026-09-25_1513IST,airline_direct,IndiGo
DEL,BLR,6E,IndiGo,6E 434,2026-09-26,1,economy,,,12760.0,False,11:00,ok,2026-09-25T15:13:41.845172+05:30,2026-09-25_1513IST,airline_direct,IndiGo
DEL,BLR,6E,IndiGo,6E 320,2026-09-26,1,business,,,40536.0,False,08:00,ok,2026-09-25T15:13:41.845172+05:30,2026-09-25_1513IST,airline_direct,IndiGo
DEL,BLR,6E,IndiGo,6E 320,2026-09-26,1,economy,,,12979.0,False,08:00,ok,2026-09-25T15:13:41.845172+05:30,2026-09-25_1513IST,airline_direct,IndiGo
DEL,BLR,6E,IndiGo,6E 6047,2026-09-26,1,business,,,44135.0,False,11:00,ok,2026-09-25T15:13:41.845172+05:30,2026-09-25_1513IST,airline_direct,IndiGo
DEL,BLR,6E,IndiGo,6E 6047,2026-09-26,1,economy,,,13031.0,False,11:00,ok,2026-09-25T15:13:41.845172+05:30,2026-09-25_1513IST,airline_direct,IndiGo
DEL,BLR,6E,IndiGo,6E 6437,2026-09-26,1,business,,,27162.0,False,16:25,ok,2026-09-25T15:13:41.845172+05:30,2026-09-25_1513IST,airline_direct,IndiGo
DEL,BLR,6E,IndiGo,6E 6437,2026-09-26,1,economy,,,13226.0,False,16:25,ok,2026-09-25T15:13:41.845172+05:30,2026-09-25_1513IST,airline_direct,IndiGo
DEL,BLR,6E,IndiGo,6E 2262,2026-09-26,1,business,,,29204.0,False,06:10,ok,2026-09-25T15:13:41.845172+05:30,2026-09-25_1513IST,airline_direct,IndiGo
DEL,BLR,6E,IndiGo,6E 2262,2026-09-26,1,economy,,,13539.0,False,06:10,ok,2026-09-25T15:13:41.845172+05:30,2026-09-25_1513IST,airline_direct,IndiGo
DEL,BLR,6E,IndiGo,6E 884,2026-09-26,1,business,,,31064.0,False,11:45,ok,2026-09-25T15:13:41.845172+05:30,2026-09-25_1513IST,airline_direct,IndiGo
DEL,BLR,6E,IndiGo,6E 884,2026-09-26,1,economy,,,14230.0,False,11:45,ok,2026-09-25T15:13:41.845172+05:30,2026-09-25_1513IST,airline_direct,IndiGo
DEL,BLR,6E,IndiGo,6E 6470,2026-09-26,1,economy,,,14544.0,False,06:55,ok,2026-09-25T15:13:41.845172+05:30,2026-09-25_1513IST,airline_direct,IndiGo
DEL,BLR,6E,IndiGo,6E 5191,2026-09-26,1,economy,,,14848.0,False,05:00,ok,2026-09-25T15:13:41.845172+05:30,2026-09-25_1513IST,airline_direct,IndiGo
DEL,BLR,6E,IndiGo,6E 513,2026-09-26,1,economy,,,14848.0,False,08:30,ok,2026-09-25T15:13:41.845172+05:30,2026-09-25_1513IST,airline_direct,IndiGo
DEL,BLR,6E,IndiGo,6E 6293,2026-09-26,1,business,,,31793.0,False,09:55,ok,2026-09-25T15:13:41.845172+05:30,2026-09-25_1513IST,airline_direct,IndiGo
DEL,BLR,6E,IndiGo,6E 6293,2026-09-26,1,economy,,,14879.0,False,09:55,ok,2026-09-25T15:13:41.845172+05:30,2026-09-25_1513IST,airline_direct,IndiGo
DEL,BLR,6E,IndiGo,6E 6488,2026-09-26,1,economy,,,14887.0,False,11:20,ok,2026-09-25T15:13:41.845172+05:30,2026-09-25_1513IST,airline_direct,IndiGo
DEL,BLR,6E,IndiGo,6E 358,2026-09-26,1,business,,,35289.0,False,12:15,ok,2026-09-25T15:13:41.845172+05:30,2026-09-25_1513IST,airline_direct,IndiGo
DEL,BLR,6E,IndiGo,6E 358,2026-09-26,1,economy,,,14938.0,False,12:15,ok,2026-09-25T15:13:41.845172+05:30,2026-09-25_1513IST,airline_direct,IndiGo
DEL,BLR,6E,IndiGo,6E 5119,2026-09-26,1,economy,,,15154.0,False,05:10,ok,2026-09-25T15:13:41.845172+05:30,2026-09-25_1513IST,airline_direct,IndiGo
DEL,BLR,6E,IndiGo,6E 758,2026-09-26,1,economy,,,15829.0,False,16:10,ok,2026-09-25T15:13:41.845172+05:30,2026-09-25_1513IST,airline_direct,IndiGo
DEL,BLR,6E,IndiGo,6E 705,2026-09-26,1,business,,,33488.0,False,08:30,ok,2026-09-25T15:13:41.845172+05:30,2026-09-25_1513IST,airline_direct,IndiGo
DEL,BLR,6E,IndiGo,6E 705,2026-09-26,1,economy,,,16387.0,False,08:30,ok,2026-09-25T15:13:41.845172+05:30,2026-09-25_1513IST,airline_direct,IndiGo
DEL,BLR,6E,IndiGo,6E 2277,2026-09-26,1,business,,,38239.0,False,10:25,ok,2026-09-25T15:13:41.845172+05:30,2026-09-25_1513IST,airline_direct,IndiGo
DEL,BLR,6E,IndiGo,6E 2277,2026-09-26,1,economy,,,17447.0,False,10:25,ok,2026-09-25T15:13:41.845172+05:30,2026-09-25_1513IST,airline_direct,IndiGo
BOM,BLR,6E,IndiGo,6E 5323,2026-09-26,1,business,,,22488.0,False,01:10,ok,2026-09-25T15:14:48.521214+05:30,2026-09-25_1514IST,airline_direct,IndiGo
BOM,BLR,6E,IndiGo,6E 5323,2026-09-26,1,economy,,,5273.0,False,01:10,ok,2026-09-25T15:14:48.521214+05:30,2026-09-25_1514IST,airline_direct,IndiGo
BOM,BLR,6E,IndiGo,6E 5294,2026-09-26,1,business,,,22488.0,False,04:30,ok,2026-09-25T15:14:48.521214+05:30,2026-09-25_1514IST,airline_direct,IndiGo
BOM,BLR,6E,IndiGo,6E 5294,2026-09-26,1,economy,,,6149.0,False,04:30,ok,2026-09-25T15:14:48.521214+05:30,2026-09-25_1514IST,airline_direct,IndiGo
BOM,BLR,6E,IndiGo,6E 5296,2026-09-26,1,business,,,22488.0,False,06:30,ok,2026-09-25T15:14:48.521214+05:30,2026-09-25_1514IST,airline_direct,IndiGo
BOM,BLR,6E,IndiGo,6E 5296,2026-09-26,1,economy,,,6747.0,False,06:30,ok,2026-09-25T15:14:48.521214+05:30,2026-09-25_1514IST,airline_direct,IndiGo
BOM,BLR,6E,IndiGo,6E 5193,2026-09-26,1,economy,,,6747.0,False,08:05,ok,2026-09-25T15:14:48.521214+05:30,2026-09-25_1514IST,airline_direct,IndiGo
BOM,BLR,6E,IndiGo,6E 5092,2026-09-26,1,business,,,22488.0,False,09:50,ok,2026-09-25T15:14:48.521214+05:30,2026-09-25_1514IST,airline_direct,IndiGo
BOM,BLR,6E,IndiGo,6E 5092,2026-09-26,1,economy,,,6747.0,False,09:50,ok,2026-09-25T15:14:48.521214+05:30,2026-09-25_1514IST,airline_direct,IndiGo
BOM,BLR,6E,IndiGo,6E 5217,2026-09-26,1,business,,,22488.0,False,11:00,ok,2026-09-25T15:14:48.521214+05:30,2026-09-25_1514IST,airline_direct,IndiGo
BOM,BLR,6E,IndiGo,6E 5217,2026-09-26,1,economy,,,6747.0,False,11:00,ok,2026-09-25T15:14:48.521214+05:30,2026-09-25_1514IST,airline_direct,IndiGo
BOM,BLR,6E,IndiGo,6E 5184,2026-09-26,1,business,,,22488.0,False,12:30,ok,2026-09-25T15:14:48.521214+05:30,2026-09-25_1514IST,airline_direct,IndiGo
BOM,BLR,6E,IndiGo,6E 5184,2026-09-26,1,economy,,,6747.0,False,12:30,ok,2026-09-25T15:14:48.521214+05:30,2026-09-25_1514IST,airline_direct,IndiGo
BOM,BLR,6E,IndiGo,6E 5382,2026-09-26,1,business,,,22488.0,False,14:30,ok,2026-09-25T15:14:48.521214+05:30,2026-09-25_1514IST,airline_direct,IndiGo
BOM,BLR,6E,IndiGo,6E 5382,2026-09-26,1,economy,,,6747.0,False,14:30,ok,2026-09-25T15:14:48.521214+05:30,2026-09-25_1514IST,airline_direct,IndiGo
BOM,BLR,6E,IndiGo,6E 5071,2026-09-26,1,business,,,22488.0,False,15:35,ok,2026-09-25T15:14:48.521214+05:30,2026-09-25_1514IST,airline_direct,IndiGo
BOM,BLR,6E,IndiGo,6E 5071,2026-09-26,1,economy,,,6747.0,False,15:35,ok,2026-09-25T15:14:48.521214+05:30,2026-09-25_1514IST,airline_direct,IndiGo
BOM,BLR,6E,IndiGo,6E 5221,2026-09-26,1,business,,,22488.0,False,17:00,ok,2026-09-25T15:14:48.521214+05:30,2026-09-25_1514IST,airline_direct,IndiGo
BOM,BLR,6E,IndiGo,6E 5221,2026-09-26,1,economy,,,6747.0,False,17:00,ok,2026-09-25T15:14:48.521214+05:30,2026-09-25_1514IST,airline_direct,IndiGo
BOM,BLR,6E,IndiGo,6E 5047,2026-09-26,1,business,,,22488.0,False,18:30,ok,2026-09-25T15:14:48.521214+05:30,2026-09-25_1514IST,airline_direct,IndiGo
BOM,BLR,6E,IndiGo,6E 5047,2026-09-26,1,economy,,,6747.0,False,18:30,ok,2026-09-25T15:14:48.521214+05:30,2026-09-25_1514IST,airline_direct,IndiGo
BOM,BLR,6E,IndiGo,6E 6188,2026-09-26,1,business,,,22488.0,False,21:30,ok,2026-09-25T15:14:48.521214+05:30,2026-09-25_1514IST,airline_direct,IndiGo
BOM,BLR,6E,IndiGo,6E 6188,2026-09-26,1,economy,,,6747.0,False,21:30,ok,2026-09-25T15:14:48.521214+05:30,2026-09-25_1514IST,airline_direct,IndiGo
BOM,BLR,6E,IndiGo,6E 5388,2026-09-26,1,business,,,22488.0,False,22:20,ok,2026-09-25T15:14:48.521214+05:30,2026-09-25_1514IST,airline_direct,IndiGo
BOM,BLR,6E,IndiGo,6E 5388,2026-09-26,1,economy,,,6747.0,False,22:20,ok,2026-09-25T15:14:48.521214+05:30,2026-09-25_1514IST,airline_direct,IndiGo
BOM,BLR,6E,IndiGo,6E 6361,2026-09-26,1,economy,,,7243.0,False,05:00,ok,2026-09-25T15:14:48.521214+05:30,2026-09-25_1514IST,airline_direct,IndiGo
BOM,BLR,6E,IndiGo,6E 230,2026-09-26,1,economy,,,7243.0,False,13:55,ok,2026-09-25T15:14:48.521214+05:30,2026-09-25_1514IST,airline_direct,IndiGo
BOM,BLR,6E,IndiGo,6E 5241,2026-09-26,1,economy,,,7243.0,False,16:40,ok,2026-09-25T15:14:48.521214+05:30,2026-09-25_1514IST,airline_direct,IndiGo
BOM,BLR,6E,IndiGo,6E 5241,2026-09-26,1,economy,,,7243.0,False,16:40,ok,2026-09-25T15:14:48.521214+05:30,2026-09-25_1514IST,airline_direct,IndiGo
BOM,BLR,6E,IndiGo,6E 6057,2026-09-26,1,economy,,,7374.0,False,09:15,ok,2026-09-25T15:14:48.521214+05:30,2026-09-25_1514IST,airline_direct,IndiGo
BOM,BLR,6E,IndiGo,6E 5386,2026-09-26,1,business,,,27453.0,False,15:10,ok,2026-09-25T15:14:48.521214+05:30,2026-09-25_1514IST,airline_direct,IndiGo
BOM,BLR,6E,IndiGo,6E 5386,2026-09-26,1,economy,,,7374.0,False,15:10,ok,2026-09-25T15:14:48.521214+05:30,2026-09-25_1514IST,airline_direct,IndiGo
BOM,BLR,6E,IndiGo,6E 5386,2026-09-26,1,business,,,26723.0,False,15:10,ok,2026-09-25T15:14:48.521214+05:30,2026-09-25_1514IST,airline_direct,IndiGo
BOM,BLR,6E,IndiGo,6E 5386,2026-09-26,1,economy,,,7374.0,False,15:10,ok,2026-09-25T15:14:48.521214+05:30,2026-09-25_1514IST,airline_direct,IndiGo
BOM,BLR,6E,IndiGo,6E 5386,2026-09-26,1,business,,,26723.0,False,15:10,ok,2026-09-25T15:14:48.521214+05:30,2026-09-25_1514IST,airline_direct,IndiGo
BOM,BLR,6E,IndiGo,6E 5386,2026-09-26,1,economy,,,7374.0,False,15:10,ok,2026-09-25T15:14:48.521214+05:30,2026-09-25_1514IST,airline_direct,IndiGo
BOM,BLR,6E,IndiGo,6E 5228,2026-09-26,1,business,,,26723.0,False,16:45,ok,2026-09-25T15:14:48.521214+05:30,2026-09-25_1514IST,airline_direct,IndiGo
BOM,BLR,6E,IndiGo,6E 5228,2026-09-26,1,economy,,,7374.0,False,16:45,ok,2026-09-25T15:14:48.521214+05:30,2026-09-25_1514IST,airline_direct,IndiGo
BOM,BLR,6E,IndiGo,6E 5228,2026-09-26,1,business,,,26723.0,False,16:45,ok,2026-09-25T15:14:48.521214+05:30,2026-09-25_1514IST,airline_direct,IndiGo
BOM,BLR,6E,IndiGo,6E 5228,2026-09-26,1,economy,,,7374.0,False,16:45,ok,2026-09-25T15:14:48.521214+05:30,2026-09-25_1514IST,airline_direct,IndiGo
BOM,BLR,6E,IndiGo,6E 6349,2026-09-26,1,business,,,26046.0,False,11:40,ok,2026-09-25T15:14:48.521214+05:30,2026-09-25_1514IST,airline_direct,IndiGo
BOM,BLR,6E,IndiGo,6E 6349,2026-09-26,1,economy,,,7584.0,False,11:40,ok,2026-09-25T15:14:48.521214+05:30,2026-09-25_1514IST,airline_direct,IndiGo
BOM,BLR,6E,IndiGo,6E 6349,2026-09-26,1,business,,,26046.0,False,11:40,ok,2026-09-25T15:14:48.521214+05:30,2026-09-25_1514IST,airline_direct,IndiGo
BOM,BLR,6E,IndiGo,6E 6349,2026-09-26,1,economy,,,7584.0,False,11:40,ok,2026-09-25T15:14:48.521214+05:30,2026-09-25_1514IST,airline_direct,IndiGo
BOM,BLR,6E,IndiGo,6E 2284,2026-09-26,1,economy,,,7584.0,False,12:05,ok,2026-09-25T15:14:48.521214+05:30,2026-09-25_1514IST,airline_direct,IndiGo
BOM,BLR,6E,IndiGo,6E 673,2026-09-26,1,economy,,,7584.0,False,12:35,ok,2026-09-25T15:14:48.521214+05:30,2026-09-25_1514IST,airline_direct,IndiGo
BOM,BLR,6E,IndiGo,6E 5337,2026-09-26,1,business,,,26046.0,False,13:45,ok,2026-09-25T15:14:48.521214+05:30,2026-09-25_1514IST,airline_direct,IndiGo
BOM,BLR,6E,IndiGo,6E 5337,2026-09-26,1,economy,,,7584.0,False,13:45,ok,2026-09-25T15:14:48.521214+05:30,2026-09-25_1514IST,airline_direct,IndiGo
BOM,BLR,6E,IndiGo,6E 5337,2026-09-26,1,business,,,26046.0,False,13:45,ok,2026-09-25T15:14:48.521214+05:30,2026-09-25_1514IST,airline_direct,IndiGo
BOM,BLR,6E,IndiGo,6E 5337,2026-09-26,1,economy,,,7584.0,False,13:45,ok,2026-09-25T15:14:48.521214+05:30,2026-09-25_1514IST,airline_direct,IndiGo
BOM,BLR,6E,IndiGo,6E 5196,2026-09-26,1,business,,,26046.0,False,15:25,ok,2026-09-25T15:14:48.521214+05:30,2026-09-25_1514IST,airline_direct,IndiGo
BOM,BLR,6E,IndiGo,6E 5196,2026-09-26,1,economy,,,7584.0,False,15:25,ok,2026-09-25T15:14:48.521214+05:30,2026-09-25_1514IST,airline_direct,IndiGo
BOM,BLR,6E,IndiGo,6E 5196,2026-09-26,1,business,,,26046.0,False,15:25,ok,2026-09-25T15:14:48.521214+05:30,2026-09-25_1514IST,airline_direct,IndiGo
BOM,BLR,6E,IndiGo,6E 5196,2026-09-26,1,economy,,,7584.0,False,15:25,ok,2026-09-25T15:14:48.521214+05:30,2026-09-25_1514IST,airline_direct,IndiGo
BOM,BLR,6E,IndiGo,6E 240,2026-09-26,1,economy,,,7584.0,False,15:45,ok,2026-09-25T15:14:48.521214+05:30,2026-09-25_1514IST,airline_direct,IndiGo
BOM,BLR,6E,IndiGo,6E 437,2026-09-26,1,economy,,,7584.0,False,17:10,ok,2026-09-25T15:14:48.521214+05:30,2026-09-25_1514IST,airline_direct,IndiGo
BOM,BLR,6E,IndiGo,6E 5048,2026-09-26,1,business,,,26046.0,False,17:25,ok,2026-09-25T15:14:48.521214+05:30,2026-09-25_1514IST,airline_direct,IndiGo
BOM,BLR,6E,IndiGo,6E 5048,2026-09-26,1,economy,,,7584.0,False,17:25,ok,2026-09-25T15:14:48.521214+05:30,2026-09-25_1514IST,airline_direct,IndiGo
BOM,BLR,6E,IndiGo,6E 5126,2026-09-26,1,economy,,,7584.0,False,18:15,ok,2026-09-25T15:14:48.521214+05:30,2026-09-25_1514IST,airline_direct,IndiGo
BOM,BLR,6E,IndiGo,6E 2237,2026-09-26,1,economy,,,7584.0,False,18:40,ok,2026-09-25T15:14:48.521214+05:30,2026-09-25_1514IST,airline_direct,IndiGo
BOM,BLR,6E,IndiGo,6E 6599,2026-09-26,1,economy,,,7715.0,False,16:50,ok,2026-09-25T15:14:48.521214+05:30,2026-09-25_1514IST,airline_direct,IndiGo
BOM,BLR,6E,IndiGo,6E 5082,2026-09-26,1,economy,,,7785.0,False,18:05,ok,2026-09-25T15:14:48.521214+05:30,2026-09-25_1514IST,airline_direct,IndiGo
BOM,BLR,6E,IndiGo,6E 5123,2026-09-26,1,economy,,,8047.0,False,14:40,ok,2026-09-25T15:14:48.521214+05:30,2026-09-25_1514IST,airline_direct,IndiGo
BOM,BLR,6E,IndiGo,6E 5107,2026-09-26,1,economy,,,8126.0,False,20:00,ok,2026-09-25T15:14:48.521214+05:30,2026-09-25_1514IST,airline_direct,IndiGo
BOM,BLR,6E,IndiGo,6E 5201,2026-09-26,1,economy,,,9364.0,False,14:55,ok,2026-09-25T15:14:48.521214+05:30,2026-09-25_1514IST,airline_direct,IndiGo
BOM,BLR,6E,IndiGo,6E 2016,2026-09-26,1,economy,,,10068.0,False,13:35,ok,2026-09-25T15:14:48.521214+05:30,2026-09-25_1514IST,airline_direct,IndiGo
BOM,BLR,6E,IndiGo,6E 136,2026-09-26,1,business,,,26046.0,False,04:05,ok,2026-09-25T15:14:48.521214+05:30,2026-09-25_1514IST,airline_direct,IndiGo
BOM,BLR,6E,IndiGo,6E 136,2026-09-26,1,economy,,,10276.0,False,04:05,ok,2026-09-25T15:14:48.521214+05:30,2026-09-25_1514IST,airline_direct,IndiGo
BOM,BLR,6E,IndiGo,6E 136,2026-09-26,1,business,,,26046.0,False,04:05,ok,2026-09-25T15:14:48.521214+05:30,2026-09-25_1514IST,airline_direct,IndiGo
BOM,BLR,6E,IndiGo,6E 136,2026-09-26,1,economy,,,10276.0,False,04:05,ok,2026-09-25T15:14:48.521214+05:30,2026-09-25_1514IST,airline_direct,IndiGo
BOM,BLR,6E,IndiGo,6E 5188,2026-09-26,1,business,,,26046.0,False,06:15,ok,2026-09-25T15:14:48.521214+05:30,2026-09-25_1514IST,airline_direct,IndiGo
BOM,BLR,6E,IndiGo,6E 5188,2026-09-26,1,economy,,,10276.0,False,06:15,ok,2026-09-25T15:14:48.521214+05:30,2026-09-25_1514IST,airline_direct,IndiGo
BOM,BLR,6E,IndiGo,6E 5204,2026-09-26,1,business,,,26046.0,False,08:15,ok,2026-09-25T15:14:48.521214+05:30,2026-09-25_1514IST,airline_direct,IndiGo
BOM,BLR,6E,IndiGo,6E 5204,2026-09-26,1,economy,,,10276.0,False,08:15,ok,2026-09-25T15:14:48.521214+05:30,2026-09-25_1514IST,airline_direct,IndiGo
BOM,BLR,6E,IndiGo,6E 5313,2026-09-26,1,business,,,26046.0,False,09:50,ok,2026-09-25T15:14:48.521214+05:30,2026-09-25_1514IST,airline_direct,IndiGo
BOM,BLR,6E,IndiGo,6E 5313,2026-09-26,1,economy,,,10276.0,False,09:50,ok,2026-09-25T15:14:48.521214+05:30,2026-09-25_1514IST,airline_direct,IndiGo
BOM,BLR,6E,IndiGo,6E 5313,2026-09-26,1,business,,,26046.0,False,09:50,ok,2026-09-25T15:14:48.521214+05:30,2026-09-25_1514IST,airline_direct,IndiGo
BOM,BLR,6E,IndiGo,6E 5313,2026-09-26,1,economy,,,10276.0,False,09:50,ok,2026-09-25T15:14:48.521214+05:30,2026-09-25_1514IST,airline_direct,IndiGo
BOM,BLR,6E,IndiGo,6E 261,2026-09-26,1,economy,,,10504.0,False,11:20,ok,2026-09-25T15:14:48.521214+05:30,2026-09-25_1514IST,airline_direct,IndiGo
BOM,BLR,6E,IndiGo,6E 6701,2026-09-26,1,economy,,,10838.0,False,05:35,ok,2026-09-25T15:14:48.521214+05:30,2026-09-25_1514IST,airline_direct,IndiGo
BOM,BLR,6E,IndiGo,6E 632,2026-09-26,1,economy,,,11678.0,False,04:00,ok,2026-09-25T15:14:48.521214+05:30,2026-09-25_1514IST,airline_direct,IndiGo
BOM,BLR,6E,IndiGo,6E 5178,2026-09-26,1,business,,,30082.0,False,11:40,ok,2026-09-25T15:14:48.521214+05:30,2026-09-25_1514IST,airline_direct,IndiGo
BOM,BLR,6E,IndiGo,6E 5178,2026-09-26,1,economy,,,12441.0,False,11:40,ok,2026-09-25T15:14:48.521214+05:30,2026-09-25_1514IST,airline_direct,IndiGo
BOM,BLR,6E,IndiGo,6E 5318,2026-09-26,1,business,,,26723.0,False,10:15,ok,2026-09-25T15:14:48.521214+05:30,2026-09-25_1514IST,airline_direct,IndiGo
BOM,BLR,6E,IndiGo,6E 5318,2026-09-26,1,economy,,,13144.0,False,10:15,ok,2026-09-25T15:14:48.521214+05:30,2026-09-25_1514IST,airline_direct,IndiGo
BOM,BLR,6E,IndiGo,6E 5178,2026-09-26,1,business,,,31343.0,False,11:40,ok,2026-09-25T15:14:48.521214+05:30,2026-09-25_1514IST,airline_direct,IndiGo
BOM,BLR,6E,IndiGo,6E 5178,2026-09-26,1,economy,,,13564.0,False,11:40,ok,2026-09-25T15:14:48.521214+05:30,2026-09-25_1514IST,airline_direct,IndiGo
BOM,BLR,6E,IndiGo,6E 5318,2026-09-26,1,business,,,27453.0,False,10:15,ok,2026-09-25T15:14:48.521214+05:30,2026-09-25_1514IST,airline_direct,IndiGo
BOM,BLR,6E,IndiGo,6E 5318,2026-09-26,1,economy,,,13793.0,False,10:15,ok,2026-09-25T15:14:48.521214+05:30,2026-09-25_1514IST,airline_direct,IndiGo
BOM,BLR,6E,IndiGo,6E 5178,2026-09-26,1,business,,,32072.0,False,11:40,ok,2026-09-25T15:14:48.521214+05:30,2026-09-25_1514IST,airline_direct,IndiGo
BOM,BLR,6E,IndiGo,6E 5178,2026-09-26,1,economy,,,14213.0,False,11:40,ok,2026-09-25T15:14:48.521214+05:30,2026-09-25_1514IST,airline_direct,IndiGo
BOM,BLR,6E,IndiGo,6E 5109,2026-09-26,1,economy,,,14774.0,False,09:35,ok,2026-09-25T15:14:48.521214+05:30,2026-09-25_1514IST,airline_direct,IndiGo
BOM,BLR,6E,IndiGo,6E 5181,2026-09-26,1,economy,,,14970.0,False,10:25,ok,2026-09-25T15:14:48.521214+05:30,2026-09-25_1514IST,airline_direct,IndiGo
BOM,BLR,6E,IndiGo,6E 5246,2026-09-26,1,business,,,29147.0,False,07:15,ok,2026-09-25T15:14:48.521214+05:30,2026-09-25_1514IST,airline_direct,IndiGo
BOM,BLR,6E,IndiGo,6E 5246,2026-09-26,1,economy,,,15300.0,False,07:15,ok,2026-09-25T15:14:48.521214+05:30,2026-09-25_1514IST,airline_direct,IndiGo
BOM,BLR,6E,IndiGo,6E 5318,2026-09-26,1,business,,,29147.0,False,10:15,ok,2026-09-25T15:14:48.521214+05:30,2026-09-25_1514IST,airline_direct,IndiGo
BOM,BLR,6E,IndiGo,6E 5318,2026-09-26,1,economy,,,15300.0,False,10:15,ok,2026-09-25T15:14:48.521214+05:30,2026-09-25_1514IST,airline_direct,IndiGo
BOM,BLR,6E,IndiGo,6E 6362,2026-09-26,1,business,,,31210.0,False,05:45,ok,2026-09-25T15:14:48.521214+05:30,2026-09-25_1514IST,airline_direct,IndiGo
BOM,BLR,6E,IndiGo,6E 6362,2026-09-26,1,economy,,,16739.0,False,05:45,ok,2026-09-25T15:14:48.521214+05:30,2026-09-25_1514IST,airline_direct,IndiGo
DEL,CCU,6E,IndiGo,6E 5191,2026-09-26,1,business,,,26140.0,False,05:00,ok,2026-09-25T15:15:52.779760+05:30,2026-09-25_1515IST,airline_direct,IndiGo
DEL,CCU,6E,IndiGo,6E 5191,2026-09-26,1,economy,,,8703.0,False,05:00,ok,2026-09-25T15:15:52.779760+05:30,2026-09-25_1515IST,airline_direct,IndiGo
DEL,CCU,6E,IndiGo,6E 340,2026-09-26,1,business,,,26140.0,False,07:20,ok,2026-09-25T15:15:52.779760+05:30,2026-09-25_1515IST,airline_direct,IndiGo
DEL,CCU,6E,IndiGo,6E 340,2026-09-26,1,economy,,,8703.0,False,07:20,ok,2026-09-25T15:15:52.779760+05:30,2026-09-25_1515IST,airline_direct,IndiGo
DEL,CCU,6E,IndiGo,6E 513,2026-09-26,1,business,,,26140.0,False,08:30,ok,2026-09-25T15:15:52.779760+05:30,2026-09-25_1515IST,airline_direct,IndiGo
DEL,CCU,6E,IndiGo,6E 513,2026-09-26,1,economy,,,8703.0,False,08:30,ok,2026-09-25T15:15:52.779760+05:30,2026-09-25_1515IST,airline_direct,IndiGo
DEL,CCU,6E,IndiGo,6E 894,2026-09-26,1,business,,,26140.0,False,10:15,ok,2026-09-25T15:15:52.779760+05:30,2026-09-25_1515IST,airline_direct,IndiGo
DEL,CCU,6E,IndiGo,6E 894,2026-09-26,1,economy,,,8703.0,False,10:15,ok,2026-09-25T15:15:52.779760+05:30,2026-09-25_1515IST,airline_direct,IndiGo
DEL,CCU,6E,IndiGo,6E 2487,2026-09-26,1,business,,,26140.0,False,11:50,ok,2026-09-25T15:15:52.779760+05:30,2026-09-25_1515IST,airline_direct,IndiGo
DEL,CCU,6E,IndiGo,6E 2487,2026-09-26,1,economy,,,8703.0,False,11:50,ok,2026-09-25T15:15:52.779760+05:30,2026-09-25_1515IST,airline_direct,IndiGo
DEL,CCU,6E,IndiGo,6E 897,2026-09-26,1,business,,,26140.0,False,12:45,ok,2026-09-25T15:15:52.779760+05:30,2026-09-25_1515IST,airline_direct,IndiGo
DEL,CCU,6E,IndiGo,6E 897,2026-09-26,1,economy,,,8703.0,False,12:45,ok,2026-09-25T15:15:52.779760+05:30,2026-09-25_1515IST,airline_direct,IndiGo
DEL,CCU,6E,IndiGo,6E 910,2026-09-26,1,business,,,26140.0,False,14:25,ok,2026-09-25T15:15:52.779760+05:30,2026-09-25_1515IST,airline_direct,IndiGo
DEL,CCU,6E,IndiGo,6E 910,2026-09-26,1,economy,,,8703.0,False,14:25,ok,2026-09-25T15:15:52.779760+05:30,2026-09-25_1515IST,airline_direct,IndiGo
DEL,CCU,6E,IndiGo,6E 6415,2026-09-26,1,business,,,26140.0,False,16:00,ok,2026-09-25T15:15:52.779760+05:30,2026-09-25_1515IST,airline_direct,IndiGo
DEL,CCU,6E,IndiGo,6E 6415,2026-09-26,1,economy,,,8703.0,False,16:00,ok,2026-09-25T15:15:52.779760+05:30,2026-09-25_1515IST,airline_direct,IndiGo
DEL,CCU,6E,IndiGo,6E 2276,2026-09-26,1,business,,,26140.0,False,17:55,ok,2026-09-25T15:15:52.779760+05:30,2026-09-25_1515IST,airline_direct,IndiGo
DEL,CCU,6E,IndiGo,6E 2276,2026-09-26,1,economy,,,8703.0,False,17:55,ok,2026-09-25T15:15:52.779760+05:30,2026-09-25_1515IST,airline_direct,IndiGo
DEL,CCU,6E,IndiGo,6E 6517,2026-09-26,1,business,,,26140.0,False,19:30,ok,2026-09-25T15:15:52.779760+05:30,2026-09-25_1515IST,airline_direct,IndiGo
DEL,CCU,6E,IndiGo,6E 6517,2026-09-26,1,economy,,,8703.0,False,19:30,ok,2026-09-25T15:15:52.779760+05:30,2026-09-25_1515IST,airline_direct,IndiGo
DEL,CCU,6E,IndiGo,6E 247,2026-09-26,1,business,,,26140.0,False,23:30,ok,2026-09-25T15:15:52.779760+05:30,2026-09-25_1515IST,airline_direct,IndiGo
DEL,CCU,6E,IndiGo,6E 247,2026-09-26,1,economy,,,8703.0,False,23:30,ok,2026-09-25T15:15:52.779760+05:30,2026-09-25_1515IST,airline_direct,IndiGo
DEL,CCU,6E,IndiGo,6E 6245,2026-09-26,1,economy,,,7376.0,False,06:20,ok,2026-09-25T15:15:52.779760+05:30,2026-09-25_1515IST,airline_direct,IndiGo
DEL,CCU,6E,IndiGo,6E 5206,2026-09-26,1,economy,,,7376.0,False,13:20,ok,2026-09-25T15:15:52.779760+05:30,2026-09-25_1515IST,airline_direct,IndiGo
DEL,CCU,6E,IndiGo,6E 2453,2026-09-26,1,economy,,,7376.0,False,13:35,ok,2026-09-25T15:15:52.779760+05:30,2026-09-25_1515IST,airline_direct,IndiGo
DEL,CCU,6E,IndiGo,6E 6236,2026-09-26,1,economy,,,7376.0,False,16:20,ok,2026-09-25T15:15:52.779760+05:30,2026-09-25_1515IST,airline_direct,IndiGo
DEL,CCU,6E,IndiGo,6E 6440,2026-09-26,1,economy,,,7376.0,False,16:40,ok,2026-09-25T15:15:52.779760+05:30,2026-09-25_1515IST,airline_direct,IndiGo
DEL,CCU,6E,IndiGo,6E 2361,2026-09-26,1,economy,,,7507.0,False,14:35,ok,2026-09-25T15:15:52.779760+05:30,2026-09-25_1515IST,airline_direct,IndiGo
DEL,CCU,6E,IndiGo,6E 5038,2026-09-26,1,economy,,,7586.0,False,14:00,ok,2026-09-25T15:15:52.779760+05:30,2026-09-25_1515IST,airline_direct,IndiGo
DEL,CCU,6E,IndiGo,6E 6378,2026-09-26,1,economy,,,7691.0,False,14:40,ok,2026-09-25T15:15:52.779760+05:30,2026-09-25_1515IST,airline_direct,IndiGo
DEL,CCU,6E,IndiGo,6E 6503,2026-09-26,1,economy,,,7901.0,False,13:25,ok,2026-09-25T15:15:52.779760+05:30,2026-09-25_1515IST,airline_direct,IndiGo
DEL,CCU,6E,IndiGo,6E 704,2026-09-26,1,business,,,33688.0,False,02:25,ok,2026-09-25T15:15:52.779760+05:30,2026-09-25_1515IST,airline_direct,IndiGo
DEL,CCU,6E,IndiGo,6E 704,2026-09-26,1,economy,,,7927.0,False,02:25,ok,2026-09-25T15:15:52.779760+05:30,2026-09-25_1515IST,airline_direct,IndiGo
DEL,CCU,6E,IndiGo,6E 6282,2026-09-26,1,business,,,34160.0,False,13:30,ok,2026-09-25T15:15:52.779760+05:30,2026-09-25_1515IST,airline_direct,IndiGo
DEL,CCU,6E,IndiGo,6E 6282,2026-09-26,1,economy,,,7927.0,False,13:30,ok,2026-09-25T15:15:52.779760+05:30,2026-09-25_1515IST,airline_direct,IndiGo
DEL,CCU,6E,IndiGo,6E 6217,2026-09-26,1,business,,,35082.0,False,16:15,ok,2026-09-25T15:15:52.779760+05:30,2026-09-25_1515IST,airline_direct,IndiGo
DEL,CCU,6E,IndiGo,6E 6217,2026-09-26,1,economy,,,7927.0,False,16:15,ok,2026-09-25T15:15:52.779760+05:30,2026-09-25_1515IST,airline_direct,IndiGo
DEL,CCU,6E,IndiGo,6E 5073,2026-09-26,1,economy,,,7927.0,False,17:05,ok,2026-09-25T15:15:52.779760+05:30,2026-09-25_1515IST,airline_direct,IndiGo
DEL,CCU,6E,IndiGo,6E 717,2026-09-26,1,business,,,33688.0,False,17:55,ok,2026-09-25T15:15:52.779760+05:30,2026-09-25_1515IST,airline_direct,IndiGo
DEL,CCU,6E,IndiGo,6E 717,2026-09-26,1,economy,,,7927.0,False,17:55,ok,2026-09-25T15:15:52.779760+05:30,2026-09-25_1515IST,airline_direct,IndiGo
DEL,CCU,6E,IndiGo,6E 882,2026-09-26,1,business,,,33688.0,False,23:15,ok,2026-09-25T15:15:52.779760+05:30,2026-09-25_1515IST,airline_direct,IndiGo
DEL,CCU,6E,IndiGo,6E 882,2026-09-26,1,economy,,,7927.0,False,23:15,ok,2026-09-25T15:15:52.779760+05:30,2026-09-25_1515IST,airline_direct,IndiGo
DEL,CCU,6E,IndiGo,6E 6371,2026-09-26,1,economy,,,8032.0,False,06:20,ok,2026-09-25T15:15:52.779760+05:30,2026-09-25_1515IST,airline_direct,IndiGo
DEL,CCU,6E,IndiGo,6E 5033,2026-09-26,1,economy,,,8194.0,False,15:50,ok,2026-09-25T15:15:52.779760+05:30,2026-09-25_1515IST,airline_direct,IndiGo
DEL,CCU,6E,IndiGo,6E 6124,2026-09-26,1,economy,,,8299.0,False,07:30,ok,2026-09-25T15:15:52.779760+05:30,2026-09-25_1515IST,airline_direct,IndiGo
DEL,CCU,6E,IndiGo,6E 6190,2026-09-26,1,economy,,,8862.0,False,07:40,ok,2026-09-25T15:15:52.779760+05:30,2026-09-25_1515IST,airline_direct,IndiGo
DEL,CCU,6E,IndiGo,6E 5307,2026-09-26,1,economy,,,9561.0,False,10:50,ok,2026-09-25T15:15:52.779760+05:30,2026-09-25_1515IST,airline_direct,IndiGo
DEL,CCU,6E,IndiGo,6E 5307,2026-09-26,1,economy,,,9561.0,False,10:50,ok,2026-09-25T15:15:52.779760+05:30,2026-09-25_1515IST,airline_direct,IndiGo
DEL,CCU,6E,IndiGo,6E 2037,2026-09-26,1,economy,,,9597.0,False,10:55,ok,2026-09-25T15:15:52.779760+05:30,2026-09-25_1515IST,airline_direct,IndiGo
DEL,CCU,6E,IndiGo,6E 704,2026-09-26,1,business,,,36402.0,False,02:25,ok,2026-09-25T15:15:52.779760+05:30,2026-09-25_1515IST,airline_direct,IndiGo
DEL,CCU,6E,IndiGo,6E 704,2026-09-26,1,economy,,,9938.0,False,02:25,ok,2026-09-25T15:15:52.779760+05:30,2026-09-25_1515IST,airline_direct,IndiGo
DEL,CCU,6E,IndiGo,6E 6190,2026-09-26,1,economy,,,10404.0,False,07:40,ok,2026-09-25T15:15:52.779760+05:30,2026-09-25_1515IST,airline_direct,IndiGo
DEL,CCU,6E,IndiGo,6E 2037,2026-09-26,1,economy,,,10404.0,False,10:55,ok,2026-09-25T15:15:52.779760+05:30,2026-09-25_1515IST,airline_direct,IndiGo
DEL,CCU,6E,IndiGo,6E 6130,2026-09-26,1,economy,,,10404.0,False,12:55,ok,2026-09-25T15:15:52.779760+05:30,2026-09-25_1515IST,airline_direct,IndiGo
DEL,CCU,6E,IndiGo,6E 2331,2026-09-26,1,economy,,,10745.0,False,12:20,ok,2026-09-25T15:15:52.779760+05:30,2026-09-25_1515IST,airline_direct,IndiGo
DEL,CCU,6E,IndiGo,6E 5215,2026-09-26,1,economy,,,11396.0,False,07:45,ok,2026-09-25T15:15:52.779760+05:30,2026-09-25_1515IST,airline_direct,IndiGo
DEL,CCU,6E,IndiGo,6E 6829,2026-09-26,1,economy,,,11422.0,False,17:20,ok,2026-09-25T15:15:52.779760+05:30,2026-09-25_1515IST,airline_direct,IndiGo
DEL,CCU,6E,IndiGo,6E 6312,2026-09-26,1,economy,,,12189.0,False,14:25,ok,2026-09-25T15:15:52.779760+05:30,2026-09-25_1515IST,airline_direct,IndiGo
DEL,CCU,6E,IndiGo,6E 734,2026-09-26,1,economy,,,12189.0,False,16:20,ok,2026-09-25T15:15:52.779760+05:30,2026-09-25_1515IST,airline_direct,IndiGo
DEL,CCU,6E,IndiGo,6E 5023,2026-09-26,1,economy,,,12268.0,False,18:10,ok,2026-09-25T15:15:52.779760+05:30,2026-09-25_1515IST,airline_direct,IndiGo
DEL,CCU,6E,IndiGo,6E 5119,2026-09-26,1,economy,,,13681.0,False,05:10,ok,2026-09-25T15:15:52.779760+05:30,2026-09-25_1515IST,airline_direct,IndiGo
DEL,CCU,6E,IndiGo,6E 5041,2026-09-26,1,economy,,,14067.0,False,15:10,ok,2026-09-25T15:15:52.779760+05:30,2026-09-25_1515IST,airline_direct,IndiGo
DEL,CCU,6E,IndiGo,6E 2296,2026-09-26,1,economy,,,14520.0,False,09:20,ok,2026-09-25T15:15:52.779760+05:30,2026-09-25_1515IST,airline_direct,IndiGo
DEL,CCU,6E,IndiGo,6E 5041,2026-09-26,1,economy,,,14887.0,False,15:10,ok,2026-09-25T15:15:52.779760+05:30,2026-09-25_1515IST,airline_direct,IndiGo
DEL,CCU,6E,IndiGo,6E 203,2026-09-26,1,business,,,34160.0,False,07:10,ok,2026-09-25T15:15:52.779760+05:30,2026-09-25_1515IST,airline_direct,IndiGo
DEL,CCU,6E,IndiGo,6E 203,2026-09-26,1,economy,,,16759.0,False,07:10,ok,2026-09-25T15:15:52.779760+05:30,2026-09-25_1515IST,airline_direct,IndiGo
DEL,CCU,6E,IndiGo,6E 705,2026-09-26,1,business,,,34160.0,False,08:30,ok,2026-09-25T15:15:52.779760+05:30,2026-09-25_1515IST,airline_direct,IndiGo
DEL,CCU,6E,IndiGo,6E 705,2026-09-26,1,economy,,,16759.0,False,08:30,ok,2026-09-25T15:15:52.779760+05:30,2026-09-25_1515IST,airline_direct,IndiGo
DEL,CCU,6E,IndiGo,6E 6293,2026-09-26,1,business,,,34160.0,False,09:55,ok,2026-09-25T15:15:52.779760+05:30,2026-09-25_1515IST,airline_direct,IndiGo
DEL,CCU,6E,IndiGo,6E 6293,2026-09-26,1,economy,,,16759.0,False,09:55,ok,2026-09-25T15:15:52.779760+05:30,2026-09-25_1515IST,airline_direct,IndiGo
DEL,CCU,6E,IndiGo,6E 884,2026-09-26,1,business,,,34160.0,False,11:45,ok,2026-09-25T15:15:52.779760+05:30,2026-09-25_1515IST,airline_direct,IndiGo
DEL,CCU,6E,IndiGo,6E 884,2026-09-26,1,economy,,,16759.0,False,11:45,ok,2026-09-25T15:15:52.779760+05:30,2026-09-25_1515IST,airline_direct,IndiGo
DEL,CCU,6E,IndiGo,6E 203,2026-09-26,1,business,,,35458.0,False,07:10,ok,2026-09-25T15:15:52.779760+05:30,2026-09-25_1515IST,airline_direct,IndiGo
DEL,CCU,6E,IndiGo,6E 203,2026-09-26,1,economy,,,18229.0,False,07:10,ok,2026-09-25T15:15:52.779760+05:30,2026-09-25_1515IST,airline_direct,IndiGo
DEL,CCU,6E,IndiGo,6E 705,2026-09-26,1,business,,,35458.0,False,08:30,ok,2026-09-25T15:15:52.779760+05:30,2026-09-25_1515IST,airline_direct,IndiGo
DEL,CCU,6E,IndiGo,6E 705,2026-09-26,1,economy,,,18229.0,False,08:30,ok,2026-09-25T15:15:52.779760+05:30,2026-09-25_1515IST,airline_direct,IndiGo
DEL,CCU,6E,IndiGo,6E 2614,2026-09-26,1,economy,,,18947.0,False,14:40,ok,2026-09-25T15:15:52.779760+05:30,2026-09-25_1515IST,airline_direct,IndiGo
DEL,CCU,6E,IndiGo,6E 2614,2026-09-26,1,economy,,,18947.0,False,14:40,ok,2026-09-25T15:15:52.779760+05:30,2026-09-25_1515IST,airline_direct,IndiGo
DEL,CCU,6E,IndiGo,6E 2203,2026-09-26,1,economy,,,20635.0,False,04:45,ok,2026-09-25T15:15:52.779760+05:30,2026-09-25_1515IST,airline_direct,IndiGo
DEL,CCU,6E,IndiGo,6E 6073,2026-09-26,1,economy,,,22423.0,False,05:00,ok,2026-09-25T15:15:52.779760+05:30,2026-09-25_1515IST,airline_direct,IndiGo
DEL,CCU,6E,IndiGo,6E 2296,2026-09-26,1,economy,,,24504.0,False,09:20,ok,2026-09-25T15:15:52.779760+05:30,2026-09-25_1515IST,airline_direct,IndiGo
BLR,HYD,6E,IndiGo,6E 855,2026-09-26,1,economy,,,7361.0,False,19:45,ok,2026-09-25T15:16:59.712500+05:30,2026-09-25_1516IST,airline_direct,IndiGo
BLR,HYD,6E,IndiGo,6E 484,2026-09-26,1,economy,,,8727.0,False,08:15,ok,2026-09-25T15:16:59.712500+05:30,2026-09-25_1516IST,airline_direct,IndiGo
BLR,HYD,6E,IndiGo,6E 312,2026-09-26,1,economy,,,8727.0,False,09:15,ok,2026-09-25T15:16:59.712500+05:30,2026-09-25_1516IST,airline_direct,IndiGo
BLR,HYD,6E,IndiGo,6E 6784,2026-09-26,1,economy,,,8727.0,False,21:30,ok,2026-09-25T15:16:59.712500+05:30,2026-09-25_1516IST,airline_direct,IndiGo
BLR,HYD,6E,IndiGo,6E 6404,2026-09-26,1,economy,,,9518.0,False,11:35,ok,2026-09-25T15:16:59.712500+05:30,2026-09-25_1516IST,airline_direct,IndiGo
BLR,HYD,6E,IndiGo,6E 6067,2026-09-26,1,economy,,,9518.0,False,16:30,ok,2026-09-25T15:16:59.712500+05:30,2026-09-25_1516IST,airline_direct,IndiGo
BLR,HYD,6E,IndiGo,6E 638,2026-09-26,1,economy,,,9518.0,False,18:35,ok,2026-09-25T15:16:59.712500+05:30,2026-09-25_1516IST,airline_direct,IndiGo
BLR,HYD,6E,IndiGo,6E 6178,2026-09-26,1,economy,,,10390.0,False,06:25,ok,2026-09-25T15:16:59.712500+05:30,2026-09-25_1516IST,airline_direct,IndiGo
BLR,HYD,6E,IndiGo,6E 537,2026-09-26,1,economy,,,11353.0,False,10:15,ok,2026-09-25T15:16:59.712500+05:30,2026-09-25_1516IST,airline_direct,IndiGo
BLR,HYD,6E,IndiGo,6E 407,2026-09-26,1,economy,,,11353.0,False,14:50,ok,2026-09-25T15:16:59.712500+05:30,2026-09-25_1516IST,airline_direct,IndiGo
BLR,HYD,6E,IndiGo,6E 6445,2026-09-26,1,economy,,,5463.0,False,10:25,ok,2026-09-25T15:16:59.712500+05:30,2026-09-25_1516IST,airline_direct,IndiGo
BLR,HYD,6E,IndiGo,6E 6445,2026-09-26,1,economy,,,5463.0,False,10:25,ok,2026-09-25T15:16:59.712500+05:30,2026-09-25_1516IST,airline_direct,IndiGo
BLR,HYD,6E,IndiGo,6E 6208,2026-09-26,1,economy,,,5463.0,False,12:50,ok,2026-09-25T15:16:59.712500+05:30,2026-09-25_1516IST,airline_direct,IndiGo
BLR,HYD,6E,IndiGo,6E 6208,2026-09-26,1,economy,,,5463.0,False,12:50,ok,2026-09-25T15:16:59.712500+05:30,2026-09-25_1516IST,airline_direct,IndiGo
BLR,HYD,6E,IndiGo,6E 703,2026-09-26,1,economy,,,5463.0,False,12:55,ok,2026-09-25T15:16:59.712500+05:30,2026-09-25_1516IST,airline_direct,IndiGo
BLR,HYD,6E,IndiGo,6E 356,2026-09-26,1,economy,,,5463.0,False,17:15,ok,2026-09-25T15:16:59.712500+05:30,2026-09-25_1516IST,airline_direct,IndiGo
BLR,HYD,6E,IndiGo,6E 356,2026-09-26,1,economy,,,5463.0,False,17:15,ok,2026-09-25T15:16:59.712500+05:30,2026-09-25_1516IST,airline_direct,IndiGo
BLR,HYD,6E,IndiGo,6E 6017,2026-09-26,1,economy,,,5463.0,False,18:15,ok,2026-09-25T15:16:59.712500+05:30,2026-09-25_1516IST,airline_direct,IndiGo
BLR,HYD,6E,IndiGo,6E 441,2026-09-26,1,economy,,,5463.0,False,20:40,ok,2026-09-25T15:16:59.712500+05:30,2026-09-25_1516IST,airline_direct,IndiGo
BLR,HYD,6E,IndiGo,6E 528,2026-09-26,1,economy,,,5463.0,False,21:40,ok,2026-09-25T15:16:59.712500+05:30,2026-09-25_1516IST,airline_direct,IndiGo
BLR,HYD,6E,IndiGo,6E 116,2026-09-26,1,economy,,,5463.0,False,23:05,ok,2026-09-25T15:16:59.712500+05:30,2026-09-25_1516IST,airline_direct,IndiGo
BLR,HYD,6E,IndiGo,6E 6336,2026-09-26,1,economy,,,5594.0,False,12:25,ok,2026-09-25T15:16:59.712500+05:30,2026-09-25_1516IST,airline_direct,IndiGo
BLR,HYD,6E,IndiGo,6E 857,2026-09-26,1,economy,,,5793.0,False,07:05,ok,2026-09-25T15:16:59.712500+05:30,2026-09-25_1516IST,airline_direct,IndiGo
BLR,HYD,6E,IndiGo,6E 6269,2026-09-26,1,economy,,,5793.0,False,07:15,ok,2026-09-25T15:16:59.712500+05:30,2026-09-25_1516IST,airline_direct,IndiGo
BLR,HYD,6E,IndiGo,6E 6208,2026-09-26,1,economy,,,5793.0,False,12:50,ok,2026-09-25T15:16:59.712500+05:30,2026-09-25_1516IST,airline_direct,IndiGo
BLR,HYD,6E,IndiGo,6E 576,2026-09-26,1,economy,,,5793.0,False,16:25,ok,2026-09-25T15:16:59.712500+05:30,2026-09-25_1516IST,airline_direct,IndiGo
BLR,HYD,6E,IndiGo,6E 7204,2026-09-26,1,economy,,,6153.0,False,06:50,ok,2026-09-25T15:16:59.712500+05:30,2026-09-25_1516IST,airline_direct,IndiGo
BLR,HYD,6E,IndiGo,6E 6269,2026-09-26,1,economy,,,6153.0,False,07:15,ok,2026-09-25T15:16:59.712500+05:30,2026-09-25_1516IST,airline_direct,IndiGo
BLR,HYD,6E,IndiGo,6E 904,2026-09-26,1,economy,,,6153.0,False,10:50,ok,2026-09-25T15:16:59.712500+05:30,2026-09-25_1516IST,airline_direct,IndiGo
BLR,HYD,6E,IndiGo,6E 7071,2026-09-26,1,economy,,,6153.0,False,10:55,ok,2026-09-25T15:16:59.712500+05:30,2026-09-25_1516IST,airline_direct,IndiGo
BLR,HYD,6E,IndiGo,6E 105,2026-09-26,1,economy,,,6153.0,False,18:45,ok,2026-09-25T15:16:59.712500+05:30,2026-09-25_1516IST,airline_direct,IndiGo
BLR,HYD,6E,IndiGo,6E 105,2026-09-26,1,economy,,,6153.0,False,18:45,ok,2026-09-25T15:16:59.712500+05:30,2026-09-25_1516IST,airline_direct,IndiGo
BLR,HYD,6E,IndiGo,6E 6336,2026-09-26,1,economy,,,6284.0,False,12:25,ok,2026-09-25T15:16:59.712500+05:30,2026-09-25_1516IST,airline_direct,IndiGo
BLR,HYD,6E,IndiGo,6E 6104,2026-09-26,1,economy,,,6543.0,False,11:40,ok,2026-09-25T15:16:59.712500+05:30,2026-09-25_1516IST,airline_direct,IndiGo
BLR,HYD,6E,IndiGo,6E 7227,2026-09-26,1,economy,,,6838.0,False,06:25,ok,2026-09-25T15:16:59.712500+05:30,2026-09-25_1516IST,airline_direct,IndiGo
BLR,HYD,6E,IndiGo,6E 763,2026-09-26,1,economy,,,6969.0,False,07:05,ok,2026-09-25T15:16:59.712500+05:30,2026-09-25_1516IST,airline_direct,IndiGo
BLR,HYD,6E,IndiGo,6E 763,2026-09-26,1,economy,,,6969.0,False,07:05,ok,2026-09-25T15:16:59.712500+05:30,2026-09-25_1516IST,airline_direct,IndiGo
BLR,HYD,6E,IndiGo,6E 763,2026-09-26,1,economy,,,7432.0,False,07:05,ok,2026-09-25T15:16:59.712500+05:30,2026-09-25_1516IST,airline_direct,IndiGo
BLR,HYD,6E,IndiGo,6E 6542,2026-09-26,1,economy,,,7432.0,False,13:10,ok,2026-09-25T15:16:59.712500+05:30,2026-09-25_1516IST,airline_direct,IndiGo
BLR,HYD,6E,IndiGo,6E 7005,2026-09-26,1,economy,,,7935.0,False,08:05,ok,2026-09-25T15:16:59.712500+05:30,2026-09-25_1516IST,airline_direct,IndiGo
BLR,HYD,6E,IndiGo,6E 7005,2026-09-26,1,economy,,,7935.0,False,08:05,ok,2026-09-25T15:16:59.712500+05:30,2026-09-25_1516IST,airline_direct,IndiGo
BLR,HYD,6E,IndiGo,6E 6104,2026-09-26,1,economy,,,7935.0,False,11:40,ok,2026-09-25T15:16:59.712500+05:30,2026-09-25_1516IST,airline_direct,IndiGo
BLR,HYD,6E,IndiGo,6E 414,2026-09-26,1,economy,,,7935.0,False,14:45,ok,2026-09-25T15:16:59.712500+05:30,2026-09-25_1516IST,airline_direct,IndiGo
BLR,HYD,6E,IndiGo,6E 7204,2026-09-26,1,economy,,,8349.0,False,06:50,ok,2026-09-25T15:16:59.712500+05:30,2026-09-25_1516IST,airline_direct,IndiGo
BLR,HYD,6E,IndiGo,6E 857,2026-09-26,1,economy,,,8484.0,False,07:05,ok,2026-09-25T15:16:59.712500+05:30,2026-09-25_1516IST,airline_direct,IndiGo
BLR,HYD,6E,IndiGo,6E 6563,2026-09-26,1,economy,,,9081.0,False,01:05,ok,2026-09-25T15:16:59.712500+05:30,2026-09-25_1516IST,airline_direct,IndiGo
BLR,HYD,6E,IndiGo,6E 6876,2026-09-26,1,economy,,,9081.0,False,02:40,ok,2026-09-25T15:16:59.712500+05:30,2026-09-25_1516IST,airline_direct,IndiGo
BLR,HYD,6E,IndiGo,6E 6753,2026-09-26,1,economy,,,10435.0,False,15:15,ok,2026-09-25T15:16:59.712500+05:30,2026-09-25_1516IST,airline_direct,IndiGo
BLR,HYD,6E,IndiGo,6E 6554,2026-09-26,1,economy,,,10716.0,False,19:15,ok,2026-09-25T15:16:59.712500+05:30,2026-09-25_1516IST,airline_direct,IndiGo
BLR,HYD,6E,IndiGo,6E 6168,2026-09-26,1,economy,,,11474.0,False,17:40,ok,2026-09-25T15:16:59.712500+05:30,2026-09-25_1516IST,airline_direct,IndiGo
BLR,HYD,6E,IndiGo,6E 6168,2026-09-26,1,economy,,,11999.0,False,17:40,ok,2026-09-25T15:16:59.712500+05:30,2026-09-25_1516IST,airline_direct,IndiGo
BLR,HYD,6E,IndiGo,6E 5306,2026-09-26,1,economy,,,12041.0,False,14:35,ok,2026-09-25T15:16:59.712500+05:30,2026-09-25_1516IST,airline_direct,IndiGo
BLR,HYD,6E,IndiGo,6E 109,2026-09-26,1,economy,,,12041.0,False,17:00,ok,2026-09-25T15:16:59.712500+05:30,2026-09-25_1516IST,airline_direct,IndiGo
BLR,HYD,6E,IndiGo,6E 6162,2026-09-26,1,economy,,,12041.0,False,18:50,ok,2026-09-25T15:16:59.712500+05:30,2026-09-25_1516IST,airline_direct,IndiGo
BLR,HYD,6E,IndiGo,6E 6753,2026-09-26,1,economy,,,12134.0,False,15:15,ok,2026-09-25T15:16:59.712500+05:30,2026-09-25_1516IST,airline_direct,IndiGo
BLR,HYD,6E,IndiGo,6E 6653,2026-09-26,1,economy,,,13940.0,False,12:35,ok,2026-09-25T15:16:59.712500+05:30,2026-09-25_1516IST,airline_direct,IndiGo
BLR,HYD,6E,IndiGo,6E 6542,2026-09-26,1,economy,,,15156.0,False,13:10,ok,2026-09-25T15:16:59.712500+05:30,2026-09-25_1516IST,airline_direct,IndiGo
BLR,HYD,6E,IndiGo,6E 6583,2026-09-26,1,economy,,,21315.0,False,10:40,ok,2026-09-25T15:16:59.712500+05:30,2026-09-25_1516IST,airline_direct,IndiGo
BLR,HYD,6E,IndiGo,6E 6583,2026-09-26,1,economy,,,21840.0,False,10:40,ok,2026-09-25T15:16:59.712500+05:30,2026-09-25_1516IST,airline_direct,IndiGo
BLR,HYD,6E,IndiGo,6E 7176,2026-09-26,1,economy,,,6397.0,False,10:10,ok,2026-09-25T15:16:59.712500+05:30,2026-09-25_1516IST,airline_direct,IndiGo
MAA,DEL,6E,IndiGo,6E 948,2026-09-26,1,business,,,28240.0,False,14:30,ok,2026-09-25T15:18:05.184862+05:30,2026-09-25_1518IST,airline_direct,IndiGo
MAA,DEL,6E,IndiGo,6E 948,2026-09-26,1,economy,,,13035.0,False,14:30,ok,2026-09-25T15:18:05.184862+05:30,2026-09-25_1518IST,airline_direct,IndiGo
MAA,DEL,6E,IndiGo,6E 613,2026-09-26,1,business,,,28240.0,False,19:00,ok,2026-09-25T15:18:05.184862+05:30,2026-09-25_1518IST,airline_direct,IndiGo
MAA,DEL,6E,IndiGo,6E 613,2026-09-26,1,economy,,,13035.0,False,19:00,ok,2026-09-25T15:18:05.184862+05:30,2026-09-25_1518IST,airline_direct,IndiGo
MAA,DEL,6E,IndiGo,6E 2369,2026-09-26,1,business,,,28240.0,False,23:45,ok,2026-09-25T15:18:05.184862+05:30,2026-09-25_1518IST,airline_direct,IndiGo
MAA,DEL,6E,IndiGo,6E 2369,2026-09-26,1,economy,,,13035.0,False,23:45,ok,2026-09-25T15:18:05.184862+05:30,2026-09-25_1518IST,airline_direct,IndiGo
MAA,DEL,6E,IndiGo,6E 698,2026-09-26,1,business,,,30280.0,False,16:45,ok,2026-09-25T15:18:05.184862+05:30,2026-09-25_1518IST,airline_direct,IndiGo
MAA,DEL,6E,IndiGo,6E 698,2026-09-26,1,economy,,,13677.0,False,16:45,ok,2026-09-25T15:18:05.184862+05:30,2026-09-25_1518IST,airline_direct,IndiGo
MAA,DEL,6E,IndiGo,6E 404,2026-09-26,1,business,,,28240.0,False,09:15,ok,2026-09-25T15:18:05.184862+05:30,2026-09-25_1518IST,airline_direct,IndiGo
MAA,DEL,6E,IndiGo,6E 404,2026-09-26,1,economy,,,14354.0,False,09:15,ok,2026-09-25T15:18:05.184862+05:30,2026-09-25_1518IST,airline_direct,IndiGo
MAA,DEL,6E,IndiGo,6E 6002,2026-09-26,1,business,,,30280.0,False,11:10,ok,2026-09-25T15:18:05.184862+05:30,2026-09-25_1518IST,airline_direct,IndiGo
MAA,DEL,6E,IndiGo,6E 6002,2026-09-26,1,economy,,,14354.0,False,11:10,ok,2026-09-25T15:18:05.184862+05:30,2026-09-25_1518IST,airline_direct,IndiGo
MAA,DEL,6E,IndiGo,6E 939,2026-09-26,1,business,,,28240.0,False,13:00,ok,2026-09-25T15:18:05.184862+05:30,2026-09-25_1518IST,airline_direct,IndiGo
MAA,DEL,6E,IndiGo,6E 939,2026-09-26,1,economy,,,14354.0,False,13:00,ok,2026-09-25T15:18:05.184862+05:30,2026-09-25_1518IST,airline_direct,IndiGo
MAA,DEL,6E,IndiGo,6E 937,2026-09-26,1,business,,,28240.0,False,06:30,ok,2026-09-25T15:18:05.184862+05:30,2026-09-25_1518IST,airline_direct,IndiGo
MAA,DEL,6E,IndiGo,6E 937,2026-09-26,1,economy,,,17460.0,False,06:30,ok,2026-09-25T15:18:05.184862+05:30,2026-09-25_1518IST,airline_direct,IndiGo
MAA,DEL,6E,IndiGo,6E 6797,2026-09-26,1,economy,,,12067.0,False,13:10,ok,2026-09-25T15:18:05.184862+05:30,2026-09-25_1518IST,airline_direct,IndiGo
MAA,DEL,6E,IndiGo,6E 495,2026-09-26,1,business,,,32910.0,False,07:10,ok,2026-09-25T15:18:05.184862+05:30,2026-09-25_1518IST,airline_direct,IndiGo
MAA,DEL,6E,IndiGo,6E 495,2026-09-26,1,economy,,,12277.0,False,07:10,ok,2026-09-25T15:18:05.184862+05:30,2026-09-25_1518IST,airline_direct,IndiGo
MAA,DEL,6E,IndiGo,6E 495,2026-09-26,1,business,,,31516.0,False,07:10,ok,2026-09-25T15:18:05.184862+05:30,2026-09-25_1518IST,airline_direct,IndiGo
MAA,DEL,6E,IndiGo,6E 495,2026-09-26,1,economy,,,12277.0,False,07:10,ok,2026-09-25T15:18:05.184862+05:30,2026-09-25_1518IST,airline_direct,IndiGo
MAA,DEL,6E,IndiGo,6E 973,2026-09-26,1,economy,,,12277.0,False,11:55,ok,2026-09-25T15:18:05.184862+05:30,2026-09-25_1518IST,airline_direct,IndiGo
MAA,DEL,6E,IndiGo,6E 6158,2026-09-26,1,business,,,32889.0,False,16:10,ok,2026-09-25T15:18:05.184862+05:30,2026-09-25_1518IST,airline_direct,IndiGo
MAA,DEL,6E,IndiGo,6E 6158,2026-09-26,1,economy,,,12277.0,False,16:10,ok,2026-09-25T15:18:05.184862+05:30,2026-09-25_1518IST,airline_direct,IndiGo
MAA,DEL,6E,IndiGo,6E 183,2026-09-26,1,business,,,30775.0,False,16:35,ok,2026-09-25T15:18:05.184862+05:30,2026-09-25_1518IST,airline_direct,IndiGo
MAA,DEL,6E,IndiGo,6E 183,2026-09-26,1,economy,,,12277.0,False,16:35,ok,2026-09-25T15:18:05.184862+05:30,2026-09-25_1518IST,airline_direct,IndiGo
MAA,DEL,6E,IndiGo,6E 6892,2026-09-26,1,business,,,32713.0,False,10:55,ok,2026-09-25T15:18:05.184862+05:30,2026-09-25_1518IST,airline_direct,IndiGo
MAA,DEL,6E,IndiGo,6E 6892,2026-09-26,1,economy,,,12356.0,False,10:55,ok,2026-09-25T15:18:05.184862+05:30,2026-09-25_1518IST,airline_direct,IndiGo
MAA,DEL,6E,IndiGo,6E 6892,2026-09-26,1,business,,,32713.0,False,10:55,ok,2026-09-25T15:18:05.184862+05:30,2026-09-25_1518IST,airline_direct,IndiGo
MAA,DEL,6E,IndiGo,6E 6892,2026-09-26,1,economy,,,12356.0,False,10:55,ok,2026-09-25T15:18:05.184862+05:30,2026-09-25_1518IST,airline_direct,IndiGo
MAA,DEL,6E,IndiGo,6E 6209,2026-09-26,1,business,,,33682.0,False,14:35,ok,2026-09-25T15:18:05.184862+05:30,2026-09-25_1518IST,airline_direct,IndiGo
MAA,DEL,6E,IndiGo,6E 6209,2026-09-26,1,economy,,,12356.0,False,14:35,ok,2026-09-25T15:18:05.184862+05:30,2026-09-25_1518IST,airline_direct,IndiGo
MAA,DEL,6E,IndiGo,6E 6209,2026-09-26,1,business,,,32713.0,False,14:35,ok,2026-09-25T15:18:05.184862+05:30,2026-09-25_1518IST,airline_direct,IndiGo
MAA,DEL,6E,IndiGo,6E 6209,2026-09-26,1,economy,,,12356.0,False,14:35,ok,2026-09-25T15:18:05.184862+05:30,2026-09-25_1518IST,airline_direct,IndiGo
MAA,DEL,6E,IndiGo,6E 847,2026-09-26,1,business,,,32713.0,False,16:15,ok,2026-09-25T15:18:05.184862+05:30,2026-09-25_1518IST,airline_direct,IndiGo
MAA,DEL,6E,IndiGo,6E 847,2026-09-26,1,economy,,,12356.0,False,16:15,ok,2026-09-25T15:18:05.184862+05:30,2026-09-25_1518IST,airline_direct,IndiGo
MAA,DEL,6E,IndiGo,6E 6812,2026-09-26,1,economy,,,12356.0,False,20:00,ok,2026-09-25T15:18:05.184862+05:30,2026-09-25_1518IST,airline_direct,IndiGo
MAA,DEL,6E,IndiGo,6E 5314,2026-09-26,1,business,,,39741.0,False,06:45,ok,2026-09-25T15:18:05.184862+05:30,2026-09-25_1518IST,airline_direct,IndiGo
MAA,DEL,6E,IndiGo,6E 5314,2026-09-26,1,economy,,,12487.0,False,06:45,ok,2026-09-25T15:18:05.184862+05:30,2026-09-25_1518IST,airline_direct,IndiGo
MAA,DEL,6E,IndiGo,6E 321,2026-09-26,1,business,,,39125.0,False,08:20,ok,2026-09-25T15:18:05.184862+05:30,2026-09-25_1518IST,airline_direct,IndiGo
MAA,DEL,6E,IndiGo,6E 321,2026-09-26,1,economy,,,12487.0,False,08:20,ok,2026-09-25T15:18:05.184862+05:30,2026-09-25_1518IST,airline_direct,IndiGo
MAA,DEL,6E,IndiGo,6E 5214,2026-09-26,1,business,,,39741.0,False,11:00,ok,2026-09-25T15:18:05.184862+05:30,2026-09-25_1518IST,airline_direct,IndiGo
MAA,DEL,6E,IndiGo,6E 5214,2026-09-26,1,economy,,,12487.0,False,11:00,ok,2026-09-25T15:18:05.184862+05:30,2026-09-25_1518IST,airline_direct,IndiGo
MAA,DEL,6E,IndiGo,6E 5258,2026-09-26,1,business,,,39741.0,False,12:45,ok,2026-09-25T15:18:05.184862+05:30,2026-09-25_1518IST,airline_direct,IndiGo
MAA,DEL,6E,IndiGo,6E 5258,2026-09-26,1,economy,,,12487.0,False,12:45,ok,2026-09-25T15:18:05.184862+05:30,2026-09-25_1518IST,airline_direct,IndiGo
MAA,DEL,6E,IndiGo,6E 5258,2026-09-26,1,business,,,39741.0,False,12:45,ok,2026-09-25T15:18:05.184862+05:30,2026-09-25_1518IST,airline_direct,IndiGo
MAA,DEL,6E,IndiGo,6E 5258,2026-09-26,1,economy,,,12487.0,False,12:45,ok,2026-09-25T15:18:05.184862+05:30,2026-09-25_1518IST,airline_direct,IndiGo
MAA,DEL,6E,IndiGo,6E 5371,2026-09-26,1,business,,,47116.0,False,14:45,ok,2026-09-25T15:18:05.184862+05:30,2026-09-25_1518IST,airline_direct,IndiGo
MAA,DEL,6E,IndiGo,6E 5371,2026-09-26,1,economy,,,12487.0,False,14:45,ok,2026-09-25T15:18:05.184862+05:30,2026-09-25_1518IST,airline_direct,IndiGo
MAA,DEL,6E,IndiGo,6E 5104,2026-09-26,1,business,,,39741.0,False,16:40,ok,2026-09-25T15:18:05.184862+05:30,2026-09-25_1518IST,airline_direct,IndiGo
MAA,DEL,6E,IndiGo,6E 5104,2026-09-26,1,economy,,,12487.0,False,16:40,ok,2026-09-25T15:18:05.184862+05:30,2026-09-25_1518IST,airline_direct,IndiGo
MAA,DEL,6E,IndiGo,6E 6113,2026-09-26,1,economy,,,12487.0,False,17:00,ok,2026-09-25T15:18:05.184862+05:30,2026-09-25_1518IST,airline_direct,IndiGo
MAA,DEL,6E,IndiGo,6E 597,2026-09-26,1,economy,,,12645.0,False,17:45,ok,2026-09-25T15:18:05.184862+05:30,2026-09-25_1518IST,airline_direct,IndiGo
MAA,DEL,6E,IndiGo,6E 7084,2026-09-26,1,economy,,,13146.0,False,07:20,ok,2026-09-25T15:18:05.184862+05:30,2026-09-25_1518IST,airline_direct,IndiGo
MAA,DEL,6E,IndiGo,6E 562,2026-09-26,1,business,,,30916.0,False,18:20,ok,2026-09-25T15:18:05.184862+05:30,2026-09-25_1518IST,airline_direct,IndiGo
MAA,DEL,6E,IndiGo,6E 562,2026-09-26,1,economy,,,13355.0,False,18:20,ok,2026-09-25T15:18:05.184862+05:30,2026-09-25_1518IST,airline_direct,IndiGo
MAA,DEL,6E,IndiGo,6E 193,2026-09-26,1,business,,,30916.0,False,20:00,ok,2026-09-25T15:18:05.184862+05:30,2026-09-25_1518IST,airline_direct,IndiGo
MAA,DEL,6E,IndiGo,6E 193,2026-09-26,1,economy,,,13355.0,False,20:00,ok,2026-09-25T15:18:05.184862+05:30,2026-09-25_1518IST,airline_direct,IndiGo
MAA,DEL,6E,IndiGo,6E 6487,2026-09-26,1,business,,,30916.0,False,21:25,ok,2026-09-25T15:18:05.184862+05:30,2026-09-25_1518IST,airline_direct,IndiGo
MAA,DEL,6E,IndiGo,6E 6487,2026-09-26,1,economy,,,13355.0,False,21:25,ok,2026-09-25T15:18:05.184862+05:30,2026-09-25_1518IST,airline_direct,IndiGo
MAA,DEL,6E,IndiGo,6E 6348,2026-09-26,1,business,,,39741.0,False,09:00,ok,2026-09-25T15:18:05.184862+05:30,2026-09-25_1518IST,airline_direct,IndiGo
MAA,DEL,6E,IndiGo,6E 6348,2026-09-26,1,economy,,,13897.0,False,09:00,ok,2026-09-25T15:18:05.184862+05:30,2026-09-25_1518IST,airline_direct,IndiGo
MAA,DEL,6E,IndiGo,6E 6348,2026-09-26,1,business,,,39741.0,False,09:00,ok,2026-09-25T15:18:05.184862+05:30,2026-09-25_1518IST,airline_direct,IndiGo
MAA,DEL,6E,IndiGo,6E 6348,2026-09-26,1,economy,,,13897.0,False,09:00,ok,2026-09-25T15:18:05.184862+05:30,2026-09-25_1518IST,airline_direct,IndiGo
MAA,DEL,6E,IndiGo,6E 5367,2026-09-26,1,business,,,39741.0,False,18:15,ok,2026-09-25T15:18:05.184862+05:30,2026-09-25_1518IST,airline_direct,IndiGo
MAA,DEL,6E,IndiGo,6E 5367,2026-09-26,1,economy,,,13950.0,False,18:15,ok,2026-09-25T15:18:05.184862+05:30,2026-09-25_1518IST,airline_direct,IndiGo
MAA,DEL,6E,IndiGo,6E 5093,2026-09-26,1,business,,,39741.0,False,05:00,ok,2026-09-25T15:18:05.184862+05:30,2026-09-25_1518IST,airline_direct,IndiGo
MAA,DEL,6E,IndiGo,6E 5093,2026-09-26,1,economy,,,13951.0,False,05:00,ok,2026-09-25T15:18:05.184862+05:30,2026-09-25_1518IST,airline_direct,IndiGo
MAA,DEL,6E,IndiGo,6E 6140,2026-09-26,1,business,,,32775.0,False,02:30,ok,2026-09-25T15:18:05.184862+05:30,2026-09-25_1518IST,airline_direct,IndiGo
MAA,DEL,6E,IndiGo,6E 6140,2026-09-26,1,economy,,,14233.0,False,02:30,ok,2026-09-25T15:18:05.184862+05:30,2026-09-25_1518IST,airline_direct,IndiGo
MAA,DEL,6E,IndiGo,6E 561,2026-09-26,1,business,,,30185.0,False,22:20,ok,2026-09-25T15:18:05.184862+05:30,2026-09-25_1518IST,airline_direct,IndiGo
MAA,DEL,6E,IndiGo,6E 561,2026-09-26,1,economy,,,14259.0,False,22:20,ok,2026-09-25T15:18:05.184862+05:30,2026-09-25_1518IST,airline_direct,IndiGo
MAA,DEL,6E,IndiGo,6E 6081,2026-09-26,1,business,,,32713.0,False,07:05,ok,2026-09-25T15:18:05.184862+05:30,2026-09-25_1518IST,airline_direct,IndiGo
MAA,DEL,6E,IndiGo,6E 6081,2026-09-26,1,economy,,,14452.0,False,07:05,ok,2026-09-25T15:18:05.184862+05:30,2026-09-25_1518IST,airline_direct,IndiGo
MAA,DEL,6E,IndiGo,6E 6815,2026-09-26,1,business,,,32713.0,False,08:55,ok,2026-09-25T15:18:05.184862+05:30,2026-09-25_1518IST,airline_direct,IndiGo
MAA,DEL,6E,IndiGo,6E 6815,2026-09-26,1,economy,,,14452.0,False,08:55,ok,2026-09-25T15:18:05.184862+05:30,2026-09-25_1518IST,airline_direct,IndiGo
MAA,DEL,6E,IndiGo,6E 6140,2026-09-26,1,business,,,32775.0,False,02:30,ok,2026-09-25T15:18:05.184862+05:30,2026-09-25_1518IST,airline_direct,IndiGo
MAA,DEL,6E,IndiGo,6E 6140,2026-09-26,1,economy,,,14527.0,False,02:30,ok,2026-09-25T15:18:05.184862+05:30,2026-09-25_1518IST,airline_direct,IndiGo
MAA,DEL,6E,IndiGo,6E 372,2026-09-26,1,business,,,30916.0,False,09:55,ok,2026-09-25T15:18:05.184862+05:30,2026-09-25_1518IST,airline_direct,IndiGo
MAA,DEL,6E,IndiGo,6E 372,2026-09-26,1,economy,,,14535.0,False,09:55,ok,2026-09-25T15:18:05.184862+05:30,2026-09-25_1518IST,airline_direct,IndiGo
MAA,DEL,6E,IndiGo,6E 372,2026-09-26,1,business,,,30916.0,False,09:55,ok,2026-09-25T15:18:05.184862+05:30,2026-09-25_1518IST,airline_direct,IndiGo
MAA,DEL,6E,IndiGo,6E 372,2026-09-26,1,economy,,,14535.0,False,09:55,ok,2026-09-25T15:18:05.184862+05:30,2026-09-25_1518IST,airline_direct,IndiGo
MAA,DEL,6E,IndiGo,6E 365,2026-09-26,1,business,,,32713.0,False,17:45,ok,2026-09-25T15:18:05.184862+05:30,2026-09-25_1518IST,airline_direct,IndiGo
MAA,DEL,6E,IndiGo,6E 365,2026-09-26,1,economy,,,14577.0,False,17:45,ok,2026-09-25T15:18:05.184862+05:30,2026-09-25_1518IST,airline_direct,IndiGo
MAA,DEL,6E,IndiGo,6E 834,2026-09-26,1,business,,,32172.0,False,09:05,ok,2026-09-25T15:18:05.184862+05:30,2026-09-25_1518IST,airline_direct,IndiGo
MAA,DEL,6E,IndiGo,6E 834,2026-09-26,1,economy,,,15035.0,False,09:05,ok,2026-09-25T15:18:05.184862+05:30,2026-09-25_1518IST,airline_direct,IndiGo
MAA,DEL,6E,IndiGo,6E 539,2026-09-26,1,economy,,,15577.0,False,11:25,ok,2026-09-25T15:18:05.184862+05:30,2026-09-25_1518IST,airline_direct,IndiGo
MAA,DEL,6E,IndiGo,6E 834,2026-09-26,1,business,,,32172.0,False,09:05,ok,2026-09-25T15:18:05.184862+05:30,2026-09-25_1518IST,airline_direct,IndiGo
MAA,DEL,6E,IndiGo,6E 834,2026-09-26,1,economy,,,15652.0,False,09:05,ok,2026-09-25T15:18:05.184862+05:30,2026-09-25_1518IST,airline_direct,IndiGo
MAA,DEL,6E,IndiGo,6E 6925,2026-09-26,1,business,,,33674.0,False,12:00,ok,2026-09-25T15:18:05.184862+05:30,2026-09-25_1518IST,airline_direct,IndiGo
MAA,DEL,6E,IndiGo,6E 6925,2026-09-26,1,economy,,,16371.0,False,12:00,ok,2026-09-25T15:18:05.184862+05:30,2026-09-25_1518IST,airline_direct,IndiGo
MAA,DEL,6E,IndiGo,6E 6925,2026-09-26,1,business,,,33674.0,False,12:00,ok,2026-09-25T15:18:05.184862+05:30,2026-09-25_1518IST,airline_direct,IndiGo
MAA,DEL,6E,IndiGo,6E 6925,2026-09-26,1,economy,,,16989.0,False,12:00,ok,2026-09-25T15:18:05.184862+05:30,2026-09-25_1518IST,airline_direct,IndiGo
MAA,DEL,6E,IndiGo,6E 606,2026-09-26,1,business,,,37591.0,False,18:05,ok,2026-09-25T15:18:05.184862+05:30,2026-09-25_1518IST,airline_direct,IndiGo
MAA,DEL,6E,IndiGo,6E 606,2026-09-26,1,economy,,,17275.0,False,18:05,ok,2026-09-25T15:18:05.184862+05:30,2026-09-25_1518IST,airline_direct,IndiGo
MAA,DEL,6E,IndiGo,6E 6081,2026-09-26,1,business,,,32713.0,False,07:05,ok,2026-09-25T15:18:05.184862+05:30,2026-09-25_1518IST,airline_direct,IndiGo
MAA,DEL,6E,IndiGo,6E 6081,2026-09-26,1,economy,,,17366.0,False,07:05,ok,2026-09-25T15:18:05.184862+05:30,2026-09-25_1518IST,airline_direct,IndiGo
MAA,DEL,6E,IndiGo,6E 253,2026-09-26,1,business,,,31599.0,False,03:10,ok,2026-09-25T15:18:05.184862+05:30,2026-09-25_1518IST,airline_direct,IndiGo
MAA,DEL,6E,IndiGo,6E 253,2026-09-26,1,economy,,,17943.0,False,03:10,ok,2026-09-25T15:18:05.184862+05:30,2026-09-25_1518IST,airline_direct,IndiGo
MAA,DEL,6E,IndiGo,6E 6326,2026-09-26,1,business,,,39125.0,False,11:45,ok,2026-09-25T15:18:05.184862+05:30,2026-09-25_1518IST,airline_direct,IndiGo
MAA,DEL,6E,IndiGo,6E 6326,2026-09-26,1,economy,,,18955.0,False,11:45,ok,2026-09-25T15:18:05.184862+05:30,2026-09-25_1518IST,airline_direct,IndiGo
MAA,DEL,6E,IndiGo,6E 607,2026-09-26,1,business,,,34941.0,False,04:50,ok,2026-09-25T15:18:05.184862+05:30,2026-09-25_1518IST,airline_direct,IndiGo
MAA,DEL,6E,IndiGo,6E 607,2026-09-26,1,economy,,,19997.0,False,04:50,ok,2026-09-25T15:18:05.184862+05:30,2026-09-25_1518IST,airline_direct,IndiGo
MAA,DEL,6E,IndiGo,6E 244,2026-09-26,1,economy,,,28191.0,False,03:55,ok,2026-09-25T15:18:05.184862+05:30,2026-09-25_1518IST,airline_direct,IndiGo
MAA,DEL,6E,IndiGo,6E 401,2026-09-26,1,economy,,,28523.0,False,08:10,ok,2026-09-25T15:18:05.184862+05:30,2026-09-25_1518IST,airline_direct,IndiGo
MAA,DEL,6E,IndiGo,6E 848,2026-09-26,1,economy,,,29189.0,False,17:50,ok,2026-09-25T15:18:05.184862+05:30,2026-09-25_1518IST,airline_direct,IndiGo
DEL,BOM,6E,IndiGo,6E 353,2026-10-02,7,business,,,24260.0,False,03:00,ok,2026-09-25T15:19:12.557866+05:30,2026-09-25_1519IST,airline_direct,IndiGo
DEL,BOM,6E,IndiGo,6E 353,2026-10-02,7,economy,,,6147.0,False,03:00,ok,2026-09-25T15:19:12.557866+05:30,2026-09-25_1519IST,airline_direct,IndiGo
DEL,BOM,6E,IndiGo,6E 449,2026-10-02,7,business,,,24260.0,False,05:00,ok,2026-09-25T15:19:12.557866+05:30,2026-09-25_1519IST,airline_direct,IndiGo
DEL,BOM,6E,IndiGo,6E 449,2026-10-02,7,economy,,,6147.0,False,05:00,ok,2026-09-25T15:19:12.557866+05:30,2026-09-25_1519IST,airline_direct,IndiGo
DEL,BOM,6E,IndiGo,6E 6022,2026-10-02,7,business,,,24260.0,False,14:00,ok,2026-09-25T15:19:12.557866+05:30,2026-09-25_1519IST,airline_direct,IndiGo
DEL,BOM,6E,IndiGo,6E 6022,2026-10-02,7,economy,,,6147.0,False,14:00,ok,2026-09-25T15:19:12.557866+05:30,2026-09-25_1519IST,airline_direct,IndiGo
DEL,BOM,6E,IndiGo,6E 6318,2026-10-02,7,business,,,24260.0,False,14:45,ok,2026-09-25T15:19:12.557866+05:30,2026-09-25_1519IST,airline_direct,IndiGo
DEL,BOM,6E,IndiGo,6E 6318,2026-10-02,7,economy,,,6147.0,False,14:45,ok,2026-09-25T15:19:12.557866+05:30,2026-09-25_1519IST,airline_direct,IndiGo
DEL,BOM,6E,IndiGo,6E 864,2026-10-02,7,business,,,24260.0,False,15:30,ok,2026-09-25T15:19:12.557866+05:30,2026-09-25_1519IST,airline_direct,IndiGo
DEL,BOM,6E,IndiGo,6E 864,2026-10-02,7,economy,,,6147.0,False,15:30,ok,2026-09-25T15:19:12.557866+05:30,2026-09-25_1519IST,airline_direct,IndiGo
DEL,BOM,6E,IndiGo,6E 327,2026-10-02,7,business,,,24260.0,False,16:15,ok,2026-09-25T15:19:12.557866+05:30,2026-09-25_1519IST,airline_direct,IndiGo
DEL,BOM,6E,IndiGo,6E 327,2026-10-02,7,economy,,,6147.0,False,16:15,ok,2026-09-25T15:19:12.557866+05:30,2026-09-25_1519IST,airline_direct,IndiGo
DEL,BOM,6E,IndiGo,6E 6706,2026-10-02,7,business,,,24260.0,False,17:00,ok,2026-09-25T15:19:12.557866+05:30,2026-09-25_1519IST,airline_direct,IndiGo
DEL,BOM,6E,IndiGo,6E 6706,2026-10-02,7,economy,,,6147.0,False,17:00,ok,2026-09-25T15:19:12.557866+05:30,2026-09-25_1519IST,airline_direct,IndiGo
DEL,BOM,6E,IndiGo,6E 329,2026-10-02,7,business,,,24260.0,False,18:00,ok,2026-09-25T15:19:12.557866+05:30,2026-09-25_1519IST,airline_direct,IndiGo
DEL,BOM,6E,IndiGo,6E 329,2026-10-02,7,economy,,,6147.0,False,18:00,ok,2026-09-25T15:19:12.557866+05:30,2026-09-25_1519IST,airline_direct,IndiGo
DEL,BOM,6E,IndiGo,6E 354,2026-10-02,7,business,,,24260.0,False,19:00,ok,2026-09-25T15:19:12.557866+05:30,2026-09-25_1519IST,airline_direct,IndiGo
DEL,BOM,6E,IndiGo,6E 354,2026-10-02,7,economy,,,6147.0,False,19:00,ok,2026-09-25T15:19:12.557866+05:30,2026-09-25_1519IST,airline_direct,IndiGo
DEL,BOM,6E,IndiGo,6E 303,2026-10-02,7,business,,,24260.0,False,20:00,ok,2026-09-25T15:19:12.557866+05:30,2026-09-25_1519IST,airline_direct,IndiGo
DEL,BOM,6E,IndiGo,6E 303,2026-10-02,7,economy,,,6147.0,False,20:00,ok,2026-09-25T15:19:12.557866+05:30,2026-09-25_1519IST,airline_direct,IndiGo
DEL,BOM,6E,IndiGo,6E 853,2026-10-02,7,business,,,24260.0,False,20:45,ok,2026-09-25T15:19:12.557866+05:30,2026-09-25_1519IST,airline_direct,IndiGo
DEL,BOM,6E,IndiGo,6E 853,2026-10-02,7,economy,,,6147.0,False,20:45,ok,2026-09-25T15:19:12.557866+05:30,2026-09-25_1519IST,airline_direct,IndiGo
DEL,BOM,6E,IndiGo,6E 395,2026-10-02,7,business,,,24260.0,False,21:45,ok,2026-09-25T15:19:12.557866+05:30,2026-09-25_1519IST,airline_direct,IndiGo
DEL,BOM,6E,IndiGo,6E 395,2026-10-02,7,economy,,,6147.0,False,21:45,ok,2026-09-25T15:19:12.557866+05:30,2026-09-25_1519IST,airline_direct,IndiGo
DEL,BOM,6E,IndiGo,6E 6114,2026-10-02,7,business,,,24260.0,False,22:45,ok,2026-09-25T15:19:12.557866+05:30,2026-09-25_1519IST,airline_direct,IndiGo
DEL,BOM,6E,IndiGo,6E 6114,2026-10-02,7,economy,,,6147.0,False,22:45,ok,2026-09-25T15:19:12.557866+05:30,2026-09-25_1519IST,airline_direct,IndiGo
DEL,BOM,6E,IndiGo,6E 322,2026-10-02,7,business,,,24260.0,False,23:30,ok,2026-09-25T15:19:12.557866+05:30,2026-09-25_1519IST,airline_direct,IndiGo
DEL,BOM,6E,IndiGo,6E 322,2026-10-02,7,economy,,,6147.0,False,23:30,ok,2026-09-25T15:19:12.557866+05:30,2026-09-25_1519IST,airline_direct,IndiGo
DEL,BOM,6E,IndiGo,6E 6218,2026-10-02,7,business,,,24260.0,False,06:05,ok,2026-09-25T15:19:12.557866+05:30,2026-09-25_1519IST,airline_direct,IndiGo
DEL,BOM,6E,IndiGo,6E 6218,2026-10-02,7,economy,,,6252.0,False,06:05,ok,2026-09-25T15:19:12.557866+05:30,2026-09-25_1519IST,airline_direct,IndiGo
DEL,BOM,6E,IndiGo,6E 6814,2026-10-02,7,business,,,24260.0,False,07:15,ok,2026-09-25T15:19:12.557866+05:30,2026-09-25_1519IST,airline_direct,IndiGo
DEL,BOM,6E,IndiGo,6E 6814,2026-10-02,7,economy,,,7003.0,False,07:15,ok,2026-09-25T15:19:12.557866+05:30,2026-09-25_1519IST,airline_direct,IndiGo
DEL,BOM,6E,IndiGo,6E 320,2026-10-02,7,business,,,24260.0,False,08:00,ok,2026-09-25T15:19:12.557866+05:30,2026-09-25_1519IST,airline_direct,IndiGo
DEL,BOM,6E,IndiGo,6E 320,2026-10-02,7,economy,,,7003.0,False,08:00,ok,2026-09-25T15:19:12.557866+05:30,2026-09-25_1519IST,airline_direct,IndiGo
DEL,BOM,6E,IndiGo,6E 6676,2026-10-02,7,business,,,24260.0,False,12:00,ok,2026-09-25T15:19:12.557866+05:30,2026-09-25_1519IST,airline_direct,IndiGo
DEL,BOM,6E,IndiGo,6E 6676,2026-10-02,7,economy,,,7003.0,False,12:00,ok,2026-09-25T15:19:12.557866+05:30,2026-09-25_1519IST,airline_direct,IndiGo
DEL,BOM,6E,IndiGo,6E 324,2026-10-02,7,business,,,24260.0,False,13:00,ok,2026-09-25T15:19:12.557866+05:30,2026-09-25_1519IST,airline_direct,IndiGo
DEL,BOM,6E,IndiGo,6E 324,2026-10-02,7,economy,,,7003.0,False,13:00,ok,2026-09-25T15:19:12.557866+05:30,2026-09-25_1519IST,airline_direct,IndiGo
DEL,BOM,6E,IndiGo,6E 6047,2026-10-02,7,business,,,24260.0,False,11:00,ok,2026-09-25T15:19:12.557866+05:30,2026-09-25_1519IST,airline_direct,IndiGo
DEL,BOM,6E,IndiGo,6E 6047,2026-10-02,7,economy,,,7318.0,False,11:00,ok,2026-09-25T15:19:12.557866+05:30,2026-09-25_1519IST,airline_direct,IndiGo
DEL,BOM,6E,IndiGo,6E 675,2026-10-02,7,business,,,24260.0,False,08:45,ok,2026-09-25T15:19:12.557866+05:30,2026-09-25_1519IST,airline_direct,IndiGo
DEL,BOM,6E,IndiGo,6E 675,2026-10-02,7,economy,,,7685.0,False,08:45,ok,2026-09-25T15:19:12.557866+05:30,2026-09-25_1519IST,airline_direct,IndiGo
DEL,BOM,6E,IndiGo,6E 6107,2026-10-02,7,business,,,24260.0,False,09:30,ok,2026-09-25T15:19:12.557866+05:30,2026-09-25_1519IST,airline_direct,IndiGo
DEL,BOM,6E,IndiGo,6E 6107,2026-10-02,7,economy,,,7685.0,False,09:30,ok,2026-09-25T15:19:12.557866+05:30,2026-09-25_1519IST,airline_direct,IndiGo
DEL,BOM,6E,IndiGo,6E 6328,2026-10-02,7,business,,,24260.0,False,10:15,ok,2026-09-25T15:19:12.557866+05:30,2026-09-25_1519IST,airline_direct,IndiGo
DEL,BOM,6E,IndiGo,6E 6328,2026-10-02,7,economy,,,7685.0,False,10:15,ok,2026-09-25T15:19:12.557866+05:30,2026-09-25_1519IST,airline_direct,IndiGo
DEL,BOM,6E,IndiGo,6E 6261,2026-10-02,7,economy,,,6618.0,False,00:15,ok,2026-09-25T15:19:12.557866+05:30,2026-09-25_1519IST,airline_direct,IndiGo
DEL,BOM,6E,IndiGo,6E 5119,2026-10-02,7,economy,,,6618.0,False,05:10,ok,2026-09-25T15:19:12.557866+05:30,2026-09-25_1519IST,airline_direct,IndiGo
DEL,BOM,6E,IndiGo,6E 5119,2026-10-02,7,economy,,,6618.0,False,05:10,ok,2026-09-25T15:19:12.557866+05:30,2026-09-25_1519IST,airline_direct,IndiGo
DEL,BOM,6E,IndiGo,6E 2076,2026-10-02,7,economy,,,6618.0,False,07:30,ok,2026-09-25T15:19:12.557866+05:30,2026-09-25_1519IST,airline_direct,IndiGo
DEL,BOM,6E,IndiGo,6E 2331,2026-10-02,7,economy,,,6618.0,False,12:20,ok,2026-09-25T15:19:12.557866+05:30,2026-09-25_1519IST,airline_direct,IndiGo
DEL,BOM,6E,IndiGo,6E 2341,2026-10-02,7,economy,,,6618.0,False,14:50,ok,2026-09-25T15:19:12.557866+05:30,2026-09-25_1519IST,airline_direct,IndiGo
DEL,BOM,6E,IndiGo,6E 5073,2026-10-02,7,economy,,,6618.0,False,17:05,ok,2026-09-25T15:19:12.557866+05:30,2026-09-25_1519IST,airline_direct,IndiGo
DEL,BOM,6E,IndiGo,6E 5073,2026-10-02,7,economy,,,6618.0,False,17:05,ok,2026-09-25T15:19:12.557866+05:30,2026-09-25_1519IST,airline_direct,IndiGo
DEL,BOM,6E,IndiGo,6E 5014,2026-10-02,7,economy,,,6618.0,False,18:30,ok,2026-09-25T15:19:12.557866+05:30,2026-09-25_1519IST,airline_direct,IndiGo
DEL,BOM,6E,IndiGo,6E 931,2026-10-02,7,economy,,,6618.0,False,19:30,ok,2026-09-25T15:19:12.557866+05:30,2026-09-25_1519IST,airline_direct,IndiGo
DEL,BOM,6E,IndiGo,6E 6569,2026-10-02,7,economy,,,6750.0,False,05:00,ok,2026-09-25T15:19:12.557866+05:30,2026-09-25_1519IST,airline_direct,IndiGo
DEL,BOM,6E,IndiGo,6E 6459,2026-10-02,7,economy,,,6750.0,False,05:55,ok,2026-09-25T15:19:12.557866+05:30,2026-09-25_1519IST,airline_direct,IndiGo
DEL,BOM,6E,IndiGo,6E 2249,2026-10-02,7,economy,,,6750.0,False,15:00,ok,2026-09-25T15:19:12.557866+05:30,2026-09-25_1519IST,airline_direct,IndiGo
DEL,BOM,6E,IndiGo,6E 6433,2026-10-02,7,economy,,,6750.0,False,16:30,ok,2026-09-25T15:19:12.557866+05:30,2026-09-25_1519IST,airline_direct,IndiGo
DEL,BOM,6E,IndiGo,6E 6829,2026-10-02,7,economy,,,6750.0,False,17:20,ok,2026-09-25T15:19:12.557866+05:30,2026-09-25_1519IST,airline_direct,IndiGo
DEL,BOM,6E,IndiGo,6E 6829,2026-10-02,7,economy,,,6750.0,False,17:20,ok,2026-09-25T15:19:12.557866+05:30,2026-09-25_1519IST,airline_direct,IndiGo
DEL,BOM,6E,IndiGo,6E 5138,2026-10-02,7,economy,,,6750.0,False,19:10,ok,2026-09-25T15:19:12.557866+05:30,2026-09-25_1519IST,airline_direct,IndiGo
DEL,BOM,6E,IndiGo,6E 2169,2026-10-02,7,economy,,,6750.0,False,19:20,ok,2026-09-25T15:19:12.557866+05:30,2026-09-25_1519IST,airline_direct,IndiGo
DEL,BOM,6E,IndiGo,6E 6050,2026-10-02,7,economy,,,6828.0,False,08:15,ok,2026-09-25T15:19:12.557866+05:30,2026-09-25_1519IST,airline_direct,IndiGo
DEL,BOM,6E,IndiGo,6E 2113,2026-10-02,7,economy,,,6828.0,False,13:20,ok,2026-09-25T15:19:12.557866+05:30,2026-09-25_1519IST,airline_direct,IndiGo
DEL,BOM,6E,IndiGo,6E 5038,2026-10-02,7,economy,,,6828.0,False,14:00,ok,2026-09-25T15:19:12.557866+05:30,2026-09-25_1519IST,airline_direct,IndiGo
DEL,BOM,6E,IndiGo,6E 6479,2026-10-02,7,economy,,,6828.0,False,21:25,ok,2026-09-25T15:19:12.557866+05:30,2026-09-25_1519IST,airline_direct,IndiGo
DEL,BOM,6E,IndiGo,6E 704,2026-10-02,7,business,,,36166.0,False,02:25,ok,2026-09-25T15:19:12.557866+05:30,2026-09-25_1519IST,airline_direct,IndiGo
DEL,BOM,6E,IndiGo,6E 704,2026-10-02,7,economy,,,6960.0,False,02:25,ok,2026-09-25T15:19:12.557866+05:30,2026-09-25_1519IST,airline_direct,IndiGo
DEL,BOM,6E,IndiGo,6E 6026,2026-10-02,7,business,,,36166.0,False,05:30,ok,2026-09-25T15:19:12.557866+05:30,2026-09-25_1519IST,airline_direct,IndiGo
DEL,BOM,6E,IndiGo,6E 6026,2026-10-02,7,economy,,,6960.0,False,05:30,ok,2026-09-25T15:19:12.557866+05:30,2026-09-25_1519IST,airline_direct,IndiGo
DEL,BOM,6E,IndiGo,6E 705,2026-10-02,7,business,,,36166.0,False,08:30,ok,2026-09-25T15:19:12.557866+05:30,2026-09-25_1519IST,airline_direct,IndiGo
DEL,BOM,6E,IndiGo,6E 705,2026-10-02,7,economy,,,6960.0,False,08:30,ok,2026-09-25T15:19:12.557866+05:30,2026-09-25_1519IST,airline_direct,IndiGo
DEL,BOM,6E,IndiGo,6E 6293,2026-10-02,7,business,,,36166.0,False,09:55,ok,2026-09-25T15:19:12.557866+05:30,2026-09-25_1519IST,airline_direct,IndiGo
DEL,BOM,6E,IndiGo,6E 6293,2026-10-02,7,economy,,,6960.0,False,09:55,ok,2026-09-25T15:19:12.557866+05:30,2026-09-25_1519IST,airline_direct,IndiGo
DEL,BOM,6E,IndiGo,6E 6282,2026-10-02,7,business,,,36166.0,False,13:30,ok,2026-09-25T15:19:12.557866+05:30,2026-09-25_1519IST,airline_direct,IndiGo
DEL,BOM,6E,IndiGo,6E 6282,2026-10-02,7,economy,,,6960.0,False,13:30,ok,2026-09-25T15:19:12.557866+05:30,2026-09-25_1519IST,airline_direct,IndiGo
DEL,BOM,6E,IndiGo,6E 2381,2026-10-02,7,economy,,,6960.0,False,13:45,ok,2026-09-25T15:19:12.557866+05:30,2026-09-25_1519IST,airline_direct,IndiGo
DEL,BOM,6E,IndiGo,6E 6212,2026-10-02,7,business,,,38630.0,False,14:45,ok,2026-09-25T15:19:12.557866+05:30,2026-09-25_1519IST,airline_direct,IndiGo
DEL,BOM,6E,IndiGo,6E 6212,2026-10-02,7,economy,,,6960.0,False,14:45,ok,2026-09-25T15:19:12.557866+05:30,2026-09-25_1519IST,airline_direct,IndiGo
DEL,BOM,6E,IndiGo,6E 717,2026-10-02,7,business,,,36166.0,False,17:55,ok,2026-09-25T15:19:12.557866+05:30,2026-09-25_1519IST,airline_direct,IndiGo
DEL,BOM,6E,IndiGo,6E 717,2026-10-02,7,economy,,,6960.0,False,17:55,ok,2026-09-25T15:19:12.557866+05:30,2026-09-25_1519IST,airline_direct,IndiGo
DEL,BOM,6E,IndiGo,6E 6497,2026-10-02,7,economy,,,6960.0,False,18:40,ok,2026-09-25T15:19:12.557866+05:30,2026-09-25_1519IST,airline_direct,IndiGo
DEL,BOM,6E,IndiGo,6E 6601,2026-10-02,7,business,,,36166.0,False,19:45,ok,2026-09-25T15:19:12.557866+05:30,2026-09-25_1519IST,airline_direct,IndiGo
DEL,BOM,6E,IndiGo,6E 6601,2026-10-02,7,economy,,,6960.0,False,19:45,ok,2026-09-25T15:19:12.557866+05:30,2026-09-25_1519IST,airline_direct,IndiGo
DEL,BOM,6E,IndiGo,6E 882,2026-10-02,7,business,,,29592.0,False,23:15,ok,2026-09-25T15:19:12.557866+05:30,2026-09-25_1519IST,airline_direct,IndiGo
DEL,BOM,6E,IndiGo,6E 882,2026-10-02,7,economy,,,6960.0,False,23:15,ok,2026-09-25T15:19:12.557866+05:30,2026-09-25_1519IST,airline_direct,IndiGo
DEL,BOM,6E,IndiGo,6E 357,2026-10-02,7,economy,,,7038.0,False,19:30,ok,2026-09-25T15:19:12.557866+05:30,2026-09-25_1519IST,airline_direct,IndiGo
DEL,BOM,6E,IndiGo,6E 6983,2026-10-02,7,economy,,,7718.0,False,15:35,ok,2026-09-25T15:19:12.557866+05:30,2026-09-25_1519IST,airline_direct,IndiGo
DEL,BOM,6E,IndiGo,6E 6443,2026-10-02,7,economy,,,7849.0,False,09:00,ok,2026-09-25T15:19:12.557866+05:30,2026-09-25_1519IST,airline_direct,IndiGo
DEL,BOM,6E,IndiGo,6E 758,2026-10-02,7,economy,,,7928.0,False,16:10,ok,2026-09-25T15:19:12.557866+05:30,2026-09-25_1519IST,airline_direct,IndiGo
DEL,BOM,6E,IndiGo,6E 6171,2026-10-02,7,economy,,,8351.0,False,05:40,ok,2026-09-25T15:19:12.557866+05:30,2026-09-25_1519IST,airline_direct,IndiGo
DEL,BOM,6E,IndiGo,6E 6488,2026-10-02,7,economy,,,8482.0,False,11:20,ok,2026-09-25T15:19:12.557866+05:30,2026-09-25_1519IST,airline_direct,IndiGo
DEL,BOM,6E,IndiGo,6E 2349,2026-10-02,7,economy,,,8946.0,False,10:55,ok,2026-09-25T15:19:12.557866+05:30,2026-09-25_1519IST,airline_direct,IndiGo
DEL,BOM,6E,IndiGo,6E 358,2026-10-02,7,business,,,39059.0,False,12:10,ok,2026-09-25T15:19:12.557866+05:30,2026-09-25_1519IST,airline_direct,IndiGo
DEL,BOM,6E,IndiGo,6E 358,2026-10-02,7,economy,,,10232.0,False,12:10,ok,2026-09-25T15:19:12.557866+05:30,2026-09-25_1519IST,airline_direct,IndiGo
DEL,BOM,6E,IndiGo,6E 5298,2026-10-02,7,economy,,,10863.0,False,09:00,ok,2026-09-25T15:19:12.557866+05:30,2026-09-25_1519IST,airline_direct,IndiGo
DEL,BOM,6E,IndiGo,6E 2496,2026-10-02,7,economy,,,15595.0,False,12:40,ok,2026-09-25T15:19:12.557866+05:30,2026-09-25_1519IST,airline_direct,IndiGo
DEL,BLR,6E,IndiGo,6E 6054,2026-10-02,7,business,,,29942.0,False,01:05,ok,2026-09-25T15:20:10.090456+05:30,2026-09-25_1520IST,airline_direct,IndiGo
DEL,BLR,6E,IndiGo,6E 6054,2026-10-02,7,economy,,,8671.0,False,01:05,ok,2026-09-25T15:20:10.090456+05:30,2026-09-25_1520IST,airline_direct,IndiGo
DEL,BLR,6E,IndiGo,6E 820,2026-10-02,7,business,,,29942.0,False,03:00,ok,2026-09-25T15:20:10.090456+05:30,2026-09-25_1520IST,airline_direct,IndiGo
DEL,BLR,6E,IndiGo,6E 820,2026-10-02,7,economy,,,8671.0,False,03:00,ok,2026-09-25T15:20:10.090456+05:30,2026-09-25_1520IST,airline_direct,IndiGo
DEL,BLR,6E,IndiGo,6E 2314,2026-10-02,7,business,,,29942.0,False,05:45,ok,2026-09-25T15:20:10.090456+05:30,2026-09-25_1520IST,airline_direct,IndiGo
DEL,BLR,6E,IndiGo,6E 2314,2026-10-02,7,economy,,,8671.0,False,05:45,ok,2026-09-25T15:20:10.090456+05:30,2026-09-25_1520IST,airline_direct,IndiGo
DEL,BLR,6E,IndiGo,6E 810,2026-10-02,7,business,,,29942.0,False,07:05,ok,2026-09-25T15:20:10.090456+05:30,2026-09-25_1520IST,airline_direct,IndiGo
DEL,BLR,6E,IndiGo,6E 810,2026-10-02,7,economy,,,8671.0,False,07:05,ok,2026-09-25T15:20:10.090456+05:30,2026-09-25_1520IST,airline_direct,IndiGo
DEL,BLR,6E,IndiGo,6E 873,2026-10-02,7,business,,,29942.0,False,08:20,ok,2026-09-25T15:20:10.090456+05:30,2026-09-25_1520IST,airline_direct,IndiGo
DEL,BLR,6E,IndiGo,6E 873,2026-10-02,7,economy,,,8671.0,False,08:20,ok,2026-09-25T15:20:10.090456+05:30,2026-09-25_1520IST,airline_direct,IndiGo
DEL,BLR,6E,IndiGo,6E 826,2026-10-02,7,business,,,29942.0,False,09:30,ok,2026-09-25T15:20:10.090456+05:30,2026-09-25_1520IST,airline_direct,IndiGo
DEL,BLR,6E,IndiGo,6E 826,2026-10-02,7,economy,,,8671.0,False,09:30,ok,2026-09-25T15:20:10.090456+05:30,2026-09-25_1520IST,airline_direct,IndiGo
DEL,BLR,6E,IndiGo,6E 842,2026-10-02,7,business,,,29942.0,False,10:45,ok,2026-09-25T15:20:10.090456+05:30,2026-09-25_1520IST,airline_direct,IndiGo
DEL,BLR,6E,IndiGo,6E 842,2026-10-02,7,economy,,,8671.0,False,10:45,ok,2026-09-25T15:20:10.090456+05:30,2026-09-25_1520IST,airline_direct,IndiGo
DEL,BLR,6E,IndiGo,6E 850,2026-10-02,7,business,,,29942.0,False,12:15,ok,2026-09-25T15:20:10.090456+05:30,2026-09-25_1520IST,airline_direct,IndiGo
DEL,BLR,6E,IndiGo,6E 850,2026-10-02,7,economy,,,8671.0,False,12:15,ok,2026-09-25T15:20:10.090456+05:30,2026-09-25_1520IST,airline_direct,IndiGo
DEL,BLR,6E,IndiGo,6E 176,2026-10-02,7,business,,,29942.0,False,13:15,ok,2026-09-25T15:20:10.090456+05:30,2026-09-25_1520IST,airline_direct,IndiGo
DEL,BLR,6E,IndiGo,6E 176,2026-10-02,7,economy,,,8671.0,False,13:15,ok,2026-09-25T15:20:10.090456+05:30,2026-09-25_1520IST,airline_direct,IndiGo
DEL,BLR,6E,IndiGo,6E 828,2026-10-02,7,business,,,29942.0,False,14:30,ok,2026-09-25T15:20:10.090456+05:30,2026-09-25_1520IST,airline_direct,IndiGo
DEL,BLR,6E,IndiGo,6E 828,2026-10-02,7,economy,,,8671.0,False,14:30,ok,2026-09-25T15:20:10.090456+05:30,2026-09-25_1520IST,airline_direct,IndiGo
DEL,BLR,6E,IndiGo,6E 880,2026-10-02,7,business,,,29942.0,False,15:45,ok,2026-09-25T15:20:10.090456+05:30,2026-09-25_1520IST,airline_direct,IndiGo
DEL,BLR,6E,IndiGo,6E 880,2026-10-02,7,economy,,,8671.0,False,15:45,ok,2026-09-25T15:20:10.090456+05:30,2026-09-25_1520IST,airline_direct,IndiGo
DEL,BLR,6E,IndiGo,6E 837,2026-10-02,7,business,,,29942.0,False,17:00,ok,2026-09-25T15:20:10.090456+05:30,2026-09-25_1520IST,airline_direct,IndiGo
DEL,BLR,6E,IndiGo,6E 837,2026-10-02,7,economy,,,8671.0,False,17:00,ok,2026-09-25T15:20:10.090456+05:30,2026-09-25_1520IST,airline_direct,IndiGo
DEL,BLR,6E,IndiGo,6E 811,2026-10-02,7,business,,,29942.0,False,18:20,ok,2026-09-25T15:20:10.090456+05:30,2026-09-25_1520IST,airline_direct,IndiGo
DEL,BLR,6E,IndiGo,6E 811,2026-10-02,7,economy,,,8671.0,False,18:20,ok,2026-09-25T15:20:10.090456+05:30,2026-09-25_1520IST,airline_direct,IndiGo
DEL,BLR,6E,IndiGo,6E 861,2026-10-02,7,business,,,29942.0,False,19:30,ok,2026-09-25T15:20:10.090456+05:30,2026-09-25_1520IST,airline_direct,IndiGo
DEL,BLR,6E,IndiGo,6E 861,2026-10-02,7,economy,,,8671.0,False,19:30,ok,2026-09-25T15:20:10.090456+05:30,2026-09-25_1520IST,airline_direct,IndiGo
DEL,BLR,6E,IndiGo,6E 6515,2026-10-02,7,business,,,29942.0,False,20:45,ok,2026-09-25T15:20:10.090456+05:30,2026-09-25_1520IST,airline_direct,IndiGo
DEL,BLR,6E,IndiGo,6E 6515,2026-10-02,7,economy,,,8671.0,False,20:45,ok,2026-09-25T15:20:10.090456+05:30,2026-09-25_1520IST,airline_direct,IndiGo
DEL,BLR,6E,IndiGo,6E 846,2026-10-02,7,business,,,29942.0,False,22:00,ok,2026-09-25T15:20:10.090456+05:30,2026-09-25_1520IST,airline_direct,IndiGo
DEL,BLR,6E,IndiGo,6E 846,2026-10-02,7,economy,,,8671.0,False,22:00,ok,2026-09-25T15:20:10.090456+05:30,2026-09-25_1520IST,airline_direct,IndiGo
DEL,BLR,6E,IndiGo,6E 871,2026-10-02,7,business,,,29942.0,False,23:30,ok,2026-09-25T15:20:10.090456+05:30,2026-09-25_1520IST,airline_direct,IndiGo
DEL,BLR,6E,IndiGo,6E 871,2026-10-02,7,economy,,,8671.0,False,23:30,ok,2026-09-25T15:20:10.090456+05:30,2026-09-25_1520IST,airline_direct,IndiGo
DEL,BLR,6E,IndiGo,6E 2319,2026-10-02,7,economy,,,8844.0,False,09:55,ok,2026-09-25T15:20:10.090456+05:30,2026-09-25_1520IST,airline_direct,IndiGo
DEL,BLR,6E,IndiGo,6E 2147,2026-10-02,7,economy,,,9404.0,False,11:10,ok,2026-09-25T15:20:10.090456+05:30,2026-09-25_1520IST,airline_direct,IndiGo
DEL,BLR,6E,IndiGo,6E 6476,2026-10-02,7,economy,,,9684.0,False,07:05,ok,2026-09-25T15:20:10.090456+05:30,2026-09-25_1520IST,airline_direct,IndiGo
DEL,BLR,6E,IndiGo,6E 704,2026-10-02,7,business,,,31064.0,False,02:25,ok,2026-09-25T15:20:10.090456+05:30,2026-09-25_1520IST,airline_direct,IndiGo
DEL,BLR,6E,IndiGo,6E 704,2026-10-02,7,economy,,,9946.0,False,02:25,ok,2026-09-25T15:20:10.090456+05:30,2026-09-25_1520IST,airline_direct,IndiGo
DEL,BLR,6E,IndiGo,6E 704,2026-10-02,7,business,,,31064.0,False,02:25,ok,2026-09-25T15:20:10.090456+05:30,2026-09-25_1520IST,airline_direct,IndiGo
DEL,BLR,6E,IndiGo,6E 704,2026-10-02,7,economy,,,9946.0,False,02:25,ok,2026-09-25T15:20:10.090456+05:30,2026-09-25_1520IST,airline_direct,IndiGo
DEL,BLR,6E,IndiGo,6E 6293,2026-10-02,7,business,,,33488.0,False,09:55,ok,2026-09-25T15:20:10.090456+05:30,2026-09-25_1520IST,airline_direct,IndiGo
DEL,BLR,6E,IndiGo,6E 6293,2026-10-02,7,economy,,,9946.0,False,09:55,ok,2026-09-25T15:20:10.090456+05:30,2026-09-25_1520IST,airline_direct,IndiGo
DEL,BLR,6E,IndiGo,6E 884,2026-10-02,7,business,,,28321.0,False,11:45,ok,2026-09-25T15:20:10.090456+05:30,2026-09-25_1520IST,airline_direct,IndiGo
DEL,BLR,6E,IndiGo,6E 884,2026-10-02,7,economy,,,9946.0,False,11:45,ok,2026-09-25T15:20:10.090456+05:30,2026-09-25_1520IST,airline_direct,IndiGo
DEL,BLR,6E,IndiGo,6E 6282,2026-10-02,7,business,,,27551.0,False,13:30,ok,2026-09-25T15:20:10.090456+05:30,2026-09-25_1520IST,airline_direct,IndiGo
DEL,BLR,6E,IndiGo,6E 6282,2026-10-02,7,economy,,,9946.0,False,13:30,ok,2026-09-25T15:20:10.090456+05:30,2026-09-25_1520IST,airline_direct,IndiGo
DEL,BLR,6E,IndiGo,6E 6212,2026-10-02,7,business,,,28321.0,False,14:45,ok,2026-09-25T15:20:10.090456+05:30,2026-09-25_1520IST,airline_direct,IndiGo
DEL,BLR,6E,IndiGo,6E 6212,2026-10-02,7,economy,,,9946.0,False,14:45,ok,2026-09-25T15:20:10.090456+05:30,2026-09-25_1520IST,airline_direct,IndiGo
DEL,BLR,6E,IndiGo,6E 6217,2026-10-02,7,business,,,27917.0,False,16:15,ok,2026-09-25T15:20:10.090456+05:30,2026-09-25_1520IST,airline_direct,IndiGo
DEL,BLR,6E,IndiGo,6E 6217,2026-10-02,7,economy,,,9946.0,False,16:15,ok,2026-09-25T15:20:10.090456+05:30,2026-09-25_1520IST,airline_direct,IndiGo
DEL,BLR,6E,IndiGo,6E 717,2026-10-02,7,business,,,27917.0,False,17:55,ok,2026-09-25T15:20:10.090456+05:30,2026-09-25_1520IST,airline_direct,IndiGo
DEL,BLR,6E,IndiGo,6E 717,2026-10-02,7,economy,,,9946.0,False,17:55,ok,2026-09-25T15:20:10.090456+05:30,2026-09-25_1520IST,airline_direct,IndiGo
DEL,BLR,6E,IndiGo,6E 2343,2026-10-02,7,business,,,27753.0,False,02:20,ok,2026-09-25T15:20:10.090456+05:30,2026-09-25_1520IST,airline_direct,IndiGo
DEL,BLR,6E,IndiGo,6E 2343,2026-10-02,7,economy,,,10077.0,False,02:20,ok,2026-09-25T15:20:10.090456+05:30,2026-09-25_1520IST,airline_direct,IndiGo
DEL,BLR,6E,IndiGo,6E 6569,2026-10-02,7,economy,,,10077.0,False,05:00,ok,2026-09-25T15:20:10.090456+05:30,2026-09-25_1520IST,airline_direct,IndiGo
DEL,BLR,6E,IndiGo,6E 5119,2026-10-02,7,economy,,,10077.0,False,05:10,ok,2026-09-25T15:20:10.090456+05:30,2026-09-25_1520IST,airline_direct,IndiGo
DEL,BLR,6E,IndiGo,6E 6459,2026-10-02,7,economy,,,10077.0,False,05:55,ok,2026-09-25T15:20:10.090456+05:30,2026-09-25_1520IST,airline_direct,IndiGo
DEL,BLR,6E,IndiGo,6E 2361,2026-10-02,7,economy,,,10077.0,False,14:35,ok,2026-09-25T15:20:10.090456+05:30,2026-09-25_1520IST,airline_direct,IndiGo
DEL,BLR,6E,IndiGo,6E 990,2026-10-02,7,economy,,,10077.0,False,14:50,ok,2026-09-25T15:20:10.090456+05:30,2026-09-25_1520IST,airline_direct,IndiGo
DEL,BLR,6E,IndiGo,6E 2557,2026-10-02,7,economy,,,10077.0,False,15:20,ok,2026-09-25T15:20:10.090456+05:30,2026-09-25_1520IST,airline_direct,IndiGo
DEL,BLR,6E,IndiGo,6E 734,2026-10-02,7,economy,,,10077.0,False,16:20,ok,2026-09-25T15:20:10.090456+05:30,2026-09-25_1520IST,airline_direct,IndiGo
DEL,BLR,6E,IndiGo,6E 6437,2026-10-02,7,business,,,26012.0,False,16:25,ok,2026-09-25T15:20:10.090456+05:30,2026-09-25_1520IST,airline_direct,IndiGo
DEL,BLR,6E,IndiGo,6E 6437,2026-10-02,7,economy,,,10077.0,False,16:25,ok,2026-09-25T15:20:10.090456+05:30,2026-09-25_1520IST,airline_direct,IndiGo
DEL,BLR,6E,IndiGo,6E 5073,2026-10-02,7,economy,,,10077.0,False,17:05,ok,2026-09-25T15:20:10.090456+05:30,2026-09-25_1520IST,airline_direct,IndiGo
DEL,BLR,6E,IndiGo,6E 6829,2026-10-02,7,economy,,,10077.0,False,17:20,ok,2026-09-25T15:20:10.090456+05:30,2026-09-25_1520IST,airline_direct,IndiGo
DEL,BLR,6E,IndiGo,6E 329,2026-10-02,7,business,,,40536.0,False,18:00,ok,2026-09-25T15:20:10.090456+05:30,2026-09-25_1520IST,airline_direct,IndiGo
DEL,BLR,6E,IndiGo,6E 329,2026-10-02,7,economy,,,10077.0,False,18:00,ok,2026-09-25T15:20:10.090456+05:30,2026-09-25_1520IST,airline_direct,IndiGo
DEL,BLR,6E,IndiGo,6E 6179,2026-10-02,7,economy,,,10077.0,False,18:30,ok,2026-09-25T15:20:10.090456+05:30,2026-09-25_1520IST,airline_direct,IndiGo
DEL,BLR,6E,IndiGo,6E 931,2026-10-02,7,economy,,,10077.0,False,19:30,ok,2026-09-25T15:20:10.090456+05:30,2026-09-25_1520IST,airline_direct,IndiGo
DEL,BLR,6E,IndiGo,6E 6673,2026-10-02,7,business,,,26012.0,False,21:15,ok,2026-09-25T15:20:10.090456+05:30,2026-09-25_1520IST,airline_direct,IndiGo
DEL,BLR,6E,IndiGo,6E 6673,2026-10-02,7,economy,,,10077.0,False,21:15,ok,2026-09-25T15:20:10.090456+05:30,2026-09-25_1520IST,airline_direct,IndiGo
DEL,BLR,6E,IndiGo,6E 2618,2026-10-02,7,business,,,26012.0,False,23:00,ok,2026-09-25T15:20:10.090456+05:30,2026-09-25_1520IST,airline_direct,IndiGo
DEL,BLR,6E,IndiGo,6E 2618,2026-10-02,7,economy,,,10077.0,False,23:00,ok,2026-09-25T15:20:10.090456+05:30,2026-09-25_1520IST,airline_direct,IndiGo
DEL,BLR,6E,IndiGo,6E 933,2026-10-02,7,business,,,31327.0,False,02:55,ok,2026-09-25T15:20:10.090456+05:30,2026-09-25_1520IST,airline_direct,IndiGo
DEL,BLR,6E,IndiGo,6E 933,2026-10-02,7,economy,,,10156.0,False,02:55,ok,2026-09-25T15:20:10.090456+05:30,2026-09-25_1520IST,airline_direct,IndiGo
DEL,BLR,6E,IndiGo,6E 5038,2026-10-02,7,economy,,,10156.0,False,14:00,ok,2026-09-25T15:20:10.090456+05:30,2026-09-25_1520IST,airline_direct,IndiGo
DEL,BLR,6E,IndiGo,6E 6091,2026-10-02,7,business,,,31327.0,False,15:15,ok,2026-09-25T15:20:10.090456+05:30,2026-09-25_1520IST,airline_direct,IndiGo
DEL,BLR,6E,IndiGo,6E 6091,2026-10-02,7,economy,,,10156.0,False,15:15,ok,2026-09-25T15:20:10.090456+05:30,2026-09-25_1520IST,airline_direct,IndiGo
DEL,BLR,6E,IndiGo,6E 5033,2026-10-02,7,economy,,,10156.0,False,15:50,ok,2026-09-25T15:20:10.090456+05:30,2026-09-25_1520IST,airline_direct,IndiGo
DEL,BLR,6E,IndiGo,6E 6632,2026-10-02,7,economy,,,10156.0,False,17:50,ok,2026-09-25T15:20:10.090456+05:30,2026-09-25_1520IST,airline_direct,IndiGo
DEL,BLR,6E,IndiGo,6E 950,2026-10-02,7,business,,,31327.0,False,18:15,ok,2026-09-25T15:20:10.090456+05:30,2026-09-25_1520IST,airline_direct,IndiGo
DEL,BLR,6E,IndiGo,6E 950,2026-10-02,7,economy,,,10156.0,False,18:15,ok,2026-09-25T15:20:10.090456+05:30,2026-09-25_1520IST,airline_direct,IndiGo
DEL,BLR,6E,IndiGo,6E 357,2026-10-02,7,business,,,33047.0,False,19:30,ok,2026-09-25T15:20:10.090456+05:30,2026-09-25_1520IST,airline_direct,IndiGo
DEL,BLR,6E,IndiGo,6E 357,2026-10-02,7,economy,,,10156.0,False,19:30,ok,2026-09-25T15:20:10.090456+05:30,2026-09-25_1520IST,airline_direct,IndiGo
DEL,BLR,6E,IndiGo,6E 2769,2026-10-02,7,economy,,,10287.0,False,08:10,ok,2026-09-25T15:20:10.090456+05:30,2026-09-25_1520IST,airline_direct,IndiGo
DEL,BLR,6E,IndiGo,6E 6497,2026-10-02,7,economy,,,10287.0,False,18:40,ok,2026-09-25T15:20:10.090456+05:30,2026-09-25_1520IST,airline_direct,IndiGo
DEL,BLR,6E,IndiGo,6E 2482,2026-10-02,7,economy,,,10287.0,False,19:55,ok,2026-09-25T15:20:10.090456+05:30,2026-09-25_1520IST,airline_direct,IndiGo
DEL,BLR,6E,IndiGo,6E 754,2026-10-02,7,economy,,,10314.0,False,17:10,ok,2026-09-25T15:20:10.090456+05:30,2026-09-25_1520IST,airline_direct,IndiGo
DEL,BLR,6E,IndiGo,6E 5191,2026-10-02,7,economy,,,10497.0,False,05:00,ok,2026-09-25T15:20:10.090456+05:30,2026-09-25_1520IST,airline_direct,IndiGo
DEL,BLR,6E,IndiGo,6E 6026,2026-10-02,7,business,,,36744.0,False,05:30,ok,2026-09-25T15:20:10.090456+05:30,2026-09-25_1520IST,airline_direct,IndiGo
DEL,BLR,6E,IndiGo,6E 6026,2026-10-02,7,economy,,,10720.0,False,05:30,ok,2026-09-25T15:20:10.090456+05:30,2026-09-25_1520IST,airline_direct,IndiGo
DEL,BLR,6E,IndiGo,6E 758,2026-10-02,7,economy,,,10720.0,False,16:10,ok,2026-09-25T15:20:10.090456+05:30,2026-09-25_1520IST,airline_direct,IndiGo
DEL,BLR,6E,IndiGo,6E 2150,2026-10-02,7,business,,,33047.0,False,16:55,ok,2026-09-25T15:20:10.090456+05:30,2026-09-25_1520IST,airline_direct,IndiGo
DEL,BLR,6E,IndiGo,6E 2150,2026-10-02,7,economy,,,11775.0,False,16:55,ok,2026-09-25T15:20:10.090456+05:30,2026-09-25_1520IST,airline_direct,IndiGo
DEL,BLR,6E,IndiGo,6E 513,2026-10-02,7,economy,,,12116.0,False,08:30,ok,2026-09-25T15:20:10.090456+05:30,2026-09-25_1520IST,airline_direct,IndiGo
DEL,BLR,6E,IndiGo,6E 2349,2026-10-02,7,economy,,,12740.0,False,10:55,ok,2026-09-25T15:20:10.090456+05:30,2026-09-25_1520IST,airline_direct,IndiGo
DEL,BLR,6E,IndiGo,6E 6488,2026-10-02,7,economy,,,13631.0,False,11:20,ok,2026-09-25T15:20:10.090456+05:30,2026-09-25_1520IST,airline_direct,IndiGo
DEL,BLR,6E,IndiGo,6E 2277,2026-10-02,7,economy,,,14813.0,False,10:25,ok,2026-09-25T15:20:10.090456+05:30,2026-09-25_1520IST,airline_direct,IndiGo
DEL,BLR,6E,IndiGo,6E 358,2026-10-02,7,business,,,37059.0,False,12:10,ok,2026-09-25T15:20:10.090456+05:30,2026-09-25_1520IST,airline_direct,IndiGo
DEL,BLR,6E,IndiGo,6E 358,2026-10-02,7,economy,,,14813.0,False,12:10,ok,2026-09-25T15:20:10.090456+05:30,2026-09-25_1520IST,airline_direct,IndiGo
BOM,BLR,6E,IndiGo,6E 5071,2026-10-02,7,business,,,22488.0,False,15:35,ok,2026-09-25T15:21:15.590138+05:30,2026-09-25_1521IST,airline_direct,IndiGo
BOM,BLR,6E,IndiGo,6E 5071,2026-10-02,7,economy,,,6747.0,False,15:35,ok,2026-09-25T15:21:15.590138+05:30,2026-09-25_1521IST,airline_direct,IndiGo
BOM,BLR,6E,IndiGo,6E 5388,2026-10-02,7,business,,,22488.0,False,22:20,ok,2026-09-25T15:21:15.590138+05:30,2026-09-25_1521IST,airline_direct,IndiGo
BOM,BLR,6E,IndiGo,6E 5388,2026-10-02,7,economy,,,6747.0,False,22:20,ok,2026-09-25T15:21:15.590138+05:30,2026-09-25_1521IST,airline_direct,IndiGo
BOM,BLR,6E,IndiGo,6E 5296,2026-10-02,7,business,,,22488.0,False,06:15,ok,2026-09-25T15:21:15.590138+05:30,2026-09-25_1521IST,airline_direct,IndiGo
BOM,BLR,6E,IndiGo,6E 5296,2026-10-02,7,economy,,,7062.0,False,06:15,ok,2026-09-25T15:21:15.590138+05:30,2026-09-25_1521IST,airline_direct,IndiGo
BOM,BLR,6E,IndiGo,6E 5382,2026-10-02,7,business,,,22488.0,False,14:30,ok,2026-09-25T15:21:15.590138+05:30,2026-09-25_1521IST,airline_direct,IndiGo
BOM,BLR,6E,IndiGo,6E 5382,2026-10-02,7,economy,,,7062.0,False,14:30,ok,2026-09-25T15:21:15.590138+05:30,2026-09-25_1521IST,airline_direct,IndiGo
BOM,BLR,6E,IndiGo,6E 5221,2026-10-02,7,business,,,22488.0,False,17:00,ok,2026-09-25T15:21:15.590138+05:30,2026-09-25_1521IST,airline_direct,IndiGo
BOM,BLR,6E,IndiGo,6E 5221,2026-10-02,7,economy,,,7062.0,False,17:00,ok,2026-09-25T15:21:15.590138+05:30,2026-09-25_1521IST,airline_direct,IndiGo
BOM,BLR,6E,IndiGo,6E 5047,2026-10-02,7,business,,,22488.0,False,18:30,ok,2026-09-25T15:21:15.590138+05:30,2026-09-25_1521IST,airline_direct,IndiGo
BOM,BLR,6E,IndiGo,6E 5047,2026-10-02,7,economy,,,7062.0,False,18:30,ok,2026-09-25T15:21:15.590138+05:30,2026-09-25_1521IST,airline_direct,IndiGo
BOM,BLR,6E,IndiGo,6E 5032,2026-10-02,7,business,,,22488.0,False,19:50,ok,2026-09-25T15:21:15.590138+05:30,2026-09-25_1521IST,airline_direct,IndiGo
BOM,BLR,6E,IndiGo,6E 5032,2026-10-02,7,economy,,,7062.0,False,19:50,ok,2026-09-25T15:21:15.590138+05:30,2026-09-25_1521IST,airline_direct,IndiGo
BOM,BLR,6E,IndiGo,6E 6188,2026-10-02,7,business,,,22488.0,False,21:30,ok,2026-09-25T15:21:15.590138+05:30,2026-09-25_1521IST,airline_direct,IndiGo
BOM,BLR,6E,IndiGo,6E 6188,2026-10-02,7,economy,,,7062.0,False,21:30,ok,2026-09-25T15:21:15.590138+05:30,2026-09-25_1521IST,airline_direct,IndiGo
BOM,BLR,6E,IndiGo,6E 5323,2026-10-02,7,business,,,22488.0,False,01:10,ok,2026-09-25T15:21:15.590138+05:30,2026-09-25_1521IST,airline_direct,IndiGo
BOM,BLR,6E,IndiGo,6E 5323,2026-10-02,7,economy,,,7201.0,False,01:10,ok,2026-09-25T15:21:15.590138+05:30,2026-09-25_1521IST,airline_direct,IndiGo
BOM,BLR,6E,IndiGo,6E 5294,2026-10-02,7,business,,,22488.0,False,04:30,ok,2026-09-25T15:21:15.590138+05:30,2026-09-25_1521IST,airline_direct,IndiGo
BOM,BLR,6E,IndiGo,6E 5294,2026-10-02,7,economy,,,7201.0,False,04:30,ok,2026-09-25T15:21:15.590138+05:30,2026-09-25_1521IST,airline_direct,IndiGo
BOM,BLR,6E,IndiGo,6E 5193,2026-10-02,7,business,,,22488.0,False,07:45,ok,2026-09-25T15:21:15.590138+05:30,2026-09-25_1521IST,airline_direct,IndiGo
BOM,BLR,6E,IndiGo,6E 5193,2026-10-02,7,economy,,,7797.0,False,07:45,ok,2026-09-25T15:21:15.590138+05:30,2026-09-25_1521IST,airline_direct,IndiGo
BOM,BLR,6E,IndiGo,6E 5092,2026-10-02,7,business,,,22488.0,False,09:50,ok,2026-09-25T15:21:15.590138+05:30,2026-09-25_1521IST,airline_direct,IndiGo
BOM,BLR,6E,IndiGo,6E 5092,2026-10-02,7,economy,,,7797.0,False,09:50,ok,2026-09-25T15:21:15.590138+05:30,2026-09-25_1521IST,airline_direct,IndiGo
BOM,BLR,6E,IndiGo,6E 5217,2026-10-02,7,business,,,22488.0,False,11:00,ok,2026-09-25T15:21:15.590138+05:30,2026-09-25_1521IST,airline_direct,IndiGo
BOM,BLR,6E,IndiGo,6E 5217,2026-10-02,7,economy,,,7797.0,False,11:00,ok,2026-09-25T15:21:15.590138+05:30,2026-09-25_1521IST,airline_direct,IndiGo
BOM,BLR,6E,IndiGo,6E 5184,2026-10-02,7,business,,,22488.0,False,12:30,ok,2026-09-25T15:21:15.590138+05:30,2026-09-25_1521IST,airline_direct,IndiGo
BOM,BLR,6E,IndiGo,6E 5184,2026-10-02,7,economy,,,7797.0,False,12:30,ok,2026-09-25T15:21:15.590138+05:30,2026-09-25_1521IST,airline_direct,IndiGo
BOM,BLR,6E,IndiGo,6E 230,2026-10-02,7,economy,,,7243.0,False,13:55,ok,2026-09-25T15:21:15.590138+05:30,2026-09-25_1521IST,airline_direct,IndiGo
BOM,BLR,6E,IndiGo,6E 5241,2026-10-02,7,economy,,,7243.0,False,16:40,ok,2026-09-25T15:21:15.590138+05:30,2026-09-25_1521IST,airline_direct,IndiGo
BOM,BLR,6E,IndiGo,6E 5241,2026-10-02,7,economy,,,7243.0,False,16:40,ok,2026-09-25T15:21:15.590138+05:30,2026-09-25_1521IST,airline_direct,IndiGo
BOM,BLR,6E,IndiGo,6E 5241,2026-10-02,7,economy,,,7243.0,False,16:40,ok,2026-09-25T15:21:15.590138+05:30,2026-09-25_1521IST,airline_direct,IndiGo
BOM,BLR,6E,IndiGo,6E 5179,2026-10-02,7,business,,,26723.0,False,02:45,ok,2026-09-25T15:21:15.590138+05:30,2026-09-25_1521IST,airline_direct,IndiGo
BOM,BLR,6E,IndiGo,6E 5179,2026-10-02,7,economy,,,7374.0,False,02:45,ok,2026-09-25T15:21:15.590138+05:30,2026-09-25_1521IST,airline_direct,IndiGo
BOM,BLR,6E,IndiGo,6E 5179,2026-10-02,7,business,,,26723.0,False,02:45,ok,2026-09-25T15:21:15.590138+05:30,2026-09-25_1521IST,airline_direct,IndiGo
BOM,BLR,6E,IndiGo,6E 5179,2026-10-02,7,economy,,,7374.0,False,02:45,ok,2026-09-25T15:21:15.590138+05:30,2026-09-25_1521IST,airline_direct,IndiGo
BOM,BLR,6E,IndiGo,6E 5318,2026-10-02,7,business,,,23981.0,False,10:15,ok,2026-09-25T15:21:15.590138+05:30,2026-09-25_1521IST,airline_direct,IndiGo
BOM,BLR,6E,IndiGo,6E 5318,2026-10-02,7,economy,,,7374.0,False,10:15,ok,2026-09-25T15:21:15.590138+05:30,2026-09-25_1521IST,airline_direct,IndiGo
BOM,BLR,6E,IndiGo,6E 5178,2026-10-02,7,business,,,23981.0,False,11:45,ok,2026-09-25T15:21:15.590138+05:30,2026-09-25_1521IST,airline_direct,IndiGo
BOM,BLR,6E,IndiGo,6E 5178,2026-10-02,7,economy,,,7374.0,False,11:45,ok,2026-09-25T15:21:15.590138+05:30,2026-09-25_1521IST,airline_direct,IndiGo
BOM,BLR,6E,IndiGo,6E 5386,2026-10-02,7,business,,,23981.0,False,15:10,ok,2026-09-25T15:21:15.590138+05:30,2026-09-25_1521IST,airline_direct,IndiGo
BOM,BLR,6E,IndiGo,6E 5386,2026-10-02,7,economy,,,7374.0,False,15:10,ok,2026-09-25T15:21:15.590138+05:30,2026-09-25_1521IST,airline_direct,IndiGo
BOM,BLR,6E,IndiGo,6E 5386,2026-10-02,7,business,,,23576.0,False,15:10,ok,2026-09-25T15:21:15.590138+05:30,2026-09-25_1521IST,airline_direct,IndiGo
BOM,BLR,6E,IndiGo,6E 5386,2026-10-02,7,economy,,,7374.0,False,15:10,ok,2026-09-25T15:21:15.590138+05:30,2026-09-25_1521IST,airline_direct,IndiGo
BOM,BLR,6E,IndiGo,6E 5386,2026-10-02,7,business,,,23576.0,False,15:10,ok,2026-09-25T15:21:15.590138+05:30,2026-09-25_1521IST,airline_direct,IndiGo
BOM,BLR,6E,IndiGo,6E 5386,2026-10-02,7,economy,,,7374.0,False,15:10,ok,2026-09-25T15:21:15.590138+05:30,2026-09-25_1521IST,airline_direct,IndiGo
BOM,BLR,6E,IndiGo,6E 5228,2026-10-02,7,business,,,23576.0,False,16:45,ok,2026-09-25T15:21:15.590138+05:30,2026-09-25_1521IST,airline_direct,IndiGo
BOM,BLR,6E,IndiGo,6E 5228,2026-10-02,7,economy,,,7374.0,False,16:45,ok,2026-09-25T15:21:15.590138+05:30,2026-09-25_1521IST,airline_direct,IndiGo
BOM,BLR,6E,IndiGo,6E 5228,2026-10-02,7,business,,,23576.0,False,16:45,ok,2026-09-25T15:21:15.590138+05:30,2026-09-25_1521IST,airline_direct,IndiGo
BOM,BLR,6E,IndiGo,6E 5228,2026-10-02,7,economy,,,7374.0,False,16:45,ok,2026-09-25T15:21:15.590138+05:30,2026-09-25_1521IST,airline_direct,IndiGo
BOM,BLR,6E,IndiGo,6E 911,2026-10-02,7,economy,,,7584.0,False,01:30,ok,2026-09-25T15:21:15.590138+05:30,2026-09-25_1521IST,airline_direct,IndiGo
BOM,BLR,6E,IndiGo,6E 5188,2026-10-02,7,business,,,26046.0,False,06:15,ok,2026-09-25T15:21:15.590138+05:30,2026-09-25_1521IST,airline_direct,IndiGo
BOM,BLR,6E,IndiGo,6E 5188,2026-10-02,7,economy,,,7584.0,False,06:15,ok,2026-09-25T15:21:15.590138+05:30,2026-09-25_1521IST,airline_direct,IndiGo
BOM,BLR,6E,IndiGo,6E 5204,2026-10-02,7,business,,,26389.0,False,08:15,ok,2026-09-25T15:21:15.590138+05:30,2026-09-25_1521IST,airline_direct,IndiGo
BOM,BLR,6E,IndiGo,6E 5204,2026-10-02,7,economy,,,7584.0,False,08:15,ok,2026-09-25T15:21:15.590138+05:30,2026-09-25_1521IST,airline_direct,IndiGo
BOM,BLR,6E,IndiGo,6E 5313,2026-10-02,7,business,,,26389.0,False,09:50,ok,2026-09-25T15:21:15.590138+05:30,2026-09-25_1521IST,airline_direct,IndiGo
BOM,BLR,6E,IndiGo,6E 5313,2026-10-02,7,economy,,,7584.0,False,09:50,ok,2026-09-25T15:21:15.590138+05:30,2026-09-25_1521IST,airline_direct,IndiGo
BOM,BLR,6E,IndiGo,6E 5313,2026-10-02,7,business,,,26046.0,False,09:50,ok,2026-09-25T15:21:15.590138+05:30,2026-09-25_1521IST,airline_direct,IndiGo
BOM,BLR,6E,IndiGo,6E 5313,2026-10-02,7,economy,,,7584.0,False,09:50,ok,2026-09-25T15:21:15.590138+05:30,2026-09-25_1521IST,airline_direct,IndiGo
BOM,BLR,6E,IndiGo,6E 6349,2026-10-02,7,business,,,26046.0,False,11:40,ok,2026-09-25T15:21:15.590138+05:30,2026-09-25_1521IST,airline_direct,IndiGo
BOM,BLR,6E,IndiGo,6E 6349,2026-10-02,7,economy,,,7584.0,False,11:40,ok,2026-09-25T15:21:15.590138+05:30,2026-09-25_1521IST,airline_direct,IndiGo
BOM,BLR,6E,IndiGo,6E 2284,2026-10-02,7,economy,,,7584.0,False,12:05,ok,2026-09-25T15:21:15.590138+05:30,2026-09-25_1521IST,airline_direct,IndiGo
BOM,BLR,6E,IndiGo,6E 673,2026-10-02,7,economy,,,7584.0,False,12:35,ok,2026-09-25T15:21:15.590138+05:30,2026-09-25_1521IST,airline_direct,IndiGo
BOM,BLR,6E,IndiGo,6E 5337,2026-10-02,7,business,,,26046.0,False,13:45,ok,2026-09-25T15:21:15.590138+05:30,2026-09-25_1521IST,airline_direct,IndiGo
BOM,BLR,6E,IndiGo,6E 5337,2026-10-02,7,economy,,,7584.0,False,13:45,ok,2026-09-25T15:21:15.590138+05:30,2026-09-25_1521IST,airline_direct,IndiGo
BOM,BLR,6E,IndiGo,6E 5196,2026-10-02,7,business,,,26046.0,False,15:25,ok,2026-09-25T15:21:15.590138+05:30,2026-09-25_1521IST,airline_direct,IndiGo
BOM,BLR,6E,IndiGo,6E 5196,2026-10-02,7,economy,,,7584.0,False,15:25,ok,2026-09-25T15:21:15.590138+05:30,2026-09-25_1521IST,airline_direct,IndiGo
BOM,BLR,6E,IndiGo,6E 5196,2026-10-02,7,business,,,26046.0,False,15:25,ok,2026-09-25T15:21:15.590138+05:30,2026-09-25_1521IST,airline_direct,IndiGo
BOM,BLR,6E,IndiGo,6E 5196,2026-10-02,7,economy,,,7584.0,False,15:25,ok,2026-09-25T15:21:15.590138+05:30,2026-09-25_1521IST,airline_direct,IndiGo
BOM,BLR,6E,IndiGo,6E 240,2026-10-02,7,economy,,,7584.0,False,15:45,ok,2026-09-25T15:21:15.590138+05:30,2026-09-25_1521IST,airline_direct,IndiGo
BOM,BLR,6E,IndiGo,6E 437,2026-10-02,7,economy,,,7584.0,False,17:10,ok,2026-09-25T15:21:15.590138+05:30,2026-09-25_1521IST,airline_direct,IndiGo
BOM,BLR,6E,IndiGo,6E 5048,2026-10-02,7,business,,,26046.0,False,17:25,ok,2026-09-25T15:21:15.590138+05:30,2026-09-25_1521IST,airline_direct,IndiGo
BOM,BLR,6E,IndiGo,6E 5048,2026-10-02,7,economy,,,7584.0,False,17:25,ok,2026-09-25T15:21:15.590138+05:30,2026-09-25_1521IST,airline_direct,IndiGo
BOM,BLR,6E,IndiGo,6E 5126,2026-10-02,7,economy,,,7584.0,False,18:15,ok,2026-09-25T15:21:15.590138+05:30,2026-09-25_1521IST,airline_direct,IndiGo
BOM,BLR,6E,IndiGo,6E 2237,2026-10-02,7,economy,,,7584.0,False,18:40,ok,2026-09-25T15:21:15.590138+05:30,2026-09-25_1521IST,airline_direct,IndiGo
BOM,BLR,6E,IndiGo,6E 5107,2026-10-02,7,economy,,,7584.0,False,20:00,ok,2026-09-25T15:21:15.590138+05:30,2026-09-25_1521IST,airline_direct,IndiGo
BOM,BLR,6E,IndiGo,6E 5181,2026-10-02,7,economy,,,7715.0,False,10:25,ok,2026-09-25T15:21:15.590138+05:30,2026-09-25_1521IST,airline_direct,IndiGo
BOM,BLR,6E,IndiGo,6E 6599,2026-10-02,7,economy,,,7715.0,False,16:50,ok,2026-09-25T15:21:15.590138+05:30,2026-09-25_1521IST,airline_direct,IndiGo
BOM,BLR,6E,IndiGo,6E 5273,2026-10-02,7,economy,,,7715.0,False,18:35,ok,2026-09-25T15:21:15.590138+05:30,2026-09-25_1521IST,airline_direct,IndiGo
BOM,BLR,6E,IndiGo,6E 5082,2026-10-02,7,economy,,,7785.0,False,17:55,ok,2026-09-25T15:21:15.590138+05:30,2026-09-25_1521IST,airline_direct,IndiGo
BOM,BLR,6E,IndiGo,6E 632,2026-10-02,7,economy,,,8718.0,False,04:00,ok,2026-09-25T15:21:15.590138+05:30,2026-09-25_1521IST,airline_direct,IndiGo
BOM,BLR,6E,IndiGo,6E 6057,2026-10-02,7,economy,,,9154.0,False,09:15,ok,2026-09-25T15:21:15.590138+05:30,2026-09-25_1521IST,airline_direct,IndiGo
BOM,BLR,6E,IndiGo,6E 6701,2026-10-02,7,economy,,,9364.0,False,05:35,ok,2026-09-25T15:21:15.590138+05:30,2026-09-25_1521IST,airline_direct,IndiGo
BOM,BLR,6E,IndiGo,6E 5201,2026-10-02,7,economy,,,9364.0,False,14:55,ok,2026-09-25T15:21:15.590138+05:30,2026-09-25_1521IST,airline_direct,IndiGo
BOM,BLR,6E,IndiGo,6E 6361,2026-10-02,7,economy,,,9727.0,False,05:00,ok,2026-09-25T15:21:15.590138+05:30,2026-09-25_1521IST,airline_direct,IndiGo
BOM,BLR,6E,IndiGo,6E 261,2026-10-02,7,economy,,,9727.0,False,11:20,ok,2026-09-25T15:21:15.590138+05:30,2026-09-25_1521IST,airline_direct,IndiGo
BOM,BLR,6E,IndiGo,6E 6701,2026-10-02,7,economy,,,10838.0,False,05:35,ok,2026-09-25T15:21:15.590138+05:30,2026-09-25_1521IST,airline_direct,IndiGo
BOM,BLR,6E,IndiGo,6E 673,2026-10-02,7,economy,,,10838.0,False,12:35,ok,2026-09-25T15:21:15.590138+05:30,2026-09-25_1521IST,airline_direct,IndiGo
BOM,BLR,6E,IndiGo,6E 6187,2026-10-02,7,economy,,,12385.0,False,00:30,ok,2026-09-25T15:21:15.590138+05:30,2026-09-25_1521IST,airline_direct,IndiGo
BOM,BLR,6E,IndiGo,6E 6187,2026-10-02,7,economy,,,12385.0,False,00:30,ok,2026-09-25T15:21:15.590138+05:30,2026-09-25_1521IST,airline_direct,IndiGo
BOM,BLR,6E,IndiGo,6E 5109,2026-10-02,7,economy,,,12485.0,False,09:35,ok,2026-09-25T15:21:15.590138+05:30,2026-09-25_1521IST,airline_direct,IndiGo
BOM,BLR,6E,IndiGo,6E 5178,2026-10-02,7,business,,,29147.0,False,11:45,ok,2026-09-25T15:21:15.590138+05:30,2026-09-25_1521IST,airline_direct,IndiGo
BOM,BLR,6E,IndiGo,6E 5178,2026-10-02,7,economy,,,16665.0,False,11:45,ok,2026-09-25T15:21:15.590138+05:30,2026-09-25_1521IST,airline_direct,IndiGo
BOM,BLR,6E,IndiGo,6E 5318,2026-10-02,7,business,,,29147.0,False,10:15,ok,2026-09-25T15:21:15.590138+05:30,2026-09-25_1521IST,airline_direct,IndiGo
BOM,BLR,6E,IndiGo,6E 5318,2026-10-02,7,economy,,,17190.0,False,10:15,ok,2026-09-25T15:21:15.590138+05:30,2026-09-25_1521IST,airline_direct,IndiGo
DEL,CCU,6E,IndiGo,unknown,2026-10-02,7,unknown,,,,False,unknown,error,2026-09-25T15:22:22.151936+05:30,2026-09-25_1522IST,airline_direct,IndiGo
BLR,HYD,6E,IndiGo,unknown,2026-10-02,7,unknown,,,,False,unknown,error,2026-09-25T15:23:33.745411+05:30,2026-09-25_1523IST,airline_direct,IndiGo
MAA,DEL,6E,IndiGo,unknown,2026-10-02,7,unknown,,,,False,unknown,error,2026-09-25T15:24:37.706880+05:30,2026-09-25_1524IST,airline_direct,IndiGo
DEL,BOM,6E,IndiGo,unknown,2026-11-09,45,unknown,,,,False,unknown,error,2026-09-25T15:25:51.911805+05:30,2026-09-25_1525IST,airline_direct,IndiGo
DEL,BLR,6E,IndiGo,unknown,2026-11-09,45,unknown,,,,False,unknown,error,2026-09-25T15:27:04.009157+05:30,2026-09-25_1527IST,airline_direct,IndiGo
