origin,destination,carrier_code,carrier_name,flight_num,travel_date,advance_purchase_days,fare_class,base_fare,taxes_and_fees,total_fare,fare_split_estimated,departure_time,status,scraped_at,capture_run,source,source_name
DEL,BOM,6E,IndiGo,6E 449,2026-09-09,1,business,,,24260.0,False,05:00,ok,2026-09-08T11:57:44.685495+05:30,2026-09-08_1157IST,airline_direct,IndiGo
DEL,BOM,6E,IndiGo,6E 449,2026-09-09,1,economy,,,6305.0,False,05:00,ok,2026-09-08T11:57:44.685495+05:30,2026-09-08_1157IST,airline_direct,IndiGo
DEL,BOM,6E,IndiGo,6E 6328,2026-09-09,1,business,,,28443.0,False,10:15,ok,2026-09-08T11:57:44.685495+05:30,2026-09-08_1157IST,airline_direct,IndiGo
DEL,BOM,6E,IndiGo,6E 6328,2026-09-09,1,economy,,,6305.0,False,10:15,ok,2026-09-08T11:57:44.685495+05:30,2026-09-08_1157IST,airline_direct,IndiGo
DEL,BOM,6E,IndiGo,6E 6047,2026-09-09,1,business,,,28443.0,False,11:00,ok,2026-09-08T11:57:44.685495+05:30,2026-09-08_1157IST,airline_direct,IndiGo
DEL,BOM,6E,IndiGo,6E 6047,2026-09-09,1,economy,,,6305.0,False,11:00,ok,2026-09-08T11:57:44.685495+05:30,2026-09-08_1157IST,airline_direct,IndiGo
DEL,BOM,6E,IndiGo,6E 6676,2026-09-09,1,business,,,24260.0,False,12:00,ok,2026-09-08T11:57:44.685495+05:30,2026-09-08_1157IST,airline_direct,IndiGo
DEL,BOM,6E,IndiGo,6E 6676,2026-09-09,1,economy,,,6305.0,False,12:00,ok,2026-09-08T11:57:44.685495+05:30,2026-09-08_1157IST,airline_direct,IndiGo
DEL,BOM,6E,IndiGo,6E 6022,2026-09-09,1,business,,,24260.0,False,14:00,ok,2026-09-08T11:57:44.685495+05:30,2026-09-08_1157IST,airline_direct,IndiGo
DEL,BOM,6E,IndiGo,6E 6022,2026-09-09,1,economy,,,6305.0,False,14:00,ok,2026-09-08T11:57:44.685495+05:30,2026-09-08_1157IST,airline_direct,IndiGo
DEL,BOM,6E,IndiGo,6E 6318,2026-09-09,1,business,,,28443.0,False,14:45,ok,2026-09-08T11:57:44.685495+05:30,2026-09-08_1157IST,airline_direct,IndiGo
DEL,BOM,6E,IndiGo,6E 6318,2026-09-09,1,economy,,,6305.0,False,14:45,ok,2026-09-08T11:57:44.685495+05:30,2026-09-08_1157IST,airline_direct,IndiGo
DEL,BOM,6E,IndiGo,6E 864,2026-09-09,1,business,,,28443.0,False,15:30,ok,2026-09-08T11:57:44.685495+05:30,2026-09-08_1157IST,airline_direct,IndiGo
DEL,BOM,6E,IndiGo,6E 864,2026-09-09,1,economy,,,6305.0,False,15:30,ok,2026-09-08T11:57:44.685495+05:30,2026-09-08_1157IST,airline_direct,IndiGo
DEL,BOM,6E,IndiGo,6E 327,2026-09-09,1,business,,,28443.0,False,16:15,ok,2026-09-08T11:57:44.685495+05:30,2026-09-08_1157IST,airline_direct,IndiGo
DEL,BOM,6E,IndiGo,6E 327,2026-09-09,1,economy,,,6305.0,False,16:15,ok,2026-09-08T11:57:44.685495+05:30,2026-09-08_1157IST,airline_direct,IndiGo
DEL,BOM,6E,IndiGo,6E 6114,2026-09-09,1,business,,,24260.0,False,22:45,ok,2026-09-08T11:57:44.685495+05:30,2026-09-08_1157IST,airline_direct,IndiGo
DEL,BOM,6E,IndiGo,6E 6114,2026-09-09,1,economy,,,6305.0,False,22:45,ok,2026-09-08T11:57:44.685495+05:30,2026-09-08_1157IST,airline_direct,IndiGo
DEL,BOM,6E,IndiGo,6E 322,2026-09-09,1,business,,,24260.0,False,23:30,ok,2026-09-08T11:57:44.685495+05:30,2026-09-08_1157IST,airline_direct,IndiGo
DEL,BOM,6E,IndiGo,6E 322,2026-09-09,1,economy,,,6305.0,False,23:30,ok,2026-09-08T11:57:44.685495+05:30,2026-09-08_1157IST,airline_direct,IndiGo
DEL,BOM,6E,IndiGo,6E 6107,2026-09-09,1,business,,,28443.0,False,09:30,ok,2026-09-08T11:57:44.685495+05:30,2026-09-08_1157IST,airline_direct,IndiGo
DEL,BOM,6E,IndiGo,6E 6107,2026-09-09,1,economy,,,6431.0,False,09:30,ok,2026-09-08T11:57:44.685495+05:30,2026-09-08_1157IST,airline_direct,IndiGo
DEL,BOM,6E,IndiGo,6E 324,2026-09-09,1,business,,,28443.0,False,13:00,ok,2026-09-08T11:57:44.685495+05:30,2026-09-08_1157IST,airline_direct,IndiGo
DEL,BOM,6E,IndiGo,6E 324,2026-09-09,1,economy,,,6688.0,False,13:00,ok,2026-09-08T11:57:44.685495+05:30,2026-09-08_1157IST,airline_direct,IndiGo
DEL,BOM,6E,IndiGo,6E 395,2026-09-09,1,business,,,28443.0,False,21:45,ok,2026-09-08T11:57:44.685495+05:30,2026-09-08_1157IST,airline_direct,IndiGo
DEL,BOM,6E,IndiGo,6E 395,2026-09-09,1,economy,,,9260.0,False,21:45,ok,2026-09-08T11:57:44.685495+05:30,2026-09-08_1157IST,airline_direct,IndiGo
DEL,BOM,6E,IndiGo,6E 6706,2026-09-09,1,business,,,28443.0,False,17:00,ok,2026-09-08T11:57:44.685495+05:30,2026-09-08_1157IST,airline_direct,IndiGo
DEL,BOM,6E,IndiGo,6E 6706,2026-09-09,1,economy,,,9995.0,False,17:00,ok,2026-09-08T11:57:44.685495+05:30,2026-09-08_1157IST,airline_direct,IndiGo
DEL,BOM,6E,IndiGo,6E 6218,2026-09-09,1,business,,,24260.0,False,06:05,ok,2026-09-08T11:57:44.685495+05:30,2026-09-08_1157IST,airline_direct,IndiGo
DEL,BOM,6E,IndiGo,6E 6218,2026-09-09,1,economy,,,10835.0,False,06:05,ok,2026-09-08T11:57:44.685495+05:30,2026-09-08_1157IST,airline_direct,IndiGo
DEL,BOM,6E,IndiGo,6E 675,2026-09-09,1,business,,,28443.0,False,08:45,ok,2026-09-08T11:57:44.685495+05:30,2026-09-08_1157IST,airline_direct,IndiGo
DEL,BOM,6E,IndiGo,6E 675,2026-09-09,1,economy,,,11885.0,False,08:45,ok,2026-09-08T11:57:44.685495+05:30,2026-09-08_1157IST,airline_direct,IndiGo
DEL,BOM,6E,IndiGo,6E 303,2026-09-09,1,business,,,28443.0,False,20:00,ok,2026-09-08T11:57:44.685495+05:30,2026-09-08_1157IST,airline_direct,IndiGo
DEL,BOM,6E,IndiGo,6E 303,2026-09-09,1,economy,,,11885.0,False,20:00,ok,2026-09-08T11:57:44.685495+05:30,2026-09-08_1157IST,airline_direct,IndiGo
DEL,BOM,6E,IndiGo,6E 320,2026-09-09,1,business,,,28443.0,False,08:00,ok,2026-09-08T11:57:44.685495+05:30,2026-09-08_1157IST,airline_direct,IndiGo
DEL,BOM,6E,IndiGo,6E 320,2026-09-09,1,economy,,,13145.0,False,08:00,ok,2026-09-08T11:57:44.685495+05:30,2026-09-08_1157IST,airline_direct,IndiGo
DEL,BOM,6E,IndiGo,6E 354,2026-09-09,1,business,,,28443.0,False,19:00,ok,2026-09-08T11:57:44.685495+05:30,2026-09-08_1157IST,airline_direct,IndiGo
DEL,BOM,6E,IndiGo,6E 354,2026-09-09,1,economy,,,13145.0,False,19:00,ok,2026-09-08T11:57:44.685495+05:30,2026-09-08_1157IST,airline_direct,IndiGo
DEL,BOM,6E,IndiGo,6E 853,2026-09-09,1,business,,,24260.0,False,20:45,ok,2026-09-08T11:57:44.685495+05:30,2026-09-08_1157IST,airline_direct,IndiGo
DEL,BOM,6E,IndiGo,6E 853,2026-09-09,1,economy,,,13145.0,False,20:45,ok,2026-09-08T11:57:44.685495+05:30,2026-09-08_1157IST,airline_direct,IndiGo
DEL,BOM,6E,IndiGo,6E 6814,2026-09-09,1,business,,,33500.0,False,07:15,ok,2026-09-08T11:57:44.685495+05:30,2026-09-08_1157IST,airline_direct,IndiGo
DEL,BOM,6E,IndiGo,6E 6814,2026-09-09,1,economy,,,14720.0,False,07:15,ok,2026-09-08T11:57:44.685495+05:30,2026-09-08_1157IST,airline_direct,IndiGo
DEL,BOM,6E,IndiGo,6E 329,2026-09-09,1,business,,,33500.0,False,18:00,ok,2026-09-08T11:57:44.685495+05:30,2026-09-08_1157IST,airline_direct,IndiGo
DEL,BOM,6E,IndiGo,6E 329,2026-09-09,1,economy,,,14720.0,False,18:00,ok,2026-09-08T11:57:44.685495+05:30,2026-09-08_1157IST,airline_direct,IndiGo
DEL,BOM,6E,IndiGo,6E 2298,2026-09-09,1,economy,,,6090.0,False,09:45,ok,2026-09-08T11:57:44.685495+05:30,2026-09-08_1157IST,airline_direct,IndiGo
DEL,BOM,6E,IndiGo,6E 6018,2026-09-09,1,economy,,,6222.0,False,04:40,ok,2026-09-08T11:57:44.685495+05:30,2026-09-08_1157IST,airline_direct,IndiGo
DEL,BOM,6E,IndiGo,6E 2345,2026-09-09,1,economy,,,6222.0,False,05:55,ok,2026-09-08T11:57:44.685495+05:30,2026-09-08_1157IST,airline_direct,IndiGo
DEL,BOM,6E,IndiGo,6E 6443,2026-09-09,1,economy,,,6222.0,False,09:00,ok,2026-09-08T11:57:44.685495+05:30,2026-09-08_1157IST,airline_direct,IndiGo
DEL,BOM,6E,IndiGo,6E 2021,2026-09-09,1,economy,,,6222.0,False,12:10,ok,2026-09-08T11:57:44.685495+05:30,2026-09-08_1157IST,airline_direct,IndiGo
DEL,BOM,6E,IndiGo,6E 6433,2026-09-09,1,economy,,,6222.0,False,16:30,ok,2026-09-08T11:57:44.685495+05:30,2026-09-08_1157IST,airline_direct,IndiGo
DEL,BOM,6E,IndiGo,6E 6829,2026-09-09,1,economy,,,6222.0,False,17:20,ok,2026-09-08T11:57:44.685495+05:30,2026-09-08_1157IST,airline_direct,IndiGo
DEL,BOM,6E,IndiGo,6E 6829,2026-09-09,1,economy,,,6222.0,False,17:20,ok,2026-09-08T11:57:44.685495+05:30,2026-09-08_1157IST,airline_direct,IndiGo
DEL,BOM,6E,IndiGo,6E 5138,2026-09-09,1,economy,,,6222.0,False,19:10,ok,2026-09-08T11:57:44.685495+05:30,2026-09-08_1157IST,airline_direct,IndiGo
DEL,BOM,6E,IndiGo,6E 2169,2026-09-09,1,economy,,,6222.0,False,19:40,ok,2026-09-08T11:57:44.685495+05:30,2026-09-08_1157IST,airline_direct,IndiGo
DEL,BOM,6E,IndiGo,6E 6050,2026-09-09,1,economy,,,6300.0,False,08:15,ok,2026-09-08T11:57:44.685495+05:30,2026-09-08_1157IST,airline_direct,IndiGo
DEL,BOM,6E,IndiGo,6E 5298,2026-09-09,1,economy,,,6300.0,False,09:00,ok,2026-09-08T11:57:44.685495+05:30,2026-09-08_1157IST,airline_direct,IndiGo
DEL,BOM,6E,IndiGo,6E 5038,2026-09-09,1,economy,,,6300.0,False,14:00,ok,2026-09-08T11:57:44.685495+05:30,2026-09-08_1157IST,airline_direct,IndiGo
DEL,BOM,6E,IndiGo,6E 882,2026-09-09,1,business,,,29592.0,False,23:15,ok,2026-09-08T11:57:44.685495+05:30,2026-09-08_1157IST,airline_direct,IndiGo
DEL,BOM,6E,IndiGo,6E 882,2026-09-09,1,economy,,,6432.0,False,23:15,ok,2026-09-08T11:57:44.685495+05:30,2026-09-08_1157IST,airline_direct,IndiGo
DEL,BOM,6E,IndiGo,6E 6171,2026-09-09,1,economy,,,6562.0,False,05:40,ok,2026-09-08T11:57:44.685495+05:30,2026-09-08_1157IST,airline_direct,IndiGo
DEL,BOM,6E,IndiGo,6E 6488,2026-09-09,1,economy,,,6693.0,False,11:20,ok,2026-09-08T11:57:44.685495+05:30,2026-09-08_1157IST,airline_direct,IndiGo
DEL,BOM,6E,IndiGo,6E 5033,2026-09-09,1,economy,,,7080.0,False,15:50,ok,2026-09-08T11:57:44.685495+05:30,2026-09-08_1157IST,airline_direct,IndiGo
DEL,BOM,6E,IndiGo,6E 884,2026-09-09,1,business,,,40025.0,False,11:45,ok,2026-09-08T11:57:44.685495+05:30,2026-09-08_1157IST,airline_direct,IndiGo
DEL,BOM,6E,IndiGo,6E 884,2026-09-09,1,economy,,,7422.0,False,11:45,ok,2026-09-08T11:57:44.685495+05:30,2026-09-08_1157IST,airline_direct,IndiGo
DEL,BOM,6E,IndiGo,6E 2381,2026-09-09,1,economy,,,7422.0,False,13:45,ok,2026-09-08T11:57:44.685495+05:30,2026-09-08_1157IST,airline_direct,IndiGo
DEL,BOM,6E,IndiGo,6E 357,2026-09-09,1,economy,,,7500.0,False,19:30,ok,2026-09-08T11:57:44.685495+05:30,2026-09-08_1157IST,airline_direct,IndiGo
DEL,BOM,6E,IndiGo,6E 5206,2026-09-09,1,economy,,,7860.0,False,13:20,ok,2026-09-08T11:57:44.685495+05:30,2026-09-08_1157IST,airline_direct,IndiGo
DEL,BOM,6E,IndiGo,6E 6282,2026-09-09,1,business,,,38630.0,False,13:30,ok,2026-09-08T11:57:44.685495+05:30,2026-09-08_1157IST,airline_direct,IndiGo
DEL,BOM,6E,IndiGo,6E 6282,2026-09-09,1,economy,,,7991.0,False,13:30,ok,2026-09-08T11:57:44.685495+05:30,2026-09-08_1157IST,airline_direct,IndiGo
DEL,BOM,6E,IndiGo,6E 6497,2026-09-09,1,economy,,,8618.0,False,18:40,ok,2026-09-08T11:57:44.685495+05:30,2026-09-08_1157IST,airline_direct,IndiGo
DEL,BOM,6E,IndiGo,6E 358,2026-09-09,1,economy,,,8696.0,False,12:15,ok,2026-09-08T11:57:44.685495+05:30,2026-09-08_1157IST,airline_direct,IndiGo
DEL,BOM,6E,IndiGo,6E 2151,2026-09-09,1,economy,,,9227.0,False,19:45,ok,2026-09-08T11:57:44.685495+05:30,2026-09-08_1157IST,airline_direct,IndiGo
DEL,BOM,6E,IndiGo,6E 6261,2026-09-09,1,economy,,,10554.0,False,00:15,ok,2026-09-08T11:57:44.685495+05:30,2026-09-08_1157IST,airline_direct,IndiGo
DEL,BOM,6E,IndiGo,6E 5014,2026-09-09,1,economy,,,10554.0,False,18:30,ok,2026-09-08T11:57:44.685495+05:30,2026-09-08_1157IST,airline_direct,IndiGo
DEL,BOM,6E,IndiGo,6E 2013,2026-09-09,1,economy,,,12473.0,False,21:50,ok,2026-09-08T11:57:44.685495+05:30,2026-09-08_1157IST,airline_direct,IndiGo
DEL,BOM,6E,IndiGo,6E 6293,2026-09-09,1,business,,,36166.0,False,09:55,ok,2026-09-08T11:57:44.685495+05:30,2026-09-08_1157IST,airline_direct,IndiGo
DEL,BOM,6E,IndiGo,6E 6293,2026-09-09,1,economy,,,13375.0,False,09:55,ok,2026-09-08T11:57:44.685495+05:30,2026-09-08_1157IST,airline_direct,IndiGo
DEL,BOM,6E,IndiGo,6E 6282,2026-09-09,1,business,,,43634.0,False,13:30,ok,2026-09-08T11:57:44.685495+05:30,2026-09-08_1157IST,airline_direct,IndiGo
DEL,BOM,6E,IndiGo,6E 6282,2026-09-09,1,economy,,,13920.0,False,13:30,ok,2026-09-08T11:57:44.685495+05:30,2026-09-08_1157IST,airline_direct,IndiGo
DEL,BOM,6E,IndiGo,6E 6212,2026-09-09,1,business,,,43634.0,False,14:45,ok,2026-09-08T11:57:44.685495+05:30,2026-09-08_1157IST,airline_direct,IndiGo
DEL,BOM,6E,IndiGo,6E 6212,2026-09-09,1,economy,,,13920.0,False,14:45,ok,2026-09-08T11:57:44.685495+05:30,2026-09-08_1157IST,airline_direct,IndiGo
DEL,BOM,6E,IndiGo,6E 2249,2026-09-09,1,economy,,,14007.0,False,15:00,ok,2026-09-08T11:57:44.685495+05:30,2026-09-08_1157IST,airline_direct,IndiGo
DEL,BOM,6E,IndiGo,6E 6479,2026-09-09,1,economy,,,14193.0,False,21:25,ok,2026-09-08T11:57:44.685495+05:30,2026-09-08_1157IST,airline_direct,IndiGo
DEL,BOM,6E,IndiGo,6E 705,2026-09-09,1,business,,,38630.0,False,08:30,ok,2026-09-08T11:57:44.685495+05:30,2026-09-08_1157IST,airline_direct,IndiGo
DEL,BOM,6E,IndiGo,6E 705,2026-09-09,1,economy,,,18623.0,False,08:30,ok,2026-09-08T11:57:44.685495+05:30,2026-09-08_1157IST,airline_direct,IndiGo
DEL,BOM,6E,IndiGo,6E 717,2026-09-09,1,business,,,38630.0,False,17:55,ok,2026-09-08T11:57:44.685495+05:30,2026-09-08_1157IST,airline_direct,IndiGo
DEL,BOM,6E,IndiGo,6E 717,2026-09-09,1,economy,,,21055.0,False,17:55,ok,2026-09-08T11:57:44.685495+05:30,2026-09-08_1157IST,airline_direct,IndiGo
DEL,BOM,6E,IndiGo,6E 6601,2026-09-09,1,business,,,38630.0,False,19:45,ok,2026-09-08T11:57:44.685495+05:30,2026-09-08_1157IST,airline_direct,IndiGo
DEL,BOM,6E,IndiGo,6E 6601,2026-09-09,1,economy,,,21055.0,False,19:45,ok,2026-09-08T11:57:44.685495+05:30,2026-09-08_1157IST,airline_direct,IndiGo
DEL,BOM,6E,IndiGo,6E 6983,2026-09-09,1,economy,,,23876.0,False,15:35,ok,2026-09-08T11:57:44.685495+05:30,2026-09-08_1157IST,airline_direct,IndiGo
DEL,BOM,6E,IndiGo,6E 931,2026-09-09,1,economy,,,25657.0,False,19:35,ok,2026-09-08T11:57:44.685495+05:30,2026-09-08_1157IST,airline_direct,IndiGo
DEL,BOM,6E,IndiGo,6E 5073,2026-09-09,1,economy,,,26757.0,False,17:05,ok,2026-09-08T11:57:44.685495+05:30,2026-09-08_1157IST,airline_direct,IndiGo
DEL,BOM,6E,IndiGo,6E 5119,2026-09-09,1,economy,,,30537.0,False,05:10,ok,2026-09-08T11:57:44.685495+05:30,2026-09-08_1157IST,airline_direct,IndiGo
DEL,BOM,6E,IndiGo,6E 5119,2026-09-09,1,economy,,,30537.0,False,05:10,ok,2026-09-08T11:57:44.685495+05:30,2026-09-08_1157IST,airline_direct,IndiGo
DEL,BOM,6E,IndiGo,6E 5073,2026-09-09,1,economy,,,30747.0,False,17:05,ok,2026-09-08T11:57:44.685495+05:30,2026-09-08_1157IST,airline_direct,IndiGo
DEL,BOM,6E,IndiGo,6E 2076,2026-09-09,1,economy,,,30800.0,False,07:30,ok,2026-09-08T11:57:44.685495+05:30,2026-09-08_1157IST,airline_direct,IndiGo
DEL,BOM,6E,IndiGo,6E 5119,2026-09-09,1,economy,,,30802.0,False,05:10,ok,2026-09-08T11:57:44.685495+05:30,2026-09-08_1157IST,airline_direct,IndiGo
DEL,BOM,6E,IndiGo,6E 2341,2026-09-09,1,economy,,,33845.0,False,14:50,ok,2026-09-08T11:57:44.685495+05:30,2026-09-08_1157IST,airline_direct,IndiGo
DEL,BLR,6E,IndiGo,6E 176,2026-09-09,1,business,,,29942.0,False,13:15,ok,2026-09-08T11:59:01.684087+05:30,2026-09-08_1159IST,airline_direct,IndiGo
DEL,BLR,6E,IndiGo,6E 176,2026-09-09,1,economy,,,8671.0,False,13:15,ok,2026-09-08T11:59:01.684087+05:30,2026-09-08_1159IST,airline_direct,IndiGo
DEL,BLR,6E,IndiGo,6E 828,2026-09-09,1,business,,,29942.0,False,14:30,ok,2026-09-08T11:59:01.684087+05:30,2026-09-08_1159IST,airline_direct,IndiGo
DEL,BLR,6E,IndiGo,6E 828,2026-09-09,1,economy,,,8671.0,False,14:30,ok,2026-09-08T11:59:01.684087+05:30,2026-09-08_1159IST,airline_direct,IndiGo
DEL,BLR,6E,IndiGo,6E 880,2026-09-09,1,business,,,29942.0,False,15:45,ok,2026-09-08T11:59:01.684087+05:30,2026-09-08_1159IST,airline_direct,IndiGo
DEL,BLR,6E,IndiGo,6E 880,2026-09-09,1,economy,,,8671.0,False,15:45,ok,2026-09-08T11:59:01.684087+05:30,2026-09-08_1159IST,airline_direct,IndiGo
DEL,BLR,6E,IndiGo,6E 6515,2026-09-09,1,business,,,29942.0,False,20:45,ok,2026-09-08T11:59:01.684087+05:30,2026-09-08_1159IST,airline_direct,IndiGo
DEL,BLR,6E,IndiGo,6E 6515,2026-09-09,1,economy,,,8671.0,False,20:45,ok,2026-09-08T11:59:01.684087+05:30,2026-09-08_1159IST,airline_direct,IndiGo
DEL,BLR,6E,IndiGo,6E 846,2026-09-09,1,business,,,29942.0,False,22:00,ok,2026-09-08T11:59:01.684087+05:30,2026-09-08_1159IST,airline_direct,IndiGo
DEL,BLR,6E,IndiGo,6E 846,2026-09-09,1,economy,,,8671.0,False,22:00,ok,2026-09-08T11:59:01.684087+05:30,2026-09-08_1159IST,airline_direct,IndiGo
DEL,BLR,6E,IndiGo,6E 820,2026-09-09,1,business,,,29942.0,False,03:00,ok,2026-09-08T11:59:01.684087+05:30,2026-09-08_1159IST,airline_direct,IndiGo
DEL,BLR,6E,IndiGo,6E 820,2026-09-09,1,economy,,,9128.0,False,03:00,ok,2026-09-08T11:59:01.684087+05:30,2026-09-08_1159IST,airline_direct,IndiGo
DEL,BLR,6E,IndiGo,6E 2314,2026-09-09,1,business,,,29942.0,False,05:45,ok,2026-09-08T11:59:01.684087+05:30,2026-09-08_1159IST,airline_direct,IndiGo
DEL,BLR,6E,IndiGo,6E 2314,2026-09-09,1,economy,,,9128.0,False,05:45,ok,2026-09-08T11:59:01.684087+05:30,2026-09-08_1159IST,airline_direct,IndiGo
DEL,BLR,6E,IndiGo,6E 826,2026-09-09,1,business,,,29942.0,False,09:30,ok,2026-09-08T11:59:01.684087+05:30,2026-09-08_1159IST,airline_direct,IndiGo
DEL,BLR,6E,IndiGo,6E 826,2026-09-09,1,economy,,,9128.0,False,09:30,ok,2026-09-08T11:59:01.684087+05:30,2026-09-08_1159IST,airline_direct,IndiGo
DEL,BLR,6E,IndiGo,6E 842,2026-09-09,1,business,,,29942.0,False,10:45,ok,2026-09-08T11:59:01.684087+05:30,2026-09-08_1159IST,airline_direct,IndiGo
DEL,BLR,6E,IndiGo,6E 842,2026-09-09,1,economy,,,9128.0,False,10:45,ok,2026-09-08T11:59:01.684087+05:30,2026-09-08_1159IST,airline_direct,IndiGo
DEL,BLR,6E,IndiGo,6E 850,2026-09-09,1,business,,,29942.0,False,12:20,ok,2026-09-08T11:59:01.684087+05:30,2026-09-08_1159IST,airline_direct,IndiGo
DEL,BLR,6E,IndiGo,6E 850,2026-09-09,1,economy,,,9128.0,False,12:20,ok,2026-09-08T11:59:01.684087+05:30,2026-09-08_1159IST,airline_direct,IndiGo
DEL,BLR,6E,IndiGo,6E 837,2026-09-09,1,business,,,29942.0,False,17:00,ok,2026-09-08T11:59:01.684087+05:30,2026-09-08_1159IST,airline_direct,IndiGo
DEL,BLR,6E,IndiGo,6E 837,2026-09-09,1,economy,,,9128.0,False,17:00,ok,2026-09-08T11:59:01.684087+05:30,2026-09-08_1159IST,airline_direct,IndiGo
DEL,BLR,6E,IndiGo,6E 811,2026-09-09,1,business,,,31228.0,False,18:20,ok,2026-09-08T11:59:01.684087+05:30,2026-09-08_1159IST,airline_direct,IndiGo
DEL,BLR,6E,IndiGo,6E 811,2026-09-09,1,economy,,,9128.0,False,18:20,ok,2026-09-08T11:59:01.684087+05:30,2026-09-08_1159IST,airline_direct,IndiGo
DEL,BLR,6E,IndiGo,6E 861,2026-09-09,1,business,,,31228.0,False,19:30,ok,2026-09-08T11:59:01.684087+05:30,2026-09-08_1159IST,airline_direct,IndiGo
DEL,BLR,6E,IndiGo,6E 861,2026-09-09,1,economy,,,9128.0,False,19:30,ok,2026-09-08T11:59:01.684087+05:30,2026-09-08_1159IST,airline_direct,IndiGo
DEL,BLR,6E,IndiGo,6E 873,2026-09-09,1,business,,,29942.0,False,08:20,ok,2026-09-08T11:59:01.684087+05:30,2026-09-08_1159IST,airline_direct,IndiGo
DEL,BLR,6E,IndiGo,6E 873,2026-09-09,1,economy,,,9613.0,False,08:20,ok,2026-09-08T11:59:01.684087+05:30,2026-09-08_1159IST,airline_direct,IndiGo
DEL,BLR,6E,IndiGo,6E 810,2026-09-09,1,business,,,29942.0,False,07:05,ok,2026-09-08T11:59:01.684087+05:30,2026-09-08_1159IST,airline_direct,IndiGo
DEL,BLR,6E,IndiGo,6E 810,2026-09-09,1,economy,,,10128.0,False,07:05,ok,2026-09-08T11:59:01.684087+05:30,2026-09-08_1159IST,airline_direct,IndiGo
DEL,BLR,6E,IndiGo,6E 2345,2026-09-09,1,economy,,,8491.0,False,05:55,ok,2026-09-08T11:59:01.684087+05:30,2026-09-08_1159IST,airline_direct,IndiGo
DEL,BLR,6E,IndiGo,6E 6047,2026-09-09,1,business,,,44135.0,False,11:00,ok,2026-09-08T11:59:01.684087+05:30,2026-09-08_1159IST,airline_direct,IndiGo
DEL,BLR,6E,IndiGo,6E 6047,2026-09-09,1,economy,,,8491.0,False,11:00,ok,2026-09-08T11:59:01.684087+05:30,2026-09-08_1159IST,airline_direct,IndiGo
DEL,BLR,6E,IndiGo,6E 6022,2026-09-09,1,business,,,40536.0,False,14:00,ok,2026-09-08T11:59:01.684087+05:30,2026-09-08_1159IST,airline_direct,IndiGo
DEL,BLR,6E,IndiGo,6E 6022,2026-09-09,1,economy,,,8491.0,False,14:00,ok,2026-09-08T11:59:01.684087+05:30,2026-09-08_1159IST,airline_direct,IndiGo
DEL,BLR,6E,IndiGo,6E 2618,2026-09-09,1,business,,,26816.0,False,23:00,ok,2026-09-08T11:59:01.684087+05:30,2026-09-08_1159IST,airline_direct,IndiGo
DEL,BLR,6E,IndiGo,6E 2618,2026-09-09,1,economy,,,8491.0,False,23:00,ok,2026-09-08T11:59:01.684087+05:30,2026-09-08_1159IST,airline_direct,IndiGo
DEL,BLR,6E,IndiGo,6E 5038,2026-09-09,1,economy,,,8570.0,False,14:00,ok,2026-09-08T11:59:01.684087+05:30,2026-09-08_1159IST,airline_direct,IndiGo
DEL,BLR,6E,IndiGo,6E 2151,2026-09-09,1,economy,,,8570.0,False,19:45,ok,2026-09-08T11:59:01.684087+05:30,2026-09-08_1159IST,airline_direct,IndiGo
DEL,BLR,6E,IndiGo,6E 5001,2026-09-09,1,economy,,,8727.0,False,17:10,ok,2026-09-08T11:59:01.684087+05:30,2026-09-08_1159IST,airline_direct,IndiGo
DEL,BLR,6E,IndiGo,6E 5191,2026-09-09,1,business,,,38302.0,False,05:00,ok,2026-09-08T11:59:01.684087+05:30,2026-09-08_1159IST,airline_direct,IndiGo
DEL,BLR,6E,IndiGo,6E 5191,2026-09-09,1,economy,,,8911.0,False,05:00,ok,2026-09-08T11:59:01.684087+05:30,2026-09-08_1159IST,airline_direct,IndiGo
DEL,BLR,6E,IndiGo,6E 513,2026-09-09,1,business,,,38302.0,False,08:30,ok,2026-09-08T11:59:01.684087+05:30,2026-09-08_1159IST,airline_direct,IndiGo
DEL,BLR,6E,IndiGo,6E 513,2026-09-09,1,economy,,,8911.0,False,08:30,ok,2026-09-08T11:59:01.684087+05:30,2026-09-08_1159IST,airline_direct,IndiGo
DEL,BLR,6E,IndiGo,6E 6433,2026-09-09,1,economy,,,8951.0,False,16:30,ok,2026-09-08T11:59:01.684087+05:30,2026-09-08_1159IST,airline_direct,IndiGo
DEL,BLR,6E,IndiGo,6E 5033,2026-09-09,1,economy,,,9239.0,False,15:50,ok,2026-09-08T11:59:01.684087+05:30,2026-09-08_1159IST,airline_direct,IndiGo
DEL,BLR,6E,IndiGo,6E 6632,2026-09-09,1,economy,,,9239.0,False,17:50,ok,2026-09-08T11:59:01.684087+05:30,2026-09-08_1159IST,airline_direct,IndiGo
DEL,BLR,6E,IndiGo,6E 6497,2026-09-09,1,economy,,,9371.0,False,18:40,ok,2026-09-08T11:59:01.684087+05:30,2026-09-08_1159IST,airline_direct,IndiGo
DEL,BLR,6E,IndiGo,6E 884,2026-09-09,1,economy,,,9767.0,False,11:45,ok,2026-09-08T11:59:01.684087+05:30,2026-09-08_1159IST,airline_direct,IndiGo
DEL,BLR,6E,IndiGo,6E 6470,2026-09-09,1,economy,,,10707.0,False,06:55,ok,2026-09-08T11:59:01.684087+05:30,2026-09-08_1159IST,airline_direct,IndiGo
DEL,BLR,6E,IndiGo,6E 769,2026-09-09,1,economy,,,10786.0,False,15:45,ok,2026-09-08T11:59:01.684087+05:30,2026-09-08_1159IST,airline_direct,IndiGo
DEL,BLR,6E,IndiGo,6E 864,2026-09-09,1,business,,,47705.0,False,15:30,ok,2026-09-08T11:59:01.684087+05:30,2026-09-08_1159IST,airline_direct,IndiGo
DEL,BLR,6E,IndiGo,6E 864,2026-09-09,1,economy,,,11598.0,False,15:30,ok,2026-09-08T11:59:01.684087+05:30,2026-09-08_1159IST,airline_direct,IndiGo
DEL,BLR,6E,IndiGo,6E 6673,2026-09-09,1,economy,,,11598.0,False,21:15,ok,2026-09-08T11:59:01.684087+05:30,2026-09-08_1159IST,airline_direct,IndiGo
DEL,BLR,6E,IndiGo,6E 2364,2026-09-09,1,economy,,,11834.0,False,04:50,ok,2026-09-08T11:59:01.684087+05:30,2026-09-08_1159IST,airline_direct,IndiGo
DEL,BLR,6E,IndiGo,6E 6190,2026-09-09,1,economy,,,12307.0,False,07:40,ok,2026-09-08T11:59:01.684087+05:30,2026-09-08_1159IST,airline_direct,IndiGo
DEL,BLR,6E,IndiGo,6E 2343,2026-09-09,1,business,,,28270.0,False,02:20,ok,2026-09-08T11:59:01.684087+05:30,2026-09-08_1159IST,airline_direct,IndiGo
DEL,BLR,6E,IndiGo,6E 2343,2026-09-09,1,economy,,,12332.0,False,02:20,ok,2026-09-08T11:59:01.684087+05:30,2026-09-08_1159IST,airline_direct,IndiGo
DEL,BLR,6E,IndiGo,6E 2277,2026-09-09,1,economy,,,12655.0,False,10:25,ok,2026-09-08T11:59:01.684087+05:30,2026-09-08_1159IST,airline_direct,IndiGo
DEL,BLR,6E,IndiGo,6E 6091,2026-09-09,1,economy,,,12655.0,False,15:15,ok,2026-09-08T11:59:01.684087+05:30,2026-09-08_1159IST,airline_direct,IndiGo
DEL,BLR,6E,IndiGo,6E 6437,2026-09-09,1,business,,,26816.0,False,16:25,ok,2026-09-08T11:59:01.684087+05:30,2026-09-08_1159IST,airline_direct,IndiGo
DEL,BLR,6E,IndiGo,6E 6437,2026-09-09,1,economy,,,12655.0,False,16:25,ok,2026-09-08T11:59:01.684087+05:30,2026-09-08_1159IST,airline_direct,IndiGo
DEL,BLR,6E,IndiGo,6E 6212,2026-09-09,1,economy,,,13520.0,False,14:45,ok,2026-09-08T11:59:01.684087+05:30,2026-09-08_1159IST,airline_direct,IndiGo
DEL,BLR,6E,IndiGo,6E 434,2026-09-09,1,economy,,,13525.0,False,11:00,ok,2026-09-08T11:59:01.684087+05:30,2026-09-08_1159IST,airline_direct,IndiGo
DEL,BLR,6E,IndiGo,6E 2557,2026-09-09,1,economy,,,13640.0,False,15:20,ok,2026-09-08T11:59:01.684087+05:30,2026-09-08_1159IST,airline_direct,IndiGo
DEL,BLR,6E,IndiGo,6E 5073,2026-09-09,1,economy,,,13652.0,False,17:05,ok,2026-09-08T11:59:01.684087+05:30,2026-09-08_1159IST,airline_direct,IndiGo
DEL,BLR,6E,IndiGo,6E 6282,2026-09-09,1,economy,,,14703.0,False,13:30,ok,2026-09-08T11:59:01.684087+05:30,2026-09-08_1159IST,airline_direct,IndiGo
DEL,BLR,6E,IndiGo,6E 329,2026-09-09,1,business,,,47911.0,False,18:00,ok,2026-09-08T11:59:01.684087+05:30,2026-09-08_1159IST,airline_direct,IndiGo
DEL,BLR,6E,IndiGo,6E 329,2026-09-09,1,economy,,,14834.0,False,18:00,ok,2026-09-08T11:59:01.684087+05:30,2026-09-08_1159IST,airline_direct,IndiGo
DEL,BLR,6E,IndiGo,6E 931,2026-09-09,1,economy,,,14834.0,False,19:35,ok,2026-09-08T11:59:01.684087+05:30,2026-09-08_1159IST,airline_direct,IndiGo
DEL,BLR,6E,IndiGo,6E 853,2026-09-09,1,business,,,40536.0,False,20:45,ok,2026-09-08T11:59:01.684087+05:30,2026-09-08_1159IST,airline_direct,IndiGo
DEL,BLR,6E,IndiGo,6E 853,2026-09-09,1,economy,,,14834.0,False,20:45,ok,2026-09-08T11:59:01.684087+05:30,2026-09-08_1159IST,airline_direct,IndiGo
DEL,BLR,6E,IndiGo,6E 940,2026-09-09,1,economy,,,14919.0,False,09:15,ok,2026-09-08T11:59:01.684087+05:30,2026-09-08_1159IST,airline_direct,IndiGo
DEL,BLR,6E,IndiGo,6E 320,2026-09-09,1,business,,,44135.0,False,08:00,ok,2026-09-08T11:59:01.684087+05:30,2026-09-08_1159IST,airline_direct,IndiGo
DEL,BLR,6E,IndiGo,6E 320,2026-09-09,1,economy,,,16134.0,False,08:00,ok,2026-09-08T11:59:01.684087+05:30,2026-09-08_1159IST,airline_direct,IndiGo
DEL,BLR,6E,IndiGo,6E 6293,2026-09-09,1,economy,,,17174.0,False,09:55,ok,2026-09-08T11:59:01.684087+05:30,2026-09-08_1159IST,airline_direct,IndiGo
DEL,BLR,6E,IndiGo,6E 6829,2026-09-09,1,economy,,,17563.0,False,17:20,ok,2026-09-08T11:59:01.684087+05:30,2026-09-08_1159IST,airline_direct,IndiGo
DEL,BLR,6E,IndiGo,6E 947,2026-09-09,1,economy,,,17604.0,False,16:40,ok,2026-09-08T11:59:01.684087+05:30,2026-09-08_1159IST,airline_direct,IndiGo
DEL,BLR,6E,IndiGo,6E 6706,2026-09-09,1,business,,,44135.0,False,17:00,ok,2026-09-08T11:59:01.684087+05:30,2026-09-08_1159IST,airline_direct,IndiGo
DEL,BLR,6E,IndiGo,6E 6706,2026-09-09,1,economy,,,18363.0,False,17:00,ok,2026-09-08T11:59:01.684087+05:30,2026-09-08_1159IST,airline_direct,IndiGo
DEL,BLR,6E,IndiGo,6E 6217,2026-09-09,1,economy,,,20829.0,False,16:15,ok,2026-09-08T11:59:01.684087+05:30,2026-09-08_1159IST,airline_direct,IndiGo
DEL,BLR,6E,IndiGo,6E 950,2026-09-09,1,economy,,,21516.0,False,18:15,ok,2026-09-08T11:59:01.684087+05:30,2026-09-08_1159IST,airline_direct,IndiGo
DEL,BLR,6E,IndiGo,6E 717,2026-09-09,1,economy,,,21518.0,False,17:55,ok,2026-09-08T11:59:01.684087+05:30,2026-09-08_1159IST,airline_direct,IndiGo
DEL,BLR,6E,IndiGo,6E 6217,2026-09-09,1,economy,,,22045.0,False,16:15,ok,2026-09-08T11:59:01.684087+05:30,2026-09-08_1159IST,airline_direct,IndiGo
DEL,BLR,6E,IndiGo,6E 329,2026-09-09,1,business,,,47911.0,False,18:00,ok,2026-09-08T11:59:01.684087+05:30,2026-09-08_1159IST,airline_direct,IndiGo
DEL,BLR,6E,IndiGo,6E 329,2026-09-09,1,economy,,,23088.0,False,18:00,ok,2026-09-08T11:59:01.684087+05:30,2026-09-08_1159IST,airline_direct,IndiGo
DEL,BLR,6E,IndiGo,6E 5119,2026-09-09,1,economy,,,27544.0,False,05:10,ok,2026-09-08T11:59:01.684087+05:30,2026-09-08_1159IST,airline_direct,IndiGo
BOM,BLR,6E,IndiGo,6E 5323,2026-09-15,7,business,,,22488.0,False,01:10,ok,2026-09-08T12:00:01.116422+05:30,2026-09-08_1200IST,airline_direct,IndiGo
BOM,BLR,6E,IndiGo,6E 5323,2026-09-15,7,economy,,,5273.0,False,01:10,ok,2026-09-08T12:00:01.116422+05:30,2026-09-08_1200IST,airline_direct,IndiGo
BOM,BLR,6E,IndiGo,6E 5294,2026-09-15,7,business,,,22488.0,False,04:30,ok,2026-09-08T12:00:01.116422+05:30,2026-09-08_1200IST,airline_direct,IndiGo
BOM,BLR,6E,IndiGo,6E 5294,2026-09-15,7,economy,,,5273.0,False,04:30,ok,2026-09-08T12:00:01.116422+05:30,2026-09-08_1200IST,airline_direct,IndiGo
BOM,BLR,6E,IndiGo,6E 5296,2026-09-15,7,business,,,22488.0,False,06:30,ok,2026-09-08T12:00:01.116422+05:30,2026-09-08_1200IST,airline_direct,IndiGo
BOM,BLR,6E,IndiGo,6E 5296,2026-09-15,7,economy,,,6747.0,False,06:30,ok,2026-09-08T12:00:01.116422+05:30,2026-09-08_1200IST,airline_direct,IndiGo
BOM,BLR,6E,IndiGo,6E 5217,2026-09-15,7,business,,,22488.0,False,11:00,ok,2026-09-08T12:00:01.116422+05:30,2026-09-08_1200IST,airline_direct,IndiGo
BOM,BLR,6E,IndiGo,6E 5217,2026-09-15,7,economy,,,6747.0,False,11:00,ok,2026-09-08T12:00:01.116422+05:30,2026-09-08_1200IST,airline_direct,IndiGo
BOM,BLR,6E,IndiGo,6E 5184,2026-09-15,7,business,,,22488.0,False,12:30,ok,2026-09-08T12:00:01.116422+05:30,2026-09-08_1200IST,airline_direct,IndiGo
BOM,BLR,6E,IndiGo,6E 5184,2026-09-15,7,economy,,,6747.0,False,12:30,ok,2026-09-08T12:00:01.116422+05:30,2026-09-08_1200IST,airline_direct,IndiGo
BOM,BLR,6E,IndiGo,6E 5382,2026-09-15,7,business,,,22488.0,False,14:30,ok,2026-09-08T12:00:01.116422+05:30,2026-09-08_1200IST,airline_direct,IndiGo
BOM,BLR,6E,IndiGo,6E 5382,2026-09-15,7,economy,,,6747.0,False,14:30,ok,2026-09-08T12:00:01.116422+05:30,2026-09-08_1200IST,airline_direct,IndiGo
BOM,BLR,6E,IndiGo,6E 5071,2026-09-15,7,business,,,22488.0,False,15:35,ok,2026-09-08T12:00:01.116422+05:30,2026-09-08_1200IST,airline_direct,IndiGo
BOM,BLR,6E,IndiGo,6E 5071,2026-09-15,7,economy,,,6747.0,False,15:35,ok,2026-09-08T12:00:01.116422+05:30,2026-09-08_1200IST,airline_direct,IndiGo
BOM,BLR,6E,IndiGo,6E 5221,2026-09-15,7,business,,,22488.0,False,17:00,ok,2026-09-08T12:00:01.116422+05:30,2026-09-08_1200IST,airline_direct,IndiGo
BOM,BLR,6E,IndiGo,6E 5221,2026-09-15,7,economy,,,6747.0,False,17:00,ok,2026-09-08T12:00:01.116422+05:30,2026-09-08_1200IST,airline_direct,IndiGo
BOM,BLR,6E,IndiGo,6E 6188,2026-09-15,7,business,,,22488.0,False,21:30,ok,2026-09-08T12:00:01.116422+05:30,2026-09-08_1200IST,airline_direct,IndiGo
BOM,BLR,6E,IndiGo,6E 6188,2026-09-15,7,economy,,,6747.0,False,21:30,ok,2026-09-08T12:00:01.116422+05:30,2026-09-08_1200IST,airline_direct,IndiGo
BOM,BLR,6E,IndiGo,6E 5388,2026-09-15,7,business,,,22488.0,False,22:20,ok,2026-09-08T12:00:01.116422+05:30,2026-09-08_1200IST,airline_direct,IndiGo
BOM,BLR,6E,IndiGo,6E 5388,2026-09-15,7,economy,,,6747.0,False,22:20,ok,2026-09-08T12:00:01.116422+05:30,2026-09-08_1200IST,airline_direct,IndiGo
BOM,BLR,6E,IndiGo,6E 5092,2026-09-15,7,business,,,22488.0,False,09:50,ok,2026-09-08T12:00:01.116422+05:30,2026-09-08_1200IST,airline_direct,IndiGo
BOM,BLR,6E,IndiGo,6E 5092,2026-09-15,7,economy,,,7062.0,False,09:50,ok,2026-09-08T12:00:01.116422+05:30,2026-09-08_1200IST,airline_direct,IndiGo
BOM,BLR,6E,IndiGo,6E 5047,2026-09-15,7,business,,,22488.0,False,18:30,ok,2026-09-08T12:00:01.116422+05:30,2026-09-08_1200IST,airline_direct,IndiGo
BOM,BLR,6E,IndiGo,6E 5047,2026-09-15,7,economy,,,7062.0,False,18:30,ok,2026-09-08T12:00:01.116422+05:30,2026-09-08_1200IST,airline_direct,IndiGo
BOM,BLR,6E,IndiGo,6E 5193,2026-09-15,7,economy,,,7377.0,False,08:05,ok,2026-09-08T12:00:01.116422+05:30,2026-09-08_1200IST,airline_direct,IndiGo
BOM,BLR,6E,IndiGo,6E 6361,2026-09-15,7,economy,,,7243.0,False,05:00,ok,2026-09-08T12:00:01.116422+05:30,2026-09-08_1200IST,airline_direct,IndiGo
BOM,BLR,6E,IndiGo,6E 261,2026-09-15,7,economy,,,7243.0,False,11:20,ok,2026-09-08T12:00:01.116422+05:30,2026-09-08_1200IST,airline_direct,IndiGo
BOM,BLR,6E,IndiGo,6E 230,2026-09-15,7,economy,,,7243.0,False,13:55,ok,2026-09-08T12:00:01.116422+05:30,2026-09-08_1200IST,airline_direct,IndiGo
BOM,BLR,6E,IndiGo,6E 230,2026-09-15,7,economy,,,7243.0,False,13:55,ok,2026-09-08T12:00:01.116422+05:30,2026-09-08_1200IST,airline_direct,IndiGo
BOM,BLR,6E,IndiGo,6E 5241,2026-09-15,7,economy,,,7243.0,False,16:40,ok,2026-09-08T12:00:01.116422+05:30,2026-09-08_1200IST,airline_direct,IndiGo
BOM,BLR,6E,IndiGo,6E 5241,2026-09-15,7,economy,,,7243.0,False,16:40,ok,2026-09-08T12:00:01.116422+05:30,2026-09-08_1200IST,airline_direct,IndiGo
BOM,BLR,6E,IndiGo,6E 6674,2026-09-15,7,economy,,,7374.0,False,09:05,ok,2026-09-08T12:00:01.116422+05:30,2026-09-08_1200IST,airline_direct,IndiGo
BOM,BLR,6E,IndiGo,6E 673,2026-09-15,7,economy,,,7374.0,False,12:30,ok,2026-09-08T12:00:01.116422+05:30,2026-09-08_1200IST,airline_direct,IndiGo
BOM,BLR,6E,IndiGo,6E 673,2026-09-15,7,economy,,,7374.0,False,12:30,ok,2026-09-08T12:00:01.116422+05:30,2026-09-08_1200IST,airline_direct,IndiGo
BOM,BLR,6E,IndiGo,6E 5386,2026-09-15,7,business,,,23576.0,False,15:10,ok,2026-09-08T12:00:01.116422+05:30,2026-09-08_1200IST,airline_direct,IndiGo
BOM,BLR,6E,IndiGo,6E 5386,2026-09-15,7,economy,,,7374.0,False,15:10,ok,2026-09-08T12:00:01.116422+05:30,2026-09-08_1200IST,airline_direct,IndiGo
BOM,BLR,6E,IndiGo,6E 5386,2026-09-15,7,business,,,23981.0,False,15:10,ok,2026-09-08T12:00:01.116422+05:30,2026-09-08_1200IST,airline_direct,IndiGo
BOM,BLR,6E,IndiGo,6E 5386,2026-09-15,7,economy,,,7374.0,False,15:10,ok,2026-09-08T12:00:01.116422+05:30,2026-09-08_1200IST,airline_direct,IndiGo
BOM,BLR,6E,IndiGo,6E 5228,2026-09-15,7,business,,,23576.0,False,16:45,ok,2026-09-08T12:00:01.116422+05:30,2026-09-08_1200IST,airline_direct,IndiGo
BOM,BLR,6E,IndiGo,6E 5228,2026-09-15,7,economy,,,7374.0,False,16:45,ok,2026-09-08T12:00:01.116422+05:30,2026-09-08_1200IST,airline_direct,IndiGo
BOM,BLR,6E,IndiGo,6E 5228,2026-09-15,7,business,,,23981.0,False,16:45,ok,2026-09-08T12:00:01.116422+05:30,2026-09-08_1200IST,airline_direct,IndiGo
BOM,BLR,6E,IndiGo,6E 5228,2026-09-15,7,economy,,,7374.0,False,16:45,ok,2026-09-08T12:00:01.116422+05:30,2026-09-08_1200IST,airline_direct,IndiGo
BOM,BLR,6E,IndiGo,6E 6701,2026-09-15,7,economy,,,7584.0,False,05:35,ok,2026-09-08T12:00:01.116422+05:30,2026-09-08_1200IST,airline_direct,IndiGo
BOM,BLR,6E,IndiGo,6E 6701,2026-09-15,7,economy,,,7584.0,False,05:35,ok,2026-09-08T12:00:01.116422+05:30,2026-09-08_1200IST,airline_direct,IndiGo
BOM,BLR,6E,IndiGo,6E 5188,2026-09-15,7,business,,,26046.0,False,06:15,ok,2026-09-08T12:00:01.116422+05:30,2026-09-08_1200IST,airline_direct,IndiGo
BOM,BLR,6E,IndiGo,6E 5188,2026-09-15,7,economy,,,7584.0,False,06:15,ok,2026-09-08T12:00:01.116422+05:30,2026-09-08_1200IST,airline_direct,IndiGo
BOM,BLR,6E,IndiGo,6E 5109,2026-09-15,7,economy,,,7584.0,False,09:35,ok,2026-09-08T12:00:01.116422+05:30,2026-09-08_1200IST,airline_direct,IndiGo
BOM,BLR,6E,IndiGo,6E 5109,2026-09-15,7,economy,,,7584.0,False,09:35,ok,2026-09-08T12:00:01.116422+05:30,2026-09-08_1200IST,airline_direct,IndiGo
BOM,BLR,6E,IndiGo,6E 5313,2026-09-15,7,business,,,26046.0,False,09:50,ok,2026-09-08T12:00:01.116422+05:30,2026-09-08_1200IST,airline_direct,IndiGo
BOM,BLR,6E,IndiGo,6E 5313,2026-09-15,7,economy,,,7584.0,False,09:50,ok,2026-09-08T12:00:01.116422+05:30,2026-09-08_1200IST,airline_direct,IndiGo
BOM,BLR,6E,IndiGo,6E 5313,2026-09-15,7,business,,,26046.0,False,09:50,ok,2026-09-08T12:00:01.116422+05:30,2026-09-08_1200IST,airline_direct,IndiGo
BOM,BLR,6E,IndiGo,6E 5313,2026-09-15,7,economy,,,7584.0,False,09:50,ok,2026-09-08T12:00:01.116422+05:30,2026-09-08_1200IST,airline_direct,IndiGo
BOM,BLR,6E,IndiGo,6E 6349,2026-09-15,7,business,,,26046.0,False,11:40,ok,2026-09-08T12:00:01.116422+05:30,2026-09-08_1200IST,airline_direct,IndiGo
BOM,BLR,6E,IndiGo,6E 6349,2026-09-15,7,economy,,,7584.0,False,11:40,ok,2026-09-08T12:00:01.116422+05:30,2026-09-08_1200IST,airline_direct,IndiGo
BOM,BLR,6E,IndiGo,6E 6349,2026-09-15,7,business,,,26046.0,False,11:40,ok,2026-09-08T12:00:01.116422+05:30,2026-09-08_1200IST,airline_direct,IndiGo
BOM,BLR,6E,IndiGo,6E 6349,2026-09-15,7,economy,,,7584.0,False,11:40,ok,2026-09-08T12:00:01.116422+05:30,2026-09-08_1200IST,airline_direct,IndiGo
BOM,BLR,6E,IndiGo,6E 2284,2026-09-15,7,economy,,,7584.0,False,12:05,ok,2026-09-08T12:00:01.116422+05:30,2026-09-08_1200IST,airline_direct,IndiGo
BOM,BLR,6E,IndiGo,6E 5337,2026-09-15,7,business,,,26046.0,False,13:45,ok,2026-09-08T12:00:01.116422+05:30,2026-09-08_1200IST,airline_direct,IndiGo
BOM,BLR,6E,IndiGo,6E 5337,2026-09-15,7,economy,,,7584.0,False,13:45,ok,2026-09-08T12:00:01.116422+05:30,2026-09-08_1200IST,airline_direct,IndiGo
BOM,BLR,6E,IndiGo,6E 5337,2026-09-15,7,business,,,26389.0,False,13:45,ok,2026-09-08T12:00:01.116422+05:30,2026-09-08_1200IST,airline_direct,IndiGo
BOM,BLR,6E,IndiGo,6E 5337,2026-09-15,7,economy,,,7584.0,False,13:45,ok,2026-09-08T12:00:01.116422+05:30,2026-09-08_1200IST,airline_direct,IndiGo
BOM,BLR,6E,IndiGo,6E 5201,2026-09-15,7,economy,,,7584.0,False,14:55,ok,2026-09-08T12:00:01.116422+05:30,2026-09-08_1200IST,airline_direct,IndiGo
BOM,BLR,6E,IndiGo,6E 5196,2026-09-15,7,business,,,26389.0,False,15:25,ok,2026-09-08T12:00:01.116422+05:30,2026-09-08_1200IST,airline_direct,IndiGo
BOM,BLR,6E,IndiGo,6E 5196,2026-09-15,7,economy,,,7584.0,False,15:25,ok,2026-09-08T12:00:01.116422+05:30,2026-09-08_1200IST,airline_direct,IndiGo
BOM,BLR,6E,IndiGo,6E 5196,2026-09-15,7,business,,,26046.0,False,15:25,ok,2026-09-08T12:00:01.116422+05:30,2026-09-08_1200IST,airline_direct,IndiGo
BOM,BLR,6E,IndiGo,6E 5196,2026-09-15,7,economy,,,7584.0,False,15:25,ok,2026-09-08T12:00:01.116422+05:30,2026-09-08_1200IST,airline_direct,IndiGo
BOM,BLR,6E,IndiGo,6E 240,2026-09-15,7,economy,,,7584.0,False,15:45,ok,2026-09-08T12:00:01.116422+05:30,2026-09-08_1200IST,airline_direct,IndiGo
BOM,BLR,6E,IndiGo,6E 437,2026-09-15,7,economy,,,7584.0,False,17:10,ok,2026-09-08T12:00:01.116422+05:30,2026-09-08_1200IST,airline_direct,IndiGo
BOM,BLR,6E,IndiGo,6E 5048,2026-09-15,7,business,,,26046.0,False,17:25,ok,2026-09-08T12:00:01.116422+05:30,2026-09-08_1200IST,airline_direct,IndiGo
BOM,BLR,6E,IndiGo,6E 5048,2026-09-15,7,economy,,,7584.0,False,17:25,ok,2026-09-08T12:00:01.116422+05:30,2026-09-08_1200IST,airline_direct,IndiGo
BOM,BLR,6E,IndiGo,6E 2237,2026-09-15,7,economy,,,7584.0,False,18:40,ok,2026-09-08T12:00:01.116422+05:30,2026-09-08_1200IST,airline_direct,IndiGo
BOM,BLR,6E,IndiGo,6E 5107,2026-09-15,7,economy,,,7584.0,False,20:00,ok,2026-09-08T12:00:01.116422+05:30,2026-09-08_1200IST,airline_direct,IndiGo
BOM,BLR,6E,IndiGo,6E 6599,2026-09-15,7,economy,,,7715.0,False,16:50,ok,2026-09-08T12:00:01.116422+05:30,2026-09-08_1200IST,airline_direct,IndiGo
BOM,BLR,6E,IndiGo,6E 5082,2026-09-15,7,economy,,,7785.0,False,18:05,ok,2026-09-08T12:00:01.116422+05:30,2026-09-08_1200IST,airline_direct,IndiGo
BOM,BLR,6E,IndiGo,6E 5178,2026-09-15,7,business,,,23576.0,False,11:40,ok,2026-09-08T12:00:01.116422+05:30,2026-09-08_1200IST,airline_direct,IndiGo
BOM,BLR,6E,IndiGo,6E 5178,2026-09-15,7,economy,,,7916.0,False,11:40,ok,2026-09-08T12:00:01.116422+05:30,2026-09-08_1200IST,airline_direct,IndiGo
BOM,BLR,6E,IndiGo,6E 5123,2026-09-15,7,economy,,,8047.0,False,14:40,ok,2026-09-08T12:00:01.116422+05:30,2026-09-08_1200IST,airline_direct,IndiGo
BOM,BLR,6E,IndiGo,6E 2016,2026-09-15,7,economy,,,8126.0,False,13:35,ok,2026-09-08T12:00:01.116422+05:30,2026-09-08_1200IST,airline_direct,IndiGo
BOM,BLR,6E,IndiGo,6E 6057,2026-09-15,7,economy,,,8146.0,False,09:15,ok,2026-09-08T12:00:01.116422+05:30,2026-09-08_1200IST,airline_direct,IndiGo
BOM,BLR,6E,IndiGo,6E 632,2026-09-15,7,economy,,,9364.0,False,04:00,ok,2026-09-08T12:00:01.116422+05:30,2026-09-08_1200IST,airline_direct,IndiGo
BOM,BLR,6E,IndiGo,6E 5126,2026-09-15,7,economy,,,9364.0,False,18:15,ok,2026-09-08T12:00:01.116422+05:30,2026-09-08_1200IST,airline_direct,IndiGo
BOM,BLR,6E,IndiGo,6E 5386,2026-09-15,7,business,,,23576.0,False,15:10,ok,2026-09-08T12:00:01.116422+05:30,2026-09-08_1200IST,airline_direct,IndiGo
BOM,BLR,6E,IndiGo,6E 5386,2026-09-15,7,economy,,,10028.0,False,15:10,ok,2026-09-08T12:00:01.116422+05:30,2026-09-08_1200IST,airline_direct,IndiGo
BOM,BLR,6E,IndiGo,6E 5178,2026-09-15,7,business,,,23981.0,False,11:40,ok,2026-09-08T12:00:01.116422+05:30,2026-09-08_1200IST,airline_direct,IndiGo
BOM,BLR,6E,IndiGo,6E 5178,2026-09-15,7,economy,,,10389.0,False,11:40,ok,2026-09-08T12:00:01.116422+05:30,2026-09-08_1200IST,airline_direct,IndiGo
BOM,BLR,6E,IndiGo,6E 5318,2026-09-15,7,business,,,23981.0,False,10:15,ok,2026-09-08T12:00:01.116422+05:30,2026-09-08_1200IST,airline_direct,IndiGo
BOM,BLR,6E,IndiGo,6E 5318,2026-09-15,7,economy,,,11124.0,False,10:15,ok,2026-09-08T12:00:01.116422+05:30,2026-09-08_1200IST,airline_direct,IndiGo
BOM,BLR,6E,IndiGo,6E 5178,2026-09-15,7,business,,,24919.0,False,11:40,ok,2026-09-08T12:00:01.116422+05:30,2026-09-08_1200IST,airline_direct,IndiGo
BOM,BLR,6E,IndiGo,6E 5178,2026-09-15,7,economy,,,11223.0,False,11:40,ok,2026-09-08T12:00:01.116422+05:30,2026-09-08_1200IST,airline_direct,IndiGo
BOM,BLR,6E,IndiGo,6E 5318,2026-09-15,7,business,,,24919.0,False,10:15,ok,2026-09-08T12:00:01.116422+05:30,2026-09-08_1200IST,airline_direct,IndiGo
BOM,BLR,6E,IndiGo,6E 5318,2026-09-15,7,economy,,,11958.0,False,10:15,ok,2026-09-08T12:00:01.116422+05:30,2026-09-08_1200IST,airline_direct,IndiGo
BOM,BLR,6E,IndiGo,6E 6802,2026-09-15,7,economy,,,12242.0,False,16:55,ok,2026-09-08T12:00:01.116422+05:30,2026-09-08_1200IST,airline_direct,IndiGo
BOM,BLR,6E,IndiGo,6E 6362,2026-09-15,7,business,,,25462.0,False,05:45,ok,2026-09-08T12:00:01.116422+05:30,2026-09-08_1200IST,airline_direct,IndiGo
BOM,BLR,6E,IndiGo,6E 6362,2026-09-15,7,economy,,,12441.0,False,05:45,ok,2026-09-08T12:00:01.116422+05:30,2026-09-08_1200IST,airline_direct,IndiGo
BOM,BLR,6E,IndiGo,6E 5181,2026-09-15,7,economy,,,14580.0,False,10:25,ok,2026-09-08T12:00:01.116422+05:30,2026-09-08_1200IST,airline_direct,IndiGo
DEL,CCU,6E,IndiGo,6E 5191,2026-09-15,7,business,,,26140.0,False,05:00,ok,2026-09-08T12:01:13.983465+05:30,2026-09-08_1201IST,airline_direct,IndiGo
DEL,CCU,6E,IndiGo,6E 5191,2026-09-15,7,economy,,,8703.0,False,05:00,ok,2026-09-08T12:01:13.983465+05:30,2026-09-08_1201IST,airline_direct,IndiGo
DEL,CCU,6E,IndiGo,6E 340,2026-09-15,7,business,,,26140.0,False,07:20,ok,2026-09-08T12:01:13.983465+05:30,2026-09-08_1201IST,airline_direct,IndiGo
DEL,CCU,6E,IndiGo,6E 340,2026-09-15,7,economy,,,8703.0,False,07:20,ok,2026-09-08T12:01:13.983465+05:30,2026-09-08_1201IST,airline_direct,IndiGo
DEL,CCU,6E,IndiGo,6E 513,2026-09-15,7,business,,,26140.0,False,08:30,ok,2026-09-08T12:01:13.983465+05:30,2026-09-08_1201IST,airline_direct,IndiGo
DEL,CCU,6E,IndiGo,6E 513,2026-09-15,7,economy,,,8703.0,False,08:30,ok,2026-09-08T12:01:13.983465+05:30,2026-09-08_1201IST,airline_direct,IndiGo
DEL,CCU,6E,IndiGo,6E 894,2026-09-15,7,business,,,26140.0,False,10:15,ok,2026-09-08T12:01:13.983465+05:30,2026-09-08_1201IST,airline_direct,IndiGo
DEL,CCU,6E,IndiGo,6E 894,2026-09-15,7,economy,,,8703.0,False,10:15,ok,2026-09-08T12:01:13.983465+05:30,2026-09-08_1201IST,airline_direct,IndiGo
DEL,CCU,6E,IndiGo,6E 897,2026-09-15,7,business,,,26140.0,False,12:45,ok,2026-09-08T12:01:13.983465+05:30,2026-09-08_1201IST,airline_direct,IndiGo
DEL,CCU,6E,IndiGo,6E 897,2026-09-15,7,economy,,,8703.0,False,12:45,ok,2026-09-08T12:01:13.983465+05:30,2026-09-08_1201IST,airline_direct,IndiGo
DEL,CCU,6E,IndiGo,6E 910,2026-09-15,7,business,,,26140.0,False,14:25,ok,2026-09-08T12:01:13.983465+05:30,2026-09-08_1201IST,airline_direct,IndiGo
DEL,CCU,6E,IndiGo,6E 910,2026-09-15,7,economy,,,8703.0,False,14:25,ok,2026-09-08T12:01:13.983465+05:30,2026-09-08_1201IST,airline_direct,IndiGo
DEL,CCU,6E,IndiGo,6E 6415,2026-09-15,7,business,,,26140.0,False,16:00,ok,2026-09-08T12:01:13.983465+05:30,2026-09-08_1201IST,airline_direct,IndiGo
DEL,CCU,6E,IndiGo,6E 6415,2026-09-15,7,economy,,,8703.0,False,16:00,ok,2026-09-08T12:01:13.983465+05:30,2026-09-08_1201IST,airline_direct,IndiGo
DEL,CCU,6E,IndiGo,6E 2276,2026-09-15,7,business,,,26140.0,False,17:55,ok,2026-09-08T12:01:13.983465+05:30,2026-09-08_1201IST,airline_direct,IndiGo
DEL,CCU,6E,IndiGo,6E 2276,2026-09-15,7,economy,,,8703.0,False,17:55,ok,2026-09-08T12:01:13.983465+05:30,2026-09-08_1201IST,airline_direct,IndiGo
DEL,CCU,6E,IndiGo,6E 389,2026-09-15,7,business,,,26140.0,False,21:50,ok,2026-09-08T12:01:13.983465+05:30,2026-09-08_1201IST,airline_direct,IndiGo
DEL,CCU,6E,IndiGo,6E 389,2026-09-15,7,economy,,,8703.0,False,21:50,ok,2026-09-08T12:01:13.983465+05:30,2026-09-08_1201IST,airline_direct,IndiGo
DEL,CCU,6E,IndiGo,6E 247,2026-09-15,7,business,,,26140.0,False,23:30,ok,2026-09-08T12:01:13.983465+05:30,2026-09-08_1201IST,airline_direct,IndiGo
DEL,CCU,6E,IndiGo,6E 247,2026-09-15,7,economy,,,8703.0,False,23:30,ok,2026-09-08T12:01:13.983465+05:30,2026-09-08_1201IST,airline_direct,IndiGo
DEL,CCU,6E,IndiGo,6E 6517,2026-09-15,7,business,,,26140.0,False,19:30,ok,2026-09-08T12:01:13.983465+05:30,2026-09-08_1201IST,airline_direct,IndiGo
DEL,CCU,6E,IndiGo,6E 6517,2026-09-15,7,economy,,,8965.0,False,19:30,ok,2026-09-08T12:01:13.983465+05:30,2026-09-08_1201IST,airline_direct,IndiGo
DEL,CCU,6E,IndiGo,6E 6245,2026-09-15,7,economy,,,7376.0,False,06:20,ok,2026-09-08T12:01:13.983465+05:30,2026-09-08_1201IST,airline_direct,IndiGo
DEL,CCU,6E,IndiGo,6E 2147,2026-09-15,7,economy,,,7376.0,False,11:10,ok,2026-09-08T12:01:13.983465+05:30,2026-09-08_1201IST,airline_direct,IndiGo
DEL,CCU,6E,IndiGo,6E 5206,2026-09-15,7,economy,,,7376.0,False,13:20,ok,2026-09-08T12:01:13.983465+05:30,2026-09-08_1201IST,airline_direct,IndiGo
DEL,CCU,6E,IndiGo,6E 6440,2026-09-15,7,economy,,,7376.0,False,16:40,ok,2026-09-08T12:01:13.983465+05:30,2026-09-08_1201IST,airline_direct,IndiGo
DEL,CCU,6E,IndiGo,6E 6459,2026-09-15,7,economy,,,7507.0,False,05:55,ok,2026-09-08T12:01:13.983465+05:30,2026-09-08_1201IST,airline_direct,IndiGo
DEL,CCU,6E,IndiGo,6E 2361,2026-09-15,7,economy,,,7507.0,False,14:35,ok,2026-09-08T12:01:13.983465+05:30,2026-09-08_1201IST,airline_direct,IndiGo
DEL,CCU,6E,IndiGo,6E 6073,2026-09-15,7,economy,,,7586.0,False,05:00,ok,2026-09-08T12:01:13.983465+05:30,2026-09-08_1201IST,airline_direct,IndiGo
DEL,CCU,6E,IndiGo,6E 6190,2026-09-15,7,economy,,,7586.0,False,07:40,ok,2026-09-08T12:01:13.983465+05:30,2026-09-08_1201IST,airline_direct,IndiGo
DEL,CCU,6E,IndiGo,6E 6190,2026-09-15,7,economy,,,7586.0,False,07:40,ok,2026-09-08T12:01:13.983465+05:30,2026-09-08_1201IST,airline_direct,IndiGo
DEL,CCU,6E,IndiGo,6E 5038,2026-09-15,7,economy,,,7586.0,False,14:00,ok,2026-09-08T12:01:13.983465+05:30,2026-09-08_1201IST,airline_direct,IndiGo
DEL,CCU,6E,IndiGo,6E 2203,2026-09-15,7,economy,,,7691.0,False,04:45,ok,2026-09-08T12:01:13.983465+05:30,2026-09-08_1201IST,airline_direct,IndiGo
DEL,CCU,6E,IndiGo,6E 5215,2026-09-15,7,economy,,,7691.0,False,07:45,ok,2026-09-08T12:01:13.983465+05:30,2026-09-08_1201IST,airline_direct,IndiGo
DEL,CCU,6E,IndiGo,6E 5215,2026-09-15,7,economy,,,7691.0,False,07:45,ok,2026-09-08T12:01:13.983465+05:30,2026-09-08_1201IST,airline_direct,IndiGo
DEL,CCU,6E,IndiGo,6E 5041,2026-09-15,7,economy,,,7691.0,False,15:10,ok,2026-09-08T12:01:13.983465+05:30,2026-09-08_1201IST,airline_direct,IndiGo
DEL,CCU,6E,IndiGo,6E 5041,2026-09-15,7,economy,,,7691.0,False,15:10,ok,2026-09-08T12:01:13.983465+05:30,2026-09-08_1201IST,airline_direct,IndiGo
DEL,CCU,6E,IndiGo,6E 6829,2026-09-15,7,economy,,,7717.0,False,17:20,ok,2026-09-08T12:01:13.983465+05:30,2026-09-08_1201IST,airline_direct,IndiGo
DEL,CCU,6E,IndiGo,6E 6503,2026-09-15,7,economy,,,7901.0,False,13:25,ok,2026-09-08T12:01:13.983465+05:30,2026-09-08_1201IST,airline_direct,IndiGo
DEL,CCU,6E,IndiGo,6E 6503,2026-09-15,7,economy,,,7901.0,False,13:25,ok,2026-09-08T12:01:13.983465+05:30,2026-09-08_1201IST,airline_direct,IndiGo
DEL,CCU,6E,IndiGo,6E 704,2026-09-15,7,business,,,31918.0,False,02:25,ok,2026-09-08T12:01:13.983465+05:30,2026-09-08_1201IST,airline_direct,IndiGo
DEL,CCU,6E,IndiGo,6E 704,2026-09-15,7,economy,,,7927.0,False,02:25,ok,2026-09-08T12:01:13.983465+05:30,2026-09-08_1201IST,airline_direct,IndiGo
DEL,CCU,6E,IndiGo,6E 5119,2026-09-15,7,economy,,,7927.0,False,05:10,ok,2026-09-08T12:01:13.983465+05:30,2026-09-08_1201IST,airline_direct,IndiGo
DEL,CCU,6E,IndiGo,6E 6293,2026-09-15,7,business,,,34632.0,False,09:55,ok,2026-09-08T12:01:13.983465+05:30,2026-09-08_1201IST,airline_direct,IndiGo
DEL,CCU,6E,IndiGo,6E 6293,2026-09-15,7,economy,,,7927.0,False,09:55,ok,2026-09-08T12:01:13.983465+05:30,2026-09-08_1201IST,airline_direct,IndiGo
DEL,CCU,6E,IndiGo,6E 907,2026-09-15,7,economy,,,7927.0,False,10:00,ok,2026-09-08T12:01:13.983465+05:30,2026-09-08_1201IST,airline_direct,IndiGo
DEL,CCU,6E,IndiGo,6E 5137,2026-09-15,7,economy,,,7927.0,False,10:50,ok,2026-09-08T12:01:13.983465+05:30,2026-09-08_1201IST,airline_direct,IndiGo
DEL,CCU,6E,IndiGo,6E 884,2026-09-15,7,business,,,34632.0,False,11:45,ok,2026-09-08T12:01:13.983465+05:30,2026-09-08_1201IST,airline_direct,IndiGo
DEL,CCU,6E,IndiGo,6E 884,2026-09-15,7,economy,,,7927.0,False,11:45,ok,2026-09-08T12:01:13.983465+05:30,2026-09-08_1201IST,airline_direct,IndiGo
DEL,CCU,6E,IndiGo,6E 2331,2026-09-15,7,economy,,,7927.0,False,12:20,ok,2026-09-08T12:01:13.983465+05:30,2026-09-08_1201IST,airline_direct,IndiGo
DEL,CCU,6E,IndiGo,6E 6282,2026-09-15,7,business,,,34632.0,False,13:30,ok,2026-09-08T12:01:13.983465+05:30,2026-09-08_1201IST,airline_direct,IndiGo
DEL,CCU,6E,IndiGo,6E 6282,2026-09-15,7,economy,,,7927.0,False,13:30,ok,2026-09-08T12:01:13.983465+05:30,2026-09-08_1201IST,airline_direct,IndiGo
DEL,CCU,6E,IndiGo,6E 6282,2026-09-15,7,business,,,31918.0,False,13:30,ok,2026-09-08T12:01:13.983465+05:30,2026-09-08_1201IST,airline_direct,IndiGo
DEL,CCU,6E,IndiGo,6E 6282,2026-09-15,7,economy,,,7927.0,False,13:30,ok,2026-09-08T12:01:13.983465+05:30,2026-09-08_1201IST,airline_direct,IndiGo
DEL,CCU,6E,IndiGo,6E 2341,2026-09-15,7,economy,,,7927.0,False,14:50,ok,2026-09-08T12:01:13.983465+05:30,2026-09-08_1201IST,airline_direct,IndiGo
DEL,CCU,6E,IndiGo,6E 6217,2026-09-15,7,business,,,31918.0,False,16:15,ok,2026-09-08T12:01:13.983465+05:30,2026-09-08_1201IST,airline_direct,IndiGo
DEL,CCU,6E,IndiGo,6E 6217,2026-09-15,7,economy,,,7927.0,False,16:15,ok,2026-09-08T12:01:13.983465+05:30,2026-09-08_1201IST,airline_direct,IndiGo
DEL,CCU,6E,IndiGo,6E 5073,2026-09-15,7,economy,,,7927.0,False,17:05,ok,2026-09-08T12:01:13.983465+05:30,2026-09-08_1201IST,airline_direct,IndiGo
DEL,CCU,6E,IndiGo,6E 717,2026-09-15,7,business,,,31918.0,False,17:55,ok,2026-09-08T12:01:13.983465+05:30,2026-09-08_1201IST,airline_direct,IndiGo
DEL,CCU,6E,IndiGo,6E 717,2026-09-15,7,economy,,,7927.0,False,17:55,ok,2026-09-08T12:01:13.983465+05:30,2026-09-08_1201IST,airline_direct,IndiGo
DEL,CCU,6E,IndiGo,6E 382,2026-09-15,7,business,,,31918.0,False,21:00,ok,2026-09-08T12:01:13.983465+05:30,2026-09-08_1201IST,airline_direct,IndiGo
DEL,CCU,6E,IndiGo,6E 382,2026-09-15,7,economy,,,7927.0,False,21:00,ok,2026-09-08T12:01:13.983465+05:30,2026-09-08_1201IST,airline_direct,IndiGo
DEL,CCU,6E,IndiGo,6E 882,2026-09-15,7,business,,,31918.0,False,23:15,ok,2026-09-08T12:01:13.983465+05:30,2026-09-08_1201IST,airline_direct,IndiGo
DEL,CCU,6E,IndiGo,6E 882,2026-09-15,7,economy,,,7927.0,False,23:15,ok,2026-09-08T12:01:13.983465+05:30,2026-09-08_1201IST,airline_direct,IndiGo
DEL,CCU,6E,IndiGo,6E 6371,2026-09-15,7,economy,,,8032.0,False,06:20,ok,2026-09-08T12:01:13.983465+05:30,2026-09-08_1201IST,airline_direct,IndiGo
DEL,CCU,6E,IndiGo,6E 6312,2026-09-15,7,economy,,,8115.0,False,14:25,ok,2026-09-08T12:01:13.983465+05:30,2026-09-08_1201IST,airline_direct,IndiGo
DEL,CCU,6E,IndiGo,6E 734,2026-09-15,7,economy,,,8115.0,False,16:20,ok,2026-09-08T12:01:13.983465+05:30,2026-09-08_1201IST,airline_direct,IndiGo
DEL,CCU,6E,IndiGo,6E 2259,2026-09-15,7,economy,,,8194.0,False,12:20,ok,2026-09-08T12:01:13.983465+05:30,2026-09-08_1201IST,airline_direct,IndiGo
DEL,CCU,6E,IndiGo,6E 2259,2026-09-15,7,economy,,,8194.0,False,12:20,ok,2026-09-08T12:01:13.983465+05:30,2026-09-08_1201IST,airline_direct,IndiGo
DEL,CCU,6E,IndiGo,6E 6130,2026-09-15,7,economy,,,8194.0,False,12:55,ok,2026-09-08T12:01:13.983465+05:30,2026-09-08_1201IST,airline_direct,IndiGo
DEL,CCU,6E,IndiGo,6E 6053,2026-09-15,7,economy,,,8194.0,False,13:05,ok,2026-09-08T12:01:13.983465+05:30,2026-09-08_1201IST,airline_direct,IndiGo
DEL,CCU,6E,IndiGo,6E 2614,2026-09-15,7,economy,,,8194.0,False,14:40,ok,2026-09-08T12:01:13.983465+05:30,2026-09-08_1201IST,airline_direct,IndiGo
DEL,CCU,6E,IndiGo,6E 2614,2026-09-15,7,economy,,,8194.0,False,14:40,ok,2026-09-08T12:01:13.983465+05:30,2026-09-08_1201IST,airline_direct,IndiGo
DEL,CCU,6E,IndiGo,6E 2203,2026-09-15,7,economy,,,8299.0,False,04:45,ok,2026-09-08T12:01:13.983465+05:30,2026-09-08_1201IST,airline_direct,IndiGo
DEL,CCU,6E,IndiGo,6E 5215,2026-09-15,7,economy,,,8299.0,False,07:45,ok,2026-09-08T12:01:13.983465+05:30,2026-09-08_1201IST,airline_direct,IndiGo
DEL,CCU,6E,IndiGo,6E 2296,2026-09-15,7,economy,,,8862.0,False,09:20,ok,2026-09-08T12:01:13.983465+05:30,2026-09-08_1201IST,airline_direct,IndiGo
DEL,CCU,6E,IndiGo,6E 704,2026-09-15,7,business,,,32980.0,False,02:25,ok,2026-09-08T12:01:13.983465+05:30,2026-09-08_1201IST,airline_direct,IndiGo
DEL,CCU,6E,IndiGo,6E 704,2026-09-15,7,economy,,,15709.0,False,02:25,ok,2026-09-08T12:01:13.983465+05:30,2026-09-08_1201IST,airline_direct,IndiGo
DEL,CCU,6E,IndiGo,6E 203,2026-09-15,7,business,,,40768.0,False,07:10,ok,2026-09-08T12:01:13.983465+05:30,2026-09-08_1201IST,airline_direct,IndiGo
DEL,CCU,6E,IndiGo,6E 203,2026-09-15,7,economy,,,23580.0,False,07:10,ok,2026-09-08T12:01:13.983465+05:30,2026-09-08_1201IST,airline_direct,IndiGo
DEL,CCU,6E,IndiGo,6E 705,2026-09-15,7,business,,,40768.0,False,08:30,ok,2026-09-08T12:01:13.983465+05:30,2026-09-08_1201IST,airline_direct,IndiGo
DEL,CCU,6E,IndiGo,6E 705,2026-09-15,7,economy,,,23580.0,False,08:30,ok,2026-09-08T12:01:13.983465+05:30,2026-09-08_1201IST,airline_direct,IndiGo
BLR,HYD,6E,IndiGo,6E 638,2026-09-15,7,economy,,,4235.0,False,18:35,ok,2026-09-08T12:02:15.229000+05:30,2026-09-08_1202IST,airline_direct,IndiGo
BLR,HYD,6E,IndiGo,6E 6784,2026-09-15,7,economy,,,4235.0,False,21:30,ok,2026-09-08T12:02:15.229000+05:30,2026-09-08_1202IST,airline_direct,IndiGo
BLR,HYD,6E,IndiGo,6E 6404,2026-09-15,7,economy,,,4561.0,False,11:35,ok,2026-09-08T12:02:15.229000+05:30,2026-09-08_1202IST,airline_direct,IndiGo
BLR,HYD,6E,IndiGo,6E 855,2026-09-15,7,economy,,,4561.0,False,19:45,ok,2026-09-08T12:02:15.229000+05:30,2026-09-08_1202IST,airline_direct,IndiGo
BLR,HYD,6E,IndiGo,6E 6067,2026-09-15,7,economy,,,4921.0,False,16:30,ok,2026-09-08T12:02:15.229000+05:30,2026-09-08_1202IST,airline_direct,IndiGo
BLR,HYD,6E,IndiGo,6E 537,2026-09-15,7,economy,,,5756.0,False,10:15,ok,2026-09-08T12:02:15.229000+05:30,2026-09-08_1202IST,airline_direct,IndiGo
BLR,HYD,6E,IndiGo,6E 6178,2026-09-15,7,economy,,,6239.0,False,06:25,ok,2026-09-08T12:02:15.229000+05:30,2026-09-08_1202IST,airline_direct,IndiGo
BLR,HYD,6E,IndiGo,6E 484,2026-09-15,7,economy,,,7361.0,False,08:15,ok,2026-09-08T12:02:15.229000+05:30,2026-09-08_1202IST,airline_direct,IndiGo
BLR,HYD,6E,IndiGo,6E 312,2026-09-15,7,economy,,,8010.0,False,09:15,ok,2026-09-08T12:02:15.229000+05:30,2026-09-08_1202IST,airline_direct,IndiGo
BLR,HYD,6E,IndiGo,6E 857,2026-09-15,7,economy,,,5463.0,False,07:05,ok,2026-09-08T12:02:15.229000+05:30,2026-09-08_1202IST,airline_direct,IndiGo
BLR,HYD,6E,IndiGo,6E 857,2026-09-15,7,economy,,,5463.0,False,07:05,ok,2026-09-08T12:02:15.229000+05:30,2026-09-08_1202IST,airline_direct,IndiGo
BLR,HYD,6E,IndiGo,6E 6269,2026-09-15,7,economy,,,5463.0,False,07:15,ok,2026-09-08T12:02:15.229000+05:30,2026-09-08_1202IST,airline_direct,IndiGo
BLR,HYD,6E,IndiGo,6E 904,2026-09-15,7,economy,,,5463.0,False,10:50,ok,2026-09-08T12:02:15.229000+05:30,2026-09-08_1202IST,airline_direct,IndiGo
BLR,HYD,6E,IndiGo,6E 904,2026-09-15,7,economy,,,5463.0,False,10:50,ok,2026-09-08T12:02:15.229000+05:30,2026-09-08_1202IST,airline_direct,IndiGo
BLR,HYD,6E,IndiGo,6E 6653,2026-09-15,7,economy,,,5463.0,False,12:35,ok,2026-09-08T12:02:15.229000+05:30,2026-09-08_1202IST,airline_direct,IndiGo
BLR,HYD,6E,IndiGo,6E 6208,2026-09-15,7,economy,,,5463.0,False,12:50,ok,2026-09-08T12:02:15.229000+05:30,2026-09-08_1202IST,airline_direct,IndiGo
BLR,HYD,6E,IndiGo,6E 6208,2026-09-15,7,economy,,,5463.0,False,12:50,ok,2026-09-08T12:02:15.229000+05:30,2026-09-08_1202IST,airline_direct,IndiGo
BLR,HYD,6E,IndiGo,6E 6208,2026-09-15,7,economy,,,5463.0,False,12:50,ok,2026-09-08T12:02:15.229000+05:30,2026-09-08_1202IST,airline_direct,IndiGo
BLR,HYD,6E,IndiGo,6E 6542,2026-09-15,7,economy,,,5463.0,False,13:10,ok,2026-09-08T12:02:15.229000+05:30,2026-09-08_1202IST,airline_direct,IndiGo
BLR,HYD,6E,IndiGo,6E 6542,2026-09-15,7,economy,,,5463.0,False,13:10,ok,2026-09-08T12:02:15.229000+05:30,2026-09-08_1202IST,airline_direct,IndiGo
BLR,HYD,6E,IndiGo,6E 602,2026-09-15,7,economy,,,5463.0,False,14:40,ok,2026-09-08T12:02:15.229000+05:30,2026-09-08_1202IST,airline_direct,IndiGo
BLR,HYD,6E,IndiGo,6E 182,2026-09-15,7,economy,,,5463.0,False,15:00,ok,2026-09-08T12:02:15.229000+05:30,2026-09-08_1202IST,airline_direct,IndiGo
BLR,HYD,6E,IndiGo,6E 182,2026-09-15,7,economy,,,5463.0,False,15:00,ok,2026-09-08T12:02:15.229000+05:30,2026-09-08_1202IST,airline_direct,IndiGo
BLR,HYD,6E,IndiGo,6E 182,2026-09-15,7,economy,,,5463.0,False,15:00,ok,2026-09-08T12:02:15.229000+05:30,2026-09-08_1202IST,airline_direct,IndiGo
BLR,HYD,6E,IndiGo,6E 6753,2026-09-15,7,economy,,,5463.0,False,15:15,ok,2026-09-08T12:02:15.229000+05:30,2026-09-08_1202IST,airline_direct,IndiGo
BLR,HYD,6E,IndiGo,6E 6753,2026-09-15,7,economy,,,5463.0,False,15:15,ok,2026-09-08T12:02:15.229000+05:30,2026-09-08_1202IST,airline_direct,IndiGo
BLR,HYD,6E,IndiGo,6E 356,2026-09-15,7,economy,,,5463.0,False,17:15,ok,2026-09-08T12:02:15.229000+05:30,2026-09-08_1202IST,airline_direct,IndiGo
BLR,HYD,6E,IndiGo,6E 356,2026-09-15,7,economy,,,5463.0,False,17:15,ok,2026-09-08T12:02:15.229000+05:30,2026-09-08_1202IST,airline_direct,IndiGo
BLR,HYD,6E,IndiGo,6E 6168,2026-09-15,7,economy,,,5463.0,False,17:40,ok,2026-09-08T12:02:15.229000+05:30,2026-09-08_1202IST,airline_direct,IndiGo
BLR,HYD,6E,IndiGo,6E 6168,2026-09-15,7,economy,,,5463.0,False,17:40,ok,2026-09-08T12:02:15.229000+05:30,2026-09-08_1202IST,airline_direct,IndiGo
BLR,HYD,6E,IndiGo,6E 6017,2026-09-15,7,economy,,,5463.0,False,18:15,ok,2026-09-08T12:02:15.229000+05:30,2026-09-08_1202IST,airline_direct,IndiGo
BLR,HYD,6E,IndiGo,6E 105,2026-09-15,7,economy,,,5463.0,False,18:50,ok,2026-09-08T12:02:15.229000+05:30,2026-09-08_1202IST,airline_direct,IndiGo
BLR,HYD,6E,IndiGo,6E 105,2026-09-15,7,economy,,,5463.0,False,18:50,ok,2026-09-08T12:02:15.229000+05:30,2026-09-08_1202IST,airline_direct,IndiGo
BLR,HYD,6E,IndiGo,6E 6554,2026-09-15,7,economy,,,5463.0,False,19:15,ok,2026-09-08T12:02:15.229000+05:30,2026-09-08_1202IST,airline_direct,IndiGo
BLR,HYD,6E,IndiGo,6E 441,2026-09-15,7,economy,,,5463.0,False,20:40,ok,2026-09-08T12:02:15.229000+05:30,2026-09-08_1202IST,airline_direct,IndiGo
BLR,HYD,6E,IndiGo,6E 528,2026-09-15,7,economy,,,5463.0,False,21:40,ok,2026-09-08T12:02:15.229000+05:30,2026-09-08_1202IST,airline_direct,IndiGo
BLR,HYD,6E,IndiGo,6E 116,2026-09-15,7,economy,,,5463.0,False,23:05,ok,2026-09-08T12:02:15.229000+05:30,2026-09-08_1202IST,airline_direct,IndiGo
BLR,HYD,6E,IndiGo,6E 6583,2026-09-15,7,economy,,,5594.0,False,10:40,ok,2026-09-08T12:02:15.229000+05:30,2026-09-08_1202IST,airline_direct,IndiGo
BLR,HYD,6E,IndiGo,6E 6336,2026-09-15,7,economy,,,5594.0,False,12:40,ok,2026-09-08T12:02:15.229000+05:30,2026-09-08_1202IST,airline_direct,IndiGo
BLR,HYD,6E,IndiGo,6E 6336,2026-09-15,7,economy,,,5594.0,False,12:40,ok,2026-09-08T12:02:15.229000+05:30,2026-09-08_1202IST,airline_direct,IndiGo
BLR,HYD,6E,IndiGo,6E 6104,2026-09-15,7,economy,,,5793.0,False,11:40,ok,2026-09-08T12:02:15.229000+05:30,2026-09-08_1202IST,airline_direct,IndiGo
BLR,HYD,6E,IndiGo,6E 6104,2026-09-15,7,economy,,,5793.0,False,11:40,ok,2026-09-08T12:02:15.229000+05:30,2026-09-08_1202IST,airline_direct,IndiGo
BLR,HYD,6E,IndiGo,6E 116,2026-09-15,7,economy,,,5793.0,False,23:05,ok,2026-09-08T12:02:15.229000+05:30,2026-09-08_1202IST,airline_direct,IndiGo
BLR,HYD,6E,IndiGo,6E 7204,2026-09-15,7,economy,,,6153.0,False,06:50,ok,2026-09-08T12:02:15.229000+05:30,2026-09-08_1202IST,airline_direct,IndiGo
BLR,HYD,6E,IndiGo,6E 7071,2026-09-15,7,economy,,,6153.0,False,10:55,ok,2026-09-08T12:02:15.229000+05:30,2026-09-08_1202IST,airline_direct,IndiGo
BLR,HYD,6E,IndiGo,6E 6891,2026-09-15,7,economy,,,6153.0,False,17:15,ok,2026-09-08T12:02:15.229000+05:30,2026-09-08_1202IST,airline_direct,IndiGo
BLR,HYD,6E,IndiGo,6E 574,2026-09-15,7,economy,,,6284.0,False,11:05,ok,2026-09-08T12:02:15.229000+05:30,2026-09-08_1202IST,airline_direct,IndiGo
BLR,HYD,6E,IndiGo,6E 7227,2026-09-15,7,economy,,,6412.0,False,06:25,ok,2026-09-08T12:02:15.229000+05:30,2026-09-08_1202IST,airline_direct,IndiGo
BLR,HYD,6E,IndiGo,6E 6876,2026-09-15,7,economy,,,6543.0,False,02:40,ok,2026-09-08T12:02:15.229000+05:30,2026-09-08_1202IST,airline_direct,IndiGo
BLR,HYD,6E,IndiGo,6E 6653,2026-09-15,7,economy,,,6543.0,False,12:35,ok,2026-09-08T12:02:15.229000+05:30,2026-09-08_1202IST,airline_direct,IndiGo
BLR,HYD,6E,IndiGo,6E 6563,2026-09-15,7,economy,,,6969.0,False,01:05,ok,2026-09-08T12:02:15.229000+05:30,2026-09-08_1202IST,airline_direct,IndiGo
BLR,HYD,6E,IndiGo,6E 5306,2026-09-15,7,economy,,,6969.0,False,14:35,ok,2026-09-08T12:02:15.229000+05:30,2026-09-08_1202IST,airline_direct,IndiGo
BLR,HYD,6E,IndiGo,6E 109,2026-09-15,7,economy,,,6969.0,False,17:00,ok,2026-09-08T12:02:15.229000+05:30,2026-09-08_1202IST,airline_direct,IndiGo
BLR,HYD,6E,IndiGo,6E 6162,2026-09-15,7,economy,,,6969.0,False,18:50,ok,2026-09-08T12:02:15.229000+05:30,2026-09-08_1202IST,airline_direct,IndiGo
BLR,HYD,6E,IndiGo,6E 763,2026-09-15,7,economy,,,7935.0,False,07:05,ok,2026-09-08T12:02:15.229000+05:30,2026-09-08_1202IST,airline_direct,IndiGo
BLR,HYD,6E,IndiGo,6E 763,2026-09-15,7,economy,,,8484.0,False,07:05,ok,2026-09-08T12:02:15.229000+05:30,2026-09-08_1202IST,airline_direct,IndiGo
BLR,HYD,6E,IndiGo,6E 7204,2026-09-15,7,economy,,,10334.0,False,06:50,ok,2026-09-08T12:02:15.229000+05:30,2026-09-08_1202IST,airline_direct,IndiGo
BLR,HYD,6E,IndiGo,6E 6269,2026-09-15,7,economy,,,12041.0,False,07:15,ok,2026-09-08T12:02:15.229000+05:30,2026-09-08_1202IST,airline_direct,IndiGo
BLR,HYD,6E,IndiGo,6E 7005,2026-09-15,7,economy,,,17414.0,False,08:05,ok,2026-09-08T12:02:15.229000+05:30,2026-09-08_1202IST,airline_direct,IndiGo
MAA,DEL,6E,IndiGo,6E 948,2026-09-15,7,business,,,28240.0,False,14:30,ok,2026-09-08T12:03:11.096939+05:30,2026-09-08_1203IST,airline_direct,IndiGo
MAA,DEL,6E,IndiGo,6E 948,2026-09-15,7,economy,,,9830.0,False,14:30,ok,2026-09-08T12:03:11.096939+05:30,2026-09-08_1203IST,airline_direct,IndiGo
MAA,DEL,6E,IndiGo,6E 698,2026-09-15,7,business,,,28240.0,False,16:45,ok,2026-09-08T12:03:11.096939+05:30,2026-09-08_1203IST,airline_direct,IndiGo
MAA,DEL,6E,IndiGo,6E 698,2026-09-15,7,economy,,,9830.0,False,16:45,ok,2026-09-08T12:03:11.096939+05:30,2026-09-08_1203IST,airline_direct,IndiGo
MAA,DEL,6E,IndiGo,6E 951,2026-09-15,7,business,,,28240.0,False,21:50,ok,2026-09-08T12:03:11.096939+05:30,2026-09-08_1203IST,airline_direct,IndiGo
MAA,DEL,6E,IndiGo,6E 951,2026-09-15,7,economy,,,9830.0,False,21:50,ok,2026-09-08T12:03:11.096939+05:30,2026-09-08_1203IST,airline_direct,IndiGo
MAA,DEL,6E,IndiGo,6E 2369,2026-09-15,7,business,,,28240.0,False,23:45,ok,2026-09-08T12:03:11.096939+05:30,2026-09-08_1203IST,airline_direct,IndiGo
MAA,DEL,6E,IndiGo,6E 2369,2026-09-15,7,economy,,,9830.0,False,23:45,ok,2026-09-08T12:03:11.096939+05:30,2026-09-08_1203IST,airline_direct,IndiGo
MAA,DEL,6E,IndiGo,6E 939,2026-09-15,7,business,,,28240.0,False,13:00,ok,2026-09-08T12:03:11.096939+05:30,2026-09-08_1203IST,airline_direct,IndiGo
MAA,DEL,6E,IndiGo,6E 939,2026-09-15,7,economy,,,10295.0,False,13:00,ok,2026-09-08T12:03:11.096939+05:30,2026-09-08_1203IST,airline_direct,IndiGo
MAA,DEL,6E,IndiGo,6E 6002,2026-09-15,7,business,,,28240.0,False,11:10,ok,2026-09-08T12:03:11.096939+05:30,2026-09-08_1203IST,airline_direct,IndiGo
MAA,DEL,6E,IndiGo,6E 6002,2026-09-15,7,economy,,,10785.0,False,11:10,ok,2026-09-08T12:03:11.096939+05:30,2026-09-08_1203IST,airline_direct,IndiGo
MAA,DEL,6E,IndiGo,6E 404,2026-09-15,7,business,,,28240.0,False,09:15,ok,2026-09-08T12:03:11.096939+05:30,2026-09-08_1203IST,airline_direct,IndiGo
MAA,DEL,6E,IndiGo,6E 404,2026-09-15,7,economy,,,11850.0,False,09:15,ok,2026-09-08T12:03:11.096939+05:30,2026-09-08_1203IST,airline_direct,IndiGo
MAA,DEL,6E,IndiGo,6E 613,2026-09-15,7,business,,,28240.0,False,19:00,ok,2026-09-08T12:03:11.096939+05:30,2026-09-08_1203IST,airline_direct,IndiGo
MAA,DEL,6E,IndiGo,6E 613,2026-09-15,7,economy,,,11850.0,False,19:00,ok,2026-09-08T12:03:11.096939+05:30,2026-09-08_1203IST,airline_direct,IndiGo
MAA,DEL,6E,IndiGo,6E 937,2026-09-15,7,business,,,28240.0,False,06:30,ok,2026-09-08T12:03:11.096939+05:30,2026-09-08_1203IST,airline_direct,IndiGo
MAA,DEL,6E,IndiGo,6E 937,2026-09-15,7,economy,,,19283.0,False,06:30,ok,2026-09-08T12:03:11.096939+05:30,2026-09-08_1203IST,airline_direct,IndiGo
MAA,DEL,6E,IndiGo,6E 6892,2026-09-15,7,business,,,32713.0,False,10:55,ok,2026-09-08T12:03:11.096939+05:30,2026-09-08_1203IST,airline_direct,IndiGo
MAA,DEL,6E,IndiGo,6E 6892,2026-09-15,7,economy,,,9857.0,False,10:55,ok,2026-09-08T12:03:11.096939+05:30,2026-09-08_1203IST,airline_direct,IndiGo
MAA,DEL,6E,IndiGo,6E 726,2026-09-15,7,economy,,,9857.0,False,18:20,ok,2026-09-08T12:03:11.096939+05:30,2026-09-08_1203IST,airline_direct,IndiGo
MAA,DEL,6E,IndiGo,6E 189,2026-09-15,7,business,,,33057.0,False,19:05,ok,2026-09-08T12:03:11.096939+05:30,2026-09-08_1203IST,airline_direct,IndiGo
MAA,DEL,6E,IndiGo,6E 189,2026-09-15,7,economy,,,9857.0,False,19:05,ok,2026-09-08T12:03:11.096939+05:30,2026-09-08_1203IST,airline_direct,IndiGo
MAA,DEL,6E,IndiGo,6E 6140,2026-09-15,7,business,,,34395.0,False,02:30,ok,2026-09-08T12:03:11.096939+05:30,2026-09-08_1203IST,airline_direct,IndiGo
MAA,DEL,6E,IndiGo,6E 6140,2026-09-15,7,economy,,,9988.0,False,02:30,ok,2026-09-08T12:03:11.096939+05:30,2026-09-08_1203IST,airline_direct,IndiGo
MAA,DEL,6E,IndiGo,6E 6140,2026-09-15,7,business,,,34395.0,False,02:30,ok,2026-09-08T12:03:11.096939+05:30,2026-09-08_1203IST,airline_direct,IndiGo
MAA,DEL,6E,IndiGo,6E 6140,2026-09-15,7,economy,,,9988.0,False,02:30,ok,2026-09-08T12:03:11.096939+05:30,2026-09-08_1203IST,airline_direct,IndiGo
MAA,DEL,6E,IndiGo,6E 321,2026-09-15,7,business,,,34049.0,False,08:20,ok,2026-09-08T12:03:11.096939+05:30,2026-09-08_1203IST,airline_direct,IndiGo
MAA,DEL,6E,IndiGo,6E 321,2026-09-15,7,economy,,,9988.0,False,08:20,ok,2026-09-08T12:03:11.096939+05:30,2026-09-08_1203IST,airline_direct,IndiGo
MAA,DEL,6E,IndiGo,6E 6348,2026-09-15,7,business,,,39741.0,False,09:00,ok,2026-09-08T12:03:11.096939+05:30,2026-09-08_1203IST,airline_direct,IndiGo
MAA,DEL,6E,IndiGo,6E 6348,2026-09-15,7,economy,,,9988.0,False,09:00,ok,2026-09-08T12:03:11.096939+05:30,2026-09-08_1203IST,airline_direct,IndiGo
MAA,DEL,6E,IndiGo,6E 6348,2026-09-15,7,business,,,39741.0,False,09:00,ok,2026-09-08T12:03:11.096939+05:30,2026-09-08_1203IST,airline_direct,IndiGo
MAA,DEL,6E,IndiGo,6E 6348,2026-09-15,7,economy,,,9988.0,False,09:00,ok,2026-09-08T12:03:11.096939+05:30,2026-09-08_1203IST,airline_direct,IndiGo
MAA,DEL,6E,IndiGo,6E 5214,2026-09-15,7,business,,,39741.0,False,11:00,ok,2026-09-08T12:03:11.096939+05:30,2026-09-08_1203IST,airline_direct,IndiGo
MAA,DEL,6E,IndiGo,6E 5214,2026-09-15,7,economy,,,9988.0,False,11:00,ok,2026-09-08T12:03:11.096939+05:30,2026-09-08_1203IST,airline_direct,IndiGo
MAA,DEL,6E,IndiGo,6E 6326,2026-09-15,7,business,,,34521.0,False,11:45,ok,2026-09-08T12:03:11.096939+05:30,2026-09-08_1203IST,airline_direct,IndiGo
MAA,DEL,6E,IndiGo,6E 6326,2026-09-15,7,economy,,,9988.0,False,11:45,ok,2026-09-08T12:03:11.096939+05:30,2026-09-08_1203IST,airline_direct,IndiGo
MAA,DEL,6E,IndiGo,6E 5258,2026-09-15,7,business,,,39741.0,False,12:45,ok,2026-09-08T12:03:11.096939+05:30,2026-09-08_1203IST,airline_direct,IndiGo
MAA,DEL,6E,IndiGo,6E 5258,2026-09-15,7,economy,,,9988.0,False,12:45,ok,2026-09-08T12:03:11.096939+05:30,2026-09-08_1203IST,airline_direct,IndiGo
MAA,DEL,6E,IndiGo,6E 5258,2026-09-15,7,business,,,39741.0,False,12:45,ok,2026-09-08T12:03:11.096939+05:30,2026-09-08_1203IST,airline_direct,IndiGo
MAA,DEL,6E,IndiGo,6E 5258,2026-09-15,7,economy,,,9988.0,False,12:45,ok,2026-09-08T12:03:11.096939+05:30,2026-09-08_1203IST,airline_direct,IndiGo
MAA,DEL,6E,IndiGo,6E 5371,2026-09-15,7,business,,,43340.0,False,14:45,ok,2026-09-08T12:03:11.096939+05:30,2026-09-08_1203IST,airline_direct,IndiGo
MAA,DEL,6E,IndiGo,6E 5371,2026-09-15,7,economy,,,9988.0,False,14:45,ok,2026-09-08T12:03:11.096939+05:30,2026-09-08_1203IST,airline_direct,IndiGo
MAA,DEL,6E,IndiGo,6E 5104,2026-09-15,7,business,,,39741.0,False,16:40,ok,2026-09-08T12:03:11.096939+05:30,2026-09-08_1203IST,airline_direct,IndiGo
MAA,DEL,6E,IndiGo,6E 5104,2026-09-15,7,economy,,,9988.0,False,16:40,ok,2026-09-08T12:03:11.096939+05:30,2026-09-08_1203IST,airline_direct,IndiGo
MAA,DEL,6E,IndiGo,6E 6113,2026-09-15,7,economy,,,9988.0,False,17:00,ok,2026-09-08T12:03:11.096939+05:30,2026-09-08_1203IST,airline_direct,IndiGo
MAA,DEL,6E,IndiGo,6E 606,2026-09-15,7,business,,,33105.0,False,18:05,ok,2026-09-08T12:03:11.096939+05:30,2026-09-08_1203IST,airline_direct,IndiGo
MAA,DEL,6E,IndiGo,6E 606,2026-09-15,7,economy,,,9988.0,False,18:05,ok,2026-09-08T12:03:11.096939+05:30,2026-09-08_1203IST,airline_direct,IndiGo
MAA,DEL,6E,IndiGo,6E 5367,2026-09-15,7,business,,,39741.0,False,18:15,ok,2026-09-08T12:03:11.096939+05:30,2026-09-08_1203IST,airline_direct,IndiGo
MAA,DEL,6E,IndiGo,6E 5367,2026-09-15,7,economy,,,9988.0,False,18:15,ok,2026-09-08T12:03:11.096939+05:30,2026-09-08_1203IST,airline_direct,IndiGo
MAA,DEL,6E,IndiGo,6E 6797,2026-09-15,7,economy,,,10325.0,False,13:10,ok,2026-09-08T12:03:11.096939+05:30,2026-09-08_1203IST,airline_direct,IndiGo
MAA,DEL,6E,IndiGo,6E 253,2026-09-15,7,business,,,27587.0,False,03:10,ok,2026-09-08T12:03:11.096939+05:30,2026-09-08_1203IST,airline_direct,IndiGo
MAA,DEL,6E,IndiGo,6E 253,2026-09-15,7,economy,,,10535.0,False,03:10,ok,2026-09-08T12:03:11.096939+05:30,2026-09-08_1203IST,airline_direct,IndiGo
MAA,DEL,6E,IndiGo,6E 244,2026-09-15,7,economy,,,10535.0,False,03:55,ok,2026-09-08T12:03:11.096939+05:30,2026-09-08_1203IST,airline_direct,IndiGo
MAA,DEL,6E,IndiGo,6E 495,2026-09-15,7,business,,,34532.0,False,07:10,ok,2026-09-08T12:03:11.096939+05:30,2026-09-08_1203IST,airline_direct,IndiGo
MAA,DEL,6E,IndiGo,6E 495,2026-09-15,7,economy,,,10535.0,False,07:10,ok,2026-09-08T12:03:11.096939+05:30,2026-09-08_1203IST,airline_direct,IndiGo
MAA,DEL,6E,IndiGo,6E 834,2026-09-15,7,business,,,32172.0,False,09:05,ok,2026-09-08T12:03:11.096939+05:30,2026-09-08_1203IST,airline_direct,IndiGo
MAA,DEL,6E,IndiGo,6E 834,2026-09-15,7,economy,,,10535.0,False,09:05,ok,2026-09-08T12:03:11.096939+05:30,2026-09-08_1203IST,airline_direct,IndiGo
MAA,DEL,6E,IndiGo,6E 834,2026-09-15,7,business,,,32172.0,False,09:05,ok,2026-09-08T12:03:11.096939+05:30,2026-09-08_1203IST,airline_direct,IndiGo
MAA,DEL,6E,IndiGo,6E 834,2026-09-15,7,economy,,,10535.0,False,09:05,ok,2026-09-08T12:03:11.096939+05:30,2026-09-08_1203IST,airline_direct,IndiGo
MAA,DEL,6E,IndiGo,6E 991,2026-09-15,7,economy,,,10535.0,False,09:30,ok,2026-09-08T12:03:11.096939+05:30,2026-09-08_1203IST,airline_direct,IndiGo
MAA,DEL,6E,IndiGo,6E 372,2026-09-15,7,business,,,34532.0,False,09:55,ok,2026-09-08T12:03:11.096939+05:30,2026-09-08_1203IST,airline_direct,IndiGo
MAA,DEL,6E,IndiGo,6E 372,2026-09-15,7,economy,,,10535.0,False,09:55,ok,2026-09-08T12:03:11.096939+05:30,2026-09-08_1203IST,airline_direct,IndiGo
MAA,DEL,6E,IndiGo,6E 502,2026-09-15,7,business,,,28769.0,False,11:10,ok,2026-09-08T12:03:11.096939+05:30,2026-09-08_1203IST,airline_direct,IndiGo
MAA,DEL,6E,IndiGo,6E 502,2026-09-15,7,economy,,,10535.0,False,11:10,ok,2026-09-08T12:03:11.096939+05:30,2026-09-08_1203IST,airline_direct,IndiGo
MAA,DEL,6E,IndiGo,6E 539,2026-09-15,7,economy,,,10535.0,False,11:25,ok,2026-09-08T12:03:11.096939+05:30,2026-09-08_1203IST,airline_direct,IndiGo
MAA,DEL,6E,IndiGo,6E 973,2026-09-15,7,economy,,,10535.0,False,11:55,ok,2026-09-08T12:03:11.096939+05:30,2026-09-08_1203IST,airline_direct,IndiGo
MAA,DEL,6E,IndiGo,6E 6925,2026-09-15,7,business,,,32889.0,False,12:00,ok,2026-09-08T12:03:11.096939+05:30,2026-09-08_1203IST,airline_direct,IndiGo
MAA,DEL,6E,IndiGo,6E 6925,2026-09-15,7,economy,,,10535.0,False,12:00,ok,2026-09-08T12:03:11.096939+05:30,2026-09-08_1203IST,airline_direct,IndiGo
MAA,DEL,6E,IndiGo,6E 6925,2026-09-15,7,business,,,32889.0,False,12:00,ok,2026-09-08T12:03:11.096939+05:30,2026-09-08_1203IST,airline_direct,IndiGo
MAA,DEL,6E,IndiGo,6E 6925,2026-09-15,7,economy,,,10535.0,False,12:00,ok,2026-09-08T12:03:11.096939+05:30,2026-09-08_1203IST,airline_direct,IndiGo
MAA,DEL,6E,IndiGo,6E 183,2026-09-15,7,business,,,28769.0,False,16:35,ok,2026-09-08T12:03:11.096939+05:30,2026-09-08_1203IST,airline_direct,IndiGo
MAA,DEL,6E,IndiGo,6E 183,2026-09-15,7,economy,,,10535.0,False,16:35,ok,2026-09-08T12:03:11.096939+05:30,2026-09-08_1203IST,airline_direct,IndiGo
MAA,DEL,6E,IndiGo,6E 848,2026-09-15,7,economy,,,10535.0,False,17:50,ok,2026-09-08T12:03:11.096939+05:30,2026-09-08_1203IST,airline_direct,IndiGo
MAA,DEL,6E,IndiGo,6E 193,2026-09-15,7,business,,,30367.0,False,20:00,ok,2026-09-08T12:03:11.096939+05:30,2026-09-08_1203IST,airline_direct,IndiGo
MAA,DEL,6E,IndiGo,6E 193,2026-09-15,7,economy,,,10535.0,False,20:00,ok,2026-09-08T12:03:11.096939+05:30,2026-09-08_1203IST,airline_direct,IndiGo
MAA,DEL,6E,IndiGo,6E 6487,2026-09-15,7,business,,,30367.0,False,21:25,ok,2026-09-08T12:03:11.096939+05:30,2026-09-08_1203IST,airline_direct,IndiGo
MAA,DEL,6E,IndiGo,6E 6487,2026-09-15,7,economy,,,10535.0,False,21:25,ok,2026-09-08T12:03:11.096939+05:30,2026-09-08_1203IST,airline_direct,IndiGo
MAA,DEL,6E,IndiGo,6E 561,2026-09-15,7,business,,,28059.0,False,22:20,ok,2026-09-08T12:03:11.096939+05:30,2026-09-08_1203IST,airline_direct,IndiGo
MAA,DEL,6E,IndiGo,6E 561,2026-09-15,7,economy,,,10535.0,False,22:20,ok,2026-09-08T12:03:11.096939+05:30,2026-09-08_1203IST,airline_direct,IndiGo
MAA,DEL,6E,IndiGo,6E 372,2026-09-15,7,business,,,34532.0,False,09:55,ok,2026-09-08T12:03:11.096939+05:30,2026-09-08_1203IST,airline_direct,IndiGo
MAA,DEL,6E,IndiGo,6E 372,2026-09-15,7,economy,,,11366.0,False,09:55,ok,2026-09-08T12:03:11.096939+05:30,2026-09-08_1203IST,airline_direct,IndiGo
MAA,DEL,6E,IndiGo,6E 6209,2026-09-15,7,business,,,33682.0,False,14:35,ok,2026-09-08T12:03:11.096939+05:30,2026-09-08_1203IST,airline_direct,IndiGo
MAA,DEL,6E,IndiGo,6E 6209,2026-09-15,7,economy,,,11445.0,False,14:35,ok,2026-09-08T12:03:11.096939+05:30,2026-09-08_1203IST,airline_direct,IndiGo
MAA,DEL,6E,IndiGo,6E 847,2026-09-15,7,business,,,32713.0,False,16:15,ok,2026-09-08T12:03:11.096939+05:30,2026-09-08_1203IST,airline_direct,IndiGo
MAA,DEL,6E,IndiGo,6E 847,2026-09-15,7,economy,,,11445.0,False,16:15,ok,2026-09-08T12:03:11.096939+05:30,2026-09-08_1203IST,airline_direct,IndiGo
MAA,DEL,6E,IndiGo,6E 5314,2026-09-15,7,business,,,39741.0,False,06:45,ok,2026-09-08T12:03:11.096939+05:30,2026-09-08_1203IST,airline_direct,IndiGo
MAA,DEL,6E,IndiGo,6E 5314,2026-09-15,7,economy,,,11576.0,False,06:45,ok,2026-09-08T12:03:11.096939+05:30,2026-09-08_1203IST,airline_direct,IndiGo
MAA,DEL,6E,IndiGo,6E 597,2026-09-15,7,economy,,,11733.0,False,17:45,ok,2026-09-08T12:03:11.096939+05:30,2026-09-08_1203IST,airline_direct,IndiGo
MAA,DEL,6E,IndiGo,6E 6815,2026-09-15,7,business,,,32713.0,False,08:55,ok,2026-09-08T12:03:11.096939+05:30,2026-09-08_1203IST,airline_direct,IndiGo
MAA,DEL,6E,IndiGo,6E 6815,2026-09-15,7,economy,,,11972.0,False,08:55,ok,2026-09-08T12:03:11.096939+05:30,2026-09-08_1203IST,airline_direct,IndiGo
MAA,DEL,6E,IndiGo,6E 6209,2026-09-15,7,business,,,32713.0,False,14:35,ok,2026-09-08T12:03:11.096939+05:30,2026-09-08_1203IST,airline_direct,IndiGo
MAA,DEL,6E,IndiGo,6E 6209,2026-09-15,7,economy,,,11972.0,False,14:35,ok,2026-09-08T12:03:11.096939+05:30,2026-09-08_1203IST,airline_direct,IndiGo
MAA,DEL,6E,IndiGo,6E 365,2026-09-15,7,business,,,32713.0,False,17:45,ok,2026-09-08T12:03:11.096939+05:30,2026-09-08_1203IST,airline_direct,IndiGo
MAA,DEL,6E,IndiGo,6E 365,2026-09-15,7,economy,,,11972.0,False,17:45,ok,2026-09-08T12:03:11.096939+05:30,2026-09-08_1203IST,airline_direct,IndiGo
MAA,DEL,6E,IndiGo,6E 562,2026-09-15,7,business,,,30367.0,False,18:20,ok,2026-09-08T12:03:11.096939+05:30,2026-09-08_1203IST,airline_direct,IndiGo
MAA,DEL,6E,IndiGo,6E 562,2026-09-15,7,economy,,,12866.0,False,18:20,ok,2026-09-08T12:03:11.096939+05:30,2026-09-08_1203IST,airline_direct,IndiGo
MAA,DEL,6E,IndiGo,6E 6158,2026-09-15,7,business,,,30916.0,False,16:10,ok,2026-09-08T12:03:11.096939+05:30,2026-09-08_1203IST,airline_direct,IndiGo
MAA,DEL,6E,IndiGo,6E 6158,2026-09-15,7,economy,,,13355.0,False,16:10,ok,2026-09-08T12:03:11.096939+05:30,2026-09-08_1203IST,airline_direct,IndiGo
MAA,DEL,6E,IndiGo,6E 6081,2026-09-15,7,business,,,34299.0,False,07:05,ok,2026-09-08T12:03:11.096939+05:30,2026-09-08_1203IST,airline_direct,IndiGo
MAA,DEL,6E,IndiGo,6E 6081,2026-09-15,7,economy,,,13839.0,False,07:05,ok,2026-09-08T12:03:11.096939+05:30,2026-09-08_1203IST,airline_direct,IndiGo
MAA,DEL,6E,IndiGo,6E 6081,2026-09-15,7,business,,,34299.0,False,07:05,ok,2026-09-08T12:03:11.096939+05:30,2026-09-08_1203IST,airline_direct,IndiGo
MAA,DEL,6E,IndiGo,6E 6081,2026-09-15,7,economy,,,15988.0,False,07:05,ok,2026-09-08T12:03:11.096939+05:30,2026-09-08_1203IST,airline_direct,IndiGo
MAA,DEL,6E,IndiGo,6E 607,2026-09-15,7,business,,,32425.0,False,05:40,ok,2026-09-08T12:03:11.096939+05:30,2026-09-08_1203IST,airline_direct,IndiGo
MAA,DEL,6E,IndiGo,6E 607,2026-09-15,7,economy,,,16473.0,False,05:40,ok,2026-09-08T12:03:11.096939+05:30,2026-09-08_1203IST,airline_direct,IndiGo
MAA,DEL,6E,IndiGo,6E 495,2026-09-15,7,business,,,34532.0,False,07:10,ok,2026-09-08T12:03:11.096939+05:30,2026-09-08_1203IST,airline_direct,IndiGo
MAA,DEL,6E,IndiGo,6E 495,2026-09-15,7,economy,,,16572.0,False,07:10,ok,2026-09-08T12:03:11.096939+05:30,2026-09-08_1203IST,airline_direct,IndiGo
BOM,BLR,6E,IndiGo,6E 5323,2026-09-23,15,business,,,18948.0,False,01:10,ok,2026-09-08T12:04:12.243107+05:30,2026-09-08_1204IST,airline_direct,IndiGo
BOM,BLR,6E,IndiGo,6E 5323,2026-09-23,15,economy,,,4893.0,False,01:10,ok,2026-09-08T12:04:12.243107+05:30,2026-09-08_1204IST,airline_direct,IndiGo
BOM,BLR,6E,IndiGo,6E 5294,2026-09-23,15,business,,,18948.0,False,04:30,ok,2026-09-08T12:04:12.243107+05:30,2026-09-08_1204IST,airline_direct,IndiGo
BOM,BLR,6E,IndiGo,6E 5294,2026-09-23,15,economy,,,4893.0,False,04:30,ok,2026-09-08T12:04:12.243107+05:30,2026-09-08_1204IST,airline_direct,IndiGo
BOM,BLR,6E,IndiGo,6E 5296,2026-09-23,15,business,,,18948.0,False,06:30,ok,2026-09-08T12:04:12.243107+05:30,2026-09-08_1204IST,airline_direct,IndiGo
BOM,BLR,6E,IndiGo,6E 5296,2026-09-23,15,economy,,,6747.0,False,06:30,ok,2026-09-08T12:04:12.243107+05:30,2026-09-08_1204IST,airline_direct,IndiGo
BOM,BLR,6E,IndiGo,6E 5193,2026-09-23,15,economy,,,6747.0,False,08:05,ok,2026-09-08T12:04:12.243107+05:30,2026-09-08_1204IST,airline_direct,IndiGo
BOM,BLR,6E,IndiGo,6E 5092,2026-09-23,15,business,,,18948.0,False,09:50,ok,2026-09-08T12:04:12.243107+05:30,2026-09-08_1204IST,airline_direct,IndiGo
BOM,BLR,6E,IndiGo,6E 5092,2026-09-23,15,economy,,,6747.0,False,09:50,ok,2026-09-08T12:04:12.243107+05:30,2026-09-08_1204IST,airline_direct,IndiGo
BOM,BLR,6E,IndiGo,6E 5217,2026-09-23,15,business,,,18948.0,False,11:00,ok,2026-09-08T12:04:12.243107+05:30,2026-09-08_1204IST,airline_direct,IndiGo
BOM,BLR,6E,IndiGo,6E 5217,2026-09-23,15,economy,,,6747.0,False,11:00,ok,2026-09-08T12:04:12.243107+05:30,2026-09-08_1204IST,airline_direct,IndiGo
BOM,BLR,6E,IndiGo,6E 5184,2026-09-23,15,business,,,18948.0,False,12:30,ok,2026-09-08T12:04:12.243107+05:30,2026-09-08_1204IST,airline_direct,IndiGo
BOM,BLR,6E,IndiGo,6E 5184,2026-09-23,15,economy,,,6747.0,False,12:30,ok,2026-09-08T12:04:12.243107+05:30,2026-09-08_1204IST,airline_direct,IndiGo
BOM,BLR,6E,IndiGo,6E 5382,2026-09-23,15,business,,,18948.0,False,14:30,ok,2026-09-08T12:04:12.243107+05:30,2026-09-08_1204IST,airline_direct,IndiGo
BOM,BLR,6E,IndiGo,6E 5382,2026-09-23,15,economy,,,6747.0,False,14:30,ok,2026-09-08T12:04:12.243107+05:30,2026-09-08_1204IST,airline_direct,IndiGo
BOM,BLR,6E,IndiGo,6E 5071,2026-09-23,15,business,,,18948.0,False,15:35,ok,2026-09-08T12:04:12.243107+05:30,2026-09-08_1204IST,airline_direct,IndiGo
BOM,BLR,6E,IndiGo,6E 5071,2026-09-23,15,economy,,,6747.0,False,15:35,ok,2026-09-08T12:04:12.243107+05:30,2026-09-08_1204IST,airline_direct,IndiGo
BOM,BLR,6E,IndiGo,6E 5221,2026-09-23,15,business,,,18948.0,False,17:00,ok,2026-09-08T12:04:12.243107+05:30,2026-09-08_1204IST,airline_direct,IndiGo
BOM,BLR,6E,IndiGo,6E 5221,2026-09-23,15,economy,,,6747.0,False,17:00,ok,2026-09-08T12:04:12.243107+05:30,2026-09-08_1204IST,airline_direct,IndiGo
BOM,BLR,6E,IndiGo,6E 5388,2026-09-23,15,business,,,18948.0,False,22:20,ok,2026-09-08T12:04:12.243107+05:30,2026-09-08_1204IST,airline_direct,IndiGo
BOM,BLR,6E,IndiGo,6E 5388,2026-09-23,15,economy,,,6747.0,False,22:20,ok,2026-09-08T12:04:12.243107+05:30,2026-09-08_1204IST,airline_direct,IndiGo
BOM,BLR,6E,IndiGo,6E 6188,2026-09-23,15,business,,,18948.0,False,21:30,ok,2026-09-08T12:04:12.243107+05:30,2026-09-08_1204IST,airline_direct,IndiGo
BOM,BLR,6E,IndiGo,6E 6188,2026-09-23,15,economy,,,7062.0,False,21:30,ok,2026-09-08T12:04:12.243107+05:30,2026-09-08_1204IST,airline_direct,IndiGo
BOM,BLR,6E,IndiGo,6E 5047,2026-09-23,15,business,,,18948.0,False,18:30,ok,2026-09-08T12:04:12.243107+05:30,2026-09-08_1204IST,airline_direct,IndiGo
BOM,BLR,6E,IndiGo,6E 5047,2026-09-23,15,economy,,,7377.0,False,18:30,ok,2026-09-08T12:04:12.243107+05:30,2026-09-08_1204IST,airline_direct,IndiGo
BOM,BLR,6E,IndiGo,6E 5032,2026-09-23,15,business,,,18948.0,False,19:55,ok,2026-09-08T12:04:12.243107+05:30,2026-09-08_1204IST,airline_direct,IndiGo
BOM,BLR,6E,IndiGo,6E 5032,2026-09-23,15,economy,,,7377.0,False,19:55,ok,2026-09-08T12:04:12.243107+05:30,2026-09-08_1204IST,airline_direct,IndiGo
BOM,BLR,6E,IndiGo,6E 6361,2026-09-23,15,economy,,,5122.0,False,05:00,ok,2026-09-08T12:04:12.243107+05:30,2026-09-08_1204IST,airline_direct,IndiGo
BOM,BLR,6E,IndiGo,6E 5241,2026-09-23,15,economy,,,5122.0,False,16:40,ok,2026-09-08T12:04:12.243107+05:30,2026-09-08_1204IST,airline_direct,IndiGo
BOM,BLR,6E,IndiGo,6E 6362,2026-09-23,15,business,,,19670.0,False,05:45,ok,2026-09-08T12:04:12.243107+05:30,2026-09-08_1204IST,airline_direct,IndiGo
BOM,BLR,6E,IndiGo,6E 6362,2026-09-23,15,economy,,,5253.0,False,05:45,ok,2026-09-08T12:04:12.243107+05:30,2026-09-08_1204IST,airline_direct,IndiGo
BOM,BLR,6E,IndiGo,6E 5178,2026-09-23,15,business,,,20441.0,False,11:45,ok,2026-09-08T12:04:12.243107+05:30,2026-09-08_1204IST,airline_direct,IndiGo
BOM,BLR,6E,IndiGo,6E 5178,2026-09-23,15,economy,,,5253.0,False,11:45,ok,2026-09-08T12:04:12.243107+05:30,2026-09-08_1204IST,airline_direct,IndiGo
BOM,BLR,6E,IndiGo,6E 5178,2026-09-23,15,business,,,20441.0,False,11:45,ok,2026-09-08T12:04:12.243107+05:30,2026-09-08_1204IST,airline_direct,IndiGo
BOM,BLR,6E,IndiGo,6E 5178,2026-09-23,15,economy,,,5253.0,False,11:45,ok,2026-09-08T12:04:12.243107+05:30,2026-09-08_1204IST,airline_direct,IndiGo
BOM,BLR,6E,IndiGo,6E 5386,2026-09-23,15,business,,,20441.0,False,15:10,ok,2026-09-08T12:04:12.243107+05:30,2026-09-08_1204IST,airline_direct,IndiGo
BOM,BLR,6E,IndiGo,6E 5386,2026-09-23,15,economy,,,5253.0,False,15:10,ok,2026-09-08T12:04:12.243107+05:30,2026-09-08_1204IST,airline_direct,IndiGo
BOM,BLR,6E,IndiGo,6E 5386,2026-09-23,15,business,,,19670.0,False,15:10,ok,2026-09-08T12:04:12.243107+05:30,2026-09-08_1204IST,airline_direct,IndiGo
BOM,BLR,6E,IndiGo,6E 5386,2026-09-23,15,economy,,,5253.0,False,15:10,ok,2026-09-08T12:04:12.243107+05:30,2026-09-08_1204IST,airline_direct,IndiGo
BOM,BLR,6E,IndiGo,6E 5228,2026-09-23,15,business,,,20441.0,False,16:45,ok,2026-09-08T12:04:12.243107+05:30,2026-09-08_1204IST,airline_direct,IndiGo
BOM,BLR,6E,IndiGo,6E 5228,2026-09-23,15,economy,,,5253.0,False,16:45,ok,2026-09-08T12:04:12.243107+05:30,2026-09-08_1204IST,airline_direct,IndiGo
BOM,BLR,6E,IndiGo,6E 5228,2026-09-23,15,business,,,19670.0,False,16:45,ok,2026-09-08T12:04:12.243107+05:30,2026-09-08_1204IST,airline_direct,IndiGo
BOM,BLR,6E,IndiGo,6E 5228,2026-09-23,15,economy,,,5253.0,False,16:45,ok,2026-09-08T12:04:12.243107+05:30,2026-09-08_1204IST,airline_direct,IndiGo
BOM,BLR,6E,IndiGo,6E 2060,2026-09-23,15,economy,,,5384.0,False,10:05,ok,2026-09-08T12:04:12.243107+05:30,2026-09-08_1204IST,airline_direct,IndiGo
BOM,BLR,6E,IndiGo,6E 6802,2026-09-23,15,economy,,,5384.0,False,16:55,ok,2026-09-08T12:04:12.243107+05:30,2026-09-08_1204IST,airline_direct,IndiGo
BOM,BLR,6E,IndiGo,6E 6701,2026-09-23,15,economy,,,5463.0,False,05:35,ok,2026-09-08T12:04:12.243107+05:30,2026-09-08_1204IST,airline_direct,IndiGo
BOM,BLR,6E,IndiGo,6E 6701,2026-09-23,15,economy,,,5463.0,False,05:35,ok,2026-09-08T12:04:12.243107+05:30,2026-09-08_1204IST,airline_direct,IndiGo
BOM,BLR,6E,IndiGo,6E 5188,2026-09-23,15,economy,,,5463.0,False,06:15,ok,2026-09-08T12:04:12.243107+05:30,2026-09-08_1204IST,airline_direct,IndiGo
BOM,BLR,6E,IndiGo,6E 5109,2026-09-23,15,economy,,,5463.0,False,09:35,ok,2026-09-08T12:04:12.243107+05:30,2026-09-08_1204IST,airline_direct,IndiGo
BOM,BLR,6E,IndiGo,6E 5313,2026-09-23,15,economy,,,5463.0,False,09:50,ok,2026-09-08T12:04:12.243107+05:30,2026-09-08_1204IST,airline_direct,IndiGo
BOM,BLR,6E,IndiGo,6E 5313,2026-09-23,15,economy,,,5463.0,False,09:50,ok,2026-09-08T12:04:12.243107+05:30,2026-09-08_1204IST,airline_direct,IndiGo
BOM,BLR,6E,IndiGo,6E 6349,2026-09-23,15,economy,,,5463.0,False,11:40,ok,2026-09-08T12:04:12.243107+05:30,2026-09-08_1204IST,airline_direct,IndiGo
BOM,BLR,6E,IndiGo,6E 6349,2026-09-23,15,economy,,,5463.0,False,11:40,ok,2026-09-08T12:04:12.243107+05:30,2026-09-08_1204IST,airline_direct,IndiGo
BOM,BLR,6E,IndiGo,6E 673,2026-09-23,15,economy,,,5463.0,False,12:30,ok,2026-09-08T12:04:12.243107+05:30,2026-09-08_1204IST,airline_direct,IndiGo
BOM,BLR,6E,IndiGo,6E 673,2026-09-23,15,economy,,,5463.0,False,12:30,ok,2026-09-08T12:04:12.243107+05:30,2026-09-08_1204IST,airline_direct,IndiGo
BOM,BLR,6E,IndiGo,6E 5337,2026-09-23,15,economy,,,5463.0,False,13:45,ok,2026-09-08T12:04:12.243107+05:30,2026-09-08_1204IST,airline_direct,IndiGo
BOM,BLR,6E,IndiGo,6E 5201,2026-09-23,15,economy,,,5463.0,False,14:55,ok,2026-09-08T12:04:12.243107+05:30,2026-09-08_1204IST,airline_direct,IndiGo
BOM,BLR,6E,IndiGo,6E 5196,2026-09-23,15,economy,,,5463.0,False,15:25,ok,2026-09-08T12:04:12.243107+05:30,2026-09-08_1204IST,airline_direct,IndiGo
BOM,BLR,6E,IndiGo,6E 5196,2026-09-23,15,economy,,,5463.0,False,15:25,ok,2026-09-08T12:04:12.243107+05:30,2026-09-08_1204IST,airline_direct,IndiGo
BOM,BLR,6E,IndiGo,6E 240,2026-09-23,15,economy,,,5463.0,False,15:45,ok,2026-09-08T12:04:12.243107+05:30,2026-09-08_1204IST,airline_direct,IndiGo
BOM,BLR,6E,IndiGo,6E 437,2026-09-23,15,economy,,,5463.0,False,17:10,ok,2026-09-08T12:04:12.243107+05:30,2026-09-08_1204IST,airline_direct,IndiGo
BOM,BLR,6E,IndiGo,6E 5048,2026-09-23,15,economy,,,5463.0,False,17:25,ok,2026-09-08T12:04:12.243107+05:30,2026-09-08_1204IST,airline_direct,IndiGo
BOM,BLR,6E,IndiGo,6E 5126,2026-09-23,15,economy,,,5463.0,False,18:15,ok,2026-09-08T12:04:12.243107+05:30,2026-09-08_1204IST,airline_direct,IndiGo
BOM,BLR,6E,IndiGo,6E 2237,2026-09-23,15,economy,,,5463.0,False,18:40,ok,2026-09-08T12:04:12.243107+05:30,2026-09-08_1204IST,airline_direct,IndiGo
BOM,BLR,6E,IndiGo,6E 5107,2026-09-23,15,economy,,,5463.0,False,20:00,ok,2026-09-08T12:04:12.243107+05:30,2026-09-08_1204IST,airline_direct,IndiGo
BOM,BLR,6E,IndiGo,6E 6599,2026-09-23,15,economy,,,5594.0,False,16:50,ok,2026-09-08T12:04:12.243107+05:30,2026-09-08_1204IST,airline_direct,IndiGo
BOM,BLR,6E,IndiGo,6E 5246,2026-09-23,15,business,,,20441.0,False,07:15,ok,2026-09-08T12:04:12.243107+05:30,2026-09-08_1204IST,airline_direct,IndiGo
BOM,BLR,6E,IndiGo,6E 5246,2026-09-23,15,economy,,,5630.0,False,07:15,ok,2026-09-08T12:04:12.243107+05:30,2026-09-08_1204IST,airline_direct,IndiGo
BOM,BLR,6E,IndiGo,6E 6674,2026-09-23,15,economy,,,5630.0,False,09:05,ok,2026-09-08T12:04:12.243107+05:30,2026-09-08_1204IST,airline_direct,IndiGo
BOM,BLR,6E,IndiGo,6E 5318,2026-09-23,15,business,,,20441.0,False,10:15,ok,2026-09-08T12:04:12.243107+05:30,2026-09-08_1204IST,airline_direct,IndiGo
BOM,BLR,6E,IndiGo,6E 5318,2026-09-23,15,economy,,,5630.0,False,10:15,ok,2026-09-08T12:04:12.243107+05:30,2026-09-08_1204IST,airline_direct,IndiGo
BOM,BLR,6E,IndiGo,6E 5318,2026-09-23,15,business,,,19670.0,False,10:15,ok,2026-09-08T12:04:12.243107+05:30,2026-09-08_1204IST,airline_direct,IndiGo
BOM,BLR,6E,IndiGo,6E 5318,2026-09-23,15,economy,,,5630.0,False,10:15,ok,2026-09-08T12:04:12.243107+05:30,2026-09-08_1204IST,airline_direct,IndiGo
BOM,BLR,6E,IndiGo,6E 5386,2026-09-23,15,business,,,20441.0,False,15:10,ok,2026-09-08T12:04:12.243107+05:30,2026-09-08_1204IST,airline_direct,IndiGo
BOM,BLR,6E,IndiGo,6E 5386,2026-09-23,15,economy,,,5630.0,False,15:10,ok,2026-09-08T12:04:12.243107+05:30,2026-09-08_1204IST,airline_direct,IndiGo
BOM,BLR,6E,IndiGo,6E 5082,2026-09-23,15,economy,,,5913.0,False,18:05,ok,2026-09-08T12:04:12.243107+05:30,2026-09-08_1204IST,airline_direct,IndiGo
BOM,BLR,6E,IndiGo,6E 5123,2026-09-23,15,economy,,,6176.0,False,14:40,ok,2026-09-08T12:04:12.243107+05:30,2026-09-08_1204IST,airline_direct,IndiGo
BOM,BLR,6E,IndiGo,6E 5241,2026-09-23,15,economy,,,6869.0,False,16:40,ok,2026-09-08T12:04:12.243107+05:30,2026-09-08_1204IST,airline_direct,IndiGo
BOM,BLR,6E,IndiGo,6E 5178,2026-09-23,15,business,,,19670.0,False,11:45,ok,2026-09-08T12:04:12.243107+05:30,2026-09-08_1204IST,airline_direct,IndiGo
BOM,BLR,6E,IndiGo,6E 5178,2026-09-23,15,economy,,,7000.0,False,11:45,ok,2026-09-08T12:04:12.243107+05:30,2026-09-08_1204IST,airline_direct,IndiGo
BOM,BLR,6E,IndiGo,6E 5386,2026-09-23,15,business,,,20441.0,False,15:10,ok,2026-09-08T12:04:12.243107+05:30,2026-09-08_1204IST,airline_direct,IndiGo
BOM,BLR,6E,IndiGo,6E 5386,2026-09-23,15,economy,,,7000.0,False,15:10,ok,2026-09-08T12:04:12.243107+05:30,2026-09-08_1204IST,airline_direct,IndiGo
BOM,BLR,6E,IndiGo,6E 261,2026-09-23,15,economy,,,7420.0,False,11:20,ok,2026-09-08T12:04:12.243107+05:30,2026-09-08_1204IST,airline_direct,IndiGo
BOM,BLR,6E,IndiGo,6E 230,2026-09-23,15,economy,,,7420.0,False,13:55,ok,2026-09-08T12:04:12.243107+05:30,2026-09-08_1204IST,airline_direct,IndiGo
BOM,BLR,6E,IndiGo,6E 6057,2026-09-23,15,economy,,,7551.0,False,09:15,ok,2026-09-08T12:04:12.243107+05:30,2026-09-08_1204IST,airline_direct,IndiGo
BOM,BLR,6E,IndiGo,6E 5178,2026-09-23,15,business,,,20441.0,False,11:45,ok,2026-09-08T12:04:12.243107+05:30,2026-09-08_1204IST,airline_direct,IndiGo
BOM,BLR,6E,IndiGo,6E 5178,2026-09-23,15,economy,,,7551.0,False,11:45,ok,2026-09-08T12:04:12.243107+05:30,2026-09-08_1204IST,airline_direct,IndiGo
BOM,BLR,6E,IndiGo,6E 632,2026-09-23,15,economy,,,8366.0,False,04:00,ok,2026-09-08T12:04:12.243107+05:30,2026-09-08_1204IST,airline_direct,IndiGo
BOM,BLR,6E,IndiGo,6E 2011,2026-09-23,15,economy,,,8556.0,False,13:35,ok,2026-09-08T12:04:12.243107+05:30,2026-09-08_1204IST,airline_direct,IndiGo
BOM,BLR,6E,IndiGo,6E 230,2026-09-23,15,economy,,,13221.0,False,13:55,ok,2026-09-08T12:04:12.243107+05:30,2026-09-08_1204IST,airline_direct,IndiGo
DEL,BLR,6E,IndiGo,6E 6054,2026-10-08,30,business,,,26048.0,False,01:05,ok,2026-09-08T12:05:10.620032+05:30,2026-09-08_1205IST,airline_direct,IndiGo
DEL,BLR,6E,IndiGo,6E 6054,2026-10-08,30,economy,,,8671.0,False,01:05,ok,2026-09-08T12:05:10.620032+05:30,2026-09-08_1205IST,airline_direct,IndiGo
DEL,BLR,6E,IndiGo,6E 820,2026-10-08,30,business,,,26048.0,False,03:00,ok,2026-09-08T12:05:10.620032+05:30,2026-09-08_1205IST,airline_direct,IndiGo
DEL,BLR,6E,IndiGo,6E 820,2026-10-08,30,economy,,,8671.0,False,03:00,ok,2026-09-08T12:05:10.620032+05:30,2026-09-08_1205IST,airline_direct,IndiGo
DEL,BLR,6E,IndiGo,6E 2314,2026-10-08,30,business,,,26048.0,False,05:45,ok,2026-09-08T12:05:10.620032+05:30,2026-09-08_1205IST,airline_direct,IndiGo
DEL,BLR,6E,IndiGo,6E 2314,2026-10-08,30,economy,,,8671.0,False,05:45,ok,2026-09-08T12:05:10.620032+05:30,2026-09-08_1205IST,airline_direct,IndiGo
DEL,BLR,6E,IndiGo,6E 810,2026-10-08,30,business,,,26048.0,False,07:05,ok,2026-09-08T12:05:10.620032+05:30,2026-09-08_1205IST,airline_direct,IndiGo
DEL,BLR,6E,IndiGo,6E 810,2026-10-08,30,economy,,,8671.0,False,07:05,ok,2026-09-08T12:05:10.620032+05:30,2026-09-08_1205IST,airline_direct,IndiGo
DEL,BLR,6E,IndiGo,6E 873,2026-10-08,30,business,,,26048.0,False,08:20,ok,2026-09-08T12:05:10.620032+05:30,2026-09-08_1205IST,airline_direct,IndiGo
DEL,BLR,6E,IndiGo,6E 873,2026-10-08,30,economy,,,8671.0,False,08:20,ok,2026-09-08T12:05:10.620032+05:30,2026-09-08_1205IST,airline_direct,IndiGo
DEL,BLR,6E,IndiGo,6E 826,2026-10-08,30,business,,,26048.0,False,09:30,ok,2026-09-08T12:05:10.620032+05:30,2026-09-08_1205IST,airline_direct,IndiGo
DEL,BLR,6E,IndiGo,6E 826,2026-10-08,30,economy,,,8671.0,False,09:30,ok,2026-09-08T12:05:10.620032+05:30,2026-09-08_1205IST,airline_direct,IndiGo
DEL,BLR,6E,IndiGo,6E 842,2026-10-08,30,business,,,26048.0,False,10:45,ok,2026-09-08T12:05:10.620032+05:30,2026-09-08_1205IST,airline_direct,IndiGo
DEL,BLR,6E,IndiGo,6E 842,2026-10-08,30,economy,,,8671.0,False,10:45,ok,2026-09-08T12:05:10.620032+05:30,2026-09-08_1205IST,airline_direct,IndiGo
DEL,BLR,6E,IndiGo,6E 850,2026-10-08,30,business,,,26048.0,False,12:15,ok,2026-09-08T12:05:10.620032+05:30,2026-09-08_1205IST,airline_direct,IndiGo
DEL,BLR,6E,IndiGo,6E 850,2026-10-08,30,economy,,,8671.0,False,12:15,ok,2026-09-08T12:05:10.620032+05:30,2026-09-08_1205IST,airline_direct,IndiGo
DEL,BLR,6E,IndiGo,6E 176,2026-10-08,30,business,,,26048.0,False,13:15,ok,2026-09-08T12:05:10.620032+05:30,2026-09-08_1205IST,airline_direct,IndiGo
DEL,BLR,6E,IndiGo,6E 176,2026-10-08,30,economy,,,8671.0,False,13:15,ok,2026-09-08T12:05:10.620032+05:30,2026-09-08_1205IST,airline_direct,IndiGo
DEL,BLR,6E,IndiGo,6E 828,2026-10-08,30,business,,,26048.0,False,14:30,ok,2026-09-08T12:05:10.620032+05:30,2026-09-08_1205IST,airline_direct,IndiGo
DEL,BLR,6E,IndiGo,6E 828,2026-10-08,30,economy,,,8671.0,False,14:30,ok,2026-09-08T12:05:10.620032+05:30,2026-09-08_1205IST,airline_direct,IndiGo
DEL,BLR,6E,IndiGo,6E 880,2026-10-08,30,business,,,26048.0,False,15:45,ok,2026-09-08T12:05:10.620032+05:30,2026-09-08_1205IST,airline_direct,IndiGo
DEL,BLR,6E,IndiGo,6E 880,2026-10-08,30,economy,,,8671.0,False,15:45,ok,2026-09-08T12:05:10.620032+05:30,2026-09-08_1205IST,airline_direct,IndiGo
DEL,BLR,6E,IndiGo,6E 861,2026-10-08,30,business,,,26048.0,False,19:30,ok,2026-09-08T12:05:10.620032+05:30,2026-09-08_1205IST,airline_direct,IndiGo
DEL,BLR,6E,IndiGo,6E 861,2026-10-08,30,economy,,,8671.0,False,19:30,ok,2026-09-08T12:05:10.620032+05:30,2026-09-08_1205IST,airline_direct,IndiGo
DEL,BLR,6E,IndiGo,6E 6515,2026-10-08,30,business,,,26048.0,False,20:45,ok,2026-09-08T12:05:10.620032+05:30,2026-09-08_1205IST,airline_direct,IndiGo
DEL,BLR,6E,IndiGo,6E 6515,2026-10-08,30,economy,,,8671.0,False,20:45,ok,2026-09-08T12:05:10.620032+05:30,2026-09-08_1205IST,airline_direct,IndiGo
DEL,BLR,6E,IndiGo,6E 871,2026-10-08,30,business,,,26048.0,False,23:30,ok,2026-09-08T12:05:10.620032+05:30,2026-09-08_1205IST,airline_direct,IndiGo
DEL,BLR,6E,IndiGo,6E 871,2026-10-08,30,economy,,,8671.0,False,23:30,ok,2026-09-08T12:05:10.620032+05:30,2026-09-08_1205IST,airline_direct,IndiGo
DEL,BLR,6E,IndiGo,6E 837,2026-10-08,30,business,,,26048.0,False,17:00,ok,2026-09-08T12:05:10.620032+05:30,2026-09-08_1205IST,airline_direct,IndiGo
DEL,BLR,6E,IndiGo,6E 837,2026-10-08,30,economy,,,9128.0,False,17:00,ok,2026-09-08T12:05:10.620032+05:30,2026-09-08_1205IST,airline_direct,IndiGo
DEL,BLR,6E,IndiGo,6E 811,2026-10-08,30,business,,,26048.0,False,18:20,ok,2026-09-08T12:05:10.620032+05:30,2026-09-08_1205IST,airline_direct,IndiGo
DEL,BLR,6E,IndiGo,6E 811,2026-10-08,30,economy,,,9128.0,False,18:20,ok,2026-09-08T12:05:10.620032+05:30,2026-09-08_1205IST,airline_direct,IndiGo
DEL,BLR,6E,IndiGo,6E 846,2026-10-08,30,business,,,26048.0,False,22:00,ok,2026-09-08T12:05:10.620032+05:30,2026-09-08_1205IST,airline_direct,IndiGo
DEL,BLR,6E,IndiGo,6E 846,2026-10-08,30,economy,,,10128.0,False,22:00,ok,2026-09-08T12:05:10.620032+05:30,2026-09-08_1205IST,airline_direct,IndiGo
DEL,BLR,6E,IndiGo,6E 704,2026-10-08,30,business,,,24908.0,False,02:25,ok,2026-09-08T12:05:10.620032+05:30,2026-09-08_1205IST,airline_direct,IndiGo
DEL,BLR,6E,IndiGo,6E 704,2026-10-08,30,economy,,,8360.0,False,02:25,ok,2026-09-08T12:05:10.620032+05:30,2026-09-08_1205IST,airline_direct,IndiGo
DEL,BLR,6E,IndiGo,6E 704,2026-10-08,30,business,,,24908.0,False,02:25,ok,2026-09-08T12:05:10.620032+05:30,2026-09-08_1205IST,airline_direct,IndiGo
DEL,BLR,6E,IndiGo,6E 704,2026-10-08,30,economy,,,8360.0,False,02:25,ok,2026-09-08T12:05:10.620032+05:30,2026-09-08_1205IST,airline_direct,IndiGo
DEL,BLR,6E,IndiGo,6E 6293,2026-10-08,30,business,,,24908.0,False,09:55,ok,2026-09-08T12:05:10.620032+05:30,2026-09-08_1205IST,airline_direct,IndiGo
DEL,BLR,6E,IndiGo,6E 6293,2026-10-08,30,economy,,,8360.0,False,09:55,ok,2026-09-08T12:05:10.620032+05:30,2026-09-08_1205IST,airline_direct,IndiGo
DEL,BLR,6E,IndiGo,6E 884,2026-10-08,30,business,,,25312.0,False,11:45,ok,2026-09-08T12:05:10.620032+05:30,2026-09-08_1205IST,airline_direct,IndiGo
DEL,BLR,6E,IndiGo,6E 884,2026-10-08,30,economy,,,8360.0,False,11:45,ok,2026-09-08T12:05:10.620032+05:30,2026-09-08_1205IST,airline_direct,IndiGo
DEL,BLR,6E,IndiGo,6E 6282,2026-10-08,30,business,,,25312.0,False,13:30,ok,2026-09-08T12:05:10.620032+05:30,2026-09-08_1205IST,airline_direct,IndiGo
DEL,BLR,6E,IndiGo,6E 6282,2026-10-08,30,economy,,,8360.0,False,13:30,ok,2026-09-08T12:05:10.620032+05:30,2026-09-08_1205IST,airline_direct,IndiGo
DEL,BLR,6E,IndiGo,6E 6212,2026-10-08,30,business,,,25312.0,False,14:45,ok,2026-09-08T12:05:10.620032+05:30,2026-09-08_1205IST,airline_direct,IndiGo
DEL,BLR,6E,IndiGo,6E 6212,2026-10-08,30,economy,,,8360.0,False,14:45,ok,2026-09-08T12:05:10.620032+05:30,2026-09-08_1205IST,airline_direct,IndiGo
DEL,BLR,6E,IndiGo,6E 6217,2026-10-08,30,business,,,26251.0,False,16:15,ok,2026-09-08T12:05:10.620032+05:30,2026-09-08_1205IST,airline_direct,IndiGo
DEL,BLR,6E,IndiGo,6E 6217,2026-10-08,30,economy,,,8360.0,False,16:15,ok,2026-09-08T12:05:10.620032+05:30,2026-09-08_1205IST,airline_direct,IndiGo
DEL,BLR,6E,IndiGo,6E 717,2026-10-08,30,business,,,24542.0,False,17:55,ok,2026-09-08T12:05:10.620032+05:30,2026-09-08_1205IST,airline_direct,IndiGo
DEL,BLR,6E,IndiGo,6E 717,2026-10-08,30,economy,,,8360.0,False,17:55,ok,2026-09-08T12:05:10.620032+05:30,2026-09-08_1205IST,airline_direct,IndiGo
DEL,BLR,6E,IndiGo,6E 2343,2026-10-08,30,business,,,26160.0,False,02:20,ok,2026-09-08T12:05:10.620032+05:30,2026-09-08_1205IST,airline_direct,IndiGo
DEL,BLR,6E,IndiGo,6E 2343,2026-10-08,30,economy,,,8491.0,False,02:20,ok,2026-09-08T12:05:10.620032+05:30,2026-09-08_1205IST,airline_direct,IndiGo
DEL,BLR,6E,IndiGo,6E 6569,2026-10-08,30,economy,,,8491.0,False,05:00,ok,2026-09-08T12:05:10.620032+05:30,2026-09-08_1205IST,airline_direct,IndiGo
DEL,BLR,6E,IndiGo,6E 5119,2026-10-08,30,economy,,,8491.0,False,05:10,ok,2026-09-08T12:05:10.620032+05:30,2026-09-08_1205IST,airline_direct,IndiGo
DEL,BLR,6E,IndiGo,6E 6459,2026-10-08,30,economy,,,8491.0,False,05:55,ok,2026-09-08T12:05:10.620032+05:30,2026-09-08_1205IST,airline_direct,IndiGo
DEL,BLR,6E,IndiGo,6E 6488,2026-10-08,30,economy,,,8491.0,False,11:20,ok,2026-09-08T12:05:10.620032+05:30,2026-09-08_1205IST,airline_direct,IndiGo
DEL,BLR,6E,IndiGo,6E 2361,2026-10-08,30,economy,,,8491.0,False,14:35,ok,2026-09-08T12:05:10.620032+05:30,2026-09-08_1205IST,airline_direct,IndiGo
DEL,BLR,6E,IndiGo,6E 990,2026-10-08,30,economy,,,8491.0,False,14:50,ok,2026-09-08T12:05:10.620032+05:30,2026-09-08_1205IST,airline_direct,IndiGo
DEL,BLR,6E,IndiGo,6E 2557,2026-10-08,30,economy,,,8491.0,False,15:20,ok,2026-09-08T12:05:10.620032+05:30,2026-09-08_1205IST,airline_direct,IndiGo
DEL,BLR,6E,IndiGo,6E 864,2026-10-08,30,business,,,34636.0,False,15:30,ok,2026-09-08T12:05:10.620032+05:30,2026-09-08_1205IST,airline_direct,IndiGo
DEL,BLR,6E,IndiGo,6E 864,2026-10-08,30,economy,,,8491.0,False,15:30,ok,2026-09-08T12:05:10.620032+05:30,2026-09-08_1205IST,airline_direct,IndiGo
DEL,BLR,6E,IndiGo,6E 734,2026-10-08,30,economy,,,8491.0,False,16:20,ok,2026-09-08T12:05:10.620032+05:30,2026-09-08_1205IST,airline_direct,IndiGo
DEL,BLR,6E,IndiGo,6E 6437,2026-10-08,30,business,,,26315.0,False,16:25,ok,2026-09-08T12:05:10.620032+05:30,2026-09-08_1205IST,airline_direct,IndiGo
DEL,BLR,6E,IndiGo,6E 6437,2026-10-08,30,economy,,,8491.0,False,16:25,ok,2026-09-08T12:05:10.620032+05:30,2026-09-08_1205IST,airline_direct,IndiGo
DEL,BLR,6E,IndiGo,6E 6179,2026-10-08,30,economy,,,8491.0,False,18:30,ok,2026-09-08T12:05:10.620032+05:30,2026-09-08_1205IST,airline_direct,IndiGo
DEL,BLR,6E,IndiGo,6E 933,2026-10-08,30,economy,,,8570.0,False,02:55,ok,2026-09-08T12:05:10.620032+05:30,2026-09-08_1205IST,airline_direct,IndiGo
DEL,BLR,6E,IndiGo,6E 6476,2026-10-08,30,economy,,,8570.0,False,07:05,ok,2026-09-08T12:05:10.620032+05:30,2026-09-08_1205IST,airline_direct,IndiGo
DEL,BLR,6E,IndiGo,6E 2319,2026-10-08,30,economy,,,8570.0,False,09:55,ok,2026-09-08T12:05:10.620032+05:30,2026-09-08_1205IST,airline_direct,IndiGo
DEL,BLR,6E,IndiGo,6E 2277,2026-10-08,30,business,,,33047.0,False,10:25,ok,2026-09-08T12:05:10.620032+05:30,2026-09-08_1205IST,airline_direct,IndiGo
DEL,BLR,6E,IndiGo,6E 2277,2026-10-08,30,economy,,,8570.0,False,10:25,ok,2026-09-08T12:05:10.620032+05:30,2026-09-08_1205IST,airline_direct,IndiGo
DEL,BLR,6E,IndiGo,6E 434,2026-10-08,30,economy,,,8570.0,False,11:00,ok,2026-09-08T12:05:10.620032+05:30,2026-09-08_1205IST,airline_direct,IndiGo
DEL,BLR,6E,IndiGo,6E 2147,2026-10-08,30,economy,,,8570.0,False,11:10,ok,2026-09-08T12:05:10.620032+05:30,2026-09-08_1205IST,airline_direct,IndiGo
DEL,BLR,6E,IndiGo,6E 358,2026-10-08,30,business,,,33873.0,False,12:10,ok,2026-09-08T12:05:10.620032+05:30,2026-09-08_1205IST,airline_direct,IndiGo
DEL,BLR,6E,IndiGo,6E 358,2026-10-08,30,economy,,,8570.0,False,12:10,ok,2026-09-08T12:05:10.620032+05:30,2026-09-08_1205IST,airline_direct,IndiGo
DEL,BLR,6E,IndiGo,6E 6115,2026-10-08,30,economy,,,8570.0,False,13:10,ok,2026-09-08T12:05:10.620032+05:30,2026-09-08_1205IST,airline_direct,IndiGo
DEL,BLR,6E,IndiGo,6E 5038,2026-10-08,30,economy,,,8570.0,False,14:00,ok,2026-09-08T12:05:10.620032+05:30,2026-09-08_1205IST,airline_direct,IndiGo
DEL,BLR,6E,IndiGo,6E 6091,2026-10-08,30,economy,,,8570.0,False,15:15,ok,2026-09-08T12:05:10.620032+05:30,2026-09-08_1205IST,airline_direct,IndiGo
DEL,BLR,6E,IndiGo,6E 5033,2026-10-08,30,economy,,,8570.0,False,15:50,ok,2026-09-08T12:05:10.620032+05:30,2026-09-08_1205IST,airline_direct,IndiGo
DEL,BLR,6E,IndiGo,6E 947,2026-10-08,30,economy,,,8570.0,False,16:40,ok,2026-09-08T12:05:10.620032+05:30,2026-09-08_1205IST,airline_direct,IndiGo
DEL,BLR,6E,IndiGo,6E 2150,2026-10-08,30,business,,,34109.0,False,16:55,ok,2026-09-08T12:05:10.620032+05:30,2026-09-08_1205IST,airline_direct,IndiGo
DEL,BLR,6E,IndiGo,6E 2150,2026-10-08,30,economy,,,8570.0,False,16:55,ok,2026-09-08T12:05:10.620032+05:30,2026-09-08_1205IST,airline_direct,IndiGo
DEL,BLR,6E,IndiGo,6E 6632,2026-10-08,30,economy,,,8570.0,False,17:50,ok,2026-09-08T12:05:10.620032+05:30,2026-09-08_1205IST,airline_direct,IndiGo
DEL,BLR,6E,IndiGo,6E 950,2026-10-08,30,economy,,,8570.0,False,18:15,ok,2026-09-08T12:05:10.620032+05:30,2026-09-08_1205IST,airline_direct,IndiGo
DEL,BLR,6E,IndiGo,6E 2769,2026-10-08,30,economy,,,8701.0,False,08:10,ok,2026-09-08T12:05:10.620032+05:30,2026-09-08_1205IST,airline_direct,IndiGo
DEL,BLR,6E,IndiGo,6E 6497,2026-10-08,30,economy,,,8701.0,False,18:40,ok,2026-09-08T12:05:10.620032+05:30,2026-09-08_1205IST,airline_direct,IndiGo
DEL,BLR,6E,IndiGo,6E 2482,2026-10-08,30,economy,,,8701.0,False,19:55,ok,2026-09-08T12:05:10.620032+05:30,2026-09-08_1205IST,airline_direct,IndiGo
DEL,BLR,6E,IndiGo,6E 2364,2026-10-08,30,economy,,,8727.0,False,04:50,ok,2026-09-08T12:05:10.620032+05:30,2026-09-08_1205IST,airline_direct,IndiGo
DEL,BLR,6E,IndiGo,6E 754,2026-10-08,30,economy,,,8727.0,False,17:10,ok,2026-09-08T12:05:10.620032+05:30,2026-09-08_1205IST,airline_direct,IndiGo
DEL,BLR,6E,IndiGo,6E 5191,2026-10-08,30,economy,,,8911.0,False,05:00,ok,2026-09-08T12:05:10.620032+05:30,2026-09-08_1205IST,airline_direct,IndiGo
DEL,BLR,6E,IndiGo,6E 758,2026-10-08,30,economy,,,9029.0,False,16:10,ok,2026-09-08T12:05:10.620032+05:30,2026-09-08_1205IST,airline_direct,IndiGo
DEL,BLR,6E,IndiGo,6E 5073,2026-10-08,30,economy,,,9161.0,False,17:05,ok,2026-09-08T12:05:10.620032+05:30,2026-09-08_1205IST,airline_direct,IndiGo
DEL,BLR,6E,IndiGo,6E 329,2026-10-08,30,business,,,34636.0,False,18:00,ok,2026-09-08T12:05:10.620032+05:30,2026-09-08_1205IST,airline_direct,IndiGo
DEL,BLR,6E,IndiGo,6E 329,2026-10-08,30,economy,,,9161.0,False,18:00,ok,2026-09-08T12:05:10.620032+05:30,2026-09-08_1205IST,airline_direct,IndiGo
DEL,BLR,6E,IndiGo,6E 931,2026-10-08,30,economy,,,9898.0,False,19:30,ok,2026-09-08T12:05:10.620032+05:30,2026-09-08_1205IST,airline_direct,IndiGo
DEL,BLR,6E,IndiGo,6E 513,2026-10-08,30,business,,,30691.0,False,08:30,ok,2026-09-08T12:05:10.620032+05:30,2026-09-08_1205IST,airline_direct,IndiGo
DEL,BLR,6E,IndiGo,6E 513,2026-10-08,30,economy,,,10318.0,False,08:30,ok,2026-09-08T12:05:10.620032+05:30,2026-09-08_1205IST,airline_direct,IndiGo
DEL,BLR,6E,IndiGo,6E 853,2026-10-08,30,business,,,34636.0,False,20:45,ok,2026-09-08T12:05:10.620032+05:30,2026-09-08_1205IST,airline_direct,IndiGo
DEL,BLR,6E,IndiGo,6E 853,2026-10-08,30,economy,,,11364.0,False,20:45,ok,2026-09-08T12:05:10.620032+05:30,2026-09-08_1205IST,airline_direct,IndiGo
DEL,BLR,6E,IndiGo,6E 6673,2026-10-08,30,business,,,26012.0,False,21:15,ok,2026-09-08T12:05:10.620032+05:30,2026-09-08_1205IST,airline_direct,IndiGo
DEL,BLR,6E,IndiGo,6E 6673,2026-10-08,30,economy,,,14671.0,False,21:15,ok,2026-09-08T12:05:10.620032+05:30,2026-09-08_1205IST,airline_direct,IndiGo
DEL,BLR,6E,IndiGo,6E 2618,2026-10-08,30,business,,,26012.0,False,23:00,ok,2026-09-08T12:05:10.620032+05:30,2026-09-08_1205IST,airline_direct,IndiGo
DEL,BLR,6E,IndiGo,6E 2618,2026-10-08,30,economy,,,18922.0,False,23:00,ok,2026-09-08T12:05:10.620032+05:30,2026-09-08_1205IST,airline_direct,IndiGo
DEL,CCU,6E,IndiGo,6E 340,2026-10-08,30,business,,,22600.0,False,07:20,ok,2026-09-08T12:06:22.180764+05:30,2026-09-08_1206IST,airline_direct,IndiGo
DEL,CCU,6E,IndiGo,6E 340,2026-10-08,30,economy,,,9280.0,False,07:20,ok,2026-09-08T12:06:22.180764+05:30,2026-09-08_1206IST,airline_direct,IndiGo
DEL,CCU,6E,IndiGo,6E 513,2026-10-08,30,business,,,22600.0,False,08:30,ok,2026-09-08T12:06:22.180764+05:30,2026-09-08_1206IST,airline_direct,IndiGo
DEL,CCU,6E,IndiGo,6E 513,2026-10-08,30,economy,,,9280.0,False,08:30,ok,2026-09-08T12:06:22.180764+05:30,2026-09-08_1206IST,airline_direct,IndiGo
DEL,CCU,6E,IndiGo,6E 894,2026-10-08,30,business,,,22600.0,False,10:15,ok,2026-09-08T12:06:22.180764+05:30,2026-09-08_1206IST,airline_direct,IndiGo
DEL,CCU,6E,IndiGo,6E 894,2026-10-08,30,economy,,,9280.0,False,10:15,ok,2026-09-08T12:06:22.180764+05:30,2026-09-08_1206IST,airline_direct,IndiGo
DEL,CCU,6E,IndiGo,6E 910,2026-10-08,30,business,,,22600.0,False,14:25,ok,2026-09-08T12:06:22.180764+05:30,2026-09-08_1206IST,airline_direct,IndiGo
DEL,CCU,6E,IndiGo,6E 910,2026-10-08,30,economy,,,9280.0,False,14:25,ok,2026-09-08T12:06:22.180764+05:30,2026-09-08_1206IST,airline_direct,IndiGo
DEL,CCU,6E,IndiGo,6E 389,2026-10-08,30,business,,,22600.0,False,21:50,ok,2026-09-08T12:06:22.180764+05:30,2026-09-08_1206IST,airline_direct,IndiGo
DEL,CCU,6E,IndiGo,6E 389,2026-10-08,30,economy,,,9280.0,False,21:50,ok,2026-09-08T12:06:22.180764+05:30,2026-09-08_1206IST,airline_direct,IndiGo
DEL,CCU,6E,IndiGo,6E 6415,2026-10-08,30,business,,,22600.0,False,16:00,ok,2026-09-08T12:06:22.180764+05:30,2026-09-08_1206IST,airline_direct,IndiGo
DEL,CCU,6E,IndiGo,6E 6415,2026-10-08,30,economy,,,9753.0,False,16:00,ok,2026-09-08T12:06:22.180764+05:30,2026-09-08_1206IST,airline_direct,IndiGo
DEL,CCU,6E,IndiGo,6E 930,2026-10-08,30,business,,,22600.0,False,02:45,ok,2026-09-08T12:06:22.180764+05:30,2026-09-08_1206IST,airline_direct,IndiGo
DEL,CCU,6E,IndiGo,6E 930,2026-10-08,30,economy,,,14058.0,False,02:45,ok,2026-09-08T12:06:22.180764+05:30,2026-09-08_1206IST,airline_direct,IndiGo
DEL,CCU,6E,IndiGo,6E 5191,2026-10-08,30,business,,,22600.0,False,05:00,ok,2026-09-08T12:06:22.180764+05:30,2026-09-08_1206IST,airline_direct,IndiGo
DEL,CCU,6E,IndiGo,6E 5191,2026-10-08,30,economy,,,14058.0,False,05:00,ok,2026-09-08T12:06:22.180764+05:30,2026-09-08_1206IST,airline_direct,IndiGo
DEL,CCU,6E,IndiGo,6E 897,2026-10-08,30,business,,,22600.0,False,12:45,ok,2026-09-08T12:06:22.180764+05:30,2026-09-08_1206IST,airline_direct,IndiGo
DEL,CCU,6E,IndiGo,6E 897,2026-10-08,30,economy,,,14058.0,False,12:45,ok,2026-09-08T12:06:22.180764+05:30,2026-09-08_1206IST,airline_direct,IndiGo
DEL,CCU,6E,IndiGo,6E 2276,2026-10-08,30,business,,,22600.0,False,17:55,ok,2026-09-08T12:06:22.180764+05:30,2026-09-08_1206IST,airline_direct,IndiGo
DEL,CCU,6E,IndiGo,6E 2276,2026-10-08,30,economy,,,14058.0,False,17:55,ok,2026-09-08T12:06:22.180764+05:30,2026-09-08_1206IST,airline_direct,IndiGo
DEL,CCU,6E,IndiGo,6E 6517,2026-10-08,30,business,,,37200.0,False,19:30,ok,2026-09-08T12:06:22.180764+05:30,2026-09-08_1206IST,airline_direct,IndiGo
DEL,CCU,6E,IndiGo,6E 6517,2026-10-08,30,economy,,,14058.0,False,19:30,ok,2026-09-08T12:06:22.180764+05:30,2026-09-08_1206IST,airline_direct,IndiGo
DEL,CCU,6E,IndiGo,6E 247,2026-10-08,30,business,,,22600.0,False,23:30,ok,2026-09-08T12:06:22.180764+05:30,2026-09-08_1206IST,airline_direct,IndiGo
DEL,CCU,6E,IndiGo,6E 247,2026-10-08,30,economy,,,14058.0,False,23:30,ok,2026-09-08T12:06:22.180764+05:30,2026-09-08_1206IST,airline_direct,IndiGo
DEL,CCU,6E,IndiGo,6E 6190,2026-10-08,30,economy,,,7578.0,False,07:40,ok,2026-09-08T12:06:22.180764+05:30,2026-09-08_1206IST,airline_direct,IndiGo
DEL,CCU,6E,IndiGo,6E 6503,2026-10-08,30,economy,,,7893.0,False,13:25,ok,2026-09-08T12:06:22.180764+05:30,2026-09-08_1206IST,airline_direct,IndiGo
DEL,CCU,6E,IndiGo,6E 2331,2026-10-08,30,economy,,,7920.0,False,12:20,ok,2026-09-08T12:06:22.180764+05:30,2026-09-08_1206IST,airline_direct,IndiGo
DEL,CCU,6E,IndiGo,6E 5073,2026-10-08,30,economy,,,7920.0,False,17:05,ok,2026-09-08T12:06:22.180764+05:30,2026-09-08_1206IST,airline_direct,IndiGo
DEL,CCU,6E,IndiGo,6E 6245,2026-10-08,30,economy,,,7975.0,False,06:20,ok,2026-09-08T12:06:22.180764+05:30,2026-09-08_1206IST,airline_direct,IndiGo
DEL,CCU,6E,IndiGo,6E 2453,2026-10-08,30,economy,,,7975.0,False,13:35,ok,2026-09-08T12:06:22.180764+05:30,2026-09-08_1206IST,airline_direct,IndiGo
DEL,CCU,6E,IndiGo,6E 6459,2026-10-08,30,economy,,,8107.0,False,05:55,ok,2026-09-08T12:06:22.180764+05:30,2026-09-08_1206IST,airline_direct,IndiGo
DEL,CCU,6E,IndiGo,6E 2361,2026-10-08,30,economy,,,8107.0,False,14:35,ok,2026-09-08T12:06:22.180764+05:30,2026-09-08_1206IST,airline_direct,IndiGo
DEL,CCU,6E,IndiGo,6E 6190,2026-10-08,30,economy,,,8185.0,False,07:40,ok,2026-09-08T12:06:22.180764+05:30,2026-09-08_1206IST,airline_direct,IndiGo
DEL,CCU,6E,IndiGo,6E 2614,2026-10-08,30,economy,,,8185.0,False,14:40,ok,2026-09-08T12:06:22.180764+05:30,2026-09-08_1206IST,airline_direct,IndiGo
DEL,CCU,6E,IndiGo,6E 5033,2026-10-08,30,economy,,,8185.0,False,15:50,ok,2026-09-08T12:06:22.180764+05:30,2026-09-08_1206IST,airline_direct,IndiGo
DEL,CCU,6E,IndiGo,6E 5215,2026-10-08,30,economy,,,8290.0,False,07:40,ok,2026-09-08T12:06:22.180764+05:30,2026-09-08_1206IST,airline_direct,IndiGo
DEL,CCU,6E,IndiGo,6E 5307,2026-10-08,30,economy,,,8290.0,False,10:50,ok,2026-09-08T12:06:22.180764+05:30,2026-09-08_1206IST,airline_direct,IndiGo
DEL,CCU,6E,IndiGo,6E 5041,2026-10-08,30,economy,,,8290.0,False,15:10,ok,2026-09-08T12:06:22.180764+05:30,2026-09-08_1206IST,airline_direct,IndiGo
DEL,CCU,6E,IndiGo,6E 5041,2026-10-08,30,economy,,,8290.0,False,15:10,ok,2026-09-08T12:06:22.180764+05:30,2026-09-08_1206IST,airline_direct,IndiGo
DEL,CCU,6E,IndiGo,6E 2316,2026-10-08,30,economy,,,8290.0,False,17:30,ok,2026-09-08T12:06:22.180764+05:30,2026-09-08_1206IST,airline_direct,IndiGo
DEL,CCU,6E,IndiGo,6E 6829,2026-10-08,30,economy,,,8317.0,False,17:20,ok,2026-09-08T12:06:22.180764+05:30,2026-09-08_1206IST,airline_direct,IndiGo
DEL,CCU,6E,IndiGo,6E 6211,2026-10-08,30,economy,,,8500.0,False,09:10,ok,2026-09-08T12:06:22.180764+05:30,2026-09-08_1206IST,airline_direct,IndiGo
DEL,CCU,6E,IndiGo,6E 6503,2026-10-08,30,economy,,,8500.0,False,13:25,ok,2026-09-08T12:06:22.180764+05:30,2026-09-08_1206IST,airline_direct,IndiGo
DEL,CCU,6E,IndiGo,6E 5119,2026-10-08,30,economy,,,8527.0,False,05:10,ok,2026-09-08T12:06:22.180764+05:30,2026-09-08_1206IST,airline_direct,IndiGo
DEL,CCU,6E,IndiGo,6E 6371,2026-10-08,30,economy,,,8632.0,False,06:20,ok,2026-09-08T12:06:22.180764+05:30,2026-09-08_1206IST,airline_direct,IndiGo
DEL,CCU,6E,IndiGo,6E 6551,2026-10-08,30,economy,,,8632.0,False,12:00,ok,2026-09-08T12:06:22.180764+05:30,2026-09-08_1206IST,airline_direct,IndiGo
DEL,CCU,6E,IndiGo,6E 2769,2026-10-08,30,economy,,,8643.0,False,08:10,ok,2026-09-08T12:06:22.180764+05:30,2026-09-08_1206IST,airline_direct,IndiGo
DEL,CCU,6E,IndiGo,6E 6236,2026-10-08,30,economy,,,8643.0,False,16:20,ok,2026-09-08T12:06:22.180764+05:30,2026-09-08_1206IST,airline_direct,IndiGo
DEL,CCU,6E,IndiGo,6E 6246,2026-10-08,30,economy,,,8774.0,False,05:25,ok,2026-09-08T12:06:22.180764+05:30,2026-09-08_1206IST,airline_direct,IndiGo
DEL,CCU,6E,IndiGo,6E 5036,2026-10-08,30,economy,,,8774.0,False,08:00,ok,2026-09-08T12:06:22.180764+05:30,2026-09-08_1206IST,airline_direct,IndiGo
DEL,CCU,6E,IndiGo,6E 2259,2026-10-08,30,economy,,,8853.0,False,12:20,ok,2026-09-08T12:06:22.180764+05:30,2026-09-08_1206IST,airline_direct,IndiGo
DEL,CCU,6E,IndiGo,6E 2614,2026-10-08,30,economy,,,8853.0,False,14:40,ok,2026-09-08T12:06:22.180764+05:30,2026-09-08_1206IST,airline_direct,IndiGo
DEL,CCU,6E,IndiGo,6E 6124,2026-10-08,30,economy,,,8958.0,False,07:30,ok,2026-09-08T12:06:22.180764+05:30,2026-09-08_1206IST,airline_direct,IndiGo
DEL,CCU,6E,IndiGo,6E 6312,2026-10-08,30,economy,,,9508.0,False,14:25,ok,2026-09-08T12:06:22.180764+05:30,2026-09-08_1206IST,airline_direct,IndiGo
DEL,CCU,6E,IndiGo,6E 5038,2026-10-08,30,economy,,,11280.0,False,14:00,ok,2026-09-08T12:06:22.180764+05:30,2026-09-08_1206IST,airline_direct,IndiGo
DEL,CCU,6E,IndiGo,6E 2317,2026-10-08,30,economy,,,12017.0,False,11:00,ok,2026-09-08T12:06:22.180764+05:30,2026-09-08_1206IST,airline_direct,IndiGo
DEL,CCU,6E,IndiGo,6E 5307,2026-10-08,30,economy,,,12359.0,False,10:50,ok,2026-09-08T12:06:22.180764+05:30,2026-09-08_1206IST,airline_direct,IndiGo
DEL,CCU,6E,IndiGo,6E 6053,2026-10-08,30,economy,,,14504.0,False,13:05,ok,2026-09-08T12:06:22.180764+05:30,2026-09-08_1206IST,airline_direct,IndiGo
DEL,CCU,6E,IndiGo,6E 704,2026-10-08,30,business,,,29617.0,False,02:25,ok,2026-09-08T12:06:22.180764+05:30,2026-09-08_1206IST,airline_direct,IndiGo
DEL,CCU,6E,IndiGo,6E 704,2026-10-08,30,economy,,,15394.0,False,02:25,ok,2026-09-08T12:06:22.180764+05:30,2026-09-08_1206IST,airline_direct,IndiGo
DEL,CCU,6E,IndiGo,6E 704,2026-10-08,30,business,,,29971.0,False,02:25,ok,2026-09-08T12:06:22.180764+05:30,2026-09-08_1206IST,airline_direct,IndiGo
DEL,CCU,6E,IndiGo,6E 704,2026-10-08,30,economy,,,15709.0,False,02:25,ok,2026-09-08T12:06:22.180764+05:30,2026-09-08_1206IST,airline_direct,IndiGo
DEL,CCU,6E,IndiGo,6E 203,2026-10-08,30,business,,,29971.0,False,07:10,ok,2026-09-08T12:06:22.180764+05:30,2026-09-08_1206IST,airline_direct,IndiGo
DEL,CCU,6E,IndiGo,6E 203,2026-10-08,30,economy,,,15709.0,False,07:10,ok,2026-09-08T12:06:22.180764+05:30,2026-09-08_1206IST,airline_direct,IndiGo
DEL,CCU,6E,IndiGo,6E 705,2026-10-08,30,business,,,29971.0,False,08:30,ok,2026-09-08T12:06:22.180764+05:30,2026-09-08_1206IST,airline_direct,IndiGo
DEL,CCU,6E,IndiGo,6E 705,2026-10-08,30,economy,,,15709.0,False,08:30,ok,2026-09-08T12:06:22.180764+05:30,2026-09-08_1206IST,airline_direct,IndiGo
DEL,CCU,6E,IndiGo,6E 6282,2026-10-08,30,business,,,29971.0,False,13:30,ok,2026-09-08T12:06:22.180764+05:30,2026-09-08_1206IST,airline_direct,IndiGo
DEL,CCU,6E,IndiGo,6E 6282,2026-10-08,30,economy,,,15709.0,False,13:30,ok,2026-09-08T12:06:22.180764+05:30,2026-09-08_1206IST,airline_direct,IndiGo
DEL,CCU,6E,IndiGo,6E 717,2026-10-08,30,business,,,30325.0,False,17:55,ok,2026-09-08T12:06:22.180764+05:30,2026-09-08_1206IST,airline_direct,IndiGo
DEL,CCU,6E,IndiGo,6E 717,2026-10-08,30,economy,,,16024.0,False,17:55,ok,2026-09-08T12:06:22.180764+05:30,2026-09-08_1206IST,airline_direct,IndiGo
DEL,CCU,6E,IndiGo,6E 717,2026-10-08,30,business,,,30325.0,False,17:55,ok,2026-09-08T12:06:22.180764+05:30,2026-09-08_1206IST,airline_direct,IndiGo
DEL,CCU,6E,IndiGo,6E 717,2026-10-08,30,economy,,,16024.0,False,17:55,ok,2026-09-08T12:06:22.180764+05:30,2026-09-08_1206IST,airline_direct,IndiGo
DEL,CCU,6E,IndiGo,6E 2296,2026-10-08,30,economy,,,16355.0,False,09:20,ok,2026-09-08T12:06:22.180764+05:30,2026-09-08_1206IST,airline_direct,IndiGo
DEL,CCU,6E,IndiGo,6E 705,2026-10-08,30,business,,,30797.0,False,08:30,ok,2026-09-08T12:06:22.180764+05:30,2026-09-08_1206IST,airline_direct,IndiGo
DEL,CCU,6E,IndiGo,6E 705,2026-10-08,30,economy,,,16444.0,False,08:30,ok,2026-09-08T12:06:22.180764+05:30,2026-09-08_1206IST,airline_direct,IndiGo
DEL,CCU,6E,IndiGo,6E 6293,2026-10-08,30,business,,,30797.0,False,09:55,ok,2026-09-08T12:06:22.180764+05:30,2026-09-08_1206IST,airline_direct,IndiGo
DEL,CCU,6E,IndiGo,6E 6293,2026-10-08,30,economy,,,16444.0,False,09:55,ok,2026-09-08T12:06:22.180764+05:30,2026-09-08_1206IST,airline_direct,IndiGo
DEL,CCU,6E,IndiGo,6E 6217,2026-10-08,30,business,,,30325.0,False,16:15,ok,2026-09-08T12:06:22.180764+05:30,2026-09-08_1206IST,airline_direct,IndiGo
DEL,CCU,6E,IndiGo,6E 6217,2026-10-08,30,economy,,,16650.0,False,16:15,ok,2026-09-08T12:06:22.180764+05:30,2026-09-08_1206IST,airline_direct,IndiGo
DEL,CCU,6E,IndiGo,6E 734,2026-10-08,30,economy,,,17143.0,False,16:20,ok,2026-09-08T12:06:22.180764+05:30,2026-09-08_1206IST,airline_direct,IndiGo
DEL,CCU,6E,IndiGo,6E 6073,2026-10-08,30,economy,,,21807.0,False,05:00,ok,2026-09-08T12:06:22.180764+05:30,2026-09-08_1206IST,airline_direct,IndiGo
DEL,CCU,6E,IndiGo,6E 2296,2026-10-08,30,economy,,,23136.0,False,09:20,ok,2026-09-08T12:06:22.180764+05:30,2026-09-08_1206IST,airline_direct,IndiGo
BLR,HYD,6E,IndiGo,6E 6784,2026-10-08,30,economy,,,4561.0,False,21:25,ok,2026-09-08T12:07:24.648456+05:30,2026-09-08_1207IST,airline_direct,IndiGo
BLR,HYD,6E,IndiGo,6E 638,2026-10-08,30,economy,,,4921.0,False,18:35,ok,2026-09-08T12:07:24.648456+05:30,2026-09-08_1207IST,airline_direct,IndiGo
BLR,HYD,6E,IndiGo,6E 855,2026-10-08,30,economy,,,4921.0,False,19:45,ok,2026-09-08T12:07:24.648456+05:30,2026-09-08_1207IST,airline_direct,IndiGo
BLR,HYD,6E,IndiGo,6E 484,2026-10-08,30,economy,,,5318.0,False,08:15,ok,2026-09-08T12:07:24.648456+05:30,2026-09-08_1207IST,airline_direct,IndiGo
BLR,HYD,6E,IndiGo,6E 312,2026-10-08,30,economy,,,5318.0,False,09:15,ok,2026-09-08T12:07:24.648456+05:30,2026-09-08_1207IST,airline_direct,IndiGo
BLR,HYD,6E,IndiGo,6E 537,2026-10-08,30,economy,,,5318.0,False,10:15,ok,2026-09-08T12:07:24.648456+05:30,2026-09-08_1207IST,airline_direct,IndiGo
BLR,HYD,6E,IndiGo,6E 6067,2026-10-08,30,economy,,,5318.0,False,16:30,ok,2026-09-08T12:07:24.648456+05:30,2026-09-08_1207IST,airline_direct,IndiGo
BLR,HYD,6E,IndiGo,6E 6404,2026-10-08,30,economy,,,8727.0,False,11:35,ok,2026-09-08T12:07:24.648456+05:30,2026-09-08_1207IST,airline_direct,IndiGo
BLR,HYD,6E,IndiGo,6E 6178,2026-10-08,30,economy,,,13589.0,False,06:10,ok,2026-09-08T12:07:24.648456+05:30,2026-09-08_1207IST,airline_direct,IndiGo
BLR,HYD,6E,IndiGo,6E 6563,2026-10-08,30,economy,,,4553.0,False,01:05,ok,2026-09-08T12:07:24.648456+05:30,2026-09-08_1207IST,airline_direct,IndiGo
BLR,HYD,6E,IndiGo,6E 6876,2026-10-08,30,economy,,,4553.0,False,02:40,ok,2026-09-08T12:07:24.648456+05:30,2026-09-08_1207IST,airline_direct,IndiGo
BLR,HYD,6E,IndiGo,6E 857,2026-10-08,30,economy,,,4553.0,False,07:05,ok,2026-09-08T12:07:24.648456+05:30,2026-09-08_1207IST,airline_direct,IndiGo
BLR,HYD,6E,IndiGo,6E 857,2026-10-08,30,economy,,,4553.0,False,07:05,ok,2026-09-08T12:07:24.648456+05:30,2026-09-08_1207IST,airline_direct,IndiGo
BLR,HYD,6E,IndiGo,6E 763,2026-10-08,30,economy,,,4553.0,False,07:10,ok,2026-09-08T12:07:24.648456+05:30,2026-09-08_1207IST,airline_direct,IndiGo
BLR,HYD,6E,IndiGo,6E 763,2026-10-08,30,economy,,,4553.0,False,07:10,ok,2026-09-08T12:07:24.648456+05:30,2026-09-08_1207IST,airline_direct,IndiGo
BLR,HYD,6E,IndiGo,6E 6269,2026-10-08,30,economy,,,4553.0,False,07:15,ok,2026-09-08T12:07:24.648456+05:30,2026-09-08_1207IST,airline_direct,IndiGo
BLR,HYD,6E,IndiGo,6E 6269,2026-10-08,30,economy,,,4553.0,False,07:15,ok,2026-09-08T12:07:24.648456+05:30,2026-09-08_1207IST,airline_direct,IndiGo
BLR,HYD,6E,IndiGo,6E 6445,2026-10-08,30,economy,,,4553.0,False,10:25,ok,2026-09-08T12:07:24.648456+05:30,2026-09-08_1207IST,airline_direct,IndiGo
BLR,HYD,6E,IndiGo,6E 904,2026-10-08,30,economy,,,4553.0,False,10:50,ok,2026-09-08T12:07:24.648456+05:30,2026-09-08_1207IST,airline_direct,IndiGo
BLR,HYD,6E,IndiGo,6E 6104,2026-10-08,30,economy,,,4553.0,False,11:40,ok,2026-09-08T12:07:24.648456+05:30,2026-09-08_1207IST,airline_direct,IndiGo
BLR,HYD,6E,IndiGo,6E 6542,2026-10-08,30,economy,,,4553.0,False,13:10,ok,2026-09-08T12:07:24.648456+05:30,2026-09-08_1207IST,airline_direct,IndiGo
BLR,HYD,6E,IndiGo,6E 6753,2026-10-08,30,economy,,,4553.0,False,15:15,ok,2026-09-08T12:07:24.648456+05:30,2026-09-08_1207IST,airline_direct,IndiGo
BLR,HYD,6E,IndiGo,6E 6753,2026-10-08,30,economy,,,4553.0,False,15:15,ok,2026-09-08T12:07:24.648456+05:30,2026-09-08_1207IST,airline_direct,IndiGo
BLR,HYD,6E,IndiGo,6E 356,2026-10-08,30,economy,,,4553.0,False,17:15,ok,2026-09-08T12:07:24.648456+05:30,2026-09-08_1207IST,airline_direct,IndiGo
BLR,HYD,6E,IndiGo,6E 356,2026-10-08,30,economy,,,4553.0,False,17:15,ok,2026-09-08T12:07:24.648456+05:30,2026-09-08_1207IST,airline_direct,IndiGo
BLR,HYD,6E,IndiGo,6E 6168,2026-10-08,30,economy,,,4553.0,False,17:40,ok,2026-09-08T12:07:24.648456+05:30,2026-09-08_1207IST,airline_direct,IndiGo
BLR,HYD,6E,IndiGo,6E 6168,2026-10-08,30,economy,,,4553.0,False,17:40,ok,2026-09-08T12:07:24.648456+05:30,2026-09-08_1207IST,airline_direct,IndiGo
BLR,HYD,6E,IndiGo,6E 6017,2026-10-08,30,economy,,,4553.0,False,18:15,ok,2026-09-08T12:07:24.648456+05:30,2026-09-08_1207IST,airline_direct,IndiGo
BLR,HYD,6E,IndiGo,6E 105,2026-10-08,30,economy,,,4553.0,False,18:50,ok,2026-09-08T12:07:24.648456+05:30,2026-09-08_1207IST,airline_direct,IndiGo
BLR,HYD,6E,IndiGo,6E 6554,2026-10-08,30,economy,,,4553.0,False,19:15,ok,2026-09-08T12:07:24.648456+05:30,2026-09-08_1207IST,airline_direct,IndiGo
BLR,HYD,6E,IndiGo,6E 6583,2026-10-08,30,economy,,,4685.0,False,10:40,ok,2026-09-08T12:07:24.648456+05:30,2026-09-08_1207IST,airline_direct,IndiGo
BLR,HYD,6E,IndiGo,6E 6336,2026-10-08,30,economy,,,4685.0,False,12:40,ok,2026-09-08T12:07:24.648456+05:30,2026-09-08_1207IST,airline_direct,IndiGo
BLR,HYD,6E,IndiGo,6E 6336,2026-10-08,30,economy,,,4685.0,False,12:40,ok,2026-09-08T12:07:24.648456+05:30,2026-09-08_1207IST,airline_direct,IndiGo
BLR,HYD,6E,IndiGo,6E 7204,2026-10-08,30,economy,,,5146.0,False,06:50,ok,2026-09-08T12:07:24.648456+05:30,2026-09-08_1207IST,airline_direct,IndiGo
BLR,HYD,6E,IndiGo,6E 7005,2026-10-08,30,economy,,,5146.0,False,08:05,ok,2026-09-08T12:07:24.648456+05:30,2026-09-08_1207IST,airline_direct,IndiGo
BLR,HYD,6E,IndiGo,6E 7005,2026-10-08,30,economy,,,5146.0,False,08:05,ok,2026-09-08T12:07:24.648456+05:30,2026-09-08_1207IST,airline_direct,IndiGo
BLR,HYD,6E,IndiGo,6E 2030,2026-10-08,30,economy,,,5146.0,False,14:50,ok,2026-09-08T12:07:24.648456+05:30,2026-09-08_1207IST,airline_direct,IndiGo
BLR,HYD,6E,IndiGo,6E 6003,2026-10-08,30,economy,,,5146.0,False,15:35,ok,2026-09-08T12:07:24.648456+05:30,2026-09-08_1207IST,airline_direct,IndiGo
BLR,HYD,6E,IndiGo,6E 109,2026-10-08,30,economy,,,5146.0,False,17:00,ok,2026-09-08T12:07:24.648456+05:30,2026-09-08_1207IST,airline_direct,IndiGo
BLR,HYD,6E,IndiGo,6E 6162,2026-10-08,30,economy,,,5146.0,False,18:50,ok,2026-09-08T12:07:24.648456+05:30,2026-09-08_1207IST,airline_direct,IndiGo
BLR,HYD,6E,IndiGo,6E 763,2026-10-08,30,economy,,,5486.0,False,07:10,ok,2026-09-08T12:07:24.648456+05:30,2026-09-08_1207IST,airline_direct,IndiGo
BLR,HYD,6E,IndiGo,6E 6445,2026-10-08,30,economy,,,5486.0,False,10:25,ok,2026-09-08T12:07:24.648456+05:30,2026-09-08_1207IST,airline_direct,IndiGo
BLR,HYD,6E,IndiGo,6E 6208,2026-10-08,30,economy,,,5486.0,False,12:45,ok,2026-09-08T12:07:24.648456+05:30,2026-09-08_1207IST,airline_direct,IndiGo
BLR,HYD,6E,IndiGo,6E 703,2026-10-08,30,economy,,,5486.0,False,12:55,ok,2026-09-08T12:07:24.648456+05:30,2026-09-08_1207IST,airline_direct,IndiGo
BLR,HYD,6E,IndiGo,6E 7227,2026-10-08,30,economy,,,5729.0,False,06:25,ok,2026-09-08T12:07:24.648456+05:30,2026-09-08_1207IST,airline_direct,IndiGo
BLR,HYD,6E,IndiGo,6E 6653,2026-10-08,30,economy,,,5861.0,False,12:35,ok,2026-09-08T12:07:24.648456+05:30,2026-09-08_1207IST,airline_direct,IndiGo
BLR,HYD,6E,IndiGo,6E 7223,2026-10-08,30,economy,,,5861.0,False,15:30,ok,2026-09-08T12:07:24.648456+05:30,2026-09-08_1207IST,airline_direct,IndiGo
BLR,HYD,6E,IndiGo,6E 7204,2026-10-08,30,economy,,,6271.0,False,06:50,ok,2026-09-08T12:07:24.648456+05:30,2026-09-08_1207IST,airline_direct,IndiGo
BLR,HYD,6E,IndiGo,6E 6653,2026-10-08,30,economy,,,6271.0,False,12:35,ok,2026-09-08T12:07:24.648456+05:30,2026-09-08_1207IST,airline_direct,IndiGo
BLR,HYD,6E,IndiGo,6E 574,2026-10-08,30,economy,,,6402.0,False,11:05,ok,2026-09-08T12:07:24.648456+05:30,2026-09-08_1207IST,airline_direct,IndiGo
BLR,HYD,6E,IndiGo,6E 6653,2026-10-08,30,economy,,,7221.0,False,12:35,ok,2026-09-08T12:07:24.648456+05:30,2026-09-08_1207IST,airline_direct,IndiGo
BLR,HYD,6E,IndiGo,6E 6208,2026-10-08,30,economy,,,7221.0,False,12:45,ok,2026-09-08T12:07:24.648456+05:30,2026-09-08_1207IST,airline_direct,IndiGo
BLR,HYD,6E,IndiGo,6E 528,2026-10-08,30,economy,,,9051.0,False,21:40,ok,2026-09-08T12:07:24.648456+05:30,2026-09-08_1207IST,airline_direct,IndiGo
BLR,HYD,6E,IndiGo,6E 116,2026-10-08,30,economy,,,9051.0,False,23:05,ok,2026-09-08T12:07:24.648456+05:30,2026-09-08_1207IST,airline_direct,IndiGo
BLR,HYD,6E,IndiGo,6E 105,2026-10-08,30,economy,,,9536.0,False,18:50,ok,2026-09-08T12:07:24.648456+05:30,2026-09-08_1207IST,airline_direct,IndiGo
BLR,HYD,6E,IndiGo,6E 441,2026-10-08,30,economy,,,9711.0,False,20:40,ok,2026-09-08T12:07:24.648456+05:30,2026-09-08_1207IST,airline_direct,IndiGo
BLR,HYD,6E,IndiGo,6E 116,2026-10-08,30,economy,,,10151.0,False,23:05,ok,2026-09-08T12:07:24.648456+05:30,2026-09-08_1207IST,airline_direct,IndiGo
BLR,HYD,6E,IndiGo,6E 7285,2026-10-08,30,economy,,,11641.0,False,06:50,ok,2026-09-08T12:07:24.648456+05:30,2026-09-08_1207IST,airline_direct,IndiGo
BLR,HYD,6E,IndiGo,6E 7176,2026-10-08,30,economy,,,5157.0,False,10:10,ok,2026-09-08T12:07:24.648456+05:30,2026-09-08_1207IST,airline_direct,IndiGo
DEL,BOM,6E,IndiGo,6E 353,2026-10-23,45,business,,,21900.0,False,03:00,ok,2026-09-08T12:08:23.626435+05:30,2026-09-08_1208IST,airline_direct,IndiGo
DEL,BOM,6E,IndiGo,6E 353,2026-10-23,45,economy,,,6546.0,False,03:00,ok,2026-09-08T12:08:23.626435+05:30,2026-09-08_1208IST,airline_direct,IndiGo
DEL,BOM,6E,IndiGo,6E 449,2026-10-23,45,business,,,21900.0,False,05:00,ok,2026-09-08T12:08:23.626435+05:30,2026-09-08_1208IST,airline_direct,IndiGo
DEL,BOM,6E,IndiGo,6E 449,2026-10-23,45,economy,,,6546.0,False,05:00,ok,2026-09-08T12:08:23.626435+05:30,2026-09-08_1208IST,airline_direct,IndiGo
DEL,BOM,6E,IndiGo,6E 6218,2026-10-23,45,business,,,21900.0,False,06:05,ok,2026-09-08T12:08:23.626435+05:30,2026-09-08_1208IST,airline_direct,IndiGo
DEL,BOM,6E,IndiGo,6E 6218,2026-10-23,45,economy,,,6546.0,False,06:05,ok,2026-09-08T12:08:23.626435+05:30,2026-09-08_1208IST,airline_direct,IndiGo
DEL,BOM,6E,IndiGo,6E 320,2026-10-23,45,business,,,21900.0,False,08:00,ok,2026-09-08T12:08:23.626435+05:30,2026-09-08_1208IST,airline_direct,IndiGo
DEL,BOM,6E,IndiGo,6E 320,2026-10-23,45,economy,,,6546.0,False,08:00,ok,2026-09-08T12:08:23.626435+05:30,2026-09-08_1208IST,airline_direct,IndiGo
DEL,BOM,6E,IndiGo,6E 6107,2026-10-23,45,business,,,21900.0,False,09:30,ok,2026-09-08T12:08:23.626435+05:30,2026-09-08_1208IST,airline_direct,IndiGo
DEL,BOM,6E,IndiGo,6E 6107,2026-10-23,45,economy,,,6546.0,False,09:30,ok,2026-09-08T12:08:23.626435+05:30,2026-09-08_1208IST,airline_direct,IndiGo
DEL,BOM,6E,IndiGo,6E 6328,2026-10-23,45,business,,,21900.0,False,10:15,ok,2026-09-08T12:08:23.626435+05:30,2026-09-08_1208IST,airline_direct,IndiGo
DEL,BOM,6E,IndiGo,6E 6328,2026-10-23,45,economy,,,6546.0,False,10:15,ok,2026-09-08T12:08:23.626435+05:30,2026-09-08_1208IST,airline_direct,IndiGo
DEL,BOM,6E,IndiGo,6E 6047,2026-10-23,45,business,,,21900.0,False,11:00,ok,2026-09-08T12:08:23.626435+05:30,2026-09-08_1208IST,airline_direct,IndiGo
DEL,BOM,6E,IndiGo,6E 6047,2026-10-23,45,economy,,,6546.0,False,11:00,ok,2026-09-08T12:08:23.626435+05:30,2026-09-08_1208IST,airline_direct,IndiGo
DEL,BOM,6E,IndiGo,6E 6676,2026-10-23,45,business,,,21900.0,False,12:00,ok,2026-09-08T12:08:23.626435+05:30,2026-09-08_1208IST,airline_direct,IndiGo
DEL,BOM,6E,IndiGo,6E 6676,2026-10-23,45,economy,,,6546.0,False,12:00,ok,2026-09-08T12:08:23.626435+05:30,2026-09-08_1208IST,airline_direct,IndiGo
DEL,BOM,6E,IndiGo,6E 324,2026-10-23,45,business,,,21900.0,False,13:00,ok,2026-09-08T12:08:23.626435+05:30,2026-09-08_1208IST,airline_direct,IndiGo
DEL,BOM,6E,IndiGo,6E 324,2026-10-23,45,economy,,,6546.0,False,13:00,ok,2026-09-08T12:08:23.626435+05:30,2026-09-08_1208IST,airline_direct,IndiGo
DEL,BOM,6E,IndiGo,6E 6022,2026-10-23,45,business,,,21900.0,False,14:00,ok,2026-09-08T12:08:23.626435+05:30,2026-09-08_1208IST,airline_direct,IndiGo
DEL,BOM,6E,IndiGo,6E 6022,2026-10-23,45,economy,,,6546.0,False,14:00,ok,2026-09-08T12:08:23.626435+05:30,2026-09-08_1208IST,airline_direct,IndiGo
DEL,BOM,6E,IndiGo,6E 6318,2026-10-23,45,business,,,21900.0,False,14:45,ok,2026-09-08T12:08:23.626435+05:30,2026-09-08_1208IST,airline_direct,IndiGo
DEL,BOM,6E,IndiGo,6E 6318,2026-10-23,45,economy,,,6546.0,False,14:45,ok,2026-09-08T12:08:23.626435+05:30,2026-09-08_1208IST,airline_direct,IndiGo
DEL,BOM,6E,IndiGo,6E 864,2026-10-23,45,business,,,21900.0,False,15:30,ok,2026-09-08T12:08:23.626435+05:30,2026-09-08_1208IST,airline_direct,IndiGo
DEL,BOM,6E,IndiGo,6E 864,2026-10-23,45,economy,,,6546.0,False,15:30,ok,2026-09-08T12:08:23.626435+05:30,2026-09-08_1208IST,airline_direct,IndiGo
DEL,BOM,6E,IndiGo,6E 327,2026-10-23,45,business,,,21900.0,False,16:15,ok,2026-09-08T12:08:23.626435+05:30,2026-09-08_1208IST,airline_direct,IndiGo
DEL,BOM,6E,IndiGo,6E 327,2026-10-23,45,economy,,,6546.0,False,16:15,ok,2026-09-08T12:08:23.626435+05:30,2026-09-08_1208IST,airline_direct,IndiGo
DEL,BOM,6E,IndiGo,6E 6706,2026-10-23,45,business,,,21900.0,False,17:00,ok,2026-09-08T12:08:23.626435+05:30,2026-09-08_1208IST,airline_direct,IndiGo
DEL,BOM,6E,IndiGo,6E 6706,2026-10-23,45,economy,,,6546.0,False,17:00,ok,2026-09-08T12:08:23.626435+05:30,2026-09-08_1208IST,airline_direct,IndiGo
DEL,BOM,6E,IndiGo,6E 395,2026-10-23,45,business,,,21900.0,False,21:45,ok,2026-09-08T12:08:23.626435+05:30,2026-09-08_1208IST,airline_direct,IndiGo
DEL,BOM,6E,IndiGo,6E 395,2026-10-23,45,economy,,,6546.0,False,21:45,ok,2026-09-08T12:08:23.626435+05:30,2026-09-08_1208IST,airline_direct,IndiGo
DEL,BOM,6E,IndiGo,6E 6114,2026-10-23,45,business,,,21900.0,False,22:45,ok,2026-09-08T12:08:23.626435+05:30,2026-09-08_1208IST,airline_direct,IndiGo
DEL,BOM,6E,IndiGo,6E 6114,2026-10-23,45,economy,,,6546.0,False,22:45,ok,2026-09-08T12:08:23.626435+05:30,2026-09-08_1208IST,airline_direct,IndiGo
DEL,BOM,6E,IndiGo,6E 322,2026-10-23,45,business,,,21900.0,False,23:30,ok,2026-09-08T12:08:23.626435+05:30,2026-09-08_1208IST,airline_direct,IndiGo
DEL,BOM,6E,IndiGo,6E 322,2026-10-23,45,economy,,,6546.0,False,23:30,ok,2026-09-08T12:08:23.626435+05:30,2026-09-08_1208IST,airline_direct,IndiGo
DEL,BOM,6E,IndiGo,6E 675,2026-10-23,45,business,,,21900.0,False,08:45,ok,2026-09-08T12:08:23.626435+05:30,2026-09-08_1208IST,airline_direct,IndiGo
DEL,BOM,6E,IndiGo,6E 675,2026-10-23,45,economy,,,6696.0,False,08:45,ok,2026-09-08T12:08:23.626435+05:30,2026-09-08_1208IST,airline_direct,IndiGo
DEL,BOM,6E,IndiGo,6E 853,2026-10-23,45,business,,,21900.0,False,20:45,ok,2026-09-08T12:08:23.626435+05:30,2026-09-08_1208IST,airline_direct,IndiGo
DEL,BOM,6E,IndiGo,6E 853,2026-10-23,45,economy,,,6696.0,False,20:45,ok,2026-09-08T12:08:23.626435+05:30,2026-09-08_1208IST,airline_direct,IndiGo
DEL,BOM,6E,IndiGo,6E 6814,2026-10-23,45,business,,,21900.0,False,07:15,ok,2026-09-08T12:08:23.626435+05:30,2026-09-08_1208IST,airline_direct,IndiGo
DEL,BOM,6E,IndiGo,6E 6814,2026-10-23,45,economy,,,6996.0,False,07:15,ok,2026-09-08T12:08:23.626435+05:30,2026-09-08_1208IST,airline_direct,IndiGo
DEL,BOM,6E,IndiGo,6E 329,2026-10-23,45,business,,,21900.0,False,18:00,ok,2026-09-08T12:08:23.626435+05:30,2026-09-08_1208IST,airline_direct,IndiGo
DEL,BOM,6E,IndiGo,6E 329,2026-10-23,45,economy,,,6996.0,False,18:00,ok,2026-09-08T12:08:23.626435+05:30,2026-09-08_1208IST,airline_direct,IndiGo
DEL,BOM,6E,IndiGo,6E 354,2026-10-23,45,business,,,21900.0,False,19:00,ok,2026-09-08T12:08:23.626435+05:30,2026-09-08_1208IST,airline_direct,IndiGo
DEL,BOM,6E,IndiGo,6E 354,2026-10-23,45,economy,,,6996.0,False,19:00,ok,2026-09-08T12:08:23.626435+05:30,2026-09-08_1208IST,airline_direct,IndiGo
DEL,BOM,6E,IndiGo,6E 303,2026-10-23,45,business,,,21900.0,False,20:00,ok,2026-09-08T12:08:23.626435+05:30,2026-09-08_1208IST,airline_direct,IndiGo
DEL,BOM,6E,IndiGo,6E 303,2026-10-23,45,economy,,,6996.0,False,20:00,ok,2026-09-08T12:08:23.626435+05:30,2026-09-08_1208IST,airline_direct,IndiGo
DEL,BOM,6E,IndiGo,6E 6261,2026-10-23,45,economy,,,7120.0,False,00:15,ok,2026-09-08T12:08:23.626435+05:30,2026-09-08_1208IST,airline_direct,IndiGo
DEL,BOM,6E,IndiGo,6E 5119,2026-10-23,45,economy,,,7120.0,False,05:10,ok,2026-09-08T12:08:23.626435+05:30,2026-09-08_1208IST,airline_direct,IndiGo
DEL,BOM,6E,IndiGo,6E 5119,2026-10-23,45,economy,,,7120.0,False,05:10,ok,2026-09-08T12:08:23.626435+05:30,2026-09-08_1208IST,airline_direct,IndiGo
DEL,BOM,6E,IndiGo,6E 6171,2026-10-23,45,economy,,,7120.0,False,05:40,ok,2026-09-08T12:08:23.626435+05:30,2026-09-08_1208IST,airline_direct,IndiGo
DEL,BOM,6E,IndiGo,6E 2076,2026-10-23,45,economy,,,7120.0,False,07:30,ok,2026-09-08T12:08:23.626435+05:30,2026-09-08_1208IST,airline_direct,IndiGo
DEL,BOM,6E,IndiGo,6E 2331,2026-10-23,45,economy,,,7120.0,False,12:20,ok,2026-09-08T12:08:23.626435+05:30,2026-09-08_1208IST,airline_direct,IndiGo
DEL,BOM,6E,IndiGo,6E 2341,2026-10-23,45,economy,,,7120.0,False,14:50,ok,2026-09-08T12:08:23.626435+05:30,2026-09-08_1208IST,airline_direct,IndiGo
DEL,BOM,6E,IndiGo,6E 6983,2026-10-23,45,economy,,,7120.0,False,15:35,ok,2026-09-08T12:08:23.626435+05:30,2026-09-08_1208IST,airline_direct,IndiGo
DEL,BOM,6E,IndiGo,6E 5073,2026-10-23,45,economy,,,7120.0,False,17:05,ok,2026-09-08T12:08:23.626435+05:30,2026-09-08_1208IST,airline_direct,IndiGo
DEL,BOM,6E,IndiGo,6E 5073,2026-10-23,45,economy,,,7120.0,False,17:05,ok,2026-09-08T12:08:23.626435+05:30,2026-09-08_1208IST,airline_direct,IndiGo
DEL,BOM,6E,IndiGo,6E 5014,2026-10-23,45,economy,,,7120.0,False,18:30,ok,2026-09-08T12:08:23.626435+05:30,2026-09-08_1208IST,airline_direct,IndiGo
DEL,BOM,6E,IndiGo,6E 2013,2026-10-23,45,economy,,,7120.0,False,21:50,ok,2026-09-08T12:08:23.626435+05:30,2026-09-08_1208IST,airline_direct,IndiGo
DEL,BOM,6E,IndiGo,6E 6569,2026-10-23,45,economy,,,7252.0,False,05:00,ok,2026-09-08T12:08:23.626435+05:30,2026-09-08_1208IST,airline_direct,IndiGo
DEL,BOM,6E,IndiGo,6E 6459,2026-10-23,45,economy,,,7252.0,False,05:55,ok,2026-09-08T12:08:23.626435+05:30,2026-09-08_1208IST,airline_direct,IndiGo
DEL,BOM,6E,IndiGo,6E 6443,2026-10-23,45,economy,,,7252.0,False,09:00,ok,2026-09-08T12:08:23.626435+05:30,2026-09-08_1208IST,airline_direct,IndiGo
DEL,BOM,6E,IndiGo,6E 6488,2026-10-23,45,economy,,,7252.0,False,11:20,ok,2026-09-08T12:08:23.626435+05:30,2026-09-08_1208IST,airline_direct,IndiGo
DEL,BOM,6E,IndiGo,6E 2249,2026-10-23,45,economy,,,7252.0,False,15:00,ok,2026-09-08T12:08:23.626435+05:30,2026-09-08_1208IST,airline_direct,IndiGo
DEL,BOM,6E,IndiGo,6E 6433,2026-10-23,45,economy,,,7252.0,False,16:30,ok,2026-09-08T12:08:23.626435+05:30,2026-09-08_1208IST,airline_direct,IndiGo
DEL,BOM,6E,IndiGo,6E 6829,2026-10-23,45,economy,,,7252.0,False,17:20,ok,2026-09-08T12:08:23.626435+05:30,2026-09-08_1208IST,airline_direct,IndiGo
DEL,BOM,6E,IndiGo,6E 2169,2026-10-23,45,economy,,,7252.0,False,19:20,ok,2026-09-08T12:08:23.626435+05:30,2026-09-08_1208IST,airline_direct,IndiGo
DEL,BOM,6E,IndiGo,6E 6050,2026-10-23,45,economy,,,7330.0,False,08:15,ok,2026-09-08T12:08:23.626435+05:30,2026-09-08_1208IST,airline_direct,IndiGo
DEL,BOM,6E,IndiGo,6E 2113,2026-10-23,45,economy,,,7330.0,False,13:20,ok,2026-09-08T12:08:23.626435+05:30,2026-09-08_1208IST,airline_direct,IndiGo
DEL,BOM,6E,IndiGo,6E 6479,2026-10-23,45,economy,,,7330.0,False,21:25,ok,2026-09-08T12:08:23.626435+05:30,2026-09-08_1208IST,airline_direct,IndiGo
DEL,BOM,6E,IndiGo,6E 717,2026-10-23,45,business,,,29617.0,False,17:55,ok,2026-09-08T12:08:23.626435+05:30,2026-09-08_1208IST,airline_direct,IndiGo
DEL,BOM,6E,IndiGo,6E 717,2026-10-23,45,economy,,,7462.0,False,17:55,ok,2026-09-08T12:08:23.626435+05:30,2026-09-08_1208IST,airline_direct,IndiGo
DEL,BOM,6E,IndiGo,6E 6497,2026-10-23,45,economy,,,7462.0,False,18:40,ok,2026-09-08T12:08:23.626435+05:30,2026-09-08_1208IST,airline_direct,IndiGo
DEL,BOM,6E,IndiGo,6E 931,2026-10-23,45,economy,,,7695.0,False,19:30,ok,2026-09-08T12:08:23.626435+05:30,2026-09-08_1208IST,airline_direct,IndiGo
DEL,BOM,6E,IndiGo,6E 5138,2026-10-23,45,economy,,,7826.0,False,19:10,ok,2026-09-08T12:08:23.626435+05:30,2026-09-08_1208IST,airline_direct,IndiGo
DEL,BOM,6E,IndiGo,6E 6026,2026-10-23,45,business,,,29617.0,False,05:30,ok,2026-09-08T12:08:23.626435+05:30,2026-09-08_1208IST,airline_direct,IndiGo
DEL,BOM,6E,IndiGo,6E 6026,2026-10-23,45,economy,,,8036.0,False,05:30,ok,2026-09-08T12:08:23.626435+05:30,2026-09-08_1208IST,airline_direct,IndiGo
DEL,BOM,6E,IndiGo,6E 705,2026-10-23,45,business,,,29617.0,False,08:30,ok,2026-09-08T12:08:23.626435+05:30,2026-09-08_1208IST,airline_direct,IndiGo
DEL,BOM,6E,IndiGo,6E 705,2026-10-23,45,economy,,,8036.0,False,08:30,ok,2026-09-08T12:08:23.626435+05:30,2026-09-08_1208IST,airline_direct,IndiGo
DEL,BOM,6E,IndiGo,6E 2381,2026-10-23,45,economy,,,8036.0,False,13:45,ok,2026-09-08T12:08:23.626435+05:30,2026-09-08_1208IST,airline_direct,IndiGo
DEL,BOM,6E,IndiGo,6E 6212,2026-10-23,45,business,,,32081.0,False,14:45,ok,2026-09-08T12:08:23.626435+05:30,2026-09-08_1208IST,airline_direct,IndiGo
DEL,BOM,6E,IndiGo,6E 6212,2026-10-23,45,economy,,,8036.0,False,14:45,ok,2026-09-08T12:08:23.626435+05:30,2026-09-08_1208IST,airline_direct,IndiGo
DEL,BOM,6E,IndiGo,6E 882,2026-10-23,45,business,,,26937.0,False,23:15,ok,2026-09-08T12:08:23.626435+05:30,2026-09-08_1208IST,airline_direct,IndiGo
DEL,BOM,6E,IndiGo,6E 882,2026-10-23,45,economy,,,8036.0,False,23:15,ok,2026-09-08T12:08:23.626435+05:30,2026-09-08_1208IST,airline_direct,IndiGo
DEL,BOM,6E,IndiGo,6E 357,2026-10-23,45,business,,,36261.0,False,19:30,ok,2026-09-08T12:08:23.626435+05:30,2026-09-08_1208IST,airline_direct,IndiGo
DEL,BOM,6E,IndiGo,6E 357,2026-10-23,45,economy,,,8115.0,False,19:30,ok,2026-09-08T12:08:23.626435+05:30,2026-09-08_1208IST,airline_direct,IndiGo
DEL,BOM,6E,IndiGo,6E 5298,2026-10-23,45,economy,,,8535.0,False,09:00,ok,2026-09-08T12:08:23.626435+05:30,2026-09-08_1208IST,airline_direct,IndiGo
DEL,BOM,6E,IndiGo,6E 704,2026-10-23,45,business,,,29617.0,False,02:25,ok,2026-09-08T12:08:23.626435+05:30,2026-09-08_1208IST,airline_direct,IndiGo
DEL,BOM,6E,IndiGo,6E 704,2026-10-23,45,economy,,,8666.0,False,02:25,ok,2026-09-08T12:08:23.626435+05:30,2026-09-08_1208IST,airline_direct,IndiGo
DEL,BOM,6E,IndiGo,6E 6293,2026-10-23,45,business,,,29617.0,False,09:55,ok,2026-09-08T12:08:23.626435+05:30,2026-09-08_1208IST,airline_direct,IndiGo
DEL,BOM,6E,IndiGo,6E 6293,2026-10-23,45,economy,,,8666.0,False,09:55,ok,2026-09-08T12:08:23.626435+05:30,2026-09-08_1208IST,airline_direct,IndiGo
DEL,BOM,6E,IndiGo,6E 6282,2026-10-23,45,business,,,29617.0,False,13:30,ok,2026-09-08T12:08:23.626435+05:30,2026-09-08_1208IST,airline_direct,IndiGo
DEL,BOM,6E,IndiGo,6E 6282,2026-10-23,45,economy,,,8666.0,False,13:30,ok,2026-09-08T12:08:23.626435+05:30,2026-09-08_1208IST,airline_direct,IndiGo
DEL,BOM,6E,IndiGo,6E 6601,2026-10-23,45,business,,,29617.0,False,19:45,ok,2026-09-08T12:08:23.626435+05:30,2026-09-08_1208IST,airline_direct,IndiGo
DEL,BOM,6E,IndiGo,6E 6601,2026-10-23,45,economy,,,8666.0,False,19:45,ok,2026-09-08T12:08:23.626435+05:30,2026-09-08_1208IST,airline_direct,IndiGo
DEL,BOM,6E,IndiGo,6E 5038,2026-10-23,45,economy,,,9229.0,False,14:00,ok,2026-09-08T12:08:23.626435+05:30,2026-09-08_1208IST,airline_direct,IndiGo
DEL,BOM,6E,IndiGo,6E 2349,2026-10-23,45,economy,,,9374.0,False,10:55,ok,2026-09-08T12:08:23.626435+05:30,2026-09-08_1208IST,airline_direct,IndiGo
DEL,BOM,6E,IndiGo,6E 758,2026-10-23,45,economy,,,9990.0,False,16:10,ok,2026-09-08T12:08:23.626435+05:30,2026-09-08_1208IST,airline_direct,IndiGo
DEL,BOM,6E,IndiGo,6E 358,2026-10-23,45,business,,,35519.0,False,12:10,ok,2026-09-08T12:08:23.626435+05:30,2026-09-08_1208IST,airline_direct,IndiGo
DEL,BOM,6E,IndiGo,6E 358,2026-10-23,45,economy,,,10200.0,False,12:10,ok,2026-09-08T12:08:23.626435+05:30,2026-09-08_1208IST,airline_direct,IndiGo
DEL,BOM,6E,IndiGo,6E 2496,2026-10-23,45,economy,,,10436.0,False,12:40,ok,2026-09-08T12:08:23.626435+05:30,2026-09-08_1208IST,airline_direct,IndiGo
BOM,BLR,6E,IndiGo,6E 5323,2026-10-23,45,business,,,18948.0,False,01:10,ok,2026-09-08T12:09:29.121625+05:30,2026-09-08_1209IST,airline_direct,IndiGo
BOM,BLR,6E,IndiGo,6E 5323,2026-10-23,45,economy,,,4893.0,False,01:10,ok,2026-09-08T12:09:29.121625+05:30,2026-09-08_1209IST,airline_direct,IndiGo
BOM,BLR,6E,IndiGo,6E 5294,2026-10-23,45,business,,,18948.0,False,04:30,ok,2026-09-08T12:09:29.121625+05:30,2026-09-08_1209IST,airline_direct,IndiGo
BOM,BLR,6E,IndiGo,6E 5294,2026-10-23,45,economy,,,4893.0,False,04:30,ok,2026-09-08T12:09:29.121625+05:30,2026-09-08_1209IST,airline_direct,IndiGo
BOM,BLR,6E,IndiGo,6E 5296,2026-10-23,45,business,,,18948.0,False,06:15,ok,2026-09-08T12:09:29.121625+05:30,2026-09-08_1209IST,airline_direct,IndiGo
BOM,BLR,6E,IndiGo,6E 5296,2026-10-23,45,economy,,,6747.0,False,06:15,ok,2026-09-08T12:09:29.121625+05:30,2026-09-08_1209IST,airline_direct,IndiGo
BOM,BLR,6E,IndiGo,6E 5193,2026-10-23,45,business,,,18948.0,False,07:45,ok,2026-09-08T12:09:29.121625+05:30,2026-09-08_1209IST,airline_direct,IndiGo
BOM,BLR,6E,IndiGo,6E 5193,2026-10-23,45,economy,,,7062.0,False,07:45,ok,2026-09-08T12:09:29.121625+05:30,2026-09-08_1209IST,airline_direct,IndiGo
BOM,BLR,6E,IndiGo,6E 5092,2026-10-23,45,business,,,18948.0,False,09:50,ok,2026-09-08T12:09:29.121625+05:30,2026-09-08_1209IST,airline_direct,IndiGo
BOM,BLR,6E,IndiGo,6E 5092,2026-10-23,45,economy,,,7062.0,False,09:50,ok,2026-09-08T12:09:29.121625+05:30,2026-09-08_1209IST,airline_direct,IndiGo
BOM,BLR,6E,IndiGo,6E 5071,2026-10-23,45,business,,,18948.0,False,15:35,ok,2026-09-08T12:09:29.121625+05:30,2026-09-08_1209IST,airline_direct,IndiGo
BOM,BLR,6E,IndiGo,6E 5071,2026-10-23,45,economy,,,7062.0,False,15:35,ok,2026-09-08T12:09:29.121625+05:30,2026-09-08_1209IST,airline_direct,IndiGo
BOM,BLR,6E,IndiGo,6E 5217,2026-10-23,45,business,,,18948.0,False,11:00,ok,2026-09-08T12:09:29.121625+05:30,2026-09-08_1209IST,airline_direct,IndiGo
BOM,BLR,6E,IndiGo,6E 5217,2026-10-23,45,economy,,,7377.0,False,11:00,ok,2026-09-08T12:09:29.121625+05:30,2026-09-08_1209IST,airline_direct,IndiGo
BOM,BLR,6E,IndiGo,6E 5184,2026-10-23,45,business,,,18948.0,False,12:30,ok,2026-09-08T12:09:29.121625+05:30,2026-09-08_1209IST,airline_direct,IndiGo
BOM,BLR,6E,IndiGo,6E 5184,2026-10-23,45,economy,,,7377.0,False,12:30,ok,2026-09-08T12:09:29.121625+05:30,2026-09-08_1209IST,airline_direct,IndiGo
BOM,BLR,6E,IndiGo,6E 5382,2026-10-23,45,business,,,18948.0,False,14:30,ok,2026-09-08T12:09:29.121625+05:30,2026-09-08_1209IST,airline_direct,IndiGo
BOM,BLR,6E,IndiGo,6E 5382,2026-10-23,45,economy,,,7377.0,False,14:30,ok,2026-09-08T12:09:29.121625+05:30,2026-09-08_1209IST,airline_direct,IndiGo
BOM,BLR,6E,IndiGo,6E 5221,2026-10-23,45,business,,,18948.0,False,17:00,ok,2026-09-08T12:09:29.121625+05:30,2026-09-08_1209IST,airline_direct,IndiGo
BOM,BLR,6E,IndiGo,6E 5221,2026-10-23,45,economy,,,7377.0,False,17:00,ok,2026-09-08T12:09:29.121625+05:30,2026-09-08_1209IST,airline_direct,IndiGo
BOM,BLR,6E,IndiGo,6E 5047,2026-10-23,45,business,,,18948.0,False,18:30,ok,2026-09-08T12:09:29.121625+05:30,2026-09-08_1209IST,airline_direct,IndiGo
BOM,BLR,6E,IndiGo,6E 5047,2026-10-23,45,economy,,,7377.0,False,18:30,ok,2026-09-08T12:09:29.121625+05:30,2026-09-08_1209IST,airline_direct,IndiGo
BOM,BLR,6E,IndiGo,6E 5032,2026-10-23,45,business,,,18948.0,False,19:50,ok,2026-09-08T12:09:29.121625+05:30,2026-09-08_1209IST,airline_direct,IndiGo
BOM,BLR,6E,IndiGo,6E 5032,2026-10-23,45,economy,,,7377.0,False,19:50,ok,2026-09-08T12:09:29.121625+05:30,2026-09-08_1209IST,airline_direct,IndiGo
BOM,BLR,6E,IndiGo,6E 6188,2026-10-23,45,business,,,18948.0,False,21:30,ok,2026-09-08T12:09:29.121625+05:30,2026-09-08_1209IST,airline_direct,IndiGo
BOM,BLR,6E,IndiGo,6E 6188,2026-10-23,45,economy,,,7377.0,False,21:30,ok,2026-09-08T12:09:29.121625+05:30,2026-09-08_1209IST,airline_direct,IndiGo
BOM,BLR,6E,IndiGo,6E 5388,2026-10-23,45,business,,,18948.0,False,22:10,ok,2026-09-08T12:09:29.121625+05:30,2026-09-08_1209IST,airline_direct,IndiGo
BOM,BLR,6E,IndiGo,6E 5388,2026-10-23,45,economy,,,7377.0,False,22:10,ok,2026-09-08T12:09:29.121625+05:30,2026-09-08_1209IST,airline_direct,IndiGo
BOM,BLR,6E,IndiGo,6E 6361,2026-10-23,45,economy,,,7243.0,False,05:00,ok,2026-09-08T12:09:29.121625+05:30,2026-09-08_1209IST,airline_direct,IndiGo
BOM,BLR,6E,IndiGo,6E 230,2026-10-23,45,economy,,,7243.0,False,13:55,ok,2026-09-08T12:09:29.121625+05:30,2026-09-08_1209IST,airline_direct,IndiGo
BOM,BLR,6E,IndiGo,6E 5241,2026-10-23,45,economy,,,7243.0,False,16:40,ok,2026-09-08T12:09:29.121625+05:30,2026-09-08_1209IST,airline_direct,IndiGo
BOM,BLR,6E,IndiGo,6E 5241,2026-10-23,45,economy,,,7243.0,False,16:40,ok,2026-09-08T12:09:29.121625+05:30,2026-09-08_1209IST,airline_direct,IndiGo
BOM,BLR,6E,IndiGo,6E 5082,2026-10-23,45,economy,,,7243.0,False,17:55,ok,2026-09-08T12:09:29.121625+05:30,2026-09-08_1209IST,airline_direct,IndiGo
BOM,BLR,6E,IndiGo,6E 6187,2026-10-23,45,economy,,,7374.0,False,00:30,ok,2026-09-08T12:09:29.121625+05:30,2026-09-08_1209IST,airline_direct,IndiGo
BOM,BLR,6E,IndiGo,6E 5179,2026-10-23,45,business,,,20036.0,False,02:45,ok,2026-09-08T12:09:29.121625+05:30,2026-09-08_1209IST,airline_direct,IndiGo
BOM,BLR,6E,IndiGo,6E 5179,2026-10-23,45,economy,,,7374.0,False,02:45,ok,2026-09-08T12:09:29.121625+05:30,2026-09-08_1209IST,airline_direct,IndiGo
BOM,BLR,6E,IndiGo,6E 5179,2026-10-23,45,business,,,20887.0,False,02:45,ok,2026-09-08T12:09:29.121625+05:30,2026-09-08_1209IST,airline_direct,IndiGo
BOM,BLR,6E,IndiGo,6E 5179,2026-10-23,45,economy,,,7374.0,False,02:45,ok,2026-09-08T12:09:29.121625+05:30,2026-09-08_1209IST,airline_direct,IndiGo
BOM,BLR,6E,IndiGo,6E 6057,2026-10-23,45,economy,,,7374.0,False,09:15,ok,2026-09-08T12:09:29.121625+05:30,2026-09-08_1209IST,airline_direct,IndiGo
BOM,BLR,6E,IndiGo,6E 5386,2026-10-23,45,business,,,20441.0,False,15:10,ok,2026-09-08T12:09:29.121625+05:30,2026-09-08_1209IST,airline_direct,IndiGo
BOM,BLR,6E,IndiGo,6E 5386,2026-10-23,45,economy,,,7374.0,False,15:10,ok,2026-09-08T12:09:29.121625+05:30,2026-09-08_1209IST,airline_direct,IndiGo
BOM,BLR,6E,IndiGo,6E 5386,2026-10-23,45,business,,,20036.0,False,15:10,ok,2026-09-08T12:09:29.121625+05:30,2026-09-08_1209IST,airline_direct,IndiGo
BOM,BLR,6E,IndiGo,6E 5386,2026-10-23,45,economy,,,7374.0,False,15:10,ok,2026-09-08T12:09:29.121625+05:30,2026-09-08_1209IST,airline_direct,IndiGo
BOM,BLR,6E,IndiGo,6E 5228,2026-10-23,45,business,,,20036.0,False,16:45,ok,2026-09-08T12:09:29.121625+05:30,2026-09-08_1209IST,airline_direct,IndiGo
BOM,BLR,6E,IndiGo,6E 5228,2026-10-23,45,economy,,,7374.0,False,16:45,ok,2026-09-08T12:09:29.121625+05:30,2026-09-08_1209IST,airline_direct,IndiGo
BOM,BLR,6E,IndiGo,6E 911,2026-10-23,45,economy,,,7584.0,False,01:30,ok,2026-09-08T12:09:29.121625+05:30,2026-09-08_1209IST,airline_direct,IndiGo
BOM,BLR,6E,IndiGo,6E 632,2026-10-23,45,economy,,,7584.0,False,04:00,ok,2026-09-08T12:09:29.121625+05:30,2026-09-08_1209IST,airline_direct,IndiGo
BOM,BLR,6E,IndiGo,6E 6701,2026-10-23,45,economy,,,7584.0,False,05:35,ok,2026-09-08T12:09:29.121625+05:30,2026-09-08_1209IST,airline_direct,IndiGo
BOM,BLR,6E,IndiGo,6E 5188,2026-10-23,45,business,,,24383.0,False,06:15,ok,2026-09-08T12:09:29.121625+05:30,2026-09-08_1209IST,airline_direct,IndiGo
BOM,BLR,6E,IndiGo,6E 5188,2026-10-23,45,economy,,,7584.0,False,06:15,ok,2026-09-08T12:09:29.121625+05:30,2026-09-08_1209IST,airline_direct,IndiGo
BOM,BLR,6E,IndiGo,6E 5109,2026-10-23,45,economy,,,7584.0,False,09:35,ok,2026-09-08T12:09:29.121625+05:30,2026-09-08_1209IST,airline_direct,IndiGo
BOM,BLR,6E,IndiGo,6E 6349,2026-10-23,45,business,,,24040.0,False,11:40,ok,2026-09-08T12:09:29.121625+05:30,2026-09-08_1209IST,airline_direct,IndiGo
BOM,BLR,6E,IndiGo,6E 6349,2026-10-23,45,economy,,,7584.0,False,11:40,ok,2026-09-08T12:09:29.121625+05:30,2026-09-08_1209IST,airline_direct,IndiGo
BOM,BLR,6E,IndiGo,6E 2284,2026-10-23,45,economy,,,7584.0,False,12:05,ok,2026-09-08T12:09:29.121625+05:30,2026-09-08_1209IST,airline_direct,IndiGo
BOM,BLR,6E,IndiGo,6E 673,2026-10-23,45,economy,,,7584.0,False,12:30,ok,2026-09-08T12:09:29.121625+05:30,2026-09-08_1209IST,airline_direct,IndiGo
BOM,BLR,6E,IndiGo,6E 5337,2026-10-23,45,business,,,26670.0,False,13:45,ok,2026-09-08T12:09:29.121625+05:30,2026-09-08_1209IST,airline_direct,IndiGo
BOM,BLR,6E,IndiGo,6E 5337,2026-10-23,45,economy,,,7584.0,False,13:45,ok,2026-09-08T12:09:29.121625+05:30,2026-09-08_1209IST,airline_direct,IndiGo
BOM,BLR,6E,IndiGo,6E 5201,2026-10-23,45,economy,,,7584.0,False,14:55,ok,2026-09-08T12:09:29.121625+05:30,2026-09-08_1209IST,airline_direct,IndiGo
BOM,BLR,6E,IndiGo,6E 5196,2026-10-23,45,business,,,26670.0,False,15:25,ok,2026-09-08T12:09:29.121625+05:30,2026-09-08_1209IST,airline_direct,IndiGo
BOM,BLR,6E,IndiGo,6E 5196,2026-10-23,45,economy,,,7584.0,False,15:25,ok,2026-09-08T12:09:29.121625+05:30,2026-09-08_1209IST,airline_direct,IndiGo
BOM,BLR,6E,IndiGo,6E 5196,2026-10-23,45,business,,,27270.0,False,15:25,ok,2026-09-08T12:09:29.121625+05:30,2026-09-08_1209IST,airline_direct,IndiGo
BOM,BLR,6E,IndiGo,6E 5196,2026-10-23,45,economy,,,7584.0,False,15:25,ok,2026-09-08T12:09:29.121625+05:30,2026-09-08_1209IST,airline_direct,IndiGo
BOM,BLR,6E,IndiGo,6E 240,2026-10-23,45,economy,,,7584.0,False,15:45,ok,2026-09-08T12:09:29.121625+05:30,2026-09-08_1209IST,airline_direct,IndiGo
BOM,BLR,6E,IndiGo,6E 437,2026-10-23,45,economy,,,7584.0,False,17:10,ok,2026-09-08T12:09:29.121625+05:30,2026-09-08_1209IST,airline_direct,IndiGo
BOM,BLR,6E,IndiGo,6E 5048,2026-10-23,45,business,,,27270.0,False,17:25,ok,2026-09-08T12:09:29.121625+05:30,2026-09-08_1209IST,airline_direct,IndiGo
BOM,BLR,6E,IndiGo,6E 5048,2026-10-23,45,economy,,,7584.0,False,17:25,ok,2026-09-08T12:09:29.121625+05:30,2026-09-08_1209IST,airline_direct,IndiGo
BOM,BLR,6E,IndiGo,6E 5126,2026-10-23,45,economy,,,7584.0,False,18:15,ok,2026-09-08T12:09:29.121625+05:30,2026-09-08_1209IST,airline_direct,IndiGo
BOM,BLR,6E,IndiGo,6E 2237,2026-10-23,45,economy,,,7584.0,False,18:40,ok,2026-09-08T12:09:29.121625+05:30,2026-09-08_1209IST,airline_direct,IndiGo
BOM,BLR,6E,IndiGo,6E 5107,2026-10-23,45,economy,,,7584.0,False,20:00,ok,2026-09-08T12:09:29.121625+05:30,2026-09-08_1209IST,airline_direct,IndiGo
BOM,BLR,6E,IndiGo,6E 5152,2026-10-23,45,economy,,,7584.0,False,23:10,ok,2026-09-08T12:09:29.121625+05:30,2026-09-08_1209IST,airline_direct,IndiGo
BOM,BLR,6E,IndiGo,6E 230,2026-10-23,45,economy,,,7785.0,False,13:55,ok,2026-09-08T12:09:29.121625+05:30,2026-09-08_1209IST,airline_direct,IndiGo
BOM,BLR,6E,IndiGo,6E 5228,2026-10-23,45,business,,,25607.0,False,16:45,ok,2026-09-08T12:09:29.121625+05:30,2026-09-08_1209IST,airline_direct,IndiGo
BOM,BLR,6E,IndiGo,6E 5228,2026-10-23,45,economy,,,7916.0,False,16:45,ok,2026-09-08T12:09:29.121625+05:30,2026-09-08_1209IST,airline_direct,IndiGo
BOM,BLR,6E,IndiGo,6E 5181,2026-10-23,45,economy,,,8257.0,False,10:25,ok,2026-09-08T12:09:29.121625+05:30,2026-09-08_1209IST,airline_direct,IndiGo
BOM,BLR,6E,IndiGo,6E 261,2026-10-23,45,economy,,,8377.0,False,11:20,ok,2026-09-08T12:09:29.121625+05:30,2026-09-08_1209IST,airline_direct,IndiGo
BOM,BLR,6E,IndiGo,6E 261,2026-10-23,45,economy,,,8377.0,False,11:20,ok,2026-09-08T12:09:29.121625+05:30,2026-09-08_1209IST,airline_direct,IndiGo
BOM,BLR,6E,IndiGo,6E 5313,2026-10-23,45,business,,,26670.0,False,09:50,ok,2026-09-08T12:09:29.121625+05:30,2026-09-08_1209IST,airline_direct,IndiGo
BOM,BLR,6E,IndiGo,6E 5313,2026-10-23,45,economy,,,9364.0,False,09:50,ok,2026-09-08T12:09:29.121625+05:30,2026-09-08_1209IST,airline_direct,IndiGo
BOM,BLR,6E,IndiGo,6E 5313,2026-10-23,45,business,,,24040.0,False,09:50,ok,2026-09-08T12:09:29.121625+05:30,2026-09-08_1209IST,airline_direct,IndiGo
BOM,BLR,6E,IndiGo,6E 5313,2026-10-23,45,economy,,,9364.0,False,09:50,ok,2026-09-08T12:09:29.121625+05:30,2026-09-08_1209IST,airline_direct,IndiGo
BOM,BLR,6E,IndiGo,6E 5204,2026-10-23,45,business,,,26670.0,False,08:15,ok,2026-09-08T12:09:29.121625+05:30,2026-09-08_1209IST,airline_direct,IndiGo
BOM,BLR,6E,IndiGo,6E 5204,2026-10-23,45,economy,,,10068.0,False,08:15,ok,2026-09-08T12:09:29.121625+05:30,2026-09-08_1209IST,airline_direct,IndiGo
BOM,BLR,6E,IndiGo,6E 6802,2026-10-23,45,economy,,,10537.0,False,16:55,ok,2026-09-08T12:09:29.121625+05:30,2026-09-08_1209IST,airline_direct,IndiGo
BOM,BLR,6E,IndiGo,6E 5318,2026-10-23,45,business,,,21922.0,False,10:15,ok,2026-09-08T12:09:29.121625+05:30,2026-09-08_1209IST,airline_direct,IndiGo
BOM,BLR,6E,IndiGo,6E 5318,2026-10-23,45,economy,,,12021.0,False,10:15,ok,2026-09-08T12:09:29.121625+05:30,2026-09-08_1209IST,airline_direct,IndiGo
BOM,BLR,6E,IndiGo,6E 5178,2026-10-23,45,business,,,21922.0,False,11:45,ok,2026-09-08T12:09:29.121625+05:30,2026-09-08_1209IST,airline_direct,IndiGo
BOM,BLR,6E,IndiGo,6E 5178,2026-10-23,45,economy,,,12021.0,False,11:45,ok,2026-09-08T12:09:29.121625+05:30,2026-09-08_1209IST,airline_direct,IndiGo
BOM,BLR,6E,IndiGo,6E 5318,2026-10-23,45,business,,,23913.0,False,10:15,ok,2026-09-08T12:09:29.121625+05:30,2026-09-08_1209IST,airline_direct,IndiGo
BOM,BLR,6E,IndiGo,6E 5318,2026-10-23,45,economy,,,13793.0,False,10:15,ok,2026-09-08T12:09:29.121625+05:30,2026-09-08_1209IST,airline_direct,IndiGo
BOM,BLR,6E,IndiGo,6E 5178,2026-10-23,45,business,,,23913.0,False,11:45,ok,2026-09-08T12:09:29.121625+05:30,2026-09-08_1209IST,airline_direct,IndiGo
BOM,BLR,6E,IndiGo,6E 5178,2026-10-23,45,economy,,,13793.0,False,11:45,ok,2026-09-08T12:09:29.121625+05:30,2026-09-08_1209IST,airline_direct,IndiGo
DEL,CCU,6E,IndiGo,6E 930,2026-10-23,45,business,,,22600.0,False,02:45,ok,2026-09-08T12:10:30.653036+05:30,2026-09-08_1210IST,airline_direct,IndiGo
DEL,CCU,6E,IndiGo,6E 930,2026-10-23,45,economy,,,11643.0,False,02:45,ok,2026-09-08T12:10:30.653036+05:30,2026-09-08_1210IST,airline_direct,IndiGo
DEL,CCU,6E,IndiGo,6E 513,2026-10-23,45,business,,,22600.0,False,08:30,ok,2026-09-08T12:10:30.653036+05:30,2026-09-08_1210IST,airline_direct,IndiGo
DEL,CCU,6E,IndiGo,6E 513,2026-10-23,45,economy,,,14058.0,False,08:30,ok,2026-09-08T12:10:30.653036+05:30,2026-09-08_1210IST,airline_direct,IndiGo
DEL,CCU,6E,IndiGo,6E 894,2026-10-23,45,business,,,22600.0,False,10:15,ok,2026-09-08T12:10:30.653036+05:30,2026-09-08_1210IST,airline_direct,IndiGo
DEL,CCU,6E,IndiGo,6E 894,2026-10-23,45,economy,,,14058.0,False,10:15,ok,2026-09-08T12:10:30.653036+05:30,2026-09-08_1210IST,airline_direct,IndiGo
DEL,CCU,6E,IndiGo,6E 247,2026-10-23,45,business,,,22600.0,False,23:30,ok,2026-09-08T12:10:30.653036+05:30,2026-09-08_1210IST,airline_direct,IndiGo
DEL,CCU,6E,IndiGo,6E 247,2026-10-23,45,economy,,,14058.0,False,23:30,ok,2026-09-08T12:10:30.653036+05:30,2026-09-08_1210IST,airline_direct,IndiGo
DEL,CCU,6E,IndiGo,6E 910,2026-10-23,45,business,,,22600.0,False,14:25,ok,2026-09-08T12:10:30.653036+05:30,2026-09-08_1210IST,airline_direct,IndiGo
DEL,CCU,6E,IndiGo,6E 910,2026-10-23,45,economy,,,14950.0,False,14:25,ok,2026-09-08T12:10:30.653036+05:30,2026-09-08_1210IST,airline_direct,IndiGo
DEL,CCU,6E,IndiGo,6E 340,2026-10-23,45,business,,,22600.0,False,07:20,ok,2026-09-08T12:10:30.653036+05:30,2026-09-08_1210IST,airline_direct,IndiGo
DEL,CCU,6E,IndiGo,6E 340,2026-10-23,45,economy,,,17838.0,False,07:20,ok,2026-09-08T12:10:30.653036+05:30,2026-09-08_1210IST,airline_direct,IndiGo
DEL,CCU,6E,IndiGo,6E 897,2026-10-23,45,business,,,22600.0,False,12:45,ok,2026-09-08T12:10:30.653036+05:30,2026-09-08_1210IST,airline_direct,IndiGo
DEL,CCU,6E,IndiGo,6E 897,2026-10-23,45,economy,,,17838.0,False,12:45,ok,2026-09-08T12:10:30.653036+05:30,2026-09-08_1210IST,airline_direct,IndiGo
DEL,CCU,6E,IndiGo,6E 389,2026-10-23,45,business,,,22600.0,False,21:50,ok,2026-09-08T12:10:30.653036+05:30,2026-09-08_1210IST,airline_direct,IndiGo
DEL,CCU,6E,IndiGo,6E 389,2026-10-23,45,economy,,,17838.0,False,21:50,ok,2026-09-08T12:10:30.653036+05:30,2026-09-08_1210IST,airline_direct,IndiGo
DEL,CCU,6E,IndiGo,6E 5191,2026-10-23,45,business,,,22600.0,False,05:00,ok,2026-09-08T12:10:30.653036+05:30,2026-09-08_1210IST,airline_direct,IndiGo
DEL,CCU,6E,IndiGo,6E 5191,2026-10-23,45,economy,,,18993.0,False,05:00,ok,2026-09-08T12:10:30.653036+05:30,2026-09-08_1210IST,airline_direct,IndiGo
DEL,CCU,6E,IndiGo,6E 6415,2026-10-23,45,business,,,22600.0,False,16:00,ok,2026-09-08T12:10:30.653036+05:30,2026-09-08_1210IST,airline_direct,IndiGo
DEL,CCU,6E,IndiGo,6E 6415,2026-10-23,45,economy,,,18993.0,False,16:00,ok,2026-09-08T12:10:30.653036+05:30,2026-09-08_1210IST,airline_direct,IndiGo
DEL,CCU,6E,IndiGo,6E 2276,2026-10-23,45,business,,,22600.0,False,17:55,ok,2026-09-08T12:10:30.653036+05:30,2026-09-08_1210IST,airline_direct,IndiGo
DEL,CCU,6E,IndiGo,6E 2276,2026-10-23,45,economy,,,18993.0,False,17:55,ok,2026-09-08T12:10:30.653036+05:30,2026-09-08_1210IST,airline_direct,IndiGo
DEL,CCU,6E,IndiGo,6E 6517,2026-10-23,45,business,,,22600.0,False,19:30,ok,2026-09-08T12:10:30.653036+05:30,2026-09-08_1210IST,airline_direct,IndiGo
DEL,CCU,6E,IndiGo,6E 6517,2026-10-23,45,economy,,,20253.0,False,19:30,ok,2026-09-08T12:10:30.653036+05:30,2026-09-08_1210IST,airline_direct,IndiGo
DEL,CCU,6E,IndiGo,6E 6312,2026-10-23,45,economy,,,7507.0,False,14:25,ok,2026-09-08T12:10:30.653036+05:30,2026-09-08_1210IST,airline_direct,IndiGo
DEL,CCU,6E,IndiGo,6E 6503,2026-10-23,45,economy,,,8509.0,False,13:25,ok,2026-09-08T12:10:30.653036+05:30,2026-09-08_1210IST,airline_direct,IndiGo
DEL,CCU,6E,IndiGo,6E 6459,2026-10-23,45,economy,,,8783.0,False,05:55,ok,2026-09-08T12:10:30.653036+05:30,2026-09-08_1210IST,airline_direct,IndiGo
DEL,CCU,6E,IndiGo,6E 5036,2026-10-23,45,economy,,,8783.0,False,08:00,ok,2026-09-08T12:10:30.653036+05:30,2026-09-08_1210IST,airline_direct,IndiGo
DEL,CCU,6E,IndiGo,6E 6053,2026-10-23,45,economy,,,8862.0,False,13:05,ok,2026-09-08T12:10:30.653036+05:30,2026-09-08_1210IST,airline_direct,IndiGo
DEL,CCU,6E,IndiGo,6E 6503,2026-10-23,45,economy,,,9177.0,False,13:25,ok,2026-09-08T12:10:30.653036+05:30,2026-09-08_1210IST,airline_direct,IndiGo
DEL,CCU,6E,IndiGo,6E 6371,2026-10-23,45,economy,,,9308.0,False,06:20,ok,2026-09-08T12:10:30.653036+05:30,2026-09-08_1210IST,airline_direct,IndiGo
DEL,CCU,6E,IndiGo,6E 734,2026-10-23,45,economy,,,9518.0,False,16:20,ok,2026-09-08T12:10:30.653036+05:30,2026-09-08_1210IST,airline_direct,IndiGo
DEL,CCU,6E,IndiGo,6E 6190,2026-10-23,45,economy,,,9597.0,False,07:40,ok,2026-09-08T12:10:30.653036+05:30,2026-09-08_1210IST,airline_direct,IndiGo
DEL,CCU,6E,IndiGo,6E 5119,2026-10-23,45,economy,,,9938.0,False,05:10,ok,2026-09-08T12:10:30.653036+05:30,2026-09-08_1210IST,airline_direct,IndiGo
DEL,CCU,6E,IndiGo,6E 2331,2026-10-23,45,economy,,,9938.0,False,12:20,ok,2026-09-08T12:10:30.653036+05:30,2026-09-08_1210IST,airline_direct,IndiGo
DEL,CCU,6E,IndiGo,6E 2259,2026-10-23,45,economy,,,10921.0,False,12:20,ok,2026-09-08T12:10:30.653036+05:30,2026-09-08_1210IST,airline_direct,IndiGo
DEL,CCU,6E,IndiGo,6E 2614,2026-10-23,45,economy,,,10921.0,False,14:40,ok,2026-09-08T12:10:30.653036+05:30,2026-09-08_1210IST,airline_direct,IndiGo
DEL,CCU,6E,IndiGo,6E 6236,2026-10-23,45,economy,,,11387.0,False,16:20,ok,2026-09-08T12:10:30.653036+05:30,2026-09-08_1210IST,airline_direct,IndiGo
DEL,CCU,6E,IndiGo,6E 6245,2026-10-23,45,economy,,,11545.0,False,06:20,ok,2026-09-08T12:10:30.653036+05:30,2026-09-08_1210IST,airline_direct,IndiGo
DEL,CCU,6E,IndiGo,6E 5073,2026-10-23,45,economy,,,11632.0,False,17:05,ok,2026-09-08T12:10:30.653036+05:30,2026-09-08_1210IST,airline_direct,IndiGo
DEL,CCU,6E,IndiGo,6E 6551,2026-10-23,45,economy,,,11737.0,False,12:00,ok,2026-09-08T12:10:30.653036+05:30,2026-09-08_1210IST,airline_direct,IndiGo
DEL,CCU,6E,IndiGo,6E 2453,2026-10-23,45,economy,,,11807.0,False,13:35,ok,2026-09-08T12:10:30.653036+05:30,2026-09-08_1210IST,airline_direct,IndiGo
DEL,CCU,6E,IndiGo,6E 6190,2026-10-23,45,economy,,,12268.0,False,07:40,ok,2026-09-08T12:10:30.653036+05:30,2026-09-08_1210IST,airline_direct,IndiGo
DEL,CCU,6E,IndiGo,6E 6378,2026-10-23,45,economy,,,12373.0,False,14:40,ok,2026-09-08T12:10:30.653036+05:30,2026-09-08_1210IST,airline_direct,IndiGo
DEL,CCU,6E,IndiGo,6E 2453,2026-10-23,45,economy,,,12647.0,False,13:35,ok,2026-09-08T12:10:30.653036+05:30,2026-09-08_1210IST,airline_direct,IndiGo
DEL,CCU,6E,IndiGo,6E 2769,2026-10-23,45,economy,,,12804.0,False,08:10,ok,2026-09-08T12:10:30.653036+05:30,2026-09-08_1210IST,airline_direct,IndiGo
DEL,CCU,6E,IndiGo,6E 2373,2026-10-23,45,economy,,,13172.0,False,11:10,ok,2026-09-08T12:10:30.653036+05:30,2026-09-08_1210IST,airline_direct,IndiGo
DEL,CCU,6E,IndiGo,6E 6124,2026-10-23,45,economy,,,13445.0,False,07:30,ok,2026-09-08T12:10:30.653036+05:30,2026-09-08_1210IST,airline_direct,IndiGo
DEL,CCU,6E,IndiGo,6E 717,2026-10-23,45,business,,,28201.0,False,17:55,ok,2026-09-08T12:10:30.653036+05:30,2026-09-08_1210IST,airline_direct,IndiGo
DEL,CCU,6E,IndiGo,6E 717,2026-10-23,45,economy,,,14134.0,False,17:55,ok,2026-09-08T12:10:30.653036+05:30,2026-09-08_1210IST,airline_direct,IndiGo
DEL,CCU,6E,IndiGo,6E 5033,2026-10-23,45,economy,,,14520.0,False,15:50,ok,2026-09-08T12:10:30.653036+05:30,2026-09-08_1210IST,airline_direct,IndiGo
DEL,CCU,6E,IndiGo,6E 203,2026-10-23,45,business,,,28673.0,False,07:10,ok,2026-09-08T12:10:30.653036+05:30,2026-09-08_1210IST,airline_direct,IndiGo
DEL,CCU,6E,IndiGo,6E 203,2026-10-23,45,economy,,,14554.0,False,07:10,ok,2026-09-08T12:10:30.653036+05:30,2026-09-08_1210IST,airline_direct,IndiGo
DEL,CCU,6E,IndiGo,6E 705,2026-10-23,45,business,,,28673.0,False,08:30,ok,2026-09-08T12:10:30.653036+05:30,2026-09-08_1210IST,airline_direct,IndiGo
DEL,CCU,6E,IndiGo,6E 705,2026-10-23,45,economy,,,14554.0,False,08:30,ok,2026-09-08T12:10:30.653036+05:30,2026-09-08_1210IST,airline_direct,IndiGo
DEL,CCU,6E,IndiGo,6E 5307,2026-10-23,45,economy,,,14625.0,False,10:50,ok,2026-09-08T12:10:30.653036+05:30,2026-09-08_1210IST,airline_direct,IndiGo
DEL,CCU,6E,IndiGo,6E 6217,2026-10-23,45,business,,,28909.0,False,16:15,ok,2026-09-08T12:10:30.653036+05:30,2026-09-08_1210IST,airline_direct,IndiGo
DEL,CCU,6E,IndiGo,6E 6217,2026-10-23,45,economy,,,14764.0,False,16:15,ok,2026-09-08T12:10:30.653036+05:30,2026-09-08_1210IST,airline_direct,IndiGo
DEL,CCU,6E,IndiGo,6E 717,2026-10-23,45,business,,,28909.0,False,17:55,ok,2026-09-08T12:10:30.653036+05:30,2026-09-08_1210IST,airline_direct,IndiGo
DEL,CCU,6E,IndiGo,6E 717,2026-10-23,45,economy,,,14764.0,False,17:55,ok,2026-09-08T12:10:30.653036+05:30,2026-09-08_1210IST,airline_direct,IndiGo
DEL,CCU,6E,IndiGo,6E 6246,2026-10-23,45,economy,,,14841.0,False,05:25,ok,2026-09-08T12:10:30.653036+05:30,2026-09-08_1210IST,airline_direct,IndiGo
DEL,CCU,6E,IndiGo,6E 705,2026-10-23,45,business,,,29263.0,False,08:30,ok,2026-09-08T12:10:30.653036+05:30,2026-09-08_1210IST,airline_direct,IndiGo
DEL,CCU,6E,IndiGo,6E 705,2026-10-23,45,economy,,,15079.0,False,08:30,ok,2026-09-08T12:10:30.653036+05:30,2026-09-08_1210IST,airline_direct,IndiGo
DEL,CCU,6E,IndiGo,6E 6282,2026-10-23,45,business,,,29263.0,False,13:30,ok,2026-09-08T12:10:30.653036+05:30,2026-09-08_1210IST,airline_direct,IndiGo
DEL,CCU,6E,IndiGo,6E 6282,2026-10-23,45,economy,,,15079.0,False,13:30,ok,2026-09-08T12:10:30.653036+05:30,2026-09-08_1210IST,airline_direct,IndiGo
DEL,CCU,6E,IndiGo,6E 704,2026-10-23,45,business,,,27493.0,False,02:25,ok,2026-09-08T12:10:30.653036+05:30,2026-09-08_1210IST,airline_direct,IndiGo
DEL,CCU,6E,IndiGo,6E 704,2026-10-23,45,economy,,,15576.0,False,02:25,ok,2026-09-08T12:10:30.653036+05:30,2026-09-08_1210IST,airline_direct,IndiGo
DEL,CCU,6E,IndiGo,6E 2361,2026-10-23,45,economy,,,15820.0,False,14:35,ok,2026-09-08T12:10:30.653036+05:30,2026-09-08_1210IST,airline_direct,IndiGo
DEL,CCU,6E,IndiGo,6E 5307,2026-10-23,45,economy,,,15921.0,False,10:50,ok,2026-09-08T12:10:30.653036+05:30,2026-09-08_1210IST,airline_direct,IndiGo
DEL,CCU,6E,IndiGo,6E 704,2026-10-23,45,business,,,28201.0,False,02:25,ok,2026-09-08T12:10:30.653036+05:30,2026-09-08_1210IST,airline_direct,IndiGo
DEL,CCU,6E,IndiGo,6E 704,2026-10-23,45,economy,,,16206.0,False,02:25,ok,2026-09-08T12:10:30.653036+05:30,2026-09-08_1210IST,airline_direct,IndiGo
DEL,CCU,6E,IndiGo,6E 6073,2026-10-23,45,economy,,,16626.0,False,05:00,ok,2026-09-08T12:10:30.653036+05:30,2026-09-08_1210IST,airline_direct,IndiGo
DEL,CCU,6E,IndiGo,6E 6829,2026-10-23,45,economy,,,16979.0,False,17:20,ok,2026-09-08T12:10:30.653036+05:30,2026-09-08_1210IST,airline_direct,IndiGo
DEL,CCU,6E,IndiGo,6E 6293,2026-10-23,45,business,,,29263.0,False,09:55,ok,2026-09-08T12:10:30.653036+05:30,2026-09-08_1210IST,airline_direct,IndiGo
DEL,CCU,6E,IndiGo,6E 6293,2026-10-23,45,economy,,,17151.0,False,09:55,ok,2026-09-08T12:10:30.653036+05:30,2026-09-08_1210IST,airline_direct,IndiGo
DEL,CCU,6E,IndiGo,6E 2296,2026-10-23,45,economy,,,18306.0,False,09:20,ok,2026-09-08T12:10:30.653036+05:30,2026-09-08_1210IST,airline_direct,IndiGo
DEL,CCU,6E,IndiGo,6E 5298,2026-10-23,45,economy,,,20530.0,False,09:00,ok,2026-09-08T12:10:30.653036+05:30,2026-09-08_1210IST,airline_direct,IndiGo
DEL,CCU,6E,IndiGo,6E 5215,2026-10-23,45,economy,,,20767.0,False,07:40,ok,2026-09-08T12:10:30.653036+05:30,2026-09-08_1210IST,airline_direct,IndiGo
DEL,CCU,6E,IndiGo,6E 5041,2026-10-23,45,economy,,,24547.0,False,15:10,ok,2026-09-08T12:10:30.653036+05:30,2026-09-08_1210IST,airline_direct,IndiGo
DEL,CCU,6E,IndiGo,6E 5038,2026-10-23,45,economy,,,26192.0,False,14:00,ok,2026-09-08T12:10:30.653036+05:30,2026-09-08_1210IST,airline_direct,IndiGo
DEL,CCU,6E,IndiGo,6E 5041,2026-10-23,45,economy,,,26857.0,False,15:10,ok,2026-09-08T12:10:30.653036+05:30,2026-09-08_1210IST,airline_direct,IndiGo
DEL,CCU,6E,IndiGo,6E 2316,2026-10-23,45,economy,,,29587.0,False,17:30,ok,2026-09-08T12:10:30.653036+05:30,2026-09-08_1210IST,airline_direct,IndiGo
