origin,destination,carrier_code,carrier_name,flight_num,travel_date,advance_purchase_days,fare_class,base_fare,taxes_and_fees,total_fare,fare_split_estimated,departure_time,status,scraped_at,capture_run,source,source_name
DEL,BOM,6E,IndiGo,error,2026-09-09,1,unknown,,,,False,unknown,error,2026-09-08T02:15:46.813517+05:30,2026-09-08_0215IST,airline_direct,IndiGo
DEL,BLR,6E,IndiGo,error,2026-09-09,1,unknown,,,,False,unknown,error,2026-09-08T02:18:01.684973+05:30,2026-09-08_0218IST,airline_direct,IndiGo
BOM,BLR,6E,IndiGo,6E 5323,2026-09-09,1,business,,,22488.0,False,01:10,ok,2026-09-08T02:20:26.261926+05:30,2026-09-08_0220IST,airline_direct,IndiGo
BOM,BLR,6E,IndiGo,6E 5323,2026-09-09,1,economy,,,4893.0,False,01:10,ok,2026-09-08T02:20:26.261926+05:30,2026-09-08_0220IST,airline_direct,IndiGo
BOM,BLR,6E,IndiGo,6E 5294,2026-09-09,1,business,,,22488.0,False,04:30,ok,2026-09-08T02:20:26.261926+05:30,2026-09-08_0220IST,airline_direct,IndiGo
BOM,BLR,6E,IndiGo,6E 5294,2026-09-09,1,economy,,,4893.0,False,04:30,ok,2026-09-08T02:20:26.261926+05:30,2026-09-08_0220IST,airline_direct,IndiGo
BOM,BLR,6E,IndiGo,6E 5296,2026-09-09,1,business,,,22488.0,False,06:30,ok,2026-09-08T02:20:26.261926+05:30,2026-09-08_0220IST,airline_direct,IndiGo
BOM,BLR,6E,IndiGo,6E 5296,2026-09-09,1,economy,,,6747.0,False,06:30,ok,2026-09-08T02:20:26.261926+05:30,2026-09-08_0220IST,airline_direct,IndiGo
BOM,BLR,6E,IndiGo,6E 5092,2026-09-09,1,business,,,22488.0,False,09:50,ok,2026-09-08T02:20:26.261926+05:30,2026-09-08_0220IST,airline_direct,IndiGo
BOM,BLR,6E,IndiGo,6E 5092,2026-09-09,1,economy,,,6747.0,False,09:50,ok,2026-09-08T02:20:26.261926+05:30,2026-09-08_0220IST,airline_direct,IndiGo
BOM,BLR,6E,IndiGo,6E 5217,2026-09-09,1,business,,,22488.0,False,11:00,ok,2026-09-08T02:20:26.261926+05:30,2026-09-08_0220IST,airline_direct,IndiGo
BOM,BLR,6E,IndiGo,6E 5217,2026-09-09,1,economy,,,6747.0,False,11:00,ok,2026-09-08T02:20:26.261926+05:30,2026-09-08_0220IST,airline_direct,IndiGo
BOM,BLR,6E,IndiGo,6E 5184,2026-09-09,1,business,,,22488.0,False,12:30,ok,2026-09-08T02:20:26.261926+05:30,2026-09-08_0220IST,airline_direct,IndiGo
BOM,BLR,6E,IndiGo,6E 5184,2026-09-09,1,economy,,,6747.0,False,12:30,ok,2026-09-08T02:20:26.261926+05:30,2026-09-08_0220IST,airline_direct,IndiGo
BOM,BLR,6E,IndiGo,6E 5382,2026-09-09,1,business,,,22488.0,False,14:30,ok,2026-09-08T02:20:26.261926+05:30,2026-09-08_0220IST,airline_direct,IndiGo
BOM,BLR,6E,IndiGo,6E 5382,2026-09-09,1,economy,,,6747.0,False,14:30,ok,2026-09-08T02:20:26.261926+05:30,2026-09-08_0220IST,airline_direct,IndiGo
BOM,BLR,6E,IndiGo,6E 5071,2026-09-09,1,business,,,22488.0,False,15:35,ok,2026-09-08T02:20:26.261926+05:30,2026-09-08_0220IST,airline_direct,IndiGo
BOM,BLR,6E,IndiGo,6E 5071,2026-09-09,1,economy,,,6747.0,False,15:35,ok,2026-09-08T02:20:26.261926+05:30,2026-09-08_0220IST,airline_direct,IndiGo
BOM,BLR,6E,IndiGo,6E 5388,2026-09-09,1,business,,,22488.0,False,22:20,ok,2026-09-08T02:20:26.261926+05:30,2026-09-08_0220IST,airline_direct,IndiGo
BOM,BLR,6E,IndiGo,6E 5388,2026-09-09,1,economy,,,6747.0,False,22:20,ok,2026-09-08T02:20:26.261926+05:30,2026-09-08_0220IST,airline_direct,IndiGo
BOM,BLR,6E,IndiGo,6E 5221,2026-09-09,1,business,,,22488.0,False,17:00,ok,2026-09-08T02:20:26.261926+05:30,2026-09-08_0220IST,airline_direct,IndiGo
BOM,BLR,6E,IndiGo,6E 5221,2026-09-09,1,economy,,,7062.0,False,17:00,ok,2026-09-08T02:20:26.261926+05:30,2026-09-08_0220IST,airline_direct,IndiGo
BOM,BLR,6E,IndiGo,6E 6188,2026-09-09,1,business,,,22488.0,False,21:30,ok,2026-09-08T02:20:26.261926+05:30,2026-09-08_0220IST,airline_direct,IndiGo
BOM,BLR,6E,IndiGo,6E 6188,2026-09-09,1,economy,,,9267.0,False,21:30,ok,2026-09-08T02:20:26.261926+05:30,2026-09-08_0220IST,airline_direct,IndiGo
BOM,BLR,6E,IndiGo,6E 5047,2026-09-09,1,business,,,22488.0,False,18:30,ok,2026-09-08T02:20:26.261926+05:30,2026-09-08_0220IST,airline_direct,IndiGo
BOM,BLR,6E,IndiGo,6E 5047,2026-09-09,1,economy,,,9792.0,False,18:30,ok,2026-09-08T02:20:26.261926+05:30,2026-09-08_0220IST,airline_direct,IndiGo
BOM,BLR,6E,IndiGo,6E 5193,2026-09-09,1,economy,,,11052.0,False,08:05,ok,2026-09-08T02:20:26.261926+05:30,2026-09-08_0220IST,airline_direct,IndiGo
BOM,BLR,6E,IndiGo,6E 5032,2026-09-09,1,business,,,22488.0,False,19:55,ok,2026-09-08T02:20:26.261926+05:30,2026-09-08_0220IST,airline_direct,IndiGo
BOM,BLR,6E,IndiGo,6E 5032,2026-09-09,1,economy,,,14202.0,False,19:55,ok,2026-09-08T02:20:26.261926+05:30,2026-09-08_0220IST,airline_direct,IndiGo
BOM,BLR,6E,IndiGo,6E 673,2026-09-09,1,economy,,,5463.0,False,12:30,ok,2026-09-08T02:20:26.261926+05:30,2026-09-08_0220IST,airline_direct,IndiGo
BOM,BLR,6E,IndiGo,6E 5196,2026-09-09,1,economy,,,5463.0,False,15:25,ok,2026-09-08T02:20:26.261926+05:30,2026-09-08_0220IST,airline_direct,IndiGo
BOM,BLR,6E,IndiGo,6E 437,2026-09-09,1,economy,,,5463.0,False,17:10,ok,2026-09-08T02:20:26.261926+05:30,2026-09-08_0220IST,airline_direct,IndiGo
BOM,BLR,6E,IndiGo,6E 673,2026-09-09,1,economy,,,5840.0,False,12:30,ok,2026-09-08T02:20:26.261926+05:30,2026-09-08_0220IST,airline_direct,IndiGo
BOM,BLR,6E,IndiGo,6E 5241,2026-09-09,1,economy,,,6369.0,False,16:40,ok,2026-09-08T02:20:26.261926+05:30,2026-09-08_0220IST,airline_direct,IndiGo
BOM,BLR,6E,IndiGo,6E 6701,2026-09-09,1,economy,,,6710.0,False,05:35,ok,2026-09-08T02:20:26.261926+05:30,2026-09-08_0220IST,airline_direct,IndiGo
BOM,BLR,6E,IndiGo,6E 6701,2026-09-09,1,economy,,,7210.0,False,05:35,ok,2026-09-08T02:20:26.261926+05:30,2026-09-08_0220IST,airline_direct,IndiGo
BOM,BLR,6E,IndiGo,6E 2060,2026-09-09,1,economy,,,7683.0,False,10:05,ok,2026-09-08T02:20:26.261926+05:30,2026-09-08_0220IST,airline_direct,IndiGo
BOM,BLR,6E,IndiGo,6E 240,2026-09-09,1,economy,,,7761.0,False,15:45,ok,2026-09-08T02:20:26.261926+05:30,2026-09-08_0220IST,airline_direct,IndiGo
BOM,BLR,6E,IndiGo,6E 230,2026-09-09,1,economy,,,8025.0,False,13:55,ok,2026-09-08T02:20:26.261926+05:30,2026-09-08_0220IST,airline_direct,IndiGo
BOM,BLR,6E,IndiGo,6E 6802,2026-09-09,1,economy,,,8288.0,False,16:55,ok,2026-09-08T02:20:26.261926+05:30,2026-09-08_0220IST,airline_direct,IndiGo
BOM,BLR,6E,IndiGo,6E 5126,2026-09-09,1,economy,,,8366.0,False,18:15,ok,2026-09-08T02:20:26.261926+05:30,2026-09-08_0220IST,airline_direct,IndiGo
BOM,BLR,6E,IndiGo,6E 6599,2026-09-09,1,economy,,,8498.0,False,16:50,ok,2026-09-08T02:20:26.261926+05:30,2026-09-08_0220IST,airline_direct,IndiGo
BOM,BLR,6E,IndiGo,6E 5109,2026-09-09,1,economy,,,9763.0,False,09:35,ok,2026-09-08T02:20:26.261926+05:30,2026-09-08_0220IST,airline_direct,IndiGo
BOM,BLR,6E,IndiGo,6E 6674,2026-09-09,1,economy,,,10356.0,False,09:05,ok,2026-09-08T02:20:26.261926+05:30,2026-09-08_0220IST,airline_direct,IndiGo
BOM,BLR,6E,IndiGo,6E 5123,2026-09-09,1,economy,,,10487.0,False,14:40,ok,2026-09-08T02:20:26.261926+05:30,2026-09-08_0220IST,airline_direct,IndiGo
BOM,BLR,6E,IndiGo,6E 5188,2026-09-09,1,economy,,,10566.0,False,06:15,ok,2026-09-08T02:20:26.261926+05:30,2026-09-08_0220IST,airline_direct,IndiGo
BOM,BLR,6E,IndiGo,6E 5241,2026-09-09,1,economy,,,10914.0,False,16:40,ok,2026-09-08T02:20:26.261926+05:30,2026-09-08_0220IST,airline_direct,IndiGo
BOM,BLR,6E,IndiGo,6E 5178,2026-09-09,1,economy,,,11240.0,False,11:45,ok,2026-09-08T02:20:26.261926+05:30,2026-09-08_0220IST,airline_direct,IndiGo
BOM,BLR,6E,IndiGo,6E 5386,2026-09-09,1,economy,,,11240.0,False,15:10,ok,2026-09-08T02:20:26.261926+05:30,2026-09-08_0220IST,airline_direct,IndiGo
BOM,BLR,6E,IndiGo,6E 632,2026-09-09,1,economy,,,11450.0,False,04:00,ok,2026-09-08T02:20:26.261926+05:30,2026-09-08_0220IST,airline_direct,IndiGo
BOM,BLR,6E,IndiGo,6E 5337,2026-09-09,1,economy,,,11450.0,False,13:45,ok,2026-09-08T02:20:26.261926+05:30,2026-09-08_0220IST,airline_direct,IndiGo
BOM,BLR,6E,IndiGo,6E 5196,2026-09-09,1,economy,,,11450.0,False,15:25,ok,2026-09-08T02:20:26.261926+05:30,2026-09-08_0220IST,airline_direct,IndiGo
BOM,BLR,6E,IndiGo,6E 5107,2026-09-09,1,economy,,,11450.0,False,20:00,ok,2026-09-08T02:20:26.261926+05:30,2026-09-08_0220IST,airline_direct,IndiGo
BOM,BLR,6E,IndiGo,6E 6349,2026-09-09,1,economy,,,11658.0,False,11:40,ok,2026-09-08T02:20:26.261926+05:30,2026-09-08_0220IST,airline_direct,IndiGo
BOM,BLR,6E,IndiGo,6E 230,2026-09-09,1,economy,,,11953.0,False,13:55,ok,2026-09-08T02:20:26.261926+05:30,2026-09-08_0220IST,airline_direct,IndiGo
BOM,BLR,6E,IndiGo,6E 261,2026-09-09,1,economy,,,12080.0,False,11:20,ok,2026-09-08T02:20:26.261926+05:30,2026-09-08_0220IST,airline_direct,IndiGo
BOM,BLR,6E,IndiGo,6E 5082,2026-09-09,1,economy,,,12080.0,False,18:05,ok,2026-09-08T02:20:26.261926+05:30,2026-09-08_0220IST,airline_direct,IndiGo
BOM,BLR,6E,IndiGo,6E 5313,2026-09-09,1,economy,,,12174.0,False,09:50,ok,2026-09-08T02:20:26.261926+05:30,2026-09-08_0220IST,airline_direct,IndiGo
BOM,BLR,6E,IndiGo,6E 5313,2026-09-09,1,economy,,,12174.0,False,09:50,ok,2026-09-08T02:20:26.261926+05:30,2026-09-08_0220IST,airline_direct,IndiGo
BOM,BLR,6E,IndiGo,6E 6057,2026-09-09,1,economy,,,12211.0,False,09:15,ok,2026-09-08T02:20:26.261926+05:30,2026-09-08_0220IST,airline_direct,IndiGo
BOM,BLR,6E,IndiGo,6E 5178,2026-09-09,1,economy,,,12211.0,False,11:45,ok,2026-09-08T02:20:26.261926+05:30,2026-09-08_0220IST,airline_direct,IndiGo
BOM,BLR,6E,IndiGo,6E 6361,2026-09-09,1,economy,,,12399.0,False,05:00,ok,2026-09-08T02:20:26.261926+05:30,2026-09-08_0220IST,airline_direct,IndiGo
BOM,BLR,6E,IndiGo,6E 5048,2026-09-09,1,economy,,,13122.0,False,17:25,ok,2026-09-08T02:20:26.261926+05:30,2026-09-08_0220IST,airline_direct,IndiGo
BOM,BLR,6E,IndiGo,6E 5386,2026-09-09,1,economy,,,13279.0,False,15:10,ok,2026-09-08T02:20:26.261926+05:30,2026-09-08_0220IST,airline_direct,IndiGo
BOM,BLR,6E,IndiGo,6E 5386,2026-09-09,1,economy,,,13279.0,False,15:10,ok,2026-09-08T02:20:26.261926+05:30,2026-09-08_0220IST,airline_direct,IndiGo
BOM,BLR,6E,IndiGo,6E 5228,2026-09-09,1,economy,,,13279.0,False,16:45,ok,2026-09-08T02:20:26.261926+05:30,2026-09-08_0220IST,airline_direct,IndiGo
BOM,BLR,6E,IndiGo,6E 5178,2026-09-09,1,economy,,,14453.0,False,11:45,ok,2026-09-08T02:20:26.261926+05:30,2026-09-08_0220IST,airline_direct,IndiGo
BOM,BLR,6E,IndiGo,6E 5228,2026-09-09,1,economy,,,14453.0,False,16:45,ok,2026-09-08T02:20:26.261926+05:30,2026-09-08_0220IST,airline_direct,IndiGo
BOM,BLR,6E,IndiGo,6E 6362,2026-09-09,1,economy,,,15338.0,False,05:45,ok,2026-09-08T02:20:26.261926+05:30,2026-09-08_0220IST,airline_direct,IndiGo
BOM,BLR,6E,IndiGo,6E 5386,2026-09-09,1,economy,,,15744.0,False,15:10,ok,2026-09-08T02:20:26.261926+05:30,2026-09-08_0220IST,airline_direct,IndiGo
BOM,BLR,6E,IndiGo,6E 5178,2026-09-09,1,economy,,,16620.0,False,11:45,ok,2026-09-08T02:20:26.261926+05:30,2026-09-08_0220IST,airline_direct,IndiGo
BOM,BLR,6E,IndiGo,6E 2237,2026-09-09,1,economy,,,17303.0,False,18:40,ok,2026-09-08T02:20:26.261926+05:30,2026-09-08_0220IST,airline_direct,IndiGo
BOM,BLR,6E,IndiGo,6E 5201,2026-09-09,1,economy,,,17373.0,False,14:55,ok,2026-09-08T02:20:26.261926+05:30,2026-09-08_0220IST,airline_direct,IndiGo
BOM,BLR,6E,IndiGo,6E 2011,2026-09-09,1,economy,,,17484.0,False,13:35,ok,2026-09-08T02:20:26.261926+05:30,2026-09-08_0220IST,airline_direct,IndiGo
BOM,BLR,6E,IndiGo,6E 5318,2026-09-09,1,economy,,,21555.0,False,10:15,ok,2026-09-08T02:20:26.261926+05:30,2026-09-08_0220IST,airline_direct,IndiGo
BOM,BLR,6E,IndiGo,6E 6349,2026-09-09,1,economy,,,21636.0,False,11:40,ok,2026-09-08T02:20:26.261926+05:30,2026-09-08_0220IST,airline_direct,IndiGo
BOM,BLR,6E,IndiGo,6E 5318,2026-09-09,1,economy,,,22388.0,False,10:15,ok,2026-09-08T02:20:26.261926+05:30,2026-09-08_0220IST,airline_direct,IndiGo
BOM,BLR,6E,IndiGo,6E 5246,2026-09-09,1,economy,,,25538.0,False,07:15,ok,2026-09-08T02:20:26.261926+05:30,2026-09-08_0220IST,airline_direct,IndiGo
DEL,CCU,6E,IndiGo,6E 5191,2026-09-09,1,business,,,26140.0,False,05:00,ok,2026-09-08T02:22:12.131257+05:30,2026-09-08_0222IST,airline_direct,IndiGo
DEL,CCU,6E,IndiGo,6E 5191,2026-09-09,1,economy,,,8703.0,False,05:00,ok,2026-09-08T02:22:12.131257+05:30,2026-09-08_0222IST,airline_direct,IndiGo
DEL,CCU,6E,IndiGo,6E 340,2026-09-09,1,business,,,26140.0,False,07:20,ok,2026-09-08T02:22:12.131257+05:30,2026-09-08_0222IST,airline_direct,IndiGo
DEL,CCU,6E,IndiGo,6E 340,2026-09-09,1,economy,,,8703.0,False,07:20,ok,2026-09-08T02:22:12.131257+05:30,2026-09-08_0222IST,airline_direct,IndiGo
DEL,CCU,6E,IndiGo,6E 897,2026-09-09,1,business,,,26140.0,False,12:45,ok,2026-09-08T02:22:12.131257+05:30,2026-09-08_0222IST,airline_direct,IndiGo
DEL,CCU,6E,IndiGo,6E 897,2026-09-09,1,economy,,,8703.0,False,12:45,ok,2026-09-08T02:22:12.131257+05:30,2026-09-08_0222IST,airline_direct,IndiGo
DEL,CCU,6E,IndiGo,6E 910,2026-09-09,1,business,,,26140.0,False,14:25,ok,2026-09-08T02:22:12.131257+05:30,2026-09-08_0222IST,airline_direct,IndiGo
DEL,CCU,6E,IndiGo,6E 910,2026-09-09,1,economy,,,8703.0,False,14:25,ok,2026-09-08T02:22:12.131257+05:30,2026-09-08_0222IST,airline_direct,IndiGo
DEL,CCU,6E,IndiGo,6E 2276,2026-09-09,1,business,,,26140.0,False,17:55,ok,2026-09-08T02:22:12.131257+05:30,2026-09-08_0222IST,airline_direct,IndiGo
DEL,CCU,6E,IndiGo,6E 2276,2026-09-09,1,economy,,,8703.0,False,17:55,ok,2026-09-08T02:22:12.131257+05:30,2026-09-08_0222IST,airline_direct,IndiGo
DEL,CCU,6E,IndiGo,6E 389,2026-09-09,1,business,,,26140.0,False,21:50,ok,2026-09-08T02:22:12.131257+05:30,2026-09-08_0222IST,airline_direct,IndiGo
DEL,CCU,6E,IndiGo,6E 389,2026-09-09,1,economy,,,8703.0,False,21:50,ok,2026-09-08T02:22:12.131257+05:30,2026-09-08_0222IST,airline_direct,IndiGo
DEL,CCU,6E,IndiGo,6E 247,2026-09-09,1,business,,,26140.0,False,23:30,ok,2026-09-08T02:22:12.131257+05:30,2026-09-08_0222IST,airline_direct,IndiGo
DEL,CCU,6E,IndiGo,6E 247,2026-09-09,1,economy,,,8703.0,False,23:30,ok,2026-09-08T02:22:12.131257+05:30,2026-09-08_0222IST,airline_direct,IndiGo
DEL,CCU,6E,IndiGo,6E 6415,2026-09-09,1,business,,,26140.0,False,16:00,ok,2026-09-08T02:22:12.131257+05:30,2026-09-08_0222IST,airline_direct,IndiGo
DEL,CCU,6E,IndiGo,6E 6415,2026-09-09,1,economy,,,8965.0,False,16:00,ok,2026-09-08T02:22:12.131257+05:30,2026-09-08_0222IST,airline_direct,IndiGo
DEL,CCU,6E,IndiGo,6E 513,2026-09-09,1,business,,,26140.0,False,08:30,ok,2026-09-08T02:22:12.131257+05:30,2026-09-08_0222IST,airline_direct,IndiGo
DEL,CCU,6E,IndiGo,6E 513,2026-09-09,1,economy,,,9753.0,False,08:30,ok,2026-09-08T02:22:12.131257+05:30,2026-09-08_0222IST,airline_direct,IndiGo
DEL,CCU,6E,IndiGo,6E 894,2026-09-09,1,business,,,26140.0,False,10:15,ok,2026-09-08T02:22:12.131257+05:30,2026-09-08_0222IST,airline_direct,IndiGo
DEL,CCU,6E,IndiGo,6E 894,2026-09-09,1,economy,,,9753.0,False,10:15,ok,2026-09-08T02:22:12.131257+05:30,2026-09-08_0222IST,airline_direct,IndiGo
DEL,CCU,6E,IndiGo,6E 6517,2026-09-09,1,business,,,26140.0,False,19:30,ok,2026-09-08T02:22:12.131257+05:30,2026-09-08_0222IST,airline_direct,IndiGo
DEL,CCU,6E,IndiGo,6E 6517,2026-09-09,1,economy,,,9753.0,False,19:30,ok,2026-09-08T02:22:12.131257+05:30,2026-09-08_0222IST,airline_direct,IndiGo
DEL,CCU,6E,IndiGo,6E 2373,2026-09-09,1,economy,,,7368.0,False,11:10,ok,2026-09-08T02:22:12.131257+05:30,2026-09-08_0222IST,airline_direct,IndiGo
DEL,CCU,6E,IndiGo,6E 2453,2026-09-09,1,economy,,,7368.0,False,13:35,ok,2026-09-08T02:22:12.131257+05:30,2026-09-08_0222IST,airline_direct,IndiGo
DEL,CCU,6E,IndiGo,6E 6312,2026-09-09,1,economy,,,7500.0,False,14:25,ok,2026-09-08T02:22:12.131257+05:30,2026-09-08_0222IST,airline_direct,IndiGo
DEL,CCU,6E,IndiGo,6E 2361,2026-09-09,1,economy,,,7500.0,False,14:35,ok,2026-09-08T02:22:12.131257+05:30,2026-09-08_0222IST,airline_direct,IndiGo
DEL,CCU,6E,IndiGo,6E 5298,2026-09-09,1,economy,,,7578.0,False,09:00,ok,2026-09-08T02:22:12.131257+05:30,2026-09-08_0222IST,airline_direct,IndiGo
DEL,CCU,6E,IndiGo,6E 2203,2026-09-09,1,economy,,,7683.0,False,04:45,ok,2026-09-08T02:22:12.131257+05:30,2026-09-08_0222IST,airline_direct,IndiGo
DEL,CCU,6E,IndiGo,6E 6124,2026-09-09,1,economy,,,7683.0,False,07:30,ok,2026-09-08T02:22:12.131257+05:30,2026-09-08_0222IST,airline_direct,IndiGo
DEL,CCU,6E,IndiGo,6E 5215,2026-09-09,1,economy,,,7683.0,False,07:45,ok,2026-09-08T02:22:12.131257+05:30,2026-09-08_0222IST,airline_direct,IndiGo
DEL,CCU,6E,IndiGo,6E 6829,2026-09-09,1,economy,,,7710.0,False,17:20,ok,2026-09-08T02:22:12.131257+05:30,2026-09-08_0222IST,airline_direct,IndiGo
DEL,CCU,6E,IndiGo,6E 6503,2026-09-09,1,economy,,,7893.0,False,13:25,ok,2026-09-08T02:22:12.131257+05:30,2026-09-08_0222IST,airline_direct,IndiGo
DEL,CCU,6E,IndiGo,6E 6293,2026-09-09,1,economy,,,7920.0,False,09:55,ok,2026-09-08T02:22:12.131257+05:30,2026-09-08_0222IST,airline_direct,IndiGo
DEL,CCU,6E,IndiGo,6E 6212,2026-09-09,1,economy,,,7920.0,False,14:45,ok,2026-09-08T02:22:12.131257+05:30,2026-09-08_0222IST,airline_direct,IndiGo
DEL,CCU,6E,IndiGo,6E 882,2026-09-09,1,economy,,,7920.0,False,23:15,ok,2026-09-08T02:22:12.131257+05:30,2026-09-08_0222IST,airline_direct,IndiGo
DEL,CCU,6E,IndiGo,6E 6371,2026-09-09,1,economy,,,8025.0,False,06:20,ok,2026-09-08T02:22:12.131257+05:30,2026-09-08_0222IST,airline_direct,IndiGo
DEL,CCU,6E,IndiGo,6E 6551,2026-09-09,1,economy,,,8025.0,False,12:00,ok,2026-09-08T02:22:12.131257+05:30,2026-09-08_0222IST,airline_direct,IndiGo
DEL,CCU,6E,IndiGo,6E 6312,2026-09-09,1,economy,,,8107.0,False,14:25,ok,2026-09-08T02:22:12.131257+05:30,2026-09-08_0222IST,airline_direct,IndiGo
DEL,CCU,6E,IndiGo,6E 734,2026-09-09,1,economy,,,8107.0,False,16:20,ok,2026-09-08T02:22:12.131257+05:30,2026-09-08_0222IST,airline_direct,IndiGo
DEL,CCU,6E,IndiGo,6E 6370,2026-09-09,1,economy,,,8185.0,False,06:40,ok,2026-09-08T02:22:12.131257+05:30,2026-09-08_0222IST,airline_direct,IndiGo
DEL,CCU,6E,IndiGo,6E 2259,2026-09-09,1,economy,,,8185.0,False,12:20,ok,2026-09-08T02:22:12.131257+05:30,2026-09-08_0222IST,airline_direct,IndiGo
DEL,CCU,6E,IndiGo,6E 2614,2026-09-09,1,economy,,,8185.0,False,14:40,ok,2026-09-08T02:22:12.131257+05:30,2026-09-08_0222IST,airline_direct,IndiGo
DEL,CCU,6E,IndiGo,6E 5033,2026-09-09,1,economy,,,8185.0,False,15:50,ok,2026-09-08T02:22:12.131257+05:30,2026-09-08_0222IST,airline_direct,IndiGo
DEL,CCU,6E,IndiGo,6E 2037,2026-09-09,1,economy,,,8853.0,False,11:10,ok,2026-09-08T02:22:12.131257+05:30,2026-09-08_0222IST,airline_direct,IndiGo
DEL,CCU,6E,IndiGo,6E 6282,2026-09-09,1,economy,,,9194.0,False,13:30,ok,2026-09-08T02:22:12.131257+05:30,2026-09-08_0222IST,airline_direct,IndiGo
DEL,CCU,6E,IndiGo,6E 6282,2026-09-09,1,economy,,,9194.0,False,13:30,ok,2026-09-08T02:22:12.131257+05:30,2026-09-08_0222IST,airline_direct,IndiGo
DEL,CCU,6E,IndiGo,6E 5307,2026-09-09,1,economy,,,9352.0,False,10:50,ok,2026-09-08T02:22:12.131257+05:30,2026-09-08_0222IST,airline_direct,IndiGo
DEL,CCU,6E,IndiGo,6E 2296,2026-09-09,1,economy,,,9587.0,False,09:20,ok,2026-09-08T02:22:12.131257+05:30,2026-09-08_0222IST,airline_direct,IndiGo
DEL,CCU,6E,IndiGo,6E 5038,2026-09-09,1,economy,,,9587.0,False,14:00,ok,2026-09-08T02:22:12.131257+05:30,2026-09-08_0222IST,airline_direct,IndiGo
DEL,CCU,6E,IndiGo,6E 884,2026-09-09,1,economy,,,9928.0,False,11:45,ok,2026-09-08T02:22:12.131257+05:30,2026-09-08_0222IST,airline_direct,IndiGo
DEL,CCU,6E,IndiGo,6E 6217,2026-09-09,1,economy,,,9928.0,False,16:15,ok,2026-09-08T02:22:12.131257+05:30,2026-09-08_0222IST,airline_direct,IndiGo
DEL,CCU,6E,IndiGo,6E 6073,2026-09-09,1,economy,,,10393.0,False,05:00,ok,2026-09-08T02:22:12.131257+05:30,2026-09-08_0222IST,airline_direct,IndiGo
DEL,CCU,6E,IndiGo,6E 2296,2026-09-09,1,economy,,,10393.0,False,09:20,ok,2026-09-08T02:22:12.131257+05:30,2026-09-08_0222IST,airline_direct,IndiGo
DEL,CCU,6E,IndiGo,6E 5119,2026-09-09,1,economy,,,10735.0,False,05:10,ok,2026-09-08T02:22:12.131257+05:30,2026-09-08_0222IST,airline_direct,IndiGo
DEL,CCU,6E,IndiGo,6E 203,2026-09-09,1,business,,,35200.0,False,07:10,ok,2026-09-08T02:22:12.131257+05:30,2026-09-08_0222IST,airline_direct,IndiGo
DEL,CCU,6E,IndiGo,6E 203,2026-09-09,1,economy,,,10735.0,False,07:10,ok,2026-09-08T02:22:12.131257+05:30,2026-09-08_0222IST,airline_direct,IndiGo
DEL,CCU,6E,IndiGo,6E 203,2026-09-09,1,economy,,,10735.0,False,07:10,ok,2026-09-08T02:22:12.131257+05:30,2026-09-08_0222IST,airline_direct,IndiGo
DEL,CCU,6E,IndiGo,6E 6293,2026-09-09,1,economy,,,10735.0,False,09:55,ok,2026-09-08T02:22:12.131257+05:30,2026-09-08_0222IST,airline_direct,IndiGo
DEL,CCU,6E,IndiGo,6E 6245,2026-09-09,1,economy,,,11070.0,False,06:20,ok,2026-09-08T02:22:12.131257+05:30,2026-09-08_0222IST,airline_direct,IndiGo
DEL,CCU,6E,IndiGo,6E 2614,2026-09-09,1,economy,,,11280.0,False,14:40,ok,2026-09-08T02:22:12.131257+05:30,2026-09-08_0222IST,airline_direct,IndiGo
DEL,CCU,6E,IndiGo,6E 6130,2026-09-09,1,economy,,,12254.0,False,12:55,ok,2026-09-08T02:22:12.131257+05:30,2026-09-08_0222IST,airline_direct,IndiGo
DEL,CCU,6E,IndiGo,6E 5041,2026-09-09,1,economy,,,12359.0,False,15:10,ok,2026-09-08T02:22:12.131257+05:30,2026-09-08_0222IST,airline_direct,IndiGo
DEL,CCU,6E,IndiGo,6E 6190,2026-09-09,1,economy,,,12511.0,False,07:40,ok,2026-09-08T02:22:12.131257+05:30,2026-09-08_0222IST,airline_direct,IndiGo
DEL,CCU,6E,IndiGo,6E 2341,2026-09-09,1,economy,,,12595.0,False,14:50,ok,2026-09-08T02:22:12.131257+05:30,2026-09-08_0222IST,airline_direct,IndiGo
DEL,CCU,6E,IndiGo,6E 5073,2026-09-09,1,economy,,,12595.0,False,17:05,ok,2026-09-08T02:22:12.131257+05:30,2026-09-08_0222IST,airline_direct,IndiGo
DEL,CCU,6E,IndiGo,6E 5041,2026-09-09,1,economy,,,14210.0,False,15:10,ok,2026-09-08T02:22:12.131257+05:30,2026-09-08_0222IST,airline_direct,IndiGo
DEL,CCU,6E,IndiGo,6E 6190,2026-09-09,1,economy,,,14328.0,False,07:40,ok,2026-09-08T02:22:12.131257+05:30,2026-09-08_0222IST,airline_direct,IndiGo
DEL,CCU,6E,IndiGo,6E 5036,2026-09-09,1,economy,,,14425.0,False,08:00,ok,2026-09-08T02:22:12.131257+05:30,2026-09-08_0222IST,airline_direct,IndiGo
DEL,CCU,6E,IndiGo,6E 705,2026-09-09,1,economy,,,14845.0,False,08:30,ok,2026-09-08T02:22:12.131257+05:30,2026-09-08_0222IST,airline_direct,IndiGo
DEL,CCU,6E,IndiGo,6E 705,2026-09-09,1,business,,,33806.0,False,08:30,ok,2026-09-08T02:22:12.131257+05:30,2026-09-08_0222IST,airline_direct,IndiGo
DEL,CCU,6E,IndiGo,6E 705,2026-09-09,1,economy,,,16140.0,False,08:30,ok,2026-09-08T02:22:12.131257+05:30,2026-09-08_0222IST,airline_direct,IndiGo
DEL,CCU,6E,IndiGo,6E 717,2026-09-09,1,economy,,,16446.0,False,17:55,ok,2026-09-08T02:22:12.131257+05:30,2026-09-08_0222IST,airline_direct,IndiGo
DEL,CCU,6E,IndiGo,6E 2259,2026-09-09,1,economy,,,18478.0,False,12:20,ok,2026-09-08T02:22:12.131257+05:30,2026-09-08_0222IST,airline_direct,IndiGo
BLR,HYD,6E,IndiGo,6E 6404,2026-09-09,1,economy,,,12416.0,False,11:35,ok,2026-09-08T02:23:52.805891+05:30,2026-09-08_0223IST,airline_direct,IndiGo
BLR,HYD,6E,IndiGo,6E 6067,2026-09-09,1,economy,,,12416.0,False,16:30,ok,2026-09-08T02:23:52.805891+05:30,2026-09-08_0223IST,airline_direct,IndiGo
BLR,HYD,6E,IndiGo,6E 638,2026-09-09,1,economy,,,12416.0,False,18:35,ok,2026-09-08T02:23:52.805891+05:30,2026-09-08_0223IST,airline_direct,IndiGo
BLR,HYD,6E,IndiGo,6E 6178,2026-09-09,1,economy,,,13589.0,False,06:25,ok,2026-09-08T02:23:52.805891+05:30,2026-09-08_0223IST,airline_direct,IndiGo
BLR,HYD,6E,IndiGo,6E 537,2026-09-09,1,economy,,,14882.0,False,10:15,ok,2026-09-08T02:23:52.805891+05:30,2026-09-08_0223IST,airline_direct,IndiGo
BLR,HYD,6E,IndiGo,6E 6784,2026-09-09,1,economy,,,16310.0,False,21:30,ok,2026-09-08T02:23:52.805891+05:30,2026-09-08_0223IST,airline_direct,IndiGo
BLR,HYD,6E,IndiGo,6E 484,2026-09-09,1,economy,,,17886.0,False,08:15,ok,2026-09-08T02:23:52.805891+05:30,2026-09-08_0223IST,airline_direct,IndiGo
BLR,HYD,6E,IndiGo,6E 312,2026-09-09,1,economy,,,17886.0,False,09:15,ok,2026-09-08T02:23:52.805891+05:30,2026-09-08_0223IST,airline_direct,IndiGo
BLR,HYD,6E,IndiGo,6E 855,2026-09-09,1,economy,,,17886.0,False,19:45,ok,2026-09-08T02:23:52.805891+05:30,2026-09-08_0223IST,airline_direct,IndiGo
BLR,HYD,6E,IndiGo,6E 6336,2026-09-09,1,economy,,,4967.0,False,12:25,ok,2026-09-08T02:23:52.805891+05:30,2026-09-08_0223IST,airline_direct,IndiGo
BLR,HYD,6E,IndiGo,6E 6563,2026-09-09,1,economy,,,5146.0,False,01:05,ok,2026-09-08T02:23:52.805891+05:30,2026-09-08_0223IST,airline_direct,IndiGo
BLR,HYD,6E,IndiGo,6E 6876,2026-09-09,1,economy,,,5146.0,False,02:40,ok,2026-09-08T02:23:52.805891+05:30,2026-09-08_0223IST,airline_direct,IndiGo
BLR,HYD,6E,IndiGo,6E 173,2026-09-09,1,economy,,,5861.0,False,15:30,ok,2026-09-08T02:23:52.805891+05:30,2026-09-08_0223IST,airline_direct,IndiGo
BLR,HYD,6E,IndiGo,6E 6168,2026-09-09,1,economy,,,5861.0,False,17:40,ok,2026-09-08T02:23:52.805891+05:30,2026-09-08_0223IST,airline_direct,IndiGo
BLR,HYD,6E,IndiGo,6E 6208,2026-09-09,1,economy,,,6271.0,False,12:45,ok,2026-09-08T02:23:52.805891+05:30,2026-09-08_0223IST,airline_direct,IndiGo
BLR,HYD,6E,IndiGo,6E 116,2026-09-09,1,economy,,,6724.0,False,23:05,ok,2026-09-08T02:23:52.805891+05:30,2026-09-08_0223IST,airline_direct,IndiGo
BLR,HYD,6E,IndiGo,6E 6336,2026-09-09,1,economy,,,6855.0,False,12:25,ok,2026-09-08T02:23:52.805891+05:30,2026-09-08_0223IST,airline_direct,IndiGo
BLR,HYD,6E,IndiGo,6E 6653,2026-09-09,1,economy,,,7767.0,False,12:35,ok,2026-09-08T02:23:52.805891+05:30,2026-09-08_0223IST,airline_direct,IndiGo
BLR,HYD,6E,IndiGo,6E 7204,2026-09-09,1,economy,,,8206.0,False,06:50,ok,2026-09-08T02:23:52.805891+05:30,2026-09-08_0223IST,airline_direct,IndiGo
BLR,HYD,6E,IndiGo,6E 6753,2026-09-09,1,economy,,,8369.0,False,15:15,ok,2026-09-08T02:23:52.805891+05:30,2026-09-08_0223IST,airline_direct,IndiGo
BLR,HYD,6E,IndiGo,6E 173,2026-09-09,1,economy,,,8369.0,False,15:30,ok,2026-09-08T02:23:52.805891+05:30,2026-09-08_0223IST,airline_direct,IndiGo
BLR,HYD,6E,IndiGo,6E 7071,2026-09-09,1,economy,,,8634.0,False,10:55,ok,2026-09-08T02:23:52.805891+05:30,2026-09-08_0223IST,airline_direct,IndiGo
BLR,HYD,6E,IndiGo,6E 857,2026-09-09,1,economy,,,9030.0,False,07:05,ok,2026-09-08T02:23:52.805891+05:30,2026-09-08_0223IST,airline_direct,IndiGo
BLR,HYD,6E,IndiGo,6E 574,2026-09-09,1,economy,,,9161.0,False,11:05,ok,2026-09-08T02:23:52.805891+05:30,2026-09-08_0223IST,airline_direct,IndiGo
BLR,HYD,6E,IndiGo,6E 7204,2026-09-09,1,economy,,,10250.0,False,06:50,ok,2026-09-08T02:23:52.805891+05:30,2026-09-08_0223IST,airline_direct,IndiGo
BLR,HYD,6E,IndiGo,6E 6208,2026-09-09,1,economy,,,10251.0,False,12:45,ok,2026-09-08T02:23:52.805891+05:30,2026-09-08_0223IST,airline_direct,IndiGo
BLR,HYD,6E,IndiGo,6E 6208,2026-09-09,1,economy,,,10251.0,False,12:45,ok,2026-09-08T02:23:52.805891+05:30,2026-09-08_0223IST,airline_direct,IndiGo
BLR,HYD,6E,IndiGo,6E 356,2026-09-09,1,economy,,,10507.0,False,17:15,ok,2026-09-08T02:23:52.805891+05:30,2026-09-08_0223IST,airline_direct,IndiGo
BLR,HYD,6E,IndiGo,6E 6104,2026-09-09,1,economy,,,10554.0,False,11:40,ok,2026-09-08T02:23:52.805891+05:30,2026-09-08_0223IST,airline_direct,IndiGo
BLR,HYD,6E,IndiGo,6E 6891,2026-09-09,1,economy,,,10554.0,False,17:15,ok,2026-09-08T02:23:52.805891+05:30,2026-09-08_0223IST,airline_direct,IndiGo
BLR,HYD,6E,IndiGo,6E 528,2026-09-09,1,economy,,,10554.0,False,21:40,ok,2026-09-08T02:23:52.805891+05:30,2026-09-08_0223IST,airline_direct,IndiGo
BLR,HYD,6E,IndiGo,6E 904,2026-09-09,1,economy,,,10788.0,False,10:45,ok,2026-09-08T02:23:52.805891+05:30,2026-09-08_0223IST,airline_direct,IndiGo
BLR,HYD,6E,IndiGo,6E 356,2026-09-09,1,economy,,,11098.0,False,17:15,ok,2026-09-08T02:23:52.805891+05:30,2026-09-08_0223IST,airline_direct,IndiGo
BLR,HYD,6E,IndiGo,6E 857,2026-09-09,1,economy,,,11432.0,False,07:05,ok,2026-09-08T02:23:52.805891+05:30,2026-09-08_0223IST,airline_direct,IndiGo
BLR,HYD,6E,IndiGo,6E 441,2026-09-09,1,economy,,,11432.0,False,20:40,ok,2026-09-08T02:23:52.805891+05:30,2026-09-08_0223IST,airline_direct,IndiGo
BLR,HYD,6E,IndiGo,6E 6017,2026-09-09,1,economy,,,11689.0,False,18:15,ok,2026-09-08T02:23:52.805891+05:30,2026-09-08_0223IST,airline_direct,IndiGo
BLR,HYD,6E,IndiGo,6E 105,2026-09-09,1,economy,,,12396.0,False,18:50,ok,2026-09-08T02:23:52.805891+05:30,2026-09-08_0223IST,airline_direct,IndiGo
BLR,HYD,6E,IndiGo,6E 7285,2026-09-09,1,economy,,,12684.0,False,06:50,ok,2026-09-08T02:23:52.805891+05:30,2026-09-08_0223IST,airline_direct,IndiGo
BLR,HYD,6E,IndiGo,6E 6542,2026-09-09,1,economy,,,13266.0,False,13:10,ok,2026-09-08T02:23:52.805891+05:30,2026-09-08_0223IST,airline_direct,IndiGo
BLR,HYD,6E,IndiGo,6E 6542,2026-09-09,1,economy,,,13266.0,False,13:10,ok,2026-09-08T02:23:52.805891+05:30,2026-09-08_0223IST,airline_direct,IndiGo
BLR,HYD,6E,IndiGo,6E 763,2026-09-09,1,economy,,,13456.0,False,07:05,ok,2026-09-08T02:23:52.805891+05:30,2026-09-08_0223IST,airline_direct,IndiGo
BLR,HYD,6E,IndiGo,6E 6445,2026-09-09,1,economy,,,13456.0,False,10:25,ok,2026-09-08T02:23:52.805891+05:30,2026-09-08_0223IST,airline_direct,IndiGo
BLR,HYD,6E,IndiGo,6E 105,2026-09-09,1,economy,,,13456.0,False,18:50,ok,2026-09-08T02:23:52.805891+05:30,2026-09-08_0223IST,airline_direct,IndiGo
BLR,HYD,6E,IndiGo,6E 6168,2026-09-09,1,economy,,,13538.0,False,17:40,ok,2026-09-08T02:23:52.805891+05:30,2026-09-08_0223IST,airline_direct,IndiGo
BLR,HYD,6E,IndiGo,6E 6554,2026-09-09,1,economy,,,13538.0,False,19:15,ok,2026-09-08T02:23:52.805891+05:30,2026-09-08_0223IST,airline_direct,IndiGo
BLR,HYD,6E,IndiGo,6E 6445,2026-09-09,1,economy,,,13841.0,False,10:25,ok,2026-09-08T02:23:52.805891+05:30,2026-09-08_0223IST,airline_direct,IndiGo
BLR,HYD,6E,IndiGo,6E 763,2026-09-09,1,economy,,,14264.0,False,07:05,ok,2026-09-08T02:23:52.805891+05:30,2026-09-08_0223IST,airline_direct,IndiGo
BLR,HYD,6E,IndiGo,6E 703,2026-09-09,1,economy,,,14264.0,False,12:55,ok,2026-09-08T02:23:52.805891+05:30,2026-09-08_0223IST,airline_direct,IndiGo
BLR,HYD,6E,IndiGo,6E 7227,2026-09-09,1,economy,,,14296.0,False,06:25,ok,2026-09-08T02:23:52.805891+05:30,2026-09-08_0223IST,airline_direct,IndiGo
BLR,HYD,6E,IndiGo,6E 7005,2026-09-09,1,economy,,,15845.0,False,08:05,ok,2026-09-08T02:23:52.805891+05:30,2026-09-08_0223IST,airline_direct,IndiGo
BLR,HYD,6E,IndiGo,6E 7005,2026-09-09,1,economy,,,15845.0,False,08:05,ok,2026-09-08T02:23:52.805891+05:30,2026-09-08_0223IST,airline_direct,IndiGo
BLR,HYD,6E,IndiGo,6E 6445,2026-09-09,1,economy,,,16991.0,False,10:25,ok,2026-09-08T02:23:52.805891+05:30,2026-09-08_0223IST,airline_direct,IndiGo
BLR,HYD,6E,IndiGo,6E 703,2026-09-09,1,economy,,,17414.0,False,12:55,ok,2026-09-08T02:23:52.805891+05:30,2026-09-08_0223IST,airline_direct,IndiGo
BLR,HYD,6E,IndiGo,6E 6104,2026-09-09,1,economy,,,17755.0,False,11:40,ok,2026-09-08T02:23:52.805891+05:30,2026-09-08_0223IST,airline_direct,IndiGo
BLR,HYD,6E,IndiGo,6E 6653,2026-09-09,1,economy,,,18667.0,False,12:35,ok,2026-09-08T02:23:52.805891+05:30,2026-09-08_0223IST,airline_direct,IndiGo
BLR,HYD,6E,IndiGo,6E 6583,2026-09-09,1,economy,,,20814.0,False,10:40,ok,2026-09-08T02:23:52.805891+05:30,2026-09-08_0223IST,airline_direct,IndiGo
BLR,HYD,6E,IndiGo,6E 763,2026-09-09,1,economy,,,22874.0,False,07:05,ok,2026-09-08T02:23:52.805891+05:30,2026-09-08_0223IST,airline_direct,IndiGo
BLR,HYD,6E,IndiGo,6E 7737,2026-09-09,1,economy,,,26205.0,False,10:50,ok,2026-09-08T02:23:52.805891+05:30,2026-09-08_0223IST,airline_direct,IndiGo
BLR,HYD,6E,IndiGo,6E 7737,2026-09-09,1,economy,,,26205.0,False,10:50,ok,2026-09-08T02:23:52.805891+05:30,2026-09-08_0223IST,airline_direct,IndiGo
MAA,DEL,6E,IndiGo,6E 6002,2026-09-09,1,business,,,28240.0,False,11:10,ok,2026-09-08T02:24:59.139824+05:30,2026-09-08_0224IST,airline_direct,IndiGo
MAA,DEL,6E,IndiGo,6E 6002,2026-09-09,1,economy,,,9830.0,False,11:10,ok,2026-09-08T02:24:59.139824+05:30,2026-09-08_0224IST,airline_direct,IndiGo
MAA,DEL,6E,IndiGo,6E 939,2026-09-09,1,business,,,28240.0,False,13:00,ok,2026-09-08T02:24:59.139824+05:30,2026-09-08_0224IST,airline_direct,IndiGo
MAA,DEL,6E,IndiGo,6E 939,2026-09-09,1,economy,,,9830.0,False,13:00,ok,2026-09-08T02:24:59.139824+05:30,2026-09-08_0224IST,airline_direct,IndiGo
MAA,DEL,6E,IndiGo,6E 948,2026-09-09,1,business,,,28240.0,False,14:30,ok,2026-09-08T02:24:59.139824+05:30,2026-09-08_0224IST,airline_direct,IndiGo
MAA,DEL,6E,IndiGo,6E 948,2026-09-09,1,economy,,,9830.0,False,14:30,ok,2026-09-08T02:24:59.139824+05:30,2026-09-08_0224IST,airline_direct,IndiGo
MAA,DEL,6E,IndiGo,6E 2369,2026-09-09,1,business,,,28240.0,False,23:45,ok,2026-09-08T02:24:59.139824+05:30,2026-09-08_0224IST,airline_direct,IndiGo
MAA,DEL,6E,IndiGo,6E 2369,2026-09-09,1,economy,,,9830.0,False,23:45,ok,2026-09-08T02:24:59.139824+05:30,2026-09-08_0224IST,airline_direct,IndiGo
MAA,DEL,6E,IndiGo,6E 404,2026-09-09,1,business,,,28240.0,False,09:15,ok,2026-09-08T02:24:59.139824+05:30,2026-09-08_0224IST,airline_direct,IndiGo
MAA,DEL,6E,IndiGo,6E 404,2026-09-09,1,economy,,,10785.0,False,09:15,ok,2026-09-08T02:24:59.139824+05:30,2026-09-08_0224IST,airline_direct,IndiGo
MAA,DEL,6E,IndiGo,6E 951,2026-09-09,1,business,,,28240.0,False,21:50,ok,2026-09-08T02:24:59.139824+05:30,2026-09-08_0224IST,airline_direct,IndiGo
MAA,DEL,6E,IndiGo,6E 951,2026-09-09,1,economy,,,10785.0,False,21:50,ok,2026-09-08T02:24:59.139824+05:30,2026-09-08_0224IST,airline_direct,IndiGo
MAA,DEL,6E,IndiGo,6E 698,2026-09-09,1,business,,,30280.0,False,16:45,ok,2026-09-08T02:24:59.139824+05:30,2026-09-08_0224IST,airline_direct,IndiGo
MAA,DEL,6E,IndiGo,6E 698,2026-09-09,1,economy,,,13035.0,False,16:45,ok,2026-09-08T02:24:59.139824+05:30,2026-09-08_0224IST,airline_direct,IndiGo
MAA,DEL,6E,IndiGo,6E 613,2026-09-09,1,business,,,28240.0,False,19:00,ok,2026-09-08T02:24:59.139824+05:30,2026-09-08_0224IST,airline_direct,IndiGo
MAA,DEL,6E,IndiGo,6E 613,2026-09-09,1,economy,,,13677.0,False,19:00,ok,2026-09-08T02:24:59.139824+05:30,2026-09-08_0224IST,airline_direct,IndiGo
MAA,DEL,6E,IndiGo,6E 937,2026-09-09,1,business,,,28240.0,False,06:30,ok,2026-09-08T02:24:59.139824+05:30,2026-09-08_0224IST,airline_direct,IndiGo
MAA,DEL,6E,IndiGo,6E 937,2026-09-09,1,economy,,,19283.0,False,06:30,ok,2026-09-08T02:24:59.139824+05:30,2026-09-08_0224IST,airline_direct,IndiGo
MAA,DEL,6E,IndiGo,6E 489,2026-09-09,1,economy,,,9619.0,False,18:15,ok,2026-09-08T02:24:59.139824+05:30,2026-09-08_0224IST,airline_direct,IndiGo
MAA,DEL,6E,IndiGo,6E 6005,2026-09-09,1,economy,,,9697.0,False,15:45,ok,2026-09-08T02:24:59.139824+05:30,2026-09-08_0224IST,airline_direct,IndiGo
MAA,DEL,6E,IndiGo,6E 183,2026-09-09,1,business,,,38917.0,False,16:35,ok,2026-09-08T02:24:59.139824+05:30,2026-09-08_0224IST,airline_direct,IndiGo
MAA,DEL,6E,IndiGo,6E 183,2026-09-09,1,economy,,,10376.0,False,16:35,ok,2026-09-08T02:24:59.139824+05:30,2026-09-08_0224IST,airline_direct,IndiGo
MAA,DEL,6E,IndiGo,6E 6815,2026-09-09,1,economy,,,10454.0,False,08:55,ok,2026-09-08T02:24:59.139824+05:30,2026-09-08_0224IST,airline_direct,IndiGo
MAA,DEL,6E,IndiGo,6E 6892,2026-09-09,1,economy,,,10454.0,False,10:55,ok,2026-09-08T02:24:59.139824+05:30,2026-09-08_0224IST,airline_direct,IndiGo
MAA,DEL,6E,IndiGo,6E 726,2026-09-09,1,economy,,,10454.0,False,18:20,ok,2026-09-08T02:24:59.139824+05:30,2026-09-08_0224IST,airline_direct,IndiGo
MAA,DEL,6E,IndiGo,6E 321,2026-09-09,1,business,,,37589.0,False,08:20,ok,2026-09-08T02:24:59.139824+05:30,2026-09-08_0224IST,airline_direct,IndiGo
MAA,DEL,6E,IndiGo,6E 321,2026-09-09,1,economy,,,10586.0,False,08:20,ok,2026-09-08T02:24:59.139824+05:30,2026-09-08_0224IST,airline_direct,IndiGo
MAA,DEL,6E,IndiGo,6E 253,2026-09-09,1,economy,,,11208.0,False,03:10,ok,2026-09-08T02:24:59.139824+05:30,2026-09-08_0224IST,airline_direct,IndiGo
MAA,DEL,6E,IndiGo,6E 834,2026-09-09,1,economy,,,11208.0,False,09:05,ok,2026-09-08T02:24:59.139824+05:30,2026-09-08_0224IST,airline_direct,IndiGo
MAA,DEL,6E,IndiGo,6E 372,2026-09-09,1,economy,,,11208.0,False,09:55,ok,2026-09-08T02:24:59.139824+05:30,2026-09-08_0224IST,airline_direct,IndiGo
MAA,DEL,6E,IndiGo,6E 193,2026-09-09,1,economy,,,11208.0,False,20:00,ok,2026-09-08T02:24:59.139824+05:30,2026-09-08_0224IST,airline_direct,IndiGo
MAA,DEL,6E,IndiGo,6E 6892,2026-09-09,1,economy,,,11287.0,False,10:55,ok,2026-09-08T02:24:59.139824+05:30,2026-09-08_0224IST,airline_direct,IndiGo
MAA,DEL,6E,IndiGo,6E 7199,2026-09-09,1,economy,,,11287.0,False,15:05,ok,2026-09-08T02:24:59.139824+05:30,2026-09-08_0224IST,airline_direct,IndiGo
MAA,DEL,6E,IndiGo,6E 5258,2026-09-09,1,business,,,39741.0,False,12:45,ok,2026-09-08T02:24:59.139824+05:30,2026-09-08_0224IST,airline_direct,IndiGo
MAA,DEL,6E,IndiGo,6E 5258,2026-09-09,1,economy,,,11418.0,False,12:45,ok,2026-09-08T02:24:59.139824+05:30,2026-09-08_0224IST,airline_direct,IndiGo
MAA,DEL,6E,IndiGo,6E 6209,2026-09-09,1,economy,,,12417.0,False,14:35,ok,2026-09-08T02:24:59.139824+05:30,2026-09-08_0224IST,airline_direct,IndiGo
MAA,DEL,6E,IndiGo,6E 6815,2026-09-09,1,economy,,,13233.0,False,08:55,ok,2026-09-08T02:24:59.139824+05:30,2026-09-08_0224IST,airline_direct,IndiGo
MAA,DEL,6E,IndiGo,6E 834,2026-09-09,1,economy,,,13301.0,False,09:05,ok,2026-09-08T02:24:59.139824+05:30,2026-09-08_0224IST,airline_direct,IndiGo
MAA,DEL,6E,IndiGo,6E 5214,2026-09-09,1,business,,,40966.0,False,11:00,ok,2026-09-08T02:24:59.139824+05:30,2026-09-08_0224IST,airline_direct,IndiGo
MAA,DEL,6E,IndiGo,6E 5214,2026-09-09,1,economy,,,13339.0,False,11:00,ok,2026-09-08T02:24:59.139824+05:30,2026-09-08_0224IST,airline_direct,IndiGo
MAA,DEL,6E,IndiGo,6E 6925,2026-09-09,1,economy,,,13398.0,False,12:00,ok,2026-09-08T02:24:59.139824+05:30,2026-09-08_0224IST,airline_direct,IndiGo
MAA,DEL,6E,IndiGo,6E 6925,2026-09-09,1,economy,,,13398.0,False,12:00,ok,2026-09-08T02:24:59.139824+05:30,2026-09-08_0224IST,airline_direct,IndiGo
MAA,DEL,6E,IndiGo,6E 562,2026-09-09,1,economy,,,13839.0,False,18:20,ok,2026-09-08T02:24:59.139824+05:30,2026-09-08_0224IST,airline_direct,IndiGo
MAA,DEL,6E,IndiGo,6E 372,2026-09-09,1,economy,,,13887.0,False,09:55,ok,2026-09-08T02:24:59.139824+05:30,2026-09-08_0224IST,airline_direct,IndiGo
MAA,DEL,6E,IndiGo,6E 6487,2026-09-09,1,economy,,,13898.0,False,21:25,ok,2026-09-08T02:24:59.139824+05:30,2026-09-08_0224IST,airline_direct,IndiGo
MAA,DEL,6E,IndiGo,6E 6209,2026-09-09,1,economy,,,14030.0,False,14:35,ok,2026-09-08T02:24:59.139824+05:30,2026-09-08_0224IST,airline_direct,IndiGo
MAA,DEL,6E,IndiGo,6E 6158,2026-09-09,1,economy,,,14424.0,False,16:10,ok,2026-09-08T02:24:59.139824+05:30,2026-09-08_0224IST,airline_direct,IndiGo
MAA,DEL,6E,IndiGo,6E 5104,2026-09-09,1,business,,,39741.0,False,16:40,ok,2026-09-08T02:24:59.139824+05:30,2026-09-08_0224IST,airline_direct,IndiGo
MAA,DEL,6E,IndiGo,6E 5104,2026-09-09,1,economy,,,14444.0,False,16:40,ok,2026-09-08T02:24:59.139824+05:30,2026-09-08_0224IST,airline_direct,IndiGo
MAA,DEL,6E,IndiGo,6E 597,2026-09-09,1,economy,,,14602.0,False,17:45,ok,2026-09-08T02:24:59.139824+05:30,2026-09-08_0224IST,airline_direct,IndiGo
MAA,DEL,6E,IndiGo,6E 6081,2026-09-09,1,economy,,,14758.0,False,07:05,ok,2026-09-08T02:24:59.139824+05:30,2026-09-08_0224IST,airline_direct,IndiGo
MAA,DEL,6E,IndiGo,6E 495,2026-09-09,1,economy,,,15080.0,False,07:10,ok,2026-09-08T02:24:59.139824+05:30,2026-09-08_0224IST,airline_direct,IndiGo
MAA,DEL,6E,IndiGo,6E 847,2026-09-09,1,economy,,,15251.0,False,16:15,ok,2026-09-08T02:24:59.139824+05:30,2026-09-08_0224IST,airline_direct,IndiGo
MAA,DEL,6E,IndiGo,6E 607,2026-09-09,1,business,,,39505.0,False,05:40,ok,2026-09-08T02:24:59.139824+05:30,2026-09-08_0224IST,airline_direct,IndiGo
MAA,DEL,6E,IndiGo,6E 607,2026-09-09,1,economy,,,15450.0,False,05:40,ok,2026-09-08T02:24:59.139824+05:30,2026-09-08_0224IST,airline_direct,IndiGo
MAA,DEL,6E,IndiGo,6E 6326,2026-09-09,1,business,,,36645.0,False,11:45,ok,2026-09-08T02:24:59.139824+05:30,2026-09-08_0224IST,airline_direct,IndiGo
MAA,DEL,6E,IndiGo,6E 6326,2026-09-09,1,economy,,,15660.0,False,11:45,ok,2026-09-08T02:24:59.139824+05:30,2026-09-08_0224IST,airline_direct,IndiGo
MAA,DEL,6E,IndiGo,6E 606,2026-09-09,1,business,,,35937.0,False,18:05,ok,2026-09-08T02:24:59.139824+05:30,2026-09-08_0224IST,airline_direct,IndiGo
MAA,DEL,6E,IndiGo,6E 606,2026-09-09,1,economy,,,15660.0,False,18:05,ok,2026-09-08T02:24:59.139824+05:30,2026-09-08_0224IST,airline_direct,IndiGo
MAA,DEL,6E,IndiGo,6E 6081,2026-09-09,1,economy,,,15947.0,False,07:05,ok,2026-09-08T02:24:59.139824+05:30,2026-09-08_0224IST,airline_direct,IndiGo
MAA,DEL,6E,IndiGo,6E 495,2026-09-09,1,economy,,,16308.0,False,07:10,ok,2026-09-08T02:24:59.139824+05:30,2026-09-08_0224IST,airline_direct,IndiGo
MAA,DEL,6E,IndiGo,6E 5258,2026-09-09,1,business,,,43340.0,False,12:45,ok,2026-09-08T02:24:59.139824+05:30,2026-09-08_0224IST,airline_direct,IndiGo
MAA,DEL,6E,IndiGo,6E 5258,2026-09-09,1,economy,,,17688.0,False,12:45,ok,2026-09-08T02:24:59.139824+05:30,2026-09-08_0224IST,airline_direct,IndiGo
MAA,DEL,6E,IndiGo,6E 561,2026-09-09,1,business,,,37617.0,False,22:20,ok,2026-09-08T02:24:59.139824+05:30,2026-09-08_0224IST,airline_direct,IndiGo
MAA,DEL,6E,IndiGo,6E 561,2026-09-09,1,economy,,,18255.0,False,22:20,ok,2026-09-08T02:24:59.139824+05:30,2026-09-08_0224IST,airline_direct,IndiGo
MAA,DEL,6E,IndiGo,6E 6348,2026-09-09,1,business,,,44565.0,False,09:00,ok,2026-09-08T02:24:59.139824+05:30,2026-09-08_0224IST,airline_direct,IndiGo
MAA,DEL,6E,IndiGo,6E 6348,2026-09-09,1,economy,,,18465.0,False,09:00,ok,2026-09-08T02:24:59.139824+05:30,2026-09-08_0224IST,airline_direct,IndiGo
MAA,DEL,6E,IndiGo,6E 401,2026-09-09,1,economy,,,19355.0,False,08:10,ok,2026-09-08T02:24:59.139824+05:30,2026-09-08_0224IST,airline_direct,IndiGo
MAA,DEL,6E,IndiGo,6E 502,2026-09-09,1,business,,,37501.0,False,11:10,ok,2026-09-08T02:24:59.139824+05:30,2026-09-08_0224IST,airline_direct,IndiGo
MAA,DEL,6E,IndiGo,6E 502,2026-09-09,1,economy,,,19870.0,False,11:10,ok,2026-09-08T02:24:59.139824+05:30,2026-09-08_0224IST,airline_direct,IndiGo
MAA,DEL,6E,IndiGo,6E 848,2026-09-09,1,economy,,,19870.0,False,17:50,ok,2026-09-08T02:24:59.139824+05:30,2026-09-08_0224IST,airline_direct,IndiGo
MAA,DEL,6E,IndiGo,6E 6348,2026-09-09,1,business,,,40966.0,False,09:00,ok,2026-09-08T02:24:59.139824+05:30,2026-09-08_0224IST,airline_direct,IndiGo
MAA,DEL,6E,IndiGo,6E 6348,2026-09-09,1,economy,,,20080.0,False,09:00,ok,2026-09-08T02:24:59.139824+05:30,2026-09-08_0224IST,airline_direct,IndiGo
MAA,DEL,6E,IndiGo,6E 5371,2026-09-09,1,business,,,43340.0,False,14:45,ok,2026-09-08T02:24:59.139824+05:30,2026-09-08_0224IST,airline_direct,IndiGo
MAA,DEL,6E,IndiGo,6E 5371,2026-09-09,1,economy,,,20386.0,False,14:45,ok,2026-09-08T02:24:59.139824+05:30,2026-09-08_0224IST,airline_direct,IndiGo
MAA,DEL,6E,IndiGo,6E 6140,2026-09-09,1,business,,,40367.0,False,02:30,ok,2026-09-08T02:24:59.139824+05:30,2026-09-08_0224IST,airline_direct,IndiGo
MAA,DEL,6E,IndiGo,6E 6140,2026-09-09,1,economy,,,21095.0,False,02:30,ok,2026-09-08T02:24:59.139824+05:30,2026-09-08_0224IST,airline_direct,IndiGo
MAA,DEL,6E,IndiGo,6E 244,2026-09-09,1,economy,,,21223.0,False,03:55,ok,2026-09-08T02:24:59.139824+05:30,2026-09-08_0224IST,airline_direct,IndiGo
MAA,DEL,6E,IndiGo,6E 5367,2026-09-09,1,business,,,39741.0,False,18:15,ok,2026-09-08T02:24:59.139824+05:30,2026-09-08_0224IST,airline_direct,IndiGo
MAA,DEL,6E,IndiGo,6E 5367,2026-09-09,1,economy,,,22037.0,False,18:15,ok,2026-09-08T02:24:59.139824+05:30,2026-09-08_0224IST,airline_direct,IndiGo
MAA,DEL,6E,IndiGo,6E 6140,2026-09-09,1,business,,,43966.0,False,02:30,ok,2026-09-08T02:24:59.139824+05:30,2026-09-08_0224IST,airline_direct,IndiGo
MAA,DEL,6E,IndiGo,6E 6140,2026-09-09,1,economy,,,23054.0,False,02:30,ok,2026-09-08T02:24:59.139824+05:30,2026-09-08_0224IST,airline_direct,IndiGo
MAA,DEL,6E,IndiGo,6E 5371,2026-09-09,1,business,,,43340.0,False,14:45,ok,2026-09-08T02:24:59.139824+05:30,2026-09-08_0224IST,airline_direct,IndiGo
MAA,DEL,6E,IndiGo,6E 5371,2026-09-09,1,economy,,,25951.0,False,14:45,ok,2026-09-08T02:24:59.139824+05:30,2026-09-08_0224IST,airline_direct,IndiGo
MAA,DEL,6E,IndiGo,6E 5314,2026-09-09,1,business,,,40966.0,False,06:45,ok,2026-09-08T02:24:59.139824+05:30,2026-09-08_0224IST,airline_direct,IndiGo
DEL,BOM,6E,IndiGo,6E 675,2026-09-15,7,business,,,24260.0,False,08:45,ok,2026-09-08T02:27:02.500841+05:30,2026-09-08_0227IST,airline_direct,IndiGo
DEL,BOM,6E,IndiGo,6E 675,2026-09-15,7,economy,,,6305.0,False,08:45,ok,2026-09-08T02:27:02.500841+05:30,2026-09-08_0227IST,airline_direct,IndiGo
DEL,BOM,6E,IndiGo,6E 6107,2026-09-15,7,business,,,24260.0,False,09:30,ok,2026-09-08T02:27:02.500841+05:30,2026-09-08_0227IST,airline_direct,IndiGo
DEL,BOM,6E,IndiGo,6E 6107,2026-09-15,7,economy,,,6305.0,False,09:30,ok,2026-09-08T02:27:02.500841+05:30,2026-09-08_0227IST,airline_direct,IndiGo
DEL,BOM,6E,IndiGo,6E 6328,2026-09-15,7,business,,,24260.0,False,10:15,ok,2026-09-08T02:27:02.500841+05:30,2026-09-08_0227IST,airline_direct,IndiGo
DEL,BOM,6E,IndiGo,6E 6328,2026-09-15,7,economy,,,6305.0,False,10:15,ok,2026-09-08T02:27:02.500841+05:30,2026-09-08_0227IST,airline_direct,IndiGo
DEL,BOM,6E,IndiGo,6E 6047,2026-09-15,7,business,,,24260.0,False,11:00,ok,2026-09-08T02:27:02.500841+05:30,2026-09-08_0227IST,airline_direct,IndiGo
DEL,BOM,6E,IndiGo,6E 6047,2026-09-15,7,economy,,,6305.0,False,11:00,ok,2026-09-08T02:27:02.500841+05:30,2026-09-08_0227IST,airline_direct,IndiGo
DEL,BOM,6E,IndiGo,6E 6676,2026-09-15,7,business,,,24260.0,False,12:00,ok,2026-09-08T02:27:02.500841+05:30,2026-09-08_0227IST,airline_direct,IndiGo
DEL,BOM,6E,IndiGo,6E 6676,2026-09-15,7,economy,,,6305.0,False,12:00,ok,2026-09-08T02:27:02.500841+05:30,2026-09-08_0227IST,airline_direct,IndiGo
DEL,BOM,6E,IndiGo,6E 324,2026-09-15,7,business,,,24260.0,False,13:00,ok,2026-09-08T02:27:02.500841+05:30,2026-09-08_0227IST,airline_direct,IndiGo
DEL,BOM,6E,IndiGo,6E 324,2026-09-15,7,economy,,,6305.0,False,13:00,ok,2026-09-08T02:27:02.500841+05:30,2026-09-08_0227IST,airline_direct,IndiGo
DEL,BOM,6E,IndiGo,6E 6022,2026-09-15,7,business,,,28443.0,False,14:00,ok,2026-09-08T02:27:02.500841+05:30,2026-09-08_0227IST,airline_direct,IndiGo
DEL,BOM,6E,IndiGo,6E 6022,2026-09-15,7,economy,,,6305.0,False,14:00,ok,2026-09-08T02:27:02.500841+05:30,2026-09-08_0227IST,airline_direct,IndiGo
DEL,BOM,6E,IndiGo,6E 6318,2026-09-15,7,business,,,24260.0,False,14:45,ok,2026-09-08T02:27:02.500841+05:30,2026-09-08_0227IST,airline_direct,IndiGo
DEL,BOM,6E,IndiGo,6E 6318,2026-09-15,7,economy,,,6305.0,False,14:45,ok,2026-09-08T02:27:02.500841+05:30,2026-09-08_0227IST,airline_direct,IndiGo
DEL,BOM,6E,IndiGo,6E 864,2026-09-15,7,business,,,24260.0,False,15:30,ok,2026-09-08T02:27:02.500841+05:30,2026-09-08_0227IST,airline_direct,IndiGo
DEL,BOM,6E,IndiGo,6E 864,2026-09-15,7,economy,,,6305.0,False,15:30,ok,2026-09-08T02:27:02.500841+05:30,2026-09-08_0227IST,airline_direct,IndiGo
DEL,BOM,6E,IndiGo,6E 327,2026-09-15,7,business,,,24260.0,False,16:15,ok,2026-09-08T02:27:02.500841+05:30,2026-09-08_0227IST,airline_direct,IndiGo
DEL,BOM,6E,IndiGo,6E 327,2026-09-15,7,economy,,,6305.0,False,16:15,ok,2026-09-08T02:27:02.500841+05:30,2026-09-08_0227IST,airline_direct,IndiGo
DEL,BOM,6E,IndiGo,6E 6114,2026-09-15,7,business,,,24260.0,False,22:45,ok,2026-09-08T02:27:02.500841+05:30,2026-09-08_0227IST,airline_direct,IndiGo
DEL,BOM,6E,IndiGo,6E 6114,2026-09-15,7,economy,,,6305.0,False,22:45,ok,2026-09-08T02:27:02.500841+05:30,2026-09-08_0227IST,airline_direct,IndiGo
DEL,BOM,6E,IndiGo,6E 322,2026-09-15,7,business,,,24260.0,False,23:30,ok,2026-09-08T02:27:02.500841+05:30,2026-09-08_0227IST,airline_direct,IndiGo
DEL,BOM,6E,IndiGo,6E 322,2026-09-15,7,economy,,,6305.0,False,23:30,ok,2026-09-08T02:27:02.500841+05:30,2026-09-08_0227IST,airline_direct,IndiGo
DEL,BOM,6E,IndiGo,6E 329,2026-09-15,7,business,,,24260.0,False,18:00,ok,2026-09-08T02:27:02.500841+05:30,2026-09-08_0227IST,airline_direct,IndiGo
DEL,BOM,6E,IndiGo,6E 329,2026-09-15,7,economy,,,6357.0,False,18:00,ok,2026-09-08T02:27:02.500841+05:30,2026-09-08_0227IST,airline_direct,IndiGo
DEL,BOM,6E,IndiGo,6E 354,2026-09-15,7,business,,,24260.0,False,19:00,ok,2026-09-08T02:27:02.500841+05:30,2026-09-08_0227IST,airline_direct,IndiGo
DEL,BOM,6E,IndiGo,6E 354,2026-09-15,7,economy,,,6357.0,False,19:00,ok,2026-09-08T02:27:02.500841+05:30,2026-09-08_0227IST,airline_direct,IndiGo
DEL,BOM,6E,IndiGo,6E 303,2026-09-15,7,business,,,24260.0,False,20:00,ok,2026-09-08T02:27:02.500841+05:30,2026-09-08_0227IST,airline_direct,IndiGo
DEL,BOM,6E,IndiGo,6E 303,2026-09-15,7,economy,,,6357.0,False,20:00,ok,2026-09-08T02:27:02.500841+05:30,2026-09-08_0227IST,airline_direct,IndiGo
DEL,BOM,6E,IndiGo,6E 449,2026-09-15,7,business,,,24260.0,False,05:00,ok,2026-09-08T02:27:02.500841+05:30,2026-09-08_0227IST,airline_direct,IndiGo
DEL,BOM,6E,IndiGo,6E 449,2026-09-15,7,economy,,,6431.0,False,05:00,ok,2026-09-08T02:27:02.500841+05:30,2026-09-08_0227IST,airline_direct,IndiGo
DEL,BOM,6E,IndiGo,6E 320,2026-09-15,7,business,,,24260.0,False,08:00,ok,2026-09-08T02:27:02.500841+05:30,2026-09-08_0227IST,airline_direct,IndiGo
DEL,BOM,6E,IndiGo,6E 320,2026-09-15,7,economy,,,6431.0,False,08:00,ok,2026-09-08T02:27:02.500841+05:30,2026-09-08_0227IST,airline_direct,IndiGo
DEL,BOM,6E,IndiGo,6E 395,2026-09-15,7,business,,,24260.0,False,21:45,ok,2026-09-08T02:27:02.500841+05:30,2026-09-08_0227IST,airline_direct,IndiGo
DEL,BOM,6E,IndiGo,6E 395,2026-09-15,7,economy,,,6431.0,False,21:45,ok,2026-09-08T02:27:02.500841+05:30,2026-09-08_0227IST,airline_direct,IndiGo
DEL,BOM,6E,IndiGo,6E 6218,2026-09-15,7,business,,,24260.0,False,06:05,ok,2026-09-08T02:27:02.500841+05:30,2026-09-08_0227IST,airline_direct,IndiGo
DEL,BOM,6E,IndiGo,6E 6218,2026-09-15,7,economy,,,6688.0,False,06:05,ok,2026-09-08T02:27:02.500841+05:30,2026-09-08_0227IST,airline_direct,IndiGo
DEL,BOM,6E,IndiGo,6E 6814,2026-09-15,7,business,,,24260.0,False,07:15,ok,2026-09-08T02:27:02.500841+05:30,2026-09-08_0227IST,airline_direct,IndiGo
DEL,BOM,6E,IndiGo,6E 6814,2026-09-15,7,economy,,,6688.0,False,07:15,ok,2026-09-08T02:27:02.500841+05:30,2026-09-08_0227IST,airline_direct,IndiGo
DEL,BOM,6E,IndiGo,6E 6706,2026-09-15,7,business,,,24260.0,False,17:00,ok,2026-09-08T02:27:02.500841+05:30,2026-09-08_0227IST,airline_direct,IndiGo
DEL,BOM,6E,IndiGo,6E 6706,2026-09-15,7,economy,,,6688.0,False,17:00,ok,2026-09-08T02:27:02.500841+05:30,2026-09-08_0227IST,airline_direct,IndiGo
DEL,BOM,6E,IndiGo,6E 6261,2026-09-15,7,economy,,,6618.0,False,00:15,ok,2026-09-08T02:27:02.500841+05:30,2026-09-08_0227IST,airline_direct,IndiGo
DEL,BOM,6E,IndiGo,6E 5119,2026-09-15,7,economy,,,6618.0,False,05:10,ok,2026-09-08T02:27:02.500841+05:30,2026-09-08_0227IST,airline_direct,IndiGo
DEL,BOM,6E,IndiGo,6E 5119,2026-09-15,7,economy,,,6618.0,False,05:10,ok,2026-09-08T02:27:02.500841+05:30,2026-09-08_0227IST,airline_direct,IndiGo
DEL,BOM,6E,IndiGo,6E 6171,2026-09-15,7,economy,,,6618.0,False,05:40,ok,2026-09-08T02:27:02.500841+05:30,2026-09-08_0227IST,airline_direct,IndiGo
DEL,BOM,6E,IndiGo,6E 2076,2026-09-15,7,economy,,,6618.0,False,07:30,ok,2026-09-08T02:27:02.500841+05:30,2026-09-08_0227IST,airline_direct,IndiGo
DEL,BOM,6E,IndiGo,6E 2298,2026-09-15,7,economy,,,6618.0,False,09:45,ok,2026-09-08T02:27:02.500841+05:30,2026-09-08_0227IST,airline_direct,IndiGo
DEL,BOM,6E,IndiGo,6E 2331,2026-09-15,7,economy,,,6618.0,False,12:20,ok,2026-09-08T02:27:02.500841+05:30,2026-09-08_0227IST,airline_direct,IndiGo
DEL,BOM,6E,IndiGo,6E 2341,2026-09-15,7,economy,,,6618.0,False,14:50,ok,2026-09-08T02:27:02.500841+05:30,2026-09-08_0227IST,airline_direct,IndiGo
DEL,BOM,6E,IndiGo,6E 6983,2026-09-15,7,economy,,,6618.0,False,15:35,ok,2026-09-08T02:27:02.500841+05:30,2026-09-08_0227IST,airline_direct,IndiGo
DEL,BOM,6E,IndiGo,6E 5073,2026-09-15,7,economy,,,6618.0,False,17:05,ok,2026-09-08T02:27:02.500841+05:30,2026-09-08_0227IST,airline_direct,IndiGo
DEL,BOM,6E,IndiGo,6E 5014,2026-09-15,7,economy,,,6618.0,False,18:30,ok,2026-09-08T02:27:02.500841+05:30,2026-09-08_0227IST,airline_direct,IndiGo
DEL,BOM,6E,IndiGo,6E 2013,2026-09-15,7,economy,,,6618.0,False,21:50,ok,2026-09-08T02:27:02.500841+05:30,2026-09-08_0227IST,airline_direct,IndiGo
DEL,BOM,6E,IndiGo,6E 6459,2026-09-15,7,economy,,,6750.0,False,05:55,ok,2026-09-08T02:27:02.500841+05:30,2026-09-08_0227IST,airline_direct,IndiGo
DEL,BOM,6E,IndiGo,6E 6443,2026-09-15,7,economy,,,6750.0,False,09:00,ok,2026-09-08T02:27:02.500841+05:30,2026-09-08_0227IST,airline_direct,IndiGo
DEL,BOM,6E,IndiGo,6E 2249,2026-09-15,7,economy,,,6750.0,False,15:00,ok,2026-09-08T02:27:02.500841+05:30,2026-09-08_0227IST,airline_direct,IndiGo
DEL,BOM,6E,IndiGo,6E 6433,2026-09-15,7,economy,,,6750.0,False,16:30,ok,2026-09-08T02:27:02.500841+05:30,2026-09-08_0227IST,airline_direct,IndiGo
DEL,BOM,6E,IndiGo,6E 6829,2026-09-15,7,economy,,,6750.0,False,17:20,ok,2026-09-08T02:27:02.500841+05:30,2026-09-08_0227IST,airline_direct,IndiGo
DEL,BOM,6E,IndiGo,6E 6829,2026-09-15,7,economy,,,6750.0,False,17:20,ok,2026-09-08T02:27:02.500841+05:30,2026-09-08_0227IST,airline_direct,IndiGo
DEL,BOM,6E,IndiGo,6E 5138,2026-09-15,7,economy,,,6750.0,False,19:10,ok,2026-09-08T02:27:02.500841+05:30,2026-09-08_0227IST,airline_direct,IndiGo
DEL,BOM,6E,IndiGo,6E 2169,2026-09-15,7,economy,,,6750.0,False,19:40,ok,2026-09-08T02:27:02.500841+05:30,2026-09-08_0227IST,airline_direct,IndiGo
DEL,BOM,6E,IndiGo,6E 6050,2026-09-15,7,economy,,,6828.0,False,08:15,ok,2026-09-08T02:27:02.500841+05:30,2026-09-08_0227IST,airline_direct,IndiGo
DEL,BOM,6E,IndiGo,6E 5298,2026-09-15,7,economy,,,6828.0,False,09:00,ok,2026-09-08T02:27:02.500841+05:30,2026-09-08_0227IST,airline_direct,IndiGo
DEL,BOM,6E,IndiGo,6E 5206,2026-09-15,7,economy,,,6828.0,False,13:20,ok,2026-09-08T02:27:02.500841+05:30,2026-09-08_0227IST,airline_direct,IndiGo
DEL,BOM,6E,IndiGo,6E 5038,2026-09-15,7,economy,,,6828.0,False,14:00,ok,2026-09-08T02:27:02.500841+05:30,2026-09-08_0227IST,airline_direct,IndiGo
DEL,BOM,6E,IndiGo,6E 758,2026-09-15,7,economy,,,6828.0,False,16:10,ok,2026-09-08T02:27:02.500841+05:30,2026-09-08_0227IST,airline_direct,IndiGo
DEL,BOM,6E,IndiGo,6E 2151,2026-09-15,7,economy,,,6828.0,False,19:45,ok,2026-09-08T02:27:02.500841+05:30,2026-09-08_0227IST,airline_direct,IndiGo
DEL,BOM,6E,IndiGo,6E 6479,2026-09-15,7,economy,,,6828.0,False,21:25,ok,2026-09-08T02:27:02.500841+05:30,2026-09-08_0227IST,airline_direct,IndiGo
DEL,BOM,6E,IndiGo,6E 705,2026-09-15,7,business,,,36166.0,False,08:30,ok,2026-09-08T02:27:02.500841+05:30,2026-09-08_0227IST,airline_direct,IndiGo
DEL,BOM,6E,IndiGo,6E 705,2026-09-15,7,economy,,,6960.0,False,08:30,ok,2026-09-08T02:27:02.500841+05:30,2026-09-08_0227IST,airline_direct,IndiGo
DEL,BOM,6E,IndiGo,6E 6293,2026-09-15,7,business,,,36166.0,False,09:55,ok,2026-09-08T02:27:02.500841+05:30,2026-09-08_0227IST,airline_direct,IndiGo
DEL,BOM,6E,IndiGo,6E 6293,2026-09-15,7,economy,,,6960.0,False,09:55,ok,2026-09-08T02:27:02.500841+05:30,2026-09-08_0227IST,airline_direct,IndiGo
DEL,BOM,6E,IndiGo,6E 6282,2026-09-15,7,business,,,36166.0,False,13:30,ok,2026-09-08T02:27:02.500841+05:30,2026-09-08_0227IST,airline_direct,IndiGo
DEL,BOM,6E,IndiGo,6E 6282,2026-09-15,7,economy,,,6960.0,False,13:30,ok,2026-09-08T02:27:02.500841+05:30,2026-09-08_0227IST,airline_direct,IndiGo
DEL,BOM,6E,IndiGo,6E 6497,2026-09-15,7,economy,,,6960.0,False,18:40,ok,2026-09-08T02:27:02.500841+05:30,2026-09-08_0227IST,airline_direct,IndiGo
DEL,BOM,6E,IndiGo,6E 6601,2026-09-15,7,business,,,36166.0,False,19:45,ok,2026-09-08T02:27:02.500841+05:30,2026-09-08_0227IST,airline_direct,IndiGo
DEL,BOM,6E,IndiGo,6E 6601,2026-09-15,7,economy,,,6960.0,False,19:45,ok,2026-09-08T02:27:02.500841+05:30,2026-09-08_0227IST,airline_direct,IndiGo
DEL,BOM,6E,IndiGo,6E 882,2026-09-15,7,business,,,29592.0,False,23:15,ok,2026-09-08T02:27:02.500841+05:30,2026-09-08_0227IST,airline_direct,IndiGo
DEL,BOM,6E,IndiGo,6E 882,2026-09-15,7,economy,,,6960.0,False,23:15,ok,2026-09-08T02:27:02.500841+05:30,2026-09-08_0227IST,airline_direct,IndiGo
DEL,BOM,6E,IndiGo,6E 5033,2026-09-15,7,economy,,,7142.0,False,15:50,ok,2026-09-08T02:27:02.500841+05:30,2026-09-08_0227IST,airline_direct,IndiGo
DEL,BOM,6E,IndiGo,6E 5073,2026-09-15,7,economy,,,7142.0,False,17:05,ok,2026-09-08T02:27:02.500841+05:30,2026-09-08_0227IST,airline_direct,IndiGo
DEL,BOM,6E,IndiGo,6E 6010,2026-09-15,7,economy,,,7275.0,False,11:20,ok,2026-09-08T02:27:02.500841+05:30,2026-09-08_0227IST,airline_direct,IndiGo
DEL,BOM,6E,IndiGo,6E 704,2026-09-15,7,business,,,36166.0,False,02:25,ok,2026-09-08T02:27:02.500841+05:30,2026-09-08_0227IST,airline_direct,IndiGo
DEL,BOM,6E,IndiGo,6E 704,2026-09-15,7,economy,,,7484.0,False,02:25,ok,2026-09-08T02:27:02.500841+05:30,2026-09-08_0227IST,airline_direct,IndiGo
DEL,BOM,6E,IndiGo,6E 357,2026-09-15,7,economy,,,7562.0,False,19:30,ok,2026-09-08T02:27:02.500841+05:30,2026-09-08_0227IST,airline_direct,IndiGo
DEL,BOM,6E,IndiGo,6E 6488,2026-09-15,7,economy,,,7849.0,False,11:20,ok,2026-09-08T02:27:02.500841+05:30,2026-09-08_0227IST,airline_direct,IndiGo
DEL,BOM,6E,IndiGo,6E 6476,2026-09-15,7,economy,,,7928.0,False,07:05,ok,2026-09-08T02:27:02.500841+05:30,2026-09-08_0227IST,airline_direct,IndiGo
DEL,BOM,6E,IndiGo,6E 6282,2026-09-15,7,business,,,36166.0,False,13:30,ok,2026-09-08T02:27:02.500841+05:30,2026-09-08_0227IST,airline_direct,IndiGo
DEL,BOM,6E,IndiGo,6E 6282,2026-09-15,7,economy,,,8692.0,False,13:30,ok,2026-09-08T02:27:02.500841+05:30,2026-09-08_0227IST,airline_direct,IndiGo
DEL,BOM,6E,IndiGo,6E 2381,2026-09-15,7,economy,,,9388.0,False,13:45,ok,2026-09-08T02:27:02.500841+05:30,2026-09-08_0227IST,airline_direct,IndiGo
DEL,BOM,6E,IndiGo,6E 2349,2026-09-15,7,economy,,,9785.0,False,10:55,ok,2026-09-08T02:27:02.500841+05:30,2026-09-08_0227IST,airline_direct,IndiGo
DEL,BOM,6E,IndiGo,6E 931,2026-09-15,7,economy,,,10653.0,False,19:35,ok,2026-09-08T02:27:02.500841+05:30,2026-09-08_0227IST,airline_direct,IndiGo
DEL,BOM,6E,IndiGo,6E 358,2026-09-15,7,economy,,,11073.0,False,12:15,ok,2026-09-08T02:27:02.500841+05:30,2026-09-08_0227IST,airline_direct,IndiGo
DEL,BLR,6E,IndiGo,6E 2314,2026-09-15,7,business,,,29942.0,False,05:45,ok,2026-09-08T02:28:06.440754+05:30,2026-09-08_0228IST,airline_direct,IndiGo
DEL,BLR,6E,IndiGo,6E 2314,2026-09-15,7,economy,,,8671.0,False,05:45,ok,2026-09-08T02:28:06.440754+05:30,2026-09-08_0228IST,airline_direct,IndiGo
DEL,BLR,6E,IndiGo,6E 880,2026-09-15,7,business,,,29942.0,False,15:45,ok,2026-09-08T02:28:06.440754+05:30,2026-09-08_0228IST,airline_direct,IndiGo
DEL,BLR,6E,IndiGo,6E 880,2026-09-15,7,economy,,,8671.0,False,15:45,ok,2026-09-08T02:28:06.440754+05:30,2026-09-08_0228IST,airline_direct,IndiGo
DEL,BLR,6E,IndiGo,6E 861,2026-09-15,7,business,,,29942.0,False,19:30,ok,2026-09-08T02:28:06.440754+05:30,2026-09-08_0228IST,airline_direct,IndiGo
DEL,BLR,6E,IndiGo,6E 861,2026-09-15,7,economy,,,8671.0,False,19:30,ok,2026-09-08T02:28:06.440754+05:30,2026-09-08_0228IST,airline_direct,IndiGo
DEL,BLR,6E,IndiGo,6E 6515,2026-09-15,7,business,,,29942.0,False,20:45,ok,2026-09-08T02:28:06.440754+05:30,2026-09-08_0228IST,airline_direct,IndiGo
DEL,BLR,6E,IndiGo,6E 6515,2026-09-15,7,economy,,,8671.0,False,20:45,ok,2026-09-08T02:28:06.440754+05:30,2026-09-08_0228IST,airline_direct,IndiGo
DEL,BLR,6E,IndiGo,6E 846,2026-09-15,7,business,,,29942.0,False,22:00,ok,2026-09-08T02:28:06.440754+05:30,2026-09-08_0228IST,airline_direct,IndiGo
DEL,BLR,6E,IndiGo,6E 846,2026-09-15,7,economy,,,8671.0,False,22:00,ok,2026-09-08T02:28:06.440754+05:30,2026-09-08_0228IST,airline_direct,IndiGo
DEL,BLR,6E,IndiGo,6E 871,2026-09-15,7,business,,,29942.0,False,23:30,ok,2026-09-08T02:28:06.440754+05:30,2026-09-08_0228IST,airline_direct,IndiGo
DEL,BLR,6E,IndiGo,6E 871,2026-09-15,7,economy,,,8671.0,False,23:30,ok,2026-09-08T02:28:06.440754+05:30,2026-09-08_0228IST,airline_direct,IndiGo
DEL,BLR,6E,IndiGo,6E 810,2026-09-15,7,business,,,29942.0,False,07:05,ok,2026-09-08T02:28:06.440754+05:30,2026-09-08_0228IST,airline_direct,IndiGo
DEL,BLR,6E,IndiGo,6E 810,2026-09-15,7,economy,,,9128.0,False,07:05,ok,2026-09-08T02:28:06.440754+05:30,2026-09-08_0228IST,airline_direct,IndiGo
DEL,BLR,6E,IndiGo,6E 873,2026-09-15,7,business,,,29942.0,False,08:20,ok,2026-09-08T02:28:06.440754+05:30,2026-09-08_0228IST,airline_direct,IndiGo
DEL,BLR,6E,IndiGo,6E 873,2026-09-15,7,economy,,,9128.0,False,08:20,ok,2026-09-08T02:28:06.440754+05:30,2026-09-08_0228IST,airline_direct,IndiGo
DEL,BLR,6E,IndiGo,6E 826,2026-09-15,7,business,,,29942.0,False,09:30,ok,2026-09-08T02:28:06.440754+05:30,2026-09-08_0228IST,airline_direct,IndiGo
DEL,BLR,6E,IndiGo,6E 826,2026-09-15,7,economy,,,9128.0,False,09:30,ok,2026-09-08T02:28:06.440754+05:30,2026-09-08_0228IST,airline_direct,IndiGo
DEL,BLR,6E,IndiGo,6E 842,2026-09-15,7,business,,,29942.0,False,10:45,ok,2026-09-08T02:28:06.440754+05:30,2026-09-08_0228IST,airline_direct,IndiGo
DEL,BLR,6E,IndiGo,6E 842,2026-09-15,7,economy,,,9128.0,False,10:45,ok,2026-09-08T02:28:06.440754+05:30,2026-09-08_0228IST,airline_direct,IndiGo
DEL,BLR,6E,IndiGo,6E 837,2026-09-15,7,business,,,29942.0,False,17:00,ok,2026-09-08T02:28:06.440754+05:30,2026-09-08_0228IST,airline_direct,IndiGo
DEL,BLR,6E,IndiGo,6E 837,2026-09-15,7,economy,,,9128.0,False,17:00,ok,2026-09-08T02:28:06.440754+05:30,2026-09-08_0228IST,airline_direct,IndiGo
DEL,BLR,6E,IndiGo,6E 811,2026-09-15,7,business,,,29942.0,False,18:20,ok,2026-09-08T02:28:06.440754+05:30,2026-09-08_0228IST,airline_direct,IndiGo
DEL,BLR,6E,IndiGo,6E 811,2026-09-15,7,economy,,,9128.0,False,18:20,ok,2026-09-08T02:28:06.440754+05:30,2026-09-08_0228IST,airline_direct,IndiGo
DEL,BLR,6E,IndiGo,6E 850,2026-09-15,7,business,,,29942.0,False,12:20,ok,2026-09-08T02:28:06.440754+05:30,2026-09-08_0228IST,airline_direct,IndiGo
DEL,BLR,6E,IndiGo,6E 850,2026-09-15,7,economy,,,9613.0,False,12:20,ok,2026-09-08T02:28:06.440754+05:30,2026-09-08_0228IST,airline_direct,IndiGo
DEL,BLR,6E,IndiGo,6E 828,2026-09-15,7,business,,,29942.0,False,14:30,ok,2026-09-08T02:28:06.440754+05:30,2026-09-08_0228IST,airline_direct,IndiGo
DEL,BLR,6E,IndiGo,6E 828,2026-09-15,7,economy,,,9613.0,False,14:30,ok,2026-09-08T02:28:06.440754+05:30,2026-09-08_0228IST,airline_direct,IndiGo
DEL,BLR,6E,IndiGo,6E 820,2026-09-15,7,business,,,29942.0,False,03:00,ok,2026-09-08T02:28:06.440754+05:30,2026-09-08_0228IST,airline_direct,IndiGo
DEL,BLR,6E,IndiGo,6E 820,2026-09-15,7,economy,,,10675.0,False,03:00,ok,2026-09-08T02:28:06.440754+05:30,2026-09-08_0228IST,airline_direct,IndiGo
DEL,BLR,6E,IndiGo,6E 6433,2026-09-15,7,economy,,,9867.0,False,16:30,ok,2026-09-08T02:28:06.440754+05:30,2026-09-08_0228IST,airline_direct,IndiGo
DEL,BLR,6E,IndiGo,6E 884,2026-09-15,7,business,,,30402.0,False,11:45,ok,2026-09-08T02:28:06.440754+05:30,2026-09-08_0228IST,airline_direct,IndiGo
DEL,BLR,6E,IndiGo,6E 884,2026-09-15,7,economy,,,9946.0,False,11:45,ok,2026-09-08T02:28:06.440754+05:30,2026-09-08_0228IST,airline_direct,IndiGo
DEL,BLR,6E,IndiGo,6E 6282,2026-09-15,7,business,,,29260.0,False,13:30,ok,2026-09-08T02:28:06.440754+05:30,2026-09-08_0228IST,airline_direct,IndiGo
DEL,BLR,6E,IndiGo,6E 6282,2026-09-15,7,economy,,,9946.0,False,13:30,ok,2026-09-08T02:28:06.440754+05:30,2026-09-08_0228IST,airline_direct,IndiGo
DEL,BLR,6E,IndiGo,6E 6217,2026-09-15,7,business,,,31064.0,False,16:15,ok,2026-09-08T02:28:06.440754+05:30,2026-09-08_0228IST,airline_direct,IndiGo
DEL,BLR,6E,IndiGo,6E 6217,2026-09-15,7,economy,,,9946.0,False,16:15,ok,2026-09-08T02:28:06.440754+05:30,2026-09-08_0228IST,airline_direct,IndiGo
DEL,BLR,6E,IndiGo,6E 717,2026-09-15,7,business,,,30402.0,False,17:55,ok,2026-09-08T02:28:06.440754+05:30,2026-09-08_0228IST,airline_direct,IndiGo
DEL,BLR,6E,IndiGo,6E 717,2026-09-15,7,economy,,,9946.0,False,17:55,ok,2026-09-08T02:28:06.440754+05:30,2026-09-08_0228IST,airline_direct,IndiGo
DEL,BLR,6E,IndiGo,6E 2343,2026-09-15,7,business,,,35165.0,False,02:20,ok,2026-09-08T02:28:06.440754+05:30,2026-09-08_0228IST,airline_direct,IndiGo
DEL,BLR,6E,IndiGo,6E 2343,2026-09-15,7,economy,,,10077.0,False,02:20,ok,2026-09-08T02:28:06.440754+05:30,2026-09-08_0228IST,airline_direct,IndiGo
DEL,BLR,6E,IndiGo,6E 5119,2026-09-15,7,economy,,,10077.0,False,05:10,ok,2026-09-08T02:28:06.440754+05:30,2026-09-08_0228IST,airline_direct,IndiGo
DEL,BLR,6E,IndiGo,6E 6459,2026-09-15,7,economy,,,10077.0,False,05:55,ok,2026-09-08T02:28:06.440754+05:30,2026-09-08_0228IST,airline_direct,IndiGo
DEL,BLR,6E,IndiGo,6E 320,2026-09-15,7,business,,,40536.0,False,08:00,ok,2026-09-08T02:28:06.440754+05:30,2026-09-08_0228IST,airline_direct,IndiGo
DEL,BLR,6E,IndiGo,6E 320,2026-09-15,7,economy,,,10077.0,False,08:00,ok,2026-09-08T02:28:06.440754+05:30,2026-09-08_0228IST,airline_direct,IndiGo
DEL,BLR,6E,IndiGo,6E 6047,2026-09-15,7,business,,,40536.0,False,11:00,ok,2026-09-08T02:28:06.440754+05:30,2026-09-08_0228IST,airline_direct,IndiGo
DEL,BLR,6E,IndiGo,6E 6047,2026-09-15,7,economy,,,10077.0,False,11:00,ok,2026-09-08T02:28:06.440754+05:30,2026-09-08_0228IST,airline_direct,IndiGo
DEL,BLR,6E,IndiGo,6E 6488,2026-09-15,7,economy,,,10077.0,False,11:20,ok,2026-09-08T02:28:06.440754+05:30,2026-09-08_0228IST,airline_direct,IndiGo
DEL,BLR,6E,IndiGo,6E 6022,2026-09-15,7,business,,,44135.0,False,14:00,ok,2026-09-08T02:28:06.440754+05:30,2026-09-08_0228IST,airline_direct,IndiGo
DEL,BLR,6E,IndiGo,6E 6022,2026-09-15,7,economy,,,10077.0,False,14:00,ok,2026-09-08T02:28:06.440754+05:30,2026-09-08_0228IST,airline_direct,IndiGo
DEL,BLR,6E,IndiGo,6E 2557,2026-09-15,7,economy,,,10077.0,False,15:20,ok,2026-09-08T02:28:06.440754+05:30,2026-09-08_0228IST,airline_direct,IndiGo
DEL,BLR,6E,IndiGo,6E 734,2026-09-15,7,economy,,,10077.0,False,16:20,ok,2026-09-08T02:28:06.440754+05:30,2026-09-08_0228IST,airline_direct,IndiGo
DEL,BLR,6E,IndiGo,6E 5073,2026-09-15,7,economy,,,10077.0,False,17:05,ok,2026-09-08T02:28:06.440754+05:30,2026-09-08_0228IST,airline_direct,IndiGo
DEL,BLR,6E,IndiGo,6E 6829,2026-09-15,7,economy,,,10077.0,False,17:20,ok,2026-09-08T02:28:06.440754+05:30,2026-09-08_0228IST,airline_direct,IndiGo
DEL,BLR,6E,IndiGo,6E 329,2026-09-15,7,business,,,40536.0,False,18:00,ok,2026-09-08T02:28:06.440754+05:30,2026-09-08_0228IST,airline_direct,IndiGo
DEL,BLR,6E,IndiGo,6E 329,2026-09-15,7,economy,,,10077.0,False,18:00,ok,2026-09-08T02:28:06.440754+05:30,2026-09-08_0228IST,airline_direct,IndiGo
DEL,BLR,6E,IndiGo,6E 329,2026-09-15,7,business,,,40536.0,False,18:00,ok,2026-09-08T02:28:06.440754+05:30,2026-09-08_0228IST,airline_direct,IndiGo
DEL,BLR,6E,IndiGo,6E 329,2026-09-15,7,economy,,,10077.0,False,18:00,ok,2026-09-08T02:28:06.440754+05:30,2026-09-08_0228IST,airline_direct,IndiGo
DEL,BLR,6E,IndiGo,6E 931,2026-09-15,7,economy,,,10077.0,False,19:35,ok,2026-09-08T02:28:06.440754+05:30,2026-09-08_0228IST,airline_direct,IndiGo
DEL,BLR,6E,IndiGo,6E 6673,2026-09-15,7,business,,,26816.0,False,21:15,ok,2026-09-08T02:28:06.440754+05:30,2026-09-08_0228IST,airline_direct,IndiGo
DEL,BLR,6E,IndiGo,6E 6673,2026-09-15,7,economy,,,10077.0,False,21:15,ok,2026-09-08T02:28:06.440754+05:30,2026-09-08_0228IST,airline_direct,IndiGo
DEL,BLR,6E,IndiGo,6E 2618,2026-09-15,7,business,,,26816.0,False,23:00,ok,2026-09-08T02:28:06.440754+05:30,2026-09-08_0228IST,airline_direct,IndiGo
DEL,BLR,6E,IndiGo,6E 2618,2026-09-15,7,economy,,,10077.0,False,23:00,ok,2026-09-08T02:28:06.440754+05:30,2026-09-08_0228IST,airline_direct,IndiGo
DEL,BLR,6E,IndiGo,6E 6476,2026-09-15,7,economy,,,10156.0,False,07:05,ok,2026-09-08T02:28:06.440754+05:30,2026-09-08_0228IST,airline_direct,IndiGo
DEL,BLR,6E,IndiGo,6E 940,2026-09-15,7,business,,,31327.0,False,09:15,ok,2026-09-08T02:28:06.440754+05:30,2026-09-08_0228IST,airline_direct,IndiGo
DEL,BLR,6E,IndiGo,6E 940,2026-09-15,7,economy,,,10156.0,False,09:15,ok,2026-09-08T02:28:06.440754+05:30,2026-09-08_0228IST,airline_direct,IndiGo
DEL,BLR,6E,IndiGo,6E 2319,2026-09-15,7,economy,,,10156.0,False,09:55,ok,2026-09-08T02:28:06.440754+05:30,2026-09-08_0228IST,airline_direct,IndiGo
DEL,BLR,6E,IndiGo,6E 434,2026-09-15,7,business,,,31327.0,False,11:00,ok,2026-09-08T02:28:06.440754+05:30,2026-09-08_0228IST,airline_direct,IndiGo
DEL,BLR,6E,IndiGo,6E 434,2026-09-15,7,economy,,,10156.0,False,11:00,ok,2026-09-08T02:28:06.440754+05:30,2026-09-08_0228IST,airline_direct,IndiGo
DEL,BLR,6E,IndiGo,6E 6115,2026-09-15,7,business,,,31327.0,False,13:10,ok,2026-09-08T02:28:06.440754+05:30,2026-09-08_0228IST,airline_direct,IndiGo
DEL,BLR,6E,IndiGo,6E 6115,2026-09-15,7,economy,,,10156.0,False,13:10,ok,2026-09-08T02:28:06.440754+05:30,2026-09-08_0228IST,airline_direct,IndiGo
DEL,BLR,6E,IndiGo,6E 5038,2026-09-15,7,economy,,,10156.0,False,14:00,ok,2026-09-08T02:28:06.440754+05:30,2026-09-08_0228IST,airline_direct,IndiGo
DEL,BLR,6E,IndiGo,6E 6091,2026-09-15,7,business,,,32460.0,False,15:15,ok,2026-09-08T02:28:06.440754+05:30,2026-09-08_0228IST,airline_direct,IndiGo
DEL,BLR,6E,IndiGo,6E 6091,2026-09-15,7,economy,,,10156.0,False,15:15,ok,2026-09-08T02:28:06.440754+05:30,2026-09-08_0228IST,airline_direct,IndiGo
DEL,BLR,6E,IndiGo,6E 5033,2026-09-15,7,economy,,,10156.0,False,15:50,ok,2026-09-08T02:28:06.440754+05:30,2026-09-08_0228IST,airline_direct,IndiGo
DEL,BLR,6E,IndiGo,6E 947,2026-09-15,7,business,,,31327.0,False,16:40,ok,2026-09-08T02:28:06.440754+05:30,2026-09-08_0228IST,airline_direct,IndiGo
DEL,BLR,6E,IndiGo,6E 947,2026-09-15,7,economy,,,10156.0,False,16:40,ok,2026-09-08T02:28:06.440754+05:30,2026-09-08_0228IST,airline_direct,IndiGo
DEL,BLR,6E,IndiGo,6E 6632,2026-09-15,7,economy,,,10156.0,False,17:50,ok,2026-09-08T02:28:06.440754+05:30,2026-09-08_0228IST,airline_direct,IndiGo
DEL,BLR,6E,IndiGo,6E 950,2026-09-15,7,business,,,31327.0,False,18:15,ok,2026-09-08T02:28:06.440754+05:30,2026-09-08_0228IST,airline_direct,IndiGo
DEL,BLR,6E,IndiGo,6E 950,2026-09-15,7,economy,,,10156.0,False,18:15,ok,2026-09-08T02:28:06.440754+05:30,2026-09-08_0228IST,airline_direct,IndiGo
DEL,BLR,6E,IndiGo,6E 2151,2026-09-15,7,economy,,,10156.0,False,19:45,ok,2026-09-08T02:28:06.440754+05:30,2026-09-08_0228IST,airline_direct,IndiGo
DEL,BLR,6E,IndiGo,6E 6497,2026-09-15,7,economy,,,10287.0,False,18:40,ok,2026-09-08T02:28:06.440754+05:30,2026-09-08_0228IST,airline_direct,IndiGo
DEL,BLR,6E,IndiGo,6E 5001,2026-09-15,7,economy,,,10314.0,False,17:10,ok,2026-09-08T02:28:06.440754+05:30,2026-09-08_0228IST,airline_direct,IndiGo
DEL,BLR,6E,IndiGo,6E 5191,2026-09-15,7,business,,,35824.0,False,05:00,ok,2026-09-08T02:28:06.440754+05:30,2026-09-08_0228IST,airline_direct,IndiGo
DEL,BLR,6E,IndiGo,6E 5191,2026-09-15,7,economy,,,10497.0,False,05:00,ok,2026-09-08T02:28:06.440754+05:30,2026-09-08_0228IST,airline_direct,IndiGo
DEL,BLR,6E,IndiGo,6E 513,2026-09-15,7,business,,,35824.0,False,08:30,ok,2026-09-08T02:28:06.440754+05:30,2026-09-08_0228IST,airline_direct,IndiGo
DEL,BLR,6E,IndiGo,6E 513,2026-09-15,7,economy,,,10497.0,False,08:30,ok,2026-09-08T02:28:06.440754+05:30,2026-09-08_0228IST,airline_direct,IndiGo
DEL,BLR,6E,IndiGo,6E 2771,2026-09-15,7,economy,,,10497.0,False,10:35,ok,2026-09-08T02:28:06.440754+05:30,2026-09-08_0228IST,airline_direct,IndiGo
DEL,BLR,6E,IndiGo,6E 758,2026-09-15,7,economy,,,10720.0,False,16:10,ok,2026-09-08T02:28:06.440754+05:30,2026-09-08_0228IST,airline_direct,IndiGo
DEL,BLR,6E,IndiGo,6E 6470,2026-09-15,7,economy,,,10851.0,False,06:55,ok,2026-09-08T02:28:06.440754+05:30,2026-09-08_0228IST,airline_direct,IndiGo
DEL,BLR,6E,IndiGo,6E 6437,2026-09-15,7,business,,,28270.0,False,16:25,ok,2026-09-08T02:28:06.440754+05:30,2026-09-08_0228IST,airline_direct,IndiGo
DEL,BLR,6E,IndiGo,6E 6437,2026-09-15,7,economy,,,11696.0,False,16:25,ok,2026-09-08T02:28:06.440754+05:30,2026-09-08_0228IST,airline_direct,IndiGo
DEL,BLR,6E,IndiGo,6E 2277,2026-09-15,7,business,,,36469.0,False,10:25,ok,2026-09-08T02:28:06.440754+05:30,2026-09-08_0228IST,airline_direct,IndiGo
DEL,BLR,6E,IndiGo,6E 2277,2026-09-15,7,economy,,,11775.0,False,10:25,ok,2026-09-08T02:28:06.440754+05:30,2026-09-08_0228IST,airline_direct,IndiGo
DEL,BLR,6E,IndiGo,6E 704,2026-09-15,7,business,,,31064.0,False,02:25,ok,2026-09-08T02:28:06.440754+05:30,2026-09-08_0228IST,airline_direct,IndiGo
DEL,BLR,6E,IndiGo,6E 704,2026-09-15,7,economy,,,12489.0,False,02:25,ok,2026-09-08T02:28:06.440754+05:30,2026-09-08_0228IST,airline_direct,IndiGo
DEL,BLR,6E,IndiGo,6E 6706,2026-09-15,7,business,,,40536.0,False,17:00,ok,2026-09-08T02:28:06.440754+05:30,2026-09-08_0228IST,airline_direct,IndiGo
DEL,BLR,6E,IndiGo,6E 6706,2026-09-15,7,economy,,,12620.0,False,17:00,ok,2026-09-08T02:28:06.440754+05:30,2026-09-08_0228IST,airline_direct,IndiGo
DEL,BLR,6E,IndiGo,6E 6293,2026-09-15,7,business,,,30402.0,False,09:55,ok,2026-09-08T02:28:06.440754+05:30,2026-09-08_0228IST,airline_direct,IndiGo
DEL,BLR,6E,IndiGo,6E 6293,2026-09-15,7,economy,,,13641.0,False,09:55,ok,2026-09-08T02:28:06.440754+05:30,2026-09-08_0228IST,airline_direct,IndiGo
BOM,BLR,6E,IndiGo,error,2026-09-15,7,unknown,,,,False,unknown,error,2026-09-08T02:30:06.078242+05:30,2026-09-08_0230IST,airline_direct,IndiGo
DEL,CCU,6E,IndiGo,error,2026-09-15,7,unknown,,,,False,unknown,error,2026-09-08T02:32:22.536462+05:30,2026-09-08_0232IST,airline_direct,IndiGo
BLR,HYD,6E,IndiGo,error,2026-09-15,7,unknown,,,,False,unknown,error,2026-09-08T02:34:34.813510+05:30,2026-09-08_0234IST,airline_direct,IndiGo
MAA,DEL,6E,IndiGo,error,2026-09-15,7,unknown,,,,False,unknown,error,2026-09-08T02:36:59.426459+05:30,2026-09-08_0236IST,airline_direct,IndiGo
DEL,BOM,6E,IndiGo,6E 449,2026-09-23,15,business,,,21900.0,False,05:00,ok,2026-09-08T02:39:17.277580+05:30,2026-09-08_0239IST,airline_direct,IndiGo
DEL,BOM,6E,IndiGo,6E 449,2026-09-23,15,economy,,,6305.0,False,05:00,ok,2026-09-08T02:39:17.277580+05:30,2026-09-08_0239IST,airline_direct,IndiGo
DEL,BOM,6E,IndiGo,6E 675,2026-09-23,15,business,,,21900.0,False,08:45,ok,2026-09-08T02:39:17.277580+05:30,2026-09-08_0239IST,airline_direct,IndiGo
DEL,BOM,6E,IndiGo,6E 675,2026-09-23,15,economy,,,6305.0,False,08:45,ok,2026-09-08T02:39:17.277580+05:30,2026-09-08_0239IST,airline_direct,IndiGo
DEL,BOM,6E,IndiGo,6E 6107,2026-09-23,15,business,,,21900.0,False,09:30,ok,2026-09-08T02:39:17.277580+05:30,2026-09-08_0239IST,airline_direct,IndiGo
DEL,BOM,6E,IndiGo,6E 6107,2026-09-23,15,economy,,,6305.0,False,09:30,ok,2026-09-08T02:39:17.277580+05:30,2026-09-08_0239IST,airline_direct,IndiGo
DEL,BOM,6E,IndiGo,6E 6328,2026-09-23,15,business,,,21900.0,False,10:15,ok,2026-09-08T02:39:17.277580+05:30,2026-09-08_0239IST,airline_direct,IndiGo
DEL,BOM,6E,IndiGo,6E 6328,2026-09-23,15,economy,,,6305.0,False,10:15,ok,2026-09-08T02:39:17.277580+05:30,2026-09-08_0239IST,airline_direct,IndiGo
DEL,BOM,6E,IndiGo,6E 6047,2026-09-23,15,business,,,21900.0,False,11:00,ok,2026-09-08T02:39:17.277580+05:30,2026-09-08_0239IST,airline_direct,IndiGo
DEL,BOM,6E,IndiGo,6E 6047,2026-09-23,15,economy,,,6305.0,False,11:00,ok,2026-09-08T02:39:17.277580+05:30,2026-09-08_0239IST,airline_direct,IndiGo
DEL,BOM,6E,IndiGo,6E 6676,2026-09-23,15,business,,,21900.0,False,12:00,ok,2026-09-08T02:39:17.277580+05:30,2026-09-08_0239IST,airline_direct,IndiGo
DEL,BOM,6E,IndiGo,6E 6676,2026-09-23,15,economy,,,6305.0,False,12:00,ok,2026-09-08T02:39:17.277580+05:30,2026-09-08_0239IST,airline_direct,IndiGo
DEL,BOM,6E,IndiGo,6E 324,2026-09-23,15,business,,,21900.0,False,13:00,ok,2026-09-08T02:39:17.277580+05:30,2026-09-08_0239IST,airline_direct,IndiGo
DEL,BOM,6E,IndiGo,6E 324,2026-09-23,15,economy,,,6305.0,False,13:00,ok,2026-09-08T02:39:17.277580+05:30,2026-09-08_0239IST,airline_direct,IndiGo
DEL,BOM,6E,IndiGo,6E 6022,2026-09-23,15,business,,,21900.0,False,14:00,ok,2026-09-08T02:39:17.277580+05:30,2026-09-08_0239IST,airline_direct,IndiGo
DEL,BOM,6E,IndiGo,6E 6022,2026-09-23,15,economy,,,6305.0,False,14:00,ok,2026-09-08T02:39:17.277580+05:30,2026-09-08_0239IST,airline_direct,IndiGo
DEL,BOM,6E,IndiGo,6E 6318,2026-09-23,15,business,,,21900.0,False,14:45,ok,2026-09-08T02:39:17.277580+05:30,2026-09-08_0239IST,airline_direct,IndiGo
DEL,BOM,6E,IndiGo,6E 6318,2026-09-23,15,economy,,,6305.0,False,14:45,ok,2026-09-08T02:39:17.277580+05:30,2026-09-08_0239IST,airline_direct,IndiGo
DEL,BOM,6E,IndiGo,6E 864,2026-09-23,15,business,,,21900.0,False,15:30,ok,2026-09-08T02:39:17.277580+05:30,2026-09-08_0239IST,airline_direct,IndiGo
DEL,BOM,6E,IndiGo,6E 864,2026-09-23,15,economy,,,6305.0,False,15:30,ok,2026-09-08T02:39:17.277580+05:30,2026-09-08_0239IST,airline_direct,IndiGo
DEL,BOM,6E,IndiGo,6E 327,2026-09-23,15,business,,,21900.0,False,16:15,ok,2026-09-08T02:39:17.277580+05:30,2026-09-08_0239IST,airline_direct,IndiGo
DEL,BOM,6E,IndiGo,6E 327,2026-09-23,15,economy,,,6305.0,False,16:15,ok,2026-09-08T02:39:17.277580+05:30,2026-09-08_0239IST,airline_direct,IndiGo
DEL,BOM,6E,IndiGo,6E 6706,2026-09-23,15,business,,,21900.0,False,17:00,ok,2026-09-08T02:39:17.277580+05:30,2026-09-08_0239IST,airline_direct,IndiGo
DEL,BOM,6E,IndiGo,6E 6706,2026-09-23,15,economy,,,6305.0,False,17:00,ok,2026-09-08T02:39:17.277580+05:30,2026-09-08_0239IST,airline_direct,IndiGo
DEL,BOM,6E,IndiGo,6E 6114,2026-09-23,15,business,,,21900.0,False,22:45,ok,2026-09-08T02:39:17.277580+05:30,2026-09-08_0239IST,airline_direct,IndiGo
DEL,BOM,6E,IndiGo,6E 6114,2026-09-23,15,economy,,,6305.0,False,22:45,ok,2026-09-08T02:39:17.277580+05:30,2026-09-08_0239IST,airline_direct,IndiGo
DEL,BOM,6E,IndiGo,6E 6218,2026-09-23,15,business,,,21900.0,False,06:05,ok,2026-09-08T02:39:17.277580+05:30,2026-09-08_0239IST,airline_direct,IndiGo
DEL,BOM,6E,IndiGo,6E 6218,2026-09-23,15,economy,,,6357.0,False,06:05,ok,2026-09-08T02:39:17.277580+05:30,2026-09-08_0239IST,airline_direct,IndiGo
DEL,BOM,6E,IndiGo,6E 322,2026-09-23,15,business,,,21900.0,False,23:30,ok,2026-09-08T02:39:17.277580+05:30,2026-09-08_0239IST,airline_direct,IndiGo
DEL,BOM,6E,IndiGo,6E 322,2026-09-23,15,economy,,,6357.0,False,23:30,ok,2026-09-08T02:39:17.277580+05:30,2026-09-08_0239IST,airline_direct,IndiGo
DEL,BOM,6E,IndiGo,6E 6814,2026-09-23,15,business,,,21900.0,False,07:15,ok,2026-09-08T02:39:17.277580+05:30,2026-09-08_0239IST,airline_direct,IndiGo
DEL,BOM,6E,IndiGo,6E 6814,2026-09-23,15,economy,,,6431.0,False,07:15,ok,2026-09-08T02:39:17.277580+05:30,2026-09-08_0239IST,airline_direct,IndiGo
DEL,BOM,6E,IndiGo,6E 320,2026-09-23,15,business,,,26083.0,False,08:00,ok,2026-09-08T02:39:17.277580+05:30,2026-09-08_0239IST,airline_direct,IndiGo
DEL,BOM,6E,IndiGo,6E 320,2026-09-23,15,economy,,,6431.0,False,08:00,ok,2026-09-08T02:39:17.277580+05:30,2026-09-08_0239IST,airline_direct,IndiGo
DEL,BOM,6E,IndiGo,6E 329,2026-09-23,15,business,,,21900.0,False,18:00,ok,2026-09-08T02:39:17.277580+05:30,2026-09-08_0239IST,airline_direct,IndiGo
DEL,BOM,6E,IndiGo,6E 329,2026-09-23,15,economy,,,6431.0,False,18:00,ok,2026-09-08T02:39:17.277580+05:30,2026-09-08_0239IST,airline_direct,IndiGo
DEL,BOM,6E,IndiGo,6E 395,2026-09-23,15,business,,,21900.0,False,21:45,ok,2026-09-08T02:39:17.277580+05:30,2026-09-08_0239IST,airline_direct,IndiGo
DEL,BOM,6E,IndiGo,6E 395,2026-09-23,15,economy,,,6431.0,False,21:45,ok,2026-09-08T02:39:17.277580+05:30,2026-09-08_0239IST,airline_direct,IndiGo
DEL,BOM,6E,IndiGo,6E 354,2026-09-23,15,business,,,21900.0,False,19:00,ok,2026-09-08T02:39:17.277580+05:30,2026-09-08_0239IST,airline_direct,IndiGo
DEL,BOM,6E,IndiGo,6E 354,2026-09-23,15,economy,,,6688.0,False,19:00,ok,2026-09-08T02:39:17.277580+05:30,2026-09-08_0239IST,airline_direct,IndiGo
DEL,BOM,6E,IndiGo,6E 303,2026-09-23,15,business,,,26083.0,False,20:00,ok,2026-09-08T02:39:17.277580+05:30,2026-09-08_0239IST,airline_direct,IndiGo
DEL,BOM,6E,IndiGo,6E 303,2026-09-23,15,economy,,,6688.0,False,20:00,ok,2026-09-08T02:39:17.277580+05:30,2026-09-08_0239IST,airline_direct,IndiGo
DEL,BOM,6E,IndiGo,6E 853,2026-09-23,15,business,,,21900.0,False,20:45,ok,2026-09-08T02:39:17.277580+05:30,2026-09-08_0239IST,airline_direct,IndiGo
DEL,BOM,6E,IndiGo,6E 853,2026-09-23,15,economy,,,6688.0,False,20:45,ok,2026-09-08T02:39:17.277580+05:30,2026-09-08_0239IST,airline_direct,IndiGo
DEL,BOM,6E,IndiGo,6E 6261,2026-09-23,15,economy,,,6090.0,False,00:15,ok,2026-09-08T02:39:17.277580+05:30,2026-09-08_0239IST,airline_direct,IndiGo
DEL,BOM,6E,IndiGo,6E 5119,2026-09-23,15,economy,,,6090.0,False,05:10,ok,2026-09-08T02:39:17.277580+05:30,2026-09-08_0239IST,airline_direct,IndiGo
DEL,BOM,6E,IndiGo,6E 5119,2026-09-23,15,economy,,,6090.0,False,05:10,ok,2026-09-08T02:39:17.277580+05:30,2026-09-08_0239IST,airline_direct,IndiGo
DEL,BOM,6E,IndiGo,6E 6171,2026-09-23,15,economy,,,6090.0,False,05:40,ok,2026-09-08T02:39:17.277580+05:30,2026-09-08_0239IST,airline_direct,IndiGo
DEL,BOM,6E,IndiGo,6E 2076,2026-09-23,15,economy,,,6090.0,False,07:30,ok,2026-09-08T02:39:17.277580+05:30,2026-09-08_0239IST,airline_direct,IndiGo
DEL,BOM,6E,IndiGo,6E 2298,2026-09-23,15,economy,,,6090.0,False,09:45,ok,2026-09-08T02:39:17.277580+05:30,2026-09-08_0239IST,airline_direct,IndiGo
DEL,BOM,6E,IndiGo,6E 2341,2026-09-23,15,economy,,,6090.0,False,14:50,ok,2026-09-08T02:39:17.277580+05:30,2026-09-08_0239IST,airline_direct,IndiGo
DEL,BOM,6E,IndiGo,6E 6983,2026-09-23,15,economy,,,6090.0,False,15:35,ok,2026-09-08T02:39:17.277580+05:30,2026-09-08_0239IST,airline_direct,IndiGo
DEL,BOM,6E,IndiGo,6E 5073,2026-09-23,15,economy,,,6090.0,False,17:05,ok,2026-09-08T02:39:17.277580+05:30,2026-09-08_0239IST,airline_direct,IndiGo
DEL,BOM,6E,IndiGo,6E 5073,2026-09-23,15,economy,,,6090.0,False,17:05,ok,2026-09-08T02:39:17.277580+05:30,2026-09-08_0239IST,airline_direct,IndiGo
DEL,BOM,6E,IndiGo,6E 931,2026-09-23,15,economy,,,6090.0,False,19:35,ok,2026-09-08T02:39:17.277580+05:30,2026-09-08_0239IST,airline_direct,IndiGo
DEL,BOM,6E,IndiGo,6E 6018,2026-09-23,15,economy,,,6222.0,False,04:40,ok,2026-09-08T02:39:17.277580+05:30,2026-09-08_0239IST,airline_direct,IndiGo
DEL,BOM,6E,IndiGo,6E 2345,2026-09-23,15,economy,,,6222.0,False,05:55,ok,2026-09-08T02:39:17.277580+05:30,2026-09-08_0239IST,airline_direct,IndiGo
DEL,BOM,6E,IndiGo,6E 6443,2026-09-23,15,economy,,,6222.0,False,09:00,ok,2026-09-08T02:39:17.277580+05:30,2026-09-08_0239IST,airline_direct,IndiGo
DEL,BOM,6E,IndiGo,6E 6488,2026-09-23,15,economy,,,6222.0,False,11:20,ok,2026-09-08T02:39:17.277580+05:30,2026-09-08_0239IST,airline_direct,IndiGo
DEL,BOM,6E,IndiGo,6E 2249,2026-09-23,15,economy,,,6222.0,False,15:00,ok,2026-09-08T02:39:17.277580+05:30,2026-09-08_0239IST,airline_direct,IndiGo
DEL,BOM,6E,IndiGo,6E 6433,2026-09-23,15,economy,,,6222.0,False,16:30,ok,2026-09-08T02:39:17.277580+05:30,2026-09-08_0239IST,airline_direct,IndiGo
DEL,BOM,6E,IndiGo,6E 6829,2026-09-23,15,economy,,,6222.0,False,17:20,ok,2026-09-08T02:39:17.277580+05:30,2026-09-08_0239IST,airline_direct,IndiGo
DEL,BOM,6E,IndiGo,6E 6829,2026-09-23,15,economy,,,6222.0,False,17:20,ok,2026-09-08T02:39:17.277580+05:30,2026-09-08_0239IST,airline_direct,IndiGo
DEL,BOM,6E,IndiGo,6E 2169,2026-09-23,15,economy,,,6222.0,False,19:40,ok,2026-09-08T02:39:17.277580+05:30,2026-09-08_0239IST,airline_direct,IndiGo
DEL,BOM,6E,IndiGo,6E 6050,2026-09-23,15,economy,,,6300.0,False,08:15,ok,2026-09-08T02:39:17.277580+05:30,2026-09-08_0239IST,airline_direct,IndiGo
DEL,BOM,6E,IndiGo,6E 5298,2026-09-23,15,economy,,,6300.0,False,09:00,ok,2026-09-08T02:39:17.277580+05:30,2026-09-08_0239IST,airline_direct,IndiGo
DEL,BOM,6E,IndiGo,6E 5206,2026-09-23,15,economy,,,6300.0,False,13:20,ok,2026-09-08T02:39:17.277580+05:30,2026-09-08_0239IST,airline_direct,IndiGo
DEL,BOM,6E,IndiGo,6E 5038,2026-09-23,15,economy,,,6300.0,False,14:00,ok,2026-09-08T02:39:17.277580+05:30,2026-09-08_0239IST,airline_direct,IndiGo
DEL,BOM,6E,IndiGo,6E 2151,2026-09-23,15,economy,,,6300.0,False,19:45,ok,2026-09-08T02:39:17.277580+05:30,2026-09-08_0239IST,airline_direct,IndiGo
DEL,BOM,6E,IndiGo,6E 6479,2026-09-23,15,economy,,,6300.0,False,21:25,ok,2026-09-08T02:39:17.277580+05:30,2026-09-08_0239IST,airline_direct,IndiGo
DEL,BOM,6E,IndiGo,6E 884,2026-09-23,15,business,,,29617.0,False,11:45,ok,2026-09-08T02:39:17.277580+05:30,2026-09-08_0239IST,airline_direct,IndiGo
DEL,BOM,6E,IndiGo,6E 884,2026-09-23,15,economy,,,6432.0,False,11:45,ok,2026-09-08T02:39:17.277580+05:30,2026-09-08_0239IST,airline_direct,IndiGo
DEL,BOM,6E,IndiGo,6E 6282,2026-09-23,15,business,,,29617.0,False,13:30,ok,2026-09-08T02:39:17.277580+05:30,2026-09-08_0239IST,airline_direct,IndiGo
DEL,BOM,6E,IndiGo,6E 6282,2026-09-23,15,economy,,,6432.0,False,13:30,ok,2026-09-08T02:39:17.277580+05:30,2026-09-08_0239IST,airline_direct,IndiGo
DEL,BOM,6E,IndiGo,6E 6282,2026-09-23,15,business,,,29617.0,False,13:30,ok,2026-09-08T02:39:17.277580+05:30,2026-09-08_0239IST,airline_direct,IndiGo
DEL,BOM,6E,IndiGo,6E 6282,2026-09-23,15,economy,,,6432.0,False,13:30,ok,2026-09-08T02:39:17.277580+05:30,2026-09-08_0239IST,airline_direct,IndiGo
DEL,BOM,6E,IndiGo,6E 6212,2026-09-23,15,business,,,29617.0,False,14:45,ok,2026-09-08T02:39:17.277580+05:30,2026-09-08_0239IST,airline_direct,IndiGo
DEL,BOM,6E,IndiGo,6E 6212,2026-09-23,15,economy,,,6432.0,False,14:45,ok,2026-09-08T02:39:17.277580+05:30,2026-09-08_0239IST,airline_direct,IndiGo
DEL,BOM,6E,IndiGo,6E 717,2026-09-23,15,business,,,29617.0,False,17:55,ok,2026-09-08T02:39:17.277580+05:30,2026-09-08_0239IST,airline_direct,IndiGo
DEL,BOM,6E,IndiGo,6E 717,2026-09-23,15,economy,,,6432.0,False,17:55,ok,2026-09-08T02:39:17.277580+05:30,2026-09-08_0239IST,airline_direct,IndiGo
DEL,BOM,6E,IndiGo,6E 6497,2026-09-23,15,economy,,,6432.0,False,18:40,ok,2026-09-08T02:39:17.277580+05:30,2026-09-08_0239IST,airline_direct,IndiGo
DEL,BOM,6E,IndiGo,6E 6601,2026-09-23,15,business,,,29617.0,False,19:45,ok,2026-09-08T02:39:17.277580+05:30,2026-09-08_0239IST,airline_direct,IndiGo
DEL,BOM,6E,IndiGo,6E 6601,2026-09-23,15,economy,,,6432.0,False,19:45,ok,2026-09-08T02:39:17.277580+05:30,2026-09-08_0239IST,airline_direct,IndiGo
DEL,BOM,6E,IndiGo,6E 882,2026-09-23,15,business,,,26583.0,False,23:15,ok,2026-09-08T02:39:17.277580+05:30,2026-09-08_0239IST,airline_direct,IndiGo
DEL,BOM,6E,IndiGo,6E 882,2026-09-23,15,economy,,,6432.0,False,23:15,ok,2026-09-08T02:39:17.277580+05:30,2026-09-08_0239IST,airline_direct,IndiGo
DEL,BOM,6E,IndiGo,6E 357,2026-09-23,15,economy,,,6510.0,False,19:30,ok,2026-09-08T02:39:17.277580+05:30,2026-09-08_0239IST,airline_direct,IndiGo
DEL,BOM,6E,IndiGo,6E 2013,2026-09-23,15,economy,,,6562.0,False,21:50,ok,2026-09-08T02:39:17.277580+05:30,2026-09-08_0239IST,airline_direct,IndiGo
DEL,BOM,6E,IndiGo,6E 705,2026-09-23,15,business,,,29617.0,False,08:30,ok,2026-09-08T02:39:17.277580+05:30,2026-09-08_0239IST,airline_direct,IndiGo
DEL,BOM,6E,IndiGo,6E 705,2026-09-23,15,economy,,,6903.0,False,08:30,ok,2026-09-08T02:39:17.277580+05:30,2026-09-08_0239IST,airline_direct,IndiGo
DEL,BOM,6E,IndiGo,6E 6293,2026-09-23,15,business,,,29617.0,False,09:55,ok,2026-09-08T02:39:17.277580+05:30,2026-09-08_0239IST,airline_direct,IndiGo
DEL,BOM,6E,IndiGo,6E 6293,2026-09-23,15,economy,,,6903.0,False,09:55,ok,2026-09-08T02:39:17.277580+05:30,2026-09-08_0239IST,airline_direct,IndiGo
DEL,BOM,6E,IndiGo,6E 5033,2026-09-23,15,economy,,,7080.0,False,15:50,ok,2026-09-08T02:39:17.277580+05:30,2026-09-08_0239IST,airline_direct,IndiGo
DEL,BOM,6E,IndiGo,6E 5138,2026-09-23,15,economy,,,7781.0,False,19:10,ok,2026-09-08T02:39:17.277580+05:30,2026-09-08_0239IST,airline_direct,IndiGo
DEL,BOM,6E,IndiGo,6E 2037,2026-09-23,15,economy,,,8276.0,False,11:10,ok,2026-09-08T02:39:17.277580+05:30,2026-09-08_0239IST,airline_direct,IndiGo
DEL,BOM,6E,IndiGo,6E 5014,2026-09-23,15,economy,,,13579.0,False,18:30,ok,2026-09-08T02:39:17.277580+05:30,2026-09-08_0239IST,airline_direct,IndiGo
DEL,BOM,6E,IndiGo,6E 2381,2026-09-23,15,economy,,,17939.0,False,13:45,ok,2026-09-08T02:39:17.277580+05:30,2026-09-08_0239IST,airline_direct,IndiGo
DEL,BOM,6E,IndiGo,6E 2496,2026-09-23,15,economy,,,25835.0,False,12:40,ok,2026-09-08T02:39:17.277580+05:30,2026-09-08_0239IST,airline_direct,IndiGo
DEL,BOM,6E,IndiGo,6E 358,2026-09-23,15,business,,,38385.0,False,12:15,ok,2026-09-08T02:39:17.277580+05:30,2026-09-08_0239IST,airline_direct,IndiGo
DEL,BOM,6E,IndiGo,6E 358,2026-09-23,15,economy,,,26577.0,False,12:15,ok,2026-09-08T02:39:17.277580+05:30,2026-09-08_0239IST,airline_direct,IndiGo
DEL,BLR,6E,IndiGo,6E 2314,2026-09-23,15,business,,,26048.0,False,05:45,ok,2026-09-08T02:41:08.205699+05:30,2026-09-08_0241IST,airline_direct,IndiGo
DEL,BLR,6E,IndiGo,6E 2314,2026-09-23,15,economy,,,8671.0,False,05:45,ok,2026-09-08T02:41:08.205699+05:30,2026-09-08_0241IST,airline_direct,IndiGo
DEL,BLR,6E,IndiGo,6E 810,2026-09-23,15,business,,,26048.0,False,07:05,ok,2026-09-08T02:41:08.205699+05:30,2026-09-08_0241IST,airline_direct,IndiGo
DEL,BLR,6E,IndiGo,6E 810,2026-09-23,15,economy,,,8671.0,False,07:05,ok,2026-09-08T02:41:08.205699+05:30,2026-09-08_0241IST,airline_direct,IndiGo
DEL,BLR,6E,IndiGo,6E 873,2026-09-23,15,business,,,26048.0,False,08:20,ok,2026-09-08T02:41:08.205699+05:30,2026-09-08_0241IST,airline_direct,IndiGo
DEL,BLR,6E,IndiGo,6E 873,2026-09-23,15,economy,,,8671.0,False,08:20,ok,2026-09-08T02:41:08.205699+05:30,2026-09-08_0241IST,airline_direct,IndiGo
DEL,BLR,6E,IndiGo,6E 826,2026-09-23,15,business,,,26048.0,False,09:30,ok,2026-09-08T02:41:08.205699+05:30,2026-09-08_0241IST,airline_direct,IndiGo
DEL,BLR,6E,IndiGo,6E 826,2026-09-23,15,economy,,,8671.0,False,09:30,ok,2026-09-08T02:41:08.205699+05:30,2026-09-08_0241IST,airline_direct,IndiGo
DEL,BLR,6E,IndiGo,6E 850,2026-09-23,15,business,,,26048.0,False,12:20,ok,2026-09-08T02:41:08.205699+05:30,2026-09-08_0241IST,airline_direct,IndiGo
DEL,BLR,6E,IndiGo,6E 850,2026-09-23,15,economy,,,8671.0,False,12:20,ok,2026-09-08T02:41:08.205699+05:30,2026-09-08_0241IST,airline_direct,IndiGo
DEL,BLR,6E,IndiGo,6E 176,2026-09-23,15,business,,,26048.0,False,13:15,ok,2026-09-08T02:41:08.205699+05:30,2026-09-08_0241IST,airline_direct,IndiGo
DEL,BLR,6E,IndiGo,6E 176,2026-09-23,15,economy,,,8671.0,False,13:15,ok,2026-09-08T02:41:08.205699+05:30,2026-09-08_0241IST,airline_direct,IndiGo
DEL,BLR,6E,IndiGo,6E 828,2026-09-23,15,business,,,26048.0,False,14:30,ok,2026-09-08T02:41:08.205699+05:30,2026-09-08_0241IST,airline_direct,IndiGo
DEL,BLR,6E,IndiGo,6E 828,2026-09-23,15,economy,,,8671.0,False,14:30,ok,2026-09-08T02:41:08.205699+05:30,2026-09-08_0241IST,airline_direct,IndiGo
DEL,BLR,6E,IndiGo,6E 880,2026-09-23,15,business,,,26048.0,False,15:45,ok,2026-09-08T02:41:08.205699+05:30,2026-09-08_0241IST,airline_direct,IndiGo
DEL,BLR,6E,IndiGo,6E 880,2026-09-23,15,economy,,,8671.0,False,15:45,ok,2026-09-08T02:41:08.205699+05:30,2026-09-08_0241IST,airline_direct,IndiGo
DEL,BLR,6E,IndiGo,6E 6515,2026-09-23,15,business,,,26048.0,False,20:45,ok,2026-09-08T02:41:08.205699+05:30,2026-09-08_0241IST,airline_direct,IndiGo
DEL,BLR,6E,IndiGo,6E 6515,2026-09-23,15,economy,,,8671.0,False,20:45,ok,2026-09-08T02:41:08.205699+05:30,2026-09-08_0241IST,airline_direct,IndiGo
DEL,BLR,6E,IndiGo,6E 820,2026-09-23,15,business,,,26048.0,False,03:00,ok,2026-09-08T02:41:08.205699+05:30,2026-09-08_0241IST,airline_direct,IndiGo
DEL,BLR,6E,IndiGo,6E 820,2026-09-23,15,economy,,,9128.0,False,03:00,ok,2026-09-08T02:41:08.205699+05:30,2026-09-08_0241IST,airline_direct,IndiGo
DEL,BLR,6E,IndiGo,6E 842,2026-09-23,15,business,,,30048.0,False,10:45,ok,2026-09-08T02:41:08.205699+05:30,2026-09-08_0241IST,airline_direct,IndiGo
DEL,BLR,6E,IndiGo,6E 842,2026-09-23,15,economy,,,9128.0,False,10:45,ok,2026-09-08T02:41:08.205699+05:30,2026-09-08_0241IST,airline_direct,IndiGo
DEL,BLR,6E,IndiGo,6E 837,2026-09-23,15,business,,,26048.0,False,17:00,ok,2026-09-08T02:41:08.205699+05:30,2026-09-08_0241IST,airline_direct,IndiGo
DEL,BLR,6E,IndiGo,6E 837,2026-09-23,15,economy,,,9128.0,False,17:00,ok,2026-09-08T02:41:08.205699+05:30,2026-09-08_0241IST,airline_direct,IndiGo
DEL,BLR,6E,IndiGo,6E 811,2026-09-23,15,business,,,26048.0,False,18:20,ok,2026-09-08T02:41:08.205699+05:30,2026-09-08_0241IST,airline_direct,IndiGo
DEL,BLR,6E,IndiGo,6E 811,2026-09-23,15,economy,,,9613.0,False,18:20,ok,2026-09-08T02:41:08.205699+05:30,2026-09-08_0241IST,airline_direct,IndiGo
DEL,BLR,6E,IndiGo,6E 861,2026-09-23,15,business,,,26048.0,False,19:30,ok,2026-09-08T02:41:08.205699+05:30,2026-09-08_0241IST,airline_direct,IndiGo
DEL,BLR,6E,IndiGo,6E 861,2026-09-23,15,economy,,,9613.0,False,19:30,ok,2026-09-08T02:41:08.205699+05:30,2026-09-08_0241IST,airline_direct,IndiGo
DEL,BLR,6E,IndiGo,6E 846,2026-09-23,15,business,,,26048.0,False,22:00,ok,2026-09-08T02:41:08.205699+05:30,2026-09-08_0241IST,airline_direct,IndiGo
DEL,BLR,6E,IndiGo,6E 846,2026-09-23,15,economy,,,9613.0,False,22:00,ok,2026-09-08T02:41:08.205699+05:30,2026-09-08_0241IST,airline_direct,IndiGo
DEL,BLR,6E,IndiGo,6E 6433,2026-09-23,15,economy,,,8281.0,False,16:30,ok,2026-09-08T02:41:08.205699+05:30,2026-09-08_0241IST,airline_direct,IndiGo
DEL,BLR,6E,IndiGo,6E 884,2026-09-23,15,business,,,24908.0,False,11:45,ok,2026-09-08T02:41:08.205699+05:30,2026-09-08_0241IST,airline_direct,IndiGo
DEL,BLR,6E,IndiGo,6E 884,2026-09-23,15,economy,,,8360.0,False,11:45,ok,2026-09-08T02:41:08.205699+05:30,2026-09-08_0241IST,airline_direct,IndiGo
DEL,BLR,6E,IndiGo,6E 6282,2026-09-23,15,business,,,26793.0,False,13:30,ok,2026-09-08T02:41:08.205699+05:30,2026-09-08_0241IST,airline_direct,IndiGo
DEL,BLR,6E,IndiGo,6E 6282,2026-09-23,15,economy,,,8360.0,False,13:30,ok,2026-09-08T02:41:08.205699+05:30,2026-09-08_0241IST,airline_direct,IndiGo
DEL,BLR,6E,IndiGo,6E 6212,2026-09-23,15,business,,,26793.0,False,14:45,ok,2026-09-08T02:41:08.205699+05:30,2026-09-08_0241IST,airline_direct,IndiGo
DEL,BLR,6E,IndiGo,6E 6212,2026-09-23,15,economy,,,8360.0,False,14:45,ok,2026-09-08T02:41:08.205699+05:30,2026-09-08_0241IST,airline_direct,IndiGo
DEL,BLR,6E,IndiGo,6E 6217,2026-09-23,15,business,,,26793.0,False,16:15,ok,2026-09-08T02:41:08.205699+05:30,2026-09-08_0241IST,airline_direct,IndiGo
DEL,BLR,6E,IndiGo,6E 6217,2026-09-23,15,economy,,,8360.0,False,16:15,ok,2026-09-08T02:41:08.205699+05:30,2026-09-08_0241IST,airline_direct,IndiGo
DEL,BLR,6E,IndiGo,6E 717,2026-09-23,15,business,,,25759.0,False,17:55,ok,2026-09-08T02:41:08.205699+05:30,2026-09-08_0241IST,airline_direct,IndiGo
DEL,BLR,6E,IndiGo,6E 717,2026-09-23,15,economy,,,8360.0,False,17:55,ok,2026-09-08T02:41:08.205699+05:30,2026-09-08_0241IST,airline_direct,IndiGo
DEL,BLR,6E,IndiGo,6E 2343,2026-09-23,15,business,,,28270.0,False,02:20,ok,2026-09-08T02:41:08.205699+05:30,2026-09-08_0241IST,airline_direct,IndiGo
DEL,BLR,6E,IndiGo,6E 2343,2026-09-23,15,economy,,,8491.0,False,02:20,ok,2026-09-08T02:41:08.205699+05:30,2026-09-08_0241IST,airline_direct,IndiGo
DEL,BLR,6E,IndiGo,6E 5119,2026-09-23,15,economy,,,8491.0,False,05:10,ok,2026-09-08T02:41:08.205699+05:30,2026-09-08_0241IST,airline_direct,IndiGo
DEL,BLR,6E,IndiGo,6E 2345,2026-09-23,15,economy,,,8491.0,False,05:55,ok,2026-09-08T02:41:08.205699+05:30,2026-09-08_0241IST,airline_direct,IndiGo
DEL,BLR,6E,IndiGo,6E 6470,2026-09-23,15,economy,,,8491.0,False,06:55,ok,2026-09-08T02:41:08.205699+05:30,2026-09-08_0241IST,airline_direct,IndiGo
DEL,BLR,6E,IndiGo,6E 320,2026-09-23,15,business,,,38235.0,False,08:00,ok,2026-09-08T02:41:08.205699+05:30,2026-09-08_0241IST,airline_direct,IndiGo
DEL,BLR,6E,IndiGo,6E 320,2026-09-23,15,economy,,,8491.0,False,08:00,ok,2026-09-08T02:41:08.205699+05:30,2026-09-08_0241IST,airline_direct,IndiGo
DEL,BLR,6E,IndiGo,6E 6047,2026-09-23,15,business,,,34636.0,False,11:00,ok,2026-09-08T02:41:08.205699+05:30,2026-09-08_0241IST,airline_direct,IndiGo
DEL,BLR,6E,IndiGo,6E 6047,2026-09-23,15,economy,,,8491.0,False,11:00,ok,2026-09-08T02:41:08.205699+05:30,2026-09-08_0241IST,airline_direct,IndiGo
DEL,BLR,6E,IndiGo,6E 6022,2026-09-23,15,business,,,34636.0,False,14:00,ok,2026-09-08T02:41:08.205699+05:30,2026-09-08_0241IST,airline_direct,IndiGo
DEL,BLR,6E,IndiGo,6E 6022,2026-09-23,15,economy,,,8491.0,False,14:00,ok,2026-09-08T02:41:08.205699+05:30,2026-09-08_0241IST,airline_direct,IndiGo
DEL,BLR,6E,IndiGo,6E 864,2026-09-23,15,business,,,34636.0,False,15:30,ok,2026-09-08T02:41:08.205699+05:30,2026-09-08_0241IST,airline_direct,IndiGo
DEL,BLR,6E,IndiGo,6E 864,2026-09-23,15,economy,,,8491.0,False,15:30,ok,2026-09-08T02:41:08.205699+05:30,2026-09-08_0241IST,airline_direct,IndiGo
DEL,BLR,6E,IndiGo,6E 734,2026-09-23,15,economy,,,8491.0,False,16:20,ok,2026-09-08T02:41:08.205699+05:30,2026-09-08_0241IST,airline_direct,IndiGo
DEL,BLR,6E,IndiGo,6E 6437,2026-09-23,15,business,,,27386.0,False,16:25,ok,2026-09-08T02:41:08.205699+05:30,2026-09-08_0241IST,airline_direct,IndiGo
DEL,BLR,6E,IndiGo,6E 6437,2026-09-23,15,economy,,,8491.0,False,16:25,ok,2026-09-08T02:41:08.205699+05:30,2026-09-08_0241IST,airline_direct,IndiGo
DEL,BLR,6E,IndiGo,6E 6706,2026-09-23,15,business,,,34636.0,False,17:00,ok,2026-09-08T02:41:08.205699+05:30,2026-09-08_0241IST,airline_direct,IndiGo
DEL,BLR,6E,IndiGo,6E 6706,2026-09-23,15,economy,,,8491.0,False,17:00,ok,2026-09-08T02:41:08.205699+05:30,2026-09-08_0241IST,airline_direct,IndiGo
DEL,BLR,6E,IndiGo,6E 5073,2026-09-23,15,economy,,,8491.0,False,17:05,ok,2026-09-08T02:41:08.205699+05:30,2026-09-08_0241IST,airline_direct,IndiGo
DEL,BLR,6E,IndiGo,6E 6829,2026-09-23,15,economy,,,8491.0,False,17:20,ok,2026-09-08T02:41:08.205699+05:30,2026-09-08_0241IST,airline_direct,IndiGo
DEL,BLR,6E,IndiGo,6E 329,2026-09-23,15,business,,,34636.0,False,18:00,ok,2026-09-08T02:41:08.205699+05:30,2026-09-08_0241IST,airline_direct,IndiGo
DEL,BLR,6E,IndiGo,6E 329,2026-09-23,15,economy,,,8491.0,False,18:00,ok,2026-09-08T02:41:08.205699+05:30,2026-09-08_0241IST,airline_direct,IndiGo
DEL,BLR,6E,IndiGo,6E 329,2026-09-23,15,business,,,34636.0,False,18:00,ok,2026-09-08T02:41:08.205699+05:30,2026-09-08_0241IST,airline_direct,IndiGo
DEL,BLR,6E,IndiGo,6E 329,2026-09-23,15,economy,,,8491.0,False,18:00,ok,2026-09-08T02:41:08.205699+05:30,2026-09-08_0241IST,airline_direct,IndiGo
DEL,BLR,6E,IndiGo,6E 931,2026-09-23,15,economy,,,8491.0,False,19:35,ok,2026-09-08T02:41:08.205699+05:30,2026-09-08_0241IST,airline_direct,IndiGo
DEL,BLR,6E,IndiGo,6E 853,2026-09-23,15,business,,,34636.0,False,20:45,ok,2026-09-08T02:41:08.205699+05:30,2026-09-08_0241IST,airline_direct,IndiGo
DEL,BLR,6E,IndiGo,6E 853,2026-09-23,15,economy,,,8491.0,False,20:45,ok,2026-09-08T02:41:08.205699+05:30,2026-09-08_0241IST,airline_direct,IndiGo
DEL,BLR,6E,IndiGo,6E 6673,2026-09-23,15,business,,,26816.0,False,21:15,ok,2026-09-08T02:41:08.205699+05:30,2026-09-08_0241IST,airline_direct,IndiGo
DEL,BLR,6E,IndiGo,6E 6673,2026-09-23,15,economy,,,8491.0,False,21:15,ok,2026-09-08T02:41:08.205699+05:30,2026-09-08_0241IST,airline_direct,IndiGo
DEL,BLR,6E,IndiGo,6E 2618,2026-09-23,15,business,,,26816.0,False,23:00,ok,2026-09-08T02:41:08.205699+05:30,2026-09-08_0241IST,airline_direct,IndiGo
DEL,BLR,6E,IndiGo,6E 2618,2026-09-23,15,economy,,,8491.0,False,23:00,ok,2026-09-08T02:41:08.205699+05:30,2026-09-08_0241IST,airline_direct,IndiGo
DEL,BLR,6E,IndiGo,6E 6190,2026-09-23,15,economy,,,8570.0,False,07:40,ok,2026-09-08T02:41:08.205699+05:30,2026-09-08_0241IST,airline_direct,IndiGo
DEL,BLR,6E,IndiGo,6E 940,2026-09-23,15,economy,,,8570.0,False,09:15,ok,2026-09-08T02:41:08.205699+05:30,2026-09-08_0241IST,airline_direct,IndiGo
DEL,BLR,6E,IndiGo,6E 434,2026-09-23,15,economy,,,8570.0,False,11:00,ok,2026-09-08T02:41:08.205699+05:30,2026-09-08_0241IST,airline_direct,IndiGo
DEL,BLR,6E,IndiGo,6E 5038,2026-09-23,15,economy,,,8570.0,False,14:00,ok,2026-09-08T02:41:08.205699+05:30,2026-09-08_0241IST,airline_direct,IndiGo
DEL,BLR,6E,IndiGo,6E 6091,2026-09-23,15,economy,,,8570.0,False,15:15,ok,2026-09-08T02:41:08.205699+05:30,2026-09-08_0241IST,airline_direct,IndiGo
DEL,BLR,6E,IndiGo,6E 5033,2026-09-23,15,economy,,,8570.0,False,15:50,ok,2026-09-08T02:41:08.205699+05:30,2026-09-08_0241IST,airline_direct,IndiGo
DEL,BLR,6E,IndiGo,6E 947,2026-09-23,15,economy,,,8570.0,False,16:40,ok,2026-09-08T02:41:08.205699+05:30,2026-09-08_0241IST,airline_direct,IndiGo
DEL,BLR,6E,IndiGo,6E 6632,2026-09-23,15,economy,,,8570.0,False,17:50,ok,2026-09-08T02:41:08.205699+05:30,2026-09-08_0241IST,airline_direct,IndiGo
DEL,BLR,6E,IndiGo,6E 950,2026-09-23,15,economy,,,8570.0,False,18:15,ok,2026-09-08T02:41:08.205699+05:30,2026-09-08_0241IST,airline_direct,IndiGo
DEL,BLR,6E,IndiGo,6E 2151,2026-09-23,15,economy,,,8570.0,False,19:45,ok,2026-09-08T02:41:08.205699+05:30,2026-09-08_0241IST,airline_direct,IndiGo
DEL,BLR,6E,IndiGo,6E 6497,2026-09-23,15,economy,,,8701.0,False,18:40,ok,2026-09-08T02:41:08.205699+05:30,2026-09-08_0241IST,airline_direct,IndiGo
DEL,BLR,6E,IndiGo,6E 513,2026-09-23,15,business,,,30691.0,False,08:30,ok,2026-09-08T02:41:08.205699+05:30,2026-09-08_0241IST,airline_direct,IndiGo
DEL,BLR,6E,IndiGo,6E 513,2026-09-23,15,economy,,,8911.0,False,08:30,ok,2026-09-08T02:41:08.205699+05:30,2026-09-08_0241IST,airline_direct,IndiGo
DEL,BLR,6E,IndiGo,6E 2364,2026-09-23,15,economy,,,9397.0,False,04:50,ok,2026-09-08T02:41:08.205699+05:30,2026-09-08_0241IST,airline_direct,IndiGo
DEL,BLR,6E,IndiGo,6E 5001,2026-09-23,15,economy,,,9397.0,False,17:10,ok,2026-09-08T02:41:08.205699+05:30,2026-09-08_0241IST,airline_direct,IndiGo
DEL,BLR,6E,IndiGo,6E 5191,2026-09-23,15,business,,,30219.0,False,05:00,ok,2026-09-08T02:41:08.205699+05:30,2026-09-08_0241IST,airline_direct,IndiGo
DEL,BLR,6E,IndiGo,6E 5191,2026-09-23,15,economy,,,9581.0,False,05:00,ok,2026-09-08T02:41:08.205699+05:30,2026-09-08_0241IST,airline_direct,IndiGo
DEL,BLR,6E,IndiGo,6E 2277,2026-09-23,15,business,,,33047.0,False,10:25,ok,2026-09-08T02:41:08.205699+05:30,2026-09-08_0241IST,airline_direct,IndiGo
DEL,BLR,6E,IndiGo,6E 2277,2026-09-23,15,economy,,,9977.0,False,10:25,ok,2026-09-08T02:41:08.205699+05:30,2026-09-08_0241IST,airline_direct,IndiGo
DEL,BLR,6E,IndiGo,6E 6293,2026-09-23,15,business,,,26793.0,False,09:55,ok,2026-09-08T02:41:08.205699+05:30,2026-09-08_0241IST,airline_direct,IndiGo
DEL,BLR,6E,IndiGo,6E 6293,2026-09-23,15,economy,,,10576.0,False,09:55,ok,2026-09-08T02:41:08.205699+05:30,2026-09-08_0241IST,airline_direct,IndiGo
DEL,BLR,6E,IndiGo,6E 6179,2026-09-23,15,economy,,,14834.0,False,18:30,ok,2026-09-08T02:41:08.205699+05:30,2026-09-08_0241IST,airline_direct,IndiGo
DEL,BLR,6E,IndiGo,6E 2557,2026-09-23,15,economy,,,16572.0,False,15:20,ok,2026-09-08T02:41:08.205699+05:30,2026-09-08_0241IST,airline_direct,IndiGo
BOM,BLR,6E,IndiGo,error,2026-09-23,15,unknown,,,,False,unknown,error,2026-09-08T02:43:31.629490+05:30,2026-09-08_0243IST,airline_direct,IndiGo
DEL,CCU,6E,IndiGo,6E 340,2026-09-23,15,business,,,22600.0,False,07:20,ok,2026-09-08T02:45:56.210635+05:30,2026-09-08_0245IST,airline_direct,IndiGo
DEL,CCU,6E,IndiGo,6E 340,2026-09-23,15,economy,,,8703.0,False,07:20,ok,2026-09-08T02:45:56.210635+05:30,2026-09-08_0245IST,airline_direct,IndiGo
DEL,CCU,6E,IndiGo,6E 513,2026-09-23,15,business,,,22600.0,False,08:30,ok,2026-09-08T02:45:56.210635+05:30,2026-09-08_0245IST,airline_direct,IndiGo
DEL,CCU,6E,IndiGo,6E 513,2026-09-23,15,economy,,,8703.0,False,08:30,ok,2026-09-08T02:45:56.210635+05:30,2026-09-08_0245IST,airline_direct,IndiGo
DEL,CCU,6E,IndiGo,6E 894,2026-09-23,15,business,,,22600.0,False,10:15,ok,2026-09-08T02:45:56.210635+05:30,2026-09-08_0245IST,airline_direct,IndiGo
DEL,CCU,6E,IndiGo,6E 894,2026-09-23,15,economy,,,8703.0,False,10:15,ok,2026-09-08T02:45:56.210635+05:30,2026-09-08_0245IST,airline_direct,IndiGo
DEL,CCU,6E,IndiGo,6E 897,2026-09-23,15,business,,,22600.0,False,12:45,ok,2026-09-08T02:45:56.210635+05:30,2026-09-08_0245IST,airline_direct,IndiGo
DEL,CCU,6E,IndiGo,6E 897,2026-09-23,15,economy,,,8703.0,False,12:45,ok,2026-09-08T02:45:56.210635+05:30,2026-09-08_0245IST,airline_direct,IndiGo
DEL,CCU,6E,IndiGo,6E 910,2026-09-23,15,business,,,22600.0,False,14:25,ok,2026-09-08T02:45:56.210635+05:30,2026-09-08_0245IST,airline_direct,IndiGo
DEL,CCU,6E,IndiGo,6E 910,2026-09-23,15,economy,,,8703.0,False,14:25,ok,2026-09-08T02:45:56.210635+05:30,2026-09-08_0245IST,airline_direct,IndiGo
DEL,CCU,6E,IndiGo,6E 6415,2026-09-23,15,business,,,22600.0,False,16:00,ok,2026-09-08T02:45:56.210635+05:30,2026-09-08_0245IST,airline_direct,IndiGo
DEL,CCU,6E,IndiGo,6E 6415,2026-09-23,15,economy,,,8703.0,False,16:00,ok,2026-09-08T02:45:56.210635+05:30,2026-09-08_0245IST,airline_direct,IndiGo
DEL,CCU,6E,IndiGo,6E 2276,2026-09-23,15,business,,,22600.0,False,17:55,ok,2026-09-08T02:45:56.210635+05:30,2026-09-08_0245IST,airline_direct,IndiGo
DEL,CCU,6E,IndiGo,6E 2276,2026-09-23,15,economy,,,8703.0,False,17:55,ok,2026-09-08T02:45:56.210635+05:30,2026-09-08_0245IST,airline_direct,IndiGo
DEL,CCU,6E,IndiGo,6E 389,2026-09-23,15,business,,,22600.0,False,21:50,ok,2026-09-08T02:45:56.210635+05:30,2026-09-08_0245IST,airline_direct,IndiGo
DEL,CCU,6E,IndiGo,6E 389,2026-09-23,15,economy,,,8703.0,False,21:50,ok,2026-09-08T02:45:56.210635+05:30,2026-09-08_0245IST,airline_direct,IndiGo
DEL,CCU,6E,IndiGo,6E 247,2026-09-23,15,business,,,22600.0,False,23:30,ok,2026-09-08T02:45:56.210635+05:30,2026-09-08_0245IST,airline_direct,IndiGo
DEL,CCU,6E,IndiGo,6E 247,2026-09-23,15,economy,,,8703.0,False,23:30,ok,2026-09-08T02:45:56.210635+05:30,2026-09-08_0245IST,airline_direct,IndiGo
DEL,CCU,6E,IndiGo,6E 5191,2026-09-23,15,business,,,22600.0,False,05:00,ok,2026-09-08T02:45:56.210635+05:30,2026-09-08_0245IST,airline_direct,IndiGo
DEL,CCU,6E,IndiGo,6E 5191,2026-09-23,15,economy,,,8965.0,False,05:00,ok,2026-09-08T02:45:56.210635+05:30,2026-09-08_0245IST,airline_direct,IndiGo
DEL,CCU,6E,IndiGo,6E 6517,2026-09-23,15,business,,,22600.0,False,19:30,ok,2026-09-08T02:45:56.210635+05:30,2026-09-08_0245IST,airline_direct,IndiGo
DEL,CCU,6E,IndiGo,6E 6517,2026-09-23,15,economy,,,10908.0,False,19:30,ok,2026-09-08T02:45:56.210635+05:30,2026-09-08_0245IST,airline_direct,IndiGo
DEL,CCU,6E,IndiGo,6E 6245,2026-09-23,15,economy,,,7368.0,False,06:20,ok,2026-09-08T02:45:56.210635+05:30,2026-09-08_0245IST,airline_direct,IndiGo
DEL,CCU,6E,IndiGo,6E 2373,2026-09-23,15,economy,,,7368.0,False,11:10,ok,2026-09-08T02:45:56.210635+05:30,2026-09-08_0245IST,airline_direct,IndiGo
DEL,CCU,6E,IndiGo,6E 2453,2026-09-23,15,economy,,,7368.0,False,13:35,ok,2026-09-08T02:45:56.210635+05:30,2026-09-08_0245IST,airline_direct,IndiGo
DEL,CCU,6E,IndiGo,6E 5036,2026-09-23,15,economy,,,7500.0,False,08:00,ok,2026-09-08T02:45:56.210635+05:30,2026-09-08_0245IST,airline_direct,IndiGo
DEL,CCU,6E,IndiGo,6E 6312,2026-09-23,15,economy,,,7500.0,False,14:25,ok,2026-09-08T02:45:56.210635+05:30,2026-09-08_0245IST,airline_direct,IndiGo
DEL,CCU,6E,IndiGo,6E 2361,2026-09-23,15,economy,,,7500.0,False,14:35,ok,2026-09-08T02:45:56.210635+05:30,2026-09-08_0245IST,airline_direct,IndiGo
DEL,CCU,6E,IndiGo,6E 6190,2026-09-23,15,economy,,,7578.0,False,07:40,ok,2026-09-08T02:45:56.210635+05:30,2026-09-08_0245IST,airline_direct,IndiGo
DEL,CCU,6E,IndiGo,6E 5298,2026-09-23,15,economy,,,7578.0,False,09:00,ok,2026-09-08T02:45:56.210635+05:30,2026-09-08_0245IST,airline_direct,IndiGo
DEL,CCU,6E,IndiGo,6E 2037,2026-09-23,15,economy,,,7578.0,False,11:10,ok,2026-09-08T02:45:56.210635+05:30,2026-09-08_0245IST,airline_direct,IndiGo
DEL,CCU,6E,IndiGo,6E 5038,2026-09-23,15,economy,,,7578.0,False,14:00,ok,2026-09-08T02:45:56.210635+05:30,2026-09-08_0245IST,airline_direct,IndiGo
DEL,CCU,6E,IndiGo,6E 5033,2026-09-23,15,economy,,,7578.0,False,15:50,ok,2026-09-08T02:45:56.210635+05:30,2026-09-08_0245IST,airline_direct,IndiGo
DEL,CCU,6E,IndiGo,6E 2203,2026-09-23,15,economy,,,7683.0,False,04:45,ok,2026-09-08T02:45:56.210635+05:30,2026-09-08_0245IST,airline_direct,IndiGo
DEL,CCU,6E,IndiGo,6E 6124,2026-09-23,15,economy,,,7683.0,False,07:30,ok,2026-09-08T02:45:56.210635+05:30,2026-09-08_0245IST,airline_direct,IndiGo
DEL,CCU,6E,IndiGo,6E 5215,2026-09-23,15,economy,,,7683.0,False,07:45,ok,2026-09-08T02:45:56.210635+05:30,2026-09-08_0245IST,airline_direct,IndiGo
DEL,CCU,6E,IndiGo,6E 6829,2026-09-23,15,economy,,,7710.0,False,17:20,ok,2026-09-08T02:45:56.210635+05:30,2026-09-08_0245IST,airline_direct,IndiGo
DEL,CCU,6E,IndiGo,6E 6503,2026-09-23,15,economy,,,7893.0,False,13:25,ok,2026-09-08T02:45:56.210635+05:30,2026-09-08_0245IST,airline_direct,IndiGo
DEL,CCU,6E,IndiGo,6E 5119,2026-09-23,15,economy,,,7920.0,False,05:10,ok,2026-09-08T02:45:56.210635+05:30,2026-09-08_0245IST,airline_direct,IndiGo
DEL,CCU,6E,IndiGo,6E 203,2026-09-23,15,economy,,,7920.0,False,07:10,ok,2026-09-08T02:45:56.210635+05:30,2026-09-08_0245IST,airline_direct,IndiGo
DEL,CCU,6E,IndiGo,6E 203,2026-09-23,15,economy,,,7920.0,False,07:10,ok,2026-09-08T02:45:56.210635+05:30,2026-09-08_0245IST,airline_direct,IndiGo
DEL,CCU,6E,IndiGo,6E 705,2026-09-23,15,economy,,,7920.0,False,08:30,ok,2026-09-08T02:45:56.210635+05:30,2026-09-08_0245IST,airline_direct,IndiGo
DEL,CCU,6E,IndiGo,6E 705,2026-09-23,15,economy,,,7920.0,False,08:30,ok,2026-09-08T02:45:56.210635+05:30,2026-09-08_0245IST,airline_direct,IndiGo
DEL,CCU,6E,IndiGo,6E 6293,2026-09-23,15,economy,,,7920.0,False,09:55,ok,2026-09-08T02:45:56.210635+05:30,2026-09-08_0245IST,airline_direct,IndiGo
DEL,CCU,6E,IndiGo,6E 6293,2026-09-23,15,economy,,,7920.0,False,09:55,ok,2026-09-08T02:45:56.210635+05:30,2026-09-08_0245IST,airline_direct,IndiGo
DEL,CCU,6E,IndiGo,6E 884,2026-09-23,15,economy,,,7920.0,False,11:45,ok,2026-09-08T02:45:56.210635+05:30,2026-09-08_0245IST,airline_direct,IndiGo
DEL,CCU,6E,IndiGo,6E 6282,2026-09-23,15,economy,,,7920.0,False,13:30,ok,2026-09-08T02:45:56.210635+05:30,2026-09-08_0245IST,airline_direct,IndiGo
DEL,CCU,6E,IndiGo,6E 6282,2026-09-23,15,business,,,28201.0,False,13:30,ok,2026-09-08T02:45:56.210635+05:30,2026-09-08_0245IST,airline_direct,IndiGo
DEL,CCU,6E,IndiGo,6E 6282,2026-09-23,15,economy,,,7920.0,False,13:30,ok,2026-09-08T02:45:56.210635+05:30,2026-09-08_0245IST,airline_direct,IndiGo
DEL,CCU,6E,IndiGo,6E 6212,2026-09-23,15,business,,,28201.0,False,14:45,ok,2026-09-08T02:45:56.210635+05:30,2026-09-08_0245IST,airline_direct,IndiGo
DEL,CCU,6E,IndiGo,6E 6212,2026-09-23,15,economy,,,7920.0,False,14:45,ok,2026-09-08T02:45:56.210635+05:30,2026-09-08_0245IST,airline_direct,IndiGo
DEL,CCU,6E,IndiGo,6E 2341,2026-09-23,15,economy,,,7920.0,False,14:50,ok,2026-09-08T02:45:56.210635+05:30,2026-09-08_0245IST,airline_direct,IndiGo
DEL,CCU,6E,IndiGo,6E 6217,2026-09-23,15,business,,,28201.0,False,16:15,ok,2026-09-08T02:45:56.210635+05:30,2026-09-08_0245IST,airline_direct,IndiGo
DEL,CCU,6E,IndiGo,6E 6217,2026-09-23,15,economy,,,7920.0,False,16:15,ok,2026-09-08T02:45:56.210635+05:30,2026-09-08_0245IST,airline_direct,IndiGo
DEL,CCU,6E,IndiGo,6E 5073,2026-09-23,15,economy,,,7920.0,False,17:05,ok,2026-09-08T02:45:56.210635+05:30,2026-09-08_0245IST,airline_direct,IndiGo
DEL,CCU,6E,IndiGo,6E 717,2026-09-23,15,business,,,28201.0,False,17:55,ok,2026-09-08T02:45:56.210635+05:30,2026-09-08_0245IST,airline_direct,IndiGo
DEL,CCU,6E,IndiGo,6E 717,2026-09-23,15,economy,,,7920.0,False,17:55,ok,2026-09-08T02:45:56.210635+05:30,2026-09-08_0245IST,airline_direct,IndiGo
DEL,CCU,6E,IndiGo,6E 882,2026-09-23,15,business,,,28201.0,False,23:15,ok,2026-09-08T02:45:56.210635+05:30,2026-09-08_0245IST,airline_direct,IndiGo
DEL,CCU,6E,IndiGo,6E 882,2026-09-23,15,economy,,,7920.0,False,23:15,ok,2026-09-08T02:45:56.210635+05:30,2026-09-08_0245IST,airline_direct,IndiGo
DEL,CCU,6E,IndiGo,6E 6371,2026-09-23,15,economy,,,8025.0,False,06:20,ok,2026-09-08T02:45:56.210635+05:30,2026-09-08_0245IST,airline_direct,IndiGo
DEL,CCU,6E,IndiGo,6E 6551,2026-09-23,15,economy,,,8025.0,False,12:00,ok,2026-09-08T02:45:56.210635+05:30,2026-09-08_0245IST,airline_direct,IndiGo
DEL,CCU,6E,IndiGo,6E 6312,2026-09-23,15,economy,,,8107.0,False,14:25,ok,2026-09-08T02:45:56.210635+05:30,2026-09-08_0245IST,airline_direct,IndiGo
DEL,CCU,6E,IndiGo,6E 734,2026-09-23,15,economy,,,8107.0,False,16:20,ok,2026-09-08T02:45:56.210635+05:30,2026-09-08_0245IST,airline_direct,IndiGo
DEL,CCU,6E,IndiGo,6E 6370,2026-09-23,15,economy,,,8185.0,False,06:40,ok,2026-09-08T02:45:56.210635+05:30,2026-09-08_0245IST,airline_direct,IndiGo
DEL,CCU,6E,IndiGo,6E 2259,2026-09-23,15,economy,,,8185.0,False,12:20,ok,2026-09-08T02:45:56.210635+05:30,2026-09-08_0245IST,airline_direct,IndiGo
DEL,CCU,6E,IndiGo,6E 2259,2026-09-23,15,economy,,,8185.0,False,12:20,ok,2026-09-08T02:45:56.210635+05:30,2026-09-08_0245IST,airline_direct,IndiGo
DEL,CCU,6E,IndiGo,6E 6130,2026-09-23,15,economy,,,8185.0,False,12:55,ok,2026-09-08T02:45:56.210635+05:30,2026-09-08_0245IST,airline_direct,IndiGo
DEL,CCU,6E,IndiGo,6E 2614,2026-09-23,15,economy,,,8185.0,False,14:40,ok,2026-09-08T02:45:56.210635+05:30,2026-09-08_0245IST,airline_direct,IndiGo
DEL,CCU,6E,IndiGo,6E 2614,2026-09-23,15,economy,,,8185.0,False,14:40,ok,2026-09-08T02:45:56.210635+05:30,2026-09-08_0245IST,airline_direct,IndiGo
DEL,CCU,6E,IndiGo,6E 5307,2026-09-23,15,economy,,,8290.0,False,10:50,ok,2026-09-08T02:45:56.210635+05:30,2026-09-08_0245IST,airline_direct,IndiGo
DEL,CCU,6E,IndiGo,6E 5041,2026-09-23,15,economy,,,8290.0,False,15:10,ok,2026-09-08T02:45:56.210635+05:30,2026-09-08_0245IST,airline_direct,IndiGo
DEL,CCU,6E,IndiGo,6E 6190,2026-09-23,15,economy,,,8853.0,False,07:40,ok,2026-09-08T02:45:56.210635+05:30,2026-09-08_0245IST,airline_direct,IndiGo
DEL,CCU,6E,IndiGo,6E 2296,2026-09-23,15,economy,,,9587.0,False,09:20,ok,2026-09-08T02:45:56.210635+05:30,2026-09-08_0245IST,airline_direct,IndiGo
DEL,CCU,6E,IndiGo,6E 6073,2026-09-23,15,economy,,,11280.0,False,05:00,ok,2026-09-08T02:45:56.210635+05:30,2026-09-08_0245IST,airline_direct,IndiGo
DEL,CCU,6E,IndiGo,6E 2296,2026-09-23,15,economy,,,11280.0,False,09:20,ok,2026-09-08T02:45:56.210635+05:30,2026-09-08_0245IST,airline_direct,IndiGo
DEL,CCU,6E,IndiGo,6E 5041,2026-09-23,15,economy,,,14319.0,False,15:10,ok,2026-09-08T02:45:56.210635+05:30,2026-09-08_0245IST,airline_direct,IndiGo
BLR,HYD,6E,IndiGo,6E 6067,2026-09-23,15,economy,,,4561.0,False,16:30,ok,2026-09-08T02:46:58.711200+05:30,2026-09-08_0246IST,airline_direct,IndiGo
BLR,HYD,6E,IndiGo,6E 6784,2026-09-23,15,economy,,,4561.0,False,21:30,ok,2026-09-08T02:46:58.711200+05:30,2026-09-08_0246IST,airline_direct,IndiGo
BLR,HYD,6E,IndiGo,6E 638,2026-09-23,15,economy,,,4921.0,False,18:35,ok,2026-09-08T02:46:58.711200+05:30,2026-09-08_0246IST,airline_direct,IndiGo
BLR,HYD,6E,IndiGo,6E 6178,2026-09-23,15,economy,,,6239.0,False,06:25,ok,2026-09-08T02:46:58.711200+05:30,2026-09-08_0246IST,airline_direct,IndiGo
BLR,HYD,6E,IndiGo,6E 6404,2026-09-23,15,economy,,,6239.0,False,11:35,ok,2026-09-08T02:46:58.711200+05:30,2026-09-08_0246IST,airline_direct,IndiGo
BLR,HYD,6E,IndiGo,6E 855,2026-09-23,15,economy,,,6239.0,False,19:45,ok,2026-09-08T02:46:58.711200+05:30,2026-09-08_0246IST,airline_direct,IndiGo
BLR,HYD,6E,IndiGo,6E 537,2026-09-23,15,economy,,,7361.0,False,10:15,ok,2026-09-08T02:46:58.711200+05:30,2026-09-08_0246IST,airline_direct,IndiGo
BLR,HYD,6E,IndiGo,6E 312,2026-09-23,15,economy,,,8727.0,False,09:15,ok,2026-09-08T02:46:58.711200+05:30,2026-09-08_0246IST,airline_direct,IndiGo
BLR,HYD,6E,IndiGo,6E 484,2026-09-23,15,economy,,,9518.0,False,08:15,ok,2026-09-08T02:46:58.711200+05:30,2026-09-08_0246IST,airline_direct,IndiGo
BLR,HYD,6E,IndiGo,6E 857,2026-09-23,15,economy,,,4553.0,False,07:05,ok,2026-09-08T02:46:58.711200+05:30,2026-09-08_0246IST,airline_direct,IndiGo
BLR,HYD,6E,IndiGo,6E 763,2026-09-23,15,economy,,,4553.0,False,07:05,ok,2026-09-08T02:46:58.711200+05:30,2026-09-08_0246IST,airline_direct,IndiGo
BLR,HYD,6E,IndiGo,6E 857,2026-09-23,15,economy,,,4553.0,False,07:05,ok,2026-09-08T02:46:58.711200+05:30,2026-09-08_0246IST,airline_direct,IndiGo
BLR,HYD,6E,IndiGo,6E 763,2026-09-23,15,economy,,,4553.0,False,07:05,ok,2026-09-08T02:46:58.711200+05:30,2026-09-08_0246IST,airline_direct,IndiGo
BLR,HYD,6E,IndiGo,6E 6269,2026-09-23,15,economy,,,4553.0,False,07:15,ok,2026-09-08T02:46:58.711200+05:30,2026-09-08_0246IST,airline_direct,IndiGo
BLR,HYD,6E,IndiGo,6E 6445,2026-09-23,15,economy,,,4553.0,False,10:25,ok,2026-09-08T02:46:58.711200+05:30,2026-09-08_0246IST,airline_direct,IndiGo
BLR,HYD,6E,IndiGo,6E 6445,2026-09-23,15,economy,,,4553.0,False,10:25,ok,2026-09-08T02:46:58.711200+05:30,2026-09-08_0246IST,airline_direct,IndiGo
BLR,HYD,6E,IndiGo,6E 6445,2026-09-23,15,economy,,,4553.0,False,10:25,ok,2026-09-08T02:46:58.711200+05:30,2026-09-08_0246IST,airline_direct,IndiGo
BLR,HYD,6E,IndiGo,6E 6208,2026-09-23,15,economy,,,4553.0,False,12:45,ok,2026-09-08T02:46:58.711200+05:30,2026-09-08_0246IST,airline_direct,IndiGo
BLR,HYD,6E,IndiGo,6E 6208,2026-09-23,15,economy,,,4553.0,False,12:45,ok,2026-09-08T02:46:58.711200+05:30,2026-09-08_0246IST,airline_direct,IndiGo
BLR,HYD,6E,IndiGo,6E 703,2026-09-23,15,economy,,,4553.0,False,12:55,ok,2026-09-08T02:46:58.711200+05:30,2026-09-08_0246IST,airline_direct,IndiGo
BLR,HYD,6E,IndiGo,6E 703,2026-09-23,15,economy,,,4553.0,False,12:55,ok,2026-09-08T02:46:58.711200+05:30,2026-09-08_0246IST,airline_direct,IndiGo
BLR,HYD,6E,IndiGo,6E 6542,2026-09-23,15,economy,,,4553.0,False,13:10,ok,2026-09-08T02:46:58.711200+05:30,2026-09-08_0246IST,airline_direct,IndiGo
BLR,HYD,6E,IndiGo,6E 6753,2026-09-23,15,economy,,,4553.0,False,15:15,ok,2026-09-08T02:46:58.711200+05:30,2026-09-08_0246IST,airline_direct,IndiGo
BLR,HYD,6E,IndiGo,6E 6753,2026-09-23,15,economy,,,4553.0,False,15:15,ok,2026-09-08T02:46:58.711200+05:30,2026-09-08_0246IST,airline_direct,IndiGo
BLR,HYD,6E,IndiGo,6E 173,2026-09-23,15,economy,,,4553.0,False,15:30,ok,2026-09-08T02:46:58.711200+05:30,2026-09-08_0246IST,airline_direct,IndiGo
BLR,HYD,6E,IndiGo,6E 173,2026-09-23,15,economy,,,4553.0,False,15:30,ok,2026-09-08T02:46:58.711200+05:30,2026-09-08_0246IST,airline_direct,IndiGo
BLR,HYD,6E,IndiGo,6E 356,2026-09-23,15,economy,,,4553.0,False,17:15,ok,2026-09-08T02:46:58.711200+05:30,2026-09-08_0246IST,airline_direct,IndiGo
BLR,HYD,6E,IndiGo,6E 356,2026-09-23,15,economy,,,4553.0,False,17:15,ok,2026-09-08T02:46:58.711200+05:30,2026-09-08_0246IST,airline_direct,IndiGo
BLR,HYD,6E,IndiGo,6E 6168,2026-09-23,15,economy,,,4553.0,False,17:40,ok,2026-09-08T02:46:58.711200+05:30,2026-09-08_0246IST,airline_direct,IndiGo
BLR,HYD,6E,IndiGo,6E 6168,2026-09-23,15,economy,,,4553.0,False,17:40,ok,2026-09-08T02:46:58.711200+05:30,2026-09-08_0246IST,airline_direct,IndiGo
BLR,HYD,6E,IndiGo,6E 6017,2026-09-23,15,economy,,,4553.0,False,18:15,ok,2026-09-08T02:46:58.711200+05:30,2026-09-08_0246IST,airline_direct,IndiGo
BLR,HYD,6E,IndiGo,6E 105,2026-09-23,15,economy,,,4553.0,False,18:50,ok,2026-09-08T02:46:58.711200+05:30,2026-09-08_0246IST,airline_direct,IndiGo
BLR,HYD,6E,IndiGo,6E 6554,2026-09-23,15,economy,,,4553.0,False,19:15,ok,2026-09-08T02:46:58.711200+05:30,2026-09-08_0246IST,airline_direct,IndiGo
BLR,HYD,6E,IndiGo,6E 441,2026-09-23,15,economy,,,4553.0,False,20:40,ok,2026-09-08T02:46:58.711200+05:30,2026-09-08_0246IST,airline_direct,IndiGo
BLR,HYD,6E,IndiGo,6E 116,2026-09-23,15,economy,,,4553.0,False,23:05,ok,2026-09-08T02:46:58.711200+05:30,2026-09-08_0246IST,airline_direct,IndiGo
BLR,HYD,6E,IndiGo,6E 6336,2026-09-23,15,economy,,,4685.0,False,12:40,ok,2026-09-08T02:46:58.711200+05:30,2026-09-08_0246IST,airline_direct,IndiGo
BLR,HYD,6E,IndiGo,6E 6336,2026-09-23,15,economy,,,4685.0,False,12:40,ok,2026-09-08T02:46:58.711200+05:30,2026-09-08_0246IST,airline_direct,IndiGo
BLR,HYD,6E,IndiGo,6E 6104,2026-09-23,15,economy,,,4836.0,False,11:40,ok,2026-09-08T02:46:58.711200+05:30,2026-09-08_0246IST,airline_direct,IndiGo
BLR,HYD,6E,IndiGo,6E 6104,2026-09-23,15,economy,,,4836.0,False,11:40,ok,2026-09-08T02:46:58.711200+05:30,2026-09-08_0246IST,airline_direct,IndiGo
BLR,HYD,6E,IndiGo,6E 528,2026-09-23,15,economy,,,4836.0,False,21:40,ok,2026-09-08T02:46:58.711200+05:30,2026-09-08_0246IST,airline_direct,IndiGo
BLR,HYD,6E,IndiGo,6E 7204,2026-09-23,15,economy,,,5146.0,False,06:50,ok,2026-09-08T02:46:58.711200+05:30,2026-09-08_0246IST,airline_direct,IndiGo
BLR,HYD,6E,IndiGo,6E 6269,2026-09-23,15,economy,,,5146.0,False,07:15,ok,2026-09-08T02:46:58.711200+05:30,2026-09-08_0246IST,airline_direct,IndiGo
BLR,HYD,6E,IndiGo,6E 7005,2026-09-23,15,economy,,,5146.0,False,08:05,ok,2026-09-08T02:46:58.711200+05:30,2026-09-08_0246IST,airline_direct,IndiGo
BLR,HYD,6E,IndiGo,6E 7005,2026-09-23,15,economy,,,5146.0,False,08:05,ok,2026-09-08T02:46:58.711200+05:30,2026-09-08_0246IST,airline_direct,IndiGo
BLR,HYD,6E,IndiGo,6E 109,2026-09-23,15,economy,,,5146.0,False,17:00,ok,2026-09-08T02:46:58.711200+05:30,2026-09-08_0246IST,airline_direct,IndiGo
BLR,HYD,6E,IndiGo,6E 6891,2026-09-23,15,economy,,,5146.0,False,17:15,ok,2026-09-08T02:46:58.711200+05:30,2026-09-08_0246IST,airline_direct,IndiGo
BLR,HYD,6E,IndiGo,6E 6162,2026-09-23,15,economy,,,5146.0,False,18:50,ok,2026-09-08T02:46:58.711200+05:30,2026-09-08_0246IST,airline_direct,IndiGo
BLR,HYD,6E,IndiGo,6E 7227,2026-09-23,15,economy,,,5729.0,False,06:25,ok,2026-09-08T02:46:58.711200+05:30,2026-09-08_0246IST,airline_direct,IndiGo
BLR,HYD,6E,IndiGo,6E 7204,2026-09-23,15,economy,,,5861.0,False,06:50,ok,2026-09-08T02:46:58.711200+05:30,2026-09-08_0246IST,airline_direct,IndiGo
BLR,HYD,6E,IndiGo,6E 6583,2026-09-23,15,economy,,,5992.0,False,10:40,ok,2026-09-08T02:46:58.711200+05:30,2026-09-08_0246IST,airline_direct,IndiGo
BLR,HYD,6E,IndiGo,6E 574,2026-09-23,15,economy,,,5992.0,False,11:05,ok,2026-09-08T02:46:58.711200+05:30,2026-09-08_0246IST,airline_direct,IndiGo
BLR,HYD,6E,IndiGo,6E 6563,2026-09-23,15,economy,,,6724.0,False,01:05,ok,2026-09-08T02:46:58.711200+05:30,2026-09-08_0246IST,airline_direct,IndiGo
BLR,HYD,6E,IndiGo,6E 6876,2026-09-23,15,economy,,,6724.0,False,02:40,ok,2026-09-08T02:46:58.711200+05:30,2026-09-08_0246IST,airline_direct,IndiGo
BLR,HYD,6E,IndiGo,6E 6653,2026-09-23,15,economy,,,7221.0,False,12:35,ok,2026-09-08T02:46:58.711200+05:30,2026-09-08_0246IST,airline_direct,IndiGo
BLR,HYD,6E,IndiGo,6E 904,2026-09-23,15,economy,,,8779.0,False,10:45,ok,2026-09-08T02:46:58.711200+05:30,2026-09-08_0246IST,airline_direct,IndiGo
BLR,HYD,6E,IndiGo,6E 7285,2026-09-23,15,economy,,,9247.0,False,06:50,ok,2026-09-08T02:46:58.711200+05:30,2026-09-08_0246IST,airline_direct,IndiGo
BLR,HYD,6E,IndiGo,6E 6653,2026-09-23,15,economy,,,16674.0,False,12:35,ok,2026-09-08T02:46:58.711200+05:30,2026-09-08_0246IST,airline_direct,IndiGo
BLR,HYD,6E,IndiGo,6E 7737,2026-09-23,15,economy,,,18940.0,False,10:50,ok,2026-09-08T02:46:58.711200+05:30,2026-09-08_0246IST,airline_direct,IndiGo
BLR,HYD,6E,IndiGo,6E 7737,2026-09-23,15,economy,,,22434.0,False,10:50,ok,2026-09-08T02:46:58.711200+05:30,2026-09-08_0246IST,airline_direct,IndiGo
MAA,DEL,6E,IndiGo,6E 939,2026-09-23,15,business,,,24700.0,False,13:00,ok,2026-09-08T02:49:17.998849+05:30,2026-09-08_0249IST,airline_direct,IndiGo
MAA,DEL,6E,IndiGo,6E 939,2026-09-23,15,economy,,,9830.0,False,13:00,ok,2026-09-08T02:49:17.998849+05:30,2026-09-08_0249IST,airline_direct,IndiGo
MAA,DEL,6E,IndiGo,6E 948,2026-09-23,15,business,,,24700.0,False,14:30,ok,2026-09-08T02:49:17.998849+05:30,2026-09-08_0249IST,airline_direct,IndiGo
MAA,DEL,6E,IndiGo,6E 948,2026-09-23,15,economy,,,9830.0,False,14:30,ok,2026-09-08T02:49:17.998849+05:30,2026-09-08_0249IST,airline_direct,IndiGo
MAA,DEL,6E,IndiGo,6E 951,2026-09-23,15,business,,,24700.0,False,21:50,ok,2026-09-08T02:49:17.998849+05:30,2026-09-08_0249IST,airline_direct,IndiGo
MAA,DEL,6E,IndiGo,6E 951,2026-09-23,15,economy,,,9830.0,False,21:50,ok,2026-09-08T02:49:17.998849+05:30,2026-09-08_0249IST,airline_direct,IndiGo
MAA,DEL,6E,IndiGo,6E 6002,2026-09-23,15,business,,,24700.0,False,11:10,ok,2026-09-08T02:49:17.998849+05:30,2026-09-08_0249IST,airline_direct,IndiGo
MAA,DEL,6E,IndiGo,6E 6002,2026-09-23,15,economy,,,10295.0,False,11:10,ok,2026-09-08T02:49:17.998849+05:30,2026-09-08_0249IST,airline_direct,IndiGo
MAA,DEL,6E,IndiGo,6E 698,2026-09-23,15,business,,,24700.0,False,16:45,ok,2026-09-08T02:49:17.998849+05:30,2026-09-08_0249IST,airline_direct,IndiGo
MAA,DEL,6E,IndiGo,6E 698,2026-09-23,15,economy,,,10295.0,False,16:45,ok,2026-09-08T02:49:17.998849+05:30,2026-09-08_0249IST,airline_direct,IndiGo
MAA,DEL,6E,IndiGo,6E 613,2026-09-23,15,business,,,24700.0,False,19:00,ok,2026-09-08T02:49:17.998849+05:30,2026-09-08_0249IST,airline_direct,IndiGo
MAA,DEL,6E,IndiGo,6E 613,2026-09-23,15,economy,,,10295.0,False,19:00,ok,2026-09-08T02:49:17.998849+05:30,2026-09-08_0249IST,airline_direct,IndiGo
MAA,DEL,6E,IndiGo,6E 404,2026-09-23,15,business,,,24700.0,False,09:15,ok,2026-09-08T02:49:17.998849+05:30,2026-09-08_0249IST,airline_direct,IndiGo
MAA,DEL,6E,IndiGo,6E 404,2026-09-23,15,economy,,,11303.0,False,09:15,ok,2026-09-08T02:49:17.998849+05:30,2026-09-08_0249IST,airline_direct,IndiGo
MAA,DEL,6E,IndiGo,6E 2369,2026-09-23,15,business,,,24700.0,False,23:45,ok,2026-09-08T02:49:17.998849+05:30,2026-09-08_0249IST,airline_direct,IndiGo
MAA,DEL,6E,IndiGo,6E 2369,2026-09-23,15,economy,,,11303.0,False,23:45,ok,2026-09-08T02:49:17.998849+05:30,2026-09-08_0249IST,airline_direct,IndiGo
MAA,DEL,6E,IndiGo,6E 937,2026-09-23,15,business,,,24700.0,False,06:30,ok,2026-09-08T02:49:17.998849+05:30,2026-09-08_0249IST,airline_direct,IndiGo
MAA,DEL,6E,IndiGo,6E 937,2026-09-23,15,economy,,,14354.0,False,06:30,ok,2026-09-08T02:49:17.998849+05:30,2026-09-08_0249IST,airline_direct,IndiGo
MAA,DEL,6E,IndiGo,6E 6081,2026-09-23,15,economy,,,9697.0,False,07:05,ok,2026-09-08T02:49:17.998849+05:30,2026-09-08_0249IST,airline_direct,IndiGo
MAA,DEL,6E,IndiGo,6E 6081,2026-09-23,15,economy,,,9697.0,False,07:05,ok,2026-09-08T02:49:17.998849+05:30,2026-09-08_0249IST,airline_direct,IndiGo
MAA,DEL,6E,IndiGo,6E 6815,2026-09-23,15,economy,,,9697.0,False,08:55,ok,2026-09-08T02:49:17.998849+05:30,2026-09-08_0249IST,airline_direct,IndiGo
MAA,DEL,6E,IndiGo,6E 6815,2026-09-23,15,economy,,,9697.0,False,08:55,ok,2026-09-08T02:49:17.998849+05:30,2026-09-08_0249IST,airline_direct,IndiGo
MAA,DEL,6E,IndiGo,6E 6892,2026-09-23,15,economy,,,9697.0,False,10:55,ok,2026-09-08T02:49:17.998849+05:30,2026-09-08_0249IST,airline_direct,IndiGo
MAA,DEL,6E,IndiGo,6E 6892,2026-09-23,15,economy,,,9697.0,False,10:55,ok,2026-09-08T02:49:17.998849+05:30,2026-09-08_0249IST,airline_direct,IndiGo
MAA,DEL,6E,IndiGo,6E 6209,2026-09-23,15,economy,,,9697.0,False,14:35,ok,2026-09-08T02:49:17.998849+05:30,2026-09-08_0249IST,airline_direct,IndiGo
MAA,DEL,6E,IndiGo,6E 6005,2026-09-23,15,economy,,,9697.0,False,15:45,ok,2026-09-08T02:49:17.998849+05:30,2026-09-08_0249IST,airline_direct,IndiGo
MAA,DEL,6E,IndiGo,6E 6812,2026-09-23,15,economy,,,9697.0,False,20:00,ok,2026-09-08T02:49:17.998849+05:30,2026-09-08_0249IST,airline_direct,IndiGo
MAA,DEL,6E,IndiGo,6E 6140,2026-09-23,15,business,,,29944.0,False,02:30,ok,2026-09-08T02:49:17.998849+05:30,2026-09-08_0249IST,airline_direct,IndiGo
MAA,DEL,6E,IndiGo,6E 6140,2026-09-23,15,economy,,,9829.0,False,02:30,ok,2026-09-08T02:49:17.998849+05:30,2026-09-08_0249IST,airline_direct,IndiGo
MAA,DEL,6E,IndiGo,6E 6140,2026-09-23,15,business,,,29944.0,False,02:30,ok,2026-09-08T02:49:17.998849+05:30,2026-09-08_0249IST,airline_direct,IndiGo
MAA,DEL,6E,IndiGo,6E 6140,2026-09-23,15,economy,,,9829.0,False,02:30,ok,2026-09-08T02:49:17.998849+05:30,2026-09-08_0249IST,airline_direct,IndiGo
MAA,DEL,6E,IndiGo,6E 5314,2026-09-23,15,business,,,35375.0,False,06:45,ok,2026-09-08T02:49:17.998849+05:30,2026-09-08_0249IST,airline_direct,IndiGo
MAA,DEL,6E,IndiGo,6E 5314,2026-09-23,15,economy,,,9829.0,False,06:45,ok,2026-09-08T02:49:17.998849+05:30,2026-09-08_0249IST,airline_direct,IndiGo
MAA,DEL,6E,IndiGo,6E 321,2026-09-23,15,business,,,31040.0,False,08:20,ok,2026-09-08T02:49:17.998849+05:30,2026-09-08_0249IST,airline_direct,IndiGo
MAA,DEL,6E,IndiGo,6E 321,2026-09-23,15,economy,,,9829.0,False,08:20,ok,2026-09-08T02:49:17.998849+05:30,2026-09-08_0249IST,airline_direct,IndiGo
MAA,DEL,6E,IndiGo,6E 6348,2026-09-23,15,business,,,35375.0,False,09:00,ok,2026-09-08T02:49:17.998849+05:30,2026-09-08_0249IST,airline_direct,IndiGo
MAA,DEL,6E,IndiGo,6E 6348,2026-09-23,15,economy,,,9829.0,False,09:00,ok,2026-09-08T02:49:17.998849+05:30,2026-09-08_0249IST,airline_direct,IndiGo
MAA,DEL,6E,IndiGo,6E 6348,2026-09-23,15,business,,,35375.0,False,09:00,ok,2026-09-08T02:49:17.998849+05:30,2026-09-08_0249IST,airline_direct,IndiGo
MAA,DEL,6E,IndiGo,6E 6348,2026-09-23,15,economy,,,9829.0,False,09:00,ok,2026-09-08T02:49:17.998849+05:30,2026-09-08_0249IST,airline_direct,IndiGo
MAA,DEL,6E,IndiGo,6E 5214,2026-09-23,15,business,,,35375.0,False,11:00,ok,2026-09-08T02:49:17.998849+05:30,2026-09-08_0249IST,airline_direct,IndiGo
MAA,DEL,6E,IndiGo,6E 5214,2026-09-23,15,economy,,,9829.0,False,11:00,ok,2026-09-08T02:49:17.998849+05:30,2026-09-08_0249IST,airline_direct,IndiGo
MAA,DEL,6E,IndiGo,6E 6326,2026-09-23,15,business,,,31040.0,False,11:45,ok,2026-09-08T02:49:17.998849+05:30,2026-09-08_0249IST,airline_direct,IndiGo
MAA,DEL,6E,IndiGo,6E 6326,2026-09-23,15,economy,,,9829.0,False,11:45,ok,2026-09-08T02:49:17.998849+05:30,2026-09-08_0249IST,airline_direct,IndiGo
MAA,DEL,6E,IndiGo,6E 5258,2026-09-23,15,business,,,35375.0,False,12:45,ok,2026-09-08T02:49:17.998849+05:30,2026-09-08_0249IST,airline_direct,IndiGo
MAA,DEL,6E,IndiGo,6E 5258,2026-09-23,15,economy,,,9829.0,False,12:45,ok,2026-09-08T02:49:17.998849+05:30,2026-09-08_0249IST,airline_direct,IndiGo
MAA,DEL,6E,IndiGo,6E 5258,2026-09-23,15,business,,,35375.0,False,12:45,ok,2026-09-08T02:49:17.998849+05:30,2026-09-08_0249IST,airline_direct,IndiGo
MAA,DEL,6E,IndiGo,6E 5258,2026-09-23,15,economy,,,9829.0,False,12:45,ok,2026-09-08T02:49:17.998849+05:30,2026-09-08_0249IST,airline_direct,IndiGo
MAA,DEL,6E,IndiGo,6E 5371,2026-09-23,15,business,,,35375.0,False,14:45,ok,2026-09-08T02:49:17.998849+05:30,2026-09-08_0249IST,airline_direct,IndiGo
MAA,DEL,6E,IndiGo,6E 5371,2026-09-23,15,economy,,,9829.0,False,14:45,ok,2026-09-08T02:49:17.998849+05:30,2026-09-08_0249IST,airline_direct,IndiGo
MAA,DEL,6E,IndiGo,6E 5371,2026-09-23,15,business,,,38974.0,False,14:45,ok,2026-09-08T02:49:17.998849+05:30,2026-09-08_0249IST,airline_direct,IndiGo
MAA,DEL,6E,IndiGo,6E 5371,2026-09-23,15,economy,,,9829.0,False,14:45,ok,2026-09-08T02:49:17.998849+05:30,2026-09-08_0249IST,airline_direct,IndiGo
MAA,DEL,6E,IndiGo,6E 606,2026-09-23,15,economy,,,9829.0,False,18:05,ok,2026-09-08T02:49:17.998849+05:30,2026-09-08_0249IST,airline_direct,IndiGo
MAA,DEL,6E,IndiGo,6E 253,2026-09-23,15,business,,,27587.0,False,03:10,ok,2026-09-08T02:49:17.998849+05:30,2026-09-08_0249IST,airline_direct,IndiGo
MAA,DEL,6E,IndiGo,6E 253,2026-09-23,15,economy,,,10376.0,False,03:10,ok,2026-09-08T02:49:17.998849+05:30,2026-09-08_0249IST,airline_direct,IndiGo
MAA,DEL,6E,IndiGo,6E 244,2026-09-23,15,economy,,,10376.0,False,03:55,ok,2026-09-08T02:49:17.998849+05:30,2026-09-08_0249IST,airline_direct,IndiGo
MAA,DEL,6E,IndiGo,6E 607,2026-09-23,15,business,,,30891.0,False,05:40,ok,2026-09-08T02:49:17.998849+05:30,2026-09-08_0249IST,airline_direct,IndiGo
MAA,DEL,6E,IndiGo,6E 607,2026-09-23,15,economy,,,10376.0,False,05:40,ok,2026-09-08T02:49:17.998849+05:30,2026-09-08_0249IST,airline_direct,IndiGo
MAA,DEL,6E,IndiGo,6E 495,2026-09-23,15,economy,,,10376.0,False,07:10,ok,2026-09-08T02:49:17.998849+05:30,2026-09-08_0249IST,airline_direct,IndiGo
MAA,DEL,6E,IndiGo,6E 834,2026-09-23,15,economy,,,10376.0,False,09:05,ok,2026-09-08T02:49:17.998849+05:30,2026-09-08_0249IST,airline_direct,IndiGo
MAA,DEL,6E,IndiGo,6E 834,2026-09-23,15,economy,,,10376.0,False,09:05,ok,2026-09-08T02:49:17.998849+05:30,2026-09-08_0249IST,airline_direct,IndiGo
MAA,DEL,6E,IndiGo,6E 372,2026-09-23,15,economy,,,10376.0,False,09:55,ok,2026-09-08T02:49:17.998849+05:30,2026-09-08_0249IST,airline_direct,IndiGo
MAA,DEL,6E,IndiGo,6E 372,2026-09-23,15,economy,,,10376.0,False,09:55,ok,2026-09-08T02:49:17.998849+05:30,2026-09-08_0249IST,airline_direct,IndiGo
MAA,DEL,6E,IndiGo,6E 502,2026-09-23,15,business,,,28769.0,False,11:10,ok,2026-09-08T02:49:17.998849+05:30,2026-09-08_0249IST,airline_direct,IndiGo
MAA,DEL,6E,IndiGo,6E 502,2026-09-23,15,economy,,,10376.0,False,11:10,ok,2026-09-08T02:49:17.998849+05:30,2026-09-08_0249IST,airline_direct,IndiGo
MAA,DEL,6E,IndiGo,6E 6925,2026-09-23,15,economy,,,10376.0,False,12:00,ok,2026-09-08T02:49:17.998849+05:30,2026-09-08_0249IST,airline_direct,IndiGo
MAA,DEL,6E,IndiGo,6E 6925,2026-09-23,15,economy,,,10376.0,False,12:00,ok,2026-09-08T02:49:17.998849+05:30,2026-09-08_0249IST,airline_direct,IndiGo
MAA,DEL,6E,IndiGo,6E 6158,2026-09-23,15,economy,,,10376.0,False,16:10,ok,2026-09-08T02:49:17.998849+05:30,2026-09-08_0249IST,airline_direct,IndiGo
MAA,DEL,6E,IndiGo,6E 183,2026-09-23,15,business,,,28061.0,False,16:35,ok,2026-09-08T02:49:17.998849+05:30,2026-09-08_0249IST,airline_direct,IndiGo
MAA,DEL,6E,IndiGo,6E 183,2026-09-23,15,economy,,,10376.0,False,16:35,ok,2026-09-08T02:49:17.998849+05:30,2026-09-08_0249IST,airline_direct,IndiGo
MAA,DEL,6E,IndiGo,6E 848,2026-09-23,15,economy,,,10376.0,False,17:50,ok,2026-09-08T02:49:17.998849+05:30,2026-09-08_0249IST,airline_direct,IndiGo
MAA,DEL,6E,IndiGo,6E 489,2026-09-23,15,economy,,,10376.0,False,18:15,ok,2026-09-08T02:49:17.998849+05:30,2026-09-08_0249IST,airline_direct,IndiGo
MAA,DEL,6E,IndiGo,6E 562,2026-09-23,15,economy,,,10376.0,False,18:20,ok,2026-09-08T02:49:17.998849+05:30,2026-09-08_0249IST,airline_direct,IndiGo
MAA,DEL,6E,IndiGo,6E 193,2026-09-23,15,economy,,,10376.0,False,20:00,ok,2026-09-08T02:49:17.998849+05:30,2026-09-08_0249IST,airline_direct,IndiGo
MAA,DEL,6E,IndiGo,6E 6487,2026-09-23,15,economy,,,10376.0,False,21:25,ok,2026-09-08T02:49:17.998849+05:30,2026-09-08_0249IST,airline_direct,IndiGo
MAA,DEL,6E,IndiGo,6E 561,2026-09-23,15,business,,,27587.0,False,22:20,ok,2026-09-08T02:49:17.998849+05:30,2026-09-08_0249IST,airline_direct,IndiGo
MAA,DEL,6E,IndiGo,6E 561,2026-09-23,15,economy,,,10376.0,False,22:20,ok,2026-09-08T02:49:17.998849+05:30,2026-09-08_0249IST,airline_direct,IndiGo
MAA,DEL,6E,IndiGo,6E 7199,2026-09-23,15,economy,,,10454.0,False,15:05,ok,2026-09-08T02:49:17.998849+05:30,2026-09-08_0249IST,airline_direct,IndiGo
MAA,DEL,6E,IndiGo,6E 495,2026-09-23,15,economy,,,11208.0,False,07:10,ok,2026-09-08T02:49:17.998849+05:30,2026-09-08_0249IST,airline_direct,IndiGo
MAA,DEL,6E,IndiGo,6E 6209,2026-09-23,15,economy,,,11220.0,False,14:35,ok,2026-09-08T02:49:17.998849+05:30,2026-09-08_0249IST,airline_direct,IndiGo
MAA,DEL,6E,IndiGo,6E 597,2026-09-23,15,economy,,,11576.0,False,17:45,ok,2026-09-08T02:49:17.998849+05:30,2026-09-08_0249IST,airline_direct,IndiGo
MAA,DEL,6E,IndiGo,6E 847,2026-09-23,15,economy,,,12927.0,False,16:15,ok,2026-09-08T02:49:17.998849+05:30,2026-09-08_0249IST,airline_direct,IndiGo
MAA,DEL,6E,IndiGo,6E 5104,2026-09-23,15,business,,,35375.0,False,16:40,ok,2026-09-08T02:49:17.998849+05:30,2026-09-08_0249IST,airline_direct,IndiGo
MAA,DEL,6E,IndiGo,6E 5104,2026-09-23,15,economy,,,13369.0,False,16:40,ok,2026-09-08T02:49:17.998849+05:30,2026-09-08_0249IST,airline_direct,IndiGo
MAA,DEL,6E,IndiGo,6E 5367,2026-09-23,15,business,,,38606.0,False,18:15,ok,2026-09-08T02:49:17.998849+05:30,2026-09-08_0249IST,airline_direct,IndiGo
MAA,DEL,6E,IndiGo,6E 5367,2026-09-23,15,economy,,,13985.0,False,18:15,ok,2026-09-08T02:49:17.998849+05:30,2026-09-08_0249IST,airline_direct,IndiGo
MAA,DEL,6E,IndiGo,6E 401,2026-09-23,15,economy,,,21163.0,False,08:10,ok,2026-09-08T02:49:17.998849+05:30,2026-09-08_0249IST,airline_direct,IndiGo
DEL,BOM,6E,IndiGo,6E 353,2026-10-08,30,business,,,21900.0,False,03:00,ok,2026-09-08T02:50:55.511619+05:30,2026-09-08_0250IST,airline_direct,IndiGo
DEL,BOM,6E,IndiGo,6E 353,2026-10-08,30,economy,,,6305.0,False,03:00,ok,2026-09-08T02:50:55.511619+05:30,2026-09-08_0250IST,airline_direct,IndiGo
DEL,BOM,6E,IndiGo,6E 449,2026-10-08,30,business,,,21900.0,False,05:00,ok,2026-09-08T02:50:55.511619+05:30,2026-09-08_0250IST,airline_direct,IndiGo
DEL,BOM,6E,IndiGo,6E 449,2026-10-08,30,economy,,,6305.0,False,05:00,ok,2026-09-08T02:50:55.511619+05:30,2026-09-08_0250IST,airline_direct,IndiGo
DEL,BOM,6E,IndiGo,6E 675,2026-10-08,30,business,,,21900.0,False,08:45,ok,2026-09-08T02:50:55.511619+05:30,2026-09-08_0250IST,airline_direct,IndiGo
DEL,BOM,6E,IndiGo,6E 675,2026-10-08,30,economy,,,6305.0,False,08:45,ok,2026-09-08T02:50:55.511619+05:30,2026-09-08_0250IST,airline_direct,IndiGo
DEL,BOM,6E,IndiGo,6E 6107,2026-10-08,30,business,,,21900.0,False,09:30,ok,2026-09-08T02:50:55.511619+05:30,2026-09-08_0250IST,airline_direct,IndiGo
DEL,BOM,6E,IndiGo,6E 6107,2026-10-08,30,economy,,,6305.0,False,09:30,ok,2026-09-08T02:50:55.511619+05:30,2026-09-08_0250IST,airline_direct,IndiGo
DEL,BOM,6E,IndiGo,6E 6328,2026-10-08,30,business,,,21900.0,False,10:15,ok,2026-09-08T02:50:55.511619+05:30,2026-09-08_0250IST,airline_direct,IndiGo
DEL,BOM,6E,IndiGo,6E 6328,2026-10-08,30,economy,,,6305.0,False,10:15,ok,2026-09-08T02:50:55.511619+05:30,2026-09-08_0250IST,airline_direct,IndiGo
DEL,BOM,6E,IndiGo,6E 6047,2026-10-08,30,business,,,21900.0,False,11:00,ok,2026-09-08T02:50:55.511619+05:30,2026-09-08_0250IST,airline_direct,IndiGo
DEL,BOM,6E,IndiGo,6E 6047,2026-10-08,30,economy,,,6305.0,False,11:00,ok,2026-09-08T02:50:55.511619+05:30,2026-09-08_0250IST,airline_direct,IndiGo
DEL,BOM,6E,IndiGo,6E 6676,2026-10-08,30,business,,,21900.0,False,12:00,ok,2026-09-08T02:50:55.511619+05:30,2026-09-08_0250IST,airline_direct,IndiGo
DEL,BOM,6E,IndiGo,6E 6676,2026-10-08,30,economy,,,6305.0,False,12:00,ok,2026-09-08T02:50:55.511619+05:30,2026-09-08_0250IST,airline_direct,IndiGo
DEL,BOM,6E,IndiGo,6E 324,2026-10-08,30,business,,,21900.0,False,13:00,ok,2026-09-08T02:50:55.511619+05:30,2026-09-08_0250IST,airline_direct,IndiGo
DEL,BOM,6E,IndiGo,6E 324,2026-10-08,30,economy,,,6305.0,False,13:00,ok,2026-09-08T02:50:55.511619+05:30,2026-09-08_0250IST,airline_direct,IndiGo
DEL,BOM,6E,IndiGo,6E 6022,2026-10-08,30,business,,,21900.0,False,14:00,ok,2026-09-08T02:50:55.511619+05:30,2026-09-08_0250IST,airline_direct,IndiGo
DEL,BOM,6E,IndiGo,6E 6022,2026-10-08,30,economy,,,6305.0,False,14:00,ok,2026-09-08T02:50:55.511619+05:30,2026-09-08_0250IST,airline_direct,IndiGo
DEL,BOM,6E,IndiGo,6E 6318,2026-10-08,30,business,,,21900.0,False,14:45,ok,2026-09-08T02:50:55.511619+05:30,2026-09-08_0250IST,airline_direct,IndiGo
DEL,BOM,6E,IndiGo,6E 6318,2026-10-08,30,economy,,,6305.0,False,14:45,ok,2026-09-08T02:50:55.511619+05:30,2026-09-08_0250IST,airline_direct,IndiGo
DEL,BOM,6E,IndiGo,6E 864,2026-10-08,30,business,,,21900.0,False,15:30,ok,2026-09-08T02:50:55.511619+05:30,2026-09-08_0250IST,airline_direct,IndiGo
DEL,BOM,6E,IndiGo,6E 864,2026-10-08,30,economy,,,6305.0,False,15:30,ok,2026-09-08T02:50:55.511619+05:30,2026-09-08_0250IST,airline_direct,IndiGo
DEL,BOM,6E,IndiGo,6E 6706,2026-10-08,30,business,,,21900.0,False,17:00,ok,2026-09-08T02:50:55.511619+05:30,2026-09-08_0250IST,airline_direct,IndiGo
DEL,BOM,6E,IndiGo,6E 6706,2026-10-08,30,economy,,,6305.0,False,17:00,ok,2026-09-08T02:50:55.511619+05:30,2026-09-08_0250IST,airline_direct,IndiGo
DEL,BOM,6E,IndiGo,6E 6218,2026-10-08,30,business,,,21900.0,False,06:05,ok,2026-09-08T02:50:55.511619+05:30,2026-09-08_0250IST,airline_direct,IndiGo
DEL,BOM,6E,IndiGo,6E 6218,2026-10-08,30,economy,,,6357.0,False,06:05,ok,2026-09-08T02:50:55.511619+05:30,2026-09-08_0250IST,airline_direct,IndiGo
DEL,BOM,6E,IndiGo,6E 327,2026-10-08,30,business,,,21900.0,False,16:15,ok,2026-09-08T02:50:55.511619+05:30,2026-09-08_0250IST,airline_direct,IndiGo
DEL,BOM,6E,IndiGo,6E 327,2026-10-08,30,economy,,,6357.0,False,16:15,ok,2026-09-08T02:50:55.511619+05:30,2026-09-08_0250IST,airline_direct,IndiGo
DEL,BOM,6E,IndiGo,6E 6814,2026-10-08,30,business,,,21900.0,False,07:15,ok,2026-09-08T02:50:55.511619+05:30,2026-09-08_0250IST,airline_direct,IndiGo
DEL,BOM,6E,IndiGo,6E 6814,2026-10-08,30,economy,,,6431.0,False,07:15,ok,2026-09-08T02:50:55.511619+05:30,2026-09-08_0250IST,airline_direct,IndiGo
DEL,BOM,6E,IndiGo,6E 320,2026-10-08,30,business,,,21900.0,False,08:00,ok,2026-09-08T02:50:55.511619+05:30,2026-09-08_0250IST,airline_direct,IndiGo
DEL,BOM,6E,IndiGo,6E 320,2026-10-08,30,economy,,,6431.0,False,08:00,ok,2026-09-08T02:50:55.511619+05:30,2026-09-08_0250IST,airline_direct,IndiGo
DEL,BOM,6E,IndiGo,6E 329,2026-10-08,30,business,,,21900.0,False,18:00,ok,2026-09-08T02:50:55.511619+05:30,2026-09-08_0250IST,airline_direct,IndiGo
DEL,BOM,6E,IndiGo,6E 329,2026-10-08,30,economy,,,6431.0,False,18:00,ok,2026-09-08T02:50:55.511619+05:30,2026-09-08_0250IST,airline_direct,IndiGo
DEL,BOM,6E,IndiGo,6E 303,2026-10-08,30,business,,,21900.0,False,20:00,ok,2026-09-08T02:50:55.511619+05:30,2026-09-08_0250IST,airline_direct,IndiGo
DEL,BOM,6E,IndiGo,6E 303,2026-10-08,30,economy,,,6431.0,False,20:00,ok,2026-09-08T02:50:55.511619+05:30,2026-09-08_0250IST,airline_direct,IndiGo
DEL,BOM,6E,IndiGo,6E 853,2026-10-08,30,business,,,21900.0,False,20:45,ok,2026-09-08T02:50:55.511619+05:30,2026-09-08_0250IST,airline_direct,IndiGo
DEL,BOM,6E,IndiGo,6E 853,2026-10-08,30,economy,,,6431.0,False,20:45,ok,2026-09-08T02:50:55.511619+05:30,2026-09-08_0250IST,airline_direct,IndiGo
DEL,BOM,6E,IndiGo,6E 395,2026-10-08,30,business,,,21900.0,False,21:45,ok,2026-09-08T02:50:55.511619+05:30,2026-09-08_0250IST,airline_direct,IndiGo
DEL,BOM,6E,IndiGo,6E 395,2026-10-08,30,economy,,,6431.0,False,21:45,ok,2026-09-08T02:50:55.511619+05:30,2026-09-08_0250IST,airline_direct,IndiGo
DEL,BOM,6E,IndiGo,6E 322,2026-10-08,30,business,,,21900.0,False,23:30,ok,2026-09-08T02:50:55.511619+05:30,2026-09-08_0250IST,airline_direct,IndiGo
DEL,BOM,6E,IndiGo,6E 322,2026-10-08,30,economy,,,6431.0,False,23:30,ok,2026-09-08T02:50:55.511619+05:30,2026-09-08_0250IST,airline_direct,IndiGo
DEL,BOM,6E,IndiGo,6E 6114,2026-10-08,30,business,,,21900.0,False,22:45,ok,2026-09-08T02:50:55.511619+05:30,2026-09-08_0250IST,airline_direct,IndiGo
DEL,BOM,6E,IndiGo,6E 6114,2026-10-08,30,economy,,,6688.0,False,22:45,ok,2026-09-08T02:50:55.511619+05:30,2026-09-08_0250IST,airline_direct,IndiGo
DEL,BOM,6E,IndiGo,6E 354,2026-10-08,30,business,,,21900.0,False,19:00,ok,2026-09-08T02:50:55.511619+05:30,2026-09-08_0250IST,airline_direct,IndiGo
DEL,BOM,6E,IndiGo,6E 354,2026-10-08,30,economy,,,7003.0,False,19:00,ok,2026-09-08T02:50:55.511619+05:30,2026-09-08_0250IST,airline_direct,IndiGo
DEL,BOM,6E,IndiGo,6E 6261,2026-10-08,30,economy,,,6090.0,False,00:15,ok,2026-09-08T02:50:55.511619+05:30,2026-09-08_0250IST,airline_direct,IndiGo
DEL,BOM,6E,IndiGo,6E 5119,2026-10-08,30,economy,,,6090.0,False,05:10,ok,2026-09-08T02:50:55.511619+05:30,2026-09-08_0250IST,airline_direct,IndiGo
DEL,BOM,6E,IndiGo,6E 5119,2026-10-08,30,economy,,,6090.0,False,05:10,ok,2026-09-08T02:50:55.511619+05:30,2026-09-08_0250IST,airline_direct,IndiGo
DEL,BOM,6E,IndiGo,6E 2076,2026-10-08,30,economy,,,6090.0,False,07:30,ok,2026-09-08T02:50:55.511619+05:30,2026-09-08_0250IST,airline_direct,IndiGo
DEL,BOM,6E,IndiGo,6E 2331,2026-10-08,30,economy,,,6090.0,False,12:20,ok,2026-09-08T02:50:55.511619+05:30,2026-09-08_0250IST,airline_direct,IndiGo
DEL,BOM,6E,IndiGo,6E 6454,2026-10-08,30,economy,,,6090.0,False,13:50,ok,2026-09-08T02:50:55.511619+05:30,2026-09-08_0250IST,airline_direct,IndiGo
DEL,BOM,6E,IndiGo,6E 2341,2026-10-08,30,economy,,,6090.0,False,14:50,ok,2026-09-08T02:50:55.511619+05:30,2026-09-08_0250IST,airline_direct,IndiGo
DEL,BOM,6E,IndiGo,6E 5073,2026-10-08,30,economy,,,6090.0,False,17:05,ok,2026-09-08T02:50:55.511619+05:30,2026-09-08_0250IST,airline_direct,IndiGo
DEL,BOM,6E,IndiGo,6E 5073,2026-10-08,30,economy,,,6090.0,False,17:05,ok,2026-09-08T02:50:55.511619+05:30,2026-09-08_0250IST,airline_direct,IndiGo
DEL,BOM,6E,IndiGo,6E 2013,2026-10-08,30,economy,,,6090.0,False,21:50,ok,2026-09-08T02:50:55.511619+05:30,2026-09-08_0250IST,airline_direct,IndiGo
DEL,BOM,6E,IndiGo,6E 6569,2026-10-08,30,economy,,,6222.0,False,05:00,ok,2026-09-08T02:50:55.511619+05:30,2026-09-08_0250IST,airline_direct,IndiGo
DEL,BOM,6E,IndiGo,6E 2249,2026-10-08,30,economy,,,6222.0,False,15:00,ok,2026-09-08T02:50:55.511619+05:30,2026-09-08_0250IST,airline_direct,IndiGo
DEL,BOM,6E,IndiGo,6E 6829,2026-10-08,30,economy,,,6222.0,False,17:20,ok,2026-09-08T02:50:55.511619+05:30,2026-09-08_0250IST,airline_direct,IndiGo
DEL,BOM,6E,IndiGo,6E 2113,2026-10-08,30,economy,,,6300.0,False,13:20,ok,2026-09-08T02:50:55.511619+05:30,2026-09-08_0250IST,airline_direct,IndiGo
DEL,BOM,6E,IndiGo,6E 758,2026-10-08,30,economy,,,6300.0,False,16:10,ok,2026-09-08T02:50:55.511619+05:30,2026-09-08_0250IST,airline_direct,IndiGo
DEL,BOM,6E,IndiGo,6E 2151,2026-10-08,30,economy,,,6300.0,False,19:45,ok,2026-09-08T02:50:55.511619+05:30,2026-09-08_0250IST,airline_direct,IndiGo
DEL,BOM,6E,IndiGo,6E 6479,2026-10-08,30,economy,,,6300.0,False,21:25,ok,2026-09-08T02:50:55.511619+05:30,2026-09-08_0250IST,airline_direct,IndiGo
DEL,BOM,6E,IndiGo,6E 357,2026-10-08,30,business,,,35047.0,False,19:30,ok,2026-09-08T02:50:55.511619+05:30,2026-09-08_0250IST,airline_direct,IndiGo
DEL,BOM,6E,IndiGo,6E 357,2026-10-08,30,economy,,,6510.0,False,19:30,ok,2026-09-08T02:50:55.511619+05:30,2026-09-08_0250IST,airline_direct,IndiGo
DEL,BOM,6E,IndiGo,6E 6171,2026-10-08,30,economy,,,6562.0,False,05:40,ok,2026-09-08T02:50:55.511619+05:30,2026-09-08_0250IST,airline_direct,IndiGo
DEL,BOM,6E,IndiGo,6E 6443,2026-10-08,30,economy,,,6693.0,False,09:00,ok,2026-09-08T02:50:55.511619+05:30,2026-09-08_0250IST,airline_direct,IndiGo
DEL,BOM,6E,IndiGo,6E 6433,2026-10-08,30,economy,,,6693.0,False,16:30,ok,2026-09-08T02:50:55.511619+05:30,2026-09-08_0250IST,airline_direct,IndiGo
DEL,BOM,6E,IndiGo,6E 6050,2026-10-08,30,economy,,,6772.0,False,08:15,ok,2026-09-08T02:50:55.511619+05:30,2026-09-08_0250IST,airline_direct,IndiGo
DEL,BOM,6E,IndiGo,6E 6983,2026-10-08,30,economy,,,7080.0,False,15:35,ok,2026-09-08T02:50:55.511619+05:30,2026-09-08_0250IST,airline_direct,IndiGo
DEL,BOM,6E,IndiGo,6E 5014,2026-10-08,30,economy,,,7080.0,False,18:30,ok,2026-09-08T02:50:55.511619+05:30,2026-09-08_0250IST,airline_direct,IndiGo
DEL,BOM,6E,IndiGo,6E 931,2026-10-08,30,economy,,,7080.0,False,19:30,ok,2026-09-08T02:50:55.511619+05:30,2026-09-08_0250IST,airline_direct,IndiGo
DEL,BOM,6E,IndiGo,6E 6459,2026-10-08,30,economy,,,7212.0,False,05:55,ok,2026-09-08T02:50:55.511619+05:30,2026-09-08_0250IST,airline_direct,IndiGo
DEL,BOM,6E,IndiGo,6E 6488,2026-10-08,30,economy,,,7212.0,False,11:20,ok,2026-09-08T02:50:55.511619+05:30,2026-09-08_0250IST,airline_direct,IndiGo
DEL,BOM,6E,IndiGo,6E 6829,2026-10-08,30,economy,,,7212.0,False,17:20,ok,2026-09-08T02:50:55.511619+05:30,2026-09-08_0250IST,airline_direct,IndiGo
DEL,BOM,6E,IndiGo,6E 5138,2026-10-08,30,economy,,,7212.0,False,19:10,ok,2026-09-08T02:50:55.511619+05:30,2026-09-08_0250IST,airline_direct,IndiGo
DEL,BOM,6E,IndiGo,6E 2169,2026-10-08,30,economy,,,7212.0,False,19:20,ok,2026-09-08T02:50:55.511619+05:30,2026-09-08_0250IST,airline_direct,IndiGo
DEL,BOM,6E,IndiGo,6E 358,2026-10-08,30,business,,,36522.0,False,12:10,ok,2026-09-08T02:50:55.511619+05:30,2026-09-08_0250IST,airline_direct,IndiGo
DEL,BOM,6E,IndiGo,6E 358,2026-10-08,30,economy,,,7500.0,False,12:10,ok,2026-09-08T02:50:55.511619+05:30,2026-09-08_0250IST,airline_direct,IndiGo
DEL,BOM,6E,IndiGo,6E 5038,2026-10-08,30,economy,,,7860.0,False,14:00,ok,2026-09-08T02:50:55.511619+05:30,2026-09-08_0250IST,airline_direct,IndiGo
DEL,BOM,6E,IndiGo,6E 704,2026-10-08,30,business,,,29617.0,False,02:25,ok,2026-09-08T02:50:55.511619+05:30,2026-09-08_0250IST,airline_direct,IndiGo
DEL,BOM,6E,IndiGo,6E 704,2026-10-08,30,economy,,,7991.0,False,02:25,ok,2026-09-08T02:50:55.511619+05:30,2026-09-08_0250IST,airline_direct,IndiGo
DEL,BOM,6E,IndiGo,6E 705,2026-10-08,30,business,,,29617.0,False,08:30,ok,2026-09-08T02:50:55.511619+05:30,2026-09-08_0250IST,airline_direct,IndiGo
DEL,BOM,6E,IndiGo,6E 705,2026-10-08,30,economy,,,7991.0,False,08:30,ok,2026-09-08T02:50:55.511619+05:30,2026-09-08_0250IST,airline_direct,IndiGo
DEL,BOM,6E,IndiGo,6E 6293,2026-10-08,30,business,,,29617.0,False,09:55,ok,2026-09-08T02:50:55.511619+05:30,2026-09-08_0250IST,airline_direct,IndiGo
DEL,BOM,6E,IndiGo,6E 6293,2026-10-08,30,economy,,,7991.0,False,09:55,ok,2026-09-08T02:50:55.511619+05:30,2026-09-08_0250IST,airline_direct,IndiGo
DEL,BOM,6E,IndiGo,6E 6282,2026-10-08,30,business,,,29617.0,False,13:30,ok,2026-09-08T02:50:55.511619+05:30,2026-09-08_0250IST,airline_direct,IndiGo
DEL,BOM,6E,IndiGo,6E 6282,2026-10-08,30,economy,,,7991.0,False,13:30,ok,2026-09-08T02:50:55.511619+05:30,2026-09-08_0250IST,airline_direct,IndiGo
DEL,BOM,6E,IndiGo,6E 6601,2026-10-08,30,business,,,29617.0,False,19:45,ok,2026-09-08T02:50:55.511619+05:30,2026-09-08_0250IST,airline_direct,IndiGo
DEL,BOM,6E,IndiGo,6E 6601,2026-10-08,30,economy,,,7991.0,False,19:45,ok,2026-09-08T02:50:55.511619+05:30,2026-09-08_0250IST,airline_direct,IndiGo
DEL,BOM,6E,IndiGo,6E 882,2026-10-08,30,business,,,26583.0,False,23:15,ok,2026-09-08T02:50:55.511619+05:30,2026-09-08_0250IST,airline_direct,IndiGo
DEL,BOM,6E,IndiGo,6E 882,2026-10-08,30,economy,,,7991.0,False,23:15,ok,2026-09-08T02:50:55.511619+05:30,2026-09-08_0250IST,airline_direct,IndiGo
DEL,BOM,6E,IndiGo,6E 2298,2026-10-08,30,economy,,,8276.0,False,09:45,ok,2026-09-08T02:50:55.511619+05:30,2026-09-08_0250IST,airline_direct,IndiGo
DEL,BOM,6E,IndiGo,6E 2496,2026-10-08,30,economy,,,8306.0,False,12:40,ok,2026-09-08T02:50:55.511619+05:30,2026-09-08_0250IST,airline_direct,IndiGo
DEL,BOM,6E,IndiGo,6E 6212,2026-10-08,30,business,,,29617.0,False,14:45,ok,2026-09-08T02:50:55.511619+05:30,2026-09-08_0250IST,airline_direct,IndiGo
DEL,BOM,6E,IndiGo,6E 6212,2026-10-08,30,economy,,,8618.0,False,14:45,ok,2026-09-08T02:50:55.511619+05:30,2026-09-08_0250IST,airline_direct,IndiGo
DEL,BOM,6E,IndiGo,6E 717,2026-10-08,30,business,,,29617.0,False,17:55,ok,2026-09-08T02:50:55.511619+05:30,2026-09-08_0250IST,airline_direct,IndiGo
DEL,BOM,6E,IndiGo,6E 717,2026-10-08,30,economy,,,8618.0,False,17:55,ok,2026-09-08T02:50:55.511619+05:30,2026-09-08_0250IST,airline_direct,IndiGo
DEL,BOM,6E,IndiGo,6E 6497,2026-10-08,30,economy,,,9305.0,False,18:40,ok,2026-09-08T02:50:55.511619+05:30,2026-09-08_0250IST,airline_direct,IndiGo
DEL,BOM,6E,IndiGo,6E 2349,2026-10-08,30,economy,,,9314.0,False,10:55,ok,2026-09-08T02:50:55.511619+05:30,2026-09-08_0250IST,airline_direct,IndiGo
DEL,BOM,6E,IndiGo,6E 5298,2026-10-08,30,economy,,,9931.0,False,09:00,ok,2026-09-08T02:50:55.511619+05:30,2026-09-08_0250IST,airline_direct,IndiGo
DEL,BOM,6E,IndiGo,6E 2381,2026-10-08,30,economy,,,12570.0,False,13:45,ok,2026-09-08T02:50:55.511619+05:30,2026-09-08_0250IST,airline_direct,IndiGo
DEL,BLR,6E,IndiGo,error,2026-10-08,30,unknown,,,,False,unknown,error,2026-09-08T02:52:02.077547+05:30,2026-09-08_0252IST,airline_direct,IndiGo
BOM,BLR,6E,IndiGo,6E 5323,2026-10-08,30,business,,,18948.0,False,01:10,ok,2026-09-08T02:54:19.578162+05:30,2026-09-08_0254IST,airline_direct,IndiGo
BOM,BLR,6E,IndiGo,6E 5323,2026-10-08,30,economy,,,4893.0,False,01:10,ok,2026-09-08T02:54:19.578162+05:30,2026-09-08_0254IST,airline_direct,IndiGo
BOM,BLR,6E,IndiGo,6E 5294,2026-10-08,30,business,,,18948.0,False,04:30,ok,2026-09-08T02:54:19.578162+05:30,2026-09-08_0254IST,airline_direct,IndiGo
BOM,BLR,6E,IndiGo,6E 5294,2026-10-08,30,economy,,,4893.0,False,04:30,ok,2026-09-08T02:54:19.578162+05:30,2026-09-08_0254IST,airline_direct,IndiGo
BOM,BLR,6E,IndiGo,6E 5296,2026-10-08,30,business,,,18948.0,False,06:15,ok,2026-09-08T02:54:19.578162+05:30,2026-09-08_0254IST,airline_direct,IndiGo
BOM,BLR,6E,IndiGo,6E 5296,2026-10-08,30,economy,,,6747.0,False,06:15,ok,2026-09-08T02:54:19.578162+05:30,2026-09-08_0254IST,airline_direct,IndiGo
BOM,BLR,6E,IndiGo,6E 5193,2026-10-08,30,business,,,18948.0,False,07:45,ok,2026-09-08T02:54:19.578162+05:30,2026-09-08_0254IST,airline_direct,IndiGo
BOM,BLR,6E,IndiGo,6E 5193,2026-10-08,30,economy,,,6747.0,False,07:45,ok,2026-09-08T02:54:19.578162+05:30,2026-09-08_0254IST,airline_direct,IndiGo
BOM,BLR,6E,IndiGo,6E 5092,2026-10-08,30,business,,,18948.0,False,09:50,ok,2026-09-08T02:54:19.578162+05:30,2026-09-08_0254IST,airline_direct,IndiGo
BOM,BLR,6E,IndiGo,6E 5092,2026-10-08,30,economy,,,6747.0,False,09:50,ok,2026-09-08T02:54:19.578162+05:30,2026-09-08_0254IST,airline_direct,IndiGo
BOM,BLR,6E,IndiGo,6E 5217,2026-10-08,30,business,,,18948.0,False,11:00,ok,2026-09-08T02:54:19.578162+05:30,2026-09-08_0254IST,airline_direct,IndiGo
BOM,BLR,6E,IndiGo,6E 5217,2026-10-08,30,economy,,,6747.0,False,11:00,ok,2026-09-08T02:54:19.578162+05:30,2026-09-08_0254IST,airline_direct,IndiGo
BOM,BLR,6E,IndiGo,6E 5184,2026-10-08,30,business,,,18948.0,False,12:30,ok,2026-09-08T02:54:19.578162+05:30,2026-09-08_0254IST,airline_direct,IndiGo
BOM,BLR,6E,IndiGo,6E 5184,2026-10-08,30,economy,,,6747.0,False,12:30,ok,2026-09-08T02:54:19.578162+05:30,2026-09-08_0254IST,airline_direct,IndiGo
BOM,BLR,6E,IndiGo,6E 5382,2026-10-08,30,business,,,18948.0,False,14:30,ok,2026-09-08T02:54:19.578162+05:30,2026-09-08_0254IST,airline_direct,IndiGo
BOM,BLR,6E,IndiGo,6E 5382,2026-10-08,30,economy,,,6747.0,False,14:30,ok,2026-09-08T02:54:19.578162+05:30,2026-09-08_0254IST,airline_direct,IndiGo
BOM,BLR,6E,IndiGo,6E 5071,2026-10-08,30,business,,,18948.0,False,15:35,ok,2026-09-08T02:54:19.578162+05:30,2026-09-08_0254IST,airline_direct,IndiGo
BOM,BLR,6E,IndiGo,6E 5071,2026-10-08,30,economy,,,6747.0,False,15:35,ok,2026-09-08T02:54:19.578162+05:30,2026-09-08_0254IST,airline_direct,IndiGo
BOM,BLR,6E,IndiGo,6E 5047,2026-10-08,30,business,,,18948.0,False,18:30,ok,2026-09-08T02:54:19.578162+05:30,2026-09-08_0254IST,airline_direct,IndiGo
BOM,BLR,6E,IndiGo,6E 5047,2026-10-08,30,economy,,,6747.0,False,18:30,ok,2026-09-08T02:54:19.578162+05:30,2026-09-08_0254IST,airline_direct,IndiGo
BOM,BLR,6E,IndiGo,6E 5032,2026-10-08,30,business,,,18948.0,False,19:50,ok,2026-09-08T02:54:19.578162+05:30,2026-09-08_0254IST,airline_direct,IndiGo
BOM,BLR,6E,IndiGo,6E 5032,2026-10-08,30,economy,,,6747.0,False,19:50,ok,2026-09-08T02:54:19.578162+05:30,2026-09-08_0254IST,airline_direct,IndiGo
BOM,BLR,6E,IndiGo,6E 5388,2026-10-08,30,business,,,18948.0,False,22:20,ok,2026-09-08T02:54:19.578162+05:30,2026-09-08_0254IST,airline_direct,IndiGo
BOM,BLR,6E,IndiGo,6E 5388,2026-10-08,30,economy,,,6747.0,False,22:20,ok,2026-09-08T02:54:19.578162+05:30,2026-09-08_0254IST,airline_direct,IndiGo
BOM,BLR,6E,IndiGo,6E 5221,2026-10-08,30,business,,,18948.0,False,17:00,ok,2026-09-08T02:54:19.578162+05:30,2026-09-08_0254IST,airline_direct,IndiGo
BOM,BLR,6E,IndiGo,6E 5221,2026-10-08,30,economy,,,7062.0,False,17:00,ok,2026-09-08T02:54:19.578162+05:30,2026-09-08_0254IST,airline_direct,IndiGo
BOM,BLR,6E,IndiGo,6E 6188,2026-10-08,30,business,,,18948.0,False,21:30,ok,2026-09-08T02:54:19.578162+05:30,2026-09-08_0254IST,airline_direct,IndiGo
BOM,BLR,6E,IndiGo,6E 6188,2026-10-08,30,economy,,,7062.0,False,21:30,ok,2026-09-08T02:54:19.578162+05:30,2026-09-08_0254IST,airline_direct,IndiGo
BOM,BLR,6E,IndiGo,6E 6361,2026-10-08,30,economy,,,5122.0,False,05:00,ok,2026-09-08T02:54:19.578162+05:30,2026-09-08_0254IST,airline_direct,IndiGo
BOM,BLR,6E,IndiGo,6E 5241,2026-10-08,30,economy,,,5122.0,False,16:40,ok,2026-09-08T02:54:19.578162+05:30,2026-09-08_0254IST,airline_direct,IndiGo
BOM,BLR,6E,IndiGo,6E 6187,2026-10-08,30,economy,,,5253.0,False,00:30,ok,2026-09-08T02:54:19.578162+05:30,2026-09-08_0254IST,airline_direct,IndiGo
BOM,BLR,6E,IndiGo,6E 5179,2026-10-08,30,business,,,20036.0,False,02:45,ok,2026-09-08T02:54:19.578162+05:30,2026-09-08_0254IST,airline_direct,IndiGo
BOM,BLR,6E,IndiGo,6E 5179,2026-10-08,30,economy,,,5253.0,False,02:45,ok,2026-09-08T02:54:19.578162+05:30,2026-09-08_0254IST,airline_direct,IndiGo
BOM,BLR,6E,IndiGo,6E 5179,2026-10-08,30,business,,,20036.0,False,02:45,ok,2026-09-08T02:54:19.578162+05:30,2026-09-08_0254IST,airline_direct,IndiGo
BOM,BLR,6E,IndiGo,6E 5179,2026-10-08,30,economy,,,5253.0,False,02:45,ok,2026-09-08T02:54:19.578162+05:30,2026-09-08_0254IST,airline_direct,IndiGo
BOM,BLR,6E,IndiGo,6E 5318,2026-10-08,30,business,,,20036.0,False,10:15,ok,2026-09-08T02:54:19.578162+05:30,2026-09-08_0254IST,airline_direct,IndiGo
BOM,BLR,6E,IndiGo,6E 5318,2026-10-08,30,economy,,,5253.0,False,10:15,ok,2026-09-08T02:54:19.578162+05:30,2026-09-08_0254IST,airline_direct,IndiGo
BOM,BLR,6E,IndiGo,6E 5318,2026-10-08,30,business,,,20441.0,False,10:15,ok,2026-09-08T02:54:19.578162+05:30,2026-09-08_0254IST,airline_direct,IndiGo
BOM,BLR,6E,IndiGo,6E 5318,2026-10-08,30,economy,,,5253.0,False,10:15,ok,2026-09-08T02:54:19.578162+05:30,2026-09-08_0254IST,airline_direct,IndiGo
BOM,BLR,6E,IndiGo,6E 5178,2026-10-08,30,business,,,20036.0,False,11:45,ok,2026-09-08T02:54:19.578162+05:30,2026-09-08_0254IST,airline_direct,IndiGo
BOM,BLR,6E,IndiGo,6E 5178,2026-10-08,30,economy,,,5253.0,False,11:45,ok,2026-09-08T02:54:19.578162+05:30,2026-09-08_0254IST,airline_direct,IndiGo
BOM,BLR,6E,IndiGo,6E 5178,2026-10-08,30,business,,,20441.0,False,11:45,ok,2026-09-08T02:54:19.578162+05:30,2026-09-08_0254IST,airline_direct,IndiGo
BOM,BLR,6E,IndiGo,6E 5178,2026-10-08,30,economy,,,5253.0,False,11:45,ok,2026-09-08T02:54:19.578162+05:30,2026-09-08_0254IST,airline_direct,IndiGo
BOM,BLR,6E,IndiGo,6E 5123,2026-10-08,30,economy,,,5384.0,False,14:40,ok,2026-09-08T02:54:19.578162+05:30,2026-09-08_0254IST,airline_direct,IndiGo
BOM,BLR,6E,IndiGo,6E 2016,2026-10-08,30,economy,,,5463.0,False,13:35,ok,2026-09-08T02:54:19.578162+05:30,2026-09-08_0254IST,airline_direct,IndiGo
BOM,BLR,6E,IndiGo,6E 2237,2026-10-08,30,economy,,,5463.0,False,18:40,ok,2026-09-08T02:54:19.578162+05:30,2026-09-08_0254IST,airline_direct,IndiGo
BOM,BLR,6E,IndiGo,6E 5107,2026-10-08,30,economy,,,5463.0,False,20:00,ok,2026-09-08T02:54:19.578162+05:30,2026-09-08_0254IST,airline_direct,IndiGo
BOM,BLR,6E,IndiGo,6E 261,2026-10-08,30,economy,,,5499.0,False,11:20,ok,2026-09-08T02:54:19.578162+05:30,2026-09-08_0254IST,airline_direct,IndiGo
BOM,BLR,6E,IndiGo,6E 230,2026-10-08,30,economy,,,5499.0,False,13:55,ok,2026-09-08T02:54:19.578162+05:30,2026-09-08_0254IST,airline_direct,IndiGo
BOM,BLR,6E,IndiGo,6E 5386,2026-10-08,30,business,,,20441.0,False,15:10,ok,2026-09-08T02:54:19.578162+05:30,2026-09-08_0254IST,airline_direct,IndiGo
BOM,BLR,6E,IndiGo,6E 5386,2026-10-08,30,economy,,,5630.0,False,15:10,ok,2026-09-08T02:54:19.578162+05:30,2026-09-08_0254IST,airline_direct,IndiGo
BOM,BLR,6E,IndiGo,6E 5228,2026-10-08,30,business,,,20036.0,False,16:45,ok,2026-09-08T02:54:19.578162+05:30,2026-09-08_0254IST,airline_direct,IndiGo
BOM,BLR,6E,IndiGo,6E 5228,2026-10-08,30,economy,,,5630.0,False,16:45,ok,2026-09-08T02:54:19.578162+05:30,2026-09-08_0254IST,airline_direct,IndiGo
BOM,BLR,6E,IndiGo,6E 911,2026-10-08,30,economy,,,5840.0,False,01:30,ok,2026-09-08T02:54:19.578162+05:30,2026-09-08_0254IST,airline_direct,IndiGo
BOM,BLR,6E,IndiGo,6E 136,2026-10-08,30,economy,,,5840.0,False,04:05,ok,2026-09-08T02:54:19.578162+05:30,2026-09-08_0254IST,airline_direct,IndiGo
BOM,BLR,6E,IndiGo,6E 136,2026-10-08,30,economy,,,5840.0,False,04:05,ok,2026-09-08T02:54:19.578162+05:30,2026-09-08_0254IST,airline_direct,IndiGo
BOM,BLR,6E,IndiGo,6E 5188,2026-10-08,30,economy,,,5840.0,False,06:15,ok,2026-09-08T02:54:19.578162+05:30,2026-09-08_0254IST,airline_direct,IndiGo
BOM,BLR,6E,IndiGo,6E 5109,2026-10-08,30,economy,,,5840.0,False,09:35,ok,2026-09-08T02:54:19.578162+05:30,2026-09-08_0254IST,airline_direct,IndiGo
BOM,BLR,6E,IndiGo,6E 5313,2026-10-08,30,economy,,,5840.0,False,09:50,ok,2026-09-08T02:54:19.578162+05:30,2026-09-08_0254IST,airline_direct,IndiGo
BOM,BLR,6E,IndiGo,6E 673,2026-10-08,30,economy,,,5840.0,False,12:30,ok,2026-09-08T02:54:19.578162+05:30,2026-09-08_0254IST,airline_direct,IndiGo
BOM,BLR,6E,IndiGo,6E 5337,2026-10-08,30,economy,,,5840.0,False,13:45,ok,2026-09-08T02:54:19.578162+05:30,2026-09-08_0254IST,airline_direct,IndiGo
BOM,BLR,6E,IndiGo,6E 5337,2026-10-08,30,economy,,,5840.0,False,13:45,ok,2026-09-08T02:54:19.578162+05:30,2026-09-08_0254IST,airline_direct,IndiGo
BOM,BLR,6E,IndiGo,6E 5196,2026-10-08,30,economy,,,5840.0,False,15:25,ok,2026-09-08T02:54:19.578162+05:30,2026-09-08_0254IST,airline_direct,IndiGo
BOM,BLR,6E,IndiGo,6E 5196,2026-10-08,30,economy,,,5840.0,False,15:25,ok,2026-09-08T02:54:19.578162+05:30,2026-09-08_0254IST,airline_direct,IndiGo
BOM,BLR,6E,IndiGo,6E 240,2026-10-08,30,economy,,,5840.0,False,15:45,ok,2026-09-08T02:54:19.578162+05:30,2026-09-08_0254IST,airline_direct,IndiGo
BOM,BLR,6E,IndiGo,6E 437,2026-10-08,30,economy,,,5840.0,False,17:10,ok,2026-09-08T02:54:19.578162+05:30,2026-09-08_0254IST,airline_direct,IndiGo
BOM,BLR,6E,IndiGo,6E 5048,2026-10-08,30,economy,,,5840.0,False,17:25,ok,2026-09-08T02:54:19.578162+05:30,2026-09-08_0254IST,airline_direct,IndiGo
BOM,BLR,6E,IndiGo,6E 5152,2026-10-08,30,economy,,,5840.0,False,23:10,ok,2026-09-08T02:54:19.578162+05:30,2026-09-08_0254IST,airline_direct,IndiGo
BOM,BLR,6E,IndiGo,6E 5082,2026-10-08,30,economy,,,5913.0,False,18:05,ok,2026-09-08T02:54:19.578162+05:30,2026-09-08_0254IST,airline_direct,IndiGo
BOM,BLR,6E,IndiGo,6E 6057,2026-10-08,30,economy,,,6045.0,False,09:15,ok,2026-09-08T02:54:19.578162+05:30,2026-09-08_0254IST,airline_direct,IndiGo
BOM,BLR,6E,IndiGo,6E 6701,2026-10-08,30,economy,,,6255.0,False,05:35,ok,2026-09-08T02:54:19.578162+05:30,2026-09-08_0254IST,airline_direct,IndiGo
BOM,BLR,6E,IndiGo,6E 5126,2026-10-08,30,economy,,,6255.0,False,18:15,ok,2026-09-08T02:54:19.578162+05:30,2026-09-08_0254IST,airline_direct,IndiGo
BOM,BLR,6E,IndiGo,6E 261,2026-10-08,30,economy,,,6369.0,False,11:20,ok,2026-09-08T02:54:19.578162+05:30,2026-09-08_0254IST,airline_direct,IndiGo
BOM,BLR,6E,IndiGo,6E 5386,2026-10-08,30,business,,,23183.0,False,15:10,ok,2026-09-08T02:54:19.578162+05:30,2026-09-08_0254IST,airline_direct,IndiGo
BOM,BLR,6E,IndiGo,6E 5386,2026-10-08,30,economy,,,6500.0,False,15:10,ok,2026-09-08T02:54:19.578162+05:30,2026-09-08_0254IST,airline_direct,IndiGo
BOM,BLR,6E,IndiGo,6E 5228,2026-10-08,30,business,,,23183.0,False,16:45,ok,2026-09-08T02:54:19.578162+05:30,2026-09-08_0254IST,airline_direct,IndiGo
BOM,BLR,6E,IndiGo,6E 5228,2026-10-08,30,economy,,,6500.0,False,16:45,ok,2026-09-08T02:54:19.578162+05:30,2026-09-08_0254IST,airline_direct,IndiGo
BOM,BLR,6E,IndiGo,6E 5313,2026-10-08,30,economy,,,6710.0,False,09:50,ok,2026-09-08T02:54:19.578162+05:30,2026-09-08_0254IST,airline_direct,IndiGo
BOM,BLR,6E,IndiGo,6E 6349,2026-10-08,30,economy,,,6710.0,False,11:40,ok,2026-09-08T02:54:19.578162+05:30,2026-09-08_0254IST,airline_direct,IndiGo
BOM,BLR,6E,IndiGo,6E 6349,2026-10-08,30,economy,,,6710.0,False,11:40,ok,2026-09-08T02:54:19.578162+05:30,2026-09-08_0254IST,airline_direct,IndiGo
BOM,BLR,6E,IndiGo,6E 2284,2026-10-08,30,economy,,,6710.0,False,12:05,ok,2026-09-08T02:54:19.578162+05:30,2026-09-08_0254IST,airline_direct,IndiGo
BOM,BLR,6E,IndiGo,6E 5181,2026-10-08,30,economy,,,6842.0,False,10:25,ok,2026-09-08T02:54:19.578162+05:30,2026-09-08_0254IST,airline_direct,IndiGo
BOM,BLR,6E,IndiGo,6E 632,2026-10-08,30,economy,,,7210.0,False,04:00,ok,2026-09-08T02:54:19.578162+05:30,2026-09-08_0254IST,airline_direct,IndiGo
BOM,BLR,6E,IndiGo,6E 5204,2026-10-08,30,economy,,,7210.0,False,08:15,ok,2026-09-08T02:54:19.578162+05:30,2026-09-08_0254IST,airline_direct,IndiGo
BOM,BLR,6E,IndiGo,6E 6674,2026-10-08,30,economy,,,7551.0,False,09:05,ok,2026-09-08T02:54:19.578162+05:30,2026-09-08_0254IST,airline_direct,IndiGo
DEL,CCU,6E,IndiGo,error,2026-10-08,30,unknown,,,,False,unknown,error,2026-09-08T02:55:35.724267+05:30,2026-09-08_0255IST,airline_direct,IndiGo
BLR,HYD,6E,IndiGo,error,2026-10-08,30,unknown,,,,False,unknown,error,2026-09-08T02:57:56.637741+05:30,2026-09-08_0257IST,airline_direct,IndiGo
MAA,DEL,6E,IndiGo,6E 937,2026-10-08,30,business,,,24700.0,False,06:30,ok,2026-09-08T03:00:09.490049+05:30,2026-09-08_0300IST,airline_direct,IndiGo
MAA,DEL,6E,IndiGo,6E 937,2026-10-08,30,economy,,,9830.0,False,06:30,ok,2026-09-08T03:00:09.490049+05:30,2026-09-08_0300IST,airline_direct,IndiGo
MAA,DEL,6E,IndiGo,6E 404,2026-10-08,30,business,,,24700.0,False,09:15,ok,2026-09-08T03:00:09.490049+05:30,2026-09-08_0300IST,airline_direct,IndiGo
MAA,DEL,6E,IndiGo,6E 404,2026-10-08,30,economy,,,9830.0,False,09:15,ok,2026-09-08T03:00:09.490049+05:30,2026-09-08_0300IST,airline_direct,IndiGo
MAA,DEL,6E,IndiGo,6E 6002,2026-10-08,30,business,,,24700.0,False,11:10,ok,2026-09-08T03:00:09.490049+05:30,2026-09-08_0300IST,airline_direct,IndiGo
MAA,DEL,6E,IndiGo,6E 6002,2026-10-08,30,economy,,,9830.0,False,11:10,ok,2026-09-08T03:00:09.490049+05:30,2026-09-08_0300IST,airline_direct,IndiGo
MAA,DEL,6E,IndiGo,6E 939,2026-10-08,30,business,,,24700.0,False,13:00,ok,2026-09-08T03:00:09.490049+05:30,2026-09-08_0300IST,airline_direct,IndiGo
MAA,DEL,6E,IndiGo,6E 939,2026-10-08,30,economy,,,9830.0,False,13:00,ok,2026-09-08T03:00:09.490049+05:30,2026-09-08_0300IST,airline_direct,IndiGo
MAA,DEL,6E,IndiGo,6E 948,2026-10-08,30,business,,,24700.0,False,14:30,ok,2026-09-08T03:00:09.490049+05:30,2026-09-08_0300IST,airline_direct,IndiGo
MAA,DEL,6E,IndiGo,6E 948,2026-10-08,30,economy,,,9830.0,False,14:30,ok,2026-09-08T03:00:09.490049+05:30,2026-09-08_0300IST,airline_direct,IndiGo
MAA,DEL,6E,IndiGo,6E 613,2026-10-08,30,business,,,24700.0,False,19:00,ok,2026-09-08T03:00:09.490049+05:30,2026-09-08_0300IST,airline_direct,IndiGo
MAA,DEL,6E,IndiGo,6E 613,2026-10-08,30,economy,,,9830.0,False,19:00,ok,2026-09-08T03:00:09.490049+05:30,2026-09-08_0300IST,airline_direct,IndiGo
MAA,DEL,6E,IndiGo,6E 951,2026-10-08,30,business,,,24700.0,False,21:50,ok,2026-09-08T03:00:09.490049+05:30,2026-09-08_0300IST,airline_direct,IndiGo
MAA,DEL,6E,IndiGo,6E 951,2026-10-08,30,economy,,,9830.0,False,21:50,ok,2026-09-08T03:00:09.490049+05:30,2026-09-08_0300IST,airline_direct,IndiGo
MAA,DEL,6E,IndiGo,6E 2369,2026-10-08,30,business,,,24700.0,False,23:45,ok,2026-09-08T03:00:09.490049+05:30,2026-09-08_0300IST,airline_direct,IndiGo
MAA,DEL,6E,IndiGo,6E 2369,2026-10-08,30,economy,,,9830.0,False,23:45,ok,2026-09-08T03:00:09.490049+05:30,2026-09-08_0300IST,airline_direct,IndiGo
MAA,DEL,6E,IndiGo,6E 953,2026-10-08,30,business,,,24700.0,False,02:45,ok,2026-09-08T03:00:09.490049+05:30,2026-09-08_0300IST,airline_direct,IndiGo
MAA,DEL,6E,IndiGo,6E 953,2026-10-08,30,economy,,,10295.0,False,02:45,ok,2026-09-08T03:00:09.490049+05:30,2026-09-08_0300IST,airline_direct,IndiGo
MAA,DEL,6E,IndiGo,6E 698,2026-10-08,30,business,,,24700.0,False,16:45,ok,2026-09-08T03:00:09.490049+05:30,2026-09-08_0300IST,airline_direct,IndiGo
MAA,DEL,6E,IndiGo,6E 698,2026-10-08,30,economy,,,10295.0,False,16:45,ok,2026-09-08T03:00:09.490049+05:30,2026-09-08_0300IST,airline_direct,IndiGo
MAA,DEL,6E,IndiGo,6E 6797,2026-10-08,30,economy,,,8720.0,False,13:10,ok,2026-09-08T03:00:09.490049+05:30,2026-09-08_0300IST,airline_direct,IndiGo
MAA,DEL,6E,IndiGo,6E 253,2026-10-08,30,business,,,28061.0,False,03:10,ok,2026-09-08T03:00:09.490049+05:30,2026-09-08_0300IST,airline_direct,IndiGo
MAA,DEL,6E,IndiGo,6E 253,2026-10-08,30,economy,,,8930.0,False,03:10,ok,2026-09-08T03:00:09.490049+05:30,2026-09-08_0300IST,airline_direct,IndiGo
MAA,DEL,6E,IndiGo,6E 244,2026-10-08,30,economy,,,8930.0,False,03:55,ok,2026-09-08T03:00:09.490049+05:30,2026-09-08_0300IST,airline_direct,IndiGo
MAA,DEL,6E,IndiGo,6E 607,2026-10-08,30,business,,,28061.0,False,05:40,ok,2026-09-08T03:00:09.490049+05:30,2026-09-08_0300IST,airline_direct,IndiGo
MAA,DEL,6E,IndiGo,6E 607,2026-10-08,30,economy,,,8930.0,False,05:40,ok,2026-09-08T03:00:09.490049+05:30,2026-09-08_0300IST,airline_direct,IndiGo
MAA,DEL,6E,IndiGo,6E 495,2026-10-08,30,economy,,,8930.0,False,07:10,ok,2026-09-08T03:00:09.490049+05:30,2026-09-08_0300IST,airline_direct,IndiGo
MAA,DEL,6E,IndiGo,6E 401,2026-10-08,30,economy,,,8930.0,False,08:10,ok,2026-09-08T03:00:09.490049+05:30,2026-09-08_0300IST,airline_direct,IndiGo
MAA,DEL,6E,IndiGo,6E 991,2026-10-08,30,economy,,,8930.0,False,09:30,ok,2026-09-08T03:00:09.490049+05:30,2026-09-08_0300IST,airline_direct,IndiGo
MAA,DEL,6E,IndiGo,6E 372,2026-10-08,30,economy,,,8930.0,False,09:55,ok,2026-09-08T03:00:09.490049+05:30,2026-09-08_0300IST,airline_direct,IndiGo
MAA,DEL,6E,IndiGo,6E 6079,2026-10-08,30,economy,,,8930.0,False,10:15,ok,2026-09-08T03:00:09.490049+05:30,2026-09-08_0300IST,airline_direct,IndiGo
MAA,DEL,6E,IndiGo,6E 502,2026-10-08,30,business,,,28533.0,False,11:10,ok,2026-09-08T03:00:09.490049+05:30,2026-09-08_0300IST,airline_direct,IndiGo
MAA,DEL,6E,IndiGo,6E 502,2026-10-08,30,economy,,,8930.0,False,11:10,ok,2026-09-08T03:00:09.490049+05:30,2026-09-08_0300IST,airline_direct,IndiGo
MAA,DEL,6E,IndiGo,6E 6925,2026-10-08,30,economy,,,8930.0,False,12:00,ok,2026-09-08T03:00:09.490049+05:30,2026-09-08_0300IST,airline_direct,IndiGo
MAA,DEL,6E,IndiGo,6E 6158,2026-10-08,30,economy,,,8930.0,False,16:10,ok,2026-09-08T03:00:09.490049+05:30,2026-09-08_0300IST,airline_direct,IndiGo
MAA,DEL,6E,IndiGo,6E 848,2026-10-08,30,economy,,,8930.0,False,17:50,ok,2026-09-08T03:00:09.490049+05:30,2026-09-08_0300IST,airline_direct,IndiGo
MAA,DEL,6E,IndiGo,6E 562,2026-10-08,30,economy,,,8930.0,False,18:20,ok,2026-09-08T03:00:09.490049+05:30,2026-09-08_0300IST,airline_direct,IndiGo
MAA,DEL,6E,IndiGo,6E 193,2026-10-08,30,economy,,,8930.0,False,20:00,ok,2026-09-08T03:00:09.490049+05:30,2026-09-08_0300IST,airline_direct,IndiGo
MAA,DEL,6E,IndiGo,6E 6487,2026-10-08,30,economy,,,8930.0,False,21:25,ok,2026-09-08T03:00:09.490049+05:30,2026-09-08_0300IST,airline_direct,IndiGo
MAA,DEL,6E,IndiGo,6E 561,2026-10-08,30,business,,,28061.0,False,22:20,ok,2026-09-08T03:00:09.490049+05:30,2026-09-08_0300IST,airline_direct,IndiGo
MAA,DEL,6E,IndiGo,6E 561,2026-10-08,30,economy,,,8930.0,False,22:20,ok,2026-09-08T03:00:09.490049+05:30,2026-09-08_0300IST,airline_direct,IndiGo
MAA,DEL,6E,IndiGo,6E 6081,2026-10-08,30,economy,,,9009.0,False,07:05,ok,2026-09-08T03:00:09.490049+05:30,2026-09-08_0300IST,airline_direct,IndiGo
MAA,DEL,6E,IndiGo,6E 6081,2026-10-08,30,economy,,,9009.0,False,07:05,ok,2026-09-08T03:00:09.490049+05:30,2026-09-08_0300IST,airline_direct,IndiGo
MAA,DEL,6E,IndiGo,6E 6815,2026-10-08,30,economy,,,9009.0,False,08:55,ok,2026-09-08T03:00:09.490049+05:30,2026-09-08_0300IST,airline_direct,IndiGo
MAA,DEL,6E,IndiGo,6E 6892,2026-10-08,30,economy,,,9009.0,False,10:55,ok,2026-09-08T03:00:09.490049+05:30,2026-09-08_0300IST,airline_direct,IndiGo
MAA,DEL,6E,IndiGo,6E 6892,2026-10-08,30,economy,,,9009.0,False,10:55,ok,2026-09-08T03:00:09.490049+05:30,2026-09-08_0300IST,airline_direct,IndiGo
MAA,DEL,6E,IndiGo,6E 6209,2026-10-08,30,economy,,,9009.0,False,14:35,ok,2026-09-08T03:00:09.490049+05:30,2026-09-08_0300IST,airline_direct,IndiGo
MAA,DEL,6E,IndiGo,6E 6209,2026-10-08,30,economy,,,9009.0,False,14:35,ok,2026-09-08T03:00:09.490049+05:30,2026-09-08_0300IST,airline_direct,IndiGo
MAA,DEL,6E,IndiGo,6E 365,2026-10-08,30,economy,,,9009.0,False,17:45,ok,2026-09-08T03:00:09.490049+05:30,2026-09-08_0300IST,airline_direct,IndiGo
MAA,DEL,6E,IndiGo,6E 189,2026-10-08,30,economy,,,9009.0,False,19:05,ok,2026-09-08T03:00:09.490049+05:30,2026-09-08_0300IST,airline_direct,IndiGo
MAA,DEL,6E,IndiGo,6E 6812,2026-10-08,30,economy,,,9009.0,False,20:00,ok,2026-09-08T03:00:09.490049+05:30,2026-09-08_0300IST,airline_direct,IndiGo
MAA,DEL,6E,IndiGo,6E 796,2026-10-08,30,economy,,,9009.0,False,22:00,ok,2026-09-08T03:00:09.490049+05:30,2026-09-08_0300IST,airline_direct,IndiGo
MAA,DEL,6E,IndiGo,6E 6140,2026-10-08,30,business,,,29944.0,False,02:30,ok,2026-09-08T03:00:09.490049+05:30,2026-09-08_0300IST,airline_direct,IndiGo
MAA,DEL,6E,IndiGo,6E 6140,2026-10-08,30,economy,,,9140.0,False,02:30,ok,2026-09-08T03:00:09.490049+05:30,2026-09-08_0300IST,airline_direct,IndiGo
MAA,DEL,6E,IndiGo,6E 6140,2026-10-08,30,business,,,29944.0,False,02:30,ok,2026-09-08T03:00:09.490049+05:30,2026-09-08_0300IST,airline_direct,IndiGo
MAA,DEL,6E,IndiGo,6E 6140,2026-10-08,30,economy,,,9140.0,False,02:30,ok,2026-09-08T03:00:09.490049+05:30,2026-09-08_0300IST,airline_direct,IndiGo
MAA,DEL,6E,IndiGo,6E 5093,2026-10-08,30,business,,,35375.0,False,05:00,ok,2026-09-08T03:00:09.490049+05:30,2026-09-08_0300IST,airline_direct,IndiGo
MAA,DEL,6E,IndiGo,6E 5093,2026-10-08,30,economy,,,9140.0,False,05:00,ok,2026-09-08T03:00:09.490049+05:30,2026-09-08_0300IST,airline_direct,IndiGo
MAA,DEL,6E,IndiGo,6E 321,2026-10-08,30,business,,,31512.0,False,08:20,ok,2026-09-08T03:00:09.490049+05:30,2026-09-08_0300IST,airline_direct,IndiGo
MAA,DEL,6E,IndiGo,6E 321,2026-10-08,30,economy,,,9140.0,False,08:20,ok,2026-09-08T03:00:09.490049+05:30,2026-09-08_0300IST,airline_direct,IndiGo
MAA,DEL,6E,IndiGo,6E 5258,2026-10-08,30,business,,,35375.0,False,12:45,ok,2026-09-08T03:00:09.490049+05:30,2026-09-08_0300IST,airline_direct,IndiGo
MAA,DEL,6E,IndiGo,6E 5258,2026-10-08,30,economy,,,9140.0,False,12:45,ok,2026-09-08T03:00:09.490049+05:30,2026-09-08_0300IST,airline_direct,IndiGo
MAA,DEL,6E,IndiGo,6E 5371,2026-10-08,30,business,,,38974.0,False,14:45,ok,2026-09-08T03:00:09.490049+05:30,2026-09-08_0300IST,airline_direct,IndiGo
MAA,DEL,6E,IndiGo,6E 5371,2026-10-08,30,economy,,,9140.0,False,14:45,ok,2026-09-08T03:00:09.490049+05:30,2026-09-08_0300IST,airline_direct,IndiGo
MAA,DEL,6E,IndiGo,6E 6113,2026-10-08,30,economy,,,9140.0,False,17:00,ok,2026-09-08T03:00:09.490049+05:30,2026-09-08_0300IST,airline_direct,IndiGo
MAA,DEL,6E,IndiGo,6E 5367,2026-10-08,30,business,,,35375.0,False,18:15,ok,2026-09-08T03:00:09.490049+05:30,2026-09-08_0300IST,airline_direct,IndiGo
MAA,DEL,6E,IndiGo,6E 5367,2026-10-08,30,economy,,,9140.0,False,18:15,ok,2026-09-08T03:00:09.490049+05:30,2026-09-08_0300IST,airline_direct,IndiGo
MAA,DEL,6E,IndiGo,6E 6225,2026-10-08,30,business,,,35375.0,False,22:30,ok,2026-09-08T03:00:09.490049+05:30,2026-09-08_0300IST,airline_direct,IndiGo
MAA,DEL,6E,IndiGo,6E 6225,2026-10-08,30,economy,,,9140.0,False,22:30,ok,2026-09-08T03:00:09.490049+05:30,2026-09-08_0300IST,airline_direct,IndiGo
MAA,DEL,6E,IndiGo,6E 834,2026-10-08,30,economy,,,9619.0,False,09:05,ok,2026-09-08T03:00:09.490049+05:30,2026-09-08_0300IST,airline_direct,IndiGo
MAA,DEL,6E,IndiGo,6E 834,2026-10-08,30,economy,,,9619.0,False,09:05,ok,2026-09-08T03:00:09.490049+05:30,2026-09-08_0300IST,airline_direct,IndiGo
MAA,DEL,6E,IndiGo,6E 6348,2026-10-08,30,business,,,35375.0,False,09:00,ok,2026-09-08T03:00:09.490049+05:30,2026-09-08_0300IST,airline_direct,IndiGo
MAA,DEL,6E,IndiGo,6E 6348,2026-10-08,30,economy,,,9829.0,False,09:00,ok,2026-09-08T03:00:09.490049+05:30,2026-09-08_0300IST,airline_direct,IndiGo
MAA,DEL,6E,IndiGo,6E 6348,2026-10-08,30,business,,,35375.0,False,09:00,ok,2026-09-08T03:00:09.490049+05:30,2026-09-08_0300IST,airline_direct,IndiGo
MAA,DEL,6E,IndiGo,6E 6348,2026-10-08,30,economy,,,9829.0,False,09:00,ok,2026-09-08T03:00:09.490049+05:30,2026-09-08_0300IST,airline_direct,IndiGo
MAA,DEL,6E,IndiGo,6E 597,2026-10-08,30,economy,,,9986.0,False,17:45,ok,2026-09-08T03:00:09.490049+05:30,2026-09-08_0300IST,airline_direct,IndiGo
MAA,DEL,6E,IndiGo,6E 973,2026-10-08,30,business,,,38487.0,False,11:55,ok,2026-09-08T03:00:09.490049+05:30,2026-09-08_0300IST,airline_direct,IndiGo
MAA,DEL,6E,IndiGo,6E 973,2026-10-08,30,economy,,,10376.0,False,11:55,ok,2026-09-08T03:00:09.490049+05:30,2026-09-08_0300IST,airline_direct,IndiGo
MAA,DEL,6E,IndiGo,6E 847,2026-10-08,30,economy,,,10454.0,False,16:15,ok,2026-09-08T03:00:09.490049+05:30,2026-09-08_0300IST,airline_direct,IndiGo
MAA,DEL,6E,IndiGo,6E 5214,2026-10-08,30,business,,,35375.0,False,11:00,ok,2026-09-08T03:00:09.490049+05:30,2026-09-08_0300IST,airline_direct,IndiGo
MAA,DEL,6E,IndiGo,6E 5214,2026-10-08,30,economy,,,10586.0,False,11:00,ok,2026-09-08T03:00:09.490049+05:30,2026-09-08_0300IST,airline_direct,IndiGo
MAA,DEL,6E,IndiGo,6E 986,2026-10-08,30,business,,,32928.0,False,15:05,ok,2026-09-08T03:00:09.490049+05:30,2026-09-08_0300IST,airline_direct,IndiGo
MAA,DEL,6E,IndiGo,6E 986,2026-10-08,30,economy,,,10586.0,False,15:05,ok,2026-09-08T03:00:09.490049+05:30,2026-09-08_0300IST,airline_direct,IndiGo
MAA,DEL,6E,IndiGo,6E 588,2026-10-08,30,business,,,37661.0,False,17:40,ok,2026-09-08T03:00:09.490049+05:30,2026-09-08_0300IST,airline_direct,IndiGo
MAA,DEL,6E,IndiGo,6E 588,2026-10-08,30,economy,,,11418.0,False,17:40,ok,2026-09-08T03:00:09.490049+05:30,2026-09-08_0300IST,airline_direct,IndiGo
MAA,DEL,6E,IndiGo,6E 7084,2026-10-08,30,economy,,,12998.0,False,07:20,ok,2026-09-08T03:00:09.490049+05:30,2026-09-08_0300IST,airline_direct,IndiGo
MAA,DEL,6E,IndiGo,6E 539,2026-10-08,30,economy,,,14234.0,False,11:25,ok,2026-09-08T03:00:09.490049+05:30,2026-09-08_0300IST,airline_direct,IndiGo
DEL,BOM,6E,IndiGo,error,2026-10-23,45,unknown,,,,False,unknown,error,2026-09-08T03:01:20.935265+05:30,2026-09-08_0301IST,airline_direct,IndiGo
DEL,BLR,6E,IndiGo,6E 871,2026-10-23,45,business,,,26048.0,False,23:30,ok,2026-09-08T03:03:34.675609+05:30,2026-09-08_0303IST,airline_direct,IndiGo
DEL,BLR,6E,IndiGo,6E 871,2026-10-23,45,economy,,,10669.0,False,23:30,ok,2026-09-08T03:03:34.675609+05:30,2026-09-08_0303IST,airline_direct,IndiGo
DEL,BLR,6E,IndiGo,6E 6054,2026-10-23,45,business,,,26048.0,False,01:05,ok,2026-09-08T03:03:34.675609+05:30,2026-09-08_0303IST,airline_direct,IndiGo
DEL,BLR,6E,IndiGo,6E 6054,2026-10-23,45,economy,,,11170.0,False,01:05,ok,2026-09-08T03:03:34.675609+05:30,2026-09-08_0303IST,airline_direct,IndiGo
DEL,BLR,6E,IndiGo,6E 820,2026-10-23,45,business,,,26048.0,False,03:00,ok,2026-09-08T03:03:34.675609+05:30,2026-09-08_0303IST,airline_direct,IndiGo
DEL,BLR,6E,IndiGo,6E 820,2026-10-23,45,economy,,,11170.0,False,03:00,ok,2026-09-08T03:03:34.675609+05:30,2026-09-08_0303IST,airline_direct,IndiGo
DEL,BLR,6E,IndiGo,6E 2314,2026-10-23,45,business,,,26048.0,False,05:45,ok,2026-09-08T03:03:34.675609+05:30,2026-09-08_0303IST,airline_direct,IndiGo
DEL,BLR,6E,IndiGo,6E 2314,2026-10-23,45,economy,,,11170.0,False,05:45,ok,2026-09-08T03:03:34.675609+05:30,2026-09-08_0303IST,airline_direct,IndiGo
DEL,BLR,6E,IndiGo,6E 810,2026-10-23,45,business,,,26048.0,False,07:05,ok,2026-09-08T03:03:34.675609+05:30,2026-09-08_0303IST,airline_direct,IndiGo
DEL,BLR,6E,IndiGo,6E 810,2026-10-23,45,economy,,,11170.0,False,07:05,ok,2026-09-08T03:03:34.675609+05:30,2026-09-08_0303IST,airline_direct,IndiGo
DEL,BLR,6E,IndiGo,6E 873,2026-10-23,45,business,,,26048.0,False,08:20,ok,2026-09-08T03:03:34.675609+05:30,2026-09-08_0303IST,airline_direct,IndiGo
DEL,BLR,6E,IndiGo,6E 873,2026-10-23,45,economy,,,11170.0,False,08:20,ok,2026-09-08T03:03:34.675609+05:30,2026-09-08_0303IST,airline_direct,IndiGo
DEL,BLR,6E,IndiGo,6E 826,2026-10-23,45,business,,,26048.0,False,09:30,ok,2026-09-08T03:03:34.675609+05:30,2026-09-08_0303IST,airline_direct,IndiGo
DEL,BLR,6E,IndiGo,6E 826,2026-10-23,45,economy,,,11170.0,False,09:30,ok,2026-09-08T03:03:34.675609+05:30,2026-09-08_0303IST,airline_direct,IndiGo
DEL,BLR,6E,IndiGo,6E 842,2026-10-23,45,business,,,26048.0,False,10:45,ok,2026-09-08T03:03:34.675609+05:30,2026-09-08_0303IST,airline_direct,IndiGo
DEL,BLR,6E,IndiGo,6E 842,2026-10-23,45,economy,,,11170.0,False,10:45,ok,2026-09-08T03:03:34.675609+05:30,2026-09-08_0303IST,airline_direct,IndiGo
DEL,BLR,6E,IndiGo,6E 850,2026-10-23,45,business,,,26048.0,False,12:15,ok,2026-09-08T03:03:34.675609+05:30,2026-09-08_0303IST,airline_direct,IndiGo
DEL,BLR,6E,IndiGo,6E 850,2026-10-23,45,economy,,,11170.0,False,12:15,ok,2026-09-08T03:03:34.675609+05:30,2026-09-08_0303IST,airline_direct,IndiGo
DEL,BLR,6E,IndiGo,6E 176,2026-10-23,45,business,,,26048.0,False,13:15,ok,2026-09-08T03:03:34.675609+05:30,2026-09-08_0303IST,airline_direct,IndiGo
DEL,BLR,6E,IndiGo,6E 176,2026-10-23,45,economy,,,11170.0,False,13:15,ok,2026-09-08T03:03:34.675609+05:30,2026-09-08_0303IST,airline_direct,IndiGo
DEL,BLR,6E,IndiGo,6E 828,2026-10-23,45,business,,,26048.0,False,14:30,ok,2026-09-08T03:03:34.675609+05:30,2026-09-08_0303IST,airline_direct,IndiGo
DEL,BLR,6E,IndiGo,6E 828,2026-10-23,45,economy,,,11170.0,False,14:30,ok,2026-09-08T03:03:34.675609+05:30,2026-09-08_0303IST,airline_direct,IndiGo
DEL,BLR,6E,IndiGo,6E 880,2026-10-23,45,business,,,26048.0,False,15:45,ok,2026-09-08T03:03:34.675609+05:30,2026-09-08_0303IST,airline_direct,IndiGo
DEL,BLR,6E,IndiGo,6E 880,2026-10-23,45,economy,,,11170.0,False,15:45,ok,2026-09-08T03:03:34.675609+05:30,2026-09-08_0303IST,airline_direct,IndiGo
DEL,BLR,6E,IndiGo,6E 837,2026-10-23,45,business,,,26048.0,False,17:00,ok,2026-09-08T03:03:34.675609+05:30,2026-09-08_0303IST,airline_direct,IndiGo
DEL,BLR,6E,IndiGo,6E 837,2026-10-23,45,economy,,,11170.0,False,17:00,ok,2026-09-08T03:03:34.675609+05:30,2026-09-08_0303IST,airline_direct,IndiGo
DEL,BLR,6E,IndiGo,6E 6515,2026-10-23,45,business,,,26048.0,False,20:45,ok,2026-09-08T03:03:34.675609+05:30,2026-09-08_0303IST,airline_direct,IndiGo
DEL,BLR,6E,IndiGo,6E 6515,2026-10-23,45,economy,,,11170.0,False,20:45,ok,2026-09-08T03:03:34.675609+05:30,2026-09-08_0303IST,airline_direct,IndiGo
DEL,BLR,6E,IndiGo,6E 811,2026-10-23,45,business,,,26048.0,False,18:20,ok,2026-09-08T03:03:34.675609+05:30,2026-09-08_0303IST,airline_direct,IndiGo
DEL,BLR,6E,IndiGo,6E 811,2026-10-23,45,economy,,,11699.0,False,18:20,ok,2026-09-08T03:03:34.675609+05:30,2026-09-08_0303IST,airline_direct,IndiGo
DEL,BLR,6E,IndiGo,6E 861,2026-10-23,45,business,,,26048.0,False,19:30,ok,2026-09-08T03:03:34.675609+05:30,2026-09-08_0303IST,airline_direct,IndiGo
DEL,BLR,6E,IndiGo,6E 861,2026-10-23,45,economy,,,11699.0,False,19:30,ok,2026-09-08T03:03:34.675609+05:30,2026-09-08_0303IST,airline_direct,IndiGo
DEL,BLR,6E,IndiGo,6E 846,2026-10-23,45,business,,,26048.0,False,22:00,ok,2026-09-08T03:03:34.675609+05:30,2026-09-08_0303IST,airline_direct,IndiGo
DEL,BLR,6E,IndiGo,6E 846,2026-10-23,45,economy,,,12255.0,False,22:00,ok,2026-09-08T03:03:34.675609+05:30,2026-09-08_0303IST,airline_direct,IndiGo
DEL,BLR,6E,IndiGo,6E 2319,2026-10-23,45,economy,,,9685.0,False,09:55,ok,2026-09-08T03:03:34.675609+05:30,2026-09-08_0303IST,airline_direct,IndiGo
DEL,BLR,6E,IndiGo,6E 2147,2026-10-23,45,economy,,,9825.0,False,11:10,ok,2026-09-08T03:03:34.675609+05:30,2026-09-08_0303IST,airline_direct,IndiGo
DEL,BLR,6E,IndiGo,6E 704,2026-10-23,45,business,,,24908.0,False,02:25,ok,2026-09-08T03:03:34.675609+05:30,2026-09-08_0303IST,airline_direct,IndiGo
DEL,BLR,6E,IndiGo,6E 704,2026-10-23,45,economy,,,9946.0,False,02:25,ok,2026-09-08T03:03:34.675609+05:30,2026-09-08_0303IST,airline_direct,IndiGo
DEL,BLR,6E,IndiGo,6E 704,2026-10-23,45,business,,,26251.0,False,02:25,ok,2026-09-08T03:03:34.675609+05:30,2026-09-08_0303IST,airline_direct,IndiGo
DEL,BLR,6E,IndiGo,6E 704,2026-10-23,45,economy,,,9946.0,False,02:25,ok,2026-09-08T03:03:34.675609+05:30,2026-09-08_0303IST,airline_direct,IndiGo
DEL,BLR,6E,IndiGo,6E 6026,2026-10-23,45,business,,,26793.0,False,05:30,ok,2026-09-08T03:03:34.675609+05:30,2026-09-08_0303IST,airline_direct,IndiGo
DEL,BLR,6E,IndiGo,6E 6026,2026-10-23,45,economy,,,9946.0,False,05:30,ok,2026-09-08T03:03:34.675609+05:30,2026-09-08_0303IST,airline_direct,IndiGo
DEL,BLR,6E,IndiGo,6E 6293,2026-10-23,45,business,,,30479.0,False,09:55,ok,2026-09-08T03:03:34.675609+05:30,2026-09-08_0303IST,airline_direct,IndiGo
DEL,BLR,6E,IndiGo,6E 6293,2026-10-23,45,economy,,,9946.0,False,09:55,ok,2026-09-08T03:03:34.675609+05:30,2026-09-08_0303IST,airline_direct,IndiGo
DEL,BLR,6E,IndiGo,6E 884,2026-10-23,45,business,,,28055.0,False,11:45,ok,2026-09-08T03:03:34.675609+05:30,2026-09-08_0303IST,airline_direct,IndiGo
DEL,BLR,6E,IndiGo,6E 884,2026-10-23,45,economy,,,9946.0,False,11:45,ok,2026-09-08T03:03:34.675609+05:30,2026-09-08_0303IST,airline_direct,IndiGo
DEL,BLR,6E,IndiGo,6E 6282,2026-10-23,45,business,,,25312.0,False,13:30,ok,2026-09-08T03:03:34.675609+05:30,2026-09-08_0303IST,airline_direct,IndiGo
DEL,BLR,6E,IndiGo,6E 6282,2026-10-23,45,economy,,,9946.0,False,13:30,ok,2026-09-08T03:03:34.675609+05:30,2026-09-08_0303IST,airline_direct,IndiGo
DEL,BLR,6E,IndiGo,6E 6212,2026-10-23,45,business,,,25312.0,False,14:45,ok,2026-09-08T03:03:34.675609+05:30,2026-09-08_0303IST,airline_direct,IndiGo
DEL,BLR,6E,IndiGo,6E 6212,2026-10-23,45,economy,,,9946.0,False,14:45,ok,2026-09-08T03:03:34.675609+05:30,2026-09-08_0303IST,airline_direct,IndiGo
DEL,BLR,6E,IndiGo,6E 758,2026-10-23,45,economy,,,9946.0,False,16:10,ok,2026-09-08T03:03:34.675609+05:30,2026-09-08_0303IST,airline_direct,IndiGo
DEL,BLR,6E,IndiGo,6E 6217,2026-10-23,45,business,,,25312.0,False,16:15,ok,2026-09-08T03:03:34.675609+05:30,2026-09-08_0303IST,airline_direct,IndiGo
DEL,BLR,6E,IndiGo,6E 6217,2026-10-23,45,economy,,,9946.0,False,16:15,ok,2026-09-08T03:03:34.675609+05:30,2026-09-08_0303IST,airline_direct,IndiGo
DEL,BLR,6E,IndiGo,6E 717,2026-10-23,45,business,,,31459.0,False,17:55,ok,2026-09-08T03:03:34.675609+05:30,2026-09-08_0303IST,airline_direct,IndiGo
DEL,BLR,6E,IndiGo,6E 717,2026-10-23,45,economy,,,9946.0,False,17:55,ok,2026-09-08T03:03:34.675609+05:30,2026-09-08_0303IST,airline_direct,IndiGo
DEL,BLR,6E,IndiGo,6E 2343,2026-10-23,45,business,,,26527.0,False,02:20,ok,2026-09-08T03:03:34.675609+05:30,2026-09-08_0303IST,airline_direct,IndiGo
DEL,BLR,6E,IndiGo,6E 2343,2026-10-23,45,economy,,,10077.0,False,02:20,ok,2026-09-08T03:03:34.675609+05:30,2026-09-08_0303IST,airline_direct,IndiGo
DEL,BLR,6E,IndiGo,6E 6569,2026-10-23,45,economy,,,10077.0,False,05:00,ok,2026-09-08T03:03:34.675609+05:30,2026-09-08_0303IST,airline_direct,IndiGo
DEL,BLR,6E,IndiGo,6E 5119,2026-10-23,45,economy,,,10077.0,False,05:10,ok,2026-09-08T03:03:34.675609+05:30,2026-09-08_0303IST,airline_direct,IndiGo
DEL,BLR,6E,IndiGo,6E 6459,2026-10-23,45,economy,,,10077.0,False,05:55,ok,2026-09-08T03:03:34.675609+05:30,2026-09-08_0303IST,airline_direct,IndiGo
DEL,BLR,6E,IndiGo,6E 6488,2026-10-23,45,economy,,,10077.0,False,11:20,ok,2026-09-08T03:03:34.675609+05:30,2026-09-08_0303IST,airline_direct,IndiGo
DEL,BLR,6E,IndiGo,6E 6022,2026-10-23,45,business,,,34636.0,False,14:00,ok,2026-09-08T03:03:34.675609+05:30,2026-09-08_0303IST,airline_direct,IndiGo
DEL,BLR,6E,IndiGo,6E 6022,2026-10-23,45,economy,,,10077.0,False,14:00,ok,2026-09-08T03:03:34.675609+05:30,2026-09-08_0303IST,airline_direct,IndiGo
DEL,BLR,6E,IndiGo,6E 2361,2026-10-23,45,economy,,,10077.0,False,14:35,ok,2026-09-08T03:03:34.675609+05:30,2026-09-08_0303IST,airline_direct,IndiGo
DEL,BLR,6E,IndiGo,6E 990,2026-10-23,45,economy,,,10077.0,False,14:50,ok,2026-09-08T03:03:34.675609+05:30,2026-09-08_0303IST,airline_direct,IndiGo
DEL,BLR,6E,IndiGo,6E 2557,2026-10-23,45,economy,,,10077.0,False,15:20,ok,2026-09-08T03:03:34.675609+05:30,2026-09-08_0303IST,airline_direct,IndiGo
DEL,BLR,6E,IndiGo,6E 734,2026-10-23,45,economy,,,10077.0,False,16:20,ok,2026-09-08T03:03:34.675609+05:30,2026-09-08_0303IST,airline_direct,IndiGo
DEL,BLR,6E,IndiGo,6E 6437,2026-10-23,45,business,,,26527.0,False,16:25,ok,2026-09-08T03:03:34.675609+05:30,2026-09-08_0303IST,airline_direct,IndiGo
DEL,BLR,6E,IndiGo,6E 6437,2026-10-23,45,economy,,,10077.0,False,16:25,ok,2026-09-08T03:03:34.675609+05:30,2026-09-08_0303IST,airline_direct,IndiGo
DEL,BLR,6E,IndiGo,6E 5073,2026-10-23,45,economy,,,10077.0,False,17:05,ok,2026-09-08T03:03:34.675609+05:30,2026-09-08_0303IST,airline_direct,IndiGo
DEL,BLR,6E,IndiGo,6E 329,2026-10-23,45,business,,,34636.0,False,18:00,ok,2026-09-08T03:03:34.675609+05:30,2026-09-08_0303IST,airline_direct,IndiGo
DEL,BLR,6E,IndiGo,6E 329,2026-10-23,45,economy,,,10077.0,False,18:00,ok,2026-09-08T03:03:34.675609+05:30,2026-09-08_0303IST,airline_direct,IndiGo
DEL,BLR,6E,IndiGo,6E 6179,2026-10-23,45,economy,,,10077.0,False,18:30,ok,2026-09-08T03:03:34.675609+05:30,2026-09-08_0303IST,airline_direct,IndiGo
DEL,BLR,6E,IndiGo,6E 955,2026-10-23,45,economy,,,10077.0,False,20:20,ok,2026-09-08T03:03:34.675609+05:30,2026-09-08_0303IST,airline_direct,IndiGo
DEL,BLR,6E,IndiGo,6E 6673,2026-10-23,45,business,,,26936.0,False,21:15,ok,2026-09-08T03:03:34.675609+05:30,2026-09-08_0303IST,airline_direct,IndiGo
DEL,BLR,6E,IndiGo,6E 6673,2026-10-23,45,economy,,,10077.0,False,21:15,ok,2026-09-08T03:03:34.675609+05:30,2026-09-08_0303IST,airline_direct,IndiGo
DEL,BLR,6E,IndiGo,6E 2618,2026-10-23,45,business,,,26527.0,False,23:00,ok,2026-09-08T03:03:34.675609+05:30,2026-09-08_0303IST,airline_direct,IndiGo
DEL,BLR,6E,IndiGo,6E 2618,2026-10-23,45,economy,,,10077.0,False,23:00,ok,2026-09-08T03:03:34.675609+05:30,2026-09-08_0303IST,airline_direct,IndiGo
DEL,BLR,6E,IndiGo,6E 933,2026-10-23,45,business,,,28318.0,False,02:55,ok,2026-09-08T03:03:34.675609+05:30,2026-09-08_0303IST,airline_direct,IndiGo
DEL,BLR,6E,IndiGo,6E 933,2026-10-23,45,economy,,,10156.0,False,02:55,ok,2026-09-08T03:03:34.675609+05:30,2026-09-08_0303IST,airline_direct,IndiGo
DEL,BLR,6E,IndiGo,6E 6476,2026-10-23,45,economy,,,10156.0,False,07:05,ok,2026-09-08T03:03:34.675609+05:30,2026-09-08_0303IST,airline_direct,IndiGo
DEL,BLR,6E,IndiGo,6E 5038,2026-10-23,45,economy,,,10156.0,False,14:00,ok,2026-09-08T03:03:34.675609+05:30,2026-09-08_0303IST,airline_direct,IndiGo
DEL,BLR,6E,IndiGo,6E 6091,2026-10-23,45,business,,,28318.0,False,15:15,ok,2026-09-08T03:03:34.675609+05:30,2026-09-08_0303IST,airline_direct,IndiGo
DEL,BLR,6E,IndiGo,6E 6091,2026-10-23,45,economy,,,10156.0,False,15:15,ok,2026-09-08T03:03:34.675609+05:30,2026-09-08_0303IST,airline_direct,IndiGo
DEL,BLR,6E,IndiGo,6E 5033,2026-10-23,45,economy,,,10156.0,False,15:50,ok,2026-09-08T03:03:34.675609+05:30,2026-09-08_0303IST,airline_direct,IndiGo
DEL,BLR,6E,IndiGo,6E 2150,2026-10-23,45,business,,,33637.0,False,16:55,ok,2026-09-08T03:03:34.675609+05:30,2026-09-08_0303IST,airline_direct,IndiGo
DEL,BLR,6E,IndiGo,6E 2150,2026-10-23,45,economy,,,10156.0,False,16:55,ok,2026-09-08T03:03:34.675609+05:30,2026-09-08_0303IST,airline_direct,IndiGo
DEL,BLR,6E,IndiGo,6E 6632,2026-10-23,45,economy,,,10156.0,False,17:50,ok,2026-09-08T03:03:34.675609+05:30,2026-09-08_0303IST,airline_direct,IndiGo
DEL,BLR,6E,IndiGo,6E 950,2026-10-23,45,business,,,28318.0,False,18:15,ok,2026-09-08T03:03:34.675609+05:30,2026-09-08_0303IST,airline_direct,IndiGo
DEL,BLR,6E,IndiGo,6E 950,2026-10-23,45,economy,,,10156.0,False,18:15,ok,2026-09-08T03:03:34.675609+05:30,2026-09-08_0303IST,airline_direct,IndiGo
DEL,BLR,6E,IndiGo,6E 357,2026-10-23,45,business,,,33165.0,False,19:30,ok,2026-09-08T03:03:34.675609+05:30,2026-09-08_0303IST,airline_direct,IndiGo
DEL,BLR,6E,IndiGo,6E 357,2026-10-23,45,economy,,,10156.0,False,19:30,ok,2026-09-08T03:03:34.675609+05:30,2026-09-08_0303IST,airline_direct,IndiGo
DEL,BLR,6E,IndiGo,6E 2769,2026-10-23,45,economy,,,10287.0,False,08:10,ok,2026-09-08T03:03:34.675609+05:30,2026-09-08_0303IST,airline_direct,IndiGo
DEL,BLR,6E,IndiGo,6E 6497,2026-10-23,45,economy,,,10287.0,False,18:40,ok,2026-09-08T03:03:34.675609+05:30,2026-09-08_0303IST,airline_direct,IndiGo
DEL,BLR,6E,IndiGo,6E 2482,2026-10-23,45,economy,,,10287.0,False,19:55,ok,2026-09-08T03:03:34.675609+05:30,2026-09-08_0303IST,airline_direct,IndiGo
DEL,BLR,6E,IndiGo,6E 2277,2026-10-23,45,business,,,34994.0,False,10:25,ok,2026-09-08T03:03:34.675609+05:30,2026-09-08_0303IST,airline_direct,IndiGo
DEL,BLR,6E,IndiGo,6E 2277,2026-10-23,45,economy,,,10930.0,False,10:25,ok,2026-09-08T03:03:34.675609+05:30,2026-09-08_0303IST,airline_direct,IndiGo
DEL,BLR,6E,IndiGo,6E 358,2026-10-23,45,business,,,34699.0,False,12:10,ok,2026-09-08T03:03:34.675609+05:30,2026-09-08_0303IST,airline_direct,IndiGo
DEL,BLR,6E,IndiGo,6E 358,2026-10-23,45,economy,,,10930.0,False,12:10,ok,2026-09-08T03:03:34.675609+05:30,2026-09-08_0303IST,airline_direct,IndiGo
DEL,BLR,6E,IndiGo,6E 6433,2026-10-23,45,economy,,,11890.0,False,16:30,ok,2026-09-08T03:03:34.675609+05:30,2026-09-08_0303IST,airline_direct,IndiGo
DEL,BLR,6E,IndiGo,6E 754,2026-10-23,45,economy,,,11933.0,False,17:10,ok,2026-09-08T03:03:34.675609+05:30,2026-09-08_0303IST,airline_direct,IndiGo
DEL,BLR,6E,IndiGo,6E 2349,2026-10-23,45,economy,,,12530.0,False,10:55,ok,2026-09-08T03:03:34.675609+05:30,2026-09-08_0303IST,airline_direct,IndiGo
DEL,BLR,6E,IndiGo,6E 513,2026-10-23,45,business,,,38361.0,False,08:30,ok,2026-09-08T03:03:34.675609+05:30,2026-09-08_0303IST,airline_direct,IndiGo
DEL,BLR,6E,IndiGo,6E 513,2026-10-23,45,economy,,,28653.0,False,08:30,ok,2026-09-08T03:03:34.675609+05:30,2026-09-08_0303IST,airline_direct,IndiGo
DEL,BLR,6E,IndiGo,6E 5191,2026-10-23,45,business,,,36945.0,False,05:00,ok,2026-09-08T03:03:34.675609+05:30,2026-09-08_0303IST,airline_direct,IndiGo
DEL,BLR,6E,IndiGo,6E 5191,2026-10-23,45,economy,,,32013.0,False,05:00,ok,2026-09-08T03:03:34.675609+05:30,2026-09-08_0303IST,airline_direct,IndiGo
BOM,BLR,6E,IndiGo,error,2026-10-23,45,unknown,,,,False,unknown,error,2026-09-08T03:06:01.388673+05:30,2026-09-08_0306IST,airline_direct,IndiGo
DEL,CCU,6E,IndiGo,error,2026-10-23,45,unknown,,,,False,unknown,error,2026-09-08T03:08:19.428621+05:30,2026-09-08_0308IST,airline_direct,IndiGo
BLR,HYD,6E,IndiGo,6E 6784,2026-10-23,45,economy,,,4561.0,False,21:25,ok,2026-09-08T03:10:44.400377+05:30,2026-09-08_0310IST,airline_direct,IndiGo
BLR,HYD,6E,IndiGo,6E 6404,2026-10-23,45,economy,,,4921.0,False,11:35,ok,2026-09-08T03:10:44.400377+05:30,2026-09-08_0310IST,airline_direct,IndiGo
BLR,HYD,6E,IndiGo,6E 6067,2026-10-23,45,economy,,,4921.0,False,16:30,ok,2026-09-08T03:10:44.400377+05:30,2026-09-08_0310IST,airline_direct,IndiGo
BLR,HYD,6E,IndiGo,6E 638,2026-10-23,45,economy,,,4921.0,False,18:35,ok,2026-09-08T03:10:44.400377+05:30,2026-09-08_0310IST,airline_direct,IndiGo
BLR,HYD,6E,IndiGo,6E 855,2026-10-23,45,economy,,,4921.0,False,19:45,ok,2026-09-08T03:10:44.400377+05:30,2026-09-08_0310IST,airline_direct,IndiGo
BLR,HYD,6E,IndiGo,6E 6178,2026-10-23,45,economy,,,5318.0,False,06:10,ok,2026-09-08T03:10:44.400377+05:30,2026-09-08_0310IST,airline_direct,IndiGo
BLR,HYD,6E,IndiGo,6E 484,2026-10-23,45,economy,,,6239.0,False,08:15,ok,2026-09-08T03:10:44.400377+05:30,2026-09-08_0310IST,airline_direct,IndiGo
BLR,HYD,6E,IndiGo,6E 312,2026-10-23,45,economy,,,6239.0,False,09:15,ok,2026-09-08T03:10:44.400377+05:30,2026-09-08_0310IST,airline_direct,IndiGo
BLR,HYD,6E,IndiGo,6E 537,2026-10-23,45,economy,,,6772.0,False,10:15,ok,2026-09-08T03:10:44.400377+05:30,2026-09-08_0310IST,airline_direct,IndiGo
BLR,HYD,6E,IndiGo,6E 7227,2026-10-23,45,economy,,,5331.0,False,06:25,ok,2026-09-08T03:10:44.400377+05:30,2026-09-08_0310IST,airline_direct,IndiGo
BLR,HYD,6E,IndiGo,6E 7737,2026-10-23,45,economy,,,5331.0,False,10:50,ok,2026-09-08T03:10:44.400377+05:30,2026-09-08_0310IST,airline_direct,IndiGo
BLR,HYD,6E,IndiGo,6E 7737,2026-10-23,45,economy,,,5331.0,False,10:50,ok,2026-09-08T03:10:44.400377+05:30,2026-09-08_0310IST,airline_direct,IndiGo
BLR,HYD,6E,IndiGo,6E 6563,2026-10-23,45,economy,,,5463.0,False,01:05,ok,2026-09-08T03:10:44.400377+05:30,2026-09-08_0310IST,airline_direct,IndiGo
BLR,HYD,6E,IndiGo,6E 6876,2026-10-23,45,economy,,,5463.0,False,02:40,ok,2026-09-08T03:10:44.400377+05:30,2026-09-08_0310IST,airline_direct,IndiGo
BLR,HYD,6E,IndiGo,6E 7204,2026-10-23,45,economy,,,5463.0,False,06:50,ok,2026-09-08T03:10:44.400377+05:30,2026-09-08_0310IST,airline_direct,IndiGo
BLR,HYD,6E,IndiGo,6E 7204,2026-10-23,45,economy,,,5463.0,False,06:50,ok,2026-09-08T03:10:44.400377+05:30,2026-09-08_0310IST,airline_direct,IndiGo
BLR,HYD,6E,IndiGo,6E 857,2026-10-23,45,economy,,,5463.0,False,07:05,ok,2026-09-08T03:10:44.400377+05:30,2026-09-08_0310IST,airline_direct,IndiGo
BLR,HYD,6E,IndiGo,6E 857,2026-10-23,45,economy,,,5463.0,False,07:05,ok,2026-09-08T03:10:44.400377+05:30,2026-09-08_0310IST,airline_direct,IndiGo
BLR,HYD,6E,IndiGo,6E 763,2026-10-23,45,economy,,,5463.0,False,07:10,ok,2026-09-08T03:10:44.400377+05:30,2026-09-08_0310IST,airline_direct,IndiGo
BLR,HYD,6E,IndiGo,6E 763,2026-10-23,45,economy,,,5463.0,False,07:10,ok,2026-09-08T03:10:44.400377+05:30,2026-09-08_0310IST,airline_direct,IndiGo
BLR,HYD,6E,IndiGo,6E 6269,2026-10-23,45,economy,,,5463.0,False,07:15,ok,2026-09-08T03:10:44.400377+05:30,2026-09-08_0310IST,airline_direct,IndiGo
BLR,HYD,6E,IndiGo,6E 6269,2026-10-23,45,economy,,,5463.0,False,07:15,ok,2026-09-08T03:10:44.400377+05:30,2026-09-08_0310IST,airline_direct,IndiGo
BLR,HYD,6E,IndiGo,6E 7005,2026-10-23,45,economy,,,5463.0,False,08:05,ok,2026-09-08T03:10:44.400377+05:30,2026-09-08_0310IST,airline_direct,IndiGo
BLR,HYD,6E,IndiGo,6E 7005,2026-10-23,45,economy,,,5463.0,False,08:05,ok,2026-09-08T03:10:44.400377+05:30,2026-09-08_0310IST,airline_direct,IndiGo
BLR,HYD,6E,IndiGo,6E 904,2026-10-23,45,economy,,,5463.0,False,10:45,ok,2026-09-08T03:10:44.400377+05:30,2026-09-08_0310IST,airline_direct,IndiGo
BLR,HYD,6E,IndiGo,6E 6104,2026-10-23,45,economy,,,5463.0,False,11:40,ok,2026-09-08T03:10:44.400377+05:30,2026-09-08_0310IST,airline_direct,IndiGo
BLR,HYD,6E,IndiGo,6E 6208,2026-10-23,45,economy,,,5463.0,False,12:45,ok,2026-09-08T03:10:44.400377+05:30,2026-09-08_0310IST,airline_direct,IndiGo
BLR,HYD,6E,IndiGo,6E 6208,2026-10-23,45,economy,,,5463.0,False,12:45,ok,2026-09-08T03:10:44.400377+05:30,2026-09-08_0310IST,airline_direct,IndiGo
BLR,HYD,6E,IndiGo,6E 6753,2026-10-23,45,economy,,,5463.0,False,15:15,ok,2026-09-08T03:10:44.400377+05:30,2026-09-08_0310IST,airline_direct,IndiGo
BLR,HYD,6E,IndiGo,6E 7223,2026-10-23,45,economy,,,5463.0,False,15:30,ok,2026-09-08T03:10:44.400377+05:30,2026-09-08_0310IST,airline_direct,IndiGo
BLR,HYD,6E,IndiGo,6E 109,2026-10-23,45,economy,,,5463.0,False,17:00,ok,2026-09-08T03:10:44.400377+05:30,2026-09-08_0310IST,airline_direct,IndiGo
BLR,HYD,6E,IndiGo,6E 356,2026-10-23,45,economy,,,5463.0,False,17:15,ok,2026-09-08T03:10:44.400377+05:30,2026-09-08_0310IST,airline_direct,IndiGo
BLR,HYD,6E,IndiGo,6E 356,2026-10-23,45,economy,,,5463.0,False,17:15,ok,2026-09-08T03:10:44.400377+05:30,2026-09-08_0310IST,airline_direct,IndiGo
BLR,HYD,6E,IndiGo,6E 6017,2026-10-23,45,economy,,,5463.0,False,18:15,ok,2026-09-08T03:10:44.400377+05:30,2026-09-08_0310IST,airline_direct,IndiGo
BLR,HYD,6E,IndiGo,6E 6162,2026-10-23,45,economy,,,5463.0,False,18:50,ok,2026-09-08T03:10:44.400377+05:30,2026-09-08_0310IST,airline_direct,IndiGo
BLR,HYD,6E,IndiGo,6E 105,2026-10-23,45,economy,,,5463.0,False,18:50,ok,2026-09-08T03:10:44.400377+05:30,2026-09-08_0310IST,airline_direct,IndiGo
BLR,HYD,6E,IndiGo,6E 6554,2026-10-23,45,economy,,,5463.0,False,19:15,ok,2026-09-08T03:10:44.400377+05:30,2026-09-08_0310IST,airline_direct,IndiGo
BLR,HYD,6E,IndiGo,6E 6875,2026-10-23,45,economy,,,5463.0,False,19:55,ok,2026-09-08T03:10:44.400377+05:30,2026-09-08_0310IST,airline_direct,IndiGo
BLR,HYD,6E,IndiGo,6E 116,2026-10-23,45,economy,,,5463.0,False,23:05,ok,2026-09-08T03:10:44.400377+05:30,2026-09-08_0310IST,airline_direct,IndiGo
BLR,HYD,6E,IndiGo,6E 6336,2026-10-23,45,economy,,,5594.0,False,12:40,ok,2026-09-08T03:10:44.400377+05:30,2026-09-08_0310IST,airline_direct,IndiGo
BLR,HYD,6E,IndiGo,6E 6336,2026-10-23,45,economy,,,5594.0,False,12:40,ok,2026-09-08T03:10:44.400377+05:30,2026-09-08_0310IST,airline_direct,IndiGo
BLR,HYD,6E,IndiGo,6E 763,2026-10-23,45,economy,,,5793.0,False,07:10,ok,2026-09-08T03:10:44.400377+05:30,2026-09-08_0310IST,airline_direct,IndiGo
BLR,HYD,6E,IndiGo,6E 6003,2026-10-23,45,economy,,,5793.0,False,15:35,ok,2026-09-08T03:10:44.400377+05:30,2026-09-08_0310IST,airline_direct,IndiGo
BLR,HYD,6E,IndiGo,6E 6583,2026-10-23,45,economy,,,5925.0,False,10:40,ok,2026-09-08T03:10:44.400377+05:30,2026-09-08_0310IST,airline_direct,IndiGo
BLR,HYD,6E,IndiGo,6E 6753,2026-10-23,45,economy,,,6153.0,False,15:15,ok,2026-09-08T03:10:44.400377+05:30,2026-09-08_0310IST,airline_direct,IndiGo
BLR,HYD,6E,IndiGo,6E 574,2026-10-23,45,economy,,,6284.0,False,11:05,ok,2026-09-08T03:10:44.400377+05:30,2026-09-08_0310IST,airline_direct,IndiGo
BLR,HYD,6E,IndiGo,6E 7737,2026-10-23,45,economy,,,6412.0,False,10:50,ok,2026-09-08T03:10:44.400377+05:30,2026-09-08_0310IST,airline_direct,IndiGo
BLR,HYD,6E,IndiGo,6E 6445,2026-10-23,45,economy,,,6543.0,False,10:25,ok,2026-09-08T03:10:44.400377+05:30,2026-09-08_0310IST,airline_direct,IndiGo
BLR,HYD,6E,IndiGo,6E 6445,2026-10-23,45,economy,,,6543.0,False,10:25,ok,2026-09-08T03:10:44.400377+05:30,2026-09-08_0310IST,airline_direct,IndiGo
BLR,HYD,6E,IndiGo,6E 6104,2026-10-23,45,economy,,,6543.0,False,11:40,ok,2026-09-08T03:10:44.400377+05:30,2026-09-08_0310IST,airline_direct,IndiGo
BLR,HYD,6E,IndiGo,6E 6653,2026-10-23,45,economy,,,6543.0,False,12:35,ok,2026-09-08T03:10:44.400377+05:30,2026-09-08_0310IST,airline_direct,IndiGo
BLR,HYD,6E,IndiGo,6E 703,2026-10-23,45,economy,,,6543.0,False,12:55,ok,2026-09-08T03:10:44.400377+05:30,2026-09-08_0310IST,airline_direct,IndiGo
BLR,HYD,6E,IndiGo,6E 6653,2026-10-23,45,economy,,,6969.0,False,12:35,ok,2026-09-08T03:10:44.400377+05:30,2026-09-08_0310IST,airline_direct,IndiGo
BLR,HYD,6E,IndiGo,6E 441,2026-10-23,45,economy,,,7935.0,False,20:40,ok,2026-09-08T03:10:44.400377+05:30,2026-09-08_0310IST,airline_direct,IndiGo
BLR,HYD,6E,IndiGo,6E 528,2026-10-23,45,economy,,,7935.0,False,21:40,ok,2026-09-08T03:10:44.400377+05:30,2026-09-08_0310IST,airline_direct,IndiGo
BLR,HYD,6E,IndiGo,6E 105,2026-10-23,45,economy,,,9730.0,False,18:50,ok,2026-09-08T03:10:44.400377+05:30,2026-09-08_0310IST,airline_direct,IndiGo
BLR,HYD,6E,IndiGo,6E 7285,2026-10-23,45,economy,,,9861.0,False,06:50,ok,2026-09-08T03:10:44.400377+05:30,2026-09-08_0310IST,airline_direct,IndiGo
BLR,HYD,6E,IndiGo,6E 6891,2026-10-23,45,economy,,,10725.0,False,17:15,ok,2026-09-08T03:10:44.400377+05:30,2026-09-08_0310IST,airline_direct,IndiGo
BLR,HYD,6E,IndiGo,6E 116,2026-10-23,45,economy,,,12434.0,False,23:05,ok,2026-09-08T03:10:44.400377+05:30,2026-09-08_0310IST,airline_direct,IndiGo
MAA,DEL,6E,IndiGo,6E 953,2026-10-23,45,business,,,24700.0,False,02:45,ok,2026-09-08T03:11:41.611541+05:30,2026-09-08_0311IST,airline_direct,IndiGo
MAA,DEL,6E,IndiGo,6E 953,2026-10-23,45,economy,,,9830.0,False,02:45,ok,2026-09-08T03:11:41.611541+05:30,2026-09-08_0311IST,airline_direct,IndiGo
MAA,DEL,6E,IndiGo,6E 937,2026-10-23,45,business,,,24700.0,False,06:30,ok,2026-09-08T03:11:41.611541+05:30,2026-09-08_0311IST,airline_direct,IndiGo
MAA,DEL,6E,IndiGo,6E 937,2026-10-23,45,economy,,,9830.0,False,06:30,ok,2026-09-08T03:11:41.611541+05:30,2026-09-08_0311IST,airline_direct,IndiGo
MAA,DEL,6E,IndiGo,6E 6002,2026-10-23,45,business,,,24700.0,False,11:10,ok,2026-09-08T03:11:41.611541+05:30,2026-09-08_0311IST,airline_direct,IndiGo
MAA,DEL,6E,IndiGo,6E 6002,2026-10-23,45,economy,,,9830.0,False,11:10,ok,2026-09-08T03:11:41.611541+05:30,2026-09-08_0311IST,airline_direct,IndiGo
MAA,DEL,6E,IndiGo,6E 948,2026-10-23,45,business,,,24700.0,False,14:30,ok,2026-09-08T03:11:41.611541+05:30,2026-09-08_0311IST,airline_direct,IndiGo
MAA,DEL,6E,IndiGo,6E 948,2026-10-23,45,economy,,,9830.0,False,14:30,ok,2026-09-08T03:11:41.611541+05:30,2026-09-08_0311IST,airline_direct,IndiGo
MAA,DEL,6E,IndiGo,6E 698,2026-10-23,45,business,,,24700.0,False,16:45,ok,2026-09-08T03:11:41.611541+05:30,2026-09-08_0311IST,airline_direct,IndiGo
MAA,DEL,6E,IndiGo,6E 698,2026-10-23,45,economy,,,9830.0,False,16:45,ok,2026-09-08T03:11:41.611541+05:30,2026-09-08_0311IST,airline_direct,IndiGo
MAA,DEL,6E,IndiGo,6E 613,2026-10-23,45,business,,,24700.0,False,19:00,ok,2026-09-08T03:11:41.611541+05:30,2026-09-08_0311IST,airline_direct,IndiGo
MAA,DEL,6E,IndiGo,6E 613,2026-10-23,45,economy,,,9830.0,False,19:00,ok,2026-09-08T03:11:41.611541+05:30,2026-09-08_0311IST,airline_direct,IndiGo
MAA,DEL,6E,IndiGo,6E 951,2026-10-23,45,business,,,24700.0,False,21:50,ok,2026-09-08T03:11:41.611541+05:30,2026-09-08_0311IST,airline_direct,IndiGo
MAA,DEL,6E,IndiGo,6E 951,2026-10-23,45,economy,,,9830.0,False,21:50,ok,2026-09-08T03:11:41.611541+05:30,2026-09-08_0311IST,airline_direct,IndiGo
MAA,DEL,6E,IndiGo,6E 2369,2026-10-23,45,business,,,24700.0,False,23:45,ok,2026-09-08T03:11:41.611541+05:30,2026-09-08_0311IST,airline_direct,IndiGo
MAA,DEL,6E,IndiGo,6E 2369,2026-10-23,45,economy,,,9830.0,False,23:45,ok,2026-09-08T03:11:41.611541+05:30,2026-09-08_0311IST,airline_direct,IndiGo
MAA,DEL,6E,IndiGo,6E 404,2026-10-23,45,business,,,24700.0,False,09:15,ok,2026-09-08T03:11:41.611541+05:30,2026-09-08_0311IST,airline_direct,IndiGo
MAA,DEL,6E,IndiGo,6E 404,2026-10-23,45,economy,,,10295.0,False,09:15,ok,2026-09-08T03:11:41.611541+05:30,2026-09-08_0311IST,airline_direct,IndiGo
MAA,DEL,6E,IndiGo,6E 939,2026-10-23,45,business,,,24700.0,False,13:00,ok,2026-09-08T03:11:41.611541+05:30,2026-09-08_0311IST,airline_direct,IndiGo
MAA,DEL,6E,IndiGo,6E 939,2026-10-23,45,economy,,,11303.0,False,13:00,ok,2026-09-08T03:11:41.611541+05:30,2026-09-08_0311IST,airline_direct,IndiGo
MAA,DEL,6E,IndiGo,6E 6797,2026-10-23,45,economy,,,9568.0,False,13:10,ok,2026-09-08T03:11:41.611541+05:30,2026-09-08_0311IST,airline_direct,IndiGo
MAA,DEL,6E,IndiGo,6E 253,2026-10-23,45,business,,,28061.0,False,03:10,ok,2026-09-08T03:11:41.611541+05:30,2026-09-08_0311IST,airline_direct,IndiGo
MAA,DEL,6E,IndiGo,6E 253,2026-10-23,45,economy,,,9778.0,False,03:10,ok,2026-09-08T03:11:41.611541+05:30,2026-09-08_0311IST,airline_direct,IndiGo
MAA,DEL,6E,IndiGo,6E 607,2026-10-23,45,business,,,28061.0,False,05:40,ok,2026-09-08T03:11:41.611541+05:30,2026-09-08_0311IST,airline_direct,IndiGo
MAA,DEL,6E,IndiGo,6E 607,2026-10-23,45,economy,,,9778.0,False,05:40,ok,2026-09-08T03:11:41.611541+05:30,2026-09-08_0311IST,airline_direct,IndiGo
MAA,DEL,6E,IndiGo,6E 834,2026-10-23,45,business,,,26457.0,False,09:05,ok,2026-09-08T03:11:41.611541+05:30,2026-09-08_0311IST,airline_direct,IndiGo
MAA,DEL,6E,IndiGo,6E 834,2026-10-23,45,economy,,,9778.0,False,09:05,ok,2026-09-08T03:11:41.611541+05:30,2026-09-08_0311IST,airline_direct,IndiGo
MAA,DEL,6E,IndiGo,6E 834,2026-10-23,45,business,,,26457.0,False,09:05,ok,2026-09-08T03:11:41.611541+05:30,2026-09-08_0311IST,airline_direct,IndiGo
MAA,DEL,6E,IndiGo,6E 834,2026-10-23,45,economy,,,9778.0,False,09:05,ok,2026-09-08T03:11:41.611541+05:30,2026-09-08_0311IST,airline_direct,IndiGo
MAA,DEL,6E,IndiGo,6E 372,2026-10-23,45,business,,,26398.0,False,09:55,ok,2026-09-08T03:11:41.611541+05:30,2026-09-08_0311IST,airline_direct,IndiGo
MAA,DEL,6E,IndiGo,6E 372,2026-10-23,45,economy,,,9778.0,False,09:55,ok,2026-09-08T03:11:41.611541+05:30,2026-09-08_0311IST,airline_direct,IndiGo
MAA,DEL,6E,IndiGo,6E 502,2026-10-23,45,business,,,28533.0,False,11:10,ok,2026-09-08T03:11:41.611541+05:30,2026-09-08_0311IST,airline_direct,IndiGo
MAA,DEL,6E,IndiGo,6E 502,2026-10-23,45,economy,,,9778.0,False,11:10,ok,2026-09-08T03:11:41.611541+05:30,2026-09-08_0311IST,airline_direct,IndiGo
MAA,DEL,6E,IndiGo,6E 6925,2026-10-23,45,business,,,26917.0,False,12:00,ok,2026-09-08T03:11:41.611541+05:30,2026-09-08_0311IST,airline_direct,IndiGo
MAA,DEL,6E,IndiGo,6E 6925,2026-10-23,45,economy,,,9778.0,False,12:00,ok,2026-09-08T03:11:41.611541+05:30,2026-09-08_0311IST,airline_direct,IndiGo
MAA,DEL,6E,IndiGo,6E 6158,2026-10-23,45,business,,,26457.0,False,16:10,ok,2026-09-08T03:11:41.611541+05:30,2026-09-08_0311IST,airline_direct,IndiGo
MAA,DEL,6E,IndiGo,6E 6158,2026-10-23,45,economy,,,9778.0,False,16:10,ok,2026-09-08T03:11:41.611541+05:30,2026-09-08_0311IST,airline_direct,IndiGo
MAA,DEL,6E,IndiGo,6E 183,2026-10-23,45,business,,,28533.0,False,16:35,ok,2026-09-08T03:11:41.611541+05:30,2026-09-08_0311IST,airline_direct,IndiGo
MAA,DEL,6E,IndiGo,6E 183,2026-10-23,45,economy,,,9778.0,False,16:35,ok,2026-09-08T03:11:41.611541+05:30,2026-09-08_0311IST,airline_direct,IndiGo
MAA,DEL,6E,IndiGo,6E 562,2026-10-23,45,business,,,26457.0,False,18:20,ok,2026-09-08T03:11:41.611541+05:30,2026-09-08_0311IST,airline_direct,IndiGo
MAA,DEL,6E,IndiGo,6E 562,2026-10-23,45,economy,,,9778.0,False,18:20,ok,2026-09-08T03:11:41.611541+05:30,2026-09-08_0311IST,airline_direct,IndiGo
MAA,DEL,6E,IndiGo,6E 193,2026-10-23,45,business,,,26457.0,False,20:00,ok,2026-09-08T03:11:41.611541+05:30,2026-09-08_0311IST,airline_direct,IndiGo
MAA,DEL,6E,IndiGo,6E 193,2026-10-23,45,economy,,,9778.0,False,20:00,ok,2026-09-08T03:11:41.611541+05:30,2026-09-08_0311IST,airline_direct,IndiGo
MAA,DEL,6E,IndiGo,6E 6487,2026-10-23,45,business,,,26398.0,False,21:25,ok,2026-09-08T03:11:41.611541+05:30,2026-09-08_0311IST,airline_direct,IndiGo
MAA,DEL,6E,IndiGo,6E 6487,2026-10-23,45,economy,,,9778.0,False,21:25,ok,2026-09-08T03:11:41.611541+05:30,2026-09-08_0311IST,airline_direct,IndiGo
MAA,DEL,6E,IndiGo,6E 561,2026-10-23,45,business,,,28415.0,False,22:20,ok,2026-09-08T03:11:41.611541+05:30,2026-09-08_0311IST,airline_direct,IndiGo
MAA,DEL,6E,IndiGo,6E 561,2026-10-23,45,economy,,,9778.0,False,22:20,ok,2026-09-08T03:11:41.611541+05:30,2026-09-08_0311IST,airline_direct,IndiGo
MAA,DEL,6E,IndiGo,6E 6081,2026-10-23,45,business,,,29704.0,False,07:05,ok,2026-09-08T03:11:41.611541+05:30,2026-09-08_0311IST,airline_direct,IndiGo
MAA,DEL,6E,IndiGo,6E 6081,2026-10-23,45,economy,,,9857.0,False,07:05,ok,2026-09-08T03:11:41.611541+05:30,2026-09-08_0311IST,airline_direct,IndiGo
MAA,DEL,6E,IndiGo,6E 6081,2026-10-23,45,business,,,29704.0,False,07:05,ok,2026-09-08T03:11:41.611541+05:30,2026-09-08_0311IST,airline_direct,IndiGo
MAA,DEL,6E,IndiGo,6E 6081,2026-10-23,45,economy,,,9857.0,False,07:05,ok,2026-09-08T03:11:41.611541+05:30,2026-09-08_0311IST,airline_direct,IndiGo
MAA,DEL,6E,IndiGo,6E 6892,2026-10-23,45,business,,,29704.0,False,10:55,ok,2026-09-08T03:11:41.611541+05:30,2026-09-08_0311IST,airline_direct,IndiGo
MAA,DEL,6E,IndiGo,6E 6892,2026-10-23,45,economy,,,9857.0,False,10:55,ok,2026-09-08T03:11:41.611541+05:30,2026-09-08_0311IST,airline_direct,IndiGo
MAA,DEL,6E,IndiGo,6E 6892,2026-10-23,45,business,,,29704.0,False,10:55,ok,2026-09-08T03:11:41.611541+05:30,2026-09-08_0311IST,airline_direct,IndiGo
MAA,DEL,6E,IndiGo,6E 6892,2026-10-23,45,economy,,,9857.0,False,10:55,ok,2026-09-08T03:11:41.611541+05:30,2026-09-08_0311IST,airline_direct,IndiGo
MAA,DEL,6E,IndiGo,6E 6209,2026-10-23,45,business,,,30048.0,False,14:35,ok,2026-09-08T03:11:41.611541+05:30,2026-09-08_0311IST,airline_direct,IndiGo
MAA,DEL,6E,IndiGo,6E 6209,2026-10-23,45,economy,,,9857.0,False,14:35,ok,2026-09-08T03:11:41.611541+05:30,2026-09-08_0311IST,airline_direct,IndiGo
MAA,DEL,6E,IndiGo,6E 6209,2026-10-23,45,business,,,30048.0,False,14:35,ok,2026-09-08T03:11:41.611541+05:30,2026-09-08_0311IST,airline_direct,IndiGo
MAA,DEL,6E,IndiGo,6E 6209,2026-10-23,45,economy,,,9857.0,False,14:35,ok,2026-09-08T03:11:41.611541+05:30,2026-09-08_0311IST,airline_direct,IndiGo
MAA,DEL,6E,IndiGo,6E 847,2026-10-23,45,business,,,29704.0,False,16:15,ok,2026-09-08T03:11:41.611541+05:30,2026-09-08_0311IST,airline_direct,IndiGo
MAA,DEL,6E,IndiGo,6E 847,2026-10-23,45,economy,,,9857.0,False,16:15,ok,2026-09-08T03:11:41.611541+05:30,2026-09-08_0311IST,airline_direct,IndiGo
MAA,DEL,6E,IndiGo,6E 189,2026-10-23,45,business,,,29704.0,False,19:05,ok,2026-09-08T03:11:41.611541+05:30,2026-09-08_0311IST,airline_direct,IndiGo
MAA,DEL,6E,IndiGo,6E 189,2026-10-23,45,economy,,,9857.0,False,19:05,ok,2026-09-08T03:11:41.611541+05:30,2026-09-08_0311IST,airline_direct,IndiGo
MAA,DEL,6E,IndiGo,6E 6812,2026-10-23,45,economy,,,9857.0,False,20:00,ok,2026-09-08T03:11:41.611541+05:30,2026-09-08_0311IST,airline_direct,IndiGo
MAA,DEL,6E,IndiGo,6E 6140,2026-10-23,45,business,,,29944.0,False,02:30,ok,2026-09-08T03:11:41.611541+05:30,2026-09-08_0311IST,airline_direct,IndiGo
MAA,DEL,6E,IndiGo,6E 6140,2026-10-23,45,economy,,,9988.0,False,02:30,ok,2026-09-08T03:11:41.611541+05:30,2026-09-08_0311IST,airline_direct,IndiGo
MAA,DEL,6E,IndiGo,6E 6140,2026-10-23,45,business,,,29944.0,False,02:30,ok,2026-09-08T03:11:41.611541+05:30,2026-09-08_0311IST,airline_direct,IndiGo
MAA,DEL,6E,IndiGo,6E 6140,2026-10-23,45,economy,,,9988.0,False,02:30,ok,2026-09-08T03:11:41.611541+05:30,2026-09-08_0311IST,airline_direct,IndiGo
MAA,DEL,6E,IndiGo,6E 5093,2026-10-23,45,business,,,35375.0,False,05:00,ok,2026-09-08T03:11:41.611541+05:30,2026-09-08_0311IST,airline_direct,IndiGo
MAA,DEL,6E,IndiGo,6E 5093,2026-10-23,45,economy,,,9988.0,False,05:00,ok,2026-09-08T03:11:41.611541+05:30,2026-09-08_0311IST,airline_direct,IndiGo
MAA,DEL,6E,IndiGo,6E 6348,2026-10-23,45,business,,,35375.0,False,09:00,ok,2026-09-08T03:11:41.611541+05:30,2026-09-08_0311IST,airline_direct,IndiGo
MAA,DEL,6E,IndiGo,6E 6348,2026-10-23,45,economy,,,9988.0,False,09:00,ok,2026-09-08T03:11:41.611541+05:30,2026-09-08_0311IST,airline_direct,IndiGo
MAA,DEL,6E,IndiGo,6E 6348,2026-10-23,45,business,,,35375.0,False,09:00,ok,2026-09-08T03:11:41.611541+05:30,2026-09-08_0311IST,airline_direct,IndiGo
MAA,DEL,6E,IndiGo,6E 6348,2026-10-23,45,economy,,,9988.0,False,09:00,ok,2026-09-08T03:11:41.611541+05:30,2026-09-08_0311IST,airline_direct,IndiGo
MAA,DEL,6E,IndiGo,6E 5214,2026-10-23,45,business,,,35375.0,False,11:00,ok,2026-09-08T03:11:41.611541+05:30,2026-09-08_0311IST,airline_direct,IndiGo
MAA,DEL,6E,IndiGo,6E 5214,2026-10-23,45,economy,,,9988.0,False,11:00,ok,2026-09-08T03:11:41.611541+05:30,2026-09-08_0311IST,airline_direct,IndiGo
MAA,DEL,6E,IndiGo,6E 5258,2026-10-23,45,business,,,35375.0,False,12:45,ok,2026-09-08T03:11:41.611541+05:30,2026-09-08_0311IST,airline_direct,IndiGo
MAA,DEL,6E,IndiGo,6E 5258,2026-10-23,45,economy,,,9988.0,False,12:45,ok,2026-09-08T03:11:41.611541+05:30,2026-09-08_0311IST,airline_direct,IndiGo
MAA,DEL,6E,IndiGo,6E 5371,2026-10-23,45,business,,,35375.0,False,14:45,ok,2026-09-08T03:11:41.611541+05:30,2026-09-08_0311IST,airline_direct,IndiGo
MAA,DEL,6E,IndiGo,6E 5371,2026-10-23,45,economy,,,9988.0,False,14:45,ok,2026-09-08T03:11:41.611541+05:30,2026-09-08_0311IST,airline_direct,IndiGo
MAA,DEL,6E,IndiGo,6E 6113,2026-10-23,45,economy,,,9988.0,False,17:00,ok,2026-09-08T03:11:41.611541+05:30,2026-09-08_0311IST,airline_direct,IndiGo
MAA,DEL,6E,IndiGo,6E 588,2026-10-23,45,business,,,39667.0,False,17:40,ok,2026-09-08T03:11:41.611541+05:30,2026-09-08_0311IST,airline_direct,IndiGo
MAA,DEL,6E,IndiGo,6E 588,2026-10-23,45,economy,,,9988.0,False,17:40,ok,2026-09-08T03:11:41.611541+05:30,2026-09-08_0311IST,airline_direct,IndiGo
MAA,DEL,6E,IndiGo,6E 5367,2026-10-23,45,business,,,35375.0,False,18:15,ok,2026-09-08T03:11:41.611541+05:30,2026-09-08_0311IST,airline_direct,IndiGo
MAA,DEL,6E,IndiGo,6E 5367,2026-10-23,45,economy,,,9988.0,False,18:15,ok,2026-09-08T03:11:41.611541+05:30,2026-09-08_0311IST,airline_direct,IndiGo
MAA,DEL,6E,IndiGo,6E 6225,2026-10-23,45,business,,,35375.0,False,22:30,ok,2026-09-08T03:11:41.611541+05:30,2026-09-08_0311IST,airline_direct,IndiGo
MAA,DEL,6E,IndiGo,6E 6225,2026-10-23,45,economy,,,9988.0,False,22:30,ok,2026-09-08T03:11:41.611541+05:30,2026-09-08_0311IST,airline_direct,IndiGo
MAA,DEL,6E,IndiGo,6E 495,2026-10-23,45,business,,,29226.0,False,07:10,ok,2026-09-08T03:11:41.611541+05:30,2026-09-08_0311IST,airline_direct,IndiGo
MAA,DEL,6E,IndiGo,6E 495,2026-10-23,45,economy,,,10535.0,False,07:10,ok,2026-09-08T03:11:41.611541+05:30,2026-09-08_0311IST,airline_direct,IndiGo
MAA,DEL,6E,IndiGo,6E 495,2026-10-23,45,business,,,29226.0,False,07:10,ok,2026-09-08T03:11:41.611541+05:30,2026-09-08_0311IST,airline_direct,IndiGo
MAA,DEL,6E,IndiGo,6E 495,2026-10-23,45,economy,,,10535.0,False,07:10,ok,2026-09-08T03:11:41.611541+05:30,2026-09-08_0311IST,airline_direct,IndiGo
MAA,DEL,6E,IndiGo,6E 401,2026-10-23,45,economy,,,10535.0,False,08:10,ok,2026-09-08T03:11:41.611541+05:30,2026-09-08_0311IST,airline_direct,IndiGo
MAA,DEL,6E,IndiGo,6E 6815,2026-10-23,45,business,,,29704.0,False,08:55,ok,2026-09-08T03:11:41.611541+05:30,2026-09-08_0311IST,airline_direct,IndiGo
MAA,DEL,6E,IndiGo,6E 6815,2026-10-23,45,economy,,,10614.0,False,08:55,ok,2026-09-08T03:11:41.611541+05:30,2026-09-08_0311IST,airline_direct,IndiGo
MAA,DEL,6E,IndiGo,6E 597,2026-10-23,45,economy,,,10903.0,False,17:45,ok,2026-09-08T03:11:41.611541+05:30,2026-09-08_0311IST,airline_direct,IndiGo
MAA,DEL,6E,IndiGo,6E 848,2026-10-23,45,economy,,,12137.0,False,17:50,ok,2026-09-08T03:11:41.611541+05:30,2026-09-08_0311IST,airline_direct,IndiGo
MAA,DEL,6E,IndiGo,6E 539,2026-10-23,45,economy,,,13277.0,False,11:25,ok,2026-09-08T03:11:41.611541+05:30,2026-09-08_0311IST,airline_direct,IndiGo
MAA,DEL,6E,IndiGo,6E 6079,2026-10-23,45,economy,,,13607.0,False,10:15,ok,2026-09-08T03:11:41.611541+05:30,2026-09-08_0311IST,airline_direct,IndiGo
MAA,DEL,6E,IndiGo,6E 244,2026-10-23,45,economy,,,14331.0,False,03:55,ok,2026-09-08T03:11:41.611541+05:30,2026-09-08_0311IST,airline_direct,IndiGo
MAA,DEL,6E,IndiGo,6E 973,2026-10-23,45,business,,,38487.0,False,11:55,ok,2026-09-08T03:11:41.611541+05:30,2026-09-08_0311IST,airline_direct,IndiGo
MAA,DEL,6E,IndiGo,6E 973,2026-10-23,45,economy,,,14373.0,False,11:55,ok,2026-09-08T03:11:41.611541+05:30,2026-09-08_0311IST,airline_direct,IndiGo
MAA,DEL,6E,IndiGo,6E 321,2026-10-23,45,business,,,36667.0,False,08:20,ok,2026-09-08T03:11:41.611541+05:30,2026-09-08_0311IST,airline_direct,IndiGo
MAA,DEL,6E,IndiGo,6E 321,2026-10-23,45,economy,,,23176.0,False,08:20,ok,2026-09-08T03:11:41.611541+05:30,2026-09-08_0311IST,airline_direct,IndiGo
MAA,DEL,6E,IndiGo,6E 986,2026-10-23,45,business,,,38909.0,False,15:05,ok,2026-09-08T03:11:41.611541+05:30,2026-09-08_0311IST,airline_direct,IndiGo
MAA,DEL,6E,IndiGo,6E 986,2026-10-23,45,economy,,,24541.0,False,15:05,ok,2026-09-08T03:11:41.611541+05:30,2026-09-08_0311IST,airline_direct,IndiGo
MAA,DEL,6E,IndiGo,6E 264,2026-10-23,45,business,,,39971.0,False,23:20,ok,2026-09-08T03:11:41.611541+05:30,2026-09-08_0311IST,airline_direct,IndiGo
MAA,DEL,6E,IndiGo,6E 264,2026-10-23,45,economy,,,25486.0,False,23:20,ok,2026-09-08T03:11:41.611541+05:30,2026-09-08_0311IST,airline_direct,IndiGo
