origin,destination,carrier_code,carrier_name,flight_num,travel_date,advance_purchase_days,fare_class,base_fare,taxes_and_fees,total_fare,fare_split_estimated,departure_time,status,scraped_at,capture_run,source,source_name
DEL,BOM,6E,IndiGo,6E 449,2026-09-17,1,business,,,24260.0,False,05:00,ok,2026-09-16T01:55:03.270732+05:30,2026-09-16_0155IST,airline_direct,IndiGo
DEL,BOM,6E,IndiGo,6E 449,2026-09-17,1,economy,,,6305.0,False,05:00,ok,2026-09-16T01:55:03.270732+05:30,2026-09-16_0155IST,airline_direct,IndiGo
DEL,BOM,6E,IndiGo,6E 6218,2026-09-17,1,business,,,24260.0,False,06:05,ok,2026-09-16T01:55:03.270732+05:30,2026-09-16_0155IST,airline_direct,IndiGo
DEL,BOM,6E,IndiGo,6E 6218,2026-09-17,1,economy,,,6305.0,False,06:05,ok,2026-09-16T01:55:03.270732+05:30,2026-09-16_0155IST,airline_direct,IndiGo
DEL,BOM,6E,IndiGo,6E 6107,2026-09-17,1,business,,,24260.0,False,09:30,ok,2026-09-16T01:55:03.270732+05:30,2026-09-16_0155IST,airline_direct,IndiGo
DEL,BOM,6E,IndiGo,6E 6107,2026-09-17,1,economy,,,6305.0,False,09:30,ok,2026-09-16T01:55:03.270732+05:30,2026-09-16_0155IST,airline_direct,IndiGo
DEL,BOM,6E,IndiGo,6E 6328,2026-09-17,1,business,,,24260.0,False,10:15,ok,2026-09-16T01:55:03.270732+05:30,2026-09-16_0155IST,airline_direct,IndiGo
DEL,BOM,6E,IndiGo,6E 6328,2026-09-17,1,economy,,,6305.0,False,10:15,ok,2026-09-16T01:55:03.270732+05:30,2026-09-16_0155IST,airline_direct,IndiGo
DEL,BOM,6E,IndiGo,6E 6047,2026-09-17,1,business,,,24260.0,False,11:00,ok,2026-09-16T01:55:03.270732+05:30,2026-09-16_0155IST,airline_direct,IndiGo
DEL,BOM,6E,IndiGo,6E 6047,2026-09-17,1,economy,,,6305.0,False,11:00,ok,2026-09-16T01:55:03.270732+05:30,2026-09-16_0155IST,airline_direct,IndiGo
DEL,BOM,6E,IndiGo,6E 6676,2026-09-17,1,business,,,24260.0,False,12:00,ok,2026-09-16T01:55:03.270732+05:30,2026-09-16_0155IST,airline_direct,IndiGo
DEL,BOM,6E,IndiGo,6E 6676,2026-09-17,1,economy,,,6305.0,False,12:00,ok,2026-09-16T01:55:03.270732+05:30,2026-09-16_0155IST,airline_direct,IndiGo
DEL,BOM,6E,IndiGo,6E 324,2026-09-17,1,business,,,28443.0,False,13:00,ok,2026-09-16T01:55:03.270732+05:30,2026-09-16_0155IST,airline_direct,IndiGo
DEL,BOM,6E,IndiGo,6E 324,2026-09-17,1,economy,,,6305.0,False,13:00,ok,2026-09-16T01:55:03.270732+05:30,2026-09-16_0155IST,airline_direct,IndiGo
DEL,BOM,6E,IndiGo,6E 6022,2026-09-17,1,business,,,24260.0,False,14:00,ok,2026-09-16T01:55:03.270732+05:30,2026-09-16_0155IST,airline_direct,IndiGo
DEL,BOM,6E,IndiGo,6E 6022,2026-09-17,1,economy,,,6305.0,False,14:00,ok,2026-09-16T01:55:03.270732+05:30,2026-09-16_0155IST,airline_direct,IndiGo
DEL,BOM,6E,IndiGo,6E 6318,2026-09-17,1,business,,,24260.0,False,14:45,ok,2026-09-16T01:55:03.270732+05:30,2026-09-16_0155IST,airline_direct,IndiGo
DEL,BOM,6E,IndiGo,6E 6318,2026-09-17,1,economy,,,6305.0,False,14:45,ok,2026-09-16T01:55:03.270732+05:30,2026-09-16_0155IST,airline_direct,IndiGo
DEL,BOM,6E,IndiGo,6E 864,2026-09-17,1,business,,,24260.0,False,15:30,ok,2026-09-16T01:55:03.270732+05:30,2026-09-16_0155IST,airline_direct,IndiGo
DEL,BOM,6E,IndiGo,6E 864,2026-09-17,1,economy,,,6305.0,False,15:30,ok,2026-09-16T01:55:03.270732+05:30,2026-09-16_0155IST,airline_direct,IndiGo
DEL,BOM,6E,IndiGo,6E 327,2026-09-17,1,business,,,33500.0,False,16:15,ok,2026-09-16T01:55:03.270732+05:30,2026-09-16_0155IST,airline_direct,IndiGo
DEL,BOM,6E,IndiGo,6E 327,2026-09-17,1,economy,,,6305.0,False,16:15,ok,2026-09-16T01:55:03.270732+05:30,2026-09-16_0155IST,airline_direct,IndiGo
DEL,BOM,6E,IndiGo,6E 6114,2026-09-17,1,business,,,24260.0,False,22:45,ok,2026-09-16T01:55:03.270732+05:30,2026-09-16_0155IST,airline_direct,IndiGo
DEL,BOM,6E,IndiGo,6E 6114,2026-09-17,1,economy,,,6305.0,False,22:45,ok,2026-09-16T01:55:03.270732+05:30,2026-09-16_0155IST,airline_direct,IndiGo
DEL,BOM,6E,IndiGo,6E 675,2026-09-17,1,business,,,33500.0,False,08:45,ok,2026-09-16T01:55:03.270732+05:30,2026-09-16_0155IST,airline_direct,IndiGo
DEL,BOM,6E,IndiGo,6E 675,2026-09-17,1,economy,,,6357.0,False,08:45,ok,2026-09-16T01:55:03.270732+05:30,2026-09-16_0155IST,airline_direct,IndiGo
DEL,BOM,6E,IndiGo,6E 6706,2026-09-17,1,business,,,28443.0,False,17:00,ok,2026-09-16T01:55:03.270732+05:30,2026-09-16_0155IST,airline_direct,IndiGo
DEL,BOM,6E,IndiGo,6E 6706,2026-09-17,1,economy,,,6357.0,False,17:00,ok,2026-09-16T01:55:03.270732+05:30,2026-09-16_0155IST,airline_direct,IndiGo
DEL,BOM,6E,IndiGo,6E 395,2026-09-17,1,business,,,24260.0,False,21:45,ok,2026-09-16T01:55:03.270732+05:30,2026-09-16_0155IST,airline_direct,IndiGo
DEL,BOM,6E,IndiGo,6E 395,2026-09-17,1,economy,,,6357.0,False,21:45,ok,2026-09-16T01:55:03.270732+05:30,2026-09-16_0155IST,airline_direct,IndiGo
DEL,BOM,6E,IndiGo,6E 322,2026-09-17,1,business,,,24260.0,False,23:30,ok,2026-09-16T01:55:03.270732+05:30,2026-09-16_0155IST,airline_direct,IndiGo
DEL,BOM,6E,IndiGo,6E 322,2026-09-17,1,economy,,,6357.0,False,23:30,ok,2026-09-16T01:55:03.270732+05:30,2026-09-16_0155IST,airline_direct,IndiGo
DEL,BOM,6E,IndiGo,6E 853,2026-09-17,1,business,,,28443.0,False,20:45,ok,2026-09-16T01:55:03.270732+05:30,2026-09-16_0155IST,airline_direct,IndiGo
DEL,BOM,6E,IndiGo,6E 853,2026-09-17,1,economy,,,6431.0,False,20:45,ok,2026-09-16T01:55:03.270732+05:30,2026-09-16_0155IST,airline_direct,IndiGo
DEL,BOM,6E,IndiGo,6E 6814,2026-09-17,1,business,,,33500.0,False,07:15,ok,2026-09-16T01:55:03.270732+05:30,2026-09-16_0155IST,airline_direct,IndiGo
DEL,BOM,6E,IndiGo,6E 6814,2026-09-17,1,economy,,,6688.0,False,07:15,ok,2026-09-16T01:55:03.270732+05:30,2026-09-16_0155IST,airline_direct,IndiGo
DEL,BOM,6E,IndiGo,6E 320,2026-09-17,1,business,,,24260.0,False,08:00,ok,2026-09-16T01:55:03.270732+05:30,2026-09-16_0155IST,airline_direct,IndiGo
DEL,BOM,6E,IndiGo,6E 320,2026-09-17,1,economy,,,6688.0,False,08:00,ok,2026-09-16T01:55:03.270732+05:30,2026-09-16_0155IST,airline_direct,IndiGo
DEL,BOM,6E,IndiGo,6E 329,2026-09-17,1,business,,,33500.0,False,18:00,ok,2026-09-16T01:55:03.270732+05:30,2026-09-16_0155IST,airline_direct,IndiGo
DEL,BOM,6E,IndiGo,6E 329,2026-09-17,1,economy,,,7003.0,False,18:00,ok,2026-09-16T01:55:03.270732+05:30,2026-09-16_0155IST,airline_direct,IndiGo
DEL,BOM,6E,IndiGo,6E 303,2026-09-17,1,economy,,,7003.0,False,20:00,ok,2026-09-16T01:55:03.270732+05:30,2026-09-16_0155IST,airline_direct,IndiGo
DEL,BOM,6E,IndiGo,6E 354,2026-09-17,1,business,,,33500.0,False,19:00,ok,2026-09-16T01:55:03.270732+05:30,2026-09-16_0155IST,airline_direct,IndiGo
DEL,BOM,6E,IndiGo,6E 354,2026-09-17,1,economy,,,7318.0,False,19:00,ok,2026-09-16T01:55:03.270732+05:30,2026-09-16_0155IST,airline_direct,IndiGo
DEL,BOM,6E,IndiGo,6E 5119,2026-09-17,1,economy,,,6618.0,False,05:10,ok,2026-09-16T01:55:03.270732+05:30,2026-09-16_0155IST,airline_direct,IndiGo
DEL,BOM,6E,IndiGo,6E 6171,2026-09-17,1,economy,,,6618.0,False,05:40,ok,2026-09-16T01:55:03.270732+05:30,2026-09-16_0155IST,airline_direct,IndiGo
DEL,BOM,6E,IndiGo,6E 6983,2026-09-17,1,economy,,,6618.0,False,15:35,ok,2026-09-16T01:55:03.270732+05:30,2026-09-16_0155IST,airline_direct,IndiGo
DEL,BOM,6E,IndiGo,6E 5033,2026-09-17,1,economy,,,6618.0,False,15:50,ok,2026-09-16T01:55:03.270732+05:30,2026-09-16_0155IST,airline_direct,IndiGo
DEL,BOM,6E,IndiGo,6E 6459,2026-09-17,1,economy,,,6750.0,False,05:55,ok,2026-09-16T01:55:03.270732+05:30,2026-09-16_0155IST,airline_direct,IndiGo
DEL,BOM,6E,IndiGo,6E 6443,2026-09-17,1,economy,,,6750.0,False,09:00,ok,2026-09-16T01:55:03.270732+05:30,2026-09-16_0155IST,airline_direct,IndiGo
DEL,BOM,6E,IndiGo,6E 2249,2026-09-17,1,economy,,,6750.0,False,15:00,ok,2026-09-16T01:55:03.270732+05:30,2026-09-16_0155IST,airline_direct,IndiGo
DEL,BOM,6E,IndiGo,6E 6433,2026-09-17,1,economy,,,6750.0,False,16:30,ok,2026-09-16T01:55:03.270732+05:30,2026-09-16_0155IST,airline_direct,IndiGo
DEL,BOM,6E,IndiGo,6E 6829,2026-09-17,1,economy,,,6750.0,False,17:20,ok,2026-09-16T01:55:03.270732+05:30,2026-09-16_0155IST,airline_direct,IndiGo
DEL,BOM,6E,IndiGo,6E 6829,2026-09-17,1,economy,,,6750.0,False,17:20,ok,2026-09-16T01:55:03.270732+05:30,2026-09-16_0155IST,airline_direct,IndiGo
DEL,BOM,6E,IndiGo,6E 5138,2026-09-17,1,economy,,,6750.0,False,19:10,ok,2026-09-16T01:55:03.270732+05:30,2026-09-16_0155IST,airline_direct,IndiGo
DEL,BOM,6E,IndiGo,6E 2169,2026-09-17,1,economy,,,6750.0,False,19:40,ok,2026-09-16T01:55:03.270732+05:30,2026-09-16_0155IST,airline_direct,IndiGo
DEL,BOM,6E,IndiGo,6E 6050,2026-09-17,1,economy,,,6828.0,False,08:15,ok,2026-09-16T01:55:03.270732+05:30,2026-09-16_0155IST,airline_direct,IndiGo
DEL,BOM,6E,IndiGo,6E 5298,2026-09-17,1,economy,,,6828.0,False,09:00,ok,2026-09-16T01:55:03.270732+05:30,2026-09-16_0155IST,airline_direct,IndiGo
DEL,BOM,6E,IndiGo,6E 5206,2026-09-17,1,economy,,,6828.0,False,13:20,ok,2026-09-16T01:55:03.270732+05:30,2026-09-16_0155IST,airline_direct,IndiGo
DEL,BOM,6E,IndiGo,6E 5038,2026-09-17,1,economy,,,6828.0,False,14:00,ok,2026-09-16T01:55:03.270732+05:30,2026-09-16_0155IST,airline_direct,IndiGo
DEL,BOM,6E,IndiGo,6E 2151,2026-09-17,1,economy,,,6828.0,False,19:45,ok,2026-09-16T01:55:03.270732+05:30,2026-09-16_0155IST,airline_direct,IndiGo
DEL,BOM,6E,IndiGo,6E 704,2026-09-17,1,business,,,36166.0,False,02:25,ok,2026-09-16T01:55:03.270732+05:30,2026-09-16_0155IST,airline_direct,IndiGo
DEL,BOM,6E,IndiGo,6E 704,2026-09-17,1,economy,,,6960.0,False,02:25,ok,2026-09-16T01:55:03.270732+05:30,2026-09-16_0155IST,airline_direct,IndiGo
DEL,BOM,6E,IndiGo,6E 6293,2026-09-17,1,business,,,37561.0,False,09:55,ok,2026-09-16T01:55:03.270732+05:30,2026-09-16_0155IST,airline_direct,IndiGo
DEL,BOM,6E,IndiGo,6E 6293,2026-09-17,1,economy,,,6960.0,False,09:55,ok,2026-09-16T01:55:03.270732+05:30,2026-09-16_0155IST,airline_direct,IndiGo
DEL,BOM,6E,IndiGo,6E 6497,2026-09-17,1,economy,,,6960.0,False,18:40,ok,2026-09-16T01:55:03.270732+05:30,2026-09-16_0155IST,airline_direct,IndiGo
DEL,BOM,6E,IndiGo,6E 882,2026-09-17,1,business,,,29592.0,False,23:15,ok,2026-09-16T01:55:03.270732+05:30,2026-09-16_0155IST,airline_direct,IndiGo
DEL,BOM,6E,IndiGo,6E 882,2026-09-17,1,economy,,,6960.0,False,23:15,ok,2026-09-16T01:55:03.270732+05:30,2026-09-16_0155IST,airline_direct,IndiGo
DEL,BOM,6E,IndiGo,6E 358,2026-09-17,1,economy,,,7038.0,False,12:15,ok,2026-09-16T01:55:03.270732+05:30,2026-09-16_0155IST,airline_direct,IndiGo
DEL,BOM,6E,IndiGo,6E 758,2026-09-17,1,economy,,,7352.0,False,16:10,ok,2026-09-16T01:55:03.270732+05:30,2026-09-16_0155IST,airline_direct,IndiGo
DEL,BOM,6E,IndiGo,6E 6479,2026-09-17,1,economy,,,7352.0,False,21:25,ok,2026-09-16T01:55:03.270732+05:30,2026-09-16_0155IST,airline_direct,IndiGo
DEL,BOM,6E,IndiGo,6E 6601,2026-09-17,1,business,,,36166.0,False,19:45,ok,2026-09-16T01:55:03.270732+05:30,2026-09-16_0155IST,airline_direct,IndiGo
DEL,BOM,6E,IndiGo,6E 6601,2026-09-17,1,economy,,,7484.0,False,19:45,ok,2026-09-16T01:55:03.270732+05:30,2026-09-16_0155IST,airline_direct,IndiGo
DEL,BOM,6E,IndiGo,6E 5119,2026-09-17,1,economy,,,7718.0,False,05:10,ok,2026-09-16T01:55:03.270732+05:30,2026-09-16_0155IST,airline_direct,IndiGo
DEL,BOM,6E,IndiGo,6E 2013,2026-09-17,1,economy,,,7718.0,False,21:50,ok,2026-09-16T01:55:03.270732+05:30,2026-09-16_0155IST,airline_direct,IndiGo
DEL,BOM,6E,IndiGo,6E 6282,2026-09-17,1,business,,,42350.0,False,13:30,ok,2026-09-16T01:55:03.270732+05:30,2026-09-16_0155IST,airline_direct,IndiGo
DEL,BOM,6E,IndiGo,6E 6282,2026-09-17,1,economy,,,8059.0,False,13:30,ok,2026-09-16T01:55:03.270732+05:30,2026-09-16_0155IST,airline_direct,IndiGo
DEL,BOM,6E,IndiGo,6E 6282,2026-09-17,1,business,,,42350.0,False,13:30,ok,2026-09-16T01:55:03.270732+05:30,2026-09-16_0155IST,airline_direct,IndiGo
DEL,BOM,6E,IndiGo,6E 6282,2026-09-17,1,economy,,,8059.0,False,13:30,ok,2026-09-16T01:55:03.270732+05:30,2026-09-16_0155IST,airline_direct,IndiGo
DEL,BOM,6E,IndiGo,6E 5073,2026-09-17,1,economy,,,8351.0,False,17:05,ok,2026-09-16T01:55:03.270732+05:30,2026-09-16_0155IST,airline_direct,IndiGo
DEL,BOM,6E,IndiGo,6E 2298,2026-09-17,1,economy,,,9812.0,False,09:45,ok,2026-09-16T01:55:03.270732+05:30,2026-09-16_0155IST,airline_direct,IndiGo
DEL,BOM,6E,IndiGo,6E 5073,2026-09-17,1,economy,,,9812.0,False,17:05,ok,2026-09-16T01:55:03.270732+05:30,2026-09-16_0155IST,airline_direct,IndiGo
DEL,BOM,6E,IndiGo,6E 6488,2026-09-17,1,economy,,,9943.0,False,11:20,ok,2026-09-16T01:55:03.270732+05:30,2026-09-16_0155IST,airline_direct,IndiGo
DEL,BOM,6E,IndiGo,6E 704,2026-09-17,1,business,,,36166.0,False,02:25,ok,2026-09-16T01:55:03.270732+05:30,2026-09-16_0155IST,airline_direct,IndiGo
DEL,BOM,6E,IndiGo,6E 704,2026-09-17,1,economy,,,10153.0,False,02:25,ok,2026-09-16T01:55:03.270732+05:30,2026-09-16_0155IST,airline_direct,IndiGo
DEL,BOM,6E,IndiGo,6E 357,2026-09-17,1,economy,,,10232.0,False,19:30,ok,2026-09-16T01:55:03.270732+05:30,2026-09-16_0155IST,airline_direct,IndiGo
DEL,BOM,6E,IndiGo,6E 6261,2026-09-17,1,economy,,,10425.0,False,00:15,ok,2026-09-16T01:55:03.270732+05:30,2026-09-16_0155IST,airline_direct,IndiGo
DEL,BOM,6E,IndiGo,6E 2349,2026-09-17,1,economy,,,11427.0,False,10:55,ok,2026-09-16T01:55:03.270732+05:30,2026-09-16_0155IST,airline_direct,IndiGo
DEL,BOM,6E,IndiGo,6E 2331,2026-09-17,1,economy,,,11577.0,False,12:20,ok,2026-09-16T01:55:03.270732+05:30,2026-09-16_0155IST,airline_direct,IndiGo
DEL,BOM,6E,IndiGo,6E 2381,2026-09-17,1,economy,,,12934.0,False,13:45,ok,2026-09-16T01:55:03.270732+05:30,2026-09-16_0155IST,airline_direct,IndiGo
DEL,BOM,6E,IndiGo,6E 931,2026-09-17,1,economy,,,13710.0,False,19:35,ok,2026-09-16T01:55:03.270732+05:30,2026-09-16_0155IST,airline_direct,IndiGo
DEL,BOM,6E,IndiGo,6E 2341,2026-09-17,1,economy,,,14939.0,False,14:50,ok,2026-09-16T01:55:03.270732+05:30,2026-09-16_0155IST,airline_direct,IndiGo
DEL,BOM,6E,IndiGo,6E 705,2026-09-17,1,business,,,37561.0,False,08:30,ok,2026-09-16T01:55:03.270732+05:30,2026-09-16_0155IST,airline_direct,IndiGo
DEL,BOM,6E,IndiGo,6E 705,2026-09-17,1,economy,,,17185.0,False,08:30,ok,2026-09-16T01:55:03.270732+05:30,2026-09-16_0155IST,airline_direct,IndiGo
DEL,BOM,6E,IndiGo,6E 2076,2026-09-17,1,economy,,,17773.0,False,07:30,ok,2026-09-16T01:55:03.270732+05:30,2026-09-16_0155IST,airline_direct,IndiGo
DEL,BOM,6E,IndiGo,6E 5014,2026-09-17,1,economy,,,17941.0,False,18:30,ok,2026-09-16T01:55:03.270732+05:30,2026-09-16_0155IST,airline_direct,IndiGo
DEL,BOM,6E,IndiGo,6E 2496,2026-09-17,1,economy,,,19115.0,False,12:40,ok,2026-09-16T01:55:03.270732+05:30,2026-09-16_0155IST,airline_direct,IndiGo
DEL,BLR,6E,IndiGo,6E 820,2026-09-17,1,business,,,29942.0,False,03:00,ok,2026-09-16T01:56:04.290666+05:30,2026-09-16_0156IST,airline_direct,IndiGo
DEL,BLR,6E,IndiGo,6E 820,2026-09-17,1,economy,,,8671.0,False,03:00,ok,2026-09-16T01:56:04.290666+05:30,2026-09-16_0156IST,airline_direct,IndiGo
DEL,BLR,6E,IndiGo,6E 2314,2026-09-17,1,business,,,29942.0,False,05:45,ok,2026-09-16T01:56:04.290666+05:30,2026-09-16_0156IST,airline_direct,IndiGo
DEL,BLR,6E,IndiGo,6E 2314,2026-09-17,1,economy,,,8671.0,False,05:45,ok,2026-09-16T01:56:04.290666+05:30,2026-09-16_0156IST,airline_direct,IndiGo
DEL,BLR,6E,IndiGo,6E 850,2026-09-17,1,business,,,29942.0,False,12:20,ok,2026-09-16T01:56:04.290666+05:30,2026-09-16_0156IST,airline_direct,IndiGo
DEL,BLR,6E,IndiGo,6E 850,2026-09-17,1,economy,,,8671.0,False,12:20,ok,2026-09-16T01:56:04.290666+05:30,2026-09-16_0156IST,airline_direct,IndiGo
DEL,BLR,6E,IndiGo,6E 176,2026-09-17,1,business,,,29942.0,False,13:15,ok,2026-09-16T01:56:04.290666+05:30,2026-09-16_0156IST,airline_direct,IndiGo
DEL,BLR,6E,IndiGo,6E 176,2026-09-17,1,economy,,,8671.0,False,13:15,ok,2026-09-16T01:56:04.290666+05:30,2026-09-16_0156IST,airline_direct,IndiGo
DEL,BLR,6E,IndiGo,6E 828,2026-09-17,1,business,,,29942.0,False,14:30,ok,2026-09-16T01:56:04.290666+05:30,2026-09-16_0156IST,airline_direct,IndiGo
DEL,BLR,6E,IndiGo,6E 828,2026-09-17,1,economy,,,8671.0,False,14:30,ok,2026-09-16T01:56:04.290666+05:30,2026-09-16_0156IST,airline_direct,IndiGo
DEL,BLR,6E,IndiGo,6E 880,2026-09-17,1,business,,,29942.0,False,15:45,ok,2026-09-16T01:56:04.290666+05:30,2026-09-16_0156IST,airline_direct,IndiGo
DEL,BLR,6E,IndiGo,6E 880,2026-09-17,1,economy,,,8671.0,False,15:45,ok,2026-09-16T01:56:04.290666+05:30,2026-09-16_0156IST,airline_direct,IndiGo
DEL,BLR,6E,IndiGo,6E 846,2026-09-17,1,business,,,29942.0,False,22:00,ok,2026-09-16T01:56:04.290666+05:30,2026-09-16_0156IST,airline_direct,IndiGo
DEL,BLR,6E,IndiGo,6E 846,2026-09-17,1,economy,,,8671.0,False,22:00,ok,2026-09-16T01:56:04.290666+05:30,2026-09-16_0156IST,airline_direct,IndiGo
DEL,BLR,6E,IndiGo,6E 871,2026-09-17,1,business,,,29942.0,False,23:30,ok,2026-09-16T01:56:04.290666+05:30,2026-09-16_0156IST,airline_direct,IndiGo
DEL,BLR,6E,IndiGo,6E 871,2026-09-17,1,economy,,,8671.0,False,23:30,ok,2026-09-16T01:56:04.290666+05:30,2026-09-16_0156IST,airline_direct,IndiGo
DEL,BLR,6E,IndiGo,6E 837,2026-09-17,1,business,,,31228.0,False,17:00,ok,2026-09-16T01:56:04.290666+05:30,2026-09-16_0156IST,airline_direct,IndiGo
DEL,BLR,6E,IndiGo,6E 837,2026-09-17,1,economy,,,9128.0,False,17:00,ok,2026-09-16T01:56:04.290666+05:30,2026-09-16_0156IST,airline_direct,IndiGo
DEL,BLR,6E,IndiGo,6E 811,2026-09-17,1,business,,,29942.0,False,18:20,ok,2026-09-16T01:56:04.290666+05:30,2026-09-16_0156IST,airline_direct,IndiGo
DEL,BLR,6E,IndiGo,6E 811,2026-09-17,1,economy,,,9128.0,False,18:20,ok,2026-09-16T01:56:04.290666+05:30,2026-09-16_0156IST,airline_direct,IndiGo
DEL,BLR,6E,IndiGo,6E 6515,2026-09-17,1,business,,,29942.0,False,20:45,ok,2026-09-16T01:56:04.290666+05:30,2026-09-16_0156IST,airline_direct,IndiGo
DEL,BLR,6E,IndiGo,6E 6515,2026-09-17,1,economy,,,9128.0,False,20:45,ok,2026-09-16T01:56:04.290666+05:30,2026-09-16_0156IST,airline_direct,IndiGo
DEL,BLR,6E,IndiGo,6E 810,2026-09-17,1,business,,,31228.0,False,07:05,ok,2026-09-16T01:56:04.290666+05:30,2026-09-16_0156IST,airline_direct,IndiGo
DEL,BLR,6E,IndiGo,6E 810,2026-09-17,1,economy,,,9613.0,False,07:05,ok,2026-09-16T01:56:04.290666+05:30,2026-09-16_0156IST,airline_direct,IndiGo
DEL,BLR,6E,IndiGo,6E 873,2026-09-17,1,business,,,31228.0,False,08:20,ok,2026-09-16T01:56:04.290666+05:30,2026-09-16_0156IST,airline_direct,IndiGo
DEL,BLR,6E,IndiGo,6E 873,2026-09-17,1,economy,,,9613.0,False,08:20,ok,2026-09-16T01:56:04.290666+05:30,2026-09-16_0156IST,airline_direct,IndiGo
DEL,BLR,6E,IndiGo,6E 826,2026-09-17,1,business,,,29942.0,False,09:30,ok,2026-09-16T01:56:04.290666+05:30,2026-09-16_0156IST,airline_direct,IndiGo
DEL,BLR,6E,IndiGo,6E 826,2026-09-17,1,economy,,,9613.0,False,09:30,ok,2026-09-16T01:56:04.290666+05:30,2026-09-16_0156IST,airline_direct,IndiGo
DEL,BLR,6E,IndiGo,6E 842,2026-09-17,1,business,,,29942.0,False,10:45,ok,2026-09-16T01:56:04.290666+05:30,2026-09-16_0156IST,airline_direct,IndiGo
DEL,BLR,6E,IndiGo,6E 842,2026-09-17,1,economy,,,9613.0,False,10:45,ok,2026-09-16T01:56:04.290666+05:30,2026-09-16_0156IST,airline_direct,IndiGo
DEL,BLR,6E,IndiGo,6E 861,2026-09-17,1,business,,,29942.0,False,19:30,ok,2026-09-16T01:56:04.290666+05:30,2026-09-16_0156IST,airline_direct,IndiGo
DEL,BLR,6E,IndiGo,6E 861,2026-09-17,1,economy,,,11257.0,False,19:30,ok,2026-09-16T01:56:04.290666+05:30,2026-09-16_0156IST,airline_direct,IndiGo
DEL,BLR,6E,IndiGo,6E 2151,2026-09-17,1,economy,,,8844.0,False,19:45,ok,2026-09-16T01:56:04.290666+05:30,2026-09-16_0156IST,airline_direct,IndiGo
DEL,BLR,6E,IndiGo,6E 6476,2026-09-17,1,economy,,,9084.0,False,07:05,ok,2026-09-16T01:56:04.290666+05:30,2026-09-16_0156IST,airline_direct,IndiGo
DEL,BLR,6E,IndiGo,6E 2319,2026-09-17,1,economy,,,9684.0,False,09:55,ok,2026-09-16T01:56:04.290666+05:30,2026-09-16_0156IST,airline_direct,IndiGo
DEL,BLR,6E,IndiGo,6E 6433,2026-09-17,1,economy,,,9867.0,False,16:30,ok,2026-09-16T01:56:04.290666+05:30,2026-09-16_0156IST,airline_direct,IndiGo
DEL,BLR,6E,IndiGo,6E 704,2026-09-17,1,business,,,33488.0,False,02:25,ok,2026-09-16T01:56:04.290666+05:30,2026-09-16_0156IST,airline_direct,IndiGo
DEL,BLR,6E,IndiGo,6E 704,2026-09-17,1,economy,,,9946.0,False,02:25,ok,2026-09-16T01:56:04.290666+05:30,2026-09-16_0156IST,airline_direct,IndiGo
DEL,BLR,6E,IndiGo,6E 884,2026-09-17,1,business,,,33488.0,False,11:45,ok,2026-09-16T01:56:04.290666+05:30,2026-09-16_0156IST,airline_direct,IndiGo
DEL,BLR,6E,IndiGo,6E 884,2026-09-17,1,economy,,,9946.0,False,11:45,ok,2026-09-16T01:56:04.290666+05:30,2026-09-16_0156IST,airline_direct,IndiGo
DEL,BLR,6E,IndiGo,6E 6282,2026-09-17,1,business,,,36945.0,False,13:30,ok,2026-09-16T01:56:04.290666+05:30,2026-09-16_0156IST,airline_direct,IndiGo
DEL,BLR,6E,IndiGo,6E 6282,2026-09-17,1,economy,,,9946.0,False,13:30,ok,2026-09-16T01:56:04.290666+05:30,2026-09-16_0156IST,airline_direct,IndiGo
DEL,BLR,6E,IndiGo,6E 717,2026-09-17,1,business,,,35863.0,False,17:55,ok,2026-09-16T01:56:04.290666+05:30,2026-09-16_0156IST,airline_direct,IndiGo
DEL,BLR,6E,IndiGo,6E 717,2026-09-17,1,economy,,,9946.0,False,17:55,ok,2026-09-16T01:56:04.290666+05:30,2026-09-16_0156IST,airline_direct,IndiGo
DEL,BLR,6E,IndiGo,6E 5119,2026-09-17,1,economy,,,10077.0,False,05:10,ok,2026-09-16T01:56:04.290666+05:30,2026-09-16_0156IST,airline_direct,IndiGo
DEL,BLR,6E,IndiGo,6E 6459,2026-09-17,1,economy,,,10077.0,False,05:55,ok,2026-09-16T01:56:04.290666+05:30,2026-09-16_0156IST,airline_direct,IndiGo
DEL,BLR,6E,IndiGo,6E 6470,2026-09-17,1,economy,,,10077.0,False,06:55,ok,2026-09-16T01:56:04.290666+05:30,2026-09-16_0156IST,airline_direct,IndiGo
DEL,BLR,6E,IndiGo,6E 6488,2026-09-17,1,economy,,,10077.0,False,11:20,ok,2026-09-16T01:56:04.290666+05:30,2026-09-16_0156IST,airline_direct,IndiGo
DEL,BLR,6E,IndiGo,6E 6022,2026-09-17,1,business,,,40536.0,False,14:00,ok,2026-09-16T01:56:04.290666+05:30,2026-09-16_0156IST,airline_direct,IndiGo
DEL,BLR,6E,IndiGo,6E 6022,2026-09-17,1,economy,,,10077.0,False,14:00,ok,2026-09-16T01:56:04.290666+05:30,2026-09-16_0156IST,airline_direct,IndiGo
DEL,BLR,6E,IndiGo,6E 2557,2026-09-17,1,economy,,,10077.0,False,15:20,ok,2026-09-16T01:56:04.290666+05:30,2026-09-16_0156IST,airline_direct,IndiGo
DEL,BLR,6E,IndiGo,6E 864,2026-09-17,1,business,,,40536.0,False,15:30,ok,2026-09-16T01:56:04.290666+05:30,2026-09-16_0156IST,airline_direct,IndiGo
DEL,BLR,6E,IndiGo,6E 864,2026-09-17,1,economy,,,10077.0,False,15:30,ok,2026-09-16T01:56:04.290666+05:30,2026-09-16_0156IST,airline_direct,IndiGo
DEL,BLR,6E,IndiGo,6E 734,2026-09-17,1,economy,,,10077.0,False,16:20,ok,2026-09-16T01:56:04.290666+05:30,2026-09-16_0156IST,airline_direct,IndiGo
DEL,BLR,6E,IndiGo,6E 6437,2026-09-17,1,business,,,26816.0,False,16:25,ok,2026-09-16T01:56:04.290666+05:30,2026-09-16_0156IST,airline_direct,IndiGo
DEL,BLR,6E,IndiGo,6E 6437,2026-09-17,1,economy,,,10077.0,False,16:25,ok,2026-09-16T01:56:04.290666+05:30,2026-09-16_0156IST,airline_direct,IndiGo
DEL,BLR,6E,IndiGo,6E 6706,2026-09-17,1,business,,,44135.0,False,17:00,ok,2026-09-16T01:56:04.290666+05:30,2026-09-16_0156IST,airline_direct,IndiGo
DEL,BLR,6E,IndiGo,6E 6706,2026-09-17,1,economy,,,10077.0,False,17:00,ok,2026-09-16T01:56:04.290666+05:30,2026-09-16_0156IST,airline_direct,IndiGo
DEL,BLR,6E,IndiGo,6E 5073,2026-09-17,1,economy,,,10077.0,False,17:05,ok,2026-09-16T01:56:04.290666+05:30,2026-09-16_0156IST,airline_direct,IndiGo
DEL,BLR,6E,IndiGo,6E 6829,2026-09-17,1,economy,,,10077.0,False,17:20,ok,2026-09-16T01:56:04.290666+05:30,2026-09-16_0156IST,airline_direct,IndiGo
DEL,BLR,6E,IndiGo,6E 329,2026-09-17,1,business,,,47911.0,False,18:00,ok,2026-09-16T01:56:04.290666+05:30,2026-09-16_0156IST,airline_direct,IndiGo
DEL,BLR,6E,IndiGo,6E 329,2026-09-17,1,economy,,,10077.0,False,18:00,ok,2026-09-16T01:56:04.290666+05:30,2026-09-16_0156IST,airline_direct,IndiGo
DEL,BLR,6E,IndiGo,6E 329,2026-09-17,1,business,,,47911.0,False,18:00,ok,2026-09-16T01:56:04.290666+05:30,2026-09-16_0156IST,airline_direct,IndiGo
DEL,BLR,6E,IndiGo,6E 329,2026-09-17,1,economy,,,10077.0,False,18:00,ok,2026-09-16T01:56:04.290666+05:30,2026-09-16_0156IST,airline_direct,IndiGo
DEL,BLR,6E,IndiGo,6E 931,2026-09-17,1,economy,,,10077.0,False,19:35,ok,2026-09-16T01:56:04.290666+05:30,2026-09-16_0156IST,airline_direct,IndiGo
DEL,BLR,6E,IndiGo,6E 2618,2026-09-17,1,business,,,26816.0,False,23:00,ok,2026-09-16T01:56:04.290666+05:30,2026-09-16_0156IST,airline_direct,IndiGo
DEL,BLR,6E,IndiGo,6E 2618,2026-09-17,1,economy,,,10077.0,False,23:00,ok,2026-09-16T01:56:04.290666+05:30,2026-09-16_0156IST,airline_direct,IndiGo
DEL,BLR,6E,IndiGo,6E 940,2026-09-17,1,business,,,32460.0,False,09:15,ok,2026-09-16T01:56:04.290666+05:30,2026-09-16_0156IST,airline_direct,IndiGo
DEL,BLR,6E,IndiGo,6E 940,2026-09-17,1,economy,,,10156.0,False,09:15,ok,2026-09-16T01:56:04.290666+05:30,2026-09-16_0156IST,airline_direct,IndiGo
DEL,BLR,6E,IndiGo,6E 434,2026-09-17,1,business,,,32460.0,False,11:00,ok,2026-09-16T01:56:04.290666+05:30,2026-09-16_0156IST,airline_direct,IndiGo
DEL,BLR,6E,IndiGo,6E 434,2026-09-17,1,economy,,,10156.0,False,11:00,ok,2026-09-16T01:56:04.290666+05:30,2026-09-16_0156IST,airline_direct,IndiGo
DEL,BLR,6E,IndiGo,6E 6115,2026-09-17,1,business,,,38197.0,False,13:10,ok,2026-09-16T01:56:04.290666+05:30,2026-09-16_0156IST,airline_direct,IndiGo
DEL,BLR,6E,IndiGo,6E 6115,2026-09-17,1,economy,,,10156.0,False,13:10,ok,2026-09-16T01:56:04.290666+05:30,2026-09-16_0156IST,airline_direct,IndiGo
DEL,BLR,6E,IndiGo,6E 5038,2026-09-17,1,economy,,,10156.0,False,14:00,ok,2026-09-16T01:56:04.290666+05:30,2026-09-16_0156IST,airline_direct,IndiGo
DEL,BLR,6E,IndiGo,6E 6091,2026-09-17,1,business,,,42800.0,False,15:15,ok,2026-09-16T01:56:04.290666+05:30,2026-09-16_0156IST,airline_direct,IndiGo
DEL,BLR,6E,IndiGo,6E 6091,2026-09-17,1,economy,,,10156.0,False,15:15,ok,2026-09-16T01:56:04.290666+05:30,2026-09-16_0156IST,airline_direct,IndiGo
DEL,BLR,6E,IndiGo,6E 5033,2026-09-17,1,economy,,,10156.0,False,15:50,ok,2026-09-16T01:56:04.290666+05:30,2026-09-16_0156IST,airline_direct,IndiGo
DEL,BLR,6E,IndiGo,6E 6632,2026-09-17,1,economy,,,10156.0,False,17:50,ok,2026-09-16T01:56:04.290666+05:30,2026-09-16_0156IST,airline_direct,IndiGo
DEL,BLR,6E,IndiGo,6E 6497,2026-09-17,1,economy,,,10287.0,False,18:40,ok,2026-09-16T01:56:04.290666+05:30,2026-09-16_0156IST,airline_direct,IndiGo
DEL,BLR,6E,IndiGo,6E 5001,2026-09-17,1,economy,,,10314.0,False,17:10,ok,2026-09-16T01:56:04.290666+05:30,2026-09-16_0156IST,airline_direct,IndiGo
DEL,BLR,6E,IndiGo,6E 5191,2026-09-17,1,business,,,35588.0,False,05:00,ok,2026-09-16T01:56:04.290666+05:30,2026-09-16_0156IST,airline_direct,IndiGo
DEL,BLR,6E,IndiGo,6E 5191,2026-09-17,1,economy,,,10497.0,False,05:00,ok,2026-09-16T01:56:04.290666+05:30,2026-09-16_0156IST,airline_direct,IndiGo
DEL,BLR,6E,IndiGo,6E 2343,2026-09-17,1,business,,,39091.0,False,02:20,ok,2026-09-16T01:56:04.290666+05:30,2026-09-16_0156IST,airline_direct,IndiGo
DEL,BLR,6E,IndiGo,6E 2343,2026-09-17,1,economy,,,10851.0,False,02:20,ok,2026-09-16T01:56:04.290666+05:30,2026-09-16_0156IST,airline_direct,IndiGo
DEL,BLR,6E,IndiGo,6E 6673,2026-09-17,1,business,,,26816.0,False,21:15,ok,2026-09-16T01:56:04.290666+05:30,2026-09-16_0156IST,airline_direct,IndiGo
DEL,BLR,6E,IndiGo,6E 6673,2026-09-17,1,economy,,,10851.0,False,21:15,ok,2026-09-16T01:56:04.290666+05:30,2026-09-16_0156IST,airline_direct,IndiGo
DEL,BLR,6E,IndiGo,6E 513,2026-09-17,1,business,,,34880.0,False,08:30,ok,2026-09-16T01:56:04.290666+05:30,2026-09-16_0156IST,airline_direct,IndiGo
DEL,BLR,6E,IndiGo,6E 513,2026-09-17,1,economy,,,11271.0,False,08:30,ok,2026-09-16T01:56:04.290666+05:30,2026-09-16_0156IST,airline_direct,IndiGo
DEL,BLR,6E,IndiGo,6E 853,2026-09-17,1,business,,,44135.0,False,20:45,ok,2026-09-16T01:56:04.290666+05:30,2026-09-16_0156IST,airline_direct,IndiGo
DEL,BLR,6E,IndiGo,6E 853,2026-09-17,1,economy,,,11696.0,False,20:45,ok,2026-09-16T01:56:04.290666+05:30,2026-09-16_0156IST,airline_direct,IndiGo
DEL,BLR,6E,IndiGo,6E 2277,2026-09-17,1,business,,,37059.0,False,10:25,ok,2026-09-16T01:56:04.290666+05:30,2026-09-16_0156IST,airline_direct,IndiGo
DEL,BLR,6E,IndiGo,6E 2277,2026-09-17,1,economy,,,11775.0,False,10:25,ok,2026-09-16T01:56:04.290666+05:30,2026-09-16_0156IST,airline_direct,IndiGo
DEL,BLR,6E,IndiGo,6E 6217,2026-09-17,1,business,,,38139.0,False,16:15,ok,2026-09-16T01:56:04.290666+05:30,2026-09-16_0156IST,airline_direct,IndiGo
DEL,BLR,6E,IndiGo,6E 6217,2026-09-17,1,economy,,,12489.0,False,16:15,ok,2026-09-16T01:56:04.290666+05:30,2026-09-16_0156IST,airline_direct,IndiGo
DEL,BLR,6E,IndiGo,6E 947,2026-09-17,1,business,,,31327.0,False,16:40,ok,2026-09-16T01:56:04.290666+05:30,2026-09-16_0156IST,airline_direct,IndiGo
DEL,BLR,6E,IndiGo,6E 947,2026-09-17,1,economy,,,13177.0,False,16:40,ok,2026-09-16T01:56:04.290666+05:30,2026-09-16_0156IST,airline_direct,IndiGo
DEL,BLR,6E,IndiGo,6E 320,2026-09-17,1,business,,,40536.0,False,08:00,ok,2026-09-16T01:56:04.290666+05:30,2026-09-16_0156IST,airline_direct,IndiGo
DEL,BLR,6E,IndiGo,6E 320,2026-09-17,1,economy,,,13609.0,False,08:00,ok,2026-09-16T01:56:04.290666+05:30,2026-09-16_0156IST,airline_direct,IndiGo
DEL,BLR,6E,IndiGo,6E 950,2026-09-17,1,business,,,33230.0,False,18:15,ok,2026-09-16T01:56:04.290666+05:30,2026-09-16_0156IST,airline_direct,IndiGo
DEL,BLR,6E,IndiGo,6E 950,2026-09-17,1,economy,,,14813.0,False,18:15,ok,2026-09-16T01:56:04.290666+05:30,2026-09-16_0156IST,airline_direct,IndiGo
DEL,BLR,6E,IndiGo,6E 758,2026-09-17,1,economy,,,15607.0,False,16:10,ok,2026-09-16T01:56:04.290666+05:30,2026-09-16_0156IST,airline_direct,IndiGo
DEL,BLR,6E,IndiGo,6E 6293,2026-09-17,1,business,,,36945.0,False,09:55,ok,2026-09-16T01:56:04.290666+05:30,2026-09-16_0156IST,airline_direct,IndiGo
DEL,BLR,6E,IndiGo,6E 6293,2026-09-17,1,economy,,,18568.0,False,09:55,ok,2026-09-16T01:56:04.290666+05:30,2026-09-16_0156IST,airline_direct,IndiGo
BOM,BLR,6E,IndiGo,6E 5323,2026-09-17,1,business,,,22488.0,False,01:10,ok,2026-09-16T01:57:10.026730+05:30,2026-09-16_0157IST,airline_direct,IndiGo
BOM,BLR,6E,IndiGo,6E 5323,2026-09-17,1,economy,,,6149.0,False,01:10,ok,2026-09-16T01:57:10.026730+05:30,2026-09-16_0157IST,airline_direct,IndiGo
BOM,BLR,6E,IndiGo,6E 5294,2026-09-17,1,business,,,22488.0,False,04:30,ok,2026-09-16T01:57:10.026730+05:30,2026-09-16_0157IST,airline_direct,IndiGo
BOM,BLR,6E,IndiGo,6E 5294,2026-09-17,1,economy,,,6149.0,False,04:30,ok,2026-09-16T01:57:10.026730+05:30,2026-09-16_0157IST,airline_direct,IndiGo
BOM,BLR,6E,IndiGo,6E 5217,2026-09-17,1,business,,,22488.0,False,11:00,ok,2026-09-16T01:57:10.026730+05:30,2026-09-16_0157IST,airline_direct,IndiGo
BOM,BLR,6E,IndiGo,6E 5217,2026-09-17,1,economy,,,6747.0,False,11:00,ok,2026-09-16T01:57:10.026730+05:30,2026-09-16_0157IST,airline_direct,IndiGo
BOM,BLR,6E,IndiGo,6E 5184,2026-09-17,1,business,,,22488.0,False,12:30,ok,2026-09-16T01:57:10.026730+05:30,2026-09-16_0157IST,airline_direct,IndiGo
BOM,BLR,6E,IndiGo,6E 5184,2026-09-17,1,economy,,,6747.0,False,12:30,ok,2026-09-16T01:57:10.026730+05:30,2026-09-16_0157IST,airline_direct,IndiGo
BOM,BLR,6E,IndiGo,6E 5382,2026-09-17,1,business,,,22488.0,False,14:30,ok,2026-09-16T01:57:10.026730+05:30,2026-09-16_0157IST,airline_direct,IndiGo
BOM,BLR,6E,IndiGo,6E 5382,2026-09-17,1,economy,,,6747.0,False,14:30,ok,2026-09-16T01:57:10.026730+05:30,2026-09-16_0157IST,airline_direct,IndiGo
BOM,BLR,6E,IndiGo,6E 5071,2026-09-17,1,business,,,22488.0,False,15:35,ok,2026-09-16T01:57:10.026730+05:30,2026-09-16_0157IST,airline_direct,IndiGo
BOM,BLR,6E,IndiGo,6E 5071,2026-09-17,1,economy,,,6747.0,False,15:35,ok,2026-09-16T01:57:10.026730+05:30,2026-09-16_0157IST,airline_direct,IndiGo
BOM,BLR,6E,IndiGo,6E 5221,2026-09-17,1,business,,,22488.0,False,17:00,ok,2026-09-16T01:57:10.026730+05:30,2026-09-16_0157IST,airline_direct,IndiGo
BOM,BLR,6E,IndiGo,6E 5221,2026-09-17,1,economy,,,6747.0,False,17:00,ok,2026-09-16T01:57:10.026730+05:30,2026-09-16_0157IST,airline_direct,IndiGo
BOM,BLR,6E,IndiGo,6E 5047,2026-09-17,1,business,,,22488.0,False,18:30,ok,2026-09-16T01:57:10.026730+05:30,2026-09-16_0157IST,airline_direct,IndiGo
BOM,BLR,6E,IndiGo,6E 5047,2026-09-17,1,economy,,,6747.0,False,18:30,ok,2026-09-16T01:57:10.026730+05:30,2026-09-16_0157IST,airline_direct,IndiGo
BOM,BLR,6E,IndiGo,6E 5388,2026-09-17,1,business,,,22488.0,False,22:20,ok,2026-09-16T01:57:10.026730+05:30,2026-09-16_0157IST,airline_direct,IndiGo
BOM,BLR,6E,IndiGo,6E 5388,2026-09-17,1,economy,,,6747.0,False,22:20,ok,2026-09-16T01:57:10.026730+05:30,2026-09-16_0157IST,airline_direct,IndiGo
BOM,BLR,6E,IndiGo,6E 5092,2026-09-17,1,business,,,22488.0,False,09:50,ok,2026-09-16T01:57:10.026730+05:30,2026-09-16_0157IST,airline_direct,IndiGo
BOM,BLR,6E,IndiGo,6E 5092,2026-09-17,1,economy,,,7062.0,False,09:50,ok,2026-09-16T01:57:10.026730+05:30,2026-09-16_0157IST,airline_direct,IndiGo
BOM,BLR,6E,IndiGo,6E 5296,2026-09-17,1,business,,,22488.0,False,06:30,ok,2026-09-16T01:57:10.026730+05:30,2026-09-16_0157IST,airline_direct,IndiGo
BOM,BLR,6E,IndiGo,6E 5296,2026-09-17,1,economy,,,7377.0,False,06:30,ok,2026-09-16T01:57:10.026730+05:30,2026-09-16_0157IST,airline_direct,IndiGo
BOM,BLR,6E,IndiGo,6E 6188,2026-09-17,1,business,,,22488.0,False,21:30,ok,2026-09-16T01:57:10.026730+05:30,2026-09-16_0157IST,airline_direct,IndiGo
BOM,BLR,6E,IndiGo,6E 6188,2026-09-17,1,economy,,,7797.0,False,21:30,ok,2026-09-16T01:57:10.026730+05:30,2026-09-16_0157IST,airline_direct,IndiGo
BOM,BLR,6E,IndiGo,6E 5032,2026-09-17,1,business,,,22488.0,False,19:55,ok,2026-09-16T01:57:10.026730+05:30,2026-09-16_0157IST,airline_direct,IndiGo
BOM,BLR,6E,IndiGo,6E 5032,2026-09-17,1,economy,,,8217.0,False,19:55,ok,2026-09-16T01:57:10.026730+05:30,2026-09-16_0157IST,airline_direct,IndiGo
BOM,BLR,6E,IndiGo,6E 5193,2026-09-17,1,economy,,,9267.0,False,08:05,ok,2026-09-16T01:57:10.026730+05:30,2026-09-16_0157IST,airline_direct,IndiGo
BOM,BLR,6E,IndiGo,6E 6361,2026-09-17,1,economy,,,7243.0,False,05:00,ok,2026-09-16T01:57:10.026730+05:30,2026-09-16_0157IST,airline_direct,IndiGo
BOM,BLR,6E,IndiGo,6E 261,2026-09-17,1,economy,,,7243.0,False,11:20,ok,2026-09-16T01:57:10.026730+05:30,2026-09-16_0157IST,airline_direct,IndiGo
BOM,BLR,6E,IndiGo,6E 230,2026-09-17,1,economy,,,7243.0,False,13:55,ok,2026-09-16T01:57:10.026730+05:30,2026-09-16_0157IST,airline_direct,IndiGo
BOM,BLR,6E,IndiGo,6E 5241,2026-09-17,1,economy,,,7243.0,False,16:40,ok,2026-09-16T01:57:10.026730+05:30,2026-09-16_0157IST,airline_direct,IndiGo
BOM,BLR,6E,IndiGo,6E 5241,2026-09-17,1,economy,,,7243.0,False,16:40,ok,2026-09-16T01:57:10.026730+05:30,2026-09-16_0157IST,airline_direct,IndiGo
BOM,BLR,6E,IndiGo,6E 6057,2026-09-17,1,economy,,,7374.0,False,09:15,ok,2026-09-16T01:57:10.026730+05:30,2026-09-16_0157IST,airline_direct,IndiGo
BOM,BLR,6E,IndiGo,6E 6802,2026-09-17,1,economy,,,7505.0,False,16:55,ok,2026-09-16T01:57:10.026730+05:30,2026-09-16_0157IST,airline_direct,IndiGo
BOM,BLR,6E,IndiGo,6E 632,2026-09-17,1,economy,,,7584.0,False,04:00,ok,2026-09-16T01:57:10.026730+05:30,2026-09-16_0157IST,airline_direct,IndiGo
BOM,BLR,6E,IndiGo,6E 136,2026-09-17,1,business,,,26389.0,False,04:05,ok,2026-09-16T01:57:10.026730+05:30,2026-09-16_0157IST,airline_direct,IndiGo
BOM,BLR,6E,IndiGo,6E 136,2026-09-17,1,economy,,,7584.0,False,04:05,ok,2026-09-16T01:57:10.026730+05:30,2026-09-16_0157IST,airline_direct,IndiGo
BOM,BLR,6E,IndiGo,6E 136,2026-09-17,1,business,,,26046.0,False,04:05,ok,2026-09-16T01:57:10.026730+05:30,2026-09-16_0157IST,airline_direct,IndiGo
BOM,BLR,6E,IndiGo,6E 136,2026-09-17,1,economy,,,7584.0,False,04:05,ok,2026-09-16T01:57:10.026730+05:30,2026-09-16_0157IST,airline_direct,IndiGo
BOM,BLR,6E,IndiGo,6E 136,2026-09-17,1,business,,,26046.0,False,04:05,ok,2026-09-16T01:57:10.026730+05:30,2026-09-16_0157IST,airline_direct,IndiGo
BOM,BLR,6E,IndiGo,6E 136,2026-09-17,1,economy,,,7584.0,False,04:05,ok,2026-09-16T01:57:10.026730+05:30,2026-09-16_0157IST,airline_direct,IndiGo
BOM,BLR,6E,IndiGo,6E 6701,2026-09-17,1,economy,,,7584.0,False,05:35,ok,2026-09-16T01:57:10.026730+05:30,2026-09-16_0157IST,airline_direct,IndiGo
BOM,BLR,6E,IndiGo,6E 6701,2026-09-17,1,economy,,,7584.0,False,05:35,ok,2026-09-16T01:57:10.026730+05:30,2026-09-16_0157IST,airline_direct,IndiGo
BOM,BLR,6E,IndiGo,6E 5188,2026-09-17,1,business,,,26046.0,False,06:15,ok,2026-09-16T01:57:10.026730+05:30,2026-09-16_0157IST,airline_direct,IndiGo
BOM,BLR,6E,IndiGo,6E 5188,2026-09-17,1,economy,,,7584.0,False,06:15,ok,2026-09-16T01:57:10.026730+05:30,2026-09-16_0157IST,airline_direct,IndiGo
BOM,BLR,6E,IndiGo,6E 5109,2026-09-17,1,economy,,,7584.0,False,09:35,ok,2026-09-16T01:57:10.026730+05:30,2026-09-16_0157IST,airline_direct,IndiGo
BOM,BLR,6E,IndiGo,6E 6349,2026-09-17,1,business,,,27179.0,False,11:40,ok,2026-09-16T01:57:10.026730+05:30,2026-09-16_0157IST,airline_direct,IndiGo
BOM,BLR,6E,IndiGo,6E 6349,2026-09-17,1,economy,,,7584.0,False,11:40,ok,2026-09-16T01:57:10.026730+05:30,2026-09-16_0157IST,airline_direct,IndiGo
BOM,BLR,6E,IndiGo,6E 2284,2026-09-17,1,economy,,,7584.0,False,12:05,ok,2026-09-16T01:57:10.026730+05:30,2026-09-16_0157IST,airline_direct,IndiGo
BOM,BLR,6E,IndiGo,6E 673,2026-09-17,1,economy,,,7584.0,False,12:35,ok,2026-09-16T01:57:10.026730+05:30,2026-09-16_0157IST,airline_direct,IndiGo
BOM,BLR,6E,IndiGo,6E 673,2026-09-17,1,economy,,,7584.0,False,12:35,ok,2026-09-16T01:57:10.026730+05:30,2026-09-16_0157IST,airline_direct,IndiGo
BOM,BLR,6E,IndiGo,6E 5337,2026-09-17,1,business,,,32916.0,False,13:45,ok,2026-09-16T01:57:10.026730+05:30,2026-09-16_0157IST,airline_direct,IndiGo
BOM,BLR,6E,IndiGo,6E 5337,2026-09-17,1,economy,,,7584.0,False,13:45,ok,2026-09-16T01:57:10.026730+05:30,2026-09-16_0157IST,airline_direct,IndiGo
BOM,BLR,6E,IndiGo,6E 5196,2026-09-17,1,business,,,26046.0,False,15:25,ok,2026-09-16T01:57:10.026730+05:30,2026-09-16_0157IST,airline_direct,IndiGo
BOM,BLR,6E,IndiGo,6E 5196,2026-09-17,1,economy,,,7584.0,False,15:25,ok,2026-09-16T01:57:10.026730+05:30,2026-09-16_0157IST,airline_direct,IndiGo
BOM,BLR,6E,IndiGo,6E 240,2026-09-17,1,economy,,,7584.0,False,15:45,ok,2026-09-16T01:57:10.026730+05:30,2026-09-16_0157IST,airline_direct,IndiGo
BOM,BLR,6E,IndiGo,6E 437,2026-09-17,1,economy,,,7584.0,False,17:10,ok,2026-09-16T01:57:10.026730+05:30,2026-09-16_0157IST,airline_direct,IndiGo
BOM,BLR,6E,IndiGo,6E 5048,2026-09-17,1,business,,,26046.0,False,17:25,ok,2026-09-16T01:57:10.026730+05:30,2026-09-16_0157IST,airline_direct,IndiGo
BOM,BLR,6E,IndiGo,6E 5048,2026-09-17,1,economy,,,7584.0,False,17:25,ok,2026-09-16T01:57:10.026730+05:30,2026-09-16_0157IST,airline_direct,IndiGo
BOM,BLR,6E,IndiGo,6E 5126,2026-09-17,1,economy,,,7584.0,False,18:15,ok,2026-09-16T01:57:10.026730+05:30,2026-09-16_0157IST,airline_direct,IndiGo
BOM,BLR,6E,IndiGo,6E 2237,2026-09-17,1,economy,,,7584.0,False,18:40,ok,2026-09-16T01:57:10.026730+05:30,2026-09-16_0157IST,airline_direct,IndiGo
BOM,BLR,6E,IndiGo,6E 5181,2026-09-17,1,economy,,,7715.0,False,10:25,ok,2026-09-16T01:57:10.026730+05:30,2026-09-16_0157IST,airline_direct,IndiGo
BOM,BLR,6E,IndiGo,6E 6599,2026-09-17,1,economy,,,7715.0,False,16:50,ok,2026-09-16T01:57:10.026730+05:30,2026-09-16_0157IST,airline_direct,IndiGo
BOM,BLR,6E,IndiGo,6E 5082,2026-09-17,1,economy,,,7785.0,False,18:05,ok,2026-09-16T01:57:10.026730+05:30,2026-09-16_0157IST,airline_direct,IndiGo
BOM,BLR,6E,IndiGo,6E 5123,2026-09-17,1,economy,,,8047.0,False,14:40,ok,2026-09-16T01:57:10.026730+05:30,2026-09-16_0157IST,airline_direct,IndiGo
BOM,BLR,6E,IndiGo,6E 5107,2026-09-17,1,economy,,,8126.0,False,20:00,ok,2026-09-16T01:57:10.026730+05:30,2026-09-16_0157IST,airline_direct,IndiGo
BOM,BLR,6E,IndiGo,6E 5228,2026-09-17,1,business,,,30128.0,False,16:45,ok,2026-09-16T01:57:10.026730+05:30,2026-09-16_0157IST,airline_direct,IndiGo
BOM,BLR,6E,IndiGo,6E 5228,2026-09-17,1,economy,,,8508.0,False,16:45,ok,2026-09-16T01:57:10.026730+05:30,2026-09-16_0157IST,airline_direct,IndiGo
BOM,BLR,6E,IndiGo,6E 6349,2026-09-17,1,business,,,32916.0,False,11:40,ok,2026-09-16T01:57:10.026730+05:30,2026-09-16_0157IST,airline_direct,IndiGo
BOM,BLR,6E,IndiGo,6E 6349,2026-09-17,1,economy,,,8718.0,False,11:40,ok,2026-09-16T01:57:10.026730+05:30,2026-09-16_0157IST,airline_direct,IndiGo
BOM,BLR,6E,IndiGo,6E 2016,2026-09-17,1,economy,,,8718.0,False,13:35,ok,2026-09-16T01:57:10.026730+05:30,2026-09-16_0157IST,airline_direct,IndiGo
BOM,BLR,6E,IndiGo,6E 5337,2026-09-17,1,business,,,37519.0,False,13:45,ok,2026-09-16T01:57:10.026730+05:30,2026-09-16_0157IST,airline_direct,IndiGo
BOM,BLR,6E,IndiGo,6E 5337,2026-09-17,1,economy,,,8718.0,False,13:45,ok,2026-09-16T01:57:10.026730+05:30,2026-09-16_0157IST,airline_direct,IndiGo
BOM,BLR,6E,IndiGo,6E 5196,2026-09-17,1,business,,,37519.0,False,15:25,ok,2026-09-16T01:57:10.026730+05:30,2026-09-16_0157IST,airline_direct,IndiGo
BOM,BLR,6E,IndiGo,6E 5196,2026-09-17,1,economy,,,8718.0,False,15:25,ok,2026-09-16T01:57:10.026730+05:30,2026-09-16_0157IST,airline_direct,IndiGo
BOM,BLR,6E,IndiGo,6E 5318,2026-09-17,1,business,,,30432.0,False,10:15,ok,2026-09-16T01:57:10.026730+05:30,2026-09-16_0157IST,airline_direct,IndiGo
BOM,BLR,6E,IndiGo,6E 5318,2026-09-17,1,economy,,,9154.0,False,10:15,ok,2026-09-16T01:57:10.026730+05:30,2026-09-16_0157IST,airline_direct,IndiGo
BOM,BLR,6E,IndiGo,6E 5228,2026-09-17,1,business,,,32404.0,False,16:45,ok,2026-09-16T01:57:10.026730+05:30,2026-09-16_0157IST,airline_direct,IndiGo
BOM,BLR,6E,IndiGo,6E 5228,2026-09-17,1,economy,,,11468.0,False,16:45,ok,2026-09-16T01:57:10.026730+05:30,2026-09-16_0157IST,airline_direct,IndiGo
BOM,BLR,6E,IndiGo,6E 5313,2026-09-17,1,business,,,27179.0,False,09:50,ok,2026-09-16T01:57:10.026730+05:30,2026-09-16_0157IST,airline_direct,IndiGo
BOM,BLR,6E,IndiGo,6E 5313,2026-09-17,1,economy,,,11678.0,False,09:50,ok,2026-09-16T01:57:10.026730+05:30,2026-09-16_0157IST,airline_direct,IndiGo
BOM,BLR,6E,IndiGo,6E 5313,2026-09-17,1,business,,,27179.0,False,09:50,ok,2026-09-16T01:57:10.026730+05:30,2026-09-16_0157IST,airline_direct,IndiGo
BOM,BLR,6E,IndiGo,6E 5313,2026-09-17,1,economy,,,12595.0,False,09:50,ok,2026-09-16T01:57:10.026730+05:30,2026-09-16_0157IST,airline_direct,IndiGo
BOM,BLR,6E,IndiGo,6E 5178,2026-09-17,1,business,,,29147.0,False,11:45,ok,2026-09-16T01:57:10.026730+05:30,2026-09-16_0157IST,airline_direct,IndiGo
BOM,BLR,6E,IndiGo,6E 5178,2026-09-17,1,economy,,,14478.0,False,11:45,ok,2026-09-16T01:57:10.026730+05:30,2026-09-16_0157IST,airline_direct,IndiGo
BOM,BLR,6E,IndiGo,6E 5386,2026-09-17,1,business,,,30128.0,False,15:10,ok,2026-09-16T01:57:10.026730+05:30,2026-09-16_0157IST,airline_direct,IndiGo
BOM,BLR,6E,IndiGo,6E 5386,2026-09-17,1,economy,,,15858.0,False,15:10,ok,2026-09-16T01:57:10.026730+05:30,2026-09-16_0157IST,airline_direct,IndiGo
BOM,BLR,6E,IndiGo,6E 5386,2026-09-17,1,business,,,31210.0,False,15:10,ok,2026-09-16T01:57:10.026730+05:30,2026-09-16_0157IST,airline_direct,IndiGo
BOM,BLR,6E,IndiGo,6E 5386,2026-09-17,1,economy,,,16739.0,False,15:10,ok,2026-09-16T01:57:10.026730+05:30,2026-09-16_0157IST,airline_direct,IndiGo
BOM,BLR,6E,IndiGo,6E 5178,2026-09-17,1,business,,,31210.0,False,11:45,ok,2026-09-16T01:57:10.026730+05:30,2026-09-16_0157IST,airline_direct,IndiGo
BOM,BLR,6E,IndiGo,6E 5178,2026-09-17,1,economy,,,16973.0,False,11:45,ok,2026-09-16T01:57:10.026730+05:30,2026-09-16_0157IST,airline_direct,IndiGo
BOM,BLR,6E,IndiGo,6E 5386,2026-09-17,1,business,,,32404.0,False,15:10,ok,2026-09-16T01:57:10.026730+05:30,2026-09-16_0157IST,airline_direct,IndiGo
BOM,BLR,6E,IndiGo,6E 5386,2026-09-17,1,economy,,,16973.0,False,15:10,ok,2026-09-16T01:57:10.026730+05:30,2026-09-16_0157IST,airline_direct,IndiGo
BOM,BLR,6E,IndiGo,6E 5178,2026-09-17,1,business,,,31210.0,False,11:45,ok,2026-09-16T01:57:10.026730+05:30,2026-09-16_0157IST,airline_direct,IndiGo
BOM,BLR,6E,IndiGo,6E 5178,2026-09-17,1,economy,,,17894.0,False,11:45,ok,2026-09-16T01:57:10.026730+05:30,2026-09-16_0157IST,airline_direct,IndiGo
BOM,BLR,6E,IndiGo,6E 6674,2026-09-17,1,economy,,,19946.0,False,09:05,ok,2026-09-16T01:57:10.026730+05:30,2026-09-16_0157IST,airline_direct,IndiGo
BOM,BLR,6E,IndiGo,6E 5318,2026-09-17,1,business,,,32495.0,False,10:15,ok,2026-09-16T01:57:10.026730+05:30,2026-09-16_0157IST,airline_direct,IndiGo
BOM,BLR,6E,IndiGo,6E 5318,2026-09-17,1,economy,,,19946.0,False,10:15,ok,2026-09-16T01:57:10.026730+05:30,2026-09-16_0157IST,airline_direct,IndiGo
DEL,CCU,6E,IndiGo,6E 5191,2026-09-17,1,business,,,26140.0,False,05:00,ok,2026-09-16T01:58:15.577794+05:30,2026-09-16_0158IST,airline_direct,IndiGo
DEL,CCU,6E,IndiGo,6E 5191,2026-09-17,1,economy,,,8703.0,False,05:00,ok,2026-09-16T01:58:15.577794+05:30,2026-09-16_0158IST,airline_direct,IndiGo
DEL,CCU,6E,IndiGo,6E 340,2026-09-17,1,business,,,26140.0,False,07:20,ok,2026-09-16T01:58:15.577794+05:30,2026-09-16_0158IST,airline_direct,IndiGo
DEL,CCU,6E,IndiGo,6E 340,2026-09-17,1,economy,,,8703.0,False,07:20,ok,2026-09-16T01:58:15.577794+05:30,2026-09-16_0158IST,airline_direct,IndiGo
DEL,CCU,6E,IndiGo,6E 897,2026-09-17,1,business,,,26140.0,False,12:45,ok,2026-09-16T01:58:15.577794+05:30,2026-09-16_0158IST,airline_direct,IndiGo
DEL,CCU,6E,IndiGo,6E 897,2026-09-17,1,economy,,,8703.0,False,12:45,ok,2026-09-16T01:58:15.577794+05:30,2026-09-16_0158IST,airline_direct,IndiGo
DEL,CCU,6E,IndiGo,6E 910,2026-09-17,1,business,,,26140.0,False,14:25,ok,2026-09-16T01:58:15.577794+05:30,2026-09-16_0158IST,airline_direct,IndiGo
DEL,CCU,6E,IndiGo,6E 910,2026-09-17,1,economy,,,8703.0,False,14:25,ok,2026-09-16T01:58:15.577794+05:30,2026-09-16_0158IST,airline_direct,IndiGo
DEL,CCU,6E,IndiGo,6E 6415,2026-09-17,1,business,,,26140.0,False,16:00,ok,2026-09-16T01:58:15.577794+05:30,2026-09-16_0158IST,airline_direct,IndiGo
DEL,CCU,6E,IndiGo,6E 6415,2026-09-17,1,economy,,,8703.0,False,16:00,ok,2026-09-16T01:58:15.577794+05:30,2026-09-16_0158IST,airline_direct,IndiGo
DEL,CCU,6E,IndiGo,6E 2276,2026-09-17,1,business,,,26140.0,False,17:55,ok,2026-09-16T01:58:15.577794+05:30,2026-09-16_0158IST,airline_direct,IndiGo
DEL,CCU,6E,IndiGo,6E 2276,2026-09-17,1,economy,,,8703.0,False,17:55,ok,2026-09-16T01:58:15.577794+05:30,2026-09-16_0158IST,airline_direct,IndiGo
DEL,CCU,6E,IndiGo,6E 389,2026-09-17,1,business,,,26140.0,False,21:50,ok,2026-09-16T01:58:15.577794+05:30,2026-09-16_0158IST,airline_direct,IndiGo
DEL,CCU,6E,IndiGo,6E 389,2026-09-17,1,economy,,,8703.0,False,21:50,ok,2026-09-16T01:58:15.577794+05:30,2026-09-16_0158IST,airline_direct,IndiGo
DEL,CCU,6E,IndiGo,6E 247,2026-09-17,1,business,,,26140.0,False,23:30,ok,2026-09-16T01:58:15.577794+05:30,2026-09-16_0158IST,airline_direct,IndiGo
DEL,CCU,6E,IndiGo,6E 247,2026-09-17,1,economy,,,8703.0,False,23:30,ok,2026-09-16T01:58:15.577794+05:30,2026-09-16_0158IST,airline_direct,IndiGo
DEL,CCU,6E,IndiGo,6E 513,2026-09-17,1,business,,,26140.0,False,08:30,ok,2026-09-16T01:58:15.577794+05:30,2026-09-16_0158IST,airline_direct,IndiGo
DEL,CCU,6E,IndiGo,6E 513,2026-09-17,1,economy,,,8965.0,False,08:30,ok,2026-09-16T01:58:15.577794+05:30,2026-09-16_0158IST,airline_direct,IndiGo
DEL,CCU,6E,IndiGo,6E 894,2026-09-17,1,business,,,26140.0,False,10:15,ok,2026-09-16T01:58:15.577794+05:30,2026-09-16_0158IST,airline_direct,IndiGo
DEL,CCU,6E,IndiGo,6E 894,2026-09-17,1,economy,,,8965.0,False,10:15,ok,2026-09-16T01:58:15.577794+05:30,2026-09-16_0158IST,airline_direct,IndiGo
DEL,CCU,6E,IndiGo,6E 6517,2026-09-17,1,business,,,26140.0,False,19:30,ok,2026-09-16T01:58:15.577794+05:30,2026-09-16_0158IST,airline_direct,IndiGo
DEL,CCU,6E,IndiGo,6E 6517,2026-09-17,1,economy,,,9753.0,False,19:30,ok,2026-09-16T01:58:15.577794+05:30,2026-09-16_0158IST,airline_direct,IndiGo
DEL,CCU,6E,IndiGo,6E 6245,2026-09-17,1,economy,,,7376.0,False,06:20,ok,2026-09-16T01:58:15.577794+05:30,2026-09-16_0158IST,airline_direct,IndiGo
DEL,CCU,6E,IndiGo,6E 6190,2026-09-17,1,economy,,,7586.0,False,07:40,ok,2026-09-16T01:58:15.577794+05:30,2026-09-16_0158IST,airline_direct,IndiGo
DEL,CCU,6E,IndiGo,6E 6190,2026-09-17,1,economy,,,7586.0,False,07:40,ok,2026-09-16T01:58:15.577794+05:30,2026-09-16_0158IST,airline_direct,IndiGo
DEL,CCU,6E,IndiGo,6E 5038,2026-09-17,1,economy,,,7586.0,False,14:00,ok,2026-09-16T01:58:15.577794+05:30,2026-09-16_0158IST,airline_direct,IndiGo
DEL,CCU,6E,IndiGo,6E 2203,2026-09-17,1,economy,,,7691.0,False,04:45,ok,2026-09-16T01:58:15.577794+05:30,2026-09-16_0158IST,airline_direct,IndiGo
DEL,CCU,6E,IndiGo,6E 6124,2026-09-17,1,economy,,,7691.0,False,07:30,ok,2026-09-16T01:58:15.577794+05:30,2026-09-16_0158IST,airline_direct,IndiGo
DEL,CCU,6E,IndiGo,6E 5215,2026-09-17,1,economy,,,7691.0,False,07:45,ok,2026-09-16T01:58:15.577794+05:30,2026-09-16_0158IST,airline_direct,IndiGo
DEL,CCU,6E,IndiGo,6E 5307,2026-09-17,1,economy,,,7691.0,False,10:50,ok,2026-09-16T01:58:15.577794+05:30,2026-09-16_0158IST,airline_direct,IndiGo
DEL,CCU,6E,IndiGo,6E 5307,2026-09-17,1,economy,,,7691.0,False,10:50,ok,2026-09-16T01:58:15.577794+05:30,2026-09-16_0158IST,airline_direct,IndiGo
DEL,CCU,6E,IndiGo,6E 6378,2026-09-17,1,economy,,,7691.0,False,14:40,ok,2026-09-16T01:58:15.577794+05:30,2026-09-16_0158IST,airline_direct,IndiGo
DEL,CCU,6E,IndiGo,6E 5041,2026-09-17,1,economy,,,7691.0,False,15:10,ok,2026-09-16T01:58:15.577794+05:30,2026-09-16_0158IST,airline_direct,IndiGo
DEL,CCU,6E,IndiGo,6E 5041,2026-09-17,1,economy,,,7691.0,False,15:10,ok,2026-09-16T01:58:15.577794+05:30,2026-09-16_0158IST,airline_direct,IndiGo
DEL,CCU,6E,IndiGo,6E 6503,2026-09-17,1,economy,,,7901.0,False,13:25,ok,2026-09-16T01:58:15.577794+05:30,2026-09-16_0158IST,airline_direct,IndiGo
DEL,CCU,6E,IndiGo,6E 6503,2026-09-17,1,economy,,,7901.0,False,13:25,ok,2026-09-16T01:58:15.577794+05:30,2026-09-16_0158IST,airline_direct,IndiGo
DEL,CCU,6E,IndiGo,6E 704,2026-09-17,1,business,,,33334.0,False,02:25,ok,2026-09-16T01:58:15.577794+05:30,2026-09-16_0158IST,airline_direct,IndiGo
DEL,CCU,6E,IndiGo,6E 704,2026-09-17,1,economy,,,7927.0,False,02:25,ok,2026-09-16T01:58:15.577794+05:30,2026-09-16_0158IST,airline_direct,IndiGo
DEL,CCU,6E,IndiGo,6E 704,2026-09-17,1,business,,,33806.0,False,02:25,ok,2026-09-16T01:58:15.577794+05:30,2026-09-16_0158IST,airline_direct,IndiGo
DEL,CCU,6E,IndiGo,6E 704,2026-09-17,1,economy,,,7927.0,False,02:25,ok,2026-09-16T01:58:15.577794+05:30,2026-09-16_0158IST,airline_direct,IndiGo
DEL,CCU,6E,IndiGo,6E 5119,2026-09-17,1,economy,,,7927.0,False,05:10,ok,2026-09-16T01:58:15.577794+05:30,2026-09-16_0158IST,airline_direct,IndiGo
DEL,CCU,6E,IndiGo,6E 907,2026-09-17,1,economy,,,7927.0,False,10:00,ok,2026-09-16T01:58:15.577794+05:30,2026-09-16_0158IST,airline_direct,IndiGo
DEL,CCU,6E,IndiGo,6E 884,2026-09-17,1,business,,,33806.0,False,11:45,ok,2026-09-16T01:58:15.577794+05:30,2026-09-16_0158IST,airline_direct,IndiGo
DEL,CCU,6E,IndiGo,6E 884,2026-09-17,1,economy,,,7927.0,False,11:45,ok,2026-09-16T01:58:15.577794+05:30,2026-09-16_0158IST,airline_direct,IndiGo
DEL,CCU,6E,IndiGo,6E 2331,2026-09-17,1,economy,,,7927.0,False,12:20,ok,2026-09-16T01:58:15.577794+05:30,2026-09-16_0158IST,airline_direct,IndiGo
DEL,CCU,6E,IndiGo,6E 6282,2026-09-17,1,business,,,35200.0,False,13:30,ok,2026-09-16T01:58:15.577794+05:30,2026-09-16_0158IST,airline_direct,IndiGo
DEL,CCU,6E,IndiGo,6E 6282,2026-09-17,1,economy,,,7927.0,False,13:30,ok,2026-09-16T01:58:15.577794+05:30,2026-09-16_0158IST,airline_direct,IndiGo
DEL,CCU,6E,IndiGo,6E 6217,2026-09-17,1,business,,,34728.0,False,16:15,ok,2026-09-16T01:58:15.577794+05:30,2026-09-16_0158IST,airline_direct,IndiGo
DEL,CCU,6E,IndiGo,6E 6217,2026-09-17,1,economy,,,7927.0,False,16:15,ok,2026-09-16T01:58:15.577794+05:30,2026-09-16_0158IST,airline_direct,IndiGo
DEL,CCU,6E,IndiGo,6E 5073,2026-09-17,1,economy,,,7927.0,False,17:05,ok,2026-09-16T01:58:15.577794+05:30,2026-09-16_0158IST,airline_direct,IndiGo
DEL,CCU,6E,IndiGo,6E 717,2026-09-17,1,business,,,34728.0,False,17:55,ok,2026-09-16T01:58:15.577794+05:30,2026-09-16_0158IST,airline_direct,IndiGo
DEL,CCU,6E,IndiGo,6E 717,2026-09-17,1,economy,,,7927.0,False,17:55,ok,2026-09-16T01:58:15.577794+05:30,2026-09-16_0158IST,airline_direct,IndiGo
DEL,CCU,6E,IndiGo,6E 882,2026-09-17,1,economy,,,7927.0,False,23:15,ok,2026-09-16T01:58:15.577794+05:30,2026-09-16_0158IST,airline_direct,IndiGo
DEL,CCU,6E,IndiGo,6E 5206,2026-09-17,1,economy,,,7984.0,False,13:20,ok,2026-09-16T01:58:15.577794+05:30,2026-09-16_0158IST,airline_direct,IndiGo
DEL,CCU,6E,IndiGo,6E 2453,2026-09-17,1,economy,,,7984.0,False,13:35,ok,2026-09-16T01:58:15.577794+05:30,2026-09-16_0158IST,airline_direct,IndiGo
DEL,CCU,6E,IndiGo,6E 6236,2026-09-17,1,economy,,,7984.0,False,16:20,ok,2026-09-16T01:58:15.577794+05:30,2026-09-16_0158IST,airline_direct,IndiGo
DEL,CCU,6E,IndiGo,6E 6440,2026-09-17,1,economy,,,7984.0,False,16:40,ok,2026-09-16T01:58:15.577794+05:30,2026-09-16_0158IST,airline_direct,IndiGo
DEL,CCU,6E,IndiGo,6E 6371,2026-09-17,1,economy,,,8032.0,False,06:20,ok,2026-09-16T01:58:15.577794+05:30,2026-09-16_0158IST,airline_direct,IndiGo
DEL,CCU,6E,IndiGo,6E 6459,2026-09-17,1,economy,,,8115.0,False,05:55,ok,2026-09-16T01:58:15.577794+05:30,2026-09-16_0158IST,airline_direct,IndiGo
DEL,CCU,6E,IndiGo,6E 2361,2026-09-17,1,economy,,,8115.0,False,14:35,ok,2026-09-16T01:58:15.577794+05:30,2026-09-16_0158IST,airline_direct,IndiGo
DEL,CCU,6E,IndiGo,6E 734,2026-09-17,1,economy,,,8115.0,False,16:20,ok,2026-09-16T01:58:15.577794+05:30,2026-09-16_0158IST,airline_direct,IndiGo
DEL,CCU,6E,IndiGo,6E 2259,2026-09-17,1,economy,,,8194.0,False,12:20,ok,2026-09-16T01:58:15.577794+05:30,2026-09-16_0158IST,airline_direct,IndiGo
DEL,CCU,6E,IndiGo,6E 6053,2026-09-17,1,economy,,,8194.0,False,13:05,ok,2026-09-16T01:58:15.577794+05:30,2026-09-16_0158IST,airline_direct,IndiGo
DEL,CCU,6E,IndiGo,6E 2614,2026-09-17,1,economy,,,8194.0,False,14:40,ok,2026-09-16T01:58:15.577794+05:30,2026-09-16_0158IST,airline_direct,IndiGo
DEL,CCU,6E,IndiGo,6E 705,2026-09-17,1,business,,,35200.0,False,08:30,ok,2026-09-16T01:58:15.577794+05:30,2026-09-16_0158IST,airline_direct,IndiGo
DEL,CCU,6E,IndiGo,6E 705,2026-09-17,1,economy,,,8535.0,False,08:30,ok,2026-09-16T01:58:15.577794+05:30,2026-09-16_0158IST,airline_direct,IndiGo
DEL,CCU,6E,IndiGo,6E 2614,2026-09-17,1,economy,,,8862.0,False,14:40,ok,2026-09-16T01:58:15.577794+05:30,2026-09-16_0158IST,airline_direct,IndiGo
DEL,CCU,6E,IndiGo,6E 203,2026-09-17,1,business,,,33806.0,False,07:10,ok,2026-09-16T01:58:15.577794+05:30,2026-09-16_0158IST,airline_direct,IndiGo
DEL,CCU,6E,IndiGo,6E 203,2026-09-17,1,economy,,,9203.0,False,07:10,ok,2026-09-16T01:58:15.577794+05:30,2026-09-16_0158IST,airline_direct,IndiGo
DEL,CCU,6E,IndiGo,6E 6293,2026-09-17,1,business,,,35200.0,False,09:55,ok,2026-09-16T01:58:15.577794+05:30,2026-09-16_0158IST,airline_direct,IndiGo
DEL,CCU,6E,IndiGo,6E 6293,2026-09-17,1,economy,,,9203.0,False,09:55,ok,2026-09-16T01:58:15.577794+05:30,2026-09-16_0158IST,airline_direct,IndiGo
DEL,CCU,6E,IndiGo,6E 6312,2026-09-17,1,economy,,,10325.0,False,14:25,ok,2026-09-16T01:58:15.577794+05:30,2026-09-16_0158IST,airline_direct,IndiGo
DEL,CCU,6E,IndiGo,6E 6829,2026-09-17,1,economy,,,10535.0,False,17:20,ok,2026-09-16T01:58:15.577794+05:30,2026-09-16_0158IST,airline_direct,IndiGo
DEL,CCU,6E,IndiGo,6E 6073,2026-09-17,1,economy,,,12268.0,False,05:00,ok,2026-09-16T01:58:15.577794+05:30,2026-09-16_0158IST,airline_direct,IndiGo
DEL,CCU,6E,IndiGo,6E 2296,2026-09-17,1,economy,,,13340.0,False,09:20,ok,2026-09-16T01:58:15.577794+05:30,2026-09-16_0158IST,airline_direct,IndiGo
DEL,CCU,6E,IndiGo,6E 2296,2026-09-17,1,economy,,,14520.0,False,09:20,ok,2026-09-16T01:58:15.577794+05:30,2026-09-16_0158IST,airline_direct,IndiGo
DEL,CCU,6E,IndiGo,6E 203,2026-09-17,1,business,,,33806.0,False,07:10,ok,2026-09-16T01:58:15.577794+05:30,2026-09-16_0158IST,airline_direct,IndiGo
DEL,CCU,6E,IndiGo,6E 203,2026-09-17,1,economy,,,16157.0,False,07:10,ok,2026-09-16T01:58:15.577794+05:30,2026-09-16_0158IST,airline_direct,IndiGo
DEL,CCU,6E,IndiGo,6E 705,2026-09-17,1,business,,,35200.0,False,08:30,ok,2026-09-16T01:58:15.577794+05:30,2026-09-16_0158IST,airline_direct,IndiGo
DEL,CCU,6E,IndiGo,6E 705,2026-09-17,1,economy,,,16157.0,False,08:30,ok,2026-09-16T01:58:15.577794+05:30,2026-09-16_0158IST,airline_direct,IndiGo
DEL,CCU,6E,IndiGo,6E 6130,2026-09-17,1,economy,,,25761.0,False,12:55,ok,2026-09-16T01:58:15.577794+05:30,2026-09-16_0158IST,airline_direct,IndiGo
BLR,HYD,6E,IndiGo,6E 6067,2026-09-17,1,economy,,,8727.0,False,16:30,ok,2026-09-16T01:59:24.731949+05:30,2026-09-16_0159IST,airline_direct,IndiGo
BLR,HYD,6E,IndiGo,6E 638,2026-09-17,1,economy,,,8727.0,False,18:35,ok,2026-09-16T01:59:24.731949+05:30,2026-09-16_0159IST,airline_direct,IndiGo
BLR,HYD,6E,IndiGo,6E 6404,2026-09-17,1,economy,,,10390.0,False,11:35,ok,2026-09-16T01:59:24.731949+05:30,2026-09-16_0159IST,airline_direct,IndiGo
BLR,HYD,6E,IndiGo,6E 855,2026-09-17,1,economy,,,10390.0,False,19:45,ok,2026-09-16T01:59:24.731949+05:30,2026-09-16_0159IST,airline_direct,IndiGo
BLR,HYD,6E,IndiGo,6E 312,2026-09-17,1,economy,,,12416.0,False,09:15,ok,2026-09-16T01:59:24.731949+05:30,2026-09-16_0159IST,airline_direct,IndiGo
BLR,HYD,6E,IndiGo,6E 537,2026-09-17,1,economy,,,12416.0,False,10:15,ok,2026-09-16T01:59:24.731949+05:30,2026-09-16_0159IST,airline_direct,IndiGo
BLR,HYD,6E,IndiGo,6E 6178,2026-09-17,1,economy,,,13589.0,False,06:25,ok,2026-09-16T01:59:24.731949+05:30,2026-09-16_0159IST,airline_direct,IndiGo
BLR,HYD,6E,IndiGo,6E 6784,2026-09-17,1,economy,,,13589.0,False,21:30,ok,2026-09-16T01:59:24.731949+05:30,2026-09-16_0159IST,airline_direct,IndiGo
BLR,HYD,6E,IndiGo,6E 484,2026-09-17,1,economy,,,16310.0,False,08:15,ok,2026-09-16T01:59:24.731949+05:30,2026-09-16_0159IST,airline_direct,IndiGo
BLR,HYD,6E,IndiGo,6E 6336,2026-09-17,1,economy,,,6284.0,False,12:25,ok,2026-09-16T01:59:24.731949+05:30,2026-09-16_0159IST,airline_direct,IndiGo
BLR,HYD,6E,IndiGo,6E 6336,2026-09-17,1,economy,,,6284.0,False,12:25,ok,2026-09-16T01:59:24.731949+05:30,2026-09-16_0159IST,airline_direct,IndiGo
BLR,HYD,6E,IndiGo,6E 6336,2026-09-17,1,economy,,,6284.0,False,12:25,ok,2026-09-16T01:59:24.731949+05:30,2026-09-16_0159IST,airline_direct,IndiGo
BLR,HYD,6E,IndiGo,6E 6563,2026-09-17,1,economy,,,6543.0,False,01:05,ok,2026-09-16T01:59:24.731949+05:30,2026-09-16_0159IST,airline_direct,IndiGo
BLR,HYD,6E,IndiGo,6E 6876,2026-09-17,1,economy,,,6543.0,False,02:40,ok,2026-09-16T01:59:24.731949+05:30,2026-09-16_0159IST,airline_direct,IndiGo
BLR,HYD,6E,IndiGo,6E 408,2026-09-17,1,economy,,,6543.0,False,04:30,ok,2026-09-16T01:59:24.731949+05:30,2026-09-16_0159IST,airline_direct,IndiGo
BLR,HYD,6E,IndiGo,6E 857,2026-09-17,1,economy,,,6543.0,False,07:05,ok,2026-09-16T01:59:24.731949+05:30,2026-09-16_0159IST,airline_direct,IndiGo
BLR,HYD,6E,IndiGo,6E 6269,2026-09-17,1,economy,,,6543.0,False,07:15,ok,2026-09-16T01:59:24.731949+05:30,2026-09-16_0159IST,airline_direct,IndiGo
BLR,HYD,6E,IndiGo,6E 904,2026-09-17,1,economy,,,6543.0,False,10:50,ok,2026-09-16T01:59:24.731949+05:30,2026-09-16_0159IST,airline_direct,IndiGo
BLR,HYD,6E,IndiGo,6E 6104,2026-09-17,1,economy,,,6543.0,False,11:40,ok,2026-09-16T01:59:24.731949+05:30,2026-09-16_0159IST,airline_direct,IndiGo
BLR,HYD,6E,IndiGo,6E 6104,2026-09-17,1,economy,,,6543.0,False,11:40,ok,2026-09-16T01:59:24.731949+05:30,2026-09-16_0159IST,airline_direct,IndiGo
BLR,HYD,6E,IndiGo,6E 6653,2026-09-17,1,economy,,,6543.0,False,12:35,ok,2026-09-16T01:59:24.731949+05:30,2026-09-16_0159IST,airline_direct,IndiGo
BLR,HYD,6E,IndiGo,6E 6653,2026-09-17,1,economy,,,6543.0,False,12:35,ok,2026-09-16T01:59:24.731949+05:30,2026-09-16_0159IST,airline_direct,IndiGo
BLR,HYD,6E,IndiGo,6E 6653,2026-09-17,1,economy,,,6543.0,False,12:35,ok,2026-09-16T01:59:24.731949+05:30,2026-09-16_0159IST,airline_direct,IndiGo
BLR,HYD,6E,IndiGo,6E 6208,2026-09-17,1,economy,,,6543.0,False,12:45,ok,2026-09-16T01:59:24.731949+05:30,2026-09-16_0159IST,airline_direct,IndiGo
BLR,HYD,6E,IndiGo,6E 6208,2026-09-17,1,economy,,,6543.0,False,12:45,ok,2026-09-16T01:59:24.731949+05:30,2026-09-16_0159IST,airline_direct,IndiGo
BLR,HYD,6E,IndiGo,6E 6208,2026-09-17,1,economy,,,6543.0,False,12:45,ok,2026-09-16T01:59:24.731949+05:30,2026-09-16_0159IST,airline_direct,IndiGo
BLR,HYD,6E,IndiGo,6E 6542,2026-09-17,1,economy,,,6543.0,False,13:10,ok,2026-09-16T01:59:24.731949+05:30,2026-09-16_0159IST,airline_direct,IndiGo
BLR,HYD,6E,IndiGo,6E 6542,2026-09-17,1,economy,,,6543.0,False,13:10,ok,2026-09-16T01:59:24.731949+05:30,2026-09-16_0159IST,airline_direct,IndiGo
BLR,HYD,6E,IndiGo,6E 6753,2026-09-17,1,economy,,,6543.0,False,15:15,ok,2026-09-16T01:59:24.731949+05:30,2026-09-16_0159IST,airline_direct,IndiGo
BLR,HYD,6E,IndiGo,6E 6753,2026-09-17,1,economy,,,6543.0,False,15:15,ok,2026-09-16T01:59:24.731949+05:30,2026-09-16_0159IST,airline_direct,IndiGo
BLR,HYD,6E,IndiGo,6E 576,2026-09-17,1,economy,,,6543.0,False,16:25,ok,2026-09-16T01:59:24.731949+05:30,2026-09-16_0159IST,airline_direct,IndiGo
BLR,HYD,6E,IndiGo,6E 356,2026-09-17,1,economy,,,6543.0,False,17:15,ok,2026-09-16T01:59:24.731949+05:30,2026-09-16_0159IST,airline_direct,IndiGo
BLR,HYD,6E,IndiGo,6E 356,2026-09-17,1,economy,,,6543.0,False,17:15,ok,2026-09-16T01:59:24.731949+05:30,2026-09-16_0159IST,airline_direct,IndiGo
BLR,HYD,6E,IndiGo,6E 6168,2026-09-17,1,economy,,,6543.0,False,17:40,ok,2026-09-16T01:59:24.731949+05:30,2026-09-16_0159IST,airline_direct,IndiGo
BLR,HYD,6E,IndiGo,6E 6168,2026-09-17,1,economy,,,6543.0,False,17:40,ok,2026-09-16T01:59:24.731949+05:30,2026-09-16_0159IST,airline_direct,IndiGo
BLR,HYD,6E,IndiGo,6E 6017,2026-09-17,1,economy,,,6543.0,False,18:15,ok,2026-09-16T01:59:24.731949+05:30,2026-09-16_0159IST,airline_direct,IndiGo
BLR,HYD,6E,IndiGo,6E 105,2026-09-17,1,economy,,,6543.0,False,18:50,ok,2026-09-16T01:59:24.731949+05:30,2026-09-16_0159IST,airline_direct,IndiGo
BLR,HYD,6E,IndiGo,6E 105,2026-09-17,1,economy,,,6543.0,False,18:50,ok,2026-09-16T01:59:24.731949+05:30,2026-09-16_0159IST,airline_direct,IndiGo
BLR,HYD,6E,IndiGo,6E 6554,2026-09-17,1,economy,,,6543.0,False,19:15,ok,2026-09-16T01:59:24.731949+05:30,2026-09-16_0159IST,airline_direct,IndiGo
BLR,HYD,6E,IndiGo,6E 528,2026-09-17,1,economy,,,6543.0,False,21:40,ok,2026-09-16T01:59:24.731949+05:30,2026-09-16_0159IST,airline_direct,IndiGo
BLR,HYD,6E,IndiGo,6E 116,2026-09-17,1,economy,,,6543.0,False,23:05,ok,2026-09-16T01:59:24.731949+05:30,2026-09-16_0159IST,airline_direct,IndiGo
BLR,HYD,6E,IndiGo,6E 116,2026-09-17,1,economy,,,6543.0,False,23:05,ok,2026-09-16T01:59:24.731949+05:30,2026-09-16_0159IST,airline_direct,IndiGo
BLR,HYD,6E,IndiGo,6E 857,2026-09-17,1,economy,,,6969.0,False,07:05,ok,2026-09-16T01:59:24.731949+05:30,2026-09-16_0159IST,airline_direct,IndiGo
BLR,HYD,6E,IndiGo,6E 6269,2026-09-17,1,economy,,,6969.0,False,07:15,ok,2026-09-16T01:59:24.731949+05:30,2026-09-16_0159IST,airline_direct,IndiGo
BLR,HYD,6E,IndiGo,6E 904,2026-09-17,1,economy,,,6969.0,False,10:50,ok,2026-09-16T01:59:24.731949+05:30,2026-09-16_0159IST,airline_direct,IndiGo
BLR,HYD,6E,IndiGo,6E 7204,2026-09-17,1,economy,,,7255.0,False,06:50,ok,2026-09-16T01:59:24.731949+05:30,2026-09-16_0159IST,airline_direct,IndiGo
BLR,HYD,6E,IndiGo,6E 7071,2026-09-17,1,economy,,,7432.0,False,10:55,ok,2026-09-16T01:59:24.731949+05:30,2026-09-16_0159IST,airline_direct,IndiGo
BLR,HYD,6E,IndiGo,6E 441,2026-09-17,1,economy,,,7432.0,False,20:40,ok,2026-09-16T01:59:24.731949+05:30,2026-09-16_0159IST,airline_direct,IndiGo
BLR,HYD,6E,IndiGo,6E 7227,2026-09-17,1,economy,,,7804.0,False,06:25,ok,2026-09-16T01:59:24.731949+05:30,2026-09-16_0159IST,airline_direct,IndiGo
BLR,HYD,6E,IndiGo,6E 763,2026-09-17,1,economy,,,7935.0,False,07:05,ok,2026-09-16T01:59:24.731949+05:30,2026-09-16_0159IST,airline_direct,IndiGo
BLR,HYD,6E,IndiGo,6E 6583,2026-09-17,1,economy,,,9212.0,False,10:40,ok,2026-09-16T01:59:24.731949+05:30,2026-09-16_0159IST,airline_direct,IndiGo
BLR,HYD,6E,IndiGo,6E 6445,2026-09-17,1,economy,,,11204.0,False,10:25,ok,2026-09-16T01:59:24.731949+05:30,2026-09-16_0159IST,airline_direct,IndiGo
BLR,HYD,6E,IndiGo,6E 703,2026-09-17,1,economy,,,11204.0,False,12:55,ok,2026-09-16T01:59:24.731949+05:30,2026-09-16_0159IST,airline_direct,IndiGo
BLR,HYD,6E,IndiGo,6E 109,2026-09-17,1,economy,,,12041.0,False,17:00,ok,2026-09-16T01:59:24.731949+05:30,2026-09-16_0159IST,airline_direct,IndiGo
BLR,HYD,6E,IndiGo,6E 6162,2026-09-17,1,economy,,,12041.0,False,18:50,ok,2026-09-16T01:59:24.731949+05:30,2026-09-16_0159IST,airline_direct,IndiGo
BLR,HYD,6E,IndiGo,6E 7005,2026-09-17,1,economy,,,15575.0,False,08:05,ok,2026-09-16T01:59:24.731949+05:30,2026-09-16_0159IST,airline_direct,IndiGo
BLR,HYD,6E,IndiGo,6E 7005,2026-09-17,1,economy,,,19250.0,False,08:05,ok,2026-09-16T01:59:24.731949+05:30,2026-09-16_0159IST,airline_direct,IndiGo
BLR,HYD,6E,IndiGo,6E 763,2026-09-17,1,economy,,,19341.0,False,07:05,ok,2026-09-16T01:59:24.731949+05:30,2026-09-16_0159IST,airline_direct,IndiGo
BLR,HYD,6E,IndiGo,6E 5306,2026-09-17,1,economy,,,19911.0,False,14:35,ok,2026-09-16T01:59:24.731949+05:30,2026-09-16_0159IST,airline_direct,IndiGo
MAA,DEL,6E,IndiGo,6E 951,2026-09-17,1,business,,,28240.0,False,21:50,ok,2026-09-16T02:00:27.482062+05:30,2026-09-16_0200IST,airline_direct,IndiGo
MAA,DEL,6E,IndiGo,6E 951,2026-09-17,1,economy,,,9830.0,False,21:50,ok,2026-09-16T02:00:27.482062+05:30,2026-09-16_0200IST,airline_direct,IndiGo
MAA,DEL,6E,IndiGo,6E 2369,2026-09-17,1,business,,,28240.0,False,23:45,ok,2026-09-16T02:00:27.482062+05:30,2026-09-16_0200IST,airline_direct,IndiGo
MAA,DEL,6E,IndiGo,6E 2369,2026-09-17,1,economy,,,9830.0,False,23:45,ok,2026-09-16T02:00:27.482062+05:30,2026-09-16_0200IST,airline_direct,IndiGo
MAA,DEL,6E,IndiGo,6E 939,2026-09-17,1,business,,,28240.0,False,13:00,ok,2026-09-16T02:00:27.482062+05:30,2026-09-16_0200IST,airline_direct,IndiGo
MAA,DEL,6E,IndiGo,6E 939,2026-09-17,1,economy,,,10295.0,False,13:00,ok,2026-09-16T02:00:27.482062+05:30,2026-09-16_0200IST,airline_direct,IndiGo
MAA,DEL,6E,IndiGo,6E 948,2026-09-17,1,business,,,28240.0,False,14:30,ok,2026-09-16T02:00:27.482062+05:30,2026-09-16_0200IST,airline_direct,IndiGo
MAA,DEL,6E,IndiGo,6E 948,2026-09-17,1,economy,,,10295.0,False,14:30,ok,2026-09-16T02:00:27.482062+05:30,2026-09-16_0200IST,airline_direct,IndiGo
MAA,DEL,6E,IndiGo,6E 698,2026-09-17,1,business,,,28240.0,False,16:45,ok,2026-09-16T02:00:27.482062+05:30,2026-09-16_0200IST,airline_direct,IndiGo
MAA,DEL,6E,IndiGo,6E 698,2026-09-17,1,economy,,,10785.0,False,16:45,ok,2026-09-16T02:00:27.482062+05:30,2026-09-16_0200IST,airline_direct,IndiGo
MAA,DEL,6E,IndiGo,6E 6002,2026-09-17,1,business,,,28240.0,False,11:10,ok,2026-09-16T02:00:27.482062+05:30,2026-09-16_0200IST,airline_direct,IndiGo
MAA,DEL,6E,IndiGo,6E 6002,2026-09-17,1,economy,,,11303.0,False,11:10,ok,2026-09-16T02:00:27.482062+05:30,2026-09-16_0200IST,airline_direct,IndiGo
MAA,DEL,6E,IndiGo,6E 613,2026-09-17,1,business,,,28240.0,False,19:00,ok,2026-09-16T02:00:27.482062+05:30,2026-09-16_0200IST,airline_direct,IndiGo
MAA,DEL,6E,IndiGo,6E 613,2026-09-17,1,economy,,,12426.0,False,19:00,ok,2026-09-16T02:00:27.482062+05:30,2026-09-16_0200IST,airline_direct,IndiGo
MAA,DEL,6E,IndiGo,6E 404,2026-09-17,1,business,,,28240.0,False,09:15,ok,2026-09-16T02:00:27.482062+05:30,2026-09-16_0200IST,airline_direct,IndiGo
MAA,DEL,6E,IndiGo,6E 404,2026-09-17,1,economy,,,13035.0,False,09:15,ok,2026-09-16T02:00:27.482062+05:30,2026-09-16_0200IST,airline_direct,IndiGo
MAA,DEL,6E,IndiGo,6E 937,2026-09-17,1,business,,,28240.0,False,06:30,ok,2026-09-16T02:00:27.482062+05:30,2026-09-16_0200IST,airline_direct,IndiGo
MAA,DEL,6E,IndiGo,6E 937,2026-09-17,1,economy,,,22411.0,False,06:30,ok,2026-09-16T02:00:27.482062+05:30,2026-09-16_0200IST,airline_direct,IndiGo
MAA,DEL,6E,IndiGo,6E 991,2026-09-17,1,economy,,,10535.0,False,09:30,ok,2026-09-16T02:00:27.482062+05:30,2026-09-16_0200IST,airline_direct,IndiGo
MAA,DEL,6E,IndiGo,6E 502,2026-09-17,1,business,,,29241.0,False,11:10,ok,2026-09-16T02:00:27.482062+05:30,2026-09-16_0200IST,airline_direct,IndiGo
MAA,DEL,6E,IndiGo,6E 502,2026-09-17,1,economy,,,10535.0,False,11:10,ok,2026-09-16T02:00:27.482062+05:30,2026-09-16_0200IST,airline_direct,IndiGo
MAA,DEL,6E,IndiGo,6E 973,2026-09-17,1,economy,,,10535.0,False,11:55,ok,2026-09-16T02:00:27.482062+05:30,2026-09-16_0200IST,airline_direct,IndiGo
MAA,DEL,6E,IndiGo,6E 6925,2026-09-17,1,economy,,,10535.0,False,12:00,ok,2026-09-16T02:00:27.482062+05:30,2026-09-16_0200IST,airline_direct,IndiGo
MAA,DEL,6E,IndiGo,6E 183,2026-09-17,1,business,,,29713.0,False,16:35,ok,2026-09-16T02:00:27.482062+05:30,2026-09-16_0200IST,airline_direct,IndiGo
MAA,DEL,6E,IndiGo,6E 183,2026-09-17,1,economy,,,10535.0,False,16:35,ok,2026-09-16T02:00:27.482062+05:30,2026-09-16_0200IST,airline_direct,IndiGo
MAA,DEL,6E,IndiGo,6E 5214,2026-09-17,1,business,,,39741.0,False,11:00,ok,2026-09-16T02:00:27.482062+05:30,2026-09-16_0200IST,airline_direct,IndiGo
MAA,DEL,6E,IndiGo,6E 5214,2026-09-17,1,economy,,,10745.0,False,11:00,ok,2026-09-16T02:00:27.482062+05:30,2026-09-16_0200IST,airline_direct,IndiGo
MAA,DEL,6E,IndiGo,6E 5371,2026-09-17,1,business,,,47116.0,False,14:45,ok,2026-09-16T02:00:27.482062+05:30,2026-09-16_0200IST,airline_direct,IndiGo
MAA,DEL,6E,IndiGo,6E 5371,2026-09-17,1,economy,,,10745.0,False,14:45,ok,2026-09-16T02:00:27.482062+05:30,2026-09-16_0200IST,airline_direct,IndiGo
MAA,DEL,6E,IndiGo,6E 5104,2026-09-17,1,business,,,39741.0,False,16:40,ok,2026-09-16T02:00:27.482062+05:30,2026-09-16_0200IST,airline_direct,IndiGo
MAA,DEL,6E,IndiGo,6E 5104,2026-09-17,1,economy,,,11576.0,False,16:40,ok,2026-09-16T02:00:27.482062+05:30,2026-09-16_0200IST,airline_direct,IndiGo
MAA,DEL,6E,IndiGo,6E 606,2026-09-17,1,business,,,36527.0,False,18:05,ok,2026-09-16T02:00:27.482062+05:30,2026-09-16_0200IST,airline_direct,IndiGo
MAA,DEL,6E,IndiGo,6E 606,2026-09-17,1,economy,,,11576.0,False,18:05,ok,2026-09-16T02:00:27.482062+05:30,2026-09-16_0200IST,airline_direct,IndiGo
MAA,DEL,6E,IndiGo,6E 6797,2026-09-17,1,economy,,,12067.0,False,13:10,ok,2026-09-16T02:00:27.482062+05:30,2026-09-16_0200IST,airline_direct,IndiGo
MAA,DEL,6E,IndiGo,6E 253,2026-09-17,1,business,,,27587.0,False,03:10,ok,2026-09-16T02:00:27.482062+05:30,2026-09-16_0200IST,airline_direct,IndiGo
MAA,DEL,6E,IndiGo,6E 253,2026-09-17,1,economy,,,12277.0,False,03:10,ok,2026-09-16T02:00:27.482062+05:30,2026-09-16_0200IST,airline_direct,IndiGo
MAA,DEL,6E,IndiGo,6E 6925,2026-09-17,1,business,,,31579.0,False,12:00,ok,2026-09-16T02:00:27.482062+05:30,2026-09-16_0200IST,airline_direct,IndiGo
MAA,DEL,6E,IndiGo,6E 6925,2026-09-17,1,economy,,,12277.0,False,12:00,ok,2026-09-16T02:00:27.482062+05:30,2026-09-16_0200IST,airline_direct,IndiGo
MAA,DEL,6E,IndiGo,6E 848,2026-09-17,1,economy,,,12277.0,False,17:50,ok,2026-09-16T02:00:27.482062+05:30,2026-09-16_0200IST,airline_direct,IndiGo
MAA,DEL,6E,IndiGo,6E 193,2026-09-17,1,business,,,31579.0,False,20:00,ok,2026-09-16T02:00:27.482062+05:30,2026-09-16_0200IST,airline_direct,IndiGo
MAA,DEL,6E,IndiGo,6E 193,2026-09-17,1,economy,,,12277.0,False,20:00,ok,2026-09-16T02:00:27.482062+05:30,2026-09-16_0200IST,airline_direct,IndiGo
MAA,DEL,6E,IndiGo,6E 6487,2026-09-17,1,business,,,30916.0,False,21:25,ok,2026-09-16T02:00:27.482062+05:30,2026-09-16_0200IST,airline_direct,IndiGo
MAA,DEL,6E,IndiGo,6E 6487,2026-09-17,1,economy,,,12277.0,False,21:25,ok,2026-09-16T02:00:27.482062+05:30,2026-09-16_0200IST,airline_direct,IndiGo
MAA,DEL,6E,IndiGo,6E 561,2026-09-17,1,business,,,29711.0,False,22:20,ok,2026-09-16T02:00:27.482062+05:30,2026-09-16_0200IST,airline_direct,IndiGo
MAA,DEL,6E,IndiGo,6E 561,2026-09-17,1,economy,,,12277.0,False,22:20,ok,2026-09-16T02:00:27.482062+05:30,2026-09-16_0200IST,airline_direct,IndiGo
MAA,DEL,6E,IndiGo,6E 6815,2026-09-17,1,business,,,32713.0,False,08:55,ok,2026-09-16T02:00:27.482062+05:30,2026-09-16_0200IST,airline_direct,IndiGo
MAA,DEL,6E,IndiGo,6E 6815,2026-09-17,1,economy,,,12356.0,False,08:55,ok,2026-09-16T02:00:27.482062+05:30,2026-09-16_0200IST,airline_direct,IndiGo
MAA,DEL,6E,IndiGo,6E 6892,2026-09-17,1,business,,,32713.0,False,10:55,ok,2026-09-16T02:00:27.482062+05:30,2026-09-16_0200IST,airline_direct,IndiGo
MAA,DEL,6E,IndiGo,6E 6892,2026-09-17,1,economy,,,12356.0,False,10:55,ok,2026-09-16T02:00:27.482062+05:30,2026-09-16_0200IST,airline_direct,IndiGo
MAA,DEL,6E,IndiGo,6E 726,2026-09-17,1,economy,,,12356.0,False,18:20,ok,2026-09-16T02:00:27.482062+05:30,2026-09-16_0200IST,airline_direct,IndiGo
MAA,DEL,6E,IndiGo,6E 321,2026-09-17,1,business,,,37235.0,False,08:20,ok,2026-09-16T02:00:27.482062+05:30,2026-09-16_0200IST,airline_direct,IndiGo
MAA,DEL,6E,IndiGo,6E 321,2026-09-17,1,economy,,,12487.0,False,08:20,ok,2026-09-16T02:00:27.482062+05:30,2026-09-16_0200IST,airline_direct,IndiGo
MAA,DEL,6E,IndiGo,6E 6348,2026-09-17,1,business,,,39741.0,False,09:00,ok,2026-09-16T02:00:27.482062+05:30,2026-09-16_0200IST,airline_direct,IndiGo
MAA,DEL,6E,IndiGo,6E 6348,2026-09-17,1,economy,,,12487.0,False,09:00,ok,2026-09-16T02:00:27.482062+05:30,2026-09-16_0200IST,airline_direct,IndiGo
MAA,DEL,6E,IndiGo,6E 6348,2026-09-17,1,business,,,43340.0,False,09:00,ok,2026-09-16T02:00:27.482062+05:30,2026-09-16_0200IST,airline_direct,IndiGo
MAA,DEL,6E,IndiGo,6E 6348,2026-09-17,1,economy,,,12487.0,False,09:00,ok,2026-09-16T02:00:27.482062+05:30,2026-09-16_0200IST,airline_direct,IndiGo
MAA,DEL,6E,IndiGo,6E 5258,2026-09-17,1,business,,,39741.0,False,12:45,ok,2026-09-16T02:00:27.482062+05:30,2026-09-16_0200IST,airline_direct,IndiGo
MAA,DEL,6E,IndiGo,6E 5258,2026-09-17,1,economy,,,12487.0,False,12:45,ok,2026-09-16T02:00:27.482062+05:30,2026-09-16_0200IST,airline_direct,IndiGo
MAA,DEL,6E,IndiGo,6E 6113,2026-09-17,1,economy,,,12487.0,False,17:00,ok,2026-09-16T02:00:27.482062+05:30,2026-09-16_0200IST,airline_direct,IndiGo
MAA,DEL,6E,IndiGo,6E 7084,2026-09-17,1,economy,,,13146.0,False,07:20,ok,2026-09-16T02:00:27.482062+05:30,2026-09-16_0200IST,airline_direct,IndiGo
MAA,DEL,6E,IndiGo,6E 607,2026-09-17,1,business,,,32109.0,False,05:40,ok,2026-09-16T02:00:27.482062+05:30,2026-09-16_0200IST,airline_direct,IndiGo
MAA,DEL,6E,IndiGo,6E 607,2026-09-17,1,economy,,,13277.0,False,05:40,ok,2026-09-16T02:00:27.482062+05:30,2026-09-16_0200IST,airline_direct,IndiGo
MAA,DEL,6E,IndiGo,6E 372,2026-09-17,1,business,,,33674.0,False,09:55,ok,2026-09-16T02:00:27.482062+05:30,2026-09-16_0200IST,airline_direct,IndiGo
MAA,DEL,6E,IndiGo,6E 372,2026-09-17,1,economy,,,13277.0,False,09:55,ok,2026-09-16T02:00:27.482062+05:30,2026-09-16_0200IST,airline_direct,IndiGo
MAA,DEL,6E,IndiGo,6E 6158,2026-09-17,1,business,,,32953.0,False,16:10,ok,2026-09-16T02:00:27.482062+05:30,2026-09-16_0200IST,airline_direct,IndiGo
MAA,DEL,6E,IndiGo,6E 6158,2026-09-17,1,economy,,,13277.0,False,16:10,ok,2026-09-16T02:00:27.482062+05:30,2026-09-16_0200IST,airline_direct,IndiGo
MAA,DEL,6E,IndiGo,6E 562,2026-09-17,1,business,,,31579.0,False,18:20,ok,2026-09-16T02:00:27.482062+05:30,2026-09-16_0200IST,airline_direct,IndiGo
MAA,DEL,6E,IndiGo,6E 562,2026-09-17,1,economy,,,13277.0,False,18:20,ok,2026-09-16T02:00:27.482062+05:30,2026-09-16_0200IST,airline_direct,IndiGo
MAA,DEL,6E,IndiGo,6E 6892,2026-09-17,1,business,,,32713.0,False,10:55,ok,2026-09-16T02:00:27.482062+05:30,2026-09-16_0200IST,airline_direct,IndiGo
MAA,DEL,6E,IndiGo,6E 6892,2026-09-17,1,economy,,,13432.0,False,10:55,ok,2026-09-16T02:00:27.482062+05:30,2026-09-16_0200IST,airline_direct,IndiGo
MAA,DEL,6E,IndiGo,6E 495,2026-09-17,1,business,,,34593.0,False,07:10,ok,2026-09-16T02:00:27.482062+05:30,2026-09-16_0200IST,airline_direct,IndiGo
MAA,DEL,6E,IndiGo,6E 495,2026-09-17,1,economy,,,14373.0,False,07:10,ok,2026-09-16T02:00:27.482062+05:30,2026-09-16_0200IST,airline_direct,IndiGo
MAA,DEL,6E,IndiGo,6E 834,2026-09-17,1,business,,,31579.0,False,09:05,ok,2026-09-16T02:00:27.482062+05:30,2026-09-16_0200IST,airline_direct,IndiGo
MAA,DEL,6E,IndiGo,6E 834,2026-09-17,1,economy,,,14373.0,False,09:05,ok,2026-09-16T02:00:27.482062+05:30,2026-09-16_0200IST,airline_direct,IndiGo
MAA,DEL,6E,IndiGo,6E 834,2026-09-17,1,business,,,31579.0,False,09:05,ok,2026-09-16T02:00:27.482062+05:30,2026-09-16_0200IST,airline_direct,IndiGo
MAA,DEL,6E,IndiGo,6E 834,2026-09-17,1,economy,,,14373.0,False,09:05,ok,2026-09-16T02:00:27.482062+05:30,2026-09-16_0200IST,airline_direct,IndiGo
MAA,DEL,6E,IndiGo,6E 372,2026-09-17,1,business,,,33674.0,False,09:55,ok,2026-09-16T02:00:27.482062+05:30,2026-09-16_0200IST,airline_direct,IndiGo
MAA,DEL,6E,IndiGo,6E 372,2026-09-17,1,economy,,,14373.0,False,09:55,ok,2026-09-16T02:00:27.482062+05:30,2026-09-16_0200IST,airline_direct,IndiGo
MAA,DEL,6E,IndiGo,6E 539,2026-09-17,1,economy,,,14373.0,False,11:25,ok,2026-09-16T02:00:27.482062+05:30,2026-09-16_0200IST,airline_direct,IndiGo
MAA,DEL,6E,IndiGo,6E 6326,2026-09-17,1,business,,,38179.0,False,11:45,ok,2026-09-16T02:00:27.482062+05:30,2026-09-16_0200IST,airline_direct,IndiGo
MAA,DEL,6E,IndiGo,6E 6326,2026-09-17,1,economy,,,14583.0,False,11:45,ok,2026-09-16T02:00:27.482062+05:30,2026-09-16_0200IST,airline_direct,IndiGo
MAA,DEL,6E,IndiGo,6E 6140,2026-09-17,1,business,,,32775.0,False,02:30,ok,2026-09-16T02:00:27.482062+05:30,2026-09-16_0200IST,airline_direct,IndiGo
MAA,DEL,6E,IndiGo,6E 6140,2026-09-17,1,economy,,,14881.0,False,02:30,ok,2026-09-16T02:00:27.482062+05:30,2026-09-16_0200IST,airline_direct,IndiGo
MAA,DEL,6E,IndiGo,6E 495,2026-09-17,1,business,,,35988.0,False,07:10,ok,2026-09-16T02:00:27.482062+05:30,2026-09-16_0200IST,airline_direct,IndiGo
MAA,DEL,6E,IndiGo,6E 495,2026-09-17,1,economy,,,15577.0,False,07:10,ok,2026-09-16T02:00:27.482062+05:30,2026-09-16_0200IST,airline_direct,IndiGo
MAA,DEL,6E,IndiGo,6E 597,2026-09-17,1,economy,,,15945.0,False,17:45,ok,2026-09-16T02:00:27.482062+05:30,2026-09-16_0200IST,airline_direct,IndiGo
MAA,DEL,6E,IndiGo,6E 5367,2026-09-17,1,business,,,39741.0,False,18:15,ok,2026-09-16T02:00:27.482062+05:30,2026-09-16_0200IST,airline_direct,IndiGo
MAA,DEL,6E,IndiGo,6E 5367,2026-09-17,1,economy,,,16085.0,False,18:15,ok,2026-09-16T02:00:27.482062+05:30,2026-09-16_0200IST,airline_direct,IndiGo
MAA,DEL,6E,IndiGo,6E 6081,2026-09-17,1,business,,,33057.0,False,07:05,ok,2026-09-16T02:00:27.482062+05:30,2026-09-16_0200IST,airline_direct,IndiGo
MAA,DEL,6E,IndiGo,6E 6081,2026-09-17,1,economy,,,16905.0,False,07:05,ok,2026-09-16T02:00:27.482062+05:30,2026-09-16_0200IST,airline_direct,IndiGo
MAA,DEL,6E,IndiGo,6E 6140,2026-09-17,1,business,,,40150.0,False,02:30,ok,2026-09-16T02:00:27.482062+05:30,2026-09-16_0200IST,airline_direct,IndiGo
MAA,DEL,6E,IndiGo,6E 6140,2026-09-17,1,economy,,,17139.0,False,02:30,ok,2026-09-16T02:00:27.482062+05:30,2026-09-16_0200IST,airline_direct,IndiGo
MAA,DEL,6E,IndiGo,6E 6209,2026-09-17,1,business,,,33846.0,False,14:35,ok,2026-09-16T02:00:27.482062+05:30,2026-09-16_0200IST,airline_direct,IndiGo
MAA,DEL,6E,IndiGo,6E 6209,2026-09-17,1,economy,,,19193.0,False,14:35,ok,2026-09-16T02:00:27.482062+05:30,2026-09-16_0200IST,airline_direct,IndiGo
MAA,DEL,6E,IndiGo,6E 244,2026-09-17,1,economy,,,21261.0,False,03:55,ok,2026-09-16T02:00:27.482062+05:30,2026-09-16_0200IST,airline_direct,IndiGo
MAA,DEL,6E,IndiGo,6E 189,2026-09-17,1,business,,,44186.0,False,19:05,ok,2026-09-16T02:00:27.482062+05:30,2026-09-16_0200IST,airline_direct,IndiGo
MAA,DEL,6E,IndiGo,6E 189,2026-09-17,1,economy,,,31720.0,False,19:05,ok,2026-09-16T02:00:27.482062+05:30,2026-09-16_0200IST,airline_direct,IndiGo
MAA,DEL,6E,IndiGo,6E 6081,2026-09-17,1,business,,,33057.0,False,07:05,ok,2026-09-16T02:00:27.482062+05:30,2026-09-16_0200IST,airline_direct,IndiGo
MAA,DEL,6E,IndiGo,6E 6209,2026-09-17,1,business,,,33846.0,False,14:35,ok,2026-09-16T02:00:27.482062+05:30,2026-09-16_0200IST,airline_direct,IndiGo
MAA,DEL,6E,IndiGo,6E 847,2026-09-17,1,business,,,33846.0,False,16:15,ok,2026-09-16T02:00:27.482062+05:30,2026-09-16_0200IST,airline_direct,IndiGo
MAA,DEL,6E,IndiGo,6E 365,2026-09-17,1,business,,,39583.0,False,17:45,ok,2026-09-16T02:00:27.482062+05:30,2026-09-16_0200IST,airline_direct,IndiGo
DEL,BOM,6E,IndiGo,6E 449,2026-09-23,7,business,,,24260.0,False,05:00,ok,2026-09-16T02:01:23.990839+05:30,2026-09-16_0201IST,airline_direct,IndiGo
DEL,BOM,6E,IndiGo,6E 449,2026-09-23,7,economy,,,6305.0,False,05:00,ok,2026-09-16T02:01:23.990839+05:30,2026-09-16_0201IST,airline_direct,IndiGo
DEL,BOM,6E,IndiGo,6E 675,2026-09-23,7,business,,,24260.0,False,08:45,ok,2026-09-16T02:01:23.990839+05:30,2026-09-16_0201IST,airline_direct,IndiGo
DEL,BOM,6E,IndiGo,6E 675,2026-09-23,7,economy,,,6305.0,False,08:45,ok,2026-09-16T02:01:23.990839+05:30,2026-09-16_0201IST,airline_direct,IndiGo
DEL,BOM,6E,IndiGo,6E 6107,2026-09-23,7,business,,,24260.0,False,09:30,ok,2026-09-16T02:01:23.990839+05:30,2026-09-16_0201IST,airline_direct,IndiGo
DEL,BOM,6E,IndiGo,6E 6107,2026-09-23,7,economy,,,6305.0,False,09:30,ok,2026-09-16T02:01:23.990839+05:30,2026-09-16_0201IST,airline_direct,IndiGo
DEL,BOM,6E,IndiGo,6E 6328,2026-09-23,7,business,,,24260.0,False,10:15,ok,2026-09-16T02:01:23.990839+05:30,2026-09-16_0201IST,airline_direct,IndiGo
DEL,BOM,6E,IndiGo,6E 6328,2026-09-23,7,economy,,,6305.0,False,10:15,ok,2026-09-16T02:01:23.990839+05:30,2026-09-16_0201IST,airline_direct,IndiGo
DEL,BOM,6E,IndiGo,6E 6047,2026-09-23,7,business,,,24260.0,False,11:00,ok,2026-09-16T02:01:23.990839+05:30,2026-09-16_0201IST,airline_direct,IndiGo
DEL,BOM,6E,IndiGo,6E 6047,2026-09-23,7,economy,,,6305.0,False,11:00,ok,2026-09-16T02:01:23.990839+05:30,2026-09-16_0201IST,airline_direct,IndiGo
DEL,BOM,6E,IndiGo,6E 6676,2026-09-23,7,business,,,24260.0,False,12:00,ok,2026-09-16T02:01:23.990839+05:30,2026-09-16_0201IST,airline_direct,IndiGo
DEL,BOM,6E,IndiGo,6E 6676,2026-09-23,7,economy,,,6305.0,False,12:00,ok,2026-09-16T02:01:23.990839+05:30,2026-09-16_0201IST,airline_direct,IndiGo
DEL,BOM,6E,IndiGo,6E 324,2026-09-23,7,business,,,24260.0,False,13:00,ok,2026-09-16T02:01:23.990839+05:30,2026-09-16_0201IST,airline_direct,IndiGo
DEL,BOM,6E,IndiGo,6E 324,2026-09-23,7,economy,,,6305.0,False,13:00,ok,2026-09-16T02:01:23.990839+05:30,2026-09-16_0201IST,airline_direct,IndiGo
DEL,BOM,6E,IndiGo,6E 6022,2026-09-23,7,business,,,24260.0,False,14:00,ok,2026-09-16T02:01:23.990839+05:30,2026-09-16_0201IST,airline_direct,IndiGo
DEL,BOM,6E,IndiGo,6E 6022,2026-09-23,7,economy,,,6305.0,False,14:00,ok,2026-09-16T02:01:23.990839+05:30,2026-09-16_0201IST,airline_direct,IndiGo
DEL,BOM,6E,IndiGo,6E 6318,2026-09-23,7,business,,,24260.0,False,14:45,ok,2026-09-16T02:01:23.990839+05:30,2026-09-16_0201IST,airline_direct,IndiGo
DEL,BOM,6E,IndiGo,6E 6318,2026-09-23,7,economy,,,6305.0,False,14:45,ok,2026-09-16T02:01:23.990839+05:30,2026-09-16_0201IST,airline_direct,IndiGo
DEL,BOM,6E,IndiGo,6E 864,2026-09-23,7,business,,,24260.0,False,15:30,ok,2026-09-16T02:01:23.990839+05:30,2026-09-16_0201IST,airline_direct,IndiGo
DEL,BOM,6E,IndiGo,6E 864,2026-09-23,7,economy,,,6305.0,False,15:30,ok,2026-09-16T02:01:23.990839+05:30,2026-09-16_0201IST,airline_direct,IndiGo
DEL,BOM,6E,IndiGo,6E 327,2026-09-23,7,business,,,24260.0,False,16:15,ok,2026-09-16T02:01:23.990839+05:30,2026-09-16_0201IST,airline_direct,IndiGo
DEL,BOM,6E,IndiGo,6E 327,2026-09-23,7,economy,,,6305.0,False,16:15,ok,2026-09-16T02:01:23.990839+05:30,2026-09-16_0201IST,airline_direct,IndiGo
DEL,BOM,6E,IndiGo,6E 6706,2026-09-23,7,business,,,28443.0,False,17:00,ok,2026-09-16T02:01:23.990839+05:30,2026-09-16_0201IST,airline_direct,IndiGo
DEL,BOM,6E,IndiGo,6E 6706,2026-09-23,7,economy,,,6305.0,False,17:00,ok,2026-09-16T02:01:23.990839+05:30,2026-09-16_0201IST,airline_direct,IndiGo
DEL,BOM,6E,IndiGo,6E 6114,2026-09-23,7,business,,,24260.0,False,22:45,ok,2026-09-16T02:01:23.990839+05:30,2026-09-16_0201IST,airline_direct,IndiGo
DEL,BOM,6E,IndiGo,6E 6114,2026-09-23,7,economy,,,6305.0,False,22:45,ok,2026-09-16T02:01:23.990839+05:30,2026-09-16_0201IST,airline_direct,IndiGo
DEL,BOM,6E,IndiGo,6E 322,2026-09-23,7,business,,,24260.0,False,23:30,ok,2026-09-16T02:01:23.990839+05:30,2026-09-16_0201IST,airline_direct,IndiGo
DEL,BOM,6E,IndiGo,6E 322,2026-09-23,7,economy,,,6305.0,False,23:30,ok,2026-09-16T02:01:23.990839+05:30,2026-09-16_0201IST,airline_direct,IndiGo
DEL,BOM,6E,IndiGo,6E 6218,2026-09-23,7,business,,,24260.0,False,06:05,ok,2026-09-16T02:01:23.990839+05:30,2026-09-16_0201IST,airline_direct,IndiGo
DEL,BOM,6E,IndiGo,6E 6218,2026-09-23,7,economy,,,6357.0,False,06:05,ok,2026-09-16T02:01:23.990839+05:30,2026-09-16_0201IST,airline_direct,IndiGo
DEL,BOM,6E,IndiGo,6E 6814,2026-09-23,7,business,,,24260.0,False,07:15,ok,2026-09-16T02:01:23.990839+05:30,2026-09-16_0201IST,airline_direct,IndiGo
DEL,BOM,6E,IndiGo,6E 6814,2026-09-23,7,economy,,,6431.0,False,07:15,ok,2026-09-16T02:01:23.990839+05:30,2026-09-16_0201IST,airline_direct,IndiGo
DEL,BOM,6E,IndiGo,6E 320,2026-09-23,7,business,,,28443.0,False,08:00,ok,2026-09-16T02:01:23.990839+05:30,2026-09-16_0201IST,airline_direct,IndiGo
DEL,BOM,6E,IndiGo,6E 320,2026-09-23,7,economy,,,6431.0,False,08:00,ok,2026-09-16T02:01:23.990839+05:30,2026-09-16_0201IST,airline_direct,IndiGo
DEL,BOM,6E,IndiGo,6E 329,2026-09-23,7,business,,,24260.0,False,18:00,ok,2026-09-16T02:01:23.990839+05:30,2026-09-16_0201IST,airline_direct,IndiGo
DEL,BOM,6E,IndiGo,6E 329,2026-09-23,7,economy,,,6431.0,False,18:00,ok,2026-09-16T02:01:23.990839+05:30,2026-09-16_0201IST,airline_direct,IndiGo
DEL,BOM,6E,IndiGo,6E 303,2026-09-23,7,business,,,28443.0,False,20:00,ok,2026-09-16T02:01:23.990839+05:30,2026-09-16_0201IST,airline_direct,IndiGo
DEL,BOM,6E,IndiGo,6E 303,2026-09-23,7,economy,,,6431.0,False,20:00,ok,2026-09-16T02:01:23.990839+05:30,2026-09-16_0201IST,airline_direct,IndiGo
DEL,BOM,6E,IndiGo,6E 853,2026-09-23,7,business,,,24260.0,False,20:45,ok,2026-09-16T02:01:23.990839+05:30,2026-09-16_0201IST,airline_direct,IndiGo
DEL,BOM,6E,IndiGo,6E 853,2026-09-23,7,economy,,,6431.0,False,20:45,ok,2026-09-16T02:01:23.990839+05:30,2026-09-16_0201IST,airline_direct,IndiGo
DEL,BOM,6E,IndiGo,6E 395,2026-09-23,7,business,,,24260.0,False,21:45,ok,2026-09-16T02:01:23.990839+05:30,2026-09-16_0201IST,airline_direct,IndiGo
DEL,BOM,6E,IndiGo,6E 395,2026-09-23,7,economy,,,6431.0,False,21:45,ok,2026-09-16T02:01:23.990839+05:30,2026-09-16_0201IST,airline_direct,IndiGo
DEL,BOM,6E,IndiGo,6E 354,2026-09-23,7,business,,,28443.0,False,19:00,ok,2026-09-16T02:01:23.990839+05:30,2026-09-16_0201IST,airline_direct,IndiGo
DEL,BOM,6E,IndiGo,6E 354,2026-09-23,7,economy,,,7003.0,False,19:00,ok,2026-09-16T02:01:23.990839+05:30,2026-09-16_0201IST,airline_direct,IndiGo
DEL,BOM,6E,IndiGo,6E 6261,2026-09-23,7,economy,,,6090.0,False,00:15,ok,2026-09-16T02:01:23.990839+05:30,2026-09-16_0201IST,airline_direct,IndiGo
DEL,BOM,6E,IndiGo,6E 5119,2026-09-23,7,economy,,,6090.0,False,05:10,ok,2026-09-16T02:01:23.990839+05:30,2026-09-16_0201IST,airline_direct,IndiGo
DEL,BOM,6E,IndiGo,6E 6171,2026-09-23,7,economy,,,6090.0,False,05:40,ok,2026-09-16T02:01:23.990839+05:30,2026-09-16_0201IST,airline_direct,IndiGo
DEL,BOM,6E,IndiGo,6E 6983,2026-09-23,7,economy,,,6090.0,False,15:35,ok,2026-09-16T02:01:23.990839+05:30,2026-09-16_0201IST,airline_direct,IndiGo
DEL,BOM,6E,IndiGo,6E 5073,2026-09-23,7,economy,,,6090.0,False,17:05,ok,2026-09-16T02:01:23.990839+05:30,2026-09-16_0201IST,airline_direct,IndiGo
DEL,BOM,6E,IndiGo,6E 931,2026-09-23,7,economy,,,6090.0,False,19:35,ok,2026-09-16T02:01:23.990839+05:30,2026-09-16_0201IST,airline_direct,IndiGo
DEL,BOM,6E,IndiGo,6E 6018,2026-09-23,7,economy,,,6222.0,False,04:40,ok,2026-09-16T02:01:23.990839+05:30,2026-09-16_0201IST,airline_direct,IndiGo
DEL,BOM,6E,IndiGo,6E 2345,2026-09-23,7,economy,,,6222.0,False,05:55,ok,2026-09-16T02:01:23.990839+05:30,2026-09-16_0201IST,airline_direct,IndiGo
DEL,BOM,6E,IndiGo,6E 6443,2026-09-23,7,economy,,,6222.0,False,09:00,ok,2026-09-16T02:01:23.990839+05:30,2026-09-16_0201IST,airline_direct,IndiGo
DEL,BOM,6E,IndiGo,6E 2249,2026-09-23,7,economy,,,6222.0,False,15:00,ok,2026-09-16T02:01:23.990839+05:30,2026-09-16_0201IST,airline_direct,IndiGo
DEL,BOM,6E,IndiGo,6E 6433,2026-09-23,7,economy,,,6222.0,False,16:30,ok,2026-09-16T02:01:23.990839+05:30,2026-09-16_0201IST,airline_direct,IndiGo
DEL,BOM,6E,IndiGo,6E 6829,2026-09-23,7,economy,,,6222.0,False,17:20,ok,2026-09-16T02:01:23.990839+05:30,2026-09-16_0201IST,airline_direct,IndiGo
DEL,BOM,6E,IndiGo,6E 6829,2026-09-23,7,economy,,,6222.0,False,17:20,ok,2026-09-16T02:01:23.990839+05:30,2026-09-16_0201IST,airline_direct,IndiGo
DEL,BOM,6E,IndiGo,6E 5138,2026-09-23,7,economy,,,6222.0,False,19:10,ok,2026-09-16T02:01:23.990839+05:30,2026-09-16_0201IST,airline_direct,IndiGo
DEL,BOM,6E,IndiGo,6E 2169,2026-09-23,7,economy,,,6222.0,False,19:40,ok,2026-09-16T02:01:23.990839+05:30,2026-09-16_0201IST,airline_direct,IndiGo
DEL,BOM,6E,IndiGo,6E 6050,2026-09-23,7,economy,,,6300.0,False,08:15,ok,2026-09-16T02:01:23.990839+05:30,2026-09-16_0201IST,airline_direct,IndiGo
DEL,BOM,6E,IndiGo,6E 5298,2026-09-23,7,economy,,,6300.0,False,09:00,ok,2026-09-16T02:01:23.990839+05:30,2026-09-16_0201IST,airline_direct,IndiGo
DEL,BOM,6E,IndiGo,6E 5206,2026-09-23,7,economy,,,6300.0,False,13:20,ok,2026-09-16T02:01:23.990839+05:30,2026-09-16_0201IST,airline_direct,IndiGo
DEL,BOM,6E,IndiGo,6E 5038,2026-09-23,7,economy,,,6300.0,False,14:00,ok,2026-09-16T02:01:23.990839+05:30,2026-09-16_0201IST,airline_direct,IndiGo
DEL,BOM,6E,IndiGo,6E 2151,2026-09-23,7,economy,,,6300.0,False,19:45,ok,2026-09-16T02:01:23.990839+05:30,2026-09-16_0201IST,airline_direct,IndiGo
DEL,BOM,6E,IndiGo,6E 6479,2026-09-23,7,economy,,,6300.0,False,21:25,ok,2026-09-16T02:01:23.990839+05:30,2026-09-16_0201IST,airline_direct,IndiGo
DEL,BOM,6E,IndiGo,6E 6293,2026-09-23,7,business,,,36166.0,False,09:55,ok,2026-09-16T02:01:23.990839+05:30,2026-09-16_0201IST,airline_direct,IndiGo
DEL,BOM,6E,IndiGo,6E 6293,2026-09-23,7,economy,,,6432.0,False,09:55,ok,2026-09-16T02:01:23.990839+05:30,2026-09-16_0201IST,airline_direct,IndiGo
DEL,BOM,6E,IndiGo,6E 884,2026-09-23,7,business,,,36166.0,False,11:45,ok,2026-09-16T02:01:23.990839+05:30,2026-09-16_0201IST,airline_direct,IndiGo
DEL,BOM,6E,IndiGo,6E 884,2026-09-23,7,economy,,,6432.0,False,11:45,ok,2026-09-16T02:01:23.990839+05:30,2026-09-16_0201IST,airline_direct,IndiGo
DEL,BOM,6E,IndiGo,6E 6282,2026-09-23,7,business,,,36166.0,False,13:30,ok,2026-09-16T02:01:23.990839+05:30,2026-09-16_0201IST,airline_direct,IndiGo
DEL,BOM,6E,IndiGo,6E 6282,2026-09-23,7,economy,,,6432.0,False,13:30,ok,2026-09-16T02:01:23.990839+05:30,2026-09-16_0201IST,airline_direct,IndiGo
DEL,BOM,6E,IndiGo,6E 6282,2026-09-23,7,business,,,36166.0,False,13:30,ok,2026-09-16T02:01:23.990839+05:30,2026-09-16_0201IST,airline_direct,IndiGo
DEL,BOM,6E,IndiGo,6E 6282,2026-09-23,7,economy,,,6432.0,False,13:30,ok,2026-09-16T02:01:23.990839+05:30,2026-09-16_0201IST,airline_direct,IndiGo
DEL,BOM,6E,IndiGo,6E 6212,2026-09-23,7,business,,,36166.0,False,14:45,ok,2026-09-16T02:01:23.990839+05:30,2026-09-16_0201IST,airline_direct,IndiGo
DEL,BOM,6E,IndiGo,6E 6212,2026-09-23,7,economy,,,6432.0,False,14:45,ok,2026-09-16T02:01:23.990839+05:30,2026-09-16_0201IST,airline_direct,IndiGo
DEL,BOM,6E,IndiGo,6E 717,2026-09-23,7,business,,,36166.0,False,17:55,ok,2026-09-16T02:01:23.990839+05:30,2026-09-16_0201IST,airline_direct,IndiGo
DEL,BOM,6E,IndiGo,6E 717,2026-09-23,7,economy,,,6432.0,False,17:55,ok,2026-09-16T02:01:23.990839+05:30,2026-09-16_0201IST,airline_direct,IndiGo
DEL,BOM,6E,IndiGo,6E 6601,2026-09-23,7,business,,,36166.0,False,19:45,ok,2026-09-16T02:01:23.990839+05:30,2026-09-16_0201IST,airline_direct,IndiGo
DEL,BOM,6E,IndiGo,6E 6601,2026-09-23,7,economy,,,6432.0,False,19:45,ok,2026-09-16T02:01:23.990839+05:30,2026-09-16_0201IST,airline_direct,IndiGo
DEL,BOM,6E,IndiGo,6E 882,2026-09-23,7,business,,,29592.0,False,23:15,ok,2026-09-16T02:01:23.990839+05:30,2026-09-16_0201IST,airline_direct,IndiGo
DEL,BOM,6E,IndiGo,6E 882,2026-09-23,7,economy,,,6432.0,False,23:15,ok,2026-09-16T02:01:23.990839+05:30,2026-09-16_0201IST,airline_direct,IndiGo
DEL,BOM,6E,IndiGo,6E 2076,2026-09-23,7,economy,,,6562.0,False,07:30,ok,2026-09-16T02:01:23.990839+05:30,2026-09-16_0201IST,airline_direct,IndiGo
DEL,BOM,6E,IndiGo,6E 357,2026-09-23,7,economy,,,6982.0,False,19:30,ok,2026-09-16T02:01:23.990839+05:30,2026-09-16_0201IST,airline_direct,IndiGo
DEL,BOM,6E,IndiGo,6E 5014,2026-09-23,7,economy,,,7080.0,False,18:30,ok,2026-09-16T02:01:23.990839+05:30,2026-09-16_0201IST,airline_direct,IndiGo
DEL,BOM,6E,IndiGo,6E 705,2026-09-23,7,business,,,37561.0,False,08:30,ok,2026-09-16T02:01:23.990839+05:30,2026-09-16_0201IST,airline_direct,IndiGo
DEL,BOM,6E,IndiGo,6E 705,2026-09-23,7,economy,,,7422.0,False,08:30,ok,2026-09-16T02:01:23.990839+05:30,2026-09-16_0201IST,airline_direct,IndiGo
DEL,BOM,6E,IndiGo,6E 5033,2026-09-23,7,economy,,,7650.0,False,15:50,ok,2026-09-16T02:01:23.990839+05:30,2026-09-16_0201IST,airline_direct,IndiGo
DEL,BOM,6E,IndiGo,6E 2013,2026-09-23,7,economy,,,8276.0,False,21:50,ok,2026-09-16T02:01:23.990839+05:30,2026-09-16_0201IST,airline_direct,IndiGo
DEL,BOM,6E,IndiGo,6E 2381,2026-09-23,7,economy,,,8618.0,False,13:45,ok,2026-09-16T02:01:23.990839+05:30,2026-09-16_0201IST,airline_direct,IndiGo
DEL,BOM,6E,IndiGo,6E 5073,2026-09-23,7,economy,,,8964.0,False,17:05,ok,2026-09-16T02:01:23.990839+05:30,2026-09-16_0201IST,airline_direct,IndiGo
DEL,BOM,6E,IndiGo,6E 6497,2026-09-23,7,economy,,,9305.0,False,18:40,ok,2026-09-16T02:01:23.990839+05:30,2026-09-16_0201IST,airline_direct,IndiGo
DEL,BOM,6E,IndiGo,6E 2037,2026-09-23,7,economy,,,9721.0,False,11:10,ok,2026-09-16T02:01:23.990839+05:30,2026-09-16_0201IST,airline_direct,IndiGo
DEL,BOM,6E,IndiGo,6E 5119,2026-09-23,7,economy,,,10554.0,False,05:10,ok,2026-09-16T02:01:23.990839+05:30,2026-09-16_0201IST,airline_direct,IndiGo
DEL,BOM,6E,IndiGo,6E 2341,2026-09-23,7,economy,,,10554.0,False,14:50,ok,2026-09-16T02:01:23.990839+05:30,2026-09-16_0201IST,airline_direct,IndiGo
DEL,BOM,6E,IndiGo,6E 2496,2026-09-23,7,economy,,,11210.0,False,12:40,ok,2026-09-16T02:01:23.990839+05:30,2026-09-16_0201IST,airline_direct,IndiGo
DEL,BOM,6E,IndiGo,6E 6488,2026-09-23,7,economy,,,12147.0,False,11:20,ok,2026-09-16T02:01:23.990839+05:30,2026-09-16_0201IST,airline_direct,IndiGo
DEL,BOM,6E,IndiGo,6E 2298,2026-09-23,7,economy,,,14794.0,False,09:45,ok,2026-09-16T02:01:23.990839+05:30,2026-09-16_0201IST,airline_direct,IndiGo
DEL,BOM,6E,IndiGo,6E 358,2026-09-23,7,business,,,36817.0,False,12:15,ok,2026-09-16T02:01:23.990839+05:30,2026-09-16_0201IST,airline_direct,IndiGo
DEL,BOM,6E,IndiGo,6E 358,2026-09-23,7,economy,,,15196.0,False,12:15,ok,2026-09-16T02:01:23.990839+05:30,2026-09-16_0201IST,airline_direct,IndiGo
DEL,BLR,6E,IndiGo,6E 820,2026-09-23,7,business,,,29942.0,False,03:00,ok,2026-09-16T02:02:21.587750+05:30,2026-09-16_0202IST,airline_direct,IndiGo
DEL,BLR,6E,IndiGo,6E 820,2026-09-23,7,economy,,,8671.0,False,03:00,ok,2026-09-16T02:02:21.587750+05:30,2026-09-16_0202IST,airline_direct,IndiGo
DEL,BLR,6E,IndiGo,6E 2314,2026-09-23,7,business,,,29942.0,False,05:45,ok,2026-09-16T02:02:21.587750+05:30,2026-09-16_0202IST,airline_direct,IndiGo
DEL,BLR,6E,IndiGo,6E 2314,2026-09-23,7,economy,,,8671.0,False,05:45,ok,2026-09-16T02:02:21.587750+05:30,2026-09-16_0202IST,airline_direct,IndiGo
DEL,BLR,6E,IndiGo,6E 810,2026-09-23,7,business,,,29942.0,False,07:05,ok,2026-09-16T02:02:21.587750+05:30,2026-09-16_0202IST,airline_direct,IndiGo
DEL,BLR,6E,IndiGo,6E 810,2026-09-23,7,economy,,,8671.0,False,07:05,ok,2026-09-16T02:02:21.587750+05:30,2026-09-16_0202IST,airline_direct,IndiGo
DEL,BLR,6E,IndiGo,6E 873,2026-09-23,7,business,,,29942.0,False,08:20,ok,2026-09-16T02:02:21.587750+05:30,2026-09-16_0202IST,airline_direct,IndiGo
DEL,BLR,6E,IndiGo,6E 873,2026-09-23,7,economy,,,8671.0,False,08:20,ok,2026-09-16T02:02:21.587750+05:30,2026-09-16_0202IST,airline_direct,IndiGo
DEL,BLR,6E,IndiGo,6E 826,2026-09-23,7,business,,,29942.0,False,09:30,ok,2026-09-16T02:02:21.587750+05:30,2026-09-16_0202IST,airline_direct,IndiGo
DEL,BLR,6E,IndiGo,6E 826,2026-09-23,7,economy,,,8671.0,False,09:30,ok,2026-09-16T02:02:21.587750+05:30,2026-09-16_0202IST,airline_direct,IndiGo
DEL,BLR,6E,IndiGo,6E 842,2026-09-23,7,business,,,31228.0,False,10:45,ok,2026-09-16T02:02:21.587750+05:30,2026-09-16_0202IST,airline_direct,IndiGo
DEL,BLR,6E,IndiGo,6E 842,2026-09-23,7,economy,,,8671.0,False,10:45,ok,2026-09-16T02:02:21.587750+05:30,2026-09-16_0202IST,airline_direct,IndiGo
DEL,BLR,6E,IndiGo,6E 850,2026-09-23,7,business,,,29942.0,False,12:20,ok,2026-09-16T02:02:21.587750+05:30,2026-09-16_0202IST,airline_direct,IndiGo
DEL,BLR,6E,IndiGo,6E 850,2026-09-23,7,economy,,,8671.0,False,12:20,ok,2026-09-16T02:02:21.587750+05:30,2026-09-16_0202IST,airline_direct,IndiGo
DEL,BLR,6E,IndiGo,6E 176,2026-09-23,7,business,,,29942.0,False,13:15,ok,2026-09-16T02:02:21.587750+05:30,2026-09-16_0202IST,airline_direct,IndiGo
DEL,BLR,6E,IndiGo,6E 176,2026-09-23,7,economy,,,8671.0,False,13:15,ok,2026-09-16T02:02:21.587750+05:30,2026-09-16_0202IST,airline_direct,IndiGo
DEL,BLR,6E,IndiGo,6E 828,2026-09-23,7,business,,,29942.0,False,14:30,ok,2026-09-16T02:02:21.587750+05:30,2026-09-16_0202IST,airline_direct,IndiGo
DEL,BLR,6E,IndiGo,6E 828,2026-09-23,7,economy,,,8671.0,False,14:30,ok,2026-09-16T02:02:21.587750+05:30,2026-09-16_0202IST,airline_direct,IndiGo
DEL,BLR,6E,IndiGo,6E 880,2026-09-23,7,business,,,29942.0,False,15:45,ok,2026-09-16T02:02:21.587750+05:30,2026-09-16_0202IST,airline_direct,IndiGo
DEL,BLR,6E,IndiGo,6E 880,2026-09-23,7,economy,,,8671.0,False,15:45,ok,2026-09-16T02:02:21.587750+05:30,2026-09-16_0202IST,airline_direct,IndiGo
DEL,BLR,6E,IndiGo,6E 837,2026-09-23,7,business,,,29942.0,False,17:00,ok,2026-09-16T02:02:21.587750+05:30,2026-09-16_0202IST,airline_direct,IndiGo
DEL,BLR,6E,IndiGo,6E 837,2026-09-23,7,economy,,,8671.0,False,17:00,ok,2026-09-16T02:02:21.587750+05:30,2026-09-16_0202IST,airline_direct,IndiGo
DEL,BLR,6E,IndiGo,6E 811,2026-09-23,7,business,,,29942.0,False,18:20,ok,2026-09-16T02:02:21.587750+05:30,2026-09-16_0202IST,airline_direct,IndiGo
DEL,BLR,6E,IndiGo,6E 811,2026-09-23,7,economy,,,8671.0,False,18:20,ok,2026-09-16T02:02:21.587750+05:30,2026-09-16_0202IST,airline_direct,IndiGo
DEL,BLR,6E,IndiGo,6E 861,2026-09-23,7,business,,,29942.0,False,19:30,ok,2026-09-16T02:02:21.587750+05:30,2026-09-16_0202IST,airline_direct,IndiGo
DEL,BLR,6E,IndiGo,6E 861,2026-09-23,7,economy,,,8671.0,False,19:30,ok,2026-09-16T02:02:21.587750+05:30,2026-09-16_0202IST,airline_direct,IndiGo
DEL,BLR,6E,IndiGo,6E 6515,2026-09-23,7,business,,,29942.0,False,20:45,ok,2026-09-16T02:02:21.587750+05:30,2026-09-16_0202IST,airline_direct,IndiGo
DEL,BLR,6E,IndiGo,6E 6515,2026-09-23,7,economy,,,8671.0,False,20:45,ok,2026-09-16T02:02:21.587750+05:30,2026-09-16_0202IST,airline_direct,IndiGo
DEL,BLR,6E,IndiGo,6E 846,2026-09-23,7,business,,,29942.0,False,22:00,ok,2026-09-16T02:02:21.587750+05:30,2026-09-16_0202IST,airline_direct,IndiGo
DEL,BLR,6E,IndiGo,6E 846,2026-09-23,7,economy,,,8671.0,False,22:00,ok,2026-09-16T02:02:21.587750+05:30,2026-09-16_0202IST,airline_direct,IndiGo
DEL,BLR,6E,IndiGo,6E 6433,2026-09-23,7,economy,,,8281.0,False,16:30,ok,2026-09-16T02:02:21.587750+05:30,2026-09-16_0202IST,airline_direct,IndiGo
DEL,BLR,6E,IndiGo,6E 6293,2026-09-23,7,business,,,31064.0,False,09:55,ok,2026-09-16T02:02:21.587750+05:30,2026-09-16_0202IST,airline_direct,IndiGo
DEL,BLR,6E,IndiGo,6E 6293,2026-09-23,7,economy,,,8360.0,False,09:55,ok,2026-09-16T02:02:21.587750+05:30,2026-09-16_0202IST,airline_direct,IndiGo
DEL,BLR,6E,IndiGo,6E 6282,2026-09-23,7,business,,,31793.0,False,13:30,ok,2026-09-16T02:02:21.587750+05:30,2026-09-16_0202IST,airline_direct,IndiGo
DEL,BLR,6E,IndiGo,6E 6282,2026-09-23,7,economy,,,8360.0,False,13:30,ok,2026-09-16T02:02:21.587750+05:30,2026-09-16_0202IST,airline_direct,IndiGo
DEL,BLR,6E,IndiGo,6E 6212,2026-09-23,7,business,,,31793.0,False,14:45,ok,2026-09-16T02:02:21.587750+05:30,2026-09-16_0202IST,airline_direct,IndiGo
DEL,BLR,6E,IndiGo,6E 6212,2026-09-23,7,economy,,,8360.0,False,14:45,ok,2026-09-16T02:02:21.587750+05:30,2026-09-16_0202IST,airline_direct,IndiGo
DEL,BLR,6E,IndiGo,6E 6217,2026-09-23,7,business,,,31064.0,False,16:15,ok,2026-09-16T02:02:21.587750+05:30,2026-09-16_0202IST,airline_direct,IndiGo
DEL,BLR,6E,IndiGo,6E 6217,2026-09-23,7,economy,,,8360.0,False,16:15,ok,2026-09-16T02:02:21.587750+05:30,2026-09-16_0202IST,airline_direct,IndiGo
DEL,BLR,6E,IndiGo,6E 717,2026-09-23,7,business,,,31793.0,False,17:55,ok,2026-09-16T02:02:21.587750+05:30,2026-09-16_0202IST,airline_direct,IndiGo
DEL,BLR,6E,IndiGo,6E 717,2026-09-23,7,economy,,,8360.0,False,17:55,ok,2026-09-16T02:02:21.587750+05:30,2026-09-16_0202IST,airline_direct,IndiGo
DEL,BLR,6E,IndiGo,6E 2343,2026-09-23,7,business,,,28270.0,False,02:20,ok,2026-09-16T02:02:21.587750+05:30,2026-09-16_0202IST,airline_direct,IndiGo
DEL,BLR,6E,IndiGo,6E 2343,2026-09-23,7,economy,,,8491.0,False,02:20,ok,2026-09-16T02:02:21.587750+05:30,2026-09-16_0202IST,airline_direct,IndiGo
DEL,BLR,6E,IndiGo,6E 5119,2026-09-23,7,economy,,,8491.0,False,05:10,ok,2026-09-16T02:02:21.587750+05:30,2026-09-16_0202IST,airline_direct,IndiGo
DEL,BLR,6E,IndiGo,6E 2345,2026-09-23,7,economy,,,8491.0,False,05:55,ok,2026-09-16T02:02:21.587750+05:30,2026-09-16_0202IST,airline_direct,IndiGo
DEL,BLR,6E,IndiGo,6E 6470,2026-09-23,7,economy,,,8491.0,False,06:55,ok,2026-09-16T02:02:21.587750+05:30,2026-09-16_0202IST,airline_direct,IndiGo
DEL,BLR,6E,IndiGo,6E 320,2026-09-23,7,business,,,47705.0,False,08:00,ok,2026-09-16T02:02:21.587750+05:30,2026-09-16_0202IST,airline_direct,IndiGo
DEL,BLR,6E,IndiGo,6E 320,2026-09-23,7,economy,,,8491.0,False,08:00,ok,2026-09-16T02:02:21.587750+05:30,2026-09-16_0202IST,airline_direct,IndiGo
DEL,BLR,6E,IndiGo,6E 6047,2026-09-23,7,business,,,40536.0,False,11:00,ok,2026-09-16T02:02:21.587750+05:30,2026-09-16_0202IST,airline_direct,IndiGo
DEL,BLR,6E,IndiGo,6E 6047,2026-09-23,7,economy,,,8491.0,False,11:00,ok,2026-09-16T02:02:21.587750+05:30,2026-09-16_0202IST,airline_direct,IndiGo
DEL,BLR,6E,IndiGo,6E 6022,2026-09-23,7,business,,,40536.0,False,14:00,ok,2026-09-16T02:02:21.587750+05:30,2026-09-16_0202IST,airline_direct,IndiGo
DEL,BLR,6E,IndiGo,6E 6022,2026-09-23,7,economy,,,8491.0,False,14:00,ok,2026-09-16T02:02:21.587750+05:30,2026-09-16_0202IST,airline_direct,IndiGo
DEL,BLR,6E,IndiGo,6E 2557,2026-09-23,7,economy,,,8491.0,False,15:20,ok,2026-09-16T02:02:21.587750+05:30,2026-09-16_0202IST,airline_direct,IndiGo
DEL,BLR,6E,IndiGo,6E 864,2026-09-23,7,business,,,40536.0,False,15:30,ok,2026-09-16T02:02:21.587750+05:30,2026-09-16_0202IST,airline_direct,IndiGo
DEL,BLR,6E,IndiGo,6E 864,2026-09-23,7,economy,,,8491.0,False,15:30,ok,2026-09-16T02:02:21.587750+05:30,2026-09-16_0202IST,airline_direct,IndiGo
DEL,BLR,6E,IndiGo,6E 734,2026-09-23,7,economy,,,8491.0,False,16:20,ok,2026-09-16T02:02:21.587750+05:30,2026-09-16_0202IST,airline_direct,IndiGo
DEL,BLR,6E,IndiGo,6E 6437,2026-09-23,7,business,,,27386.0,False,16:25,ok,2026-09-16T02:02:21.587750+05:30,2026-09-16_0202IST,airline_direct,IndiGo
DEL,BLR,6E,IndiGo,6E 6437,2026-09-23,7,economy,,,8491.0,False,16:25,ok,2026-09-16T02:02:21.587750+05:30,2026-09-16_0202IST,airline_direct,IndiGo
DEL,BLR,6E,IndiGo,6E 5073,2026-09-23,7,economy,,,8491.0,False,17:05,ok,2026-09-16T02:02:21.587750+05:30,2026-09-16_0202IST,airline_direct,IndiGo
DEL,BLR,6E,IndiGo,6E 6829,2026-09-23,7,economy,,,8491.0,False,17:20,ok,2026-09-16T02:02:21.587750+05:30,2026-09-16_0202IST,airline_direct,IndiGo
DEL,BLR,6E,IndiGo,6E 329,2026-09-23,7,business,,,40536.0,False,18:00,ok,2026-09-16T02:02:21.587750+05:30,2026-09-16_0202IST,airline_direct,IndiGo
DEL,BLR,6E,IndiGo,6E 329,2026-09-23,7,economy,,,8491.0,False,18:00,ok,2026-09-16T02:02:21.587750+05:30,2026-09-16_0202IST,airline_direct,IndiGo
DEL,BLR,6E,IndiGo,6E 931,2026-09-23,7,economy,,,8491.0,False,19:35,ok,2026-09-16T02:02:21.587750+05:30,2026-09-16_0202IST,airline_direct,IndiGo
DEL,BLR,6E,IndiGo,6E 853,2026-09-23,7,business,,,40536.0,False,20:45,ok,2026-09-16T02:02:21.587750+05:30,2026-09-16_0202IST,airline_direct,IndiGo
DEL,BLR,6E,IndiGo,6E 853,2026-09-23,7,economy,,,8491.0,False,20:45,ok,2026-09-16T02:02:21.587750+05:30,2026-09-16_0202IST,airline_direct,IndiGo
DEL,BLR,6E,IndiGo,6E 6673,2026-09-23,7,business,,,26816.0,False,21:15,ok,2026-09-16T02:02:21.587750+05:30,2026-09-16_0202IST,airline_direct,IndiGo
DEL,BLR,6E,IndiGo,6E 6673,2026-09-23,7,economy,,,8491.0,False,21:15,ok,2026-09-16T02:02:21.587750+05:30,2026-09-16_0202IST,airline_direct,IndiGo
DEL,BLR,6E,IndiGo,6E 2618,2026-09-23,7,business,,,26816.0,False,23:00,ok,2026-09-16T02:02:21.587750+05:30,2026-09-16_0202IST,airline_direct,IndiGo
DEL,BLR,6E,IndiGo,6E 2618,2026-09-23,7,economy,,,8491.0,False,23:00,ok,2026-09-16T02:02:21.587750+05:30,2026-09-16_0202IST,airline_direct,IndiGo
DEL,BLR,6E,IndiGo,6E 6190,2026-09-23,7,economy,,,8570.0,False,07:40,ok,2026-09-16T02:02:21.587750+05:30,2026-09-16_0202IST,airline_direct,IndiGo
DEL,BLR,6E,IndiGo,6E 940,2026-09-23,7,economy,,,8570.0,False,09:15,ok,2026-09-16T02:02:21.587750+05:30,2026-09-16_0202IST,airline_direct,IndiGo
DEL,BLR,6E,IndiGo,6E 434,2026-09-23,7,economy,,,8570.0,False,11:00,ok,2026-09-16T02:02:21.587750+05:30,2026-09-16_0202IST,airline_direct,IndiGo
DEL,BLR,6E,IndiGo,6E 5033,2026-09-23,7,economy,,,8570.0,False,15:50,ok,2026-09-16T02:02:21.587750+05:30,2026-09-16_0202IST,airline_direct,IndiGo
DEL,BLR,6E,IndiGo,6E 947,2026-09-23,7,economy,,,8570.0,False,16:40,ok,2026-09-16T02:02:21.587750+05:30,2026-09-16_0202IST,airline_direct,IndiGo
DEL,BLR,6E,IndiGo,6E 950,2026-09-23,7,economy,,,8570.0,False,18:15,ok,2026-09-16T02:02:21.587750+05:30,2026-09-16_0202IST,airline_direct,IndiGo
DEL,BLR,6E,IndiGo,6E 2151,2026-09-23,7,economy,,,8570.0,False,19:45,ok,2026-09-16T02:02:21.587750+05:30,2026-09-16_0202IST,airline_direct,IndiGo
DEL,BLR,6E,IndiGo,6E 6497,2026-09-23,7,economy,,,8701.0,False,18:40,ok,2026-09-16T02:02:21.587750+05:30,2026-09-16_0202IST,airline_direct,IndiGo
DEL,BLR,6E,IndiGo,6E 513,2026-09-23,7,economy,,,8911.0,False,08:30,ok,2026-09-16T02:02:21.587750+05:30,2026-09-16_0202IST,airline_direct,IndiGo
DEL,BLR,6E,IndiGo,6E 5038,2026-09-23,7,economy,,,9239.0,False,14:00,ok,2026-09-16T02:02:21.587750+05:30,2026-09-16_0202IST,airline_direct,IndiGo
DEL,BLR,6E,IndiGo,6E 6091,2026-09-23,7,economy,,,9239.0,False,15:15,ok,2026-09-16T02:02:21.587750+05:30,2026-09-16_0202IST,airline_direct,IndiGo
DEL,BLR,6E,IndiGo,6E 6632,2026-09-23,7,economy,,,9239.0,False,17:50,ok,2026-09-16T02:02:21.587750+05:30,2026-09-16_0202IST,airline_direct,IndiGo
DEL,BLR,6E,IndiGo,6E 5001,2026-09-23,7,economy,,,9397.0,False,17:10,ok,2026-09-16T02:02:21.587750+05:30,2026-09-16_0202IST,airline_direct,IndiGo
DEL,BLR,6E,IndiGo,6E 5191,2026-09-23,7,business,,,35588.0,False,05:00,ok,2026-09-16T02:02:21.587750+05:30,2026-09-16_0202IST,airline_direct,IndiGo
DEL,BLR,6E,IndiGo,6E 5191,2026-09-23,7,economy,,,9581.0,False,05:00,ok,2026-09-16T02:02:21.587750+05:30,2026-09-16_0202IST,airline_direct,IndiGo
DEL,BLR,6E,IndiGo,6E 6706,2026-09-23,7,business,,,44135.0,False,17:00,ok,2026-09-16T02:02:21.587750+05:30,2026-09-16_0202IST,airline_direct,IndiGo
DEL,BLR,6E,IndiGo,6E 6706,2026-09-23,7,economy,,,10286.0,False,17:00,ok,2026-09-16T02:02:21.587750+05:30,2026-09-16_0202IST,airline_direct,IndiGo
DEL,BLR,6E,IndiGo,6E 884,2026-09-23,7,business,,,32599.0,False,11:45,ok,2026-09-16T02:02:21.587750+05:30,2026-09-16_0202IST,airline_direct,IndiGo
DEL,BLR,6E,IndiGo,6E 884,2026-09-23,7,economy,,,10576.0,False,11:45,ok,2026-09-16T02:02:21.587750+05:30,2026-09-16_0202IST,airline_direct,IndiGo
DEL,BLR,6E,IndiGo,6E 329,2026-09-23,7,business,,,40536.0,False,18:00,ok,2026-09-16T02:02:21.587750+05:30,2026-09-16_0202IST,airline_direct,IndiGo
DEL,BLR,6E,IndiGo,6E 329,2026-09-23,7,economy,,,11225.0,False,18:00,ok,2026-09-16T02:02:21.587750+05:30,2026-09-16_0202IST,airline_direct,IndiGo
DEL,BLR,6E,IndiGo,6E 2364,2026-09-23,7,economy,,,11834.0,False,04:50,ok,2026-09-16T02:02:21.587750+05:30,2026-09-16_0202IST,airline_direct,IndiGo
DEL,BLR,6E,IndiGo,6E 6179,2026-09-23,7,economy,,,14834.0,False,18:30,ok,2026-09-16T02:02:21.587750+05:30,2026-09-16_0202IST,airline_direct,IndiGo
DEL,BLR,6E,IndiGo,6E 2277,2026-09-23,7,business,,,39065.0,False,10:25,ok,2026-09-16T02:02:21.587750+05:30,2026-09-16_0202IST,airline_direct,IndiGo
DEL,BLR,6E,IndiGo,6E 2277,2026-09-23,7,economy,,,20146.0,False,10:25,ok,2026-09-16T02:02:21.587750+05:30,2026-09-16_0202IST,airline_direct,IndiGo
BOM,BLR,6E,IndiGo,6E 5323,2026-09-23,7,business,,,22488.0,False,01:10,ok,2026-09-16T02:03:29.675395+05:30,2026-09-16_0203IST,airline_direct,IndiGo
BOM,BLR,6E,IndiGo,6E 5323,2026-09-23,7,economy,,,4893.0,False,01:10,ok,2026-09-16T02:03:29.675395+05:30,2026-09-16_0203IST,airline_direct,IndiGo
BOM,BLR,6E,IndiGo,6E 5294,2026-09-23,7,business,,,22488.0,False,04:30,ok,2026-09-16T02:03:29.675395+05:30,2026-09-16_0203IST,airline_direct,IndiGo
BOM,BLR,6E,IndiGo,6E 5294,2026-09-23,7,economy,,,4893.0,False,04:30,ok,2026-09-16T02:03:29.675395+05:30,2026-09-16_0203IST,airline_direct,IndiGo
BOM,BLR,6E,IndiGo,6E 5296,2026-09-23,7,business,,,22488.0,False,06:30,ok,2026-09-16T02:03:29.675395+05:30,2026-09-16_0203IST,airline_direct,IndiGo
BOM,BLR,6E,IndiGo,6E 5296,2026-09-23,7,economy,,,6747.0,False,06:30,ok,2026-09-16T02:03:29.675395+05:30,2026-09-16_0203IST,airline_direct,IndiGo
BOM,BLR,6E,IndiGo,6E 5217,2026-09-23,7,business,,,22488.0,False,11:00,ok,2026-09-16T02:03:29.675395+05:30,2026-09-16_0203IST,airline_direct,IndiGo
BOM,BLR,6E,IndiGo,6E 5217,2026-09-23,7,economy,,,6747.0,False,11:00,ok,2026-09-16T02:03:29.675395+05:30,2026-09-16_0203IST,airline_direct,IndiGo
BOM,BLR,6E,IndiGo,6E 5184,2026-09-23,7,business,,,26688.0,False,12:30,ok,2026-09-16T02:03:29.675395+05:30,2026-09-16_0203IST,airline_direct,IndiGo
BOM,BLR,6E,IndiGo,6E 5184,2026-09-23,7,economy,,,6747.0,False,12:30,ok,2026-09-16T02:03:29.675395+05:30,2026-09-16_0203IST,airline_direct,IndiGo
BOM,BLR,6E,IndiGo,6E 5382,2026-09-23,7,business,,,22488.0,False,14:30,ok,2026-09-16T02:03:29.675395+05:30,2026-09-16_0203IST,airline_direct,IndiGo
BOM,BLR,6E,IndiGo,6E 5382,2026-09-23,7,economy,,,6747.0,False,14:30,ok,2026-09-16T02:03:29.675395+05:30,2026-09-16_0203IST,airline_direct,IndiGo
BOM,BLR,6E,IndiGo,6E 5071,2026-09-23,7,business,,,22488.0,False,15:35,ok,2026-09-16T02:03:29.675395+05:30,2026-09-16_0203IST,airline_direct,IndiGo
BOM,BLR,6E,IndiGo,6E 5071,2026-09-23,7,economy,,,6747.0,False,15:35,ok,2026-09-16T02:03:29.675395+05:30,2026-09-16_0203IST,airline_direct,IndiGo
BOM,BLR,6E,IndiGo,6E 5221,2026-09-23,7,business,,,22488.0,False,17:00,ok,2026-09-16T02:03:29.675395+05:30,2026-09-16_0203IST,airline_direct,IndiGo
BOM,BLR,6E,IndiGo,6E 5221,2026-09-23,7,economy,,,6747.0,False,17:00,ok,2026-09-16T02:03:29.675395+05:30,2026-09-16_0203IST,airline_direct,IndiGo
BOM,BLR,6E,IndiGo,6E 6188,2026-09-23,7,business,,,22488.0,False,21:30,ok,2026-09-16T02:03:29.675395+05:30,2026-09-16_0203IST,airline_direct,IndiGo
BOM,BLR,6E,IndiGo,6E 6188,2026-09-23,7,economy,,,6747.0,False,21:30,ok,2026-09-16T02:03:29.675395+05:30,2026-09-16_0203IST,airline_direct,IndiGo
BOM,BLR,6E,IndiGo,6E 5388,2026-09-23,7,business,,,22488.0,False,22:20,ok,2026-09-16T02:03:29.675395+05:30,2026-09-16_0203IST,airline_direct,IndiGo
BOM,BLR,6E,IndiGo,6E 5388,2026-09-23,7,economy,,,6747.0,False,22:20,ok,2026-09-16T02:03:29.675395+05:30,2026-09-16_0203IST,airline_direct,IndiGo
BOM,BLR,6E,IndiGo,6E 5092,2026-09-23,7,business,,,22488.0,False,09:50,ok,2026-09-16T02:03:29.675395+05:30,2026-09-16_0203IST,airline_direct,IndiGo
BOM,BLR,6E,IndiGo,6E 5092,2026-09-23,7,economy,,,7062.0,False,09:50,ok,2026-09-16T02:03:29.675395+05:30,2026-09-16_0203IST,airline_direct,IndiGo
BOM,BLR,6E,IndiGo,6E 5047,2026-09-23,7,business,,,22488.0,False,18:30,ok,2026-09-16T02:03:29.675395+05:30,2026-09-16_0203IST,airline_direct,IndiGo
BOM,BLR,6E,IndiGo,6E 5047,2026-09-23,7,economy,,,7062.0,False,18:30,ok,2026-09-16T02:03:29.675395+05:30,2026-09-16_0203IST,airline_direct,IndiGo
BOM,BLR,6E,IndiGo,6E 5032,2026-09-23,7,business,,,22488.0,False,19:55,ok,2026-09-16T02:03:29.675395+05:30,2026-09-16_0203IST,airline_direct,IndiGo
BOM,BLR,6E,IndiGo,6E 5032,2026-09-23,7,economy,,,7062.0,False,19:55,ok,2026-09-16T02:03:29.675395+05:30,2026-09-16_0203IST,airline_direct,IndiGo
BOM,BLR,6E,IndiGo,6E 5193,2026-09-23,7,economy,,,7377.0,False,08:05,ok,2026-09-16T02:03:29.675395+05:30,2026-09-16_0203IST,airline_direct,IndiGo
BOM,BLR,6E,IndiGo,6E 6361,2026-09-23,7,economy,,,5122.0,False,05:00,ok,2026-09-16T02:03:29.675395+05:30,2026-09-16_0203IST,airline_direct,IndiGo
BOM,BLR,6E,IndiGo,6E 6362,2026-09-23,7,business,,,26061.0,False,05:45,ok,2026-09-16T02:03:29.675395+05:30,2026-09-16_0203IST,airline_direct,IndiGo
BOM,BLR,6E,IndiGo,6E 6362,2026-09-23,7,economy,,,5253.0,False,05:45,ok,2026-09-16T02:03:29.675395+05:30,2026-09-16_0203IST,airline_direct,IndiGo
BOM,BLR,6E,IndiGo,6E 6057,2026-09-23,7,economy,,,5253.0,False,09:15,ok,2026-09-16T02:03:29.675395+05:30,2026-09-16_0203IST,airline_direct,IndiGo
BOM,BLR,6E,IndiGo,6E 5228,2026-09-23,7,business,,,26723.0,False,16:45,ok,2026-09-16T02:03:29.675395+05:30,2026-09-16_0203IST,airline_direct,IndiGo
BOM,BLR,6E,IndiGo,6E 5228,2026-09-23,7,economy,,,5253.0,False,16:45,ok,2026-09-16T02:03:29.675395+05:30,2026-09-16_0203IST,airline_direct,IndiGo
BOM,BLR,6E,IndiGo,6E 6802,2026-09-23,7,economy,,,5384.0,False,16:55,ok,2026-09-16T02:03:29.675395+05:30,2026-09-16_0203IST,airline_direct,IndiGo
BOM,BLR,6E,IndiGo,6E 6701,2026-09-23,7,economy,,,5463.0,False,05:35,ok,2026-09-16T02:03:29.675395+05:30,2026-09-16_0203IST,airline_direct,IndiGo
BOM,BLR,6E,IndiGo,6E 6701,2026-09-23,7,economy,,,5463.0,False,05:35,ok,2026-09-16T02:03:29.675395+05:30,2026-09-16_0203IST,airline_direct,IndiGo
BOM,BLR,6E,IndiGo,6E 5188,2026-09-23,7,economy,,,5463.0,False,06:15,ok,2026-09-16T02:03:29.675395+05:30,2026-09-16_0203IST,airline_direct,IndiGo
BOM,BLR,6E,IndiGo,6E 5313,2026-09-23,7,economy,,,5463.0,False,09:50,ok,2026-09-16T02:03:29.675395+05:30,2026-09-16_0203IST,airline_direct,IndiGo
BOM,BLR,6E,IndiGo,6E 5313,2026-09-23,7,economy,,,5463.0,False,09:50,ok,2026-09-16T02:03:29.675395+05:30,2026-09-16_0203IST,airline_direct,IndiGo
BOM,BLR,6E,IndiGo,6E 6349,2026-09-23,7,economy,,,5463.0,False,11:40,ok,2026-09-16T02:03:29.675395+05:30,2026-09-16_0203IST,airline_direct,IndiGo
BOM,BLR,6E,IndiGo,6E 673,2026-09-23,7,economy,,,5463.0,False,12:35,ok,2026-09-16T02:03:29.675395+05:30,2026-09-16_0203IST,airline_direct,IndiGo
BOM,BLR,6E,IndiGo,6E 5196,2026-09-23,7,economy,,,5463.0,False,15:25,ok,2026-09-16T02:03:29.675395+05:30,2026-09-16_0203IST,airline_direct,IndiGo
BOM,BLR,6E,IndiGo,6E 240,2026-09-23,7,economy,,,5463.0,False,15:45,ok,2026-09-16T02:03:29.675395+05:30,2026-09-16_0203IST,airline_direct,IndiGo
BOM,BLR,6E,IndiGo,6E 437,2026-09-23,7,economy,,,5463.0,False,17:10,ok,2026-09-16T02:03:29.675395+05:30,2026-09-16_0203IST,airline_direct,IndiGo
BOM,BLR,6E,IndiGo,6E 5048,2026-09-23,7,economy,,,5463.0,False,17:25,ok,2026-09-16T02:03:29.675395+05:30,2026-09-16_0203IST,airline_direct,IndiGo
BOM,BLR,6E,IndiGo,6E 6599,2026-09-23,7,economy,,,5594.0,False,16:50,ok,2026-09-16T02:03:29.675395+05:30,2026-09-16_0203IST,airline_direct,IndiGo
BOM,BLR,6E,IndiGo,6E 5228,2026-09-23,7,business,,,27453.0,False,16:45,ok,2026-09-16T02:03:29.675395+05:30,2026-09-16_0203IST,airline_direct,IndiGo
BOM,BLR,6E,IndiGo,6E 5228,2026-09-23,7,economy,,,5630.0,False,16:45,ok,2026-09-16T02:03:29.675395+05:30,2026-09-16_0203IST,airline_direct,IndiGo
BOM,BLR,6E,IndiGo,6E 5082,2026-09-23,7,economy,,,5913.0,False,18:05,ok,2026-09-16T02:03:29.675395+05:30,2026-09-16_0203IST,airline_direct,IndiGo
BOM,BLR,6E,IndiGo,6E 5386,2026-09-23,7,business,,,27453.0,False,15:10,ok,2026-09-16T02:03:29.675395+05:30,2026-09-16_0203IST,airline_direct,IndiGo
BOM,BLR,6E,IndiGo,6E 5386,2026-09-23,7,economy,,,6045.0,False,15:10,ok,2026-09-16T02:03:29.675395+05:30,2026-09-16_0203IST,airline_direct,IndiGo
BOM,BLR,6E,IndiGo,6E 5123,2026-09-23,7,economy,,,6176.0,False,14:40,ok,2026-09-16T02:03:29.675395+05:30,2026-09-16_0203IST,airline_direct,IndiGo
BOM,BLR,6E,IndiGo,6E 6349,2026-09-23,7,economy,,,6255.0,False,11:40,ok,2026-09-16T02:03:29.675395+05:30,2026-09-16_0203IST,airline_direct,IndiGo
BOM,BLR,6E,IndiGo,6E 673,2026-09-23,7,economy,,,6255.0,False,12:35,ok,2026-09-16T02:03:29.675395+05:30,2026-09-16_0203IST,airline_direct,IndiGo
BOM,BLR,6E,IndiGo,6E 5337,2026-09-23,7,economy,,,6255.0,False,13:45,ok,2026-09-16T02:03:29.675395+05:30,2026-09-16_0203IST,airline_direct,IndiGo
BOM,BLR,6E,IndiGo,6E 5196,2026-09-23,7,economy,,,6255.0,False,15:25,ok,2026-09-16T02:03:29.675395+05:30,2026-09-16_0203IST,airline_direct,IndiGo
BOM,BLR,6E,IndiGo,6E 5126,2026-09-23,7,economy,,,6255.0,False,18:15,ok,2026-09-16T02:03:29.675395+05:30,2026-09-16_0203IST,airline_direct,IndiGo
BOM,BLR,6E,IndiGo,6E 5386,2026-09-23,7,business,,,27453.0,False,15:10,ok,2026-09-16T02:03:29.675395+05:30,2026-09-16_0203IST,airline_direct,IndiGo
BOM,BLR,6E,IndiGo,6E 5386,2026-09-23,7,economy,,,6500.0,False,15:10,ok,2026-09-16T02:03:29.675395+05:30,2026-09-16_0203IST,airline_direct,IndiGo
BOM,BLR,6E,IndiGo,6E 5109,2026-09-23,7,economy,,,6710.0,False,09:35,ok,2026-09-16T02:03:29.675395+05:30,2026-09-16_0203IST,airline_direct,IndiGo
BOM,BLR,6E,IndiGo,6E 2237,2026-09-23,7,economy,,,6710.0,False,18:40,ok,2026-09-16T02:03:29.675395+05:30,2026-09-16_0203IST,airline_direct,IndiGo
BOM,BLR,6E,IndiGo,6E 5386,2026-09-23,7,business,,,27453.0,False,15:10,ok,2026-09-16T02:03:29.675395+05:30,2026-09-16_0203IST,airline_direct,IndiGo
BOM,BLR,6E,IndiGo,6E 5386,2026-09-23,7,economy,,,7000.0,False,15:10,ok,2026-09-16T02:03:29.675395+05:30,2026-09-16_0203IST,airline_direct,IndiGo
BOM,BLR,6E,IndiGo,6E 5201,2026-09-23,7,economy,,,7210.0,False,14:55,ok,2026-09-16T02:03:29.675395+05:30,2026-09-16_0203IST,airline_direct,IndiGo
BOM,BLR,6E,IndiGo,6E 5107,2026-09-23,7,economy,,,7761.0,False,20:00,ok,2026-09-16T02:03:29.675395+05:30,2026-09-16_0203IST,airline_direct,IndiGo
BOM,BLR,6E,IndiGo,6E 5386,2026-09-23,7,business,,,26723.0,False,15:10,ok,2026-09-16T02:03:29.675395+05:30,2026-09-16_0203IST,airline_direct,IndiGo
BOM,BLR,6E,IndiGo,6E 5386,2026-09-23,7,economy,,,8156.0,False,15:10,ok,2026-09-16T02:03:29.675395+05:30,2026-09-16_0203IST,airline_direct,IndiGo
BOM,BLR,6E,IndiGo,6E 5241,2026-09-23,7,economy,,,8786.0,False,16:40,ok,2026-09-16T02:03:29.675395+05:30,2026-09-16_0203IST,airline_direct,IndiGo
BOM,BLR,6E,IndiGo,6E 5241,2026-09-23,7,economy,,,8786.0,False,16:40,ok,2026-09-16T02:03:29.675395+05:30,2026-09-16_0203IST,airline_direct,IndiGo
BOM,BLR,6E,IndiGo,6E 632,2026-09-23,7,economy,,,9763.0,False,04:00,ok,2026-09-16T02:03:29.675395+05:30,2026-09-16_0203IST,airline_direct,IndiGo
BOM,BLR,6E,IndiGo,6E 2011,2026-09-23,7,economy,,,9963.0,False,13:35,ok,2026-09-16T02:03:29.675395+05:30,2026-09-16_0203IST,airline_direct,IndiGo
BOM,BLR,6E,IndiGo,6E 230,2026-09-23,7,economy,,,10215.0,False,13:55,ok,2026-09-16T02:03:29.675395+05:30,2026-09-16_0203IST,airline_direct,IndiGo
BOM,BLR,6E,IndiGo,6E 230,2026-09-23,7,economy,,,10215.0,False,13:55,ok,2026-09-16T02:03:29.675395+05:30,2026-09-16_0203IST,airline_direct,IndiGo
BOM,BLR,6E,IndiGo,6E 5178,2026-09-23,7,business,,,28258.0,False,11:45,ok,2026-09-16T02:03:29.675395+05:30,2026-09-16_0203IST,airline_direct,IndiGo
BOM,BLR,6E,IndiGo,6E 5178,2026-09-23,7,economy,,,10356.0,False,11:45,ok,2026-09-16T02:03:29.675395+05:30,2026-09-16_0203IST,airline_direct,IndiGo
BOM,BLR,6E,IndiGo,6E 5318,2026-09-23,7,business,,,28258.0,False,10:15,ok,2026-09-16T02:03:29.675395+05:30,2026-09-16_0203IST,airline_direct,IndiGo
BOM,BLR,6E,IndiGo,6E 5318,2026-09-23,7,economy,,,11240.0,False,10:15,ok,2026-09-16T02:03:29.675395+05:30,2026-09-16_0203IST,airline_direct,IndiGo
BOM,BLR,6E,IndiGo,6E 2060,2026-09-23,7,economy,,,11371.0,False,10:05,ok,2026-09-16T02:03:29.675395+05:30,2026-09-16_0203IST,airline_direct,IndiGo
BOM,BLR,6E,IndiGo,6E 5178,2026-09-23,7,business,,,26723.0,False,11:45,ok,2026-09-16T02:03:29.675395+05:30,2026-09-16_0203IST,airline_direct,IndiGo
BOM,BLR,6E,IndiGo,6E 5178,2026-09-23,7,economy,,,11643.0,False,11:45,ok,2026-09-16T02:03:29.675395+05:30,2026-09-16_0203IST,airline_direct,IndiGo
BOM,BLR,6E,IndiGo,6E 261,2026-09-23,7,economy,,,12080.0,False,11:20,ok,2026-09-16T02:03:29.675395+05:30,2026-09-16_0203IST,airline_direct,IndiGo
BOM,BLR,6E,IndiGo,6E 5178,2026-09-23,7,business,,,27453.0,False,11:45,ok,2026-09-16T02:03:29.675395+05:30,2026-09-16_0203IST,airline_direct,IndiGo
BOM,BLR,6E,IndiGo,6E 5178,2026-09-23,7,economy,,,12162.0,False,11:45,ok,2026-09-16T02:03:29.675395+05:30,2026-09-16_0203IST,airline_direct,IndiGo
BOM,BLR,6E,IndiGo,6E 5178,2026-09-23,7,business,,,27453.0,False,11:45,ok,2026-09-16T02:03:29.675395+05:30,2026-09-16_0203IST,airline_direct,IndiGo
BOM,BLR,6E,IndiGo,6E 5178,2026-09-23,7,economy,,,12162.0,False,11:45,ok,2026-09-16T02:03:29.675395+05:30,2026-09-16_0203IST,airline_direct,IndiGo
BOM,BLR,6E,IndiGo,6E 6674,2026-09-23,7,economy,,,12211.0,False,09:05,ok,2026-09-16T02:03:29.675395+05:30,2026-09-16_0203IST,airline_direct,IndiGo
BOM,BLR,6E,IndiGo,6E 5318,2026-09-23,7,business,,,26723.0,False,10:15,ok,2026-09-16T02:03:29.675395+05:30,2026-09-16_0203IST,airline_direct,IndiGo
BOM,BLR,6E,IndiGo,6E 5318,2026-09-23,7,economy,,,12513.0,False,10:15,ok,2026-09-16T02:03:29.675395+05:30,2026-09-16_0203IST,airline_direct,IndiGo
BOM,BLR,6E,IndiGo,6E 5246,2026-09-23,7,business,,,26723.0,False,07:15,ok,2026-09-16T02:03:29.675395+05:30,2026-09-16_0203IST,airline_direct,IndiGo
BOM,BLR,6E,IndiGo,6E 5246,2026-09-23,7,economy,,,12933.0,False,07:15,ok,2026-09-16T02:03:29.675395+05:30,2026-09-16_0203IST,airline_direct,IndiGo
DEL,CCU,6E,IndiGo,6E 5191,2026-09-23,7,business,,,26140.0,False,05:00,ok,2026-09-16T02:04:36.566239+05:30,2026-09-16_0204IST,airline_direct,IndiGo
DEL,CCU,6E,IndiGo,6E 5191,2026-09-23,7,economy,,,8703.0,False,05:00,ok,2026-09-16T02:04:36.566239+05:30,2026-09-16_0204IST,airline_direct,IndiGo
DEL,CCU,6E,IndiGo,6E 340,2026-09-23,7,business,,,26140.0,False,07:20,ok,2026-09-16T02:04:36.566239+05:30,2026-09-16_0204IST,airline_direct,IndiGo
DEL,CCU,6E,IndiGo,6E 340,2026-09-23,7,economy,,,8703.0,False,07:20,ok,2026-09-16T02:04:36.566239+05:30,2026-09-16_0204IST,airline_direct,IndiGo
DEL,CCU,6E,IndiGo,6E 513,2026-09-23,7,business,,,26140.0,False,08:30,ok,2026-09-16T02:04:36.566239+05:30,2026-09-16_0204IST,airline_direct,IndiGo
DEL,CCU,6E,IndiGo,6E 513,2026-09-23,7,economy,,,8703.0,False,08:30,ok,2026-09-16T02:04:36.566239+05:30,2026-09-16_0204IST,airline_direct,IndiGo
DEL,CCU,6E,IndiGo,6E 894,2026-09-23,7,business,,,26140.0,False,10:15,ok,2026-09-16T02:04:36.566239+05:30,2026-09-16_0204IST,airline_direct,IndiGo
DEL,CCU,6E,IndiGo,6E 894,2026-09-23,7,economy,,,8703.0,False,10:15,ok,2026-09-16T02:04:36.566239+05:30,2026-09-16_0204IST,airline_direct,IndiGo
DEL,CCU,6E,IndiGo,6E 897,2026-09-23,7,business,,,26140.0,False,12:45,ok,2026-09-16T02:04:36.566239+05:30,2026-09-16_0204IST,airline_direct,IndiGo
DEL,CCU,6E,IndiGo,6E 897,2026-09-23,7,economy,,,8703.0,False,12:45,ok,2026-09-16T02:04:36.566239+05:30,2026-09-16_0204IST,airline_direct,IndiGo
DEL,CCU,6E,IndiGo,6E 910,2026-09-23,7,business,,,26140.0,False,14:25,ok,2026-09-16T02:04:36.566239+05:30,2026-09-16_0204IST,airline_direct,IndiGo
DEL,CCU,6E,IndiGo,6E 910,2026-09-23,7,economy,,,8703.0,False,14:25,ok,2026-09-16T02:04:36.566239+05:30,2026-09-16_0204IST,airline_direct,IndiGo
DEL,CCU,6E,IndiGo,6E 6415,2026-09-23,7,business,,,26140.0,False,16:00,ok,2026-09-16T02:04:36.566239+05:30,2026-09-16_0204IST,airline_direct,IndiGo
DEL,CCU,6E,IndiGo,6E 6415,2026-09-23,7,economy,,,8703.0,False,16:00,ok,2026-09-16T02:04:36.566239+05:30,2026-09-16_0204IST,airline_direct,IndiGo
DEL,CCU,6E,IndiGo,6E 2276,2026-09-23,7,business,,,26140.0,False,17:55,ok,2026-09-16T02:04:36.566239+05:30,2026-09-16_0204IST,airline_direct,IndiGo
DEL,CCU,6E,IndiGo,6E 2276,2026-09-23,7,economy,,,8703.0,False,17:55,ok,2026-09-16T02:04:36.566239+05:30,2026-09-16_0204IST,airline_direct,IndiGo
DEL,CCU,6E,IndiGo,6E 389,2026-09-23,7,business,,,26140.0,False,21:50,ok,2026-09-16T02:04:36.566239+05:30,2026-09-16_0204IST,airline_direct,IndiGo
DEL,CCU,6E,IndiGo,6E 389,2026-09-23,7,economy,,,8703.0,False,21:50,ok,2026-09-16T02:04:36.566239+05:30,2026-09-16_0204IST,airline_direct,IndiGo
DEL,CCU,6E,IndiGo,6E 247,2026-09-23,7,business,,,26140.0,False,23:30,ok,2026-09-16T02:04:36.566239+05:30,2026-09-16_0204IST,airline_direct,IndiGo
DEL,CCU,6E,IndiGo,6E 247,2026-09-23,7,economy,,,8703.0,False,23:30,ok,2026-09-16T02:04:36.566239+05:30,2026-09-16_0204IST,airline_direct,IndiGo
DEL,CCU,6E,IndiGo,6E 6517,2026-09-23,7,business,,,26140.0,False,19:30,ok,2026-09-16T02:04:36.566239+05:30,2026-09-16_0204IST,airline_direct,IndiGo
DEL,CCU,6E,IndiGo,6E 6517,2026-09-23,7,economy,,,8965.0,False,19:30,ok,2026-09-16T02:04:36.566239+05:30,2026-09-16_0204IST,airline_direct,IndiGo
DEL,CCU,6E,IndiGo,6E 6245,2026-09-23,7,economy,,,7368.0,False,06:20,ok,2026-09-16T02:04:36.566239+05:30,2026-09-16_0204IST,airline_direct,IndiGo
DEL,CCU,6E,IndiGo,6E 2373,2026-09-23,7,economy,,,7368.0,False,11:10,ok,2026-09-16T02:04:36.566239+05:30,2026-09-16_0204IST,airline_direct,IndiGo
DEL,CCU,6E,IndiGo,6E 2453,2026-09-23,7,economy,,,7368.0,False,13:35,ok,2026-09-16T02:04:36.566239+05:30,2026-09-16_0204IST,airline_direct,IndiGo
DEL,CCU,6E,IndiGo,6E 6312,2026-09-23,7,economy,,,7500.0,False,14:25,ok,2026-09-16T02:04:36.566239+05:30,2026-09-16_0204IST,airline_direct,IndiGo
DEL,CCU,6E,IndiGo,6E 2361,2026-09-23,7,economy,,,7500.0,False,14:35,ok,2026-09-16T02:04:36.566239+05:30,2026-09-16_0204IST,airline_direct,IndiGo
DEL,CCU,6E,IndiGo,6E 6190,2026-09-23,7,economy,,,7578.0,False,07:40,ok,2026-09-16T02:04:36.566239+05:30,2026-09-16_0204IST,airline_direct,IndiGo
DEL,CCU,6E,IndiGo,6E 5298,2026-09-23,7,economy,,,7578.0,False,09:00,ok,2026-09-16T02:04:36.566239+05:30,2026-09-16_0204IST,airline_direct,IndiGo
DEL,CCU,6E,IndiGo,6E 2203,2026-09-23,7,economy,,,7683.0,False,04:45,ok,2026-09-16T02:04:36.566239+05:30,2026-09-16_0204IST,airline_direct,IndiGo
DEL,CCU,6E,IndiGo,6E 6124,2026-09-23,7,economy,,,7683.0,False,07:30,ok,2026-09-16T02:04:36.566239+05:30,2026-09-16_0204IST,airline_direct,IndiGo
DEL,CCU,6E,IndiGo,6E 5307,2026-09-23,7,economy,,,7683.0,False,10:50,ok,2026-09-16T02:04:36.566239+05:30,2026-09-16_0204IST,airline_direct,IndiGo
DEL,CCU,6E,IndiGo,6E 5307,2026-09-23,7,economy,,,7683.0,False,10:50,ok,2026-09-16T02:04:36.566239+05:30,2026-09-16_0204IST,airline_direct,IndiGo
DEL,CCU,6E,IndiGo,6E 6378,2026-09-23,7,economy,,,7683.0,False,14:40,ok,2026-09-16T02:04:36.566239+05:30,2026-09-16_0204IST,airline_direct,IndiGo
DEL,CCU,6E,IndiGo,6E 6829,2026-09-23,7,economy,,,7710.0,False,17:20,ok,2026-09-16T02:04:36.566239+05:30,2026-09-16_0204IST,airline_direct,IndiGo
DEL,CCU,6E,IndiGo,6E 6503,2026-09-23,7,economy,,,7893.0,False,13:25,ok,2026-09-16T02:04:36.566239+05:30,2026-09-16_0204IST,airline_direct,IndiGo
DEL,CCU,6E,IndiGo,6E 5119,2026-09-23,7,economy,,,7920.0,False,05:10,ok,2026-09-16T02:04:36.566239+05:30,2026-09-16_0204IST,airline_direct,IndiGo
DEL,CCU,6E,IndiGo,6E 203,2026-09-23,7,economy,,,7920.0,False,07:10,ok,2026-09-16T02:04:36.566239+05:30,2026-09-16_0204IST,airline_direct,IndiGo
DEL,CCU,6E,IndiGo,6E 705,2026-09-23,7,business,,,33666.0,False,08:30,ok,2026-09-16T02:04:36.566239+05:30,2026-09-16_0204IST,airline_direct,IndiGo
DEL,CCU,6E,IndiGo,6E 705,2026-09-23,7,economy,,,7920.0,False,08:30,ok,2026-09-16T02:04:36.566239+05:30,2026-09-16_0204IST,airline_direct,IndiGo
DEL,CCU,6E,IndiGo,6E 705,2026-09-23,7,economy,,,7920.0,False,08:30,ok,2026-09-16T02:04:36.566239+05:30,2026-09-16_0204IST,airline_direct,IndiGo
DEL,CCU,6E,IndiGo,6E 6293,2026-09-23,7,economy,,,7920.0,False,09:55,ok,2026-09-16T02:04:36.566239+05:30,2026-09-16_0204IST,airline_direct,IndiGo
DEL,CCU,6E,IndiGo,6E 884,2026-09-23,7,economy,,,7920.0,False,11:45,ok,2026-09-16T02:04:36.566239+05:30,2026-09-16_0204IST,airline_direct,IndiGo
DEL,CCU,6E,IndiGo,6E 6282,2026-09-23,7,economy,,,7920.0,False,13:30,ok,2026-09-16T02:04:36.566239+05:30,2026-09-16_0204IST,airline_direct,IndiGo
DEL,CCU,6E,IndiGo,6E 6282,2026-09-23,7,business,,,31918.0,False,13:30,ok,2026-09-16T02:04:36.566239+05:30,2026-09-16_0204IST,airline_direct,IndiGo
DEL,CCU,6E,IndiGo,6E 6282,2026-09-23,7,economy,,,7920.0,False,13:30,ok,2026-09-16T02:04:36.566239+05:30,2026-09-16_0204IST,airline_direct,IndiGo
DEL,CCU,6E,IndiGo,6E 6212,2026-09-23,7,business,,,31918.0,False,14:45,ok,2026-09-16T02:04:36.566239+05:30,2026-09-16_0204IST,airline_direct,IndiGo
DEL,CCU,6E,IndiGo,6E 6212,2026-09-23,7,economy,,,7920.0,False,14:45,ok,2026-09-16T02:04:36.566239+05:30,2026-09-16_0204IST,airline_direct,IndiGo
DEL,CCU,6E,IndiGo,6E 2341,2026-09-23,7,economy,,,7920.0,False,14:50,ok,2026-09-16T02:04:36.566239+05:30,2026-09-16_0204IST,airline_direct,IndiGo
DEL,CCU,6E,IndiGo,6E 6217,2026-09-23,7,business,,,31918.0,False,16:15,ok,2026-09-16T02:04:36.566239+05:30,2026-09-16_0204IST,airline_direct,IndiGo
DEL,CCU,6E,IndiGo,6E 6217,2026-09-23,7,economy,,,7920.0,False,16:15,ok,2026-09-16T02:04:36.566239+05:30,2026-09-16_0204IST,airline_direct,IndiGo
DEL,CCU,6E,IndiGo,6E 5073,2026-09-23,7,economy,,,7920.0,False,17:05,ok,2026-09-16T02:04:36.566239+05:30,2026-09-16_0204IST,airline_direct,IndiGo
DEL,CCU,6E,IndiGo,6E 717,2026-09-23,7,business,,,31918.0,False,17:55,ok,2026-09-16T02:04:36.566239+05:30,2026-09-16_0204IST,airline_direct,IndiGo
DEL,CCU,6E,IndiGo,6E 717,2026-09-23,7,economy,,,7920.0,False,17:55,ok,2026-09-16T02:04:36.566239+05:30,2026-09-16_0204IST,airline_direct,IndiGo
DEL,CCU,6E,IndiGo,6E 882,2026-09-23,7,economy,,,7920.0,False,23:15,ok,2026-09-16T02:04:36.566239+05:30,2026-09-16_0204IST,airline_direct,IndiGo
DEL,CCU,6E,IndiGo,6E 6371,2026-09-23,7,economy,,,8025.0,False,06:20,ok,2026-09-16T02:04:36.566239+05:30,2026-09-16_0204IST,airline_direct,IndiGo
DEL,CCU,6E,IndiGo,6E 6551,2026-09-23,7,economy,,,8025.0,False,12:00,ok,2026-09-16T02:04:36.566239+05:30,2026-09-16_0204IST,airline_direct,IndiGo
DEL,CCU,6E,IndiGo,6E 5036,2026-09-23,7,economy,,,8107.0,False,08:00,ok,2026-09-16T02:04:36.566239+05:30,2026-09-16_0204IST,airline_direct,IndiGo
DEL,CCU,6E,IndiGo,6E 6312,2026-09-23,7,economy,,,8107.0,False,14:25,ok,2026-09-16T02:04:36.566239+05:30,2026-09-16_0204IST,airline_direct,IndiGo
DEL,CCU,6E,IndiGo,6E 734,2026-09-23,7,economy,,,8107.0,False,16:20,ok,2026-09-16T02:04:36.566239+05:30,2026-09-16_0204IST,airline_direct,IndiGo
DEL,CCU,6E,IndiGo,6E 2037,2026-09-23,7,economy,,,8185.0,False,11:10,ok,2026-09-16T02:04:36.566239+05:30,2026-09-16_0204IST,airline_direct,IndiGo
DEL,CCU,6E,IndiGo,6E 2259,2026-09-23,7,economy,,,8185.0,False,12:20,ok,2026-09-16T02:04:36.566239+05:30,2026-09-16_0204IST,airline_direct,IndiGo
DEL,CCU,6E,IndiGo,6E 2259,2026-09-23,7,economy,,,8185.0,False,12:20,ok,2026-09-16T02:04:36.566239+05:30,2026-09-16_0204IST,airline_direct,IndiGo
DEL,CCU,6E,IndiGo,6E 2614,2026-09-23,7,economy,,,8185.0,False,14:40,ok,2026-09-16T02:04:36.566239+05:30,2026-09-16_0204IST,airline_direct,IndiGo
DEL,CCU,6E,IndiGo,6E 2614,2026-09-23,7,economy,,,8185.0,False,14:40,ok,2026-09-16T02:04:36.566239+05:30,2026-09-16_0204IST,airline_direct,IndiGo
DEL,CCU,6E,IndiGo,6E 5033,2026-09-23,7,economy,,,8185.0,False,15:50,ok,2026-09-16T02:04:36.566239+05:30,2026-09-16_0204IST,airline_direct,IndiGo
DEL,CCU,6E,IndiGo,6E 2296,2026-09-23,7,economy,,,8853.0,False,09:20,ok,2026-09-16T02:04:36.566239+05:30,2026-09-16_0204IST,airline_direct,IndiGo
DEL,CCU,6E,IndiGo,6E 6130,2026-09-23,7,economy,,,8853.0,False,12:55,ok,2026-09-16T02:04:36.566239+05:30,2026-09-16_0204IST,airline_direct,IndiGo
DEL,CCU,6E,IndiGo,6E 5215,2026-09-23,7,economy,,,8958.0,False,07:45,ok,2026-09-16T02:04:36.566239+05:30,2026-09-16_0204IST,airline_direct,IndiGo
DEL,CCU,6E,IndiGo,6E 6190,2026-09-23,7,economy,,,9587.0,False,07:40,ok,2026-09-16T02:04:36.566239+05:30,2026-09-16_0204IST,airline_direct,IndiGo
DEL,CCU,6E,IndiGo,6E 203,2026-09-23,7,business,,,32272.0,False,07:10,ok,2026-09-16T02:04:36.566239+05:30,2026-09-16_0204IST,airline_direct,IndiGo
DEL,CCU,6E,IndiGo,6E 203,2026-09-23,7,economy,,,9928.0,False,07:10,ok,2026-09-16T02:04:36.566239+05:30,2026-09-16_0204IST,airline_direct,IndiGo
DEL,CCU,6E,IndiGo,6E 6073,2026-09-23,7,economy,,,11280.0,False,05:00,ok,2026-09-16T02:04:36.566239+05:30,2026-09-16_0204IST,airline_direct,IndiGo
DEL,CCU,6E,IndiGo,6E 5041,2026-09-23,7,economy,,,13197.0,False,15:10,ok,2026-09-16T02:04:36.566239+05:30,2026-09-16_0204IST,airline_direct,IndiGo
DEL,CCU,6E,IndiGo,6E 2296,2026-09-23,7,economy,,,13326.0,False,09:20,ok,2026-09-16T02:04:36.566239+05:30,2026-09-16_0204IST,airline_direct,IndiGo
DEL,CCU,6E,IndiGo,6E 5038,2026-09-23,7,economy,,,17222.0,False,14:00,ok,2026-09-16T02:04:36.566239+05:30,2026-09-16_0204IST,airline_direct,IndiGo
DEL,CCU,6E,IndiGo,6E 5041,2026-09-23,7,economy,,,18892.0,False,15:10,ok,2026-09-16T02:04:36.566239+05:30,2026-09-16_0204IST,airline_direct,IndiGo
BLR,HYD,6E,IndiGo,6E 6178,2026-09-23,7,economy,,,5756.0,False,06:25,ok,2026-09-16T02:05:45.687512+05:30,2026-09-16_0205IST,airline_direct,IndiGo
BLR,HYD,6E,IndiGo,6E 6067,2026-09-23,7,economy,,,5756.0,False,16:30,ok,2026-09-16T02:05:45.687512+05:30,2026-09-16_0205IST,airline_direct,IndiGo
BLR,HYD,6E,IndiGo,6E 638,2026-09-23,7,economy,,,5756.0,False,18:35,ok,2026-09-16T02:05:45.687512+05:30,2026-09-16_0205IST,airline_direct,IndiGo
BLR,HYD,6E,IndiGo,6E 6784,2026-09-23,7,economy,,,5756.0,False,21:30,ok,2026-09-16T02:05:45.687512+05:30,2026-09-16_0205IST,airline_direct,IndiGo
BLR,HYD,6E,IndiGo,6E 6404,2026-09-23,7,economy,,,7361.0,False,11:35,ok,2026-09-16T02:05:45.687512+05:30,2026-09-16_0205IST,airline_direct,IndiGo
BLR,HYD,6E,IndiGo,6E 855,2026-09-23,7,economy,,,7361.0,False,19:45,ok,2026-09-16T02:05:45.687512+05:30,2026-09-16_0205IST,airline_direct,IndiGo
BLR,HYD,6E,IndiGo,6E 537,2026-09-23,7,economy,,,8010.0,False,10:15,ok,2026-09-16T02:05:45.687512+05:30,2026-09-16_0205IST,airline_direct,IndiGo
BLR,HYD,6E,IndiGo,6E 484,2026-09-23,7,economy,,,9518.0,False,08:15,ok,2026-09-16T02:05:45.687512+05:30,2026-09-16_0205IST,airline_direct,IndiGo
BLR,HYD,6E,IndiGo,6E 312,2026-09-23,7,economy,,,11353.0,False,09:15,ok,2026-09-16T02:05:45.687512+05:30,2026-09-16_0205IST,airline_direct,IndiGo
BLR,HYD,6E,IndiGo,6E 857,2026-09-23,7,economy,,,4553.0,False,07:05,ok,2026-09-16T02:05:45.687512+05:30,2026-09-16_0205IST,airline_direct,IndiGo
BLR,HYD,6E,IndiGo,6E 763,2026-09-23,7,economy,,,4553.0,False,07:05,ok,2026-09-16T02:05:45.687512+05:30,2026-09-16_0205IST,airline_direct,IndiGo
BLR,HYD,6E,IndiGo,6E 857,2026-09-23,7,economy,,,4553.0,False,07:05,ok,2026-09-16T02:05:45.687512+05:30,2026-09-16_0205IST,airline_direct,IndiGo
BLR,HYD,6E,IndiGo,6E 763,2026-09-23,7,economy,,,4553.0,False,07:05,ok,2026-09-16T02:05:45.687512+05:30,2026-09-16_0205IST,airline_direct,IndiGo
BLR,HYD,6E,IndiGo,6E 763,2026-09-23,7,economy,,,4553.0,False,07:05,ok,2026-09-16T02:05:45.687512+05:30,2026-09-16_0205IST,airline_direct,IndiGo
BLR,HYD,6E,IndiGo,6E 6269,2026-09-23,7,economy,,,4553.0,False,07:15,ok,2026-09-16T02:05:45.687512+05:30,2026-09-16_0205IST,airline_direct,IndiGo
BLR,HYD,6E,IndiGo,6E 6445,2026-09-23,7,economy,,,4553.0,False,10:25,ok,2026-09-16T02:05:45.687512+05:30,2026-09-16_0205IST,airline_direct,IndiGo
BLR,HYD,6E,IndiGo,6E 6445,2026-09-23,7,economy,,,4553.0,False,10:25,ok,2026-09-16T02:05:45.687512+05:30,2026-09-16_0205IST,airline_direct,IndiGo
BLR,HYD,6E,IndiGo,6E 904,2026-09-23,7,economy,,,4553.0,False,10:45,ok,2026-09-16T02:05:45.687512+05:30,2026-09-16_0205IST,airline_direct,IndiGo
BLR,HYD,6E,IndiGo,6E 6208,2026-09-23,7,economy,,,4553.0,False,12:45,ok,2026-09-16T02:05:45.687512+05:30,2026-09-16_0205IST,airline_direct,IndiGo
BLR,HYD,6E,IndiGo,6E 6208,2026-09-23,7,economy,,,4553.0,False,12:45,ok,2026-09-16T02:05:45.687512+05:30,2026-09-16_0205IST,airline_direct,IndiGo
BLR,HYD,6E,IndiGo,6E 703,2026-09-23,7,economy,,,4553.0,False,12:55,ok,2026-09-16T02:05:45.687512+05:30,2026-09-16_0205IST,airline_direct,IndiGo
BLR,HYD,6E,IndiGo,6E 703,2026-09-23,7,economy,,,4553.0,False,12:55,ok,2026-09-16T02:05:45.687512+05:30,2026-09-16_0205IST,airline_direct,IndiGo
BLR,HYD,6E,IndiGo,6E 6542,2026-09-23,7,economy,,,4553.0,False,13:10,ok,2026-09-16T02:05:45.687512+05:30,2026-09-16_0205IST,airline_direct,IndiGo
BLR,HYD,6E,IndiGo,6E 6753,2026-09-23,7,economy,,,4553.0,False,15:15,ok,2026-09-16T02:05:45.687512+05:30,2026-09-16_0205IST,airline_direct,IndiGo
BLR,HYD,6E,IndiGo,6E 173,2026-09-23,7,economy,,,4553.0,False,15:30,ok,2026-09-16T02:05:45.687512+05:30,2026-09-16_0205IST,airline_direct,IndiGo
BLR,HYD,6E,IndiGo,6E 356,2026-09-23,7,economy,,,4553.0,False,17:15,ok,2026-09-16T02:05:45.687512+05:30,2026-09-16_0205IST,airline_direct,IndiGo
BLR,HYD,6E,IndiGo,6E 6168,2026-09-23,7,economy,,,4553.0,False,17:40,ok,2026-09-16T02:05:45.687512+05:30,2026-09-16_0205IST,airline_direct,IndiGo
BLR,HYD,6E,IndiGo,6E 6168,2026-09-23,7,economy,,,4553.0,False,17:40,ok,2026-09-16T02:05:45.687512+05:30,2026-09-16_0205IST,airline_direct,IndiGo
BLR,HYD,6E,IndiGo,6E 6017,2026-09-23,7,economy,,,4553.0,False,18:15,ok,2026-09-16T02:05:45.687512+05:30,2026-09-16_0205IST,airline_direct,IndiGo
BLR,HYD,6E,IndiGo,6E 105,2026-09-23,7,economy,,,4553.0,False,18:50,ok,2026-09-16T02:05:45.687512+05:30,2026-09-16_0205IST,airline_direct,IndiGo
BLR,HYD,6E,IndiGo,6E 6554,2026-09-23,7,economy,,,4553.0,False,19:15,ok,2026-09-16T02:05:45.687512+05:30,2026-09-16_0205IST,airline_direct,IndiGo
BLR,HYD,6E,IndiGo,6E 441,2026-09-23,7,economy,,,4553.0,False,20:40,ok,2026-09-16T02:05:45.687512+05:30,2026-09-16_0205IST,airline_direct,IndiGo
BLR,HYD,6E,IndiGo,6E 116,2026-09-23,7,economy,,,4553.0,False,23:05,ok,2026-09-16T02:05:45.687512+05:30,2026-09-16_0205IST,airline_direct,IndiGo
BLR,HYD,6E,IndiGo,6E 6336,2026-09-23,7,economy,,,4685.0,False,12:25,ok,2026-09-16T02:05:45.687512+05:30,2026-09-16_0205IST,airline_direct,IndiGo
BLR,HYD,6E,IndiGo,6E 6336,2026-09-23,7,economy,,,4685.0,False,12:25,ok,2026-09-16T02:05:45.687512+05:30,2026-09-16_0205IST,airline_direct,IndiGo
BLR,HYD,6E,IndiGo,6E 105,2026-09-23,7,economy,,,4836.0,False,18:50,ok,2026-09-16T02:05:45.687512+05:30,2026-09-16_0205IST,airline_direct,IndiGo
BLR,HYD,6E,IndiGo,6E 7204,2026-09-23,7,economy,,,5146.0,False,06:50,ok,2026-09-16T02:05:45.687512+05:30,2026-09-16_0205IST,airline_direct,IndiGo
BLR,HYD,6E,IndiGo,6E 7005,2026-09-23,7,economy,,,5146.0,False,08:05,ok,2026-09-16T02:05:45.687512+05:30,2026-09-16_0205IST,airline_direct,IndiGo
BLR,HYD,6E,IndiGo,6E 7005,2026-09-23,7,economy,,,5146.0,False,08:05,ok,2026-09-16T02:05:45.687512+05:30,2026-09-16_0205IST,airline_direct,IndiGo
BLR,HYD,6E,IndiGo,6E 7005,2026-09-23,7,economy,,,5146.0,False,08:05,ok,2026-09-16T02:05:45.687512+05:30,2026-09-16_0205IST,airline_direct,IndiGo
BLR,HYD,6E,IndiGo,6E 6104,2026-09-23,7,economy,,,5146.0,False,11:40,ok,2026-09-16T02:05:45.687512+05:30,2026-09-16_0205IST,airline_direct,IndiGo
BLR,HYD,6E,IndiGo,6E 6104,2026-09-23,7,economy,,,5146.0,False,11:40,ok,2026-09-16T02:05:45.687512+05:30,2026-09-16_0205IST,airline_direct,IndiGo
BLR,HYD,6E,IndiGo,6E 173,2026-09-23,7,economy,,,5146.0,False,15:30,ok,2026-09-16T02:05:45.687512+05:30,2026-09-16_0205IST,airline_direct,IndiGo
BLR,HYD,6E,IndiGo,6E 356,2026-09-23,7,economy,,,5146.0,False,17:15,ok,2026-09-16T02:05:45.687512+05:30,2026-09-16_0205IST,airline_direct,IndiGo
BLR,HYD,6E,IndiGo,6E 528,2026-09-23,7,economy,,,5146.0,False,21:40,ok,2026-09-16T02:05:45.687512+05:30,2026-09-16_0205IST,airline_direct,IndiGo
BLR,HYD,6E,IndiGo,6E 6269,2026-09-23,7,economy,,,5486.0,False,07:15,ok,2026-09-16T02:05:45.687512+05:30,2026-09-16_0205IST,airline_direct,IndiGo
BLR,HYD,6E,IndiGo,6E 7227,2026-09-23,7,economy,,,5729.0,False,06:25,ok,2026-09-16T02:05:45.687512+05:30,2026-09-16_0205IST,airline_direct,IndiGo
BLR,HYD,6E,IndiGo,6E 6753,2026-09-23,7,economy,,,5861.0,False,15:15,ok,2026-09-16T02:05:45.687512+05:30,2026-09-16_0205IST,airline_direct,IndiGo
BLR,HYD,6E,IndiGo,6E 6653,2026-09-23,7,economy,,,6724.0,False,12:35,ok,2026-09-16T02:05:45.687512+05:30,2026-09-16_0205IST,airline_direct,IndiGo
BLR,HYD,6E,IndiGo,6E 6653,2026-09-23,7,economy,,,6724.0,False,12:35,ok,2026-09-16T02:05:45.687512+05:30,2026-09-16_0205IST,airline_direct,IndiGo
BLR,HYD,6E,IndiGo,6E 109,2026-09-23,7,economy,,,6724.0,False,17:00,ok,2026-09-16T02:05:45.687512+05:30,2026-09-16_0205IST,airline_direct,IndiGo
BLR,HYD,6E,IndiGo,6E 6445,2026-09-23,7,economy,,,7221.0,False,10:25,ok,2026-09-16T02:05:45.687512+05:30,2026-09-16_0205IST,airline_direct,IndiGo
BLR,HYD,6E,IndiGo,6E 6162,2026-09-23,7,economy,,,7221.0,False,18:50,ok,2026-09-16T02:05:45.687512+05:30,2026-09-16_0205IST,airline_direct,IndiGo
BLR,HYD,6E,IndiGo,6E 6563,2026-09-23,7,economy,,,8369.0,False,01:05,ok,2026-09-16T02:05:45.687512+05:30,2026-09-16_0205IST,airline_direct,IndiGo
BLR,HYD,6E,IndiGo,6E 6876,2026-09-23,7,economy,,,8369.0,False,02:40,ok,2026-09-16T02:05:45.687512+05:30,2026-09-16_0205IST,airline_direct,IndiGo
BLR,HYD,6E,IndiGo,6E 7285,2026-09-23,7,economy,,,9567.0,False,06:50,ok,2026-09-16T02:05:45.687512+05:30,2026-09-16_0205IST,airline_direct,IndiGo
BLR,HYD,6E,IndiGo,6E 7737,2026-09-23,7,economy,,,9625.0,False,10:50,ok,2026-09-16T02:05:45.687512+05:30,2026-09-16_0205IST,airline_direct,IndiGo
BLR,HYD,6E,IndiGo,6E 6583,2026-09-23,7,economy,,,10920.0,False,10:40,ok,2026-09-16T02:05:45.687512+05:30,2026-09-16_0205IST,airline_direct,IndiGo
BLR,HYD,6E,IndiGo,6E 7737,2026-09-23,7,economy,,,19784.0,False,10:50,ok,2026-09-16T02:05:45.687512+05:30,2026-09-16_0205IST,airline_direct,IndiGo
MAA,DEL,6E,IndiGo,6E 6002,2026-09-23,7,business,,,28240.0,False,11:10,ok,2026-09-16T02:06:40.336739+05:30,2026-09-16_0206IST,airline_direct,IndiGo
MAA,DEL,6E,IndiGo,6E 6002,2026-09-23,7,economy,,,9830.0,False,11:10,ok,2026-09-16T02:06:40.336739+05:30,2026-09-16_0206IST,airline_direct,IndiGo
MAA,DEL,6E,IndiGo,6E 939,2026-09-23,7,business,,,28240.0,False,13:00,ok,2026-09-16T02:06:40.336739+05:30,2026-09-16_0206IST,airline_direct,IndiGo
MAA,DEL,6E,IndiGo,6E 939,2026-09-23,7,economy,,,9830.0,False,13:00,ok,2026-09-16T02:06:40.336739+05:30,2026-09-16_0206IST,airline_direct,IndiGo
MAA,DEL,6E,IndiGo,6E 948,2026-09-23,7,business,,,28240.0,False,14:30,ok,2026-09-16T02:06:40.336739+05:30,2026-09-16_0206IST,airline_direct,IndiGo
MAA,DEL,6E,IndiGo,6E 948,2026-09-23,7,economy,,,9830.0,False,14:30,ok,2026-09-16T02:06:40.336739+05:30,2026-09-16_0206IST,airline_direct,IndiGo
MAA,DEL,6E,IndiGo,6E 698,2026-09-23,7,business,,,28240.0,False,16:45,ok,2026-09-16T02:06:40.336739+05:30,2026-09-16_0206IST,airline_direct,IndiGo
MAA,DEL,6E,IndiGo,6E 698,2026-09-23,7,economy,,,9830.0,False,16:45,ok,2026-09-16T02:06:40.336739+05:30,2026-09-16_0206IST,airline_direct,IndiGo
MAA,DEL,6E,IndiGo,6E 951,2026-09-23,7,business,,,28240.0,False,21:50,ok,2026-09-16T02:06:40.336739+05:30,2026-09-16_0206IST,airline_direct,IndiGo
MAA,DEL,6E,IndiGo,6E 951,2026-09-23,7,economy,,,9830.0,False,21:50,ok,2026-09-16T02:06:40.336739+05:30,2026-09-16_0206IST,airline_direct,IndiGo
MAA,DEL,6E,IndiGo,6E 613,2026-09-23,7,business,,,28240.0,False,19:00,ok,2026-09-16T02:06:40.336739+05:30,2026-09-16_0206IST,airline_direct,IndiGo
MAA,DEL,6E,IndiGo,6E 613,2026-09-23,7,economy,,,10295.0,False,19:00,ok,2026-09-16T02:06:40.336739+05:30,2026-09-16_0206IST,airline_direct,IndiGo
MAA,DEL,6E,IndiGo,6E 2369,2026-09-23,7,business,,,28240.0,False,23:45,ok,2026-09-16T02:06:40.336739+05:30,2026-09-16_0206IST,airline_direct,IndiGo
MAA,DEL,6E,IndiGo,6E 2369,2026-09-23,7,economy,,,10295.0,False,23:45,ok,2026-09-16T02:06:40.336739+05:30,2026-09-16_0206IST,airline_direct,IndiGo
MAA,DEL,6E,IndiGo,6E 404,2026-09-23,7,business,,,28240.0,False,09:15,ok,2026-09-16T02:06:40.336739+05:30,2026-09-16_0206IST,airline_direct,IndiGo
MAA,DEL,6E,IndiGo,6E 404,2026-09-23,7,economy,,,10785.0,False,09:15,ok,2026-09-16T02:06:40.336739+05:30,2026-09-16_0206IST,airline_direct,IndiGo
MAA,DEL,6E,IndiGo,6E 937,2026-09-23,7,business,,,28240.0,False,06:30,ok,2026-09-16T02:06:40.336739+05:30,2026-09-16_0206IST,airline_direct,IndiGo
MAA,DEL,6E,IndiGo,6E 937,2026-09-23,7,economy,,,15069.0,False,06:30,ok,2026-09-16T02:06:40.336739+05:30,2026-09-16_0206IST,airline_direct,IndiGo
MAA,DEL,6E,IndiGo,6E 253,2026-09-23,7,business,,,27587.0,False,03:10,ok,2026-09-16T02:06:40.336739+05:30,2026-09-16_0206IST,airline_direct,IndiGo
MAA,DEL,6E,IndiGo,6E 253,2026-09-23,7,economy,,,10376.0,False,03:10,ok,2026-09-16T02:06:40.336739+05:30,2026-09-16_0206IST,airline_direct,IndiGo
MAA,DEL,6E,IndiGo,6E 244,2026-09-23,7,economy,,,10376.0,False,03:55,ok,2026-09-16T02:06:40.336739+05:30,2026-09-16_0206IST,airline_direct,IndiGo
MAA,DEL,6E,IndiGo,6E 607,2026-09-23,7,business,,,30301.0,False,05:40,ok,2026-09-16T02:06:40.336739+05:30,2026-09-16_0206IST,airline_direct,IndiGo
MAA,DEL,6E,IndiGo,6E 607,2026-09-23,7,economy,,,10376.0,False,05:40,ok,2026-09-16T02:06:40.336739+05:30,2026-09-16_0206IST,airline_direct,IndiGo
MAA,DEL,6E,IndiGo,6E 834,2026-09-23,7,economy,,,10376.0,False,09:05,ok,2026-09-16T02:06:40.336739+05:30,2026-09-16_0206IST,airline_direct,IndiGo
MAA,DEL,6E,IndiGo,6E 834,2026-09-23,7,economy,,,10376.0,False,09:05,ok,2026-09-16T02:06:40.336739+05:30,2026-09-16_0206IST,airline_direct,IndiGo
MAA,DEL,6E,IndiGo,6E 372,2026-09-23,7,economy,,,10376.0,False,09:55,ok,2026-09-16T02:06:40.336739+05:30,2026-09-16_0206IST,airline_direct,IndiGo
MAA,DEL,6E,IndiGo,6E 502,2026-09-23,7,business,,,28415.0,False,11:10,ok,2026-09-16T02:06:40.336739+05:30,2026-09-16_0206IST,airline_direct,IndiGo
MAA,DEL,6E,IndiGo,6E 502,2026-09-23,7,economy,,,10376.0,False,11:10,ok,2026-09-16T02:06:40.336739+05:30,2026-09-16_0206IST,airline_direct,IndiGo
MAA,DEL,6E,IndiGo,6E 6925,2026-09-23,7,economy,,,10376.0,False,12:00,ok,2026-09-16T02:06:40.336739+05:30,2026-09-16_0206IST,airline_direct,IndiGo
MAA,DEL,6E,IndiGo,6E 6925,2026-09-23,7,economy,,,10376.0,False,12:00,ok,2026-09-16T02:06:40.336739+05:30,2026-09-16_0206IST,airline_direct,IndiGo
MAA,DEL,6E,IndiGo,6E 6158,2026-09-23,7,economy,,,10376.0,False,16:10,ok,2026-09-16T02:06:40.336739+05:30,2026-09-16_0206IST,airline_direct,IndiGo
MAA,DEL,6E,IndiGo,6E 183,2026-09-23,7,business,,,30185.0,False,16:35,ok,2026-09-16T02:06:40.336739+05:30,2026-09-16_0206IST,airline_direct,IndiGo
MAA,DEL,6E,IndiGo,6E 183,2026-09-23,7,economy,,,10376.0,False,16:35,ok,2026-09-16T02:06:40.336739+05:30,2026-09-16_0206IST,airline_direct,IndiGo
MAA,DEL,6E,IndiGo,6E 489,2026-09-23,7,economy,,,10376.0,False,18:15,ok,2026-09-16T02:06:40.336739+05:30,2026-09-16_0206IST,airline_direct,IndiGo
MAA,DEL,6E,IndiGo,6E 562,2026-09-23,7,economy,,,10376.0,False,18:20,ok,2026-09-16T02:06:40.336739+05:30,2026-09-16_0206IST,airline_direct,IndiGo
MAA,DEL,6E,IndiGo,6E 193,2026-09-23,7,economy,,,10376.0,False,20:00,ok,2026-09-16T02:06:40.336739+05:30,2026-09-16_0206IST,airline_direct,IndiGo
MAA,DEL,6E,IndiGo,6E 6487,2026-09-23,7,economy,,,10376.0,False,21:25,ok,2026-09-16T02:06:40.336739+05:30,2026-09-16_0206IST,airline_direct,IndiGo
MAA,DEL,6E,IndiGo,6E 6081,2026-09-23,7,economy,,,10454.0,False,07:05,ok,2026-09-16T02:06:40.336739+05:30,2026-09-16_0206IST,airline_direct,IndiGo
MAA,DEL,6E,IndiGo,6E 6081,2026-09-23,7,economy,,,10454.0,False,07:05,ok,2026-09-16T02:06:40.336739+05:30,2026-09-16_0206IST,airline_direct,IndiGo
MAA,DEL,6E,IndiGo,6E 6815,2026-09-23,7,economy,,,10454.0,False,08:55,ok,2026-09-16T02:06:40.336739+05:30,2026-09-16_0206IST,airline_direct,IndiGo
MAA,DEL,6E,IndiGo,6E 6815,2026-09-23,7,economy,,,10454.0,False,08:55,ok,2026-09-16T02:06:40.336739+05:30,2026-09-16_0206IST,airline_direct,IndiGo
MAA,DEL,6E,IndiGo,6E 6892,2026-09-23,7,economy,,,10454.0,False,10:55,ok,2026-09-16T02:06:40.336739+05:30,2026-09-16_0206IST,airline_direct,IndiGo
MAA,DEL,6E,IndiGo,6E 6892,2026-09-23,7,economy,,,10454.0,False,10:55,ok,2026-09-16T02:06:40.336739+05:30,2026-09-16_0206IST,airline_direct,IndiGo
MAA,DEL,6E,IndiGo,6E 6209,2026-09-23,7,economy,,,10454.0,False,14:35,ok,2026-09-16T02:06:40.336739+05:30,2026-09-16_0206IST,airline_direct,IndiGo
MAA,DEL,6E,IndiGo,6E 6005,2026-09-23,7,economy,,,10454.0,False,15:45,ok,2026-09-16T02:06:40.336739+05:30,2026-09-16_0206IST,airline_direct,IndiGo
MAA,DEL,6E,IndiGo,6E 6812,2026-09-23,7,economy,,,10454.0,False,20:00,ok,2026-09-16T02:06:40.336739+05:30,2026-09-16_0206IST,airline_direct,IndiGo
MAA,DEL,6E,IndiGo,6E 6140,2026-09-23,7,business,,,32304.0,False,02:30,ok,2026-09-16T02:06:40.336739+05:30,2026-09-16_0206IST,airline_direct,IndiGo
MAA,DEL,6E,IndiGo,6E 6140,2026-09-23,7,economy,,,10586.0,False,02:30,ok,2026-09-16T02:06:40.336739+05:30,2026-09-16_0206IST,airline_direct,IndiGo
MAA,DEL,6E,IndiGo,6E 6140,2026-09-23,7,business,,,32304.0,False,02:30,ok,2026-09-16T02:06:40.336739+05:30,2026-09-16_0206IST,airline_direct,IndiGo
MAA,DEL,6E,IndiGo,6E 6140,2026-09-23,7,economy,,,10586.0,False,02:30,ok,2026-09-16T02:06:40.336739+05:30,2026-09-16_0206IST,airline_direct,IndiGo
MAA,DEL,6E,IndiGo,6E 5314,2026-09-23,7,business,,,39741.0,False,06:45,ok,2026-09-16T02:06:40.336739+05:30,2026-09-16_0206IST,airline_direct,IndiGo
MAA,DEL,6E,IndiGo,6E 5314,2026-09-23,7,economy,,,10586.0,False,06:45,ok,2026-09-16T02:06:40.336739+05:30,2026-09-16_0206IST,airline_direct,IndiGo
MAA,DEL,6E,IndiGo,6E 321,2026-09-23,7,business,,,36527.0,False,08:20,ok,2026-09-16T02:06:40.336739+05:30,2026-09-16_0206IST,airline_direct,IndiGo
MAA,DEL,6E,IndiGo,6E 321,2026-09-23,7,economy,,,10586.0,False,08:20,ok,2026-09-16T02:06:40.336739+05:30,2026-09-16_0206IST,airline_direct,IndiGo
MAA,DEL,6E,IndiGo,6E 6348,2026-09-23,7,business,,,39741.0,False,09:00,ok,2026-09-16T02:06:40.336739+05:30,2026-09-16_0206IST,airline_direct,IndiGo
MAA,DEL,6E,IndiGo,6E 6348,2026-09-23,7,economy,,,10586.0,False,09:00,ok,2026-09-16T02:06:40.336739+05:30,2026-09-16_0206IST,airline_direct,IndiGo
MAA,DEL,6E,IndiGo,6E 6348,2026-09-23,7,business,,,39741.0,False,09:00,ok,2026-09-16T02:06:40.336739+05:30,2026-09-16_0206IST,airline_direct,IndiGo
MAA,DEL,6E,IndiGo,6E 6348,2026-09-23,7,economy,,,10586.0,False,09:00,ok,2026-09-16T02:06:40.336739+05:30,2026-09-16_0206IST,airline_direct,IndiGo
MAA,DEL,6E,IndiGo,6E 5214,2026-09-23,7,business,,,39741.0,False,11:00,ok,2026-09-16T02:06:40.336739+05:30,2026-09-16_0206IST,airline_direct,IndiGo
MAA,DEL,6E,IndiGo,6E 5214,2026-09-23,7,economy,,,10586.0,False,11:00,ok,2026-09-16T02:06:40.336739+05:30,2026-09-16_0206IST,airline_direct,IndiGo
MAA,DEL,6E,IndiGo,6E 5258,2026-09-23,7,business,,,39741.0,False,12:45,ok,2026-09-16T02:06:40.336739+05:30,2026-09-16_0206IST,airline_direct,IndiGo
MAA,DEL,6E,IndiGo,6E 5258,2026-09-23,7,economy,,,10586.0,False,12:45,ok,2026-09-16T02:06:40.336739+05:30,2026-09-16_0206IST,airline_direct,IndiGo
MAA,DEL,6E,IndiGo,6E 5258,2026-09-23,7,business,,,39741.0,False,12:45,ok,2026-09-16T02:06:40.336739+05:30,2026-09-16_0206IST,airline_direct,IndiGo
MAA,DEL,6E,IndiGo,6E 5258,2026-09-23,7,economy,,,10586.0,False,12:45,ok,2026-09-16T02:06:40.336739+05:30,2026-09-16_0206IST,airline_direct,IndiGo
MAA,DEL,6E,IndiGo,6E 5371,2026-09-23,7,business,,,43340.0,False,14:45,ok,2026-09-16T02:06:40.336739+05:30,2026-09-16_0206IST,airline_direct,IndiGo
MAA,DEL,6E,IndiGo,6E 5371,2026-09-23,7,economy,,,10586.0,False,14:45,ok,2026-09-16T02:06:40.336739+05:30,2026-09-16_0206IST,airline_direct,IndiGo
MAA,DEL,6E,IndiGo,6E 5104,2026-09-23,7,business,,,39741.0,False,16:40,ok,2026-09-16T02:06:40.336739+05:30,2026-09-16_0206IST,airline_direct,IndiGo
MAA,DEL,6E,IndiGo,6E 5104,2026-09-23,7,economy,,,10586.0,False,16:40,ok,2026-09-16T02:06:40.336739+05:30,2026-09-16_0206IST,airline_direct,IndiGo
MAA,DEL,6E,IndiGo,6E 606,2026-09-23,7,business,,,35111.0,False,18:05,ok,2026-09-16T02:06:40.336739+05:30,2026-09-16_0206IST,airline_direct,IndiGo
MAA,DEL,6E,IndiGo,6E 606,2026-09-23,7,economy,,,10586.0,False,18:05,ok,2026-09-16T02:06:40.336739+05:30,2026-09-16_0206IST,airline_direct,IndiGo
MAA,DEL,6E,IndiGo,6E 5367,2026-09-23,7,business,,,40966.0,False,18:15,ok,2026-09-16T02:06:40.336739+05:30,2026-09-16_0206IST,airline_direct,IndiGo
MAA,DEL,6E,IndiGo,6E 5367,2026-09-23,7,economy,,,10586.0,False,18:15,ok,2026-09-16T02:06:40.336739+05:30,2026-09-16_0206IST,airline_direct,IndiGo
MAA,DEL,6E,IndiGo,6E 597,2026-09-23,7,economy,,,10743.0,False,17:45,ok,2026-09-16T02:06:40.336739+05:30,2026-09-16_0206IST,airline_direct,IndiGo
MAA,DEL,6E,IndiGo,6E 7199,2026-09-23,7,economy,,,11287.0,False,15:05,ok,2026-09-16T02:06:40.336739+05:30,2026-09-16_0206IST,airline_direct,IndiGo
MAA,DEL,6E,IndiGo,6E 561,2026-09-23,7,business,,,29711.0,False,22:20,ok,2026-09-16T02:06:40.336739+05:30,2026-09-16_0206IST,airline_direct,IndiGo
MAA,DEL,6E,IndiGo,6E 561,2026-09-23,7,economy,,,12123.0,False,22:20,ok,2026-09-16T02:06:40.336739+05:30,2026-09-16_0206IST,airline_direct,IndiGo
MAA,DEL,6E,IndiGo,6E 6326,2026-09-23,7,business,,,35819.0,False,11:45,ok,2026-09-16T02:06:40.336739+05:30,2026-09-16_0206IST,airline_direct,IndiGo
MAA,DEL,6E,IndiGo,6E 6326,2026-09-23,7,economy,,,12333.0,False,11:45,ok,2026-09-16T02:06:40.336739+05:30,2026-09-16_0206IST,airline_direct,IndiGo
MAA,DEL,6E,IndiGo,6E 6209,2026-09-23,7,economy,,,12927.0,False,14:35,ok,2026-09-16T02:06:40.336739+05:30,2026-09-16_0206IST,airline_direct,IndiGo
MAA,DEL,6E,IndiGo,6E 372,2026-09-23,7,economy,,,13129.0,False,09:55,ok,2026-09-16T02:06:40.336739+05:30,2026-09-16_0206IST,airline_direct,IndiGo
MAA,DEL,6E,IndiGo,6E 848,2026-09-23,7,economy,,,13129.0,False,17:50,ok,2026-09-16T02:06:40.336739+05:30,2026-09-16_0206IST,airline_direct,IndiGo
MAA,DEL,6E,IndiGo,6E 847,2026-09-23,7,economy,,,14139.0,False,16:15,ok,2026-09-16T02:06:40.336739+05:30,2026-09-16_0206IST,airline_direct,IndiGo
MAA,DEL,6E,IndiGo,6E 495,2026-09-23,7,economy,,,15263.0,False,07:10,ok,2026-09-16T02:06:40.336739+05:30,2026-09-16_0206IST,airline_direct,IndiGo
MAA,DEL,6E,IndiGo,6E 495,2026-09-23,7,economy,,,17023.0,False,07:10,ok,2026-09-16T02:06:40.336739+05:30,2026-09-16_0206IST,airline_direct,IndiGo
MAA,DEL,6E,IndiGo,6E 6518,2026-09-23,7,economy,,,20395.0,False,12:15,ok,2026-09-16T02:06:40.336739+05:30,2026-09-16_0206IST,airline_direct,IndiGo
MAA,DEL,6E,IndiGo,6E 401,2026-09-23,7,economy,,,23870.0,False,08:10,ok,2026-09-16T02:06:40.336739+05:30,2026-09-16_0206IST,airline_direct,IndiGo
DEL,BOM,6E,IndiGo,6E 353,2026-10-31,45,business,,,21900.0,False,03:30,ok,2026-09-16T02:07:42.094568+05:30,2026-09-16_0207IST,airline_direct,IndiGo
DEL,BOM,6E,IndiGo,6E 353,2026-10-31,45,economy,,,6546.0,False,03:30,ok,2026-09-16T02:07:42.094568+05:30,2026-09-16_0207IST,airline_direct,IndiGo
DEL,BOM,6E,IndiGo,6E 449,2026-10-31,45,business,,,21900.0,False,05:00,ok,2026-09-16T02:07:42.094568+05:30,2026-09-16_0207IST,airline_direct,IndiGo
DEL,BOM,6E,IndiGo,6E 449,2026-10-31,45,economy,,,6546.0,False,05:00,ok,2026-09-16T02:07:42.094568+05:30,2026-09-16_0207IST,airline_direct,IndiGo
DEL,BOM,6E,IndiGo,6E 6218,2026-10-31,45,business,,,21900.0,False,06:05,ok,2026-09-16T02:07:42.094568+05:30,2026-09-16_0207IST,airline_direct,IndiGo
DEL,BOM,6E,IndiGo,6E 6218,2026-10-31,45,economy,,,6546.0,False,06:05,ok,2026-09-16T02:07:42.094568+05:30,2026-09-16_0207IST,airline_direct,IndiGo
DEL,BOM,6E,IndiGo,6E 6814,2026-10-31,45,business,,,21900.0,False,07:00,ok,2026-09-16T02:07:42.094568+05:30,2026-09-16_0207IST,airline_direct,IndiGo
DEL,BOM,6E,IndiGo,6E 6814,2026-10-31,45,economy,,,6546.0,False,07:00,ok,2026-09-16T02:07:42.094568+05:30,2026-09-16_0207IST,airline_direct,IndiGo
DEL,BOM,6E,IndiGo,6E 320,2026-10-31,45,business,,,21900.0,False,08:00,ok,2026-09-16T02:07:42.094568+05:30,2026-09-16_0207IST,airline_direct,IndiGo
DEL,BOM,6E,IndiGo,6E 320,2026-10-31,45,economy,,,6546.0,False,08:00,ok,2026-09-16T02:07:42.094568+05:30,2026-09-16_0207IST,airline_direct,IndiGo
DEL,BOM,6E,IndiGo,6E 675,2026-10-31,45,business,,,21900.0,False,08:45,ok,2026-09-16T02:07:42.094568+05:30,2026-09-16_0207IST,airline_direct,IndiGo
DEL,BOM,6E,IndiGo,6E 675,2026-10-31,45,economy,,,6546.0,False,08:45,ok,2026-09-16T02:07:42.094568+05:30,2026-09-16_0207IST,airline_direct,IndiGo
DEL,BOM,6E,IndiGo,6E 6107,2026-10-31,45,business,,,21900.0,False,09:30,ok,2026-09-16T02:07:42.094568+05:30,2026-09-16_0207IST,airline_direct,IndiGo
DEL,BOM,6E,IndiGo,6E 6107,2026-10-31,45,economy,,,6546.0,False,09:30,ok,2026-09-16T02:07:42.094568+05:30,2026-09-16_0207IST,airline_direct,IndiGo
DEL,BOM,6E,IndiGo,6E 6328,2026-10-31,45,business,,,21900.0,False,10:15,ok,2026-09-16T02:07:42.094568+05:30,2026-09-16_0207IST,airline_direct,IndiGo
DEL,BOM,6E,IndiGo,6E 6328,2026-10-31,45,economy,,,6546.0,False,10:15,ok,2026-09-16T02:07:42.094568+05:30,2026-09-16_0207IST,airline_direct,IndiGo
DEL,BOM,6E,IndiGo,6E 6047,2026-10-31,45,business,,,21900.0,False,11:00,ok,2026-09-16T02:07:42.094568+05:30,2026-09-16_0207IST,airline_direct,IndiGo
DEL,BOM,6E,IndiGo,6E 6047,2026-10-31,45,economy,,,6546.0,False,11:00,ok,2026-09-16T02:07:42.094568+05:30,2026-09-16_0207IST,airline_direct,IndiGo
DEL,BOM,6E,IndiGo,6E 6051,2026-10-31,45,business,,,21900.0,False,11:45,ok,2026-09-16T02:07:42.094568+05:30,2026-09-16_0207IST,airline_direct,IndiGo
DEL,BOM,6E,IndiGo,6E 6051,2026-10-31,45,economy,,,6546.0,False,11:45,ok,2026-09-16T02:07:42.094568+05:30,2026-09-16_0207IST,airline_direct,IndiGo
DEL,BOM,6E,IndiGo,6E 6676,2026-10-31,45,business,,,21900.0,False,12:30,ok,2026-09-16T02:07:42.094568+05:30,2026-09-16_0207IST,airline_direct,IndiGo
DEL,BOM,6E,IndiGo,6E 6676,2026-10-31,45,economy,,,6546.0,False,12:30,ok,2026-09-16T02:07:42.094568+05:30,2026-09-16_0207IST,airline_direct,IndiGo
DEL,BOM,6E,IndiGo,6E 324,2026-10-31,45,business,,,21900.0,False,13:15,ok,2026-09-16T02:07:42.094568+05:30,2026-09-16_0207IST,airline_direct,IndiGo
DEL,BOM,6E,IndiGo,6E 324,2026-10-31,45,economy,,,6546.0,False,13:15,ok,2026-09-16T02:07:42.094568+05:30,2026-09-16_0207IST,airline_direct,IndiGo
DEL,BOM,6E,IndiGo,6E 6022,2026-10-31,45,business,,,21900.0,False,14:00,ok,2026-09-16T02:07:42.094568+05:30,2026-09-16_0207IST,airline_direct,IndiGo
DEL,BOM,6E,IndiGo,6E 6022,2026-10-31,45,economy,,,6546.0,False,14:00,ok,2026-09-16T02:07:42.094568+05:30,2026-09-16_0207IST,airline_direct,IndiGo
DEL,BOM,6E,IndiGo,6E 6318,2026-10-31,45,business,,,21900.0,False,14:45,ok,2026-09-16T02:07:42.094568+05:30,2026-09-16_0207IST,airline_direct,IndiGo
DEL,BOM,6E,IndiGo,6E 6318,2026-10-31,45,economy,,,6546.0,False,14:45,ok,2026-09-16T02:07:42.094568+05:30,2026-09-16_0207IST,airline_direct,IndiGo
DEL,BOM,6E,IndiGo,6E 864,2026-10-31,45,business,,,21900.0,False,15:30,ok,2026-09-16T02:07:42.094568+05:30,2026-09-16_0207IST,airline_direct,IndiGo
DEL,BOM,6E,IndiGo,6E 864,2026-10-31,45,economy,,,6546.0,False,15:30,ok,2026-09-16T02:07:42.094568+05:30,2026-09-16_0207IST,airline_direct,IndiGo
DEL,BOM,6E,IndiGo,6E 327,2026-10-31,45,business,,,21900.0,False,16:15,ok,2026-09-16T02:07:42.094568+05:30,2026-09-16_0207IST,airline_direct,IndiGo
DEL,BOM,6E,IndiGo,6E 327,2026-10-31,45,economy,,,6546.0,False,16:15,ok,2026-09-16T02:07:42.094568+05:30,2026-09-16_0207IST,airline_direct,IndiGo
DEL,BOM,6E,IndiGo,6E 6706,2026-10-31,45,business,,,21900.0,False,17:00,ok,2026-09-16T02:07:42.094568+05:30,2026-09-16_0207IST,airline_direct,IndiGo
DEL,BOM,6E,IndiGo,6E 6706,2026-10-31,45,economy,,,6546.0,False,17:00,ok,2026-09-16T02:07:42.094568+05:30,2026-09-16_0207IST,airline_direct,IndiGo
DEL,BOM,6E,IndiGo,6E 328,2026-10-31,45,business,,,21900.0,False,17:45,ok,2026-09-16T02:07:42.094568+05:30,2026-09-16_0207IST,airline_direct,IndiGo
DEL,BOM,6E,IndiGo,6E 328,2026-10-31,45,economy,,,6546.0,False,17:45,ok,2026-09-16T02:07:42.094568+05:30,2026-09-16_0207IST,airline_direct,IndiGo
DEL,BOM,6E,IndiGo,6E 329,2026-10-31,45,business,,,21900.0,False,18:30,ok,2026-09-16T02:07:42.094568+05:30,2026-09-16_0207IST,airline_direct,IndiGo
DEL,BOM,6E,IndiGo,6E 329,2026-10-31,45,economy,,,6546.0,False,18:30,ok,2026-09-16T02:07:42.094568+05:30,2026-09-16_0207IST,airline_direct,IndiGo
DEL,BOM,6E,IndiGo,6E 354,2026-10-31,45,business,,,21900.0,False,19:15,ok,2026-09-16T02:07:42.094568+05:30,2026-09-16_0207IST,airline_direct,IndiGo
DEL,BOM,6E,IndiGo,6E 354,2026-10-31,45,economy,,,6546.0,False,19:15,ok,2026-09-16T02:07:42.094568+05:30,2026-09-16_0207IST,airline_direct,IndiGo
DEL,BOM,6E,IndiGo,6E 303,2026-10-31,45,business,,,21900.0,False,20:00,ok,2026-09-16T02:07:42.094568+05:30,2026-09-16_0207IST,airline_direct,IndiGo
DEL,BOM,6E,IndiGo,6E 303,2026-10-31,45,economy,,,6546.0,False,20:00,ok,2026-09-16T02:07:42.094568+05:30,2026-09-16_0207IST,airline_direct,IndiGo
DEL,BOM,6E,IndiGo,6E 853,2026-10-31,45,business,,,21900.0,False,21:00,ok,2026-09-16T02:07:42.094568+05:30,2026-09-16_0207IST,airline_direct,IndiGo
DEL,BOM,6E,IndiGo,6E 853,2026-10-31,45,economy,,,6546.0,False,21:00,ok,2026-09-16T02:07:42.094568+05:30,2026-09-16_0207IST,airline_direct,IndiGo
DEL,BOM,6E,IndiGo,6E 395,2026-10-31,45,business,,,21900.0,False,22:00,ok,2026-09-16T02:07:42.094568+05:30,2026-09-16_0207IST,airline_direct,IndiGo
DEL,BOM,6E,IndiGo,6E 395,2026-10-31,45,economy,,,6546.0,False,22:00,ok,2026-09-16T02:07:42.094568+05:30,2026-09-16_0207IST,airline_direct,IndiGo
DEL,BOM,6E,IndiGo,6E 6114,2026-10-31,45,business,,,21900.0,False,23:00,ok,2026-09-16T02:07:42.094568+05:30,2026-09-16_0207IST,airline_direct,IndiGo
DEL,BOM,6E,IndiGo,6E 6114,2026-10-31,45,economy,,,6546.0,False,23:00,ok,2026-09-16T02:07:42.094568+05:30,2026-09-16_0207IST,airline_direct,IndiGo
DEL,BOM,6E,IndiGo,6E 2105,2026-10-31,45,economy,,,6618.0,False,05:10,ok,2026-09-16T02:07:42.094568+05:30,2026-09-16_0207IST,airline_direct,IndiGo
DEL,BOM,6E,IndiGo,6E 2164,2026-10-31,45,economy,,,6618.0,False,07:05,ok,2026-09-16T02:07:42.094568+05:30,2026-09-16_0207IST,airline_direct,IndiGo
DEL,BOM,6E,IndiGo,6E 6878,2026-10-31,45,economy,,,6618.0,False,07:30,ok,2026-09-16T02:07:42.094568+05:30,2026-09-16_0207IST,airline_direct,IndiGo
DEL,BOM,6E,IndiGo,6E 6868,2026-10-31,45,economy,,,6618.0,False,12:20,ok,2026-09-16T02:07:42.094568+05:30,2026-09-16_0207IST,airline_direct,IndiGo
DEL,BOM,6E,IndiGo,6E 6787,2026-10-31,45,economy,,,6618.0,False,14:40,ok,2026-09-16T02:07:42.094568+05:30,2026-09-16_0207IST,airline_direct,IndiGo
DEL,BOM,6E,IndiGo,6E 6787,2026-10-31,45,economy,,,6618.0,False,14:40,ok,2026-09-16T02:07:42.094568+05:30,2026-09-16_0207IST,airline_direct,IndiGo
DEL,BOM,6E,IndiGo,6E 6569,2026-10-31,45,economy,,,6750.0,False,06:05,ok,2026-09-16T02:07:42.094568+05:30,2026-09-16_0207IST,airline_direct,IndiGo
DEL,BOM,6E,IndiGo,6E 6488,2026-10-31,45,economy,,,6750.0,False,12:05,ok,2026-09-16T02:07:42.094568+05:30,2026-09-16_0207IST,airline_direct,IndiGo
DEL,BOM,6E,IndiGo,6E 428,2026-10-31,45,economy,,,6750.0,False,16:45,ok,2026-09-16T02:07:42.094568+05:30,2026-09-16_0207IST,airline_direct,IndiGo
DEL,BOM,6E,IndiGo,6E 5375,2026-10-31,45,economy,,,6828.0,False,07:25,ok,2026-09-16T02:07:42.094568+05:30,2026-09-16_0207IST,airline_direct,IndiGo
DEL,BOM,6E,IndiGo,6E 6699,2026-10-31,45,economy,,,6828.0,False,10:15,ok,2026-09-16T02:07:42.094568+05:30,2026-09-16_0207IST,airline_direct,IndiGo
DEL,BOM,6E,IndiGo,6E 2147,2026-10-31,45,economy,,,6828.0,False,11:25,ok,2026-09-16T02:07:42.094568+05:30,2026-09-16_0207IST,airline_direct,IndiGo
DEL,BOM,6E,IndiGo,6E 6808,2026-10-31,45,economy,,,6828.0,False,13:25,ok,2026-09-16T02:07:42.094568+05:30,2026-09-16_0207IST,airline_direct,IndiGo
DEL,BOM,6E,IndiGo,6E 717,2026-10-31,45,business,,,29617.0,False,18:15,ok,2026-09-16T02:07:42.094568+05:30,2026-09-16_0207IST,airline_direct,IndiGo
DEL,BOM,6E,IndiGo,6E 717,2026-10-31,45,economy,,,6960.0,False,18:15,ok,2026-09-16T02:07:42.094568+05:30,2026-09-16_0207IST,airline_direct,IndiGo
DEL,BOM,6E,IndiGo,6E 717,2026-10-31,45,business,,,29617.0,False,18:15,ok,2026-09-16T02:07:42.094568+05:30,2026-09-16_0207IST,airline_direct,IndiGo
DEL,BOM,6E,IndiGo,6E 717,2026-10-31,45,economy,,,6960.0,False,18:15,ok,2026-09-16T02:07:42.094568+05:30,2026-09-16_0207IST,airline_direct,IndiGo
DEL,BOM,6E,IndiGo,6E 6601,2026-10-31,45,business,,,29617.0,False,19:45,ok,2026-09-16T02:07:42.094568+05:30,2026-09-16_0207IST,airline_direct,IndiGo
DEL,BOM,6E,IndiGo,6E 6601,2026-10-31,45,economy,,,6960.0,False,19:45,ok,2026-09-16T02:07:42.094568+05:30,2026-09-16_0207IST,airline_direct,IndiGo
DEL,BOM,6E,IndiGo,6E 6220,2026-10-31,45,economy,,,7142.0,False,05:00,ok,2026-09-16T02:07:42.094568+05:30,2026-09-16_0207IST,airline_direct,IndiGo
DEL,BOM,6E,IndiGo,6E 5252,2026-10-31,45,economy,,,7142.0,False,05:30,ok,2026-09-16T02:07:42.094568+05:30,2026-09-16_0207IST,airline_direct,IndiGo
DEL,BOM,6E,IndiGo,6E 931,2026-10-31,45,economy,,,7142.0,False,19:35,ok,2026-09-16T02:07:42.094568+05:30,2026-09-16_0207IST,airline_direct,IndiGo
DEL,BOM,6E,IndiGo,6E 2013,2026-10-31,45,economy,,,7142.0,False,21:55,ok,2026-09-16T02:07:42.094568+05:30,2026-09-16_0207IST,airline_direct,IndiGo
DEL,BOM,6E,IndiGo,6E 6004,2026-10-31,45,economy,,,7274.0,False,05:10,ok,2026-09-16T02:07:42.094568+05:30,2026-09-16_0207IST,airline_direct,IndiGo
DEL,BOM,6E,IndiGo,6E 2402,2026-10-31,45,economy,,,7274.0,False,06:30,ok,2026-09-16T02:07:42.094568+05:30,2026-09-16_0207IST,airline_direct,IndiGo
DEL,BOM,6E,IndiGo,6E 6656,2026-10-31,45,economy,,,7274.0,False,14:00,ok,2026-09-16T02:07:42.094568+05:30,2026-09-16_0207IST,airline_direct,IndiGo
DEL,BOM,6E,IndiGo,6E 6656,2026-10-31,45,economy,,,7274.0,False,14:00,ok,2026-09-16T02:07:42.094568+05:30,2026-09-16_0207IST,airline_direct,IndiGo
DEL,BOM,6E,IndiGo,6E 2150,2026-10-31,45,business,,,35317.0,False,17:05,ok,2026-09-16T02:07:42.094568+05:30,2026-09-16_0207IST,airline_direct,IndiGo
DEL,BOM,6E,IndiGo,6E 2150,2026-10-31,45,economy,,,7562.0,False,17:05,ok,2026-09-16T02:07:42.094568+05:30,2026-09-16_0207IST,airline_direct,IndiGo
DEL,BOM,6E,IndiGo,6E 907,2026-10-31,45,economy,,,7718.0,False,10:00,ok,2026-09-16T02:07:42.094568+05:30,2026-09-16_0207IST,airline_direct,IndiGo
DEL,BOM,6E,IndiGo,6E 907,2026-10-31,45,economy,,,7718.0,False,10:00,ok,2026-09-16T02:07:42.094568+05:30,2026-09-16_0207IST,airline_direct,IndiGo
DEL,BOM,6E,IndiGo,6E 704,2026-10-31,45,business,,,29617.0,False,02:25,ok,2026-09-16T02:07:42.094568+05:30,2026-09-16_0207IST,airline_direct,IndiGo
DEL,BOM,6E,IndiGo,6E 704,2026-10-31,45,economy,,,8692.0,False,02:25,ok,2026-09-16T02:07:42.094568+05:30,2026-09-16_0207IST,airline_direct,IndiGo
DEL,BOM,6E,IndiGo,6E 704,2026-10-31,45,business,,,29617.0,False,02:25,ok,2026-09-16T02:07:42.094568+05:30,2026-09-16_0207IST,airline_direct,IndiGo
DEL,BOM,6E,IndiGo,6E 704,2026-10-31,45,economy,,,8692.0,False,02:25,ok,2026-09-16T02:07:42.094568+05:30,2026-09-16_0207IST,airline_direct,IndiGo
DEL,BOM,6E,IndiGo,6E 2303,2026-10-31,45,business,,,29617.0,False,05:15,ok,2026-09-16T02:07:42.094568+05:30,2026-09-16_0207IST,airline_direct,IndiGo
DEL,BOM,6E,IndiGo,6E 2303,2026-10-31,45,economy,,,8692.0,False,05:15,ok,2026-09-16T02:07:42.094568+05:30,2026-09-16_0207IST,airline_direct,IndiGo
DEL,BOM,6E,IndiGo,6E 705,2026-10-31,45,business,,,29617.0,False,08:30,ok,2026-09-16T02:07:42.094568+05:30,2026-09-16_0207IST,airline_direct,IndiGo
DEL,BOM,6E,IndiGo,6E 705,2026-10-31,45,economy,,,8692.0,False,08:30,ok,2026-09-16T02:07:42.094568+05:30,2026-09-16_0207IST,airline_direct,IndiGo
DEL,BOM,6E,IndiGo,6E 6293,2026-10-31,45,business,,,29617.0,False,10:00,ok,2026-09-16T02:07:42.094568+05:30,2026-09-16_0207IST,airline_direct,IndiGo
DEL,BOM,6E,IndiGo,6E 6293,2026-10-31,45,economy,,,8692.0,False,10:00,ok,2026-09-16T02:07:42.094568+05:30,2026-09-16_0207IST,airline_direct,IndiGo
DEL,BOM,6E,IndiGo,6E 6212,2026-10-31,45,business,,,29617.0,False,14:50,ok,2026-09-16T02:07:42.094568+05:30,2026-09-16_0207IST,airline_direct,IndiGo
DEL,BOM,6E,IndiGo,6E 6212,2026-10-31,45,economy,,,8692.0,False,14:50,ok,2026-09-16T02:07:42.094568+05:30,2026-09-16_0207IST,airline_direct,IndiGo
DEL,BOM,6E,IndiGo,6E 5058,2026-10-31,45,business,,,29617.0,False,13:30,ok,2026-09-16T02:07:42.094568+05:30,2026-09-16_0207IST,airline_direct,IndiGo
DEL,BOM,6E,IndiGo,6E 5058,2026-10-31,45,economy,,,9388.0,False,13:30,ok,2026-09-16T02:07:42.094568+05:30,2026-09-16_0207IST,airline_direct,IndiGo
DEL,BOM,6E,IndiGo,6E 2250,2026-10-31,45,economy,,,9388.0,False,18:10,ok,2026-09-16T02:07:42.094568+05:30,2026-09-16_0207IST,airline_direct,IndiGo
DEL,BOM,6E,IndiGo,6E 2298,2026-10-31,45,economy,,,9812.0,False,11:05,ok,2026-09-16T02:07:42.094568+05:30,2026-09-16_0207IST,airline_direct,IndiGo
DEL,BOM,6E,IndiGo,6E 2289,2026-10-31,45,economy,,,9812.0,False,17:05,ok,2026-09-16T02:07:42.094568+05:30,2026-09-16_0207IST,airline_direct,IndiGo
DEL,BOM,6E,IndiGo,6E 5225,2026-10-31,45,economy,,,10022.0,False,15:45,ok,2026-09-16T02:07:42.094568+05:30,2026-09-16_0207IST,airline_direct,IndiGo
DEL,BOM,6E,IndiGo,6E 6050,2026-10-31,45,economy,,,10964.0,False,09:20,ok,2026-09-16T02:07:42.094568+05:30,2026-09-16_0207IST,airline_direct,IndiGo
DEL,BOM,6E,IndiGo,6E 5025,2026-10-31,45,economy,,,12673.0,False,09:20,ok,2026-09-16T02:07:42.094568+05:30,2026-09-16_0207IST,airline_direct,IndiGo
DEL,BOM,6E,IndiGo,6E 358,2026-10-31,45,business,,,35047.0,False,11:55,ok,2026-09-16T02:07:42.094568+05:30,2026-09-16_0207IST,airline_direct,IndiGo
DEL,BOM,6E,IndiGo,6E 358,2026-10-31,45,economy,,,15359.0,False,11:55,ok,2026-09-16T02:07:42.094568+05:30,2026-09-16_0207IST,airline_direct,IndiGo
DEL,BLR,6E,IndiGo,6E 820,2026-10-31,45,business,,,26048.0,False,02:45,ok,2026-09-16T02:08:51.870211+05:30,2026-09-16_0208IST,airline_direct,IndiGo
DEL,BLR,6E,IndiGo,6E 820,2026-10-31,45,economy,,,9890.0,False,02:45,ok,2026-09-16T02:08:51.870211+05:30,2026-09-16_0208IST,airline_direct,IndiGo
DEL,BLR,6E,IndiGo,6E 2314,2026-10-31,45,business,,,26048.0,False,05:45,ok,2026-09-16T02:08:51.870211+05:30,2026-09-16_0208IST,airline_direct,IndiGo
DEL,BLR,6E,IndiGo,6E 2314,2026-10-31,45,economy,,,9890.0,False,05:45,ok,2026-09-16T02:08:51.870211+05:30,2026-09-16_0208IST,airline_direct,IndiGo
DEL,BLR,6E,IndiGo,6E 810,2026-10-31,45,business,,,26048.0,False,06:45,ok,2026-09-16T02:08:51.870211+05:30,2026-09-16_0208IST,airline_direct,IndiGo
DEL,BLR,6E,IndiGo,6E 810,2026-10-31,45,economy,,,9890.0,False,06:45,ok,2026-09-16T02:08:51.870211+05:30,2026-09-16_0208IST,airline_direct,IndiGo
DEL,BLR,6E,IndiGo,6E 873,2026-10-31,45,business,,,26048.0,False,08:15,ok,2026-09-16T02:08:51.870211+05:30,2026-09-16_0208IST,airline_direct,IndiGo
DEL,BLR,6E,IndiGo,6E 873,2026-10-31,45,economy,,,9890.0,False,08:15,ok,2026-09-16T02:08:51.870211+05:30,2026-09-16_0208IST,airline_direct,IndiGo
DEL,BLR,6E,IndiGo,6E 826,2026-10-31,45,business,,,26048.0,False,09:30,ok,2026-09-16T02:08:51.870211+05:30,2026-09-16_0208IST,airline_direct,IndiGo
DEL,BLR,6E,IndiGo,6E 826,2026-10-31,45,economy,,,9890.0,False,09:30,ok,2026-09-16T02:08:51.870211+05:30,2026-09-16_0208IST,airline_direct,IndiGo
DEL,BLR,6E,IndiGo,6E 842,2026-10-31,45,business,,,26048.0,False,10:45,ok,2026-09-16T02:08:51.870211+05:30,2026-09-16_0208IST,airline_direct,IndiGo
DEL,BLR,6E,IndiGo,6E 842,2026-10-31,45,economy,,,9890.0,False,10:45,ok,2026-09-16T02:08:51.870211+05:30,2026-09-16_0208IST,airline_direct,IndiGo
DEL,BLR,6E,IndiGo,6E 850,2026-10-31,45,business,,,26048.0,False,12:00,ok,2026-09-16T02:08:51.870211+05:30,2026-09-16_0208IST,airline_direct,IndiGo
DEL,BLR,6E,IndiGo,6E 850,2026-10-31,45,economy,,,9890.0,False,12:00,ok,2026-09-16T02:08:51.870211+05:30,2026-09-16_0208IST,airline_direct,IndiGo
DEL,BLR,6E,IndiGo,6E 2329,2026-10-31,45,business,,,26048.0,False,14:30,ok,2026-09-16T02:08:51.870211+05:30,2026-09-16_0208IST,airline_direct,IndiGo
DEL,BLR,6E,IndiGo,6E 2329,2026-10-31,45,economy,,,9890.0,False,14:30,ok,2026-09-16T02:08:51.870211+05:30,2026-09-16_0208IST,airline_direct,IndiGo
DEL,BLR,6E,IndiGo,6E 880,2026-10-31,45,business,,,26048.0,False,15:45,ok,2026-09-16T02:08:51.870211+05:30,2026-09-16_0208IST,airline_direct,IndiGo
DEL,BLR,6E,IndiGo,6E 880,2026-10-31,45,economy,,,9890.0,False,15:45,ok,2026-09-16T02:08:51.870211+05:30,2026-09-16_0208IST,airline_direct,IndiGo
DEL,BLR,6E,IndiGo,6E 837,2026-10-31,45,business,,,26048.0,False,17:00,ok,2026-09-16T02:08:51.870211+05:30,2026-09-16_0208IST,airline_direct,IndiGo
DEL,BLR,6E,IndiGo,6E 837,2026-10-31,45,economy,,,9890.0,False,17:00,ok,2026-09-16T02:08:51.870211+05:30,2026-09-16_0208IST,airline_direct,IndiGo
DEL,BLR,6E,IndiGo,6E 6515,2026-10-31,45,business,,,26048.0,False,20:45,ok,2026-09-16T02:08:51.870211+05:30,2026-09-16_0208IST,airline_direct,IndiGo
DEL,BLR,6E,IndiGo,6E 6515,2026-10-31,45,economy,,,9890.0,False,20:45,ok,2026-09-16T02:08:51.870211+05:30,2026-09-16_0208IST,airline_direct,IndiGo
DEL,BLR,6E,IndiGo,6E 811,2026-10-31,45,business,,,26048.0,False,18:15,ok,2026-09-16T02:08:51.870211+05:30,2026-09-16_0208IST,airline_direct,IndiGo
DEL,BLR,6E,IndiGo,6E 811,2026-10-31,45,economy,,,10192.0,False,18:15,ok,2026-09-16T02:08:51.870211+05:30,2026-09-16_0208IST,airline_direct,IndiGo
DEL,BLR,6E,IndiGo,6E 861,2026-10-31,45,business,,,26048.0,False,19:30,ok,2026-09-16T02:08:51.870211+05:30,2026-09-16_0208IST,airline_direct,IndiGo
DEL,BLR,6E,IndiGo,6E 861,2026-10-31,45,economy,,,10192.0,False,19:30,ok,2026-09-16T02:08:51.870211+05:30,2026-09-16_0208IST,airline_direct,IndiGo
DEL,BLR,6E,IndiGo,6E 846,2026-10-31,45,business,,,26048.0,False,22:00,ok,2026-09-16T02:08:51.870211+05:30,2026-09-16_0208IST,airline_direct,IndiGo
DEL,BLR,6E,IndiGo,6E 846,2026-10-31,45,economy,,,10192.0,False,22:00,ok,2026-09-16T02:08:51.870211+05:30,2026-09-16_0208IST,airline_direct,IndiGo
DEL,BLR,6E,IndiGo,6E 871,2026-10-31,45,business,,,26048.0,False,23:30,ok,2026-09-16T02:08:51.870211+05:30,2026-09-16_0208IST,airline_direct,IndiGo
DEL,BLR,6E,IndiGo,6E 871,2026-10-31,45,economy,,,10192.0,False,23:30,ok,2026-09-16T02:08:51.870211+05:30,2026-09-16_0208IST,airline_direct,IndiGo
DEL,BLR,6E,IndiGo,6E 176,2026-10-31,45,business,,,26048.0,False,13:15,ok,2026-09-16T02:08:51.870211+05:30,2026-09-16_0208IST,airline_direct,IndiGo
DEL,BLR,6E,IndiGo,6E 176,2026-10-31,45,economy,,,10669.0,False,13:15,ok,2026-09-16T02:08:51.870211+05:30,2026-09-16_0208IST,airline_direct,IndiGo
DEL,BLR,6E,IndiGo,6E 2402,2026-10-31,45,economy,,,9867.0,False,06:30,ok,2026-09-16T02:08:51.870211+05:30,2026-09-16_0208IST,airline_direct,IndiGo
DEL,BLR,6E,IndiGo,6E 5116,2026-10-31,45,economy,,,9867.0,False,17:15,ok,2026-09-16T02:08:51.870211+05:30,2026-09-16_0208IST,airline_direct,IndiGo
DEL,BLR,6E,IndiGo,6E 2177,2026-10-31,45,economy,,,9867.0,False,18:50,ok,2026-09-16T02:08:51.870211+05:30,2026-09-16_0208IST,airline_direct,IndiGo
DEL,BLR,6E,IndiGo,6E 704,2026-10-31,45,business,,,24542.0,False,02:25,ok,2026-09-16T02:08:51.870211+05:30,2026-09-16_0208IST,airline_direct,IndiGo
DEL,BLR,6E,IndiGo,6E 704,2026-10-31,45,economy,,,9946.0,False,02:25,ok,2026-09-16T02:08:51.870211+05:30,2026-09-16_0208IST,airline_direct,IndiGo
DEL,BLR,6E,IndiGo,6E 2303,2026-10-31,45,business,,,24908.0,False,05:15,ok,2026-09-16T02:08:51.870211+05:30,2026-09-16_0208IST,airline_direct,IndiGo
DEL,BLR,6E,IndiGo,6E 2303,2026-10-31,45,economy,,,9946.0,False,05:15,ok,2026-09-16T02:08:51.870211+05:30,2026-09-16_0208IST,airline_direct,IndiGo
DEL,BLR,6E,IndiGo,6E 6293,2026-10-31,45,business,,,26251.0,False,10:00,ok,2026-09-16T02:08:51.870211+05:30,2026-09-16_0208IST,airline_direct,IndiGo
DEL,BLR,6E,IndiGo,6E 6293,2026-10-31,45,economy,,,9946.0,False,10:00,ok,2026-09-16T02:08:51.870211+05:30,2026-09-16_0208IST,airline_direct,IndiGo
DEL,BLR,6E,IndiGo,6E 6293,2026-10-31,45,business,,,25312.0,False,10:00,ok,2026-09-16T02:08:51.870211+05:30,2026-09-16_0208IST,airline_direct,IndiGo
DEL,BLR,6E,IndiGo,6E 6293,2026-10-31,45,economy,,,9946.0,False,10:00,ok,2026-09-16T02:08:51.870211+05:30,2026-09-16_0208IST,airline_direct,IndiGo
DEL,BLR,6E,IndiGo,6E 5058,2026-10-31,45,business,,,25759.0,False,13:30,ok,2026-09-16T02:08:51.870211+05:30,2026-09-16_0208IST,airline_direct,IndiGo
DEL,BLR,6E,IndiGo,6E 5058,2026-10-31,45,economy,,,9946.0,False,13:30,ok,2026-09-16T02:08:51.870211+05:30,2026-09-16_0208IST,airline_direct,IndiGo
DEL,BLR,6E,IndiGo,6E 6212,2026-10-31,45,business,,,25312.0,False,14:50,ok,2026-09-16T02:08:51.870211+05:30,2026-09-16_0208IST,airline_direct,IndiGo
DEL,BLR,6E,IndiGo,6E 6212,2026-10-31,45,economy,,,9946.0,False,14:50,ok,2026-09-16T02:08:51.870211+05:30,2026-09-16_0208IST,airline_direct,IndiGo
DEL,BLR,6E,IndiGo,6E 6217,2026-10-31,45,business,,,25312.0,False,16:15,ok,2026-09-16T02:08:51.870211+05:30,2026-09-16_0208IST,airline_direct,IndiGo
DEL,BLR,6E,IndiGo,6E 6217,2026-10-31,45,economy,,,9946.0,False,16:15,ok,2026-09-16T02:08:51.870211+05:30,2026-09-16_0208IST,airline_direct,IndiGo
DEL,BLR,6E,IndiGo,6E 6217,2026-10-31,45,business,,,25312.0,False,16:15,ok,2026-09-16T02:08:51.870211+05:30,2026-09-16_0208IST,airline_direct,IndiGo
DEL,BLR,6E,IndiGo,6E 6217,2026-10-31,45,economy,,,9946.0,False,16:15,ok,2026-09-16T02:08:51.870211+05:30,2026-09-16_0208IST,airline_direct,IndiGo
DEL,BLR,6E,IndiGo,6E 717,2026-10-31,45,business,,,24908.0,False,18:15,ok,2026-09-16T02:08:51.870211+05:30,2026-09-16_0208IST,airline_direct,IndiGo
DEL,BLR,6E,IndiGo,6E 717,2026-10-31,45,economy,,,9946.0,False,18:15,ok,2026-09-16T02:08:51.870211+05:30,2026-09-16_0208IST,airline_direct,IndiGo
DEL,BLR,6E,IndiGo,6E 2343,2026-10-31,45,business,,,30324.0,False,02:15,ok,2026-09-16T02:08:51.870211+05:30,2026-09-16_0208IST,airline_direct,IndiGo
DEL,BLR,6E,IndiGo,6E 2343,2026-10-31,45,economy,,,10077.0,False,02:15,ok,2026-09-16T02:08:51.870211+05:30,2026-09-16_0208IST,airline_direct,IndiGo
DEL,BLR,6E,IndiGo,6E 6446,2026-10-31,45,economy,,,10077.0,False,05:05,ok,2026-09-16T02:08:51.870211+05:30,2026-09-16_0208IST,airline_direct,IndiGo
DEL,BLR,6E,IndiGo,6E 2105,2026-10-31,45,economy,,,10077.0,False,05:10,ok,2026-09-16T02:08:51.870211+05:30,2026-09-16_0208IST,airline_direct,IndiGo
DEL,BLR,6E,IndiGo,6E 637,2026-10-31,45,economy,,,10077.0,False,07:05,ok,2026-09-16T02:08:51.870211+05:30,2026-09-16_0208IST,airline_direct,IndiGo
DEL,BLR,6E,IndiGo,6E 6878,2026-10-31,45,economy,,,10077.0,False,07:30,ok,2026-09-16T02:08:51.870211+05:30,2026-09-16_0208IST,airline_direct,IndiGo
DEL,BLR,6E,IndiGo,6E 6488,2026-10-31,45,economy,,,10077.0,False,12:05,ok,2026-09-16T02:08:51.870211+05:30,2026-09-16_0208IST,airline_direct,IndiGo
DEL,BLR,6E,IndiGo,6E 6868,2026-10-31,45,economy,,,10077.0,False,12:20,ok,2026-09-16T02:08:51.870211+05:30,2026-09-16_0208IST,airline_direct,IndiGo
DEL,BLR,6E,IndiGo,6E 395,2026-10-31,45,business,,,34636.0,False,22:00,ok,2026-09-16T02:08:51.870211+05:30,2026-09-16_0208IST,airline_direct,IndiGo
DEL,BLR,6E,IndiGo,6E 395,2026-10-31,45,economy,,,10077.0,False,22:00,ok,2026-09-16T02:08:51.870211+05:30,2026-09-16_0208IST,airline_direct,IndiGo
DEL,BLR,6E,IndiGo,6E 933,2026-10-31,45,business,,,28318.0,False,02:10,ok,2026-09-16T02:08:51.870211+05:30,2026-09-16_0208IST,airline_direct,IndiGo
DEL,BLR,6E,IndiGo,6E 933,2026-10-31,45,economy,,,10156.0,False,02:10,ok,2026-09-16T02:08:51.870211+05:30,2026-09-16_0208IST,airline_direct,IndiGo
DEL,BLR,6E,IndiGo,6E 976,2026-10-31,45,business,,,28318.0,False,06:30,ok,2026-09-16T02:08:51.870211+05:30,2026-09-16_0208IST,airline_direct,IndiGo
DEL,BLR,6E,IndiGo,6E 976,2026-10-31,45,economy,,,10156.0,False,06:30,ok,2026-09-16T02:08:51.870211+05:30,2026-09-16_0208IST,airline_direct,IndiGo
DEL,BLR,6E,IndiGo,6E 434,2026-10-31,45,business,,,28318.0,False,10:40,ok,2026-09-16T02:08:51.870211+05:30,2026-09-16_0208IST,airline_direct,IndiGo
DEL,BLR,6E,IndiGo,6E 434,2026-10-31,45,economy,,,10156.0,False,10:40,ok,2026-09-16T02:08:51.870211+05:30,2026-09-16_0208IST,airline_direct,IndiGo
DEL,BLR,6E,IndiGo,6E 6115,2026-10-31,45,business,,,30948.0,False,13:00,ok,2026-09-16T02:08:51.870211+05:30,2026-09-16_0208IST,airline_direct,IndiGo
DEL,BLR,6E,IndiGo,6E 6115,2026-10-31,45,economy,,,10156.0,False,13:00,ok,2026-09-16T02:08:51.870211+05:30,2026-09-16_0208IST,airline_direct,IndiGo
DEL,BLR,6E,IndiGo,6E 6091,2026-10-31,45,business,,,28318.0,False,15:00,ok,2026-09-16T02:08:51.870211+05:30,2026-09-16_0208IST,airline_direct,IndiGo
DEL,BLR,6E,IndiGo,6E 6091,2026-10-31,45,economy,,,10156.0,False,15:00,ok,2026-09-16T02:08:51.870211+05:30,2026-09-16_0208IST,airline_direct,IndiGo
DEL,BLR,6E,IndiGo,6E 6076,2026-10-31,45,economy,,,10156.0,False,15:45,ok,2026-09-16T02:08:51.870211+05:30,2026-09-16_0208IST,airline_direct,IndiGo
DEL,BLR,6E,IndiGo,6E 2336,2026-10-31,45,business,,,30402.0,False,16:15,ok,2026-09-16T02:08:51.870211+05:30,2026-09-16_0208IST,airline_direct,IndiGo
DEL,BLR,6E,IndiGo,6E 2336,2026-10-31,45,economy,,,10156.0,False,16:15,ok,2026-09-16T02:08:51.870211+05:30,2026-09-16_0208IST,airline_direct,IndiGo
DEL,BLR,6E,IndiGo,6E 2150,2026-10-31,45,business,,,34227.0,False,17:05,ok,2026-09-16T02:08:51.870211+05:30,2026-09-16_0208IST,airline_direct,IndiGo
DEL,BLR,6E,IndiGo,6E 2150,2026-10-31,45,economy,,,10156.0,False,17:05,ok,2026-09-16T02:08:51.870211+05:30,2026-09-16_0208IST,airline_direct,IndiGo
DEL,BLR,6E,IndiGo,6E 2140,2026-10-31,45,economy,,,10156.0,False,17:30,ok,2026-09-16T02:08:51.870211+05:30,2026-09-16_0208IST,airline_direct,IndiGo
DEL,BLR,6E,IndiGo,6E 6131,2026-10-31,45,economy,,,10156.0,False,21:10,ok,2026-09-16T02:08:51.870211+05:30,2026-09-16_0208IST,airline_direct,IndiGo
DEL,BLR,6E,IndiGo,6E 6073,2026-10-31,45,economy,,,10287.0,False,05:15,ok,2026-09-16T02:08:51.870211+05:30,2026-09-16_0208IST,airline_direct,IndiGo
DEL,BLR,6E,IndiGo,6E 2769,2026-10-31,45,economy,,,10287.0,False,07:55,ok,2026-09-16T02:08:51.870211+05:30,2026-09-16_0208IST,airline_direct,IndiGo
DEL,BLR,6E,IndiGo,6E 2296,2026-10-31,45,economy,,,10287.0,False,09:30,ok,2026-09-16T02:08:51.870211+05:30,2026-09-16_0208IST,airline_direct,IndiGo
DEL,BLR,6E,IndiGo,6E 6347,2026-10-31,45,economy,,,10287.0,False,14:35,ok,2026-09-16T02:08:51.870211+05:30,2026-09-16_0208IST,airline_direct,IndiGo
DEL,BLR,6E,IndiGo,6E 2771,2026-10-31,45,economy,,,10287.0,False,16:20,ok,2026-09-16T02:08:51.870211+05:30,2026-09-16_0208IST,airline_direct,IndiGo
DEL,BLR,6E,IndiGo,6E 5373,2026-10-31,45,economy,,,10287.0,False,20:20,ok,2026-09-16T02:08:51.870211+05:30,2026-09-16_0208IST,airline_direct,IndiGo
DEL,BLR,6E,IndiGo,6E 2045,2026-10-31,45,economy,,,10314.0,False,20:05,ok,2026-09-16T02:08:51.870211+05:30,2026-09-16_0208IST,airline_direct,IndiGo
DEL,BLR,6E,IndiGo,6E 2411,2026-10-31,45,economy,,,10930.0,False,07:15,ok,2026-09-16T02:08:51.870211+05:30,2026-09-16_0208IST,airline_direct,IndiGo
DEL,BLR,6E,IndiGo,6E 5162,2026-10-31,45,economy,,,13933.0,False,18:45,ok,2026-09-16T02:08:51.870211+05:30,2026-09-16_0208IST,airline_direct,IndiGo
DEL,BLR,6E,IndiGo,6E 6673,2026-10-31,45,business,,,29152.0,False,21:15,ok,2026-09-16T02:08:51.870211+05:30,2026-09-16_0208IST,airline_direct,IndiGo
DEL,BLR,6E,IndiGo,6E 6673,2026-10-31,45,economy,,,14734.0,False,21:15,ok,2026-09-16T02:08:51.870211+05:30,2026-09-16_0208IST,airline_direct,IndiGo
DEL,BLR,6E,IndiGo,6E 2277,2026-10-31,45,business,,,34227.0,False,10:25,ok,2026-09-16T02:08:51.870211+05:30,2026-09-16_0208IST,airline_direct,IndiGo
DEL,BLR,6E,IndiGo,6E 2277,2026-10-31,45,economy,,,16019.0,False,10:25,ok,2026-09-16T02:08:51.870211+05:30,2026-09-16_0208IST,airline_direct,IndiGo
DEL,BLR,6E,IndiGo,6E 2361,2026-10-31,45,economy,,,16643.0,False,12:55,ok,2026-09-16T02:08:51.870211+05:30,2026-09-16_0208IST,airline_direct,IndiGo
DEL,BLR,6E,IndiGo,6E 2346,2026-10-31,45,economy,,,17337.0,False,17:00,ok,2026-09-16T02:08:51.870211+05:30,2026-09-16_0208IST,airline_direct,IndiGo
DEL,BLR,6E,IndiGo,6E 894,2026-10-31,45,business,,,42692.0,False,10:30,ok,2026-09-16T02:08:51.870211+05:30,2026-09-16_0208IST,airline_direct,IndiGo
DEL,BLR,6E,IndiGo,6E 894,2026-10-31,45,economy,,,23421.0,False,10:30,ok,2026-09-16T02:08:51.870211+05:30,2026-09-16_0208IST,airline_direct,IndiGo
DEL,BLR,6E,IndiGo,6E 6517,2026-10-31,45,business,,,38326.0,False,19:30,ok,2026-09-16T02:08:51.870211+05:30,2026-09-16_0208IST,airline_direct,IndiGo
DEL,BLR,6E,IndiGo,6E 6517,2026-10-31,45,economy,,,24978.0,False,19:30,ok,2026-09-16T02:08:51.870211+05:30,2026-09-16_0208IST,airline_direct,IndiGo
DEL,BLR,6E,IndiGo,6E 2192,2026-10-31,45,business,,,46586.0,False,08:30,ok,2026-09-16T02:08:51.870211+05:30,2026-09-16_0208IST,airline_direct,IndiGo
DEL,BLR,6E,IndiGo,6E 2192,2026-10-31,45,economy,,,26886.0,False,08:30,ok,2026-09-16T02:08:51.870211+05:30,2026-09-16_0208IST,airline_direct,IndiGo
DEL,BLR,6E,IndiGo,6E 2327,2026-10-31,45,business,,,46586.0,False,13:35,ok,2026-09-16T02:08:51.870211+05:30,2026-09-16_0208IST,airline_direct,IndiGo
DEL,BLR,6E,IndiGo,6E 2327,2026-10-31,45,economy,,,32643.0,False,13:35,ok,2026-09-16T02:08:51.870211+05:30,2026-09-16_0208IST,airline_direct,IndiGo
BOM,BLR,6E,IndiGo,6E 5323,2026-10-31,45,business,,,18948.0,False,00:45,ok,2026-09-16T02:09:59.549882+05:30,2026-09-16_0209IST,airline_direct,IndiGo
BOM,BLR,6E,IndiGo,6E 5323,2026-10-31,45,economy,,,8217.0,False,00:45,ok,2026-09-16T02:09:59.549882+05:30,2026-09-16_0209IST,airline_direct,IndiGo
BOM,BLR,6E,IndiGo,6E 6284,2026-10-31,45,business,,,18948.0,False,02:15,ok,2026-09-16T02:09:59.549882+05:30,2026-09-16_0209IST,airline_direct,IndiGo
BOM,BLR,6E,IndiGo,6E 6284,2026-10-31,45,economy,,,8217.0,False,02:15,ok,2026-09-16T02:09:59.549882+05:30,2026-09-16_0209IST,airline_direct,IndiGo
BOM,BLR,6E,IndiGo,6E 6335,2026-10-31,45,business,,,18948.0,False,04:30,ok,2026-09-16T02:09:59.549882+05:30,2026-09-16_0209IST,airline_direct,IndiGo
BOM,BLR,6E,IndiGo,6E 6335,2026-10-31,45,economy,,,8217.0,False,04:30,ok,2026-09-16T02:09:59.549882+05:30,2026-09-16_0209IST,airline_direct,IndiGo
BOM,BLR,6E,IndiGo,6E 5217,2026-10-31,45,business,,,18948.0,False,11:05,ok,2026-09-16T02:09:59.549882+05:30,2026-09-16_0209IST,airline_direct,IndiGo
BOM,BLR,6E,IndiGo,6E 5217,2026-10-31,45,economy,,,8217.0,False,11:05,ok,2026-09-16T02:09:59.549882+05:30,2026-09-16_0209IST,airline_direct,IndiGo
BOM,BLR,6E,IndiGo,6E 5257,2026-10-31,45,business,,,18948.0,False,12:30,ok,2026-09-16T02:09:59.549882+05:30,2026-09-16_0209IST,airline_direct,IndiGo
BOM,BLR,6E,IndiGo,6E 5257,2026-10-31,45,economy,,,8217.0,False,12:30,ok,2026-09-16T02:09:59.549882+05:30,2026-09-16_0209IST,airline_direct,IndiGo
BOM,BLR,6E,IndiGo,6E 5382,2026-10-31,45,business,,,18948.0,False,15:00,ok,2026-09-16T02:09:59.549882+05:30,2026-09-16_0209IST,airline_direct,IndiGo
BOM,BLR,6E,IndiGo,6E 5382,2026-10-31,45,economy,,,8217.0,False,15:00,ok,2026-09-16T02:09:59.549882+05:30,2026-09-16_0209IST,airline_direct,IndiGo
BOM,BLR,6E,IndiGo,6E 5221,2026-10-31,45,business,,,18948.0,False,17:45,ok,2026-09-16T02:09:59.549882+05:30,2026-09-16_0209IST,airline_direct,IndiGo
BOM,BLR,6E,IndiGo,6E 5221,2026-10-31,45,economy,,,8217.0,False,17:45,ok,2026-09-16T02:09:59.549882+05:30,2026-09-16_0209IST,airline_direct,IndiGo
BOM,BLR,6E,IndiGo,6E 5047,2026-10-31,45,business,,,18948.0,False,19:00,ok,2026-09-16T02:09:59.549882+05:30,2026-09-16_0209IST,airline_direct,IndiGo
BOM,BLR,6E,IndiGo,6E 5047,2026-10-31,45,economy,,,8217.0,False,19:00,ok,2026-09-16T02:09:59.549882+05:30,2026-09-16_0209IST,airline_direct,IndiGo
BOM,BLR,6E,IndiGo,6E 5032,2026-10-31,45,business,,,18948.0,False,20:15,ok,2026-09-16T02:09:59.549882+05:30,2026-09-16_0209IST,airline_direct,IndiGo
BOM,BLR,6E,IndiGo,6E 5032,2026-10-31,45,economy,,,8217.0,False,20:15,ok,2026-09-16T02:09:59.549882+05:30,2026-09-16_0209IST,airline_direct,IndiGo
BOM,BLR,6E,IndiGo,6E 5083,2026-10-31,45,business,,,18948.0,False,21:45,ok,2026-09-16T02:09:59.549882+05:30,2026-09-16_0209IST,airline_direct,IndiGo
BOM,BLR,6E,IndiGo,6E 5083,2026-10-31,45,economy,,,8217.0,False,21:45,ok,2026-09-16T02:09:59.549882+05:30,2026-09-16_0209IST,airline_direct,IndiGo
BOM,BLR,6E,IndiGo,6E 5388,2026-10-31,45,business,,,18948.0,False,22:55,ok,2026-09-16T02:09:59.549882+05:30,2026-09-16_0209IST,airline_direct,IndiGo
BOM,BLR,6E,IndiGo,6E 5388,2026-10-31,45,economy,,,8217.0,False,22:55,ok,2026-09-16T02:09:59.549882+05:30,2026-09-16_0209IST,airline_direct,IndiGo
BOM,BLR,6E,IndiGo,6E 5071,2026-10-31,45,business,,,18948.0,False,16:20,ok,2026-09-16T02:09:59.549882+05:30,2026-09-16_0209IST,airline_direct,IndiGo
BOM,BLR,6E,IndiGo,6E 5071,2026-10-31,45,economy,,,9267.0,False,16:20,ok,2026-09-16T02:09:59.549882+05:30,2026-09-16_0209IST,airline_direct,IndiGo
BOM,BLR,6E,IndiGo,6E 5092,2026-10-31,45,business,,,18948.0,False,09:40,ok,2026-09-16T02:09:59.549882+05:30,2026-09-16_0209IST,airline_direct,IndiGo
BOM,BLR,6E,IndiGo,6E 5092,2026-10-31,45,economy,,,9792.0,False,09:40,ok,2026-09-16T02:09:59.549882+05:30,2026-09-16_0209IST,airline_direct,IndiGo
BOM,BLR,6E,IndiGo,6E 5296,2026-10-31,45,business,,,18948.0,False,06:00,ok,2026-09-16T02:09:59.549882+05:30,2026-09-16_0209IST,airline_direct,IndiGo
BOM,BLR,6E,IndiGo,6E 5296,2026-10-31,45,economy,,,10422.0,False,06:00,ok,2026-09-16T02:09:59.549882+05:30,2026-09-16_0209IST,airline_direct,IndiGo
BOM,BLR,6E,IndiGo,6E 5193,2026-10-31,45,business,,,18948.0,False,07:25,ok,2026-09-16T02:09:59.549882+05:30,2026-09-16_0209IST,airline_direct,IndiGo
BOM,BLR,6E,IndiGo,6E 5193,2026-10-31,45,economy,,,11052.0,False,07:25,ok,2026-09-16T02:09:59.549882+05:30,2026-09-16_0209IST,airline_direct,IndiGo
BOM,BLR,6E,IndiGo,6E 5064,2026-10-31,45,economy,,,7127.0,False,12:05,ok,2026-09-16T02:09:59.549882+05:30,2026-09-16_0209IST,airline_direct,IndiGo
BOM,BLR,6E,IndiGo,6E 6361,2026-10-31,45,economy,,,7134.0,False,04:30,ok,2026-09-16T02:09:59.549882+05:30,2026-09-16_0209IST,airline_direct,IndiGo
BOM,BLR,6E,IndiGo,6E 261,2026-10-31,45,economy,,,7243.0,False,11:35,ok,2026-09-16T02:09:59.549882+05:30,2026-09-16_0209IST,airline_direct,IndiGo
BOM,BLR,6E,IndiGo,6E 5011,2026-10-31,45,economy,,,7243.0,False,13:55,ok,2026-09-16T02:09:59.549882+05:30,2026-09-16_0209IST,airline_direct,IndiGo
BOM,BLR,6E,IndiGo,6E 5011,2026-10-31,45,economy,,,7243.0,False,13:55,ok,2026-09-16T02:09:59.549882+05:30,2026-09-16_0209IST,airline_direct,IndiGo
BOM,BLR,6E,IndiGo,6E 5179,2026-10-31,45,business,,,19670.0,False,02:35,ok,2026-09-16T02:09:59.549882+05:30,2026-09-16_0209IST,airline_direct,IndiGo
BOM,BLR,6E,IndiGo,6E 5179,2026-10-31,45,economy,,,7374.0,False,02:35,ok,2026-09-16T02:09:59.549882+05:30,2026-09-16_0209IST,airline_direct,IndiGo
BOM,BLR,6E,IndiGo,6E 6362,2026-10-31,45,business,,,19670.0,False,05:30,ok,2026-09-16T02:09:59.549882+05:30,2026-09-16_0209IST,airline_direct,IndiGo
BOM,BLR,6E,IndiGo,6E 6362,2026-10-31,45,economy,,,7374.0,False,05:30,ok,2026-09-16T02:09:59.549882+05:30,2026-09-16_0209IST,airline_direct,IndiGo
BOM,BLR,6E,IndiGo,6E 6362,2026-10-31,45,business,,,20036.0,False,05:30,ok,2026-09-16T02:09:59.549882+05:30,2026-09-16_0209IST,airline_direct,IndiGo
BOM,BLR,6E,IndiGo,6E 6362,2026-10-31,45,economy,,,7374.0,False,05:30,ok,2026-09-16T02:09:59.549882+05:30,2026-09-16_0209IST,airline_direct,IndiGo
BOM,BLR,6E,IndiGo,6E 5246,2026-10-31,45,business,,,19670.0,False,07:20,ok,2026-09-16T02:09:59.549882+05:30,2026-09-16_0209IST,airline_direct,IndiGo
BOM,BLR,6E,IndiGo,6E 5246,2026-10-31,45,economy,,,7374.0,False,07:20,ok,2026-09-16T02:09:59.549882+05:30,2026-09-16_0209IST,airline_direct,IndiGo
BOM,BLR,6E,IndiGo,6E 6674,2026-10-31,45,economy,,,7374.0,False,09:10,ok,2026-09-16T02:09:59.549882+05:30,2026-09-16_0209IST,airline_direct,IndiGo
BOM,BLR,6E,IndiGo,6E 6674,2026-10-31,45,economy,,,7374.0,False,09:10,ok,2026-09-16T02:09:59.549882+05:30,2026-09-16_0209IST,airline_direct,IndiGo
BOM,BLR,6E,IndiGo,6E 5318,2026-10-31,45,business,,,21379.0,False,10:15,ok,2026-09-16T02:09:59.549882+05:30,2026-09-16_0209IST,airline_direct,IndiGo
BOM,BLR,6E,IndiGo,6E 5318,2026-10-31,45,economy,,,7374.0,False,10:15,ok,2026-09-16T02:09:59.549882+05:30,2026-09-16_0209IST,airline_direct,IndiGo
BOM,BLR,6E,IndiGo,6E 5318,2026-10-31,45,business,,,20441.0,False,10:15,ok,2026-09-16T02:09:59.549882+05:30,2026-09-16_0209IST,airline_direct,IndiGo
BOM,BLR,6E,IndiGo,6E 5318,2026-10-31,45,economy,,,7374.0,False,10:15,ok,2026-09-16T02:09:59.549882+05:30,2026-09-16_0209IST,airline_direct,IndiGo
BOM,BLR,6E,IndiGo,6E 5386,2026-10-31,45,business,,,20887.0,False,15:05,ok,2026-09-16T02:09:59.549882+05:30,2026-09-16_0209IST,airline_direct,IndiGo
BOM,BLR,6E,IndiGo,6E 5386,2026-10-31,45,economy,,,7374.0,False,15:05,ok,2026-09-16T02:09:59.549882+05:30,2026-09-16_0209IST,airline_direct,IndiGo
BOM,BLR,6E,IndiGo,6E 5386,2026-10-31,45,business,,,20441.0,False,15:05,ok,2026-09-16T02:09:59.549882+05:30,2026-09-16_0209IST,airline_direct,IndiGo
BOM,BLR,6E,IndiGo,6E 5386,2026-10-31,45,economy,,,7374.0,False,15:05,ok,2026-09-16T02:09:59.549882+05:30,2026-09-16_0209IST,airline_direct,IndiGo
BOM,BLR,6E,IndiGo,6E 841,2026-10-31,45,economy,,,7374.0,False,15:10,ok,2026-09-16T02:09:59.549882+05:30,2026-09-16_0209IST,airline_direct,IndiGo
BOM,BLR,6E,IndiGo,6E 5228,2026-10-31,45,business,,,20441.0,False,16:40,ok,2026-09-16T02:09:59.549882+05:30,2026-09-16_0209IST,airline_direct,IndiGo
BOM,BLR,6E,IndiGo,6E 5228,2026-10-31,45,economy,,,7374.0,False,16:40,ok,2026-09-16T02:09:59.549882+05:30,2026-09-16_0209IST,airline_direct,IndiGo
BOM,BLR,6E,IndiGo,6E 5228,2026-10-31,45,business,,,20441.0,False,16:40,ok,2026-09-16T02:09:59.549882+05:30,2026-09-16_0209IST,airline_direct,IndiGo
BOM,BLR,6E,IndiGo,6E 5228,2026-10-31,45,economy,,,7374.0,False,16:40,ok,2026-09-16T02:09:59.549882+05:30,2026-09-16_0209IST,airline_direct,IndiGo
BOM,BLR,6E,IndiGo,6E 6549,2026-10-31,45,economy,,,7374.0,False,19:05,ok,2026-09-16T02:09:59.549882+05:30,2026-09-16_0209IST,airline_direct,IndiGo
BOM,BLR,6E,IndiGo,6E 6064,2026-10-31,45,economy,,,7401.0,False,17:20,ok,2026-09-16T02:09:59.549882+05:30,2026-09-16_0209IST,airline_direct,IndiGo
BOM,BLR,6E,IndiGo,6E 6064,2026-10-31,45,economy,,,7401.0,False,17:20,ok,2026-09-16T02:09:59.549882+05:30,2026-09-16_0209IST,airline_direct,IndiGo
BOM,BLR,6E,IndiGo,6E 5147,2026-10-31,45,economy,,,7505.0,False,18:40,ok,2026-09-16T02:09:59.549882+05:30,2026-09-16_0209IST,airline_direct,IndiGo
BOM,BLR,6E,IndiGo,6E 136,2026-10-31,45,business,,,25626.0,False,05:00,ok,2026-09-16T02:09:59.549882+05:30,2026-09-16_0209IST,airline_direct,IndiGo
BOM,BLR,6E,IndiGo,6E 136,2026-10-31,45,economy,,,7584.0,False,05:00,ok,2026-09-16T02:09:59.549882+05:30,2026-09-16_0209IST,airline_direct,IndiGo
BOM,BLR,6E,IndiGo,6E 136,2026-10-31,45,business,,,24040.0,False,05:00,ok,2026-09-16T02:09:59.549882+05:30,2026-09-16_0209IST,airline_direct,IndiGo
BOM,BLR,6E,IndiGo,6E 136,2026-10-31,45,economy,,,7584.0,False,05:00,ok,2026-09-16T02:09:59.549882+05:30,2026-09-16_0209IST,airline_direct,IndiGo
BOM,BLR,6E,IndiGo,6E 5188,2026-10-31,45,business,,,24040.0,False,07:05,ok,2026-09-16T02:09:59.549882+05:30,2026-09-16_0209IST,airline_direct,IndiGo
BOM,BLR,6E,IndiGo,6E 5188,2026-10-31,45,economy,,,7584.0,False,07:05,ok,2026-09-16T02:09:59.549882+05:30,2026-09-16_0209IST,airline_direct,IndiGo
BOM,BLR,6E,IndiGo,6E 5188,2026-10-31,45,business,,,26124.0,False,07:05,ok,2026-09-16T02:09:59.549882+05:30,2026-09-16_0209IST,airline_direct,IndiGo
BOM,BLR,6E,IndiGo,6E 5188,2026-10-31,45,economy,,,7584.0,False,07:05,ok,2026-09-16T02:09:59.549882+05:30,2026-09-16_0209IST,airline_direct,IndiGo
BOM,BLR,6E,IndiGo,6E 2049,2026-10-31,45,economy,,,7584.0,False,07:10,ok,2026-09-16T02:09:59.549882+05:30,2026-09-16_0209IST,airline_direct,IndiGo
BOM,BLR,6E,IndiGo,6E 5313,2026-10-31,45,business,,,24040.0,False,10:55,ok,2026-09-16T02:09:59.549882+05:30,2026-09-16_0209IST,airline_direct,IndiGo
BOM,BLR,6E,IndiGo,6E 5313,2026-10-31,45,economy,,,7584.0,False,10:55,ok,2026-09-16T02:09:59.549882+05:30,2026-09-16_0209IST,airline_direct,IndiGo
BOM,BLR,6E,IndiGo,6E 5313,2026-10-31,45,business,,,25173.0,False,10:55,ok,2026-09-16T02:09:59.549882+05:30,2026-09-16_0209IST,airline_direct,IndiGo
BOM,BLR,6E,IndiGo,6E 5313,2026-10-31,45,economy,,,7584.0,False,10:55,ok,2026-09-16T02:09:59.549882+05:30,2026-09-16_0209IST,airline_direct,IndiGo
BOM,BLR,6E,IndiGo,6E 6701,2026-10-31,45,economy,,,7584.0,False,12:30,ok,2026-09-16T02:09:59.549882+05:30,2026-09-16_0209IST,airline_direct,IndiGo
BOM,BLR,6E,IndiGo,6E 5085,2026-10-31,45,business,,,25173.0,False,13:00,ok,2026-09-16T02:09:59.549882+05:30,2026-09-16_0209IST,airline_direct,IndiGo
BOM,BLR,6E,IndiGo,6E 5085,2026-10-31,45,economy,,,7584.0,False,13:00,ok,2026-09-16T02:09:59.549882+05:30,2026-09-16_0209IST,airline_direct,IndiGo
BOM,BLR,6E,IndiGo,6E 5085,2026-10-31,45,business,,,26670.0,False,13:00,ok,2026-09-16T02:09:59.549882+05:30,2026-09-16_0209IST,airline_direct,IndiGo
BOM,BLR,6E,IndiGo,6E 5085,2026-10-31,45,economy,,,7584.0,False,13:00,ok,2026-09-16T02:09:59.549882+05:30,2026-09-16_0209IST,airline_direct,IndiGo
BOM,BLR,6E,IndiGo,6E 5337,2026-10-31,45,business,,,24760.0,False,14:30,ok,2026-09-16T02:09:59.549882+05:30,2026-09-16_0209IST,airline_direct,IndiGo
BOM,BLR,6E,IndiGo,6E 5337,2026-10-31,45,economy,,,7584.0,False,14:30,ok,2026-09-16T02:09:59.549882+05:30,2026-09-16_0209IST,airline_direct,IndiGo
BOM,BLR,6E,IndiGo,6E 5337,2026-10-31,45,business,,,24040.0,False,14:30,ok,2026-09-16T02:09:59.549882+05:30,2026-09-16_0209IST,airline_direct,IndiGo
BOM,BLR,6E,IndiGo,6E 5337,2026-10-31,45,economy,,,7584.0,False,14:30,ok,2026-09-16T02:09:59.549882+05:30,2026-09-16_0209IST,airline_direct,IndiGo
BOM,BLR,6E,IndiGo,6E 6352,2026-10-31,45,economy,,,7584.0,False,15:40,ok,2026-09-16T02:09:59.549882+05:30,2026-09-16_0209IST,airline_direct,IndiGo
BOM,BLR,6E,IndiGo,6E 5183,2026-10-31,45,economy,,,7584.0,False,15:45,ok,2026-09-16T02:09:59.549882+05:30,2026-09-16_0209IST,airline_direct,IndiGo
BOM,BLR,6E,IndiGo,6E 5196,2026-10-31,45,business,,,24040.0,False,16:30,ok,2026-09-16T02:09:59.549882+05:30,2026-09-16_0209IST,airline_direct,IndiGo
BOM,BLR,6E,IndiGo,6E 5196,2026-10-31,45,economy,,,7584.0,False,16:30,ok,2026-09-16T02:09:59.549882+05:30,2026-09-16_0209IST,airline_direct,IndiGo
BOM,BLR,6E,IndiGo,6E 5196,2026-10-31,45,business,,,26124.0,False,16:30,ok,2026-09-16T02:09:59.549882+05:30,2026-09-16_0209IST,airline_direct,IndiGo
BOM,BLR,6E,IndiGo,6E 5196,2026-10-31,45,economy,,,7584.0,False,16:30,ok,2026-09-16T02:09:59.549882+05:30,2026-09-16_0209IST,airline_direct,IndiGo
BOM,BLR,6E,IndiGo,6E 5059,2026-10-31,45,economy,,,7584.0,False,16:45,ok,2026-09-16T02:09:59.549882+05:30,2026-09-16_0209IST,airline_direct,IndiGo
BOM,BLR,6E,IndiGo,6E 795,2026-10-31,45,economy,,,7584.0,False,19:15,ok,2026-09-16T02:09:59.549882+05:30,2026-09-16_0209IST,airline_direct,IndiGo
BOM,BLR,6E,IndiGo,6E 294,2026-10-31,45,economy,,,7715.0,False,07:20,ok,2026-09-16T02:09:59.549882+05:30,2026-09-16_0209IST,airline_direct,IndiGo
BOM,BLR,6E,IndiGo,6E 6080,2026-10-31,45,economy,,,7715.0,False,17:10,ok,2026-09-16T02:09:59.549882+05:30,2026-09-16_0209IST,airline_direct,IndiGo
BOM,BLR,6E,IndiGo,6E 6365,2026-10-31,45,business,,,20441.0,False,12:00,ok,2026-09-16T02:09:59.549882+05:30,2026-09-16_0209IST,airline_direct,IndiGo
BOM,BLR,6E,IndiGo,6E 6365,2026-10-31,45,economy,,,7916.0,False,12:00,ok,2026-09-16T02:09:59.549882+05:30,2026-09-16_0209IST,airline_direct,IndiGo
BOM,BLR,6E,IndiGo,6E 5228,2026-10-31,45,business,,,20036.0,False,16:40,ok,2026-09-16T02:09:59.549882+05:30,2026-09-16_0209IST,airline_direct,IndiGo
BOM,BLR,6E,IndiGo,6E 5228,2026-10-31,45,economy,,,7916.0,False,16:40,ok,2026-09-16T02:09:59.549882+05:30,2026-09-16_0209IST,airline_direct,IndiGo
BOM,BLR,6E,IndiGo,6E 6020,2026-10-31,45,economy,,,8126.0,False,11:20,ok,2026-09-16T02:09:59.549882+05:30,2026-09-16_0209IST,airline_direct,IndiGo
BOM,BLR,6E,IndiGo,6E 6280,2026-10-31,45,economy,,,9364.0,False,05:30,ok,2026-09-16T02:09:59.549882+05:30,2026-09-16_0209IST,airline_direct,IndiGo
BOM,BLR,6E,IndiGo,6E 5204,2026-10-31,45,business,,,26124.0,False,08:30,ok,2026-09-16T02:09:59.549882+05:30,2026-09-16_0209IST,airline_direct,IndiGo
BOM,BLR,6E,IndiGo,6E 5204,2026-10-31,45,economy,,,9364.0,False,08:30,ok,2026-09-16T02:09:59.549882+05:30,2026-09-16_0209IST,airline_direct,IndiGo
DEL,CCU,6E,IndiGo,6E 930,2026-10-31,45,business,,,27001.0,False,03:00,ok,2026-09-16T02:11:17.881540+05:30,2026-09-16_0211IST,airline_direct,IndiGo
DEL,CCU,6E,IndiGo,6E 930,2026-10-31,45,economy,,,9280.0,False,03:00,ok,2026-09-16T02:11:17.881540+05:30,2026-09-16_0211IST,airline_direct,IndiGo
DEL,CCU,6E,IndiGo,6E 5191,2026-10-31,45,business,,,27001.0,False,04:45,ok,2026-09-16T02:11:17.881540+05:30,2026-09-16_0211IST,airline_direct,IndiGo
DEL,CCU,6E,IndiGo,6E 5191,2026-10-31,45,economy,,,9280.0,False,04:45,ok,2026-09-16T02:11:17.881540+05:30,2026-09-16_0211IST,airline_direct,IndiGo
DEL,CCU,6E,IndiGo,6E 340,2026-10-31,45,business,,,27001.0,False,06:15,ok,2026-09-16T02:11:17.881540+05:30,2026-09-16_0211IST,airline_direct,IndiGo
DEL,CCU,6E,IndiGo,6E 340,2026-10-31,45,economy,,,9280.0,False,06:15,ok,2026-09-16T02:11:17.881540+05:30,2026-09-16_0211IST,airline_direct,IndiGo
DEL,CCU,6E,IndiGo,6E 2192,2026-10-31,45,business,,,27001.0,False,08:30,ok,2026-09-16T02:11:17.881540+05:30,2026-09-16_0211IST,airline_direct,IndiGo
DEL,CCU,6E,IndiGo,6E 2192,2026-10-31,45,economy,,,9280.0,False,08:30,ok,2026-09-16T02:11:17.881540+05:30,2026-09-16_0211IST,airline_direct,IndiGo
DEL,CCU,6E,IndiGo,6E 894,2026-10-31,45,business,,,27001.0,False,10:30,ok,2026-09-16T02:11:17.881540+05:30,2026-09-16_0211IST,airline_direct,IndiGo
DEL,CCU,6E,IndiGo,6E 894,2026-10-31,45,economy,,,9280.0,False,10:30,ok,2026-09-16T02:11:17.881540+05:30,2026-09-16_0211IST,airline_direct,IndiGo
DEL,CCU,6E,IndiGo,6E 897,2026-10-31,45,business,,,27001.0,False,12:15,ok,2026-09-16T02:11:17.881540+05:30,2026-09-16_0211IST,airline_direct,IndiGo
DEL,CCU,6E,IndiGo,6E 897,2026-10-31,45,economy,,,9280.0,False,12:15,ok,2026-09-16T02:11:17.881540+05:30,2026-09-16_0211IST,airline_direct,IndiGo
DEL,CCU,6E,IndiGo,6E 389,2026-10-31,45,business,,,27001.0,False,22:15,ok,2026-09-16T02:11:17.881540+05:30,2026-09-16_0211IST,airline_direct,IndiGo
DEL,CCU,6E,IndiGo,6E 389,2026-10-31,45,economy,,,10278.0,False,22:15,ok,2026-09-16T02:11:17.881540+05:30,2026-09-16_0211IST,airline_direct,IndiGo
DEL,CCU,6E,IndiGo,6E 920,2026-10-31,45,business,,,27001.0,False,17:15,ok,2026-09-16T02:11:17.881540+05:30,2026-09-16_0211IST,airline_direct,IndiGo
DEL,CCU,6E,IndiGo,6E 920,2026-10-31,45,economy,,,10908.0,False,17:15,ok,2026-09-16T02:11:17.881540+05:30,2026-09-16_0211IST,airline_direct,IndiGo
DEL,CCU,6E,IndiGo,6E 2327,2026-10-31,45,business,,,27001.0,False,13:35,ok,2026-09-16T02:11:17.881540+05:30,2026-09-16_0211IST,airline_direct,IndiGo
DEL,CCU,6E,IndiGo,6E 2327,2026-10-31,45,economy,,,14058.0,False,13:35,ok,2026-09-16T02:11:17.881540+05:30,2026-09-16_0211IST,airline_direct,IndiGo
DEL,CCU,6E,IndiGo,6E 6415,2026-10-31,45,business,,,27001.0,False,15:30,ok,2026-09-16T02:11:17.881540+05:30,2026-09-16_0211IST,airline_direct,IndiGo
DEL,CCU,6E,IndiGo,6E 6415,2026-10-31,45,economy,,,14058.0,False,15:30,ok,2026-09-16T02:11:17.881540+05:30,2026-09-16_0211IST,airline_direct,IndiGo
DEL,CCU,6E,IndiGo,6E 6517,2026-10-31,45,business,,,27001.0,False,19:30,ok,2026-09-16T02:11:17.881540+05:30,2026-09-16_0211IST,airline_direct,IndiGo
DEL,CCU,6E,IndiGo,6E 6517,2026-10-31,45,economy,,,14058.0,False,19:30,ok,2026-09-16T02:11:17.881540+05:30,2026-09-16_0211IST,airline_direct,IndiGo
DEL,CCU,6E,IndiGo,6E 247,2026-10-31,45,business,,,27001.0,False,23:45,ok,2026-09-16T02:11:17.881540+05:30,2026-09-16_0211IST,airline_direct,IndiGo
DEL,CCU,6E,IndiGo,6E 247,2026-10-31,45,economy,,,14058.0,False,23:45,ok,2026-09-16T02:11:17.881540+05:30,2026-09-16_0211IST,airline_direct,IndiGo
DEL,CCU,6E,IndiGo,6E 6245,2026-10-31,45,economy,,,7376.0,False,06:25,ok,2026-09-16T02:11:17.881540+05:30,2026-09-16_0211IST,airline_direct,IndiGo
DEL,CCU,6E,IndiGo,6E 5375,2026-10-31,45,economy,,,7376.0,False,07:25,ok,2026-09-16T02:11:17.881540+05:30,2026-09-16_0211IST,airline_direct,IndiGo
DEL,CCU,6E,IndiGo,6E 2769,2026-10-31,45,economy,,,7376.0,False,07:55,ok,2026-09-16T02:11:17.881540+05:30,2026-09-16_0211IST,airline_direct,IndiGo
DEL,CCU,6E,IndiGo,6E 6304,2026-10-31,45,economy,,,7376.0,False,09:30,ok,2026-09-16T02:11:17.881540+05:30,2026-09-16_0211IST,airline_direct,IndiGo
DEL,CCU,6E,IndiGo,6E 2373,2026-10-31,45,economy,,,7376.0,False,11:05,ok,2026-09-16T02:11:17.881540+05:30,2026-09-16_0211IST,airline_direct,IndiGo
DEL,CCU,6E,IndiGo,6E 821,2026-10-31,45,economy,,,7376.0,False,13:25,ok,2026-09-16T02:11:17.881540+05:30,2026-09-16_0211IST,airline_direct,IndiGo
DEL,CCU,6E,IndiGo,6E 821,2026-10-31,45,economy,,,7376.0,False,13:25,ok,2026-09-16T02:11:17.881540+05:30,2026-09-16_0211IST,airline_direct,IndiGo
DEL,CCU,6E,IndiGo,6E 6347,2026-10-31,45,economy,,,7376.0,False,14:35,ok,2026-09-16T02:11:17.881540+05:30,2026-09-16_0211IST,airline_direct,IndiGo
DEL,CCU,6E,IndiGo,6E 6073,2026-10-31,45,economy,,,7586.0,False,05:15,ok,2026-09-16T02:11:17.881540+05:30,2026-09-16_0211IST,airline_direct,IndiGo
DEL,CCU,6E,IndiGo,6E 6076,2026-10-31,45,economy,,,7586.0,False,15:45,ok,2026-09-16T02:11:17.881540+05:30,2026-09-16_0211IST,airline_direct,IndiGo
DEL,CCU,6E,IndiGo,6E 2164,2026-10-31,45,economy,,,8194.0,False,07:05,ok,2026-09-16T02:11:17.881540+05:30,2026-09-16_0211IST,airline_direct,IndiGo
DEL,CCU,6E,IndiGo,6E 6076,2026-10-31,45,economy,,,8194.0,False,15:45,ok,2026-09-16T02:11:17.881540+05:30,2026-09-16_0211IST,airline_direct,IndiGo
DEL,CCU,6E,IndiGo,6E 2039,2026-10-31,45,economy,,,8862.0,False,05:30,ok,2026-09-16T02:11:17.881540+05:30,2026-09-16_0211IST,airline_direct,IndiGo
DEL,CCU,6E,IndiGo,6E 2771,2026-10-31,45,economy,,,8862.0,False,16:20,ok,2026-09-16T02:11:17.881540+05:30,2026-09-16_0211IST,airline_direct,IndiGo
DEL,CCU,6E,IndiGo,6E 5023,2026-10-31,45,economy,,,8862.0,False,18:10,ok,2026-09-16T02:11:17.881540+05:30,2026-09-16_0211IST,airline_direct,IndiGo
DEL,CCU,6E,IndiGo,6E 6211,2026-10-31,45,economy,,,9177.0,False,06:25,ok,2026-09-16T02:11:17.881540+05:30,2026-09-16_0211IST,airline_direct,IndiGo
DEL,CCU,6E,IndiGo,6E 6503,2026-10-31,45,economy,,,9177.0,False,12:35,ok,2026-09-16T02:11:17.881540+05:30,2026-09-16_0211IST,airline_direct,IndiGo
DEL,CCU,6E,IndiGo,6E 6503,2026-10-31,45,economy,,,9177.0,False,12:35,ok,2026-09-16T02:11:17.881540+05:30,2026-09-16_0211IST,airline_direct,IndiGo
DEL,CCU,6E,IndiGo,6E 931,2026-10-31,45,economy,,,9203.0,False,19:35,ok,2026-09-16T02:11:17.881540+05:30,2026-09-16_0211IST,airline_direct,IndiGo
DEL,CCU,6E,IndiGo,6E 6551,2026-10-31,45,economy,,,9308.0,False,12:10,ok,2026-09-16T02:11:17.881540+05:30,2026-09-16_0211IST,airline_direct,IndiGo
DEL,CCU,6E,IndiGo,6E 2614,2026-10-31,45,economy,,,9597.0,False,15:05,ok,2026-09-16T02:11:17.881540+05:30,2026-09-16_0211IST,airline_direct,IndiGo
DEL,CCU,6E,IndiGo,6E 2614,2026-10-31,45,economy,,,9597.0,False,15:05,ok,2026-09-16T02:11:17.881540+05:30,2026-09-16_0211IST,airline_direct,IndiGo
DEL,CCU,6E,IndiGo,6E 2296,2026-10-31,45,economy,,,10404.0,False,09:30,ok,2026-09-16T02:11:17.881540+05:30,2026-09-16_0211IST,airline_direct,IndiGo
DEL,CCU,6E,IndiGo,6E 704,2026-10-31,45,business,,,30325.0,False,02:25,ok,2026-09-16T02:11:17.881540+05:30,2026-09-16_0211IST,airline_direct,IndiGo
DEL,CCU,6E,IndiGo,6E 704,2026-10-31,45,economy,,,10745.0,False,02:25,ok,2026-09-16T02:11:17.881540+05:30,2026-09-16_0211IST,airline_direct,IndiGo
DEL,CCU,6E,IndiGo,6E 6787,2026-10-31,45,economy,,,10745.0,False,14:40,ok,2026-09-16T02:11:17.881540+05:30,2026-09-16_0211IST,airline_direct,IndiGo
DEL,CCU,6E,IndiGo,6E 717,2026-10-31,45,business,,,30325.0,False,18:15,ok,2026-09-16T02:11:17.881540+05:30,2026-09-16_0211IST,airline_direct,IndiGo
DEL,CCU,6E,IndiGo,6E 717,2026-10-31,45,economy,,,10745.0,False,18:15,ok,2026-09-16T02:11:17.881540+05:30,2026-09-16_0211IST,airline_direct,IndiGo
DEL,CCU,6E,IndiGo,6E 203,2026-10-31,45,business,,,30797.0,False,06:30,ok,2026-09-16T02:11:17.881540+05:30,2026-09-16_0211IST,airline_direct,IndiGo
DEL,CCU,6E,IndiGo,6E 203,2026-10-31,45,economy,,,11632.0,False,06:30,ok,2026-09-16T02:11:17.881540+05:30,2026-09-16_0211IST,airline_direct,IndiGo
DEL,CCU,6E,IndiGo,6E 705,2026-10-31,45,business,,,30797.0,False,08:30,ok,2026-09-16T02:11:17.881540+05:30,2026-09-16_0211IST,airline_direct,IndiGo
DEL,CCU,6E,IndiGo,6E 705,2026-10-31,45,economy,,,11632.0,False,08:30,ok,2026-09-16T02:11:17.881540+05:30,2026-09-16_0211IST,airline_direct,IndiGo
DEL,CCU,6E,IndiGo,6E 705,2026-10-31,45,business,,,30797.0,False,08:30,ok,2026-09-16T02:11:17.881540+05:30,2026-09-16_0211IST,airline_direct,IndiGo
DEL,CCU,6E,IndiGo,6E 705,2026-10-31,45,economy,,,11632.0,False,08:30,ok,2026-09-16T02:11:17.881540+05:30,2026-09-16_0211IST,airline_direct,IndiGo
DEL,CCU,6E,IndiGo,6E 6293,2026-10-31,45,business,,,30797.0,False,10:00,ok,2026-09-16T02:11:17.881540+05:30,2026-09-16_0211IST,airline_direct,IndiGo
DEL,CCU,6E,IndiGo,6E 6293,2026-10-31,45,economy,,,11632.0,False,10:00,ok,2026-09-16T02:11:17.881540+05:30,2026-09-16_0211IST,airline_direct,IndiGo
DEL,CCU,6E,IndiGo,6E 5058,2026-10-31,45,business,,,30797.0,False,13:30,ok,2026-09-16T02:11:17.881540+05:30,2026-09-16_0211IST,airline_direct,IndiGo
DEL,CCU,6E,IndiGo,6E 5058,2026-10-31,45,economy,,,11632.0,False,13:30,ok,2026-09-16T02:11:17.881540+05:30,2026-09-16_0211IST,airline_direct,IndiGo
DEL,CCU,6E,IndiGo,6E 6212,2026-10-31,45,business,,,30797.0,False,14:50,ok,2026-09-16T02:11:17.881540+05:30,2026-09-16_0211IST,airline_direct,IndiGo
DEL,CCU,6E,IndiGo,6E 6212,2026-10-31,45,economy,,,11632.0,False,14:50,ok,2026-09-16T02:11:17.881540+05:30,2026-09-16_0211IST,airline_direct,IndiGo
DEL,CCU,6E,IndiGo,6E 6217,2026-10-31,45,business,,,30325.0,False,16:15,ok,2026-09-16T02:11:17.881540+05:30,2026-09-16_0211IST,airline_direct,IndiGo
DEL,CCU,6E,IndiGo,6E 6217,2026-10-31,45,economy,,,11632.0,False,16:15,ok,2026-09-16T02:11:17.881540+05:30,2026-09-16_0211IST,airline_direct,IndiGo
DEL,CCU,6E,IndiGo,6E 6217,2026-10-31,45,business,,,30325.0,False,16:15,ok,2026-09-16T02:11:17.881540+05:30,2026-09-16_0211IST,airline_direct,IndiGo
DEL,CCU,6E,IndiGo,6E 6217,2026-10-31,45,economy,,,11632.0,False,16:15,ok,2026-09-16T02:11:17.881540+05:30,2026-09-16_0211IST,airline_direct,IndiGo
DEL,CCU,6E,IndiGo,6E 5269,2026-10-31,45,economy,,,12373.0,False,10:35,ok,2026-09-16T02:11:17.881540+05:30,2026-09-16_0211IST,airline_direct,IndiGo
DEL,CCU,6E,IndiGo,6E 601,2026-10-31,45,economy,,,12373.0,False,13:20,ok,2026-09-16T02:11:17.881540+05:30,2026-09-16_0211IST,airline_direct,IndiGo
DEL,CCU,6E,IndiGo,6E 2423,2026-10-31,45,economy,,,13258.0,False,15:15,ok,2026-09-16T02:11:17.881540+05:30,2026-09-16_0211IST,airline_direct,IndiGo
DEL,CCU,6E,IndiGo,6E 2423,2026-10-31,45,economy,,,13520.0,False,15:15,ok,2026-09-16T02:11:17.881540+05:30,2026-09-16_0211IST,airline_direct,IndiGo
DEL,CCU,6E,IndiGo,6E 962,2026-10-31,45,economy,,,14016.0,False,05:10,ok,2026-09-16T02:11:17.881540+05:30,2026-09-16_0211IST,airline_direct,IndiGo
DEL,CCU,6E,IndiGo,6E 2361,2026-10-31,45,economy,,,14135.0,False,12:55,ok,2026-09-16T02:11:17.881540+05:30,2026-09-16_0211IST,airline_direct,IndiGo
DEL,CCU,6E,IndiGo,6E 962,2026-10-31,45,economy,,,14362.0,False,05:10,ok,2026-09-16T02:11:17.881540+05:30,2026-09-16_0211IST,airline_direct,IndiGo
DEL,CCU,6E,IndiGo,6E 6048,2026-10-31,45,economy,,,14362.0,False,06:30,ok,2026-09-16T02:11:17.881540+05:30,2026-09-16_0211IST,airline_direct,IndiGo
DEL,CCU,6E,IndiGo,6E 6048,2026-10-31,45,economy,,,14362.0,False,06:30,ok,2026-09-16T02:11:17.881540+05:30,2026-09-16_0211IST,airline_direct,IndiGo
DEL,CCU,6E,IndiGo,6E 6038,2026-10-31,45,economy,,,14362.0,False,11:30,ok,2026-09-16T02:11:17.881540+05:30,2026-09-16_0211IST,airline_direct,IndiGo
DEL,CCU,6E,IndiGo,6E 2316,2026-10-31,45,economy,,,14992.0,False,18:00,ok,2026-09-16T02:11:17.881540+05:30,2026-09-16_0211IST,airline_direct,IndiGo
DEL,CCU,6E,IndiGo,6E 5041,2026-10-31,45,economy,,,17092.0,False,15:25,ok,2026-09-16T02:11:17.881540+05:30,2026-09-16_0211IST,airline_direct,IndiGo
DEL,CCU,6E,IndiGo,6E 6038,2026-10-31,45,economy,,,18562.0,False,11:30,ok,2026-09-16T02:11:17.881540+05:30,2026-09-16_0211IST,airline_direct,IndiGo
DEL,CCU,6E,IndiGo,6E 2410,2026-10-31,45,economy,,,19761.0,False,12:10,ok,2026-09-16T02:11:17.881540+05:30,2026-09-16_0211IST,airline_direct,IndiGo
BLR,HYD,6E,IndiGo,6E 6784,2026-10-31,45,economy,,,4561.0,False,21:35,ok,2026-09-16T02:12:12.906767+05:30,2026-09-16_0212IST,airline_direct,IndiGo
BLR,HYD,6E,IndiGo,6E 855,2026-10-31,45,economy,,,5318.0,False,20:05,ok,2026-09-16T02:12:12.906767+05:30,2026-09-16_0212IST,airline_direct,IndiGo
BLR,HYD,6E,IndiGo,6E 638,2026-10-31,45,economy,,,6239.0,False,18:35,ok,2026-09-16T02:12:12.906767+05:30,2026-09-16_0212IST,airline_direct,IndiGo
BLR,HYD,6E,IndiGo,6E 484,2026-10-31,45,economy,,,8010.0,False,07:25,ok,2026-09-16T02:12:12.906767+05:30,2026-09-16_0212IST,airline_direct,IndiGo
BLR,HYD,6E,IndiGo,6E 312,2026-10-31,45,economy,,,9518.0,False,09:15,ok,2026-09-16T02:12:12.906767+05:30,2026-09-16_0212IST,airline_direct,IndiGo
BLR,HYD,6E,IndiGo,6E 537,2026-10-31,45,economy,,,10390.0,False,10:15,ok,2026-09-16T02:12:12.906767+05:30,2026-09-16_0212IST,airline_direct,IndiGo
BLR,HYD,6E,IndiGo,6E 6404,2026-10-31,45,economy,,,13589.0,False,13:35,ok,2026-09-16T02:12:12.906767+05:30,2026-09-16_0212IST,airline_direct,IndiGo
BLR,HYD,6E,IndiGo,6E 6067,2026-10-31,45,economy,,,13589.0,False,16:40,ok,2026-09-16T02:12:12.906767+05:30,2026-09-16_0212IST,airline_direct,IndiGo
BLR,HYD,6E,IndiGo,6E 6923,2026-10-31,45,economy,,,14882.0,False,14:50,ok,2026-09-16T02:12:12.906767+05:30,2026-09-16_0212IST,airline_direct,IndiGo
BLR,HYD,6E,IndiGo,6E 6178,2026-10-31,45,economy,,,17886.0,False,11:25,ok,2026-09-16T02:12:12.906767+05:30,2026-09-16_0212IST,airline_direct,IndiGo
BLR,HYD,6E,IndiGo,6E 7217,2026-10-31,45,economy,,,5331.0,False,11:10,ok,2026-09-16T02:12:12.906767+05:30,2026-09-16_0212IST,airline_direct,IndiGo
BLR,HYD,6E,IndiGo,6E 7203,2026-10-31,45,economy,,,5463.0,False,07:00,ok,2026-09-16T02:12:12.906767+05:30,2026-09-16_0212IST,airline_direct,IndiGo
BLR,HYD,6E,IndiGo,6E 6445,2026-10-31,45,economy,,,5463.0,False,07:05,ok,2026-09-16T02:12:12.906767+05:30,2026-09-16_0212IST,airline_direct,IndiGo
BLR,HYD,6E,IndiGo,6E 6269,2026-10-31,45,economy,,,5463.0,False,07:10,ok,2026-09-16T02:12:12.906767+05:30,2026-09-16_0212IST,airline_direct,IndiGo
BLR,HYD,6E,IndiGo,6E 7298,2026-10-31,45,economy,,,5463.0,False,08:25,ok,2026-09-16T02:12:12.906767+05:30,2026-09-16_0212IST,airline_direct,IndiGo
BLR,HYD,6E,IndiGo,6E 113,2026-10-31,45,economy,,,5463.0,False,08:40,ok,2026-09-16T02:12:12.906767+05:30,2026-09-16_0212IST,airline_direct,IndiGo
BLR,HYD,6E,IndiGo,6E 857,2026-10-31,45,economy,,,5463.0,False,10:00,ok,2026-09-16T02:12:12.906767+05:30,2026-09-16_0212IST,airline_direct,IndiGo
BLR,HYD,6E,IndiGo,6E 857,2026-10-31,45,economy,,,5463.0,False,10:00,ok,2026-09-16T02:12:12.906767+05:30,2026-09-16_0212IST,airline_direct,IndiGo
BLR,HYD,6E,IndiGo,6E 6583,2026-10-31,45,economy,,,5463.0,False,11:20,ok,2026-09-16T02:12:12.906767+05:30,2026-09-16_0212IST,airline_direct,IndiGo
BLR,HYD,6E,IndiGo,6E 6583,2026-10-31,45,economy,,,5463.0,False,11:20,ok,2026-09-16T02:12:12.906767+05:30,2026-09-16_0212IST,airline_direct,IndiGo
BLR,HYD,6E,IndiGo,6E 6653,2026-10-31,45,economy,,,5463.0,False,12:25,ok,2026-09-16T02:12:12.906767+05:30,2026-09-16_0212IST,airline_direct,IndiGo
BLR,HYD,6E,IndiGo,6E 6653,2026-10-31,45,economy,,,5463.0,False,12:25,ok,2026-09-16T02:12:12.906767+05:30,2026-09-16_0212IST,airline_direct,IndiGo
BLR,HYD,6E,IndiGo,6E 703,2026-10-31,45,economy,,,5463.0,False,12:40,ok,2026-09-16T02:12:12.906767+05:30,2026-09-16_0212IST,airline_direct,IndiGo
BLR,HYD,6E,IndiGo,6E 703,2026-10-31,45,economy,,,5463.0,False,12:40,ok,2026-09-16T02:12:12.906767+05:30,2026-09-16_0212IST,airline_direct,IndiGo
BLR,HYD,6E,IndiGo,6E 356,2026-10-31,45,economy,,,5463.0,False,14:30,ok,2026-09-16T02:12:12.906767+05:30,2026-09-16_0212IST,airline_direct,IndiGo
BLR,HYD,6E,IndiGo,6E 356,2026-10-31,45,economy,,,5463.0,False,14:30,ok,2026-09-16T02:12:12.906767+05:30,2026-09-16_0212IST,airline_direct,IndiGo
BLR,HYD,6E,IndiGo,6E 356,2026-10-31,45,economy,,,5463.0,False,14:30,ok,2026-09-16T02:12:12.906767+05:30,2026-09-16_0212IST,airline_direct,IndiGo
BLR,HYD,6E,IndiGo,6E 498,2026-10-31,45,economy,,,5463.0,False,15:00,ok,2026-09-16T02:12:12.906767+05:30,2026-09-16_0212IST,airline_direct,IndiGo
BLR,HYD,6E,IndiGo,6E 498,2026-10-31,45,economy,,,5463.0,False,15:00,ok,2026-09-16T02:12:12.906767+05:30,2026-09-16_0212IST,airline_direct,IndiGo
BLR,HYD,6E,IndiGo,6E 6198,2026-10-31,45,economy,,,5463.0,False,15:05,ok,2026-09-16T02:12:12.906767+05:30,2026-09-16_0212IST,airline_direct,IndiGo
BLR,HYD,6E,IndiGo,6E 7223,2026-10-31,45,economy,,,5463.0,False,15:50,ok,2026-09-16T02:12:12.906767+05:30,2026-09-16_0212IST,airline_direct,IndiGo
BLR,HYD,6E,IndiGo,6E 602,2026-10-31,45,economy,,,5463.0,False,15:55,ok,2026-09-16T02:12:12.906767+05:30,2026-09-16_0212IST,airline_direct,IndiGo
BLR,HYD,6E,IndiGo,6E 109,2026-10-31,45,economy,,,5463.0,False,16:30,ok,2026-09-16T02:12:12.906767+05:30,2026-09-16_0212IST,airline_direct,IndiGo
BLR,HYD,6E,IndiGo,6E 6562,2026-10-31,45,economy,,,5463.0,False,16:50,ok,2026-09-16T02:12:12.906767+05:30,2026-09-16_0212IST,airline_direct,IndiGo
BLR,HYD,6E,IndiGo,6E 6562,2026-10-31,45,economy,,,5463.0,False,16:50,ok,2026-09-16T02:12:12.906767+05:30,2026-09-16_0212IST,airline_direct,IndiGo
BLR,HYD,6E,IndiGo,6E 6168,2026-10-31,45,economy,,,5463.0,False,17:25,ok,2026-09-16T02:12:12.906767+05:30,2026-09-16_0212IST,airline_direct,IndiGo
BLR,HYD,6E,IndiGo,6E 6017,2026-10-31,45,economy,,,5463.0,False,18:15,ok,2026-09-16T02:12:12.906767+05:30,2026-09-16_0212IST,airline_direct,IndiGo
BLR,HYD,6E,IndiGo,6E 6597,2026-10-31,45,economy,,,5463.0,False,18:35,ok,2026-09-16T02:12:12.906767+05:30,2026-09-16_0212IST,airline_direct,IndiGo
BLR,HYD,6E,IndiGo,6E 6554,2026-10-31,45,economy,,,5463.0,False,19:00,ok,2026-09-16T02:12:12.906767+05:30,2026-09-16_0212IST,airline_direct,IndiGo
BLR,HYD,6E,IndiGo,6E 6208,2026-10-31,45,economy,,,5463.0,False,19:15,ok,2026-09-16T02:12:12.906767+05:30,2026-09-16_0212IST,airline_direct,IndiGo
BLR,HYD,6E,IndiGo,6E 435,2026-10-31,45,economy,,,5463.0,False,20:00,ok,2026-09-16T02:12:12.906767+05:30,2026-09-16_0212IST,airline_direct,IndiGo
BLR,HYD,6E,IndiGo,6E 217,2026-10-31,45,economy,,,5594.0,False,06:05,ok,2026-09-16T02:12:12.906767+05:30,2026-09-16_0212IST,airline_direct,IndiGo
BLR,HYD,6E,IndiGo,6E 217,2026-10-31,45,economy,,,5594.0,False,06:05,ok,2026-09-16T02:12:12.906767+05:30,2026-09-16_0212IST,airline_direct,IndiGo
BLR,HYD,6E,IndiGo,6E 6003,2026-10-31,45,economy,,,5594.0,False,07:10,ok,2026-09-16T02:12:12.906767+05:30,2026-09-16_0212IST,airline_direct,IndiGo
BLR,HYD,6E,IndiGo,6E 6003,2026-10-31,45,economy,,,5594.0,False,07:10,ok,2026-09-16T02:12:12.906767+05:30,2026-09-16_0212IST,airline_direct,IndiGo
BLR,HYD,6E,IndiGo,6E 6753,2026-10-31,45,economy,,,5793.0,False,16:10,ok,2026-09-16T02:12:12.906767+05:30,2026-09-16_0212IST,airline_direct,IndiGo
BLR,HYD,6E,IndiGo,6E 6269,2026-10-31,45,economy,,,6153.0,False,07:10,ok,2026-09-16T02:12:12.906767+05:30,2026-09-16_0212IST,airline_direct,IndiGo
BLR,HYD,6E,IndiGo,6E 6858,2026-10-31,45,economy,,,6153.0,False,07:10,ok,2026-09-16T02:12:12.906767+05:30,2026-09-16_0212IST,airline_direct,IndiGo
BLR,HYD,6E,IndiGo,6E 6269,2026-10-31,45,economy,,,6543.0,False,07:10,ok,2026-09-16T02:12:12.906767+05:30,2026-09-16_0212IST,airline_direct,IndiGo
BLR,HYD,6E,IndiGo,6E 105,2026-10-31,45,economy,,,6543.0,False,21:55,ok,2026-09-16T02:12:12.906767+05:30,2026-09-16_0212IST,airline_direct,IndiGo
BLR,HYD,6E,IndiGo,6E 904,2026-10-31,45,economy,,,6969.0,False,08:55,ok,2026-09-16T02:12:12.906767+05:30,2026-09-16_0212IST,airline_direct,IndiGo
BLR,HYD,6E,IndiGo,6E 575,2026-10-31,45,economy,,,6969.0,False,10:50,ok,2026-09-16T02:12:12.906767+05:30,2026-09-16_0212IST,airline_direct,IndiGo
BLR,HYD,6E,IndiGo,6E 6563,2026-10-31,45,economy,,,6969.0,False,23:30,ok,2026-09-16T02:12:12.906767+05:30,2026-09-16_0212IST,airline_direct,IndiGo
BLR,HYD,6E,IndiGo,6E 144,2026-10-31,45,economy,,,7432.0,False,16:45,ok,2026-09-16T02:12:12.906767+05:30,2026-09-16_0212IST,airline_direct,IndiGo
BLR,HYD,6E,IndiGo,6E 6563,2026-10-31,45,economy,,,7432.0,False,23:30,ok,2026-09-16T02:12:12.906767+05:30,2026-09-16_0212IST,airline_direct,IndiGo
BLR,HYD,6E,IndiGo,6E 7281,2026-10-31,45,economy,,,8266.0,False,06:55,ok,2026-09-16T02:12:12.906767+05:30,2026-09-16_0212IST,airline_direct,IndiGo
BLR,HYD,6E,IndiGo,6E 575,2026-10-31,45,economy,,,9730.0,False,10:50,ok,2026-09-16T02:12:12.906767+05:30,2026-09-16_0212IST,airline_direct,IndiGo
BLR,HYD,6E,IndiGo,6E 6876,2026-10-31,45,economy,,,15949.0,False,02:00,ok,2026-09-16T02:12:12.906767+05:30,2026-09-16_0212IST,airline_direct,IndiGo
BLR,HYD,6E,IndiGo,6E 904,2026-10-31,45,economy,,,16191.0,False,08:55,ok,2026-09-16T02:12:12.906767+05:30,2026-09-16_0212IST,airline_direct,IndiGo
BLR,HYD,6E,IndiGo,6E 575,2026-10-31,45,economy,,,17132.0,False,10:50,ok,2026-09-16T02:12:12.906767+05:30,2026-09-16_0212IST,airline_direct,IndiGo
MAA,DEL,6E,IndiGo,6E 953,2026-10-31,45,business,,,24700.0,False,02:45,ok,2026-09-16T02:13:21.975329+05:30,2026-09-16_0213IST,airline_direct,IndiGo
MAA,DEL,6E,IndiGo,6E 953,2026-10-31,45,economy,,,9830.0,False,02:45,ok,2026-09-16T02:13:21.975329+05:30,2026-09-16_0213IST,airline_direct,IndiGo
MAA,DEL,6E,IndiGo,6E 937,2026-10-31,45,business,,,24700.0,False,05:45,ok,2026-09-16T02:13:21.975329+05:30,2026-09-16_0213IST,airline_direct,IndiGo
MAA,DEL,6E,IndiGo,6E 937,2026-10-31,45,economy,,,9830.0,False,05:45,ok,2026-09-16T02:13:21.975329+05:30,2026-09-16_0213IST,airline_direct,IndiGo
MAA,DEL,6E,IndiGo,6E 6343,2026-10-31,45,business,,,24700.0,False,23:45,ok,2026-09-16T02:13:21.975329+05:30,2026-09-16_0213IST,airline_direct,IndiGo
MAA,DEL,6E,IndiGo,6E 6343,2026-10-31,45,economy,,,9830.0,False,23:45,ok,2026-09-16T02:13:21.975329+05:30,2026-09-16_0213IST,airline_direct,IndiGo
MAA,DEL,6E,IndiGo,6E 2202,2026-10-31,45,business,,,24700.0,False,21:30,ok,2026-09-16T02:13:21.975329+05:30,2026-09-16_0213IST,airline_direct,IndiGo
MAA,DEL,6E,IndiGo,6E 2202,2026-10-31,45,economy,,,10295.0,False,21:30,ok,2026-09-16T02:13:21.975329+05:30,2026-09-16_0213IST,airline_direct,IndiGo
MAA,DEL,6E,IndiGo,6E 404,2026-10-31,45,business,,,24700.0,False,09:00,ok,2026-09-16T02:13:21.975329+05:30,2026-09-16_0213IST,airline_direct,IndiGo
MAA,DEL,6E,IndiGo,6E 404,2026-10-31,45,economy,,,10785.0,False,09:00,ok,2026-09-16T02:13:21.975329+05:30,2026-09-16_0213IST,airline_direct,IndiGo
MAA,DEL,6E,IndiGo,6E 948,2026-10-31,45,business,,,24700.0,False,14:15,ok,2026-09-16T02:13:21.975329+05:30,2026-09-16_0213IST,airline_direct,IndiGo
MAA,DEL,6E,IndiGo,6E 948,2026-10-31,45,economy,,,10785.0,False,14:15,ok,2026-09-16T02:13:21.975329+05:30,2026-09-16_0213IST,airline_direct,IndiGo
MAA,DEL,6E,IndiGo,6E 698,2026-10-31,45,business,,,24700.0,False,16:30,ok,2026-09-16T02:13:21.975329+05:30,2026-09-16_0213IST,airline_direct,IndiGo
MAA,DEL,6E,IndiGo,6E 698,2026-10-31,45,economy,,,10785.0,False,16:30,ok,2026-09-16T02:13:21.975329+05:30,2026-09-16_0213IST,airline_direct,IndiGo
MAA,DEL,6E,IndiGo,6E 613,2026-10-31,45,business,,,24700.0,False,19:00,ok,2026-09-16T02:13:21.975329+05:30,2026-09-16_0213IST,airline_direct,IndiGo
MAA,DEL,6E,IndiGo,6E 613,2026-10-31,45,economy,,,10785.0,False,19:00,ok,2026-09-16T02:13:21.975329+05:30,2026-09-16_0213IST,airline_direct,IndiGo
MAA,DEL,6E,IndiGo,6E 6002,2026-10-31,45,business,,,24700.0,False,11:00,ok,2026-09-16T02:13:21.975329+05:30,2026-09-16_0213IST,airline_direct,IndiGo
MAA,DEL,6E,IndiGo,6E 6002,2026-10-31,45,economy,,,11303.0,False,11:00,ok,2026-09-16T02:13:21.975329+05:30,2026-09-16_0213IST,airline_direct,IndiGo
MAA,DEL,6E,IndiGo,6E 2335,2026-10-31,45,business,,,24700.0,False,12:30,ok,2026-09-16T02:13:21.975329+05:30,2026-09-16_0213IST,airline_direct,IndiGo
MAA,DEL,6E,IndiGo,6E 2335,2026-10-31,45,economy,,,11303.0,False,12:30,ok,2026-09-16T02:13:21.975329+05:30,2026-09-16_0213IST,airline_direct,IndiGo
MAA,DEL,6E,IndiGo,6E 6797,2026-10-31,45,economy,,,9568.0,False,13:50,ok,2026-09-16T02:13:21.975329+05:30,2026-09-16_0213IST,airline_direct,IndiGo
MAA,DEL,6E,IndiGo,6E 6079,2026-10-31,45,economy,,,9778.0,False,05:55,ok,2026-09-16T02:13:21.975329+05:30,2026-09-16_0213IST,airline_direct,IndiGo
MAA,DEL,6E,IndiGo,6E 293,2026-10-31,45,business,,,27358.0,False,07:20,ok,2026-09-16T02:13:21.975329+05:30,2026-09-16_0213IST,airline_direct,IndiGo
MAA,DEL,6E,IndiGo,6E 293,2026-10-31,45,economy,,,9778.0,False,07:20,ok,2026-09-16T02:13:21.975329+05:30,2026-09-16_0213IST,airline_direct,IndiGo
MAA,DEL,6E,IndiGo,6E 834,2026-10-31,45,business,,,29163.0,False,09:45,ok,2026-09-16T02:13:21.975329+05:30,2026-09-16_0213IST,airline_direct,IndiGo
MAA,DEL,6E,IndiGo,6E 834,2026-10-31,45,economy,,,9778.0,False,09:45,ok,2026-09-16T02:13:21.975329+05:30,2026-09-16_0213IST,airline_direct,IndiGo
MAA,DEL,6E,IndiGo,6E 6925,2026-10-31,45,business,,,30759.0,False,10:40,ok,2026-09-16T02:13:21.975329+05:30,2026-09-16_0213IST,airline_direct,IndiGo
MAA,DEL,6E,IndiGo,6E 6925,2026-10-31,45,economy,,,9778.0,False,10:40,ok,2026-09-16T02:13:21.975329+05:30,2026-09-16_0213IST,airline_direct,IndiGo
MAA,DEL,6E,IndiGo,6E 848,2026-10-31,45,economy,,,9778.0,False,11:15,ok,2026-09-16T02:13:21.975329+05:30,2026-09-16_0213IST,airline_direct,IndiGo
MAA,DEL,6E,IndiGo,6E 244,2026-10-31,45,economy,,,9778.0,False,12:15,ok,2026-09-16T02:13:21.975329+05:30,2026-09-16_0213IST,airline_direct,IndiGo
MAA,DEL,6E,IndiGo,6E 6158,2026-10-31,45,business,,,30258.0,False,15:45,ok,2026-09-16T02:13:21.975329+05:30,2026-09-16_0213IST,airline_direct,IndiGo
MAA,DEL,6E,IndiGo,6E 6158,2026-10-31,45,economy,,,9778.0,False,15:45,ok,2026-09-16T02:13:21.975329+05:30,2026-09-16_0213IST,airline_direct,IndiGo
MAA,DEL,6E,IndiGo,6E 193,2026-10-31,45,business,,,29799.0,False,17:25,ok,2026-09-16T02:13:21.975329+05:30,2026-09-16_0213IST,airline_direct,IndiGo
MAA,DEL,6E,IndiGo,6E 193,2026-10-31,45,economy,,,9778.0,False,17:25,ok,2026-09-16T02:13:21.975329+05:30,2026-09-16_0213IST,airline_direct,IndiGo
MAA,DEL,6E,IndiGo,6E 2445,2026-10-31,45,business,,,29799.0,False,18:35,ok,2026-09-16T02:13:21.975329+05:30,2026-09-16_0213IST,airline_direct,IndiGo
MAA,DEL,6E,IndiGo,6E 2445,2026-10-31,45,economy,,,9778.0,False,18:35,ok,2026-09-16T02:13:21.975329+05:30,2026-09-16_0213IST,airline_direct,IndiGo
MAA,DEL,6E,IndiGo,6E 2445,2026-10-31,45,business,,,29799.0,False,18:35,ok,2026-09-16T02:13:21.975329+05:30,2026-09-16_0213IST,airline_direct,IndiGo
MAA,DEL,6E,IndiGo,6E 2445,2026-10-31,45,economy,,,9778.0,False,18:35,ok,2026-09-16T02:13:21.975329+05:30,2026-09-16_0213IST,airline_direct,IndiGo
MAA,DEL,6E,IndiGo,6E 6215,2026-10-31,45,business,,,29799.0,False,19:40,ok,2026-09-16T02:13:21.975329+05:30,2026-09-16_0213IST,airline_direct,IndiGo
MAA,DEL,6E,IndiGo,6E 6215,2026-10-31,45,economy,,,9778.0,False,19:40,ok,2026-09-16T02:13:21.975329+05:30,2026-09-16_0213IST,airline_direct,IndiGo
MAA,DEL,6E,IndiGo,6E 6374,2026-10-31,45,economy,,,9778.0,False,20:45,ok,2026-09-16T02:13:21.975329+05:30,2026-09-16_0213IST,airline_direct,IndiGo
MAA,DEL,6E,IndiGo,6E 6487,2026-10-31,45,business,,,29799.0,False,21:35,ok,2026-09-16T02:13:21.975329+05:30,2026-09-16_0213IST,airline_direct,IndiGo
MAA,DEL,6E,IndiGo,6E 6487,2026-10-31,45,economy,,,9778.0,False,21:35,ok,2026-09-16T02:13:21.975329+05:30,2026-09-16_0213IST,airline_direct,IndiGo
MAA,DEL,6E,IndiGo,6E 2507,2026-10-31,45,business,,,28415.0,False,22:10,ok,2026-09-16T02:13:21.975329+05:30,2026-09-16_0213IST,airline_direct,IndiGo
MAA,DEL,6E,IndiGo,6E 2507,2026-10-31,45,economy,,,9778.0,False,22:10,ok,2026-09-16T02:13:21.975329+05:30,2026-09-16_0213IST,airline_direct,IndiGo
MAA,DEL,6E,IndiGo,6E 847,2026-10-31,45,business,,,30837.0,False,16:20,ok,2026-09-16T02:13:21.975329+05:30,2026-09-16_0213IST,airline_direct,IndiGo
MAA,DEL,6E,IndiGo,6E 847,2026-10-31,45,economy,,,9857.0,False,16:20,ok,2026-09-16T02:13:21.975329+05:30,2026-09-16_0213IST,airline_direct,IndiGo
MAA,DEL,6E,IndiGo,6E 6381,2026-10-31,45,economy,,,9857.0,False,17:45,ok,2026-09-16T02:13:21.975329+05:30,2026-09-16_0213IST,airline_direct,IndiGo
MAA,DEL,6E,IndiGo,6E 796,2026-10-31,45,business,,,31788.0,False,20:45,ok,2026-09-16T02:13:21.975329+05:30,2026-09-16_0213IST,airline_direct,IndiGo
MAA,DEL,6E,IndiGo,6E 796,2026-10-31,45,economy,,,9857.0,False,20:45,ok,2026-09-16T02:13:21.975329+05:30,2026-09-16_0213IST,airline_direct,IndiGo
MAA,DEL,6E,IndiGo,6E 5093,2026-10-31,45,business,,,35375.0,False,05:30,ok,2026-09-16T02:13:21.975329+05:30,2026-09-16_0213IST,airline_direct,IndiGo
MAA,DEL,6E,IndiGo,6E 5093,2026-10-31,45,economy,,,9988.0,False,05:30,ok,2026-09-16T02:13:21.975329+05:30,2026-09-16_0213IST,airline_direct,IndiGo
MAA,DEL,6E,IndiGo,6E 5314,2026-10-31,45,business,,,35375.0,False,08:00,ok,2026-09-16T02:13:21.975329+05:30,2026-09-16_0213IST,airline_direct,IndiGo
MAA,DEL,6E,IndiGo,6E 5314,2026-10-31,45,economy,,,9988.0,False,08:00,ok,2026-09-16T02:13:21.975329+05:30,2026-09-16_0213IST,airline_direct,IndiGo
MAA,DEL,6E,IndiGo,6E 5214,2026-10-31,45,business,,,35375.0,False,11:30,ok,2026-09-16T02:13:21.975329+05:30,2026-09-16_0213IST,airline_direct,IndiGo
MAA,DEL,6E,IndiGo,6E 5214,2026-10-31,45,economy,,,9988.0,False,11:30,ok,2026-09-16T02:13:21.975329+05:30,2026-09-16_0213IST,airline_direct,IndiGo
MAA,DEL,6E,IndiGo,6E 5371,2026-10-31,45,business,,,35375.0,False,16:00,ok,2026-09-16T02:13:21.975329+05:30,2026-09-16_0213IST,airline_direct,IndiGo
MAA,DEL,6E,IndiGo,6E 5371,2026-10-31,45,economy,,,9988.0,False,16:00,ok,2026-09-16T02:13:21.975329+05:30,2026-09-16_0213IST,airline_direct,IndiGo
MAA,DEL,6E,IndiGo,6E 588,2026-10-31,45,business,,,36481.0,False,18:55,ok,2026-09-16T02:13:21.975329+05:30,2026-09-16_0213IST,airline_direct,IndiGo
MAA,DEL,6E,IndiGo,6E 588,2026-10-31,45,economy,,,9988.0,False,18:55,ok,2026-09-16T02:13:21.975329+05:30,2026-09-16_0213IST,airline_direct,IndiGo
MAA,DEL,6E,IndiGo,6E 143,2026-10-31,45,economy,,,9988.0,False,20:10,ok,2026-09-16T02:13:21.975329+05:30,2026-09-16_0213IST,airline_direct,IndiGo
MAA,DEL,6E,IndiGo,6E 6602,2026-10-31,45,economy,,,10146.0,False,19:10,ok,2026-09-16T02:13:21.975329+05:30,2026-09-16_0213IST,airline_direct,IndiGo
MAA,DEL,6E,IndiGo,6E 430,2026-10-31,45,economy,,,10535.0,False,11:40,ok,2026-09-16T02:13:21.975329+05:30,2026-09-16_0213IST,airline_direct,IndiGo
MAA,DEL,6E,IndiGo,6E 495,2026-10-31,45,business,,,32563.0,False,13:00,ok,2026-09-16T02:13:21.975329+05:30,2026-09-16_0213IST,airline_direct,IndiGo
MAA,DEL,6E,IndiGo,6E 495,2026-10-31,45,economy,,,10535.0,False,13:00,ok,2026-09-16T02:13:21.975329+05:30,2026-09-16_0213IST,airline_direct,IndiGo
MAA,DEL,6E,IndiGo,6E 401,2026-10-31,45,economy,,,10535.0,False,15:45,ok,2026-09-16T02:13:21.975329+05:30,2026-09-16_0213IST,airline_direct,IndiGo
MAA,DEL,6E,IndiGo,6E 6209,2026-10-31,45,business,,,31788.0,False,12:40,ok,2026-09-16T02:13:21.975329+05:30,2026-09-16_0213IST,airline_direct,IndiGo
MAA,DEL,6E,IndiGo,6E 6209,2026-10-31,45,economy,,,10614.0,False,12:40,ok,2026-09-16T02:13:21.975329+05:30,2026-09-16_0213IST,airline_direct,IndiGo
MAA,DEL,6E,IndiGo,6E 6892,2026-10-31,45,business,,,32334.0,False,17:25,ok,2026-09-16T02:13:21.975329+05:30,2026-09-16_0213IST,airline_direct,IndiGo
MAA,DEL,6E,IndiGo,6E 6892,2026-10-31,45,economy,,,10614.0,False,17:25,ok,2026-09-16T02:13:21.975329+05:30,2026-09-16_0213IST,airline_direct,IndiGo
MAA,DEL,6E,IndiGo,6E 6892,2026-10-31,45,business,,,32334.0,False,17:25,ok,2026-09-16T02:13:21.975329+05:30,2026-09-16_0213IST,airline_direct,IndiGo
MAA,DEL,6E,IndiGo,6E 6892,2026-10-31,45,economy,,,10614.0,False,17:25,ok,2026-09-16T02:13:21.975329+05:30,2026-09-16_0213IST,airline_direct,IndiGo
MAA,DEL,6E,IndiGo,6E 607,2026-10-31,45,business,,,28061.0,False,04:50,ok,2026-09-16T02:13:21.975329+05:30,2026-09-16_0213IST,airline_direct,IndiGo
MAA,DEL,6E,IndiGo,6E 607,2026-10-31,45,economy,,,11366.0,False,04:50,ok,2026-09-16T02:13:21.975329+05:30,2026-09-16_0213IST,airline_direct,IndiGo
MAA,DEL,6E,IndiGo,6E 6815,2026-10-31,45,business,,,31290.0,False,08:55,ok,2026-09-16T02:13:21.975329+05:30,2026-09-16_0213IST,airline_direct,IndiGo
MAA,DEL,6E,IndiGo,6E 6815,2026-10-31,45,economy,,,11445.0,False,08:55,ok,2026-09-16T02:13:21.975329+05:30,2026-09-16_0213IST,airline_direct,IndiGo
MAA,DEL,6E,IndiGo,6E 2505,2026-10-31,45,business,,,30424.0,False,18:45,ok,2026-09-16T02:13:21.975329+05:30,2026-09-16_0213IST,airline_direct,IndiGo
MAA,DEL,6E,IndiGo,6E 2505,2026-10-31,45,economy,,,11445.0,False,18:45,ok,2026-09-16T02:13:21.975329+05:30,2026-09-16_0213IST,airline_direct,IndiGo
MAA,DEL,6E,IndiGo,6E 6225,2026-10-31,45,business,,,35375.0,False,23:15,ok,2026-09-16T02:13:21.975329+05:30,2026-09-16_0213IST,airline_direct,IndiGo
MAA,DEL,6E,IndiGo,6E 6225,2026-10-31,45,economy,,,11576.0,False,23:15,ok,2026-09-16T02:13:21.975329+05:30,2026-09-16_0213IST,airline_direct,IndiGo
MAA,DEL,6E,IndiGo,6E 607,2026-10-31,45,business,,,28061.0,False,04:50,ok,2026-09-16T02:13:21.975329+05:30,2026-09-16_0213IST,airline_direct,IndiGo
MAA,DEL,6E,IndiGo,6E 607,2026-10-31,45,economy,,,12277.0,False,04:50,ok,2026-09-16T02:13:21.975329+05:30,2026-09-16_0213IST,airline_direct,IndiGo
MAA,DEL,6E,IndiGo,6E 365,2026-10-31,45,business,,,29704.0,False,15:00,ok,2026-09-16T02:13:21.975329+05:30,2026-09-16_0213IST,airline_direct,IndiGo
MAA,DEL,6E,IndiGo,6E 365,2026-10-31,45,economy,,,12356.0,False,15:00,ok,2026-09-16T02:13:21.975329+05:30,2026-09-16_0213IST,airline_direct,IndiGo
MAA,DEL,6E,IndiGo,6E 189,2026-10-31,45,business,,,29704.0,False,19:45,ok,2026-09-16T02:13:21.975329+05:30,2026-09-16_0213IST,airline_direct,IndiGo
MAA,DEL,6E,IndiGo,6E 189,2026-10-31,45,economy,,,12356.0,False,19:45,ok,2026-09-16T02:13:21.975329+05:30,2026-09-16_0213IST,airline_direct,IndiGo
MAA,DEL,6E,IndiGo,6E 6081,2026-10-31,45,business,,,29704.0,False,07:05,ok,2026-09-16T02:13:21.975329+05:30,2026-09-16_0213IST,airline_direct,IndiGo
MAA,DEL,6E,IndiGo,6E 6081,2026-10-31,45,economy,,,13356.0,False,07:05,ok,2026-09-16T02:13:21.975329+05:30,2026-09-16_0213IST,airline_direct,IndiGo
MAA,DEL,6E,IndiGo,6E 6081,2026-10-31,45,business,,,29704.0,False,07:05,ok,2026-09-16T02:13:21.975329+05:30,2026-09-16_0213IST,airline_direct,IndiGo
MAA,DEL,6E,IndiGo,6E 6081,2026-10-31,45,economy,,,13356.0,False,07:05,ok,2026-09-16T02:13:21.975329+05:30,2026-09-16_0213IST,airline_direct,IndiGo
MAA,DEL,6E,IndiGo,6E 562,2026-10-31,45,business,,,29704.0,False,10:20,ok,2026-09-16T02:13:21.975329+05:30,2026-09-16_0213IST,airline_direct,IndiGo
MAA,DEL,6E,IndiGo,6E 562,2026-10-31,45,economy,,,13356.0,False,10:20,ok,2026-09-16T02:13:21.975329+05:30,2026-09-16_0213IST,airline_direct,IndiGo
MAA,DEL,6E,IndiGo,6E 6925,2026-10-31,45,business,,,27358.0,False,10:40,ok,2026-09-16T02:13:21.975329+05:30,2026-09-16_0213IST,airline_direct,IndiGo
MAA,DEL,6E,IndiGo,6E 6925,2026-10-31,45,economy,,,14373.0,False,10:40,ok,2026-09-16T02:13:21.975329+05:30,2026-09-16_0213IST,airline_direct,IndiGo
MAA,DEL,6E,IndiGo,6E 916,2026-10-31,45,business,,,28415.0,False,00:45,ok,2026-09-16T02:13:21.975329+05:30,2026-09-16_0213IST,airline_direct,IndiGo
MAA,DEL,6E,IndiGo,6E 916,2026-10-31,45,economy,,,15577.0,False,00:45,ok,2026-09-16T02:13:21.975329+05:30,2026-09-16_0213IST,airline_direct,IndiGo
MAA,DEL,6E,IndiGo,6E 253,2026-10-31,45,business,,,28415.0,False,02:20,ok,2026-09-16T02:13:21.975329+05:30,2026-09-16_0213IST,airline_direct,IndiGo
MAA,DEL,6E,IndiGo,6E 253,2026-10-31,45,economy,,,15577.0,False,02:20,ok,2026-09-16T02:13:21.975329+05:30,2026-09-16_0213IST,airline_direct,IndiGo
MAA,DEL,6E,IndiGo,6E 515,2026-10-31,45,economy,,,16977.0,False,13:20,ok,2026-09-16T02:13:21.975329+05:30,2026-09-16_0213IST,airline_direct,IndiGo
MAA,DEL,6E,IndiGo,6E 321,2026-10-31,45,business,,,32810.0,False,08:15,ok,2026-09-16T02:13:21.975329+05:30,2026-09-16_0213IST,airline_direct,IndiGo
MAA,DEL,6E,IndiGo,6E 321,2026-10-31,45,economy,,,17426.0,False,08:15,ok,2026-09-16T02:13:21.975329+05:30,2026-09-16_0213IST,airline_direct,IndiGo
MAA,DEL,6E,IndiGo,6E 987,2026-10-31,45,business,,,33518.0,False,06:05,ok,2026-09-16T02:13:21.975329+05:30,2026-09-16_0213IST,airline_direct,IndiGo
MAA,DEL,6E,IndiGo,6E 987,2026-10-31,45,economy,,,18140.0,False,06:05,ok,2026-09-16T02:13:21.975329+05:30,2026-09-16_0213IST,airline_direct,IndiGo
MAA,DEL,6E,IndiGo,6E 6662,2026-10-31,45,business,,,34226.0,False,23:00,ok,2026-09-16T02:13:21.975329+05:30,2026-09-16_0213IST,airline_direct,IndiGo
MAA,DEL,6E,IndiGo,6E 6662,2026-10-31,45,economy,,,19277.0,False,23:00,ok,2026-09-16T02:13:21.975329+05:30,2026-09-16_0213IST,airline_direct,IndiGo
MAA,DEL,6E,IndiGo,6E 6326,2026-10-31,45,business,,,35760.0,False,12:10,ok,2026-09-16T02:13:21.975329+05:30,2026-09-16_0213IST,airline_direct,IndiGo
MAA,DEL,6E,IndiGo,6E 6326,2026-10-31,45,economy,,,20450.0,False,12:10,ok,2026-09-16T02:13:21.975329+05:30,2026-09-16_0213IST,airline_direct,IndiGo
DEL,BOM,6E,IndiGo,6E 353,2026-10-16,30,business,,,21900.0,False,03:00,ok,2026-09-16T02:14:27.268649+05:30,2026-09-16_0214IST,airline_direct,IndiGo
DEL,BOM,6E,IndiGo,6E 353,2026-10-16,30,economy,,,6546.0,False,03:00,ok,2026-09-16T02:14:27.268649+05:30,2026-09-16_0214IST,airline_direct,IndiGo
DEL,BOM,6E,IndiGo,6E 449,2026-10-16,30,business,,,21900.0,False,05:00,ok,2026-09-16T02:14:27.268649+05:30,2026-09-16_0214IST,airline_direct,IndiGo
DEL,BOM,6E,IndiGo,6E 449,2026-10-16,30,economy,,,6546.0,False,05:00,ok,2026-09-16T02:14:27.268649+05:30,2026-09-16_0214IST,airline_direct,IndiGo
DEL,BOM,6E,IndiGo,6E 6218,2026-10-16,30,business,,,21900.0,False,06:05,ok,2026-09-16T02:14:27.268649+05:30,2026-09-16_0214IST,airline_direct,IndiGo
DEL,BOM,6E,IndiGo,6E 6218,2026-10-16,30,economy,,,6546.0,False,06:05,ok,2026-09-16T02:14:27.268649+05:30,2026-09-16_0214IST,airline_direct,IndiGo
DEL,BOM,6E,IndiGo,6E 320,2026-10-16,30,business,,,21900.0,False,08:00,ok,2026-09-16T02:14:27.268649+05:30,2026-09-16_0214IST,airline_direct,IndiGo
DEL,BOM,6E,IndiGo,6E 320,2026-10-16,30,economy,,,6546.0,False,08:00,ok,2026-09-16T02:14:27.268649+05:30,2026-09-16_0214IST,airline_direct,IndiGo
DEL,BOM,6E,IndiGo,6E 675,2026-10-16,30,business,,,21900.0,False,08:45,ok,2026-09-16T02:14:27.268649+05:30,2026-09-16_0214IST,airline_direct,IndiGo
DEL,BOM,6E,IndiGo,6E 675,2026-10-16,30,economy,,,6546.0,False,08:45,ok,2026-09-16T02:14:27.268649+05:30,2026-09-16_0214IST,airline_direct,IndiGo
DEL,BOM,6E,IndiGo,6E 6107,2026-10-16,30,business,,,21900.0,False,09:30,ok,2026-09-16T02:14:27.268649+05:30,2026-09-16_0214IST,airline_direct,IndiGo
DEL,BOM,6E,IndiGo,6E 6107,2026-10-16,30,economy,,,6546.0,False,09:30,ok,2026-09-16T02:14:27.268649+05:30,2026-09-16_0214IST,airline_direct,IndiGo
DEL,BOM,6E,IndiGo,6E 6328,2026-10-16,30,business,,,21900.0,False,10:15,ok,2026-09-16T02:14:27.268649+05:30,2026-09-16_0214IST,airline_direct,IndiGo
DEL,BOM,6E,IndiGo,6E 6328,2026-10-16,30,economy,,,6546.0,False,10:15,ok,2026-09-16T02:14:27.268649+05:30,2026-09-16_0214IST,airline_direct,IndiGo
DEL,BOM,6E,IndiGo,6E 6047,2026-10-16,30,business,,,21900.0,False,11:00,ok,2026-09-16T02:14:27.268649+05:30,2026-09-16_0214IST,airline_direct,IndiGo
DEL,BOM,6E,IndiGo,6E 6047,2026-10-16,30,economy,,,6546.0,False,11:00,ok,2026-09-16T02:14:27.268649+05:30,2026-09-16_0214IST,airline_direct,IndiGo
DEL,BOM,6E,IndiGo,6E 6676,2026-10-16,30,business,,,21900.0,False,12:00,ok,2026-09-16T02:14:27.268649+05:30,2026-09-16_0214IST,airline_direct,IndiGo
DEL,BOM,6E,IndiGo,6E 6676,2026-10-16,30,economy,,,6546.0,False,12:00,ok,2026-09-16T02:14:27.268649+05:30,2026-09-16_0214IST,airline_direct,IndiGo
DEL,BOM,6E,IndiGo,6E 324,2026-10-16,30,business,,,21900.0,False,13:00,ok,2026-09-16T02:14:27.268649+05:30,2026-09-16_0214IST,airline_direct,IndiGo
DEL,BOM,6E,IndiGo,6E 324,2026-10-16,30,economy,,,6546.0,False,13:00,ok,2026-09-16T02:14:27.268649+05:30,2026-09-16_0214IST,airline_direct,IndiGo
DEL,BOM,6E,IndiGo,6E 6022,2026-10-16,30,business,,,21900.0,False,14:00,ok,2026-09-16T02:14:27.268649+05:30,2026-09-16_0214IST,airline_direct,IndiGo
DEL,BOM,6E,IndiGo,6E 6022,2026-10-16,30,economy,,,6546.0,False,14:00,ok,2026-09-16T02:14:27.268649+05:30,2026-09-16_0214IST,airline_direct,IndiGo
DEL,BOM,6E,IndiGo,6E 6318,2026-10-16,30,business,,,21900.0,False,14:45,ok,2026-09-16T02:14:27.268649+05:30,2026-09-16_0214IST,airline_direct,IndiGo
DEL,BOM,6E,IndiGo,6E 6318,2026-10-16,30,economy,,,6546.0,False,14:45,ok,2026-09-16T02:14:27.268649+05:30,2026-09-16_0214IST,airline_direct,IndiGo
DEL,BOM,6E,IndiGo,6E 864,2026-10-16,30,business,,,21900.0,False,15:30,ok,2026-09-16T02:14:27.268649+05:30,2026-09-16_0214IST,airline_direct,IndiGo
DEL,BOM,6E,IndiGo,6E 864,2026-10-16,30,economy,,,6546.0,False,15:30,ok,2026-09-16T02:14:27.268649+05:30,2026-09-16_0214IST,airline_direct,IndiGo
DEL,BOM,6E,IndiGo,6E 327,2026-10-16,30,business,,,21900.0,False,16:15,ok,2026-09-16T02:14:27.268649+05:30,2026-09-16_0214IST,airline_direct,IndiGo
DEL,BOM,6E,IndiGo,6E 327,2026-10-16,30,economy,,,6546.0,False,16:15,ok,2026-09-16T02:14:27.268649+05:30,2026-09-16_0214IST,airline_direct,IndiGo
DEL,BOM,6E,IndiGo,6E 6114,2026-10-16,30,business,,,21900.0,False,22:45,ok,2026-09-16T02:14:27.268649+05:30,2026-09-16_0214IST,airline_direct,IndiGo
DEL,BOM,6E,IndiGo,6E 6114,2026-10-16,30,economy,,,6546.0,False,22:45,ok,2026-09-16T02:14:27.268649+05:30,2026-09-16_0214IST,airline_direct,IndiGo
DEL,BOM,6E,IndiGo,6E 322,2026-10-16,30,business,,,21900.0,False,23:30,ok,2026-09-16T02:14:27.268649+05:30,2026-09-16_0214IST,airline_direct,IndiGo
DEL,BOM,6E,IndiGo,6E 322,2026-10-16,30,economy,,,6546.0,False,23:30,ok,2026-09-16T02:14:27.268649+05:30,2026-09-16_0214IST,airline_direct,IndiGo
DEL,BOM,6E,IndiGo,6E 329,2026-10-16,30,business,,,21900.0,False,18:00,ok,2026-09-16T02:14:27.268649+05:30,2026-09-16_0214IST,airline_direct,IndiGo
DEL,BOM,6E,IndiGo,6E 329,2026-10-16,30,economy,,,6696.0,False,18:00,ok,2026-09-16T02:14:27.268649+05:30,2026-09-16_0214IST,airline_direct,IndiGo
DEL,BOM,6E,IndiGo,6E 395,2026-10-16,30,business,,,21900.0,False,21:45,ok,2026-09-16T02:14:27.268649+05:30,2026-09-16_0214IST,airline_direct,IndiGo
DEL,BOM,6E,IndiGo,6E 395,2026-10-16,30,economy,,,6696.0,False,21:45,ok,2026-09-16T02:14:27.268649+05:30,2026-09-16_0214IST,airline_direct,IndiGo
DEL,BOM,6E,IndiGo,6E 6814,2026-10-16,30,business,,,21900.0,False,07:15,ok,2026-09-16T02:14:27.268649+05:30,2026-09-16_0214IST,airline_direct,IndiGo
DEL,BOM,6E,IndiGo,6E 6814,2026-10-16,30,economy,,,6996.0,False,07:15,ok,2026-09-16T02:14:27.268649+05:30,2026-09-16_0214IST,airline_direct,IndiGo
DEL,BOM,6E,IndiGo,6E 6706,2026-10-16,30,business,,,21900.0,False,17:00,ok,2026-09-16T02:14:27.268649+05:30,2026-09-16_0214IST,airline_direct,IndiGo
DEL,BOM,6E,IndiGo,6E 6706,2026-10-16,30,economy,,,6996.0,False,17:00,ok,2026-09-16T02:14:27.268649+05:30,2026-09-16_0214IST,airline_direct,IndiGo
DEL,BOM,6E,IndiGo,6E 354,2026-10-16,30,business,,,21900.0,False,19:00,ok,2026-09-16T02:14:27.268649+05:30,2026-09-16_0214IST,airline_direct,IndiGo
DEL,BOM,6E,IndiGo,6E 354,2026-10-16,30,economy,,,6996.0,False,19:00,ok,2026-09-16T02:14:27.268649+05:30,2026-09-16_0214IST,airline_direct,IndiGo
DEL,BOM,6E,IndiGo,6E 303,2026-10-16,30,business,,,21900.0,False,20:00,ok,2026-09-16T02:14:27.268649+05:30,2026-09-16_0214IST,airline_direct,IndiGo
DEL,BOM,6E,IndiGo,6E 303,2026-10-16,30,economy,,,6996.0,False,20:00,ok,2026-09-16T02:14:27.268649+05:30,2026-09-16_0214IST,airline_direct,IndiGo
DEL,BOM,6E,IndiGo,6E 853,2026-10-16,30,business,,,21900.0,False,20:45,ok,2026-09-16T02:14:27.268649+05:30,2026-09-16_0214IST,airline_direct,IndiGo
DEL,BOM,6E,IndiGo,6E 853,2026-10-16,30,economy,,,6996.0,False,20:45,ok,2026-09-16T02:14:27.268649+05:30,2026-09-16_0214IST,airline_direct,IndiGo
DEL,BOM,6E,IndiGo,6E 6261,2026-10-16,30,economy,,,6618.0,False,00:15,ok,2026-09-16T02:14:27.268649+05:30,2026-09-16_0214IST,airline_direct,IndiGo
DEL,BOM,6E,IndiGo,6E 5119,2026-10-16,30,economy,,,6618.0,False,05:10,ok,2026-09-16T02:14:27.268649+05:30,2026-09-16_0214IST,airline_direct,IndiGo
DEL,BOM,6E,IndiGo,6E 5119,2026-10-16,30,economy,,,6618.0,False,05:10,ok,2026-09-16T02:14:27.268649+05:30,2026-09-16_0214IST,airline_direct,IndiGo
DEL,BOM,6E,IndiGo,6E 6171,2026-10-16,30,economy,,,6618.0,False,05:40,ok,2026-09-16T02:14:27.268649+05:30,2026-09-16_0214IST,airline_direct,IndiGo
DEL,BOM,6E,IndiGo,6E 5073,2026-10-16,30,economy,,,6618.0,False,17:05,ok,2026-09-16T02:14:27.268649+05:30,2026-09-16_0214IST,airline_direct,IndiGo
DEL,BOM,6E,IndiGo,6E 931,2026-10-16,30,economy,,,6618.0,False,19:30,ok,2026-09-16T02:14:27.268649+05:30,2026-09-16_0214IST,airline_direct,IndiGo
DEL,BOM,6E,IndiGo,6E 6569,2026-10-16,30,economy,,,6750.0,False,05:00,ok,2026-09-16T02:14:27.268649+05:30,2026-09-16_0214IST,airline_direct,IndiGo
DEL,BOM,6E,IndiGo,6E 2249,2026-10-16,30,economy,,,6750.0,False,15:00,ok,2026-09-16T02:14:27.268649+05:30,2026-09-16_0214IST,airline_direct,IndiGo
DEL,BOM,6E,IndiGo,6E 6050,2026-10-16,30,economy,,,6828.0,False,08:15,ok,2026-09-16T02:14:27.268649+05:30,2026-09-16_0214IST,airline_direct,IndiGo
DEL,BOM,6E,IndiGo,6E 2113,2026-10-16,30,economy,,,6828.0,False,13:20,ok,2026-09-16T02:14:27.268649+05:30,2026-09-16_0214IST,airline_direct,IndiGo
DEL,BOM,6E,IndiGo,6E 758,2026-10-16,30,economy,,,6828.0,False,16:10,ok,2026-09-16T02:14:27.268649+05:30,2026-09-16_0214IST,airline_direct,IndiGo
DEL,BOM,6E,IndiGo,6E 6479,2026-10-16,30,economy,,,6828.0,False,21:25,ok,2026-09-16T02:14:27.268649+05:30,2026-09-16_0214IST,airline_direct,IndiGo
DEL,BOM,6E,IndiGo,6E 6212,2026-10-16,30,business,,,29617.0,False,14:45,ok,2026-09-16T02:14:27.268649+05:30,2026-09-16_0214IST,airline_direct,IndiGo
DEL,BOM,6E,IndiGo,6E 6212,2026-10-16,30,economy,,,6960.0,False,14:45,ok,2026-09-16T02:14:27.268649+05:30,2026-09-16_0214IST,airline_direct,IndiGo
DEL,BOM,6E,IndiGo,6E 6497,2026-10-16,30,economy,,,6960.0,False,18:40,ok,2026-09-16T02:14:27.268649+05:30,2026-09-16_0214IST,airline_direct,IndiGo
DEL,BOM,6E,IndiGo,6E 2076,2026-10-16,30,economy,,,7142.0,False,07:30,ok,2026-09-16T02:14:27.268649+05:30,2026-09-16_0214IST,airline_direct,IndiGo
DEL,BOM,6E,IndiGo,6E 5014,2026-10-16,30,economy,,,7142.0,False,18:30,ok,2026-09-16T02:14:27.268649+05:30,2026-09-16_0214IST,airline_direct,IndiGo
DEL,BOM,6E,IndiGo,6E 2013,2026-10-16,30,economy,,,7142.0,False,21:50,ok,2026-09-16T02:14:27.268649+05:30,2026-09-16_0214IST,airline_direct,IndiGo
DEL,BOM,6E,IndiGo,6E 6459,2026-10-16,30,economy,,,7274.0,False,05:55,ok,2026-09-16T02:14:27.268649+05:30,2026-09-16_0214IST,airline_direct,IndiGo
DEL,BOM,6E,IndiGo,6E 6488,2026-10-16,30,economy,,,7274.0,False,11:20,ok,2026-09-16T02:14:27.268649+05:30,2026-09-16_0214IST,airline_direct,IndiGo
DEL,BOM,6E,IndiGo,6E 2169,2026-10-16,30,economy,,,7274.0,False,19:20,ok,2026-09-16T02:14:27.268649+05:30,2026-09-16_0214IST,airline_direct,IndiGo
DEL,BOM,6E,IndiGo,6E 5038,2026-10-16,30,economy,,,7352.0,False,14:00,ok,2026-09-16T02:14:27.268649+05:30,2026-09-16_0214IST,airline_direct,IndiGo
DEL,BOM,6E,IndiGo,6E 358,2026-10-16,30,business,,,35047.0,False,12:10,ok,2026-09-16T02:14:27.268649+05:30,2026-09-16_0214IST,airline_direct,IndiGo
DEL,BOM,6E,IndiGo,6E 358,2026-10-16,30,economy,,,7562.0,False,12:10,ok,2026-09-16T02:14:27.268649+05:30,2026-09-16_0214IST,airline_direct,IndiGo
DEL,BOM,6E,IndiGo,6E 6983,2026-10-16,30,economy,,,7718.0,False,15:35,ok,2026-09-16T02:14:27.268649+05:30,2026-09-16_0214IST,airline_direct,IndiGo
DEL,BOM,6E,IndiGo,6E 6443,2026-10-16,30,economy,,,7849.0,False,09:00,ok,2026-09-16T02:14:27.268649+05:30,2026-09-16_0214IST,airline_direct,IndiGo
DEL,BOM,6E,IndiGo,6E 6829,2026-10-16,30,economy,,,7849.0,False,17:20,ok,2026-09-16T02:14:27.268649+05:30,2026-09-16_0214IST,airline_direct,IndiGo
DEL,BOM,6E,IndiGo,6E 704,2026-10-16,30,business,,,29617.0,False,02:25,ok,2026-09-16T02:14:27.268649+05:30,2026-09-16_0214IST,airline_direct,IndiGo
DEL,BOM,6E,IndiGo,6E 704,2026-10-16,30,economy,,,8059.0,False,02:25,ok,2026-09-16T02:14:27.268649+05:30,2026-09-16_0214IST,airline_direct,IndiGo
DEL,BOM,6E,IndiGo,6E 705,2026-10-16,30,business,,,29617.0,False,08:30,ok,2026-09-16T02:14:27.268649+05:30,2026-09-16_0214IST,airline_direct,IndiGo
DEL,BOM,6E,IndiGo,6E 705,2026-10-16,30,economy,,,8059.0,False,08:30,ok,2026-09-16T02:14:27.268649+05:30,2026-09-16_0214IST,airline_direct,IndiGo
DEL,BOM,6E,IndiGo,6E 2381,2026-10-16,30,economy,,,8059.0,False,13:45,ok,2026-09-16T02:14:27.268649+05:30,2026-09-16_0214IST,airline_direct,IndiGo
DEL,BOM,6E,IndiGo,6E 357,2026-10-16,30,business,,,35081.0,False,19:30,ok,2026-09-16T02:14:27.268649+05:30,2026-09-16_0214IST,airline_direct,IndiGo
DEL,BOM,6E,IndiGo,6E 357,2026-10-16,30,economy,,,8138.0,False,19:30,ok,2026-09-16T02:14:27.268649+05:30,2026-09-16_0214IST,airline_direct,IndiGo
DEL,BOM,6E,IndiGo,6E 2341,2026-10-16,30,economy,,,8351.0,False,14:50,ok,2026-09-16T02:14:27.268649+05:30,2026-09-16_0214IST,airline_direct,IndiGo
DEL,BOM,6E,IndiGo,6E 5073,2026-10-16,30,economy,,,8351.0,False,17:05,ok,2026-09-16T02:14:27.268649+05:30,2026-09-16_0214IST,airline_direct,IndiGo
DEL,BOM,6E,IndiGo,6E 6433,2026-10-16,30,economy,,,8482.0,False,16:30,ok,2026-09-16T02:14:27.268649+05:30,2026-09-16_0214IST,airline_direct,IndiGo
DEL,BOM,6E,IndiGo,6E 5138,2026-10-16,30,economy,,,8482.0,False,19:10,ok,2026-09-16T02:14:27.268649+05:30,2026-09-16_0214IST,airline_direct,IndiGo
DEL,BOM,6E,IndiGo,6E 6026,2026-10-16,30,business,,,29617.0,False,05:30,ok,2026-09-16T02:14:27.268649+05:30,2026-09-16_0214IST,airline_direct,IndiGo
DEL,BOM,6E,IndiGo,6E 6026,2026-10-16,30,economy,,,8692.0,False,05:30,ok,2026-09-16T02:14:27.268649+05:30,2026-09-16_0214IST,airline_direct,IndiGo
DEL,BOM,6E,IndiGo,6E 6293,2026-10-16,30,business,,,29617.0,False,09:55,ok,2026-09-16T02:14:27.268649+05:30,2026-09-16_0214IST,airline_direct,IndiGo
DEL,BOM,6E,IndiGo,6E 6293,2026-10-16,30,economy,,,8692.0,False,09:55,ok,2026-09-16T02:14:27.268649+05:30,2026-09-16_0214IST,airline_direct,IndiGo
DEL,BOM,6E,IndiGo,6E 5298,2026-10-16,30,economy,,,9257.0,False,09:00,ok,2026-09-16T02:14:27.268649+05:30,2026-09-16_0214IST,airline_direct,IndiGo
DEL,BOM,6E,IndiGo,6E 6282,2026-10-16,30,business,,,29617.0,False,13:30,ok,2026-09-16T02:14:27.268649+05:30,2026-09-16_0214IST,airline_direct,IndiGo
DEL,BOM,6E,IndiGo,6E 6282,2026-10-16,30,economy,,,9388.0,False,13:30,ok,2026-09-16T02:14:27.268649+05:30,2026-09-16_0214IST,airline_direct,IndiGo
DEL,BOM,6E,IndiGo,6E 2331,2026-10-16,30,economy,,,9812.0,False,12:20,ok,2026-09-16T02:14:27.268649+05:30,2026-09-16_0214IST,airline_direct,IndiGo
DEL,BOM,6E,IndiGo,6E 2349,2026-10-16,30,economy,,,10218.0,False,10:55,ok,2026-09-16T02:14:27.268649+05:30,2026-09-16_0214IST,airline_direct,IndiGo
DEL,BOM,6E,IndiGo,6E 2496,2026-10-16,30,economy,,,10468.0,False,12:40,ok,2026-09-16T02:14:27.268649+05:30,2026-09-16_0214IST,airline_direct,IndiGo
DEL,BOM,6E,IndiGo,6E 6601,2026-10-16,30,business,,,29617.0,False,19:45,ok,2026-09-16T02:14:27.268649+05:30,2026-09-16_0214IST,airline_direct,IndiGo
DEL,BOM,6E,IndiGo,6E 6601,2026-10-16,30,economy,,,10994.0,False,19:45,ok,2026-09-16T02:14:27.268649+05:30,2026-09-16_0214IST,airline_direct,IndiGo
DEL,BOM,6E,IndiGo,6E 882,2026-10-16,30,business,,,26937.0,False,23:15,ok,2026-09-16T02:14:27.268649+05:30,2026-09-16_0214IST,airline_direct,IndiGo
DEL,BOM,6E,IndiGo,6E 882,2026-10-16,30,economy,,,10994.0,False,23:15,ok,2026-09-16T02:14:27.268649+05:30,2026-09-16_0214IST,airline_direct,IndiGo
DEL,BOM,6E,IndiGo,6E 717,2026-10-16,30,business,,,29617.0,False,17:55,ok,2026-09-16T02:14:27.268649+05:30,2026-09-16_0214IST,airline_direct,IndiGo
DEL,BOM,6E,IndiGo,6E 717,2026-10-16,30,economy,,,20697.0,False,17:55,ok,2026-09-16T02:14:27.268649+05:30,2026-09-16_0214IST,airline_direct,IndiGo
DEL,BLR,6E,IndiGo,6E 6054,2026-10-16,30,business,,,26048.0,False,01:05,ok,2026-09-16T02:15:33.578287+05:30,2026-09-16_0215IST,airline_direct,IndiGo
DEL,BLR,6E,IndiGo,6E 6054,2026-10-16,30,economy,,,9890.0,False,01:05,ok,2026-09-16T02:15:33.578287+05:30,2026-09-16_0215IST,airline_direct,IndiGo
DEL,BLR,6E,IndiGo,6E 820,2026-10-16,30,business,,,26048.0,False,03:00,ok,2026-09-16T02:15:33.578287+05:30,2026-09-16_0215IST,airline_direct,IndiGo
DEL,BLR,6E,IndiGo,6E 820,2026-10-16,30,economy,,,9890.0,False,03:00,ok,2026-09-16T02:15:33.578287+05:30,2026-09-16_0215IST,airline_direct,IndiGo
DEL,BLR,6E,IndiGo,6E 2314,2026-10-16,30,business,,,26048.0,False,05:45,ok,2026-09-16T02:15:33.578287+05:30,2026-09-16_0215IST,airline_direct,IndiGo
DEL,BLR,6E,IndiGo,6E 2314,2026-10-16,30,economy,,,9890.0,False,05:45,ok,2026-09-16T02:15:33.578287+05:30,2026-09-16_0215IST,airline_direct,IndiGo
DEL,BLR,6E,IndiGo,6E 810,2026-10-16,30,business,,,26048.0,False,07:05,ok,2026-09-16T02:15:33.578287+05:30,2026-09-16_0215IST,airline_direct,IndiGo
DEL,BLR,6E,IndiGo,6E 810,2026-10-16,30,economy,,,9890.0,False,07:05,ok,2026-09-16T02:15:33.578287+05:30,2026-09-16_0215IST,airline_direct,IndiGo
DEL,BLR,6E,IndiGo,6E 873,2026-10-16,30,business,,,26048.0,False,08:20,ok,2026-09-16T02:15:33.578287+05:30,2026-09-16_0215IST,airline_direct,IndiGo
DEL,BLR,6E,IndiGo,6E 873,2026-10-16,30,economy,,,9890.0,False,08:20,ok,2026-09-16T02:15:33.578287+05:30,2026-09-16_0215IST,airline_direct,IndiGo
DEL,BLR,6E,IndiGo,6E 826,2026-10-16,30,business,,,26048.0,False,09:30,ok,2026-09-16T02:15:33.578287+05:30,2026-09-16_0215IST,airline_direct,IndiGo
DEL,BLR,6E,IndiGo,6E 826,2026-10-16,30,economy,,,9890.0,False,09:30,ok,2026-09-16T02:15:33.578287+05:30,2026-09-16_0215IST,airline_direct,IndiGo
DEL,BLR,6E,IndiGo,6E 842,2026-10-16,30,business,,,26048.0,False,10:45,ok,2026-09-16T02:15:33.578287+05:30,2026-09-16_0215IST,airline_direct,IndiGo
DEL,BLR,6E,IndiGo,6E 842,2026-10-16,30,economy,,,9890.0,False,10:45,ok,2026-09-16T02:15:33.578287+05:30,2026-09-16_0215IST,airline_direct,IndiGo
DEL,BLR,6E,IndiGo,6E 176,2026-10-16,30,business,,,26048.0,False,13:15,ok,2026-09-16T02:15:33.578287+05:30,2026-09-16_0215IST,airline_direct,IndiGo
DEL,BLR,6E,IndiGo,6E 176,2026-10-16,30,economy,,,10192.0,False,13:15,ok,2026-09-16T02:15:33.578287+05:30,2026-09-16_0215IST,airline_direct,IndiGo
DEL,BLR,6E,IndiGo,6E 828,2026-10-16,30,business,,,26048.0,False,14:30,ok,2026-09-16T02:15:33.578287+05:30,2026-09-16_0215IST,airline_direct,IndiGo
DEL,BLR,6E,IndiGo,6E 828,2026-10-16,30,economy,,,10192.0,False,14:30,ok,2026-09-16T02:15:33.578287+05:30,2026-09-16_0215IST,airline_direct,IndiGo
DEL,BLR,6E,IndiGo,6E 6515,2026-10-16,30,business,,,26048.0,False,20:45,ok,2026-09-16T02:15:33.578287+05:30,2026-09-16_0215IST,airline_direct,IndiGo
DEL,BLR,6E,IndiGo,6E 6515,2026-10-16,30,economy,,,10669.0,False,20:45,ok,2026-09-16T02:15:33.578287+05:30,2026-09-16_0215IST,airline_direct,IndiGo
DEL,BLR,6E,IndiGo,6E 811,2026-10-16,30,business,,,26048.0,False,18:20,ok,2026-09-16T02:15:33.578287+05:30,2026-09-16_0215IST,airline_direct,IndiGo
DEL,BLR,6E,IndiGo,6E 811,2026-10-16,30,economy,,,11170.0,False,18:20,ok,2026-09-16T02:15:33.578287+05:30,2026-09-16_0215IST,airline_direct,IndiGo
DEL,BLR,6E,IndiGo,6E 880,2026-10-16,30,business,,,26048.0,False,15:45,ok,2026-09-16T02:15:33.578287+05:30,2026-09-16_0215IST,airline_direct,IndiGo
DEL,BLR,6E,IndiGo,6E 880,2026-10-16,30,economy,,,11699.0,False,15:45,ok,2026-09-16T02:15:33.578287+05:30,2026-09-16_0215IST,airline_direct,IndiGo
DEL,BLR,6E,IndiGo,6E 837,2026-10-16,30,business,,,26048.0,False,17:00,ok,2026-09-16T02:15:33.578287+05:30,2026-09-16_0215IST,airline_direct,IndiGo
DEL,BLR,6E,IndiGo,6E 837,2026-10-16,30,economy,,,11699.0,False,17:00,ok,2026-09-16T02:15:33.578287+05:30,2026-09-16_0215IST,airline_direct,IndiGo
DEL,BLR,6E,IndiGo,6E 861,2026-10-16,30,business,,,26048.0,False,19:30,ok,2026-09-16T02:15:33.578287+05:30,2026-09-16_0215IST,airline_direct,IndiGo
DEL,BLR,6E,IndiGo,6E 861,2026-10-16,30,economy,,,11699.0,False,19:30,ok,2026-09-16T02:15:33.578287+05:30,2026-09-16_0215IST,airline_direct,IndiGo
DEL,BLR,6E,IndiGo,6E 850,2026-10-16,30,business,,,26048.0,False,12:15,ok,2026-09-16T02:15:33.578287+05:30,2026-09-16_0215IST,airline_direct,IndiGo
DEL,BLR,6E,IndiGo,6E 850,2026-10-16,30,economy,,,12255.0,False,12:15,ok,2026-09-16T02:15:33.578287+05:30,2026-09-16_0215IST,airline_direct,IndiGo
DEL,BLR,6E,IndiGo,6E 846,2026-10-16,30,business,,,26048.0,False,22:00,ok,2026-09-16T02:15:33.578287+05:30,2026-09-16_0215IST,airline_direct,IndiGo
DEL,BLR,6E,IndiGo,6E 846,2026-10-16,30,economy,,,12255.0,False,22:00,ok,2026-09-16T02:15:33.578287+05:30,2026-09-16_0215IST,airline_direct,IndiGo
DEL,BLR,6E,IndiGo,6E 871,2026-10-16,30,business,,,26048.0,False,23:30,ok,2026-09-16T02:15:33.578287+05:30,2026-09-16_0215IST,airline_direct,IndiGo
DEL,BLR,6E,IndiGo,6E 871,2026-10-16,30,economy,,,13460.0,False,23:30,ok,2026-09-16T02:15:33.578287+05:30,2026-09-16_0215IST,airline_direct,IndiGo
DEL,BLR,6E,IndiGo,6E 6476,2026-10-16,30,economy,,,8844.0,False,07:05,ok,2026-09-16T02:15:33.578287+05:30,2026-09-16_0215IST,airline_direct,IndiGo
DEL,BLR,6E,IndiGo,6E 2319,2026-10-16,30,economy,,,8844.0,False,09:55,ok,2026-09-16T02:15:33.578287+05:30,2026-09-16_0215IST,airline_direct,IndiGo
DEL,BLR,6E,IndiGo,6E 2147,2026-10-16,30,economy,,,8984.0,False,11:10,ok,2026-09-16T02:15:33.578287+05:30,2026-09-16_0215IST,airline_direct,IndiGo
DEL,BLR,6E,IndiGo,6E 6433,2026-10-16,30,economy,,,9867.0,False,16:30,ok,2026-09-16T02:15:33.578287+05:30,2026-09-16_0215IST,airline_direct,IndiGo
DEL,BLR,6E,IndiGo,6E 704,2026-10-16,30,business,,,24908.0,False,02:25,ok,2026-09-16T02:15:33.578287+05:30,2026-09-16_0215IST,airline_direct,IndiGo
DEL,BLR,6E,IndiGo,6E 704,2026-10-16,30,economy,,,9946.0,False,02:25,ok,2026-09-16T02:15:33.578287+05:30,2026-09-16_0215IST,airline_direct,IndiGo
DEL,BLR,6E,IndiGo,6E 704,2026-10-16,30,business,,,24908.0,False,02:25,ok,2026-09-16T02:15:33.578287+05:30,2026-09-16_0215IST,airline_direct,IndiGo
DEL,BLR,6E,IndiGo,6E 704,2026-10-16,30,economy,,,9946.0,False,02:25,ok,2026-09-16T02:15:33.578287+05:30,2026-09-16_0215IST,airline_direct,IndiGo
DEL,BLR,6E,IndiGo,6E 6026,2026-10-16,30,business,,,25759.0,False,05:30,ok,2026-09-16T02:15:33.578287+05:30,2026-09-16_0215IST,airline_direct,IndiGo
DEL,BLR,6E,IndiGo,6E 6026,2026-10-16,30,economy,,,9946.0,False,05:30,ok,2026-09-16T02:15:33.578287+05:30,2026-09-16_0215IST,airline_direct,IndiGo
DEL,BLR,6E,IndiGo,6E 6293,2026-10-16,30,business,,,26793.0,False,09:55,ok,2026-09-16T02:15:33.578287+05:30,2026-09-16_0215IST,airline_direct,IndiGo
DEL,BLR,6E,IndiGo,6E 6293,2026-10-16,30,economy,,,9946.0,False,09:55,ok,2026-09-16T02:15:33.578287+05:30,2026-09-16_0215IST,airline_direct,IndiGo
DEL,BLR,6E,IndiGo,6E 884,2026-10-16,30,business,,,25312.0,False,11:45,ok,2026-09-16T02:15:33.578287+05:30,2026-09-16_0215IST,airline_direct,IndiGo
DEL,BLR,6E,IndiGo,6E 884,2026-10-16,30,economy,,,9946.0,False,11:45,ok,2026-09-16T02:15:33.578287+05:30,2026-09-16_0215IST,airline_direct,IndiGo
DEL,BLR,6E,IndiGo,6E 6282,2026-10-16,30,business,,,26793.0,False,13:30,ok,2026-09-16T02:15:33.578287+05:30,2026-09-16_0215IST,airline_direct,IndiGo
DEL,BLR,6E,IndiGo,6E 6282,2026-10-16,30,economy,,,9946.0,False,13:30,ok,2026-09-16T02:15:33.578287+05:30,2026-09-16_0215IST,airline_direct,IndiGo
DEL,BLR,6E,IndiGo,6E 6212,2026-10-16,30,business,,,25312.0,False,14:45,ok,2026-09-16T02:15:33.578287+05:30,2026-09-16_0215IST,airline_direct,IndiGo
DEL,BLR,6E,IndiGo,6E 6212,2026-10-16,30,economy,,,9946.0,False,14:45,ok,2026-09-16T02:15:33.578287+05:30,2026-09-16_0215IST,airline_direct,IndiGo
DEL,BLR,6E,IndiGo,6E 758,2026-10-16,30,economy,,,9946.0,False,16:10,ok,2026-09-16T02:15:33.578287+05:30,2026-09-16_0215IST,airline_direct,IndiGo
DEL,BLR,6E,IndiGo,6E 2343,2026-10-16,30,business,,,26315.0,False,02:20,ok,2026-09-16T02:15:33.578287+05:30,2026-09-16_0215IST,airline_direct,IndiGo
DEL,BLR,6E,IndiGo,6E 2343,2026-10-16,30,economy,,,10077.0,False,02:20,ok,2026-09-16T02:15:33.578287+05:30,2026-09-16_0215IST,airline_direct,IndiGo
DEL,BLR,6E,IndiGo,6E 6569,2026-10-16,30,economy,,,10077.0,False,05:00,ok,2026-09-16T02:15:33.578287+05:30,2026-09-16_0215IST,airline_direct,IndiGo
DEL,BLR,6E,IndiGo,6E 5119,2026-10-16,30,economy,,,10077.0,False,05:10,ok,2026-09-16T02:15:33.578287+05:30,2026-09-16_0215IST,airline_direct,IndiGo
DEL,BLR,6E,IndiGo,6E 6459,2026-10-16,30,economy,,,10077.0,False,05:55,ok,2026-09-16T02:15:33.578287+05:30,2026-09-16_0215IST,airline_direct,IndiGo
DEL,BLR,6E,IndiGo,6E 6488,2026-10-16,30,economy,,,10077.0,False,11:20,ok,2026-09-16T02:15:33.578287+05:30,2026-09-16_0215IST,airline_direct,IndiGo
DEL,BLR,6E,IndiGo,6E 990,2026-10-16,30,economy,,,10077.0,False,14:50,ok,2026-09-16T02:15:33.578287+05:30,2026-09-16_0215IST,airline_direct,IndiGo
DEL,BLR,6E,IndiGo,6E 2557,2026-10-16,30,economy,,,10077.0,False,15:20,ok,2026-09-16T02:15:33.578287+05:30,2026-09-16_0215IST,airline_direct,IndiGo
DEL,BLR,6E,IndiGo,6E 864,2026-10-16,30,business,,,34636.0,False,15:30,ok,2026-09-16T02:15:33.578287+05:30,2026-09-16_0215IST,airline_direct,IndiGo
DEL,BLR,6E,IndiGo,6E 864,2026-10-16,30,economy,,,10077.0,False,15:30,ok,2026-09-16T02:15:33.578287+05:30,2026-09-16_0215IST,airline_direct,IndiGo
DEL,BLR,6E,IndiGo,6E 734,2026-10-16,30,economy,,,10077.0,False,16:20,ok,2026-09-16T02:15:33.578287+05:30,2026-09-16_0215IST,airline_direct,IndiGo
DEL,BLR,6E,IndiGo,6E 6437,2026-10-16,30,business,,,26475.0,False,16:25,ok,2026-09-16T02:15:33.578287+05:30,2026-09-16_0215IST,airline_direct,IndiGo
DEL,BLR,6E,IndiGo,6E 6437,2026-10-16,30,economy,,,10077.0,False,16:25,ok,2026-09-16T02:15:33.578287+05:30,2026-09-16_0215IST,airline_direct,IndiGo
DEL,BLR,6E,IndiGo,6E 5073,2026-10-16,30,economy,,,10077.0,False,17:05,ok,2026-09-16T02:15:33.578287+05:30,2026-09-16_0215IST,airline_direct,IndiGo
DEL,BLR,6E,IndiGo,6E 329,2026-10-16,30,business,,,34636.0,False,18:00,ok,2026-09-16T02:15:33.578287+05:30,2026-09-16_0215IST,airline_direct,IndiGo
DEL,BLR,6E,IndiGo,6E 329,2026-10-16,30,economy,,,10077.0,False,18:00,ok,2026-09-16T02:15:33.578287+05:30,2026-09-16_0215IST,airline_direct,IndiGo
DEL,BLR,6E,IndiGo,6E 6179,2026-10-16,30,economy,,,10077.0,False,18:30,ok,2026-09-16T02:15:33.578287+05:30,2026-09-16_0215IST,airline_direct,IndiGo
DEL,BLR,6E,IndiGo,6E 955,2026-10-16,30,economy,,,10077.0,False,20:20,ok,2026-09-16T02:15:33.578287+05:30,2026-09-16_0215IST,airline_direct,IndiGo
DEL,BLR,6E,IndiGo,6E 6673,2026-10-16,30,business,,,26012.0,False,21:15,ok,2026-09-16T02:15:33.578287+05:30,2026-09-16_0215IST,airline_direct,IndiGo
DEL,BLR,6E,IndiGo,6E 6673,2026-10-16,30,economy,,,10077.0,False,21:15,ok,2026-09-16T02:15:33.578287+05:30,2026-09-16_0215IST,airline_direct,IndiGo
DEL,BLR,6E,IndiGo,6E 2618,2026-10-16,30,business,,,26012.0,False,23:00,ok,2026-09-16T02:15:33.578287+05:30,2026-09-16_0215IST,airline_direct,IndiGo
DEL,BLR,6E,IndiGo,6E 2618,2026-10-16,30,economy,,,10077.0,False,23:00,ok,2026-09-16T02:15:33.578287+05:30,2026-09-16_0215IST,airline_direct,IndiGo
DEL,BLR,6E,IndiGo,6E 933,2026-10-16,30,business,,,28318.0,False,02:55,ok,2026-09-16T02:15:33.578287+05:30,2026-09-16_0215IST,airline_direct,IndiGo
DEL,BLR,6E,IndiGo,6E 933,2026-10-16,30,economy,,,10156.0,False,02:55,ok,2026-09-16T02:15:33.578287+05:30,2026-09-16_0215IST,airline_direct,IndiGo
DEL,BLR,6E,IndiGo,6E 2277,2026-10-16,30,business,,,34994.0,False,10:25,ok,2026-09-16T02:15:33.578287+05:30,2026-09-16_0215IST,airline_direct,IndiGo
DEL,BLR,6E,IndiGo,6E 2277,2026-10-16,30,economy,,,10156.0,False,10:25,ok,2026-09-16T02:15:33.578287+05:30,2026-09-16_0215IST,airline_direct,IndiGo
DEL,BLR,6E,IndiGo,6E 358,2026-10-16,30,business,,,33873.0,False,12:10,ok,2026-09-16T02:15:33.578287+05:30,2026-09-16_0215IST,airline_direct,IndiGo
DEL,BLR,6E,IndiGo,6E 358,2026-10-16,30,economy,,,10156.0,False,12:10,ok,2026-09-16T02:15:33.578287+05:30,2026-09-16_0215IST,airline_direct,IndiGo
DEL,BLR,6E,IndiGo,6E 6091,2026-10-16,30,business,,,31548.0,False,15:15,ok,2026-09-16T02:15:33.578287+05:30,2026-09-16_0215IST,airline_direct,IndiGo
DEL,BLR,6E,IndiGo,6E 6091,2026-10-16,30,economy,,,10156.0,False,15:15,ok,2026-09-16T02:15:33.578287+05:30,2026-09-16_0215IST,airline_direct,IndiGo
DEL,BLR,6E,IndiGo,6E 5033,2026-10-16,30,economy,,,10156.0,False,15:50,ok,2026-09-16T02:15:33.578287+05:30,2026-09-16_0215IST,airline_direct,IndiGo
DEL,BLR,6E,IndiGo,6E 2150,2026-10-16,30,business,,,33047.0,False,16:55,ok,2026-09-16T02:15:33.578287+05:30,2026-09-16_0215IST,airline_direct,IndiGo
DEL,BLR,6E,IndiGo,6E 2150,2026-10-16,30,economy,,,10156.0,False,16:55,ok,2026-09-16T02:15:33.578287+05:30,2026-09-16_0215IST,airline_direct,IndiGo
DEL,BLR,6E,IndiGo,6E 6632,2026-10-16,30,economy,,,10156.0,False,17:50,ok,2026-09-16T02:15:33.578287+05:30,2026-09-16_0215IST,airline_direct,IndiGo
DEL,BLR,6E,IndiGo,6E 950,2026-10-16,30,business,,,28661.0,False,18:15,ok,2026-09-16T02:15:33.578287+05:30,2026-09-16_0215IST,airline_direct,IndiGo
DEL,BLR,6E,IndiGo,6E 950,2026-10-16,30,economy,,,10156.0,False,18:15,ok,2026-09-16T02:15:33.578287+05:30,2026-09-16_0215IST,airline_direct,IndiGo
DEL,BLR,6E,IndiGo,6E 357,2026-10-16,30,business,,,33047.0,False,19:30,ok,2026-09-16T02:15:33.578287+05:30,2026-09-16_0215IST,airline_direct,IndiGo
DEL,BLR,6E,IndiGo,6E 357,2026-10-16,30,economy,,,10156.0,False,19:30,ok,2026-09-16T02:15:33.578287+05:30,2026-09-16_0215IST,airline_direct,IndiGo
DEL,BLR,6E,IndiGo,6E 2769,2026-10-16,30,economy,,,10287.0,False,08:10,ok,2026-09-16T02:15:33.578287+05:30,2026-09-16_0215IST,airline_direct,IndiGo
DEL,BLR,6E,IndiGo,6E 6497,2026-10-16,30,economy,,,10287.0,False,18:40,ok,2026-09-16T02:15:33.578287+05:30,2026-09-16_0215IST,airline_direct,IndiGo
DEL,BLR,6E,IndiGo,6E 2482,2026-10-16,30,economy,,,10287.0,False,19:55,ok,2026-09-16T02:15:33.578287+05:30,2026-09-16_0215IST,airline_direct,IndiGo
DEL,BLR,6E,IndiGo,6E 6217,2026-10-16,30,business,,,26251.0,False,16:15,ok,2026-09-16T02:15:33.578287+05:30,2026-09-16_0215IST,airline_direct,IndiGo
DEL,BLR,6E,IndiGo,6E 6217,2026-10-16,30,economy,,,10720.0,False,16:15,ok,2026-09-16T02:15:33.578287+05:30,2026-09-16_0215IST,airline_direct,IndiGo
DEL,BLR,6E,IndiGo,6E 2361,2026-10-16,30,economy,,,10851.0,False,14:35,ok,2026-09-16T02:15:33.578287+05:30,2026-09-16_0215IST,airline_direct,IndiGo
DEL,BLR,6E,IndiGo,6E 5038,2026-10-16,30,economy,,,10930.0,False,14:00,ok,2026-09-16T02:15:33.578287+05:30,2026-09-16_0215IST,airline_direct,IndiGo
DEL,BLR,6E,IndiGo,6E 754,2026-10-16,30,economy,,,11087.0,False,17:10,ok,2026-09-16T02:15:33.578287+05:30,2026-09-16_0215IST,airline_direct,IndiGo
DEL,BLR,6E,IndiGo,6E 717,2026-10-16,30,business,,,26251.0,False,17:55,ok,2026-09-16T02:15:33.578287+05:30,2026-09-16_0215IST,airline_direct,IndiGo
DEL,BLR,6E,IndiGo,6E 717,2026-10-16,30,economy,,,12489.0,False,17:55,ok,2026-09-16T02:15:33.578287+05:30,2026-09-16_0215IST,airline_direct,IndiGo
DEL,BLR,6E,IndiGo,6E 2349,2026-10-16,30,economy,,,13294.0,False,10:55,ok,2026-09-16T02:15:33.578287+05:30,2026-09-16_0215IST,airline_direct,IndiGo
DEL,BLR,6E,IndiGo,6E 513,2026-10-16,30,business,,,41276.0,False,08:30,ok,2026-09-16T02:15:33.578287+05:30,2026-09-16_0215IST,airline_direct,IndiGo
DEL,BLR,6E,IndiGo,6E 513,2026-10-16,30,economy,,,32013.0,False,08:30,ok,2026-09-16T02:15:33.578287+05:30,2026-09-16_0215IST,airline_direct,IndiGo
DEL,BLR,6E,IndiGo,6E 5191,2026-10-16,30,business,,,42692.0,False,05:00,ok,2026-09-16T02:15:33.578287+05:30,2026-09-16_0215IST,airline_direct,IndiGo
DEL,BLR,6E,IndiGo,6E 5191,2026-10-16,30,economy,,,32958.0,False,05:00,ok,2026-09-16T02:15:33.578287+05:30,2026-09-16_0215IST,airline_direct,IndiGo
BOM,BLR,6E,IndiGo,6E 5323,2026-10-16,30,business,,,18948.0,False,01:10,ok,2026-09-16T02:16:39.493857+05:30,2026-09-16_0216IST,airline_direct,IndiGo
BOM,BLR,6E,IndiGo,6E 5323,2026-10-16,30,economy,,,4893.0,False,01:10,ok,2026-09-16T02:16:39.493857+05:30,2026-09-16_0216IST,airline_direct,IndiGo
BOM,BLR,6E,IndiGo,6E 5294,2026-10-16,30,business,,,18948.0,False,04:30,ok,2026-09-16T02:16:39.493857+05:30,2026-09-16_0216IST,airline_direct,IndiGo
BOM,BLR,6E,IndiGo,6E 5294,2026-10-16,30,economy,,,4893.0,False,04:30,ok,2026-09-16T02:16:39.493857+05:30,2026-09-16_0216IST,airline_direct,IndiGo
BOM,BLR,6E,IndiGo,6E 5296,2026-10-16,30,business,,,18948.0,False,06:15,ok,2026-09-16T02:16:39.493857+05:30,2026-09-16_0216IST,airline_direct,IndiGo
BOM,BLR,6E,IndiGo,6E 5296,2026-10-16,30,economy,,,6747.0,False,06:15,ok,2026-09-16T02:16:39.493857+05:30,2026-09-16_0216IST,airline_direct,IndiGo
BOM,BLR,6E,IndiGo,6E 5388,2026-10-16,30,business,,,18948.0,False,22:20,ok,2026-09-16T02:16:39.493857+05:30,2026-09-16_0216IST,airline_direct,IndiGo
BOM,BLR,6E,IndiGo,6E 5388,2026-10-16,30,economy,,,7062.0,False,22:20,ok,2026-09-16T02:16:39.493857+05:30,2026-09-16_0216IST,airline_direct,IndiGo
BOM,BLR,6E,IndiGo,6E 5193,2026-10-16,30,business,,,18948.0,False,07:45,ok,2026-09-16T02:16:39.493857+05:30,2026-09-16_0216IST,airline_direct,IndiGo
BOM,BLR,6E,IndiGo,6E 5193,2026-10-16,30,economy,,,7377.0,False,07:45,ok,2026-09-16T02:16:39.493857+05:30,2026-09-16_0216IST,airline_direct,IndiGo
BOM,BLR,6E,IndiGo,6E 5092,2026-10-16,30,business,,,18948.0,False,09:50,ok,2026-09-16T02:16:39.493857+05:30,2026-09-16_0216IST,airline_direct,IndiGo
BOM,BLR,6E,IndiGo,6E 5092,2026-10-16,30,economy,,,7377.0,False,09:50,ok,2026-09-16T02:16:39.493857+05:30,2026-09-16_0216IST,airline_direct,IndiGo
BOM,BLR,6E,IndiGo,6E 5217,2026-10-16,30,business,,,18948.0,False,11:00,ok,2026-09-16T02:16:39.493857+05:30,2026-09-16_0216IST,airline_direct,IndiGo
BOM,BLR,6E,IndiGo,6E 5217,2026-10-16,30,economy,,,7377.0,False,11:00,ok,2026-09-16T02:16:39.493857+05:30,2026-09-16_0216IST,airline_direct,IndiGo
BOM,BLR,6E,IndiGo,6E 5184,2026-10-16,30,business,,,18948.0,False,12:30,ok,2026-09-16T02:16:39.493857+05:30,2026-09-16_0216IST,airline_direct,IndiGo
BOM,BLR,6E,IndiGo,6E 5184,2026-10-16,30,economy,,,7377.0,False,12:30,ok,2026-09-16T02:16:39.493857+05:30,2026-09-16_0216IST,airline_direct,IndiGo
BOM,BLR,6E,IndiGo,6E 5071,2026-10-16,30,business,,,18948.0,False,15:35,ok,2026-09-16T02:16:39.493857+05:30,2026-09-16_0216IST,airline_direct,IndiGo
BOM,BLR,6E,IndiGo,6E 5071,2026-10-16,30,economy,,,7377.0,False,15:35,ok,2026-09-16T02:16:39.493857+05:30,2026-09-16_0216IST,airline_direct,IndiGo
BOM,BLR,6E,IndiGo,6E 5221,2026-10-16,30,business,,,18948.0,False,17:00,ok,2026-09-16T02:16:39.493857+05:30,2026-09-16_0216IST,airline_direct,IndiGo
BOM,BLR,6E,IndiGo,6E 5221,2026-10-16,30,economy,,,7377.0,False,17:00,ok,2026-09-16T02:16:39.493857+05:30,2026-09-16_0216IST,airline_direct,IndiGo
BOM,BLR,6E,IndiGo,6E 5032,2026-10-16,30,business,,,18948.0,False,19:50,ok,2026-09-16T02:16:39.493857+05:30,2026-09-16_0216IST,airline_direct,IndiGo
BOM,BLR,6E,IndiGo,6E 5032,2026-10-16,30,economy,,,7377.0,False,19:50,ok,2026-09-16T02:16:39.493857+05:30,2026-09-16_0216IST,airline_direct,IndiGo
BOM,BLR,6E,IndiGo,6E 6188,2026-10-16,30,business,,,18948.0,False,21:30,ok,2026-09-16T02:16:39.493857+05:30,2026-09-16_0216IST,airline_direct,IndiGo
BOM,BLR,6E,IndiGo,6E 6188,2026-10-16,30,economy,,,7377.0,False,21:30,ok,2026-09-16T02:16:39.493857+05:30,2026-09-16_0216IST,airline_direct,IndiGo
BOM,BLR,6E,IndiGo,6E 5382,2026-10-16,30,business,,,18948.0,False,14:30,ok,2026-09-16T02:16:39.493857+05:30,2026-09-16_0216IST,airline_direct,IndiGo
BOM,BLR,6E,IndiGo,6E 5382,2026-10-16,30,economy,,,7797.0,False,14:30,ok,2026-09-16T02:16:39.493857+05:30,2026-09-16_0216IST,airline_direct,IndiGo
BOM,BLR,6E,IndiGo,6E 5047,2026-10-16,30,business,,,18948.0,False,18:30,ok,2026-09-16T02:16:39.493857+05:30,2026-09-16_0216IST,airline_direct,IndiGo
BOM,BLR,6E,IndiGo,6E 5047,2026-10-16,30,economy,,,7797.0,False,18:30,ok,2026-09-16T02:16:39.493857+05:30,2026-09-16_0216IST,airline_direct,IndiGo
BOM,BLR,6E,IndiGo,6E 6361,2026-10-16,30,economy,,,7243.0,False,05:00,ok,2026-09-16T02:16:39.493857+05:30,2026-09-16_0216IST,airline_direct,IndiGo
BOM,BLR,6E,IndiGo,6E 261,2026-10-16,30,economy,,,7243.0,False,11:20,ok,2026-09-16T02:16:39.493857+05:30,2026-09-16_0216IST,airline_direct,IndiGo
BOM,BLR,6E,IndiGo,6E 261,2026-10-16,30,economy,,,7243.0,False,11:20,ok,2026-09-16T02:16:39.493857+05:30,2026-09-16_0216IST,airline_direct,IndiGo
BOM,BLR,6E,IndiGo,6E 230,2026-10-16,30,economy,,,7243.0,False,13:55,ok,2026-09-16T02:16:39.493857+05:30,2026-09-16_0216IST,airline_direct,IndiGo
BOM,BLR,6E,IndiGo,6E 5241,2026-10-16,30,economy,,,7243.0,False,16:40,ok,2026-09-16T02:16:39.493857+05:30,2026-09-16_0216IST,airline_direct,IndiGo
BOM,BLR,6E,IndiGo,6E 5082,2026-10-16,30,economy,,,7243.0,False,17:55,ok,2026-09-16T02:16:39.493857+05:30,2026-09-16_0216IST,airline_direct,IndiGo
BOM,BLR,6E,IndiGo,6E 6187,2026-10-16,30,economy,,,7374.0,False,00:30,ok,2026-09-16T02:16:39.493857+05:30,2026-09-16_0216IST,airline_direct,IndiGo
BOM,BLR,6E,IndiGo,6E 6187,2026-10-16,30,economy,,,7374.0,False,00:30,ok,2026-09-16T02:16:39.493857+05:30,2026-09-16_0216IST,airline_direct,IndiGo
BOM,BLR,6E,IndiGo,6E 5179,2026-10-16,30,business,,,20036.0,False,02:45,ok,2026-09-16T02:16:39.493857+05:30,2026-09-16_0216IST,airline_direct,IndiGo
BOM,BLR,6E,IndiGo,6E 5179,2026-10-16,30,economy,,,7374.0,False,02:45,ok,2026-09-16T02:16:39.493857+05:30,2026-09-16_0216IST,airline_direct,IndiGo
BOM,BLR,6E,IndiGo,6E 5179,2026-10-16,30,business,,,20036.0,False,02:45,ok,2026-09-16T02:16:39.493857+05:30,2026-09-16_0216IST,airline_direct,IndiGo
BOM,BLR,6E,IndiGo,6E 5179,2026-10-16,30,economy,,,7374.0,False,02:45,ok,2026-09-16T02:16:39.493857+05:30,2026-09-16_0216IST,airline_direct,IndiGo
BOM,BLR,6E,IndiGo,6E 6057,2026-10-16,30,economy,,,7374.0,False,09:15,ok,2026-09-16T02:16:39.493857+05:30,2026-09-16_0216IST,airline_direct,IndiGo
BOM,BLR,6E,IndiGo,6E 5318,2026-10-16,30,business,,,21922.0,False,10:15,ok,2026-09-16T02:16:39.493857+05:30,2026-09-16_0216IST,airline_direct,IndiGo
BOM,BLR,6E,IndiGo,6E 5318,2026-10-16,30,economy,,,7374.0,False,10:15,ok,2026-09-16T02:16:39.493857+05:30,2026-09-16_0216IST,airline_direct,IndiGo
BOM,BLR,6E,IndiGo,6E 5318,2026-10-16,30,business,,,20441.0,False,10:15,ok,2026-09-16T02:16:39.493857+05:30,2026-09-16_0216IST,airline_direct,IndiGo
BOM,BLR,6E,IndiGo,6E 5318,2026-10-16,30,economy,,,7374.0,False,10:15,ok,2026-09-16T02:16:39.493857+05:30,2026-09-16_0216IST,airline_direct,IndiGo
BOM,BLR,6E,IndiGo,6E 5178,2026-10-16,30,business,,,21922.0,False,11:45,ok,2026-09-16T02:16:39.493857+05:30,2026-09-16_0216IST,airline_direct,IndiGo
BOM,BLR,6E,IndiGo,6E 5178,2026-10-16,30,economy,,,7374.0,False,11:45,ok,2026-09-16T02:16:39.493857+05:30,2026-09-16_0216IST,airline_direct,IndiGo
BOM,BLR,6E,IndiGo,6E 5178,2026-10-16,30,business,,,20441.0,False,11:45,ok,2026-09-16T02:16:39.493857+05:30,2026-09-16_0216IST,airline_direct,IndiGo
BOM,BLR,6E,IndiGo,6E 5178,2026-10-16,30,economy,,,7374.0,False,11:45,ok,2026-09-16T02:16:39.493857+05:30,2026-09-16_0216IST,airline_direct,IndiGo
BOM,BLR,6E,IndiGo,6E 5386,2026-10-16,30,business,,,20441.0,False,15:10,ok,2026-09-16T02:16:39.493857+05:30,2026-09-16_0216IST,airline_direct,IndiGo
BOM,BLR,6E,IndiGo,6E 5386,2026-10-16,30,economy,,,7374.0,False,15:10,ok,2026-09-16T02:16:39.493857+05:30,2026-09-16_0216IST,airline_direct,IndiGo
BOM,BLR,6E,IndiGo,6E 5386,2026-10-16,30,business,,,21379.0,False,15:10,ok,2026-09-16T02:16:39.493857+05:30,2026-09-16_0216IST,airline_direct,IndiGo
BOM,BLR,6E,IndiGo,6E 5386,2026-10-16,30,economy,,,7374.0,False,15:10,ok,2026-09-16T02:16:39.493857+05:30,2026-09-16_0216IST,airline_direct,IndiGo
BOM,BLR,6E,IndiGo,6E 5386,2026-10-16,30,business,,,21379.0,False,15:10,ok,2026-09-16T02:16:39.493857+05:30,2026-09-16_0216IST,airline_direct,IndiGo
BOM,BLR,6E,IndiGo,6E 5386,2026-10-16,30,economy,,,7374.0,False,15:10,ok,2026-09-16T02:16:39.493857+05:30,2026-09-16_0216IST,airline_direct,IndiGo
BOM,BLR,6E,IndiGo,6E 5228,2026-10-16,30,business,,,21379.0,False,16:45,ok,2026-09-16T02:16:39.493857+05:30,2026-09-16_0216IST,airline_direct,IndiGo
BOM,BLR,6E,IndiGo,6E 5228,2026-10-16,30,economy,,,7374.0,False,16:45,ok,2026-09-16T02:16:39.493857+05:30,2026-09-16_0216IST,airline_direct,IndiGo
BOM,BLR,6E,IndiGo,6E 5228,2026-10-16,30,business,,,21379.0,False,16:45,ok,2026-09-16T02:16:39.493857+05:30,2026-09-16_0216IST,airline_direct,IndiGo
BOM,BLR,6E,IndiGo,6E 5228,2026-10-16,30,economy,,,7374.0,False,16:45,ok,2026-09-16T02:16:39.493857+05:30,2026-09-16_0216IST,airline_direct,IndiGo
BOM,BLR,6E,IndiGo,6E 6802,2026-10-16,30,economy,,,7505.0,False,16:55,ok,2026-09-16T02:16:39.493857+05:30,2026-09-16_0216IST,airline_direct,IndiGo
BOM,BLR,6E,IndiGo,6E 911,2026-10-16,30,economy,,,7584.0,False,01:30,ok,2026-09-16T02:16:39.493857+05:30,2026-09-16_0216IST,airline_direct,IndiGo
BOM,BLR,6E,IndiGo,6E 6701,2026-10-16,30,economy,,,7584.0,False,05:35,ok,2026-09-16T02:16:39.493857+05:30,2026-09-16_0216IST,airline_direct,IndiGo
BOM,BLR,6E,IndiGo,6E 6701,2026-10-16,30,economy,,,7584.0,False,05:35,ok,2026-09-16T02:16:39.493857+05:30,2026-09-16_0216IST,airline_direct,IndiGo
BOM,BLR,6E,IndiGo,6E 5188,2026-10-16,30,business,,,24760.0,False,06:15,ok,2026-09-16T02:16:39.493857+05:30,2026-09-16_0216IST,airline_direct,IndiGo
BOM,BLR,6E,IndiGo,6E 5188,2026-10-16,30,economy,,,7584.0,False,06:15,ok,2026-09-16T02:16:39.493857+05:30,2026-09-16_0216IST,airline_direct,IndiGo
BOM,BLR,6E,IndiGo,6E 5204,2026-10-16,30,business,,,24040.0,False,08:15,ok,2026-09-16T02:16:39.493857+05:30,2026-09-16_0216IST,airline_direct,IndiGo
BOM,BLR,6E,IndiGo,6E 5204,2026-10-16,30,economy,,,7584.0,False,08:15,ok,2026-09-16T02:16:39.493857+05:30,2026-09-16_0216IST,airline_direct,IndiGo
BOM,BLR,6E,IndiGo,6E 5109,2026-10-16,30,economy,,,7584.0,False,09:35,ok,2026-09-16T02:16:39.493857+05:30,2026-09-16_0216IST,airline_direct,IndiGo
BOM,BLR,6E,IndiGo,6E 5313,2026-10-16,30,business,,,24040.0,False,09:50,ok,2026-09-16T02:16:39.493857+05:30,2026-09-16_0216IST,airline_direct,IndiGo
BOM,BLR,6E,IndiGo,6E 5313,2026-10-16,30,economy,,,7584.0,False,09:50,ok,2026-09-16T02:16:39.493857+05:30,2026-09-16_0216IST,airline_direct,IndiGo
BOM,BLR,6E,IndiGo,6E 5313,2026-10-16,30,business,,,24040.0,False,09:50,ok,2026-09-16T02:16:39.493857+05:30,2026-09-16_0216IST,airline_direct,IndiGo
BOM,BLR,6E,IndiGo,6E 5313,2026-10-16,30,economy,,,7584.0,False,09:50,ok,2026-09-16T02:16:39.493857+05:30,2026-09-16_0216IST,airline_direct,IndiGo
BOM,BLR,6E,IndiGo,6E 6349,2026-10-16,30,business,,,24040.0,False,11:40,ok,2026-09-16T02:16:39.493857+05:30,2026-09-16_0216IST,airline_direct,IndiGo
BOM,BLR,6E,IndiGo,6E 6349,2026-10-16,30,economy,,,7584.0,False,11:40,ok,2026-09-16T02:16:39.493857+05:30,2026-09-16_0216IST,airline_direct,IndiGo
BOM,BLR,6E,IndiGo,6E 2284,2026-10-16,30,economy,,,7584.0,False,12:05,ok,2026-09-16T02:16:39.493857+05:30,2026-09-16_0216IST,airline_direct,IndiGo
BOM,BLR,6E,IndiGo,6E 5337,2026-10-16,30,business,,,27270.0,False,13:45,ok,2026-09-16T02:16:39.493857+05:30,2026-09-16_0216IST,airline_direct,IndiGo
BOM,BLR,6E,IndiGo,6E 5337,2026-10-16,30,economy,,,7584.0,False,13:45,ok,2026-09-16T02:16:39.493857+05:30,2026-09-16_0216IST,airline_direct,IndiGo
BOM,BLR,6E,IndiGo,6E 5196,2026-10-16,30,business,,,27270.0,False,15:25,ok,2026-09-16T02:16:39.493857+05:30,2026-09-16_0216IST,airline_direct,IndiGo
BOM,BLR,6E,IndiGo,6E 5196,2026-10-16,30,economy,,,7584.0,False,15:25,ok,2026-09-16T02:16:39.493857+05:30,2026-09-16_0216IST,airline_direct,IndiGo
BOM,BLR,6E,IndiGo,6E 5196,2026-10-16,30,business,,,24383.0,False,15:25,ok,2026-09-16T02:16:39.493857+05:30,2026-09-16_0216IST,airline_direct,IndiGo
BOM,BLR,6E,IndiGo,6E 5196,2026-10-16,30,economy,,,7584.0,False,15:25,ok,2026-09-16T02:16:39.493857+05:30,2026-09-16_0216IST,airline_direct,IndiGo
BOM,BLR,6E,IndiGo,6E 240,2026-10-16,30,economy,,,7584.0,False,15:45,ok,2026-09-16T02:16:39.493857+05:30,2026-09-16_0216IST,airline_direct,IndiGo
BOM,BLR,6E,IndiGo,6E 437,2026-10-16,30,economy,,,7584.0,False,17:10,ok,2026-09-16T02:16:39.493857+05:30,2026-09-16_0216IST,airline_direct,IndiGo
BOM,BLR,6E,IndiGo,6E 5048,2026-10-16,30,business,,,24383.0,False,17:25,ok,2026-09-16T02:16:39.493857+05:30,2026-09-16_0216IST,airline_direct,IndiGo
BOM,BLR,6E,IndiGo,6E 5048,2026-10-16,30,economy,,,7584.0,False,17:25,ok,2026-09-16T02:16:39.493857+05:30,2026-09-16_0216IST,airline_direct,IndiGo
BOM,BLR,6E,IndiGo,6E 5126,2026-10-16,30,economy,,,7584.0,False,18:15,ok,2026-09-16T02:16:39.493857+05:30,2026-09-16_0216IST,airline_direct,IndiGo
BOM,BLR,6E,IndiGo,6E 5152,2026-10-16,30,economy,,,7584.0,False,23:10,ok,2026-09-16T02:16:39.493857+05:30,2026-09-16_0216IST,airline_direct,IndiGo
BOM,BLR,6E,IndiGo,6E 5181,2026-10-16,30,economy,,,7715.0,False,10:25,ok,2026-09-16T02:16:39.493857+05:30,2026-09-16_0216IST,airline_direct,IndiGo
BOM,BLR,6E,IndiGo,6E 673,2026-10-16,30,economy,,,8126.0,False,12:35,ok,2026-09-16T02:16:39.493857+05:30,2026-09-16_0216IST,airline_direct,IndiGo
BOM,BLR,6E,IndiGo,6E 5107,2026-10-16,30,economy,,,8718.0,False,20:00,ok,2026-09-16T02:16:39.493857+05:30,2026-09-16_0216IST,airline_direct,IndiGo
BOM,BLR,6E,IndiGo,6E 632,2026-10-16,30,economy,,,10068.0,False,04:00,ok,2026-09-16T02:16:39.493857+05:30,2026-09-16_0216IST,airline_direct,IndiGo
BOM,BLR,6E,IndiGo,6E 5201,2026-10-16,30,economy,,,10068.0,False,14:55,ok,2026-09-16T02:16:39.493857+05:30,2026-09-16_0216IST,airline_direct,IndiGo
BOM,BLR,6E,IndiGo,6E 2237,2026-10-16,30,economy,,,10838.0,False,18:40,ok,2026-09-16T02:16:39.493857+05:30,2026-09-16_0216IST,airline_direct,IndiGo
DEL,CCU,6E,IndiGo,6E 527,2026-10-16,30,economy,,,15843.0,False,20:15,ok,2026-09-16T02:17:44.413415+05:30,2026-09-16_0217IST,airline_direct,IndiGo
DEL,CCU,6E,IndiGo,6E 930,2026-10-16,30,business,,,27001.0,False,02:45,ok,2026-09-16T02:17:44.413415+05:30,2026-09-16_0217IST,airline_direct,IndiGo
DEL,CCU,6E,IndiGo,6E 930,2026-10-16,30,economy,,,17838.0,False,02:45,ok,2026-09-16T02:17:44.413415+05:30,2026-09-16_0217IST,airline_direct,IndiGo
DEL,CCU,6E,IndiGo,6E 5191,2026-10-16,30,business,,,27001.0,False,05:00,ok,2026-09-16T02:17:44.413415+05:30,2026-09-16_0217IST,airline_direct,IndiGo
DEL,CCU,6E,IndiGo,6E 5191,2026-10-16,30,economy,,,17838.0,False,05:00,ok,2026-09-16T02:17:44.413415+05:30,2026-09-16_0217IST,airline_direct,IndiGo
DEL,CCU,6E,IndiGo,6E 340,2026-10-16,30,business,,,27001.0,False,07:20,ok,2026-09-16T02:17:44.413415+05:30,2026-09-16_0217IST,airline_direct,IndiGo
DEL,CCU,6E,IndiGo,6E 340,2026-10-16,30,economy,,,18993.0,False,07:20,ok,2026-09-16T02:17:44.413415+05:30,2026-09-16_0217IST,airline_direct,IndiGo
DEL,CCU,6E,IndiGo,6E 513,2026-10-16,30,business,,,27001.0,False,08:30,ok,2026-09-16T02:17:44.413415+05:30,2026-09-16_0217IST,airline_direct,IndiGo
DEL,CCU,6E,IndiGo,6E 513,2026-10-16,30,economy,,,18993.0,False,08:30,ok,2026-09-16T02:17:44.413415+05:30,2026-09-16_0217IST,airline_direct,IndiGo
DEL,CCU,6E,IndiGo,6E 897,2026-10-16,30,business,,,27001.0,False,12:45,ok,2026-09-16T02:17:44.413415+05:30,2026-09-16_0217IST,airline_direct,IndiGo
DEL,CCU,6E,IndiGo,6E 897,2026-10-16,30,economy,,,18993.0,False,12:45,ok,2026-09-16T02:17:44.413415+05:30,2026-09-16_0217IST,airline_direct,IndiGo
DEL,CCU,6E,IndiGo,6E 910,2026-10-16,30,business,,,27001.0,False,14:25,ok,2026-09-16T02:17:44.413415+05:30,2026-09-16_0217IST,airline_direct,IndiGo
DEL,CCU,6E,IndiGo,6E 910,2026-10-16,30,economy,,,18993.0,False,14:25,ok,2026-09-16T02:17:44.413415+05:30,2026-09-16_0217IST,airline_direct,IndiGo
DEL,CCU,6E,IndiGo,6E 6415,2026-10-16,30,business,,,37200.0,False,16:00,ok,2026-09-16T02:17:44.413415+05:30,2026-09-16_0217IST,airline_direct,IndiGo
DEL,CCU,6E,IndiGo,6E 6415,2026-10-16,30,economy,,,18993.0,False,16:00,ok,2026-09-16T02:17:44.413415+05:30,2026-09-16_0217IST,airline_direct,IndiGo
DEL,CCU,6E,IndiGo,6E 247,2026-10-16,30,business,,,27001.0,False,23:30,ok,2026-09-16T02:17:44.413415+05:30,2026-09-16_0217IST,airline_direct,IndiGo
DEL,CCU,6E,IndiGo,6E 247,2026-10-16,30,economy,,,18993.0,False,23:30,ok,2026-09-16T02:17:44.413415+05:30,2026-09-16_0217IST,airline_direct,IndiGo
DEL,CCU,6E,IndiGo,6E 894,2026-10-16,30,business,,,37200.0,False,10:15,ok,2026-09-16T02:17:44.413415+05:30,2026-09-16_0217IST,airline_direct,IndiGo
DEL,CCU,6E,IndiGo,6E 894,2026-10-16,30,economy,,,20253.0,False,10:15,ok,2026-09-16T02:17:44.413415+05:30,2026-09-16_0217IST,airline_direct,IndiGo
DEL,CCU,6E,IndiGo,6E 389,2026-10-16,30,business,,,37200.0,False,21:50,ok,2026-09-16T02:17:44.413415+05:30,2026-09-16_0217IST,airline_direct,IndiGo
DEL,CCU,6E,IndiGo,6E 389,2026-10-16,30,economy,,,20253.0,False,21:50,ok,2026-09-16T02:17:44.413415+05:30,2026-09-16_0217IST,airline_direct,IndiGo
DEL,CCU,6E,IndiGo,6E 2276,2026-10-16,30,business,,,37200.0,False,17:55,ok,2026-09-16T02:17:44.413415+05:30,2026-09-16_0217IST,airline_direct,IndiGo
DEL,CCU,6E,IndiGo,6E 2276,2026-10-16,30,economy,,,21723.0,False,17:55,ok,2026-09-16T02:17:44.413415+05:30,2026-09-16_0217IST,airline_direct,IndiGo
DEL,CCU,6E,IndiGo,6E 6517,2026-10-16,30,business,,,37200.0,False,19:30,ok,2026-09-16T02:17:44.413415+05:30,2026-09-16_0217IST,airline_direct,IndiGo
DEL,CCU,6E,IndiGo,6E 6517,2026-10-16,30,economy,,,21723.0,False,19:30,ok,2026-09-16T02:17:44.413415+05:30,2026-09-16_0217IST,airline_direct,IndiGo
DEL,CCU,6E,IndiGo,6E 6459,2026-10-16,30,economy,,,12189.0,False,05:55,ok,2026-09-16T02:17:44.413415+05:30,2026-09-16_0217IST,airline_direct,IndiGo
DEL,CCU,6E,IndiGo,6E 6312,2026-10-16,30,economy,,,12189.0,False,14:25,ok,2026-09-16T02:17:44.413415+05:30,2026-09-16_0217IST,airline_direct,IndiGo
DEL,CCU,6E,IndiGo,6E 6246,2026-10-16,30,economy,,,12456.0,False,05:25,ok,2026-09-16T02:17:44.413415+05:30,2026-09-16_0217IST,airline_direct,IndiGo
DEL,CCU,6E,IndiGo,6E 734,2026-10-16,30,economy,,,13261.0,False,16:20,ok,2026-09-16T02:17:44.413415+05:30,2026-09-16_0217IST,airline_direct,IndiGo
DEL,CCU,6E,IndiGo,6E 5307,2026-10-16,30,economy,,,13445.0,False,10:50,ok,2026-09-16T02:17:44.413415+05:30,2026-09-16_0217IST,airline_direct,IndiGo
DEL,CCU,6E,IndiGo,6E 5307,2026-10-16,30,economy,,,13445.0,False,10:50,ok,2026-09-16T02:17:44.413415+05:30,2026-09-16_0217IST,airline_direct,IndiGo
DEL,CCU,6E,IndiGo,6E 6124,2026-10-16,30,economy,,,14625.0,False,07:30,ok,2026-09-16T02:17:44.413415+05:30,2026-09-16_0217IST,airline_direct,IndiGo
DEL,CCU,6E,IndiGo,6E 6378,2026-10-16,30,economy,,,14625.0,False,14:40,ok,2026-09-16T02:17:44.413415+05:30,2026-09-16_0217IST,airline_direct,IndiGo
DEL,CCU,6E,IndiGo,6E 6503,2026-10-16,30,economy,,,14835.0,False,13:25,ok,2026-09-16T02:17:44.413415+05:30,2026-09-16_0217IST,airline_direct,IndiGo
DEL,CCU,6E,IndiGo,6E 6503,2026-10-16,30,economy,,,14835.0,False,13:25,ok,2026-09-16T02:17:44.413415+05:30,2026-09-16_0217IST,airline_direct,IndiGo
DEL,CCU,6E,IndiGo,6E 6371,2026-10-16,30,economy,,,14966.0,False,06:20,ok,2026-09-16T02:17:44.413415+05:30,2026-09-16_0217IST,airline_direct,IndiGo
DEL,CCU,6E,IndiGo,6E 5119,2026-10-16,30,economy,,,16042.0,False,05:10,ok,2026-09-16T02:17:44.413415+05:30,2026-09-16_0217IST,airline_direct,IndiGo
DEL,CCU,6E,IndiGo,6E 5033,2026-10-16,30,economy,,,17378.0,False,15:50,ok,2026-09-16T02:17:44.413415+05:30,2026-09-16_0217IST,airline_direct,IndiGo
DEL,CCU,6E,IndiGo,6E 6190,2026-10-16,30,economy,,,17553.0,False,07:40,ok,2026-09-16T02:17:44.413415+05:30,2026-09-16_0217IST,airline_direct,IndiGo
DEL,CCU,6E,IndiGo,6E 6829,2026-10-16,30,economy,,,18179.0,False,17:20,ok,2026-09-16T02:17:44.413415+05:30,2026-09-16_0217IST,airline_direct,IndiGo
DEL,CCU,6E,IndiGo,6E 5298,2026-10-16,30,economy,,,18807.0,False,09:00,ok,2026-09-16T02:17:44.413415+05:30,2026-09-16_0217IST,airline_direct,IndiGo
DEL,CCU,6E,IndiGo,6E 2614,2026-10-16,30,economy,,,19052.0,False,14:40,ok,2026-09-16T02:17:44.413415+05:30,2026-09-16_0217IST,airline_direct,IndiGo
DEL,CCU,6E,IndiGo,6E 6190,2026-10-16,30,economy,,,19443.0,False,07:40,ok,2026-09-16T02:17:44.413415+05:30,2026-09-16_0217IST,airline_direct,IndiGo
DEL,CCU,6E,IndiGo,6E 5038,2026-10-16,30,economy,,,19499.0,False,14:00,ok,2026-09-16T02:17:44.413415+05:30,2026-09-16_0217IST,airline_direct,IndiGo
DEL,CCU,6E,IndiGo,6E 2259,2026-10-16,30,economy,,,19892.0,False,12:20,ok,2026-09-16T02:17:44.413415+05:30,2026-09-16_0217IST,airline_direct,IndiGo
DEL,CCU,6E,IndiGo,6E 6236,2026-10-16,30,economy,,,20732.0,False,16:20,ok,2026-09-16T02:17:44.413415+05:30,2026-09-16_0217IST,airline_direct,IndiGo
DEL,CCU,6E,IndiGo,6E 5215,2026-10-16,30,economy,,,20925.0,False,07:40,ok,2026-09-16T02:17:44.413415+05:30,2026-09-16_0217IST,airline_direct,IndiGo
DEL,CCU,6E,IndiGo,6E 2453,2026-10-16,30,economy,,,20994.0,False,13:35,ok,2026-09-16T02:17:44.413415+05:30,2026-09-16_0217IST,airline_direct,IndiGo
DEL,CCU,6E,IndiGo,6E 6245,2026-10-16,30,economy,,,21257.0,False,06:20,ok,2026-09-16T02:17:44.413415+05:30,2026-09-16_0217IST,airline_direct,IndiGo
DEL,CCU,6E,IndiGo,6E 2769,2026-10-16,30,economy,,,21257.0,False,08:10,ok,2026-09-16T02:17:44.413415+05:30,2026-09-16_0217IST,airline_direct,IndiGo
DEL,CCU,6E,IndiGo,6E 5073,2026-10-16,30,economy,,,21484.0,False,17:05,ok,2026-09-16T02:17:44.413415+05:30,2026-09-16_0217IST,airline_direct,IndiGo
DEL,CCU,6E,IndiGo,6E 705,2026-10-16,30,business,,,36225.0,False,08:30,ok,2026-09-16T02:17:44.413415+05:30,2026-09-16_0217IST,airline_direct,IndiGo
DEL,CCU,6E,IndiGo,6E 705,2026-10-16,30,economy,,,21589.0,False,08:30,ok,2026-09-16T02:17:44.413415+05:30,2026-09-16_0217IST,airline_direct,IndiGo
DEL,CCU,6E,IndiGo,6E 6293,2026-10-16,30,business,,,36225.0,False,09:55,ok,2026-09-16T02:17:44.413415+05:30,2026-09-16_0217IST,airline_direct,IndiGo
DEL,CCU,6E,IndiGo,6E 6293,2026-10-16,30,economy,,,22215.0,False,09:55,ok,2026-09-16T02:17:44.413415+05:30,2026-09-16_0217IST,airline_direct,IndiGo
DEL,CCU,6E,IndiGo,6E 2331,2026-10-16,30,economy,,,22342.0,False,12:20,ok,2026-09-16T02:17:44.413415+05:30,2026-09-16_0217IST,airline_direct,IndiGo
DEL,CCU,6E,IndiGo,6E 704,2026-10-16,30,business,,,37405.0,False,02:25,ok,2026-09-16T02:17:44.413415+05:30,2026-09-16_0217IST,airline_direct,IndiGo
DEL,CCU,6E,IndiGo,6E 704,2026-10-16,30,economy,,,22639.0,False,02:25,ok,2026-09-16T02:17:44.413415+05:30,2026-09-16_0217IST,airline_direct,IndiGo
DEL,CCU,6E,IndiGo,6E 5041,2026-10-16,30,economy,,,22972.0,False,15:10,ok,2026-09-16T02:17:44.413415+05:30,2026-09-16_0217IST,airline_direct,IndiGo
DEL,CCU,6E,IndiGo,6E 2373,2026-10-16,30,economy,,,22989.0,False,11:10,ok,2026-09-16T02:17:44.413415+05:30,2026-09-16_0217IST,airline_direct,IndiGo
DEL,CCU,6E,IndiGo,6E 2361,2026-10-16,30,economy,,,23301.0,False,14:35,ok,2026-09-16T02:17:44.413415+05:30,2026-09-16_0217IST,airline_direct,IndiGo
DEL,CCU,6E,IndiGo,6E 6073,2026-10-16,30,economy,,,23556.0,False,05:00,ok,2026-09-16T02:17:44.413415+05:30,2026-09-16_0217IST,airline_direct,IndiGo
DEL,CCU,6E,IndiGo,6E 6053,2026-10-16,30,economy,,,24029.0,False,13:05,ok,2026-09-16T02:17:44.413415+05:30,2026-09-16_0217IST,airline_direct,IndiGo
DEL,CCU,6E,IndiGo,6E 6282,2026-10-16,30,business,,,37759.0,False,13:30,ok,2026-09-16T02:17:44.413415+05:30,2026-09-16_0217IST,airline_direct,IndiGo
DEL,CCU,6E,IndiGo,6E 6282,2026-10-16,30,economy,,,24269.0,False,13:30,ok,2026-09-16T02:17:44.413415+05:30,2026-09-16_0217IST,airline_direct,IndiGo
DEL,CCU,6E,IndiGo,6E 2453,2026-10-16,30,economy,,,24617.0,False,13:35,ok,2026-09-16T02:17:44.413415+05:30,2026-09-16_0217IST,airline_direct,IndiGo
DEL,CCU,6E,IndiGo,6E 704,2026-10-16,30,business,,,39647.0,False,02:25,ok,2026-09-16T02:17:44.413415+05:30,2026-09-16_0217IST,airline_direct,IndiGo
DEL,CCU,6E,IndiGo,6E 704,2026-10-16,30,economy,,,24634.0,False,02:25,ok,2026-09-16T02:17:44.413415+05:30,2026-09-16_0217IST,airline_direct,IndiGo
DEL,CCU,6E,IndiGo,6E 203,2026-10-16,30,business,,,39647.0,False,07:10,ok,2026-09-16T02:17:44.413415+05:30,2026-09-16_0217IST,airline_direct,IndiGo
DEL,CCU,6E,IndiGo,6E 203,2026-10-16,30,economy,,,24634.0,False,07:10,ok,2026-09-16T02:17:44.413415+05:30,2026-09-16_0217IST,airline_direct,IndiGo
DEL,CCU,6E,IndiGo,6E 705,2026-10-16,30,business,,,39647.0,False,08:30,ok,2026-09-16T02:17:44.413415+05:30,2026-09-16_0217IST,airline_direct,IndiGo
DEL,CCU,6E,IndiGo,6E 705,2026-10-16,30,economy,,,24634.0,False,08:30,ok,2026-09-16T02:17:44.413415+05:30,2026-09-16_0217IST,airline_direct,IndiGo
DEL,CCU,6E,IndiGo,6E 5036,2026-10-16,30,economy,,,24683.0,False,08:00,ok,2026-09-16T02:17:44.413415+05:30,2026-09-16_0217IST,airline_direct,IndiGo
DEL,CCU,6E,IndiGo,6E 2296,2026-10-16,30,economy,,,25131.0,False,09:20,ok,2026-09-16T02:17:44.413415+05:30,2026-09-16_0217IST,airline_direct,IndiGo
DEL,CCU,6E,IndiGo,6E 2316,2026-10-16,30,economy,,,25335.0,False,17:30,ok,2026-09-16T02:17:44.413415+05:30,2026-09-16_0217IST,airline_direct,IndiGo
DEL,CCU,6E,IndiGo,6E 6551,2026-10-16,30,economy,,,26283.0,False,12:00,ok,2026-09-16T02:17:44.413415+05:30,2026-09-16_0217IST,airline_direct,IndiGo
DEL,CCU,6E,IndiGo,6E 5041,2026-10-16,30,economy,,,27277.0,False,15:10,ok,2026-09-16T02:17:44.413415+05:30,2026-09-16_0217IST,airline_direct,IndiGo
DEL,CCU,6E,IndiGo,6E 6217,2026-10-16,30,business,,,37405.0,False,16:15,ok,2026-09-16T02:17:44.413415+05:30,2026-09-16_0217IST,airline_direct,IndiGo
DEL,CCU,6E,IndiGo,6E 6217,2026-10-16,30,economy,,,28609.0,False,16:15,ok,2026-09-16T02:17:44.413415+05:30,2026-09-16_0217IST,airline_direct,IndiGo
DEL,CCU,6E,IndiGo,6E 717,2026-10-16,30,business,,,37405.0,False,17:55,ok,2026-09-16T02:17:44.413415+05:30,2026-09-16_0217IST,airline_direct,IndiGo
DEL,CCU,6E,IndiGo,6E 717,2026-10-16,30,economy,,,30211.0,False,17:55,ok,2026-09-16T02:17:44.413415+05:30,2026-09-16_0217IST,airline_direct,IndiGo
DEL,CCU,6E,IndiGo,6E 717,2026-10-16,30,business,,,37405.0,False,17:55,ok,2026-09-16T02:17:44.413415+05:30,2026-09-16_0217IST,airline_direct,IndiGo
DEL,CCU,6E,IndiGo,6E 717,2026-10-16,30,economy,,,30211.0,False,17:55,ok,2026-09-16T02:17:44.413415+05:30,2026-09-16_0217IST,airline_direct,IndiGo
BLR,HYD,6E,IndiGo,6E 484,2026-10-16,30,economy,,,9518.0,False,08:15,ok,2026-09-16T02:18:43.161185+05:30,2026-09-16_0218IST,airline_direct,IndiGo
BLR,HYD,6E,IndiGo,6E 6178,2026-10-16,30,economy,,,10390.0,False,06:10,ok,2026-09-16T02:18:43.161185+05:30,2026-09-16_0218IST,airline_direct,IndiGo
BLR,HYD,6E,IndiGo,6E 537,2026-10-16,30,economy,,,10390.0,False,10:15,ok,2026-09-16T02:18:43.161185+05:30,2026-09-16_0218IST,airline_direct,IndiGo
BLR,HYD,6E,IndiGo,6E 855,2026-10-16,30,economy,,,10390.0,False,19:45,ok,2026-09-16T02:18:43.161185+05:30,2026-09-16_0218IST,airline_direct,IndiGo
BLR,HYD,6E,IndiGo,6E 312,2026-10-16,30,economy,,,13589.0,False,09:15,ok,2026-09-16T02:18:43.161185+05:30,2026-09-16_0218IST,airline_direct,IndiGo
BLR,HYD,6E,IndiGo,6E 6404,2026-10-16,30,economy,,,13589.0,False,11:35,ok,2026-09-16T02:18:43.161185+05:30,2026-09-16_0218IST,airline_direct,IndiGo
BLR,HYD,6E,IndiGo,6E 638,2026-10-16,30,economy,,,14882.0,False,18:35,ok,2026-09-16T02:18:43.161185+05:30,2026-09-16_0218IST,airline_direct,IndiGo
BLR,HYD,6E,IndiGo,6E 6067,2026-10-16,30,economy,,,16310.0,False,16:30,ok,2026-09-16T02:18:43.161185+05:30,2026-09-16_0218IST,airline_direct,IndiGo
BLR,HYD,6E,IndiGo,6E 6784,2026-10-16,30,economy,,,17886.0,False,21:25,ok,2026-09-16T02:18:43.161185+05:30,2026-09-16_0218IST,airline_direct,IndiGo
BLR,HYD,6E,IndiGo,6E 7227,2026-10-16,30,economy,,,5331.0,False,06:25,ok,2026-09-16T02:18:43.161185+05:30,2026-09-16_0218IST,airline_direct,IndiGo
BLR,HYD,6E,IndiGo,6E 7737,2026-10-16,30,economy,,,5331.0,False,10:50,ok,2026-09-16T02:18:43.161185+05:30,2026-09-16_0218IST,airline_direct,IndiGo
BLR,HYD,6E,IndiGo,6E 7737,2026-10-16,30,economy,,,5331.0,False,10:50,ok,2026-09-16T02:18:43.161185+05:30,2026-09-16_0218IST,airline_direct,IndiGo
BLR,HYD,6E,IndiGo,6E 7737,2026-10-16,30,economy,,,5331.0,False,10:50,ok,2026-09-16T02:18:43.161185+05:30,2026-09-16_0218IST,airline_direct,IndiGo
BLR,HYD,6E,IndiGo,6E 6563,2026-10-16,30,economy,,,5463.0,False,01:05,ok,2026-09-16T02:18:43.161185+05:30,2026-09-16_0218IST,airline_direct,IndiGo
BLR,HYD,6E,IndiGo,6E 6876,2026-10-16,30,economy,,,5463.0,False,02:40,ok,2026-09-16T02:18:43.161185+05:30,2026-09-16_0218IST,airline_direct,IndiGo
BLR,HYD,6E,IndiGo,6E 7204,2026-10-16,30,economy,,,5463.0,False,06:50,ok,2026-09-16T02:18:43.161185+05:30,2026-09-16_0218IST,airline_direct,IndiGo
BLR,HYD,6E,IndiGo,6E 857,2026-10-16,30,economy,,,5463.0,False,07:05,ok,2026-09-16T02:18:43.161185+05:30,2026-09-16_0218IST,airline_direct,IndiGo
BLR,HYD,6E,IndiGo,6E 857,2026-10-16,30,economy,,,5463.0,False,07:05,ok,2026-09-16T02:18:43.161185+05:30,2026-09-16_0218IST,airline_direct,IndiGo
BLR,HYD,6E,IndiGo,6E 6269,2026-10-16,30,economy,,,5463.0,False,07:15,ok,2026-09-16T02:18:43.161185+05:30,2026-09-16_0218IST,airline_direct,IndiGo
BLR,HYD,6E,IndiGo,6E 6104,2026-10-16,30,economy,,,5463.0,False,11:40,ok,2026-09-16T02:18:43.161185+05:30,2026-09-16_0218IST,airline_direct,IndiGo
BLR,HYD,6E,IndiGo,6E 6104,2026-10-16,30,economy,,,5463.0,False,11:40,ok,2026-09-16T02:18:43.161185+05:30,2026-09-16_0218IST,airline_direct,IndiGo
BLR,HYD,6E,IndiGo,6E 6542,2026-10-16,30,economy,,,5463.0,False,13:10,ok,2026-09-16T02:18:43.161185+05:30,2026-09-16_0218IST,airline_direct,IndiGo
BLR,HYD,6E,IndiGo,6E 7223,2026-10-16,30,economy,,,5463.0,False,15:30,ok,2026-09-16T02:18:43.161185+05:30,2026-09-16_0218IST,airline_direct,IndiGo
BLR,HYD,6E,IndiGo,6E 6168,2026-10-16,30,economy,,,5463.0,False,17:20,ok,2026-09-16T02:18:43.161185+05:30,2026-09-16_0218IST,airline_direct,IndiGo
BLR,HYD,6E,IndiGo,6E 6017,2026-10-16,30,economy,,,5463.0,False,18:15,ok,2026-09-16T02:18:43.161185+05:30,2026-09-16_0218IST,airline_direct,IndiGo
BLR,HYD,6E,IndiGo,6E 6162,2026-10-16,30,economy,,,5463.0,False,18:50,ok,2026-09-16T02:18:43.161185+05:30,2026-09-16_0218IST,airline_direct,IndiGo
BLR,HYD,6E,IndiGo,6E 116,2026-10-16,30,economy,,,5463.0,False,23:05,ok,2026-09-16T02:18:43.161185+05:30,2026-09-16_0218IST,airline_direct,IndiGo
BLR,HYD,6E,IndiGo,6E 116,2026-10-16,30,economy,,,5463.0,False,23:05,ok,2026-09-16T02:18:43.161185+05:30,2026-09-16_0218IST,airline_direct,IndiGo
BLR,HYD,6E,IndiGo,6E 6269,2026-10-16,30,economy,,,5793.0,False,07:15,ok,2026-09-16T02:18:43.161185+05:30,2026-09-16_0218IST,airline_direct,IndiGo
BLR,HYD,6E,IndiGo,6E 6753,2026-10-16,30,economy,,,5793.0,False,15:15,ok,2026-09-16T02:18:43.161185+05:30,2026-09-16_0218IST,airline_direct,IndiGo
BLR,HYD,6E,IndiGo,6E 356,2026-10-16,30,economy,,,5793.0,False,17:15,ok,2026-09-16T02:18:43.161185+05:30,2026-09-16_0218IST,airline_direct,IndiGo
BLR,HYD,6E,IndiGo,6E 6554,2026-10-16,30,economy,,,5793.0,False,19:15,ok,2026-09-16T02:18:43.161185+05:30,2026-09-16_0218IST,airline_direct,IndiGo
BLR,HYD,6E,IndiGo,6E 6875,2026-10-16,30,economy,,,6153.0,False,19:55,ok,2026-09-16T02:18:43.161185+05:30,2026-09-16_0218IST,airline_direct,IndiGo
BLR,HYD,6E,IndiGo,6E 6753,2026-10-16,30,economy,,,6969.0,False,15:15,ok,2026-09-16T02:18:43.161185+05:30,2026-09-16_0218IST,airline_direct,IndiGo
BLR,HYD,6E,IndiGo,6E 356,2026-10-16,30,economy,,,6969.0,False,17:15,ok,2026-09-16T02:18:43.161185+05:30,2026-09-16_0218IST,airline_direct,IndiGo
BLR,HYD,6E,IndiGo,6E 6168,2026-10-16,30,economy,,,6969.0,False,17:20,ok,2026-09-16T02:18:43.161185+05:30,2026-09-16_0218IST,airline_direct,IndiGo
BLR,HYD,6E,IndiGo,6E 105,2026-10-16,30,economy,,,6969.0,False,18:50,ok,2026-09-16T02:18:43.161185+05:30,2026-09-16_0218IST,airline_direct,IndiGo
BLR,HYD,6E,IndiGo,6E 6583,2026-10-16,30,economy,,,7101.0,False,10:40,ok,2026-09-16T02:18:43.161185+05:30,2026-09-16_0218IST,airline_direct,IndiGo
BLR,HYD,6E,IndiGo,6E 6208,2026-10-16,30,economy,,,7432.0,False,12:45,ok,2026-09-16T02:18:43.161185+05:30,2026-09-16_0218IST,airline_direct,IndiGo
BLR,HYD,6E,IndiGo,6E 105,2026-10-16,30,economy,,,7432.0,False,18:50,ok,2026-09-16T02:18:43.161185+05:30,2026-09-16_0218IST,airline_direct,IndiGo
BLR,HYD,6E,IndiGo,6E 441,2026-10-16,30,economy,,,7432.0,False,20:40,ok,2026-09-16T02:18:43.161185+05:30,2026-09-16_0218IST,airline_direct,IndiGo
BLR,HYD,6E,IndiGo,6E 528,2026-10-16,30,economy,,,7432.0,False,21:40,ok,2026-09-16T02:18:43.161185+05:30,2026-09-16_0218IST,airline_direct,IndiGo
BLR,HYD,6E,IndiGo,6E 6336,2026-10-16,30,economy,,,7564.0,False,12:25,ok,2026-09-16T02:18:43.161185+05:30,2026-09-16_0218IST,airline_direct,IndiGo
BLR,HYD,6E,IndiGo,6E 6336,2026-10-16,30,economy,,,7564.0,False,12:25,ok,2026-09-16T02:18:43.161185+05:30,2026-09-16_0218IST,airline_direct,IndiGo
BLR,HYD,6E,IndiGo,6E 6653,2026-10-16,30,economy,,,7935.0,False,12:35,ok,2026-09-16T02:18:43.161185+05:30,2026-09-16_0218IST,airline_direct,IndiGo
BLR,HYD,6E,IndiGo,6E 6653,2026-10-16,30,economy,,,7935.0,False,12:35,ok,2026-09-16T02:18:43.161185+05:30,2026-09-16_0218IST,airline_direct,IndiGo
BLR,HYD,6E,IndiGo,6E 109,2026-10-16,30,economy,,,7935.0,False,17:00,ok,2026-09-16T02:18:43.161185+05:30,2026-09-16_0218IST,airline_direct,IndiGo
BLR,HYD,6E,IndiGo,6E 763,2026-10-16,30,economy,,,8484.0,False,07:10,ok,2026-09-16T02:18:43.161185+05:30,2026-09-16_0218IST,airline_direct,IndiGo
BLR,HYD,6E,IndiGo,6E 6653,2026-10-16,30,economy,,,8484.0,False,12:35,ok,2026-09-16T02:18:43.161185+05:30,2026-09-16_0218IST,airline_direct,IndiGo
BLR,HYD,6E,IndiGo,6E 7285,2026-10-16,30,economy,,,10536.0,False,06:50,ok,2026-09-16T02:18:43.161185+05:30,2026-09-16_0218IST,airline_direct,IndiGo
BLR,HYD,6E,IndiGo,6E 904,2026-10-16,30,economy,,,11204.0,False,10:45,ok,2026-09-16T02:18:43.161185+05:30,2026-09-16_0218IST,airline_direct,IndiGo
BLR,HYD,6E,IndiGo,6E 6208,2026-10-16,30,economy,,,11204.0,False,12:45,ok,2026-09-16T02:18:43.161185+05:30,2026-09-16_0218IST,airline_direct,IndiGo
BLR,HYD,6E,IndiGo,6E 763,2026-10-16,30,economy,,,20165.0,False,07:10,ok,2026-09-16T02:18:43.161185+05:30,2026-09-16_0218IST,airline_direct,IndiGo
BLR,HYD,6E,IndiGo,6E 7005,2026-10-16,30,economy,,,20165.0,False,08:05,ok,2026-09-16T02:18:43.161185+05:30,2026-09-16_0218IST,airline_direct,IndiGo
BLR,HYD,6E,IndiGo,6E 763,2026-10-16,30,economy,,,21425.0,False,07:10,ok,2026-09-16T02:18:43.161185+05:30,2026-09-16_0218IST,airline_direct,IndiGo
BLR,HYD,6E,IndiGo,6E 7005,2026-10-16,30,economy,,,21425.0,False,08:05,ok,2026-09-16T02:18:43.161185+05:30,2026-09-16_0218IST,airline_direct,IndiGo
BLR,HYD,6E,IndiGo,6E 6445,2026-10-16,30,economy,,,22312.0,False,10:25,ok,2026-09-16T02:18:43.161185+05:30,2026-09-16_0218IST,airline_direct,IndiGo
BLR,HYD,6E,IndiGo,6E 6445,2026-10-16,30,economy,,,22312.0,False,10:25,ok,2026-09-16T02:18:43.161185+05:30,2026-09-16_0218IST,airline_direct,IndiGo
BLR,HYD,6E,IndiGo,6E 703,2026-10-16,30,economy,,,29016.0,False,12:55,ok,2026-09-16T02:18:43.161185+05:30,2026-09-16_0218IST,airline_direct,IndiGo
MAA,DEL,6E,IndiGo,6E 953,2026-10-16,30,business,,,24700.0,False,02:45,ok,2026-09-16T02:19:46.327684+05:30,2026-09-16_0219IST,airline_direct,IndiGo
MAA,DEL,6E,IndiGo,6E 953,2026-10-16,30,economy,,,10295.0,False,02:45,ok,2026-09-16T02:19:46.327684+05:30,2026-09-16_0219IST,airline_direct,IndiGo
MAA,DEL,6E,IndiGo,6E 404,2026-10-16,30,business,,,24700.0,False,09:15,ok,2026-09-16T02:19:46.327684+05:30,2026-09-16_0219IST,airline_direct,IndiGo
MAA,DEL,6E,IndiGo,6E 404,2026-10-16,30,economy,,,10295.0,False,09:15,ok,2026-09-16T02:19:46.327684+05:30,2026-09-16_0219IST,airline_direct,IndiGo
MAA,DEL,6E,IndiGo,6E 939,2026-10-16,30,business,,,24700.0,False,13:00,ok,2026-09-16T02:19:46.327684+05:30,2026-09-16_0219IST,airline_direct,IndiGo
MAA,DEL,6E,IndiGo,6E 939,2026-10-16,30,economy,,,10295.0,False,13:00,ok,2026-09-16T02:19:46.327684+05:30,2026-09-16_0219IST,airline_direct,IndiGo
MAA,DEL,6E,IndiGo,6E 948,2026-10-16,30,business,,,24700.0,False,14:30,ok,2026-09-16T02:19:46.327684+05:30,2026-09-16_0219IST,airline_direct,IndiGo
MAA,DEL,6E,IndiGo,6E 948,2026-10-16,30,economy,,,10295.0,False,14:30,ok,2026-09-16T02:19:46.327684+05:30,2026-09-16_0219IST,airline_direct,IndiGo
MAA,DEL,6E,IndiGo,6E 937,2026-10-16,30,business,,,24700.0,False,06:30,ok,2026-09-16T02:19:46.327684+05:30,2026-09-16_0219IST,airline_direct,IndiGo
MAA,DEL,6E,IndiGo,6E 937,2026-10-16,30,economy,,,10785.0,False,06:30,ok,2026-09-16T02:19:46.327684+05:30,2026-09-16_0219IST,airline_direct,IndiGo
MAA,DEL,6E,IndiGo,6E 6002,2026-10-16,30,business,,,24700.0,False,11:10,ok,2026-09-16T02:19:46.327684+05:30,2026-09-16_0219IST,airline_direct,IndiGo
MAA,DEL,6E,IndiGo,6E 6002,2026-10-16,30,economy,,,10785.0,False,11:10,ok,2026-09-16T02:19:46.327684+05:30,2026-09-16_0219IST,airline_direct,IndiGo
MAA,DEL,6E,IndiGo,6E 698,2026-10-16,30,business,,,24700.0,False,16:45,ok,2026-09-16T02:19:46.327684+05:30,2026-09-16_0219IST,airline_direct,IndiGo
MAA,DEL,6E,IndiGo,6E 698,2026-10-16,30,economy,,,12426.0,False,16:45,ok,2026-09-16T02:19:46.327684+05:30,2026-09-16_0219IST,airline_direct,IndiGo
MAA,DEL,6E,IndiGo,6E 613,2026-10-16,30,business,,,24700.0,False,19:00,ok,2026-09-16T02:19:46.327684+05:30,2026-09-16_0219IST,airline_direct,IndiGo
MAA,DEL,6E,IndiGo,6E 613,2026-10-16,30,economy,,,13677.0,False,19:00,ok,2026-09-16T02:19:46.327684+05:30,2026-09-16_0219IST,airline_direct,IndiGo
MAA,DEL,6E,IndiGo,6E 951,2026-10-16,30,business,,,24700.0,False,21:50,ok,2026-09-16T02:19:46.327684+05:30,2026-09-16_0219IST,airline_direct,IndiGo
MAA,DEL,6E,IndiGo,6E 951,2026-10-16,30,economy,,,13677.0,False,21:50,ok,2026-09-16T02:19:46.327684+05:30,2026-09-16_0219IST,airline_direct,IndiGo
MAA,DEL,6E,IndiGo,6E 2369,2026-10-16,30,business,,,24700.0,False,23:45,ok,2026-09-16T02:19:46.327684+05:30,2026-09-16_0219IST,airline_direct,IndiGo
MAA,DEL,6E,IndiGo,6E 2369,2026-10-16,30,economy,,,13677.0,False,23:45,ok,2026-09-16T02:19:46.327684+05:30,2026-09-16_0219IST,airline_direct,IndiGo
MAA,DEL,6E,IndiGo,6E 6797,2026-10-16,30,economy,,,9568.0,False,13:10,ok,2026-09-16T02:19:46.327684+05:30,2026-09-16_0219IST,airline_direct,IndiGo
MAA,DEL,6E,IndiGo,6E 253,2026-10-16,30,business,,,28061.0,False,03:10,ok,2026-09-16T02:19:46.327684+05:30,2026-09-16_0219IST,airline_direct,IndiGo
MAA,DEL,6E,IndiGo,6E 253,2026-10-16,30,economy,,,9778.0,False,03:10,ok,2026-09-16T02:19:46.327684+05:30,2026-09-16_0219IST,airline_direct,IndiGo
MAA,DEL,6E,IndiGo,6E 244,2026-10-16,30,economy,,,9778.0,False,03:55,ok,2026-09-16T02:19:46.327684+05:30,2026-09-16_0219IST,airline_direct,IndiGo
MAA,DEL,6E,IndiGo,6E 607,2026-10-16,30,business,,,28415.0,False,05:40,ok,2026-09-16T02:19:46.327684+05:30,2026-09-16_0219IST,airline_direct,IndiGo
MAA,DEL,6E,IndiGo,6E 607,2026-10-16,30,economy,,,9778.0,False,05:40,ok,2026-09-16T02:19:46.327684+05:30,2026-09-16_0219IST,airline_direct,IndiGo
MAA,DEL,6E,IndiGo,6E 834,2026-10-16,30,business,,,26457.0,False,09:05,ok,2026-09-16T02:19:46.327684+05:30,2026-09-16_0219IST,airline_direct,IndiGo
MAA,DEL,6E,IndiGo,6E 834,2026-10-16,30,economy,,,9778.0,False,09:05,ok,2026-09-16T02:19:46.327684+05:30,2026-09-16_0219IST,airline_direct,IndiGo
MAA,DEL,6E,IndiGo,6E 834,2026-10-16,30,business,,,26457.0,False,09:05,ok,2026-09-16T02:19:46.327684+05:30,2026-09-16_0219IST,airline_direct,IndiGo
MAA,DEL,6E,IndiGo,6E 834,2026-10-16,30,economy,,,9778.0,False,09:05,ok,2026-09-16T02:19:46.327684+05:30,2026-09-16_0219IST,airline_direct,IndiGo
MAA,DEL,6E,IndiGo,6E 6079,2026-10-16,30,economy,,,9778.0,False,10:15,ok,2026-09-16T02:19:46.327684+05:30,2026-09-16_0219IST,airline_direct,IndiGo
MAA,DEL,6E,IndiGo,6E 502,2026-10-16,30,business,,,29241.0,False,11:10,ok,2026-09-16T02:19:46.327684+05:30,2026-09-16_0219IST,airline_direct,IndiGo
MAA,DEL,6E,IndiGo,6E 502,2026-10-16,30,economy,,,9778.0,False,11:10,ok,2026-09-16T02:19:46.327684+05:30,2026-09-16_0219IST,airline_direct,IndiGo
MAA,DEL,6E,IndiGo,6E 973,2026-10-16,30,business,,,36835.0,False,11:55,ok,2026-09-16T02:19:46.327684+05:30,2026-09-16_0219IST,airline_direct,IndiGo
MAA,DEL,6E,IndiGo,6E 973,2026-10-16,30,economy,,,9778.0,False,11:55,ok,2026-09-16T02:19:46.327684+05:30,2026-09-16_0219IST,airline_direct,IndiGo
MAA,DEL,6E,IndiGo,6E 848,2026-10-16,30,economy,,,9778.0,False,17:50,ok,2026-09-16T02:19:46.327684+05:30,2026-09-16_0219IST,airline_direct,IndiGo
MAA,DEL,6E,IndiGo,6E 6815,2026-10-16,30,business,,,29704.0,False,08:55,ok,2026-09-16T02:19:46.327684+05:30,2026-09-16_0219IST,airline_direct,IndiGo
MAA,DEL,6E,IndiGo,6E 6815,2026-10-16,30,economy,,,9857.0,False,08:55,ok,2026-09-16T02:19:46.327684+05:30,2026-09-16_0219IST,airline_direct,IndiGo
MAA,DEL,6E,IndiGo,6E 6812,2026-10-16,30,economy,,,9857.0,False,20:00,ok,2026-09-16T02:19:46.327684+05:30,2026-09-16_0219IST,airline_direct,IndiGo
MAA,DEL,6E,IndiGo,6E 6140,2026-10-16,30,business,,,29944.0,False,02:30,ok,2026-09-16T02:19:46.327684+05:30,2026-09-16_0219IST,airline_direct,IndiGo
MAA,DEL,6E,IndiGo,6E 6140,2026-10-16,30,economy,,,9988.0,False,02:30,ok,2026-09-16T02:19:46.327684+05:30,2026-09-16_0219IST,airline_direct,IndiGo
MAA,DEL,6E,IndiGo,6E 6140,2026-10-16,30,business,,,29944.0,False,02:30,ok,2026-09-16T02:19:46.327684+05:30,2026-09-16_0219IST,airline_direct,IndiGo
MAA,DEL,6E,IndiGo,6E 6140,2026-10-16,30,economy,,,9988.0,False,02:30,ok,2026-09-16T02:19:46.327684+05:30,2026-09-16_0219IST,airline_direct,IndiGo
MAA,DEL,6E,IndiGo,6E 5093,2026-10-16,30,business,,,35375.0,False,05:00,ok,2026-09-16T02:19:46.327684+05:30,2026-09-16_0219IST,airline_direct,IndiGo
MAA,DEL,6E,IndiGo,6E 5093,2026-10-16,30,economy,,,9988.0,False,05:00,ok,2026-09-16T02:19:46.327684+05:30,2026-09-16_0219IST,airline_direct,IndiGo
MAA,DEL,6E,IndiGo,6E 6348,2026-10-16,30,business,,,35375.0,False,09:00,ok,2026-09-16T02:19:46.327684+05:30,2026-09-16_0219IST,airline_direct,IndiGo
MAA,DEL,6E,IndiGo,6E 6348,2026-10-16,30,economy,,,9988.0,False,09:00,ok,2026-09-16T02:19:46.327684+05:30,2026-09-16_0219IST,airline_direct,IndiGo
MAA,DEL,6E,IndiGo,6E 6348,2026-10-16,30,business,,,35375.0,False,09:00,ok,2026-09-16T02:19:46.327684+05:30,2026-09-16_0219IST,airline_direct,IndiGo
MAA,DEL,6E,IndiGo,6E 6348,2026-10-16,30,economy,,,9988.0,False,09:00,ok,2026-09-16T02:19:46.327684+05:30,2026-09-16_0219IST,airline_direct,IndiGo
MAA,DEL,6E,IndiGo,6E 5214,2026-10-16,30,business,,,35375.0,False,11:00,ok,2026-09-16T02:19:46.327684+05:30,2026-09-16_0219IST,airline_direct,IndiGo
MAA,DEL,6E,IndiGo,6E 5214,2026-10-16,30,economy,,,9988.0,False,11:00,ok,2026-09-16T02:19:46.327684+05:30,2026-09-16_0219IST,airline_direct,IndiGo
MAA,DEL,6E,IndiGo,6E 5258,2026-10-16,30,business,,,35375.0,False,12:45,ok,2026-09-16T02:19:46.327684+05:30,2026-09-16_0219IST,airline_direct,IndiGo
MAA,DEL,6E,IndiGo,6E 5258,2026-10-16,30,economy,,,9988.0,False,12:45,ok,2026-09-16T02:19:46.327684+05:30,2026-09-16_0219IST,airline_direct,IndiGo
MAA,DEL,6E,IndiGo,6E 5371,2026-10-16,30,business,,,45110.0,False,14:45,ok,2026-09-16T02:19:46.327684+05:30,2026-09-16_0219IST,airline_direct,IndiGo
MAA,DEL,6E,IndiGo,6E 5371,2026-10-16,30,economy,,,9988.0,False,14:45,ok,2026-09-16T02:19:46.327684+05:30,2026-09-16_0219IST,airline_direct,IndiGo
MAA,DEL,6E,IndiGo,6E 588,2026-10-16,30,business,,,36717.0,False,17:40,ok,2026-09-16T02:19:46.327684+05:30,2026-09-16_0219IST,airline_direct,IndiGo
MAA,DEL,6E,IndiGo,6E 588,2026-10-16,30,economy,,,9988.0,False,17:40,ok,2026-09-16T02:19:46.327684+05:30,2026-09-16_0219IST,airline_direct,IndiGo
MAA,DEL,6E,IndiGo,6E 6225,2026-10-16,30,business,,,45110.0,False,22:30,ok,2026-09-16T02:19:46.327684+05:30,2026-09-16_0219IST,airline_direct,IndiGo
MAA,DEL,6E,IndiGo,6E 6225,2026-10-16,30,economy,,,9988.0,False,22:30,ok,2026-09-16T02:19:46.327684+05:30,2026-09-16_0219IST,airline_direct,IndiGo
MAA,DEL,6E,IndiGo,6E 495,2026-10-16,30,business,,,26917.0,False,07:10,ok,2026-09-16T02:19:46.327684+05:30,2026-09-16_0219IST,airline_direct,IndiGo
MAA,DEL,6E,IndiGo,6E 495,2026-10-16,30,economy,,,10535.0,False,07:10,ok,2026-09-16T02:19:46.327684+05:30,2026-09-16_0219IST,airline_direct,IndiGo
MAA,DEL,6E,IndiGo,6E 495,2026-10-16,30,business,,,26917.0,False,07:10,ok,2026-09-16T02:19:46.327684+05:30,2026-09-16_0219IST,airline_direct,IndiGo
MAA,DEL,6E,IndiGo,6E 495,2026-10-16,30,economy,,,10535.0,False,07:10,ok,2026-09-16T02:19:46.327684+05:30,2026-09-16_0219IST,airline_direct,IndiGo
MAA,DEL,6E,IndiGo,6E 372,2026-10-16,30,business,,,27358.0,False,09:55,ok,2026-09-16T02:19:46.327684+05:30,2026-09-16_0219IST,airline_direct,IndiGo
MAA,DEL,6E,IndiGo,6E 372,2026-10-16,30,economy,,,10535.0,False,09:55,ok,2026-09-16T02:19:46.327684+05:30,2026-09-16_0219IST,airline_direct,IndiGo
MAA,DEL,6E,IndiGo,6E 183,2026-10-16,30,business,,,31365.0,False,16:35,ok,2026-09-16T02:19:46.327684+05:30,2026-09-16_0219IST,airline_direct,IndiGo
MAA,DEL,6E,IndiGo,6E 183,2026-10-16,30,economy,,,10535.0,False,16:35,ok,2026-09-16T02:19:46.327684+05:30,2026-09-16_0219IST,airline_direct,IndiGo
MAA,DEL,6E,IndiGo,6E 561,2026-10-16,30,business,,,30893.0,False,22:20,ok,2026-09-16T02:19:46.327684+05:30,2026-09-16_0219IST,airline_direct,IndiGo
MAA,DEL,6E,IndiGo,6E 561,2026-10-16,30,economy,,,10535.0,False,22:20,ok,2026-09-16T02:19:46.327684+05:30,2026-09-16_0219IST,airline_direct,IndiGo
MAA,DEL,6E,IndiGo,6E 6925,2026-10-16,30,business,,,27970.0,False,12:00,ok,2026-09-16T02:19:46.327684+05:30,2026-09-16_0219IST,airline_direct,IndiGo
MAA,DEL,6E,IndiGo,6E 6925,2026-10-16,30,economy,,,11366.0,False,12:00,ok,2026-09-16T02:19:46.327684+05:30,2026-09-16_0219IST,airline_direct,IndiGo
MAA,DEL,6E,IndiGo,6E 6158,2026-10-16,30,business,,,28570.0,False,16:10,ok,2026-09-16T02:19:46.327684+05:30,2026-09-16_0219IST,airline_direct,IndiGo
MAA,DEL,6E,IndiGo,6E 6158,2026-10-16,30,economy,,,11366.0,False,16:10,ok,2026-09-16T02:19:46.327684+05:30,2026-09-16_0219IST,airline_direct,IndiGo
MAA,DEL,6E,IndiGo,6E 193,2026-10-16,30,business,,,31584.0,False,20:00,ok,2026-09-16T02:19:46.327684+05:30,2026-09-16_0219IST,airline_direct,IndiGo
MAA,DEL,6E,IndiGo,6E 193,2026-10-16,30,economy,,,11366.0,False,20:00,ok,2026-09-16T02:19:46.327684+05:30,2026-09-16_0219IST,airline_direct,IndiGo
MAA,DEL,6E,IndiGo,6E 6209,2026-10-16,30,business,,,29704.0,False,14:35,ok,2026-09-16T02:19:46.327684+05:30,2026-09-16_0219IST,airline_direct,IndiGo
MAA,DEL,6E,IndiGo,6E 6209,2026-10-16,30,economy,,,11445.0,False,14:35,ok,2026-09-16T02:19:46.327684+05:30,2026-09-16_0219IST,airline_direct,IndiGo
MAA,DEL,6E,IndiGo,6E 401,2026-10-16,30,economy,,,12277.0,False,08:10,ok,2026-09-16T02:19:46.327684+05:30,2026-09-16_0219IST,airline_direct,IndiGo
MAA,DEL,6E,IndiGo,6E 6209,2026-10-16,30,business,,,29704.0,False,14:35,ok,2026-09-16T02:19:46.327684+05:30,2026-09-16_0219IST,airline_direct,IndiGo
MAA,DEL,6E,IndiGo,6E 6209,2026-10-16,30,economy,,,12356.0,False,14:35,ok,2026-09-16T02:19:46.327684+05:30,2026-09-16_0219IST,airline_direct,IndiGo
MAA,DEL,6E,IndiGo,6E 189,2026-10-16,30,business,,,32934.0,False,19:05,ok,2026-09-16T02:19:46.327684+05:30,2026-09-16_0219IST,airline_direct,IndiGo
MAA,DEL,6E,IndiGo,6E 189,2026-10-16,30,economy,,,12356.0,False,19:05,ok,2026-09-16T02:19:46.327684+05:30,2026-09-16_0219IST,airline_direct,IndiGo
MAA,DEL,6E,IndiGo,6E 6487,2026-10-16,30,business,,,27907.0,False,21:25,ok,2026-09-16T02:19:46.327684+05:30,2026-09-16_0219IST,airline_direct,IndiGo
MAA,DEL,6E,IndiGo,6E 6487,2026-10-16,30,economy,,,13277.0,False,21:25,ok,2026-09-16T02:19:46.327684+05:30,2026-09-16_0219IST,airline_direct,IndiGo
MAA,DEL,6E,IndiGo,6E 6081,2026-10-16,30,business,,,29704.0,False,07:05,ok,2026-09-16T02:19:46.327684+05:30,2026-09-16_0219IST,airline_direct,IndiGo
MAA,DEL,6E,IndiGo,6E 6081,2026-10-16,30,economy,,,13356.0,False,07:05,ok,2026-09-16T02:19:46.327684+05:30,2026-09-16_0219IST,airline_direct,IndiGo
MAA,DEL,6E,IndiGo,6E 6081,2026-10-16,30,business,,,29704.0,False,07:05,ok,2026-09-16T02:19:46.327684+05:30,2026-09-16_0219IST,airline_direct,IndiGo
MAA,DEL,6E,IndiGo,6E 6081,2026-10-16,30,economy,,,13356.0,False,07:05,ok,2026-09-16T02:19:46.327684+05:30,2026-09-16_0219IST,airline_direct,IndiGo
MAA,DEL,6E,IndiGo,6E 847,2026-10-16,30,business,,,29704.0,False,16:15,ok,2026-09-16T02:19:46.327684+05:30,2026-09-16_0219IST,airline_direct,IndiGo
MAA,DEL,6E,IndiGo,6E 847,2026-10-16,30,economy,,,13356.0,False,16:15,ok,2026-09-16T02:19:46.327684+05:30,2026-09-16_0219IST,airline_direct,IndiGo
MAA,DEL,6E,IndiGo,6E 6892,2026-10-16,30,business,,,30424.0,False,10:55,ok,2026-09-16T02:19:46.327684+05:30,2026-09-16_0219IST,airline_direct,IndiGo
MAA,DEL,6E,IndiGo,6E 6892,2026-10-16,30,economy,,,14452.0,False,10:55,ok,2026-09-16T02:19:46.327684+05:30,2026-09-16_0219IST,airline_direct,IndiGo
MAA,DEL,6E,IndiGo,6E 597,2026-10-16,30,economy,,,15945.0,False,17:45,ok,2026-09-16T02:19:46.327684+05:30,2026-09-16_0219IST,airline_direct,IndiGo
MAA,DEL,6E,IndiGo,6E 5367,2026-10-16,30,business,,,35375.0,False,18:15,ok,2026-09-16T02:19:46.327684+05:30,2026-09-16_0219IST,airline_direct,IndiGo
MAA,DEL,6E,IndiGo,6E 5367,2026-10-16,30,economy,,,16317.0,False,18:15,ok,2026-09-16T02:19:46.327684+05:30,2026-09-16_0219IST,airline_direct,IndiGo
MAA,DEL,6E,IndiGo,6E 6892,2026-10-16,30,business,,,30424.0,False,10:55,ok,2026-09-16T02:19:46.327684+05:30,2026-09-16_0219IST,airline_direct,IndiGo
MAA,DEL,6E,IndiGo,6E 6892,2026-10-16,30,economy,,,17371.0,False,10:55,ok,2026-09-16T02:19:46.327684+05:30,2026-09-16_0219IST,airline_direct,IndiGo
MAA,DEL,6E,IndiGo,6E 796,2026-10-16,30,business,,,30048.0,False,22:00,ok,2026-09-16T02:19:46.327684+05:30,2026-09-16_0219IST,airline_direct,IndiGo
MAA,DEL,6E,IndiGo,6E 796,2026-10-16,30,economy,,,20015.0,False,22:00,ok,2026-09-16T02:19:46.327684+05:30,2026-09-16_0219IST,airline_direct,IndiGo
MAA,DEL,6E,IndiGo,6E 562,2026-10-16,30,business,,,28570.0,False,18:20,ok,2026-09-16T02:19:46.327684+05:30,2026-09-16_0219IST,airline_direct,IndiGo
MAA,DEL,6E,IndiGo,6E 562,2026-10-16,30,economy,,,20702.0,False,18:20,ok,2026-09-16T02:19:46.327684+05:30,2026-09-16_0219IST,airline_direct,IndiGo
MAA,DEL,6E,IndiGo,6E 539,2026-10-16,30,economy,,,24499.0,False,11:25,ok,2026-09-16T02:19:46.327684+05:30,2026-09-16_0219IST,airline_direct,IndiGo
MAA,DEL,6E,IndiGo,6E 6113,2026-10-16,30,economy,,,25776.0,False,17:00,ok,2026-09-16T02:19:46.327684+05:30,2026-09-16_0219IST,airline_direct,IndiGo
MAA,DEL,6E,IndiGo,6E 321,2026-10-16,30,business,,,55183.0,False,08:20,ok,2026-09-16T02:19:46.327684+05:30,2026-09-16_0219IST,airline_direct,IndiGo
MAA,DEL,6E,IndiGo,6E 321,2026-10-16,30,economy,,,40029.0,False,08:20,ok,2026-09-16T02:19:46.327684+05:30,2026-09-16_0219IST,airline_direct,IndiGo
MAA,DEL,6E,IndiGo,6E 986,2026-10-16,30,business,,,55183.0,False,15:05,ok,2026-09-16T02:19:46.327684+05:30,2026-09-16_0219IST,airline_direct,IndiGo
MAA,DEL,6E,IndiGo,6E 986,2026-10-16,30,economy,,,40736.0,False,15:05,ok,2026-09-16T02:19:46.327684+05:30,2026-09-16_0219IST,airline_direct,IndiGo
MAA,DEL,6E,IndiGo,6E 264,2026-10-16,30,business,,,61321.0,False,23:20,ok,2026-09-16T02:19:46.327684+05:30,2026-09-16_0219IST,airline_direct,IndiGo
MAA,DEL,6E,IndiGo,6E 264,2026-10-16,30,economy,,,45491.0,False,23:20,ok,2026-09-16T02:19:46.327684+05:30,2026-09-16_0219IST,airline_direct,IndiGo
DEL,BOM,6E,IndiGo,6E 3127,2026-10-01,15,economy,,,6305.0,False,00:55,ok,2026-09-16T02:20:51.764729+05:30,2026-09-16_0220IST,airline_direct,IndiGo
DEL,BOM,6E,IndiGo,6E 353,2026-10-01,15,economy,,,6305.0,False,03:00,ok,2026-09-16T02:20:51.764729+05:30,2026-09-16_0220IST,airline_direct,IndiGo
DEL,BOM,6E,IndiGo,6E 449,2026-10-01,15,business,,,21900.0,False,05:00,ok,2026-09-16T02:20:51.764729+05:30,2026-09-16_0220IST,airline_direct,IndiGo
DEL,BOM,6E,IndiGo,6E 449,2026-10-01,15,economy,,,6305.0,False,05:00,ok,2026-09-16T02:20:51.764729+05:30,2026-09-16_0220IST,airline_direct,IndiGo
DEL,BOM,6E,IndiGo,6E 675,2026-10-01,15,business,,,21900.0,False,08:45,ok,2026-09-16T02:20:51.764729+05:30,2026-09-16_0220IST,airline_direct,IndiGo
DEL,BOM,6E,IndiGo,6E 675,2026-10-01,15,economy,,,6305.0,False,08:45,ok,2026-09-16T02:20:51.764729+05:30,2026-09-16_0220IST,airline_direct,IndiGo
DEL,BOM,6E,IndiGo,6E 6107,2026-10-01,15,business,,,21900.0,False,09:30,ok,2026-09-16T02:20:51.764729+05:30,2026-09-16_0220IST,airline_direct,IndiGo
DEL,BOM,6E,IndiGo,6E 6107,2026-10-01,15,economy,,,6305.0,False,09:30,ok,2026-09-16T02:20:51.764729+05:30,2026-09-16_0220IST,airline_direct,IndiGo
DEL,BOM,6E,IndiGo,6E 6328,2026-10-01,15,business,,,21900.0,False,10:15,ok,2026-09-16T02:20:51.764729+05:30,2026-09-16_0220IST,airline_direct,IndiGo
DEL,BOM,6E,IndiGo,6E 6328,2026-10-01,15,economy,,,6305.0,False,10:15,ok,2026-09-16T02:20:51.764729+05:30,2026-09-16_0220IST,airline_direct,IndiGo
DEL,BOM,6E,IndiGo,6E 6047,2026-10-01,15,business,,,21900.0,False,11:00,ok,2026-09-16T02:20:51.764729+05:30,2026-09-16_0220IST,airline_direct,IndiGo
DEL,BOM,6E,IndiGo,6E 6047,2026-10-01,15,economy,,,6305.0,False,11:00,ok,2026-09-16T02:20:51.764729+05:30,2026-09-16_0220IST,airline_direct,IndiGo
DEL,BOM,6E,IndiGo,6E 6676,2026-10-01,15,business,,,21900.0,False,12:00,ok,2026-09-16T02:20:51.764729+05:30,2026-09-16_0220IST,airline_direct,IndiGo
DEL,BOM,6E,IndiGo,6E 6676,2026-10-01,15,economy,,,6305.0,False,12:00,ok,2026-09-16T02:20:51.764729+05:30,2026-09-16_0220IST,airline_direct,IndiGo
DEL,BOM,6E,IndiGo,6E 6022,2026-10-01,15,business,,,21900.0,False,14:00,ok,2026-09-16T02:20:51.764729+05:30,2026-09-16_0220IST,airline_direct,IndiGo
DEL,BOM,6E,IndiGo,6E 6022,2026-10-01,15,economy,,,6305.0,False,14:00,ok,2026-09-16T02:20:51.764729+05:30,2026-09-16_0220IST,airline_direct,IndiGo
DEL,BOM,6E,IndiGo,6E 6318,2026-10-01,15,business,,,21900.0,False,14:45,ok,2026-09-16T02:20:51.764729+05:30,2026-09-16_0220IST,airline_direct,IndiGo
DEL,BOM,6E,IndiGo,6E 6318,2026-10-01,15,economy,,,6305.0,False,14:45,ok,2026-09-16T02:20:51.764729+05:30,2026-09-16_0220IST,airline_direct,IndiGo
DEL,BOM,6E,IndiGo,6E 864,2026-10-01,15,business,,,21900.0,False,15:30,ok,2026-09-16T02:20:51.764729+05:30,2026-09-16_0220IST,airline_direct,IndiGo
DEL,BOM,6E,IndiGo,6E 864,2026-10-01,15,economy,,,6305.0,False,15:30,ok,2026-09-16T02:20:51.764729+05:30,2026-09-16_0220IST,airline_direct,IndiGo
DEL,BOM,6E,IndiGo,6E 327,2026-10-01,15,business,,,21900.0,False,16:15,ok,2026-09-16T02:20:51.764729+05:30,2026-09-16_0220IST,airline_direct,IndiGo
DEL,BOM,6E,IndiGo,6E 327,2026-10-01,15,economy,,,6305.0,False,16:15,ok,2026-09-16T02:20:51.764729+05:30,2026-09-16_0220IST,airline_direct,IndiGo
DEL,BOM,6E,IndiGo,6E 6218,2026-10-01,15,business,,,21900.0,False,06:05,ok,2026-09-16T02:20:51.764729+05:30,2026-09-16_0220IST,airline_direct,IndiGo
DEL,BOM,6E,IndiGo,6E 6218,2026-10-01,15,economy,,,6357.0,False,06:05,ok,2026-09-16T02:20:51.764729+05:30,2026-09-16_0220IST,airline_direct,IndiGo
DEL,BOM,6E,IndiGo,6E 6814,2026-10-01,15,business,,,21900.0,False,07:15,ok,2026-09-16T02:20:51.764729+05:30,2026-09-16_0220IST,airline_direct,IndiGo
DEL,BOM,6E,IndiGo,6E 6814,2026-10-01,15,economy,,,6431.0,False,07:15,ok,2026-09-16T02:20:51.764729+05:30,2026-09-16_0220IST,airline_direct,IndiGo
DEL,BOM,6E,IndiGo,6E 320,2026-10-01,15,business,,,21900.0,False,08:00,ok,2026-09-16T02:20:51.764729+05:30,2026-09-16_0220IST,airline_direct,IndiGo
DEL,BOM,6E,IndiGo,6E 320,2026-10-01,15,economy,,,6431.0,False,08:00,ok,2026-09-16T02:20:51.764729+05:30,2026-09-16_0220IST,airline_direct,IndiGo
DEL,BOM,6E,IndiGo,6E 324,2026-10-01,15,business,,,21900.0,False,13:00,ok,2026-09-16T02:20:51.764729+05:30,2026-09-16_0220IST,airline_direct,IndiGo
DEL,BOM,6E,IndiGo,6E 324,2026-10-01,15,economy,,,6431.0,False,13:00,ok,2026-09-16T02:20:51.764729+05:30,2026-09-16_0220IST,airline_direct,IndiGo
DEL,BOM,6E,IndiGo,6E 6706,2026-10-01,15,business,,,26083.0,False,17:00,ok,2026-09-16T02:20:51.764729+05:30,2026-09-16_0220IST,airline_direct,IndiGo
DEL,BOM,6E,IndiGo,6E 6706,2026-10-01,15,economy,,,6431.0,False,17:00,ok,2026-09-16T02:20:51.764729+05:30,2026-09-16_0220IST,airline_direct,IndiGo
DEL,BOM,6E,IndiGo,6E 322,2026-10-01,15,business,,,21900.0,False,23:30,ok,2026-09-16T02:20:51.764729+05:30,2026-09-16_0220IST,airline_direct,IndiGo
DEL,BOM,6E,IndiGo,6E 322,2026-10-01,15,economy,,,6431.0,False,23:30,ok,2026-09-16T02:20:51.764729+05:30,2026-09-16_0220IST,airline_direct,IndiGo
DEL,BOM,6E,IndiGo,6E 6114,2026-10-01,15,business,,,21900.0,False,22:45,ok,2026-09-16T02:20:51.764729+05:30,2026-09-16_0220IST,airline_direct,IndiGo
DEL,BOM,6E,IndiGo,6E 6114,2026-10-01,15,economy,,,6688.0,False,22:45,ok,2026-09-16T02:20:51.764729+05:30,2026-09-16_0220IST,airline_direct,IndiGo
DEL,BOM,6E,IndiGo,6E 329,2026-10-01,15,business,,,26083.0,False,18:00,ok,2026-09-16T02:20:51.764729+05:30,2026-09-16_0220IST,airline_direct,IndiGo
DEL,BOM,6E,IndiGo,6E 329,2026-10-01,15,economy,,,7003.0,False,18:00,ok,2026-09-16T02:20:51.764729+05:30,2026-09-16_0220IST,airline_direct,IndiGo
DEL,BOM,6E,IndiGo,6E 853,2026-10-01,15,business,,,26083.0,False,20:45,ok,2026-09-16T02:20:51.764729+05:30,2026-09-16_0220IST,airline_direct,IndiGo
DEL,BOM,6E,IndiGo,6E 853,2026-10-01,15,economy,,,7003.0,False,20:45,ok,2026-09-16T02:20:51.764729+05:30,2026-09-16_0220IST,airline_direct,IndiGo
DEL,BOM,6E,IndiGo,6E 395,2026-10-01,15,business,,,21900.0,False,21:45,ok,2026-09-16T02:20:51.764729+05:30,2026-09-16_0220IST,airline_direct,IndiGo
DEL,BOM,6E,IndiGo,6E 395,2026-10-01,15,economy,,,7003.0,False,21:45,ok,2026-09-16T02:20:51.764729+05:30,2026-09-16_0220IST,airline_direct,IndiGo
DEL,BOM,6E,IndiGo,6E 354,2026-10-01,15,business,,,26083.0,False,19:00,ok,2026-09-16T02:20:51.764729+05:30,2026-09-16_0220IST,airline_direct,IndiGo
DEL,BOM,6E,IndiGo,6E 354,2026-10-01,15,economy,,,7318.0,False,19:00,ok,2026-09-16T02:20:51.764729+05:30,2026-09-16_0220IST,airline_direct,IndiGo
DEL,BOM,6E,IndiGo,6E 303,2026-10-01,15,business,,,26083.0,False,20:00,ok,2026-09-16T02:20:51.764729+05:30,2026-09-16_0220IST,airline_direct,IndiGo
DEL,BOM,6E,IndiGo,6E 303,2026-10-01,15,economy,,,7318.0,False,20:00,ok,2026-09-16T02:20:51.764729+05:30,2026-09-16_0220IST,airline_direct,IndiGo
DEL,BOM,6E,IndiGo,6E 6261,2026-10-01,15,economy,,,6618.0,False,00:15,ok,2026-09-16T02:20:51.764729+05:30,2026-09-16_0220IST,airline_direct,IndiGo
DEL,BOM,6E,IndiGo,6E 5119,2026-10-01,15,economy,,,6618.0,False,05:10,ok,2026-09-16T02:20:51.764729+05:30,2026-09-16_0220IST,airline_direct,IndiGo
DEL,BOM,6E,IndiGo,6E 5119,2026-10-01,15,economy,,,6618.0,False,05:10,ok,2026-09-16T02:20:51.764729+05:30,2026-09-16_0220IST,airline_direct,IndiGo
DEL,BOM,6E,IndiGo,6E 2076,2026-10-01,15,economy,,,6618.0,False,07:30,ok,2026-09-16T02:20:51.764729+05:30,2026-09-16_0220IST,airline_direct,IndiGo
DEL,BOM,6E,IndiGo,6E 2331,2026-10-01,15,economy,,,6618.0,False,12:20,ok,2026-09-16T02:20:51.764729+05:30,2026-09-16_0220IST,airline_direct,IndiGo
DEL,BOM,6E,IndiGo,6E 6454,2026-10-01,15,economy,,,6618.0,False,13:50,ok,2026-09-16T02:20:51.764729+05:30,2026-09-16_0220IST,airline_direct,IndiGo
DEL,BOM,6E,IndiGo,6E 2341,2026-10-01,15,economy,,,6618.0,False,14:50,ok,2026-09-16T02:20:51.764729+05:30,2026-09-16_0220IST,airline_direct,IndiGo
DEL,BOM,6E,IndiGo,6E 6983,2026-10-01,15,economy,,,6618.0,False,15:35,ok,2026-09-16T02:20:51.764729+05:30,2026-09-16_0220IST,airline_direct,IndiGo
DEL,BOM,6E,IndiGo,6E 5073,2026-10-01,15,economy,,,6618.0,False,17:05,ok,2026-09-16T02:20:51.764729+05:30,2026-09-16_0220IST,airline_direct,IndiGo
DEL,BOM,6E,IndiGo,6E 5073,2026-10-01,15,economy,,,6618.0,False,17:05,ok,2026-09-16T02:20:51.764729+05:30,2026-09-16_0220IST,airline_direct,IndiGo
DEL,BOM,6E,IndiGo,6E 5014,2026-10-01,15,economy,,,6618.0,False,18:30,ok,2026-09-16T02:20:51.764729+05:30,2026-09-16_0220IST,airline_direct,IndiGo
DEL,BOM,6E,IndiGo,6E 2013,2026-10-01,15,economy,,,6618.0,False,21:50,ok,2026-09-16T02:20:51.764729+05:30,2026-09-16_0220IST,airline_direct,IndiGo
DEL,BOM,6E,IndiGo,6E 6569,2026-10-01,15,economy,,,6750.0,False,05:00,ok,2026-09-16T02:20:51.764729+05:30,2026-09-16_0220IST,airline_direct,IndiGo
DEL,BOM,6E,IndiGo,6E 6459,2026-10-01,15,economy,,,6750.0,False,05:55,ok,2026-09-16T02:20:51.764729+05:30,2026-09-16_0220IST,airline_direct,IndiGo
DEL,BOM,6E,IndiGo,6E 6443,2026-10-01,15,economy,,,6750.0,False,09:00,ok,2026-09-16T02:20:51.764729+05:30,2026-09-16_0220IST,airline_direct,IndiGo
DEL,BOM,6E,IndiGo,6E 6488,2026-10-01,15,economy,,,6750.0,False,11:20,ok,2026-09-16T02:20:51.764729+05:30,2026-09-16_0220IST,airline_direct,IndiGo
DEL,BOM,6E,IndiGo,6E 2249,2026-10-01,15,economy,,,6750.0,False,15:00,ok,2026-09-16T02:20:51.764729+05:30,2026-09-16_0220IST,airline_direct,IndiGo
DEL,BOM,6E,IndiGo,6E 6433,2026-10-01,15,economy,,,6750.0,False,16:30,ok,2026-09-16T02:20:51.764729+05:30,2026-09-16_0220IST,airline_direct,IndiGo
DEL,BOM,6E,IndiGo,6E 6829,2026-10-01,15,economy,,,6750.0,False,17:20,ok,2026-09-16T02:20:51.764729+05:30,2026-09-16_0220IST,airline_direct,IndiGo
DEL,BOM,6E,IndiGo,6E 5138,2026-10-01,15,economy,,,6750.0,False,19:10,ok,2026-09-16T02:20:51.764729+05:30,2026-09-16_0220IST,airline_direct,IndiGo
DEL,BOM,6E,IndiGo,6E 2169,2026-10-01,15,economy,,,6750.0,False,19:20,ok,2026-09-16T02:20:51.764729+05:30,2026-09-16_0220IST,airline_direct,IndiGo
DEL,BOM,6E,IndiGo,6E 6050,2026-10-01,15,economy,,,6828.0,False,08:15,ok,2026-09-16T02:20:51.764729+05:30,2026-09-16_0220IST,airline_direct,IndiGo
DEL,BOM,6E,IndiGo,6E 2113,2026-10-01,15,economy,,,6828.0,False,13:20,ok,2026-09-16T02:20:51.764729+05:30,2026-09-16_0220IST,airline_direct,IndiGo
DEL,BOM,6E,IndiGo,6E 5038,2026-10-01,15,economy,,,6828.0,False,14:00,ok,2026-09-16T02:20:51.764729+05:30,2026-09-16_0220IST,airline_direct,IndiGo
DEL,BOM,6E,IndiGo,6E 2151,2026-10-01,15,economy,,,6828.0,False,19:45,ok,2026-09-16T02:20:51.764729+05:30,2026-09-16_0220IST,airline_direct,IndiGo
DEL,BOM,6E,IndiGo,6E 6479,2026-10-01,15,economy,,,6828.0,False,21:25,ok,2026-09-16T02:20:51.764729+05:30,2026-09-16_0220IST,airline_direct,IndiGo
DEL,BOM,6E,IndiGo,6E 704,2026-10-01,15,economy,,,6960.0,False,02:25,ok,2026-09-16T02:20:51.764729+05:30,2026-09-16_0220IST,airline_direct,IndiGo
DEL,BOM,6E,IndiGo,6E 6026,2026-10-01,15,economy,,,6960.0,False,05:30,ok,2026-09-16T02:20:51.764729+05:30,2026-09-16_0220IST,airline_direct,IndiGo
DEL,BOM,6E,IndiGo,6E 6282,2026-10-01,15,business,,,29617.0,False,13:30,ok,2026-09-16T02:20:51.764729+05:30,2026-09-16_0220IST,airline_direct,IndiGo
DEL,BOM,6E,IndiGo,6E 6282,2026-10-01,15,economy,,,6960.0,False,13:30,ok,2026-09-16T02:20:51.764729+05:30,2026-09-16_0220IST,airline_direct,IndiGo
DEL,BOM,6E,IndiGo,6E 6212,2026-10-01,15,business,,,29617.0,False,14:45,ok,2026-09-16T02:20:51.764729+05:30,2026-09-16_0220IST,airline_direct,IndiGo
DEL,BOM,6E,IndiGo,6E 6212,2026-10-01,15,economy,,,6960.0,False,14:45,ok,2026-09-16T02:20:51.764729+05:30,2026-09-16_0220IST,airline_direct,IndiGo
DEL,BOM,6E,IndiGo,6E 717,2026-10-01,15,business,,,29617.0,False,17:55,ok,2026-09-16T02:20:51.764729+05:30,2026-09-16_0220IST,airline_direct,IndiGo
DEL,BOM,6E,IndiGo,6E 717,2026-10-01,15,economy,,,6960.0,False,17:55,ok,2026-09-16T02:20:51.764729+05:30,2026-09-16_0220IST,airline_direct,IndiGo
DEL,BOM,6E,IndiGo,6E 6497,2026-10-01,15,economy,,,6960.0,False,18:40,ok,2026-09-16T02:20:51.764729+05:30,2026-09-16_0220IST,airline_direct,IndiGo
DEL,BOM,6E,IndiGo,6E 6601,2026-10-01,15,business,,,29617.0,False,19:45,ok,2026-09-16T02:20:51.764729+05:30,2026-09-16_0220IST,airline_direct,IndiGo
DEL,BOM,6E,IndiGo,6E 6601,2026-10-01,15,economy,,,6960.0,False,19:45,ok,2026-09-16T02:20:51.764729+05:30,2026-09-16_0220IST,airline_direct,IndiGo
DEL,BOM,6E,IndiGo,6E 882,2026-10-01,15,business,,,26583.0,False,23:15,ok,2026-09-16T02:20:51.764729+05:30,2026-09-16_0220IST,airline_direct,IndiGo
DEL,BOM,6E,IndiGo,6E 882,2026-10-01,15,economy,,,6960.0,False,23:15,ok,2026-09-16T02:20:51.764729+05:30,2026-09-16_0220IST,airline_direct,IndiGo
DEL,BOM,6E,IndiGo,6E 6171,2026-10-01,15,economy,,,7142.0,False,05:40,ok,2026-09-16T02:20:51.764729+05:30,2026-09-16_0220IST,airline_direct,IndiGo
DEL,BOM,6E,IndiGo,6E 931,2026-10-01,15,economy,,,7142.0,False,19:30,ok,2026-09-16T02:20:51.764729+05:30,2026-09-16_0220IST,airline_direct,IndiGo
DEL,BOM,6E,IndiGo,6E 2496,2026-10-01,15,economy,,,7275.0,False,12:40,ok,2026-09-16T02:20:51.764729+05:30,2026-09-16_0220IST,airline_direct,IndiGo
DEL,BOM,6E,IndiGo,6E 6293,2026-10-01,15,business,,,29617.0,False,09:55,ok,2026-09-16T02:20:51.764729+05:30,2026-09-16_0220IST,airline_direct,IndiGo
DEL,BOM,6E,IndiGo,6E 6293,2026-10-01,15,economy,,,7484.0,False,09:55,ok,2026-09-16T02:20:51.764729+05:30,2026-09-16_0220IST,airline_direct,IndiGo
DEL,BOM,6E,IndiGo,6E 705,2026-10-01,15,business,,,29617.0,False,08:30,ok,2026-09-16T02:20:51.764729+05:30,2026-09-16_0220IST,airline_direct,IndiGo
DEL,BOM,6E,IndiGo,6E 705,2026-10-01,15,economy,,,8692.0,False,08:30,ok,2026-09-16T02:20:51.764729+05:30,2026-09-16_0220IST,airline_direct,IndiGo
DEL,BOM,6E,IndiGo,6E 2381,2026-10-01,15,economy,,,9388.0,False,13:45,ok,2026-09-16T02:20:51.764729+05:30,2026-09-16_0220IST,airline_direct,IndiGo
DEL,BOM,6E,IndiGo,6E 357,2026-10-01,15,business,,,35047.0,False,19:30,ok,2026-09-16T02:20:51.764729+05:30,2026-09-16_0220IST,airline_direct,IndiGo
DEL,BOM,6E,IndiGo,6E 357,2026-10-01,15,economy,,,9467.0,False,19:30,ok,2026-09-16T02:20:51.764729+05:30,2026-09-16_0220IST,airline_direct,IndiGo
DEL,BOM,6E,IndiGo,6E 2349,2026-10-01,15,economy,,,9717.0,False,10:55,ok,2026-09-16T02:20:51.764729+05:30,2026-09-16_0220IST,airline_direct,IndiGo
DEL,BOM,6E,IndiGo,6E 5298,2026-10-01,15,economy,,,10022.0,False,09:00,ok,2026-09-16T02:20:51.764729+05:30,2026-09-16_0220IST,airline_direct,IndiGo
DEL,BOM,6E,IndiGo,6E 758,2026-10-01,15,economy,,,10022.0,False,16:10,ok,2026-09-16T02:20:51.764729+05:30,2026-09-16_0220IST,airline_direct,IndiGo
DEL,BOM,6E,IndiGo,6E 358,2026-10-01,15,business,,,35047.0,False,12:10,ok,2026-09-16T02:20:51.764729+05:30,2026-09-16_0220IST,airline_direct,IndiGo
DEL,BOM,6E,IndiGo,6E 358,2026-10-01,15,economy,,,11997.0,False,12:10,ok,2026-09-16T02:20:51.764729+05:30,2026-09-16_0220IST,airline_direct,IndiGo
DEL,BOM,6E,IndiGo,6E 6829,2026-10-01,15,economy,,,15070.0,False,17:20,ok,2026-09-16T02:20:51.764729+05:30,2026-09-16_0220IST,airline_direct,IndiGo
DEL,BLR,6E,IndiGo,6E 3126,2026-10-01,15,economy,,,8671.0,False,03:55,ok,2026-09-16T02:21:58.657042+05:30,2026-09-16_0221IST,airline_direct,IndiGo
DEL,BLR,6E,IndiGo,6E 6054,2026-10-01,15,business,,,26048.0,False,01:05,ok,2026-09-16T02:21:58.657042+05:30,2026-09-16_0221IST,airline_direct,IndiGo
DEL,BLR,6E,IndiGo,6E 6054,2026-10-01,15,economy,,,9128.0,False,01:05,ok,2026-09-16T02:21:58.657042+05:30,2026-09-16_0221IST,airline_direct,IndiGo
DEL,BLR,6E,IndiGo,6E 2314,2026-10-01,15,business,,,26048.0,False,05:45,ok,2026-09-16T02:21:58.657042+05:30,2026-09-16_0221IST,airline_direct,IndiGo
DEL,BLR,6E,IndiGo,6E 2314,2026-10-01,15,economy,,,9128.0,False,05:45,ok,2026-09-16T02:21:58.657042+05:30,2026-09-16_0221IST,airline_direct,IndiGo
DEL,BLR,6E,IndiGo,6E 820,2026-10-01,15,economy,,,9613.0,False,03:00,ok,2026-09-16T02:21:58.657042+05:30,2026-09-16_0221IST,airline_direct,IndiGo
DEL,BLR,6E,IndiGo,6E 873,2026-10-01,15,business,,,26048.0,False,08:20,ok,2026-09-16T02:21:58.657042+05:30,2026-09-16_0221IST,airline_direct,IndiGo
DEL,BLR,6E,IndiGo,6E 873,2026-10-01,15,economy,,,9613.0,False,08:20,ok,2026-09-16T02:21:58.657042+05:30,2026-09-16_0221IST,airline_direct,IndiGo
DEL,BLR,6E,IndiGo,6E 842,2026-10-01,15,business,,,26048.0,False,10:45,ok,2026-09-16T02:21:58.657042+05:30,2026-09-16_0221IST,airline_direct,IndiGo
DEL,BLR,6E,IndiGo,6E 842,2026-10-01,15,economy,,,9613.0,False,10:45,ok,2026-09-16T02:21:58.657042+05:30,2026-09-16_0221IST,airline_direct,IndiGo
DEL,BLR,6E,IndiGo,6E 828,2026-10-01,15,business,,,26048.0,False,14:30,ok,2026-09-16T02:21:58.657042+05:30,2026-09-16_0221IST,airline_direct,IndiGo
DEL,BLR,6E,IndiGo,6E 828,2026-10-01,15,economy,,,9613.0,False,14:30,ok,2026-09-16T02:21:58.657042+05:30,2026-09-16_0221IST,airline_direct,IndiGo
DEL,BLR,6E,IndiGo,6E 871,2026-10-01,15,business,,,26048.0,False,23:30,ok,2026-09-16T02:21:58.657042+05:30,2026-09-16_0221IST,airline_direct,IndiGo
DEL,BLR,6E,IndiGo,6E 871,2026-10-01,15,economy,,,9613.0,False,23:30,ok,2026-09-16T02:21:58.657042+05:30,2026-09-16_0221IST,airline_direct,IndiGo
DEL,BLR,6E,IndiGo,6E 880,2026-10-01,15,business,,,26048.0,False,15:45,ok,2026-09-16T02:21:58.657042+05:30,2026-09-16_0221IST,airline_direct,IndiGo
DEL,BLR,6E,IndiGo,6E 880,2026-10-01,15,economy,,,10128.0,False,15:45,ok,2026-09-16T02:21:58.657042+05:30,2026-09-16_0221IST,airline_direct,IndiGo
DEL,BLR,6E,IndiGo,6E 837,2026-10-01,15,business,,,26048.0,False,17:00,ok,2026-09-16T02:21:58.657042+05:30,2026-09-16_0221IST,airline_direct,IndiGo
DEL,BLR,6E,IndiGo,6E 837,2026-10-01,15,economy,,,10128.0,False,17:00,ok,2026-09-16T02:21:58.657042+05:30,2026-09-16_0221IST,airline_direct,IndiGo
DEL,BLR,6E,IndiGo,6E 850,2026-10-01,15,business,,,26048.0,False,12:15,ok,2026-09-16T02:21:58.657042+05:30,2026-09-16_0221IST,airline_direct,IndiGo
DEL,BLR,6E,IndiGo,6E 850,2026-10-01,15,economy,,,10675.0,False,12:15,ok,2026-09-16T02:21:58.657042+05:30,2026-09-16_0221IST,airline_direct,IndiGo
DEL,BLR,6E,IndiGo,6E 176,2026-10-01,15,business,,,26048.0,False,13:15,ok,2026-09-16T02:21:58.657042+05:30,2026-09-16_0221IST,airline_direct,IndiGo
DEL,BLR,6E,IndiGo,6E 176,2026-10-01,15,economy,,,10675.0,False,13:15,ok,2026-09-16T02:21:58.657042+05:30,2026-09-16_0221IST,airline_direct,IndiGo
DEL,BLR,6E,IndiGo,6E 810,2026-10-01,15,business,,,26048.0,False,07:05,ok,2026-09-16T02:21:58.657042+05:30,2026-09-16_0221IST,airline_direct,IndiGo
DEL,BLR,6E,IndiGo,6E 810,2026-10-01,15,economy,,,11257.0,False,07:05,ok,2026-09-16T02:21:58.657042+05:30,2026-09-16_0221IST,airline_direct,IndiGo
DEL,BLR,6E,IndiGo,6E 826,2026-10-01,15,business,,,26048.0,False,09:30,ok,2026-09-16T02:21:58.657042+05:30,2026-09-16_0221IST,airline_direct,IndiGo
DEL,BLR,6E,IndiGo,6E 826,2026-10-01,15,economy,,,11257.0,False,09:30,ok,2026-09-16T02:21:58.657042+05:30,2026-09-16_0221IST,airline_direct,IndiGo
DEL,BLR,6E,IndiGo,6E 811,2026-10-01,15,business,,,26048.0,False,18:20,ok,2026-09-16T02:21:58.657042+05:30,2026-09-16_0221IST,airline_direct,IndiGo
DEL,BLR,6E,IndiGo,6E 811,2026-10-01,15,economy,,,11257.0,False,18:20,ok,2026-09-16T02:21:58.657042+05:30,2026-09-16_0221IST,airline_direct,IndiGo
DEL,BLR,6E,IndiGo,6E 846,2026-10-01,15,business,,,26048.0,False,22:00,ok,2026-09-16T02:21:58.657042+05:30,2026-09-16_0221IST,airline_direct,IndiGo
DEL,BLR,6E,IndiGo,6E 846,2026-10-01,15,economy,,,11257.0,False,22:00,ok,2026-09-16T02:21:58.657042+05:30,2026-09-16_0221IST,airline_direct,IndiGo
DEL,BLR,6E,IndiGo,6E 861,2026-10-01,15,business,,,26048.0,False,19:30,ok,2026-09-16T02:21:58.657042+05:30,2026-09-16_0221IST,airline_direct,IndiGo
DEL,BLR,6E,IndiGo,6E 861,2026-10-01,15,economy,,,12529.0,False,19:30,ok,2026-09-16T02:21:58.657042+05:30,2026-09-16_0221IST,airline_direct,IndiGo
DEL,BLR,6E,IndiGo,6E 6515,2026-10-01,15,business,,,26048.0,False,20:45,ok,2026-09-16T02:21:58.657042+05:30,2026-09-16_0221IST,airline_direct,IndiGo
DEL,BLR,6E,IndiGo,6E 6515,2026-10-01,15,economy,,,13964.0,False,20:45,ok,2026-09-16T02:21:58.657042+05:30,2026-09-16_0221IST,airline_direct,IndiGo
DEL,BLR,6E,IndiGo,6E 2319,2026-10-01,15,economy,,,9084.0,False,09:55,ok,2026-09-16T02:21:58.657042+05:30,2026-09-16_0221IST,airline_direct,IndiGo
DEL,BLR,6E,IndiGo,6E 2147,2026-10-01,15,economy,,,9225.0,False,11:10,ok,2026-09-16T02:21:58.657042+05:30,2026-09-16_0221IST,airline_direct,IndiGo
DEL,BLR,6E,IndiGo,6E 6476,2026-10-01,15,economy,,,9383.0,False,07:05,ok,2026-09-16T02:21:58.657042+05:30,2026-09-16_0221IST,airline_direct,IndiGo
DEL,BLR,6E,IndiGo,6E 704,2026-10-01,15,economy,,,9946.0,False,02:25,ok,2026-09-16T02:21:58.657042+05:30,2026-09-16_0221IST,airline_direct,IndiGo
DEL,BLR,6E,IndiGo,6E 704,2026-10-01,15,economy,,,9946.0,False,02:25,ok,2026-09-16T02:21:58.657042+05:30,2026-09-16_0221IST,airline_direct,IndiGo
DEL,BLR,6E,IndiGo,6E 6026,2026-10-01,15,economy,,,9946.0,False,05:30,ok,2026-09-16T02:21:58.657042+05:30,2026-09-16_0221IST,airline_direct,IndiGo
DEL,BLR,6E,IndiGo,6E 884,2026-10-01,15,business,,,26251.0,False,11:45,ok,2026-09-16T02:21:58.657042+05:30,2026-09-16_0221IST,airline_direct,IndiGo
DEL,BLR,6E,IndiGo,6E 884,2026-10-01,15,economy,,,9946.0,False,11:45,ok,2026-09-16T02:21:58.657042+05:30,2026-09-16_0221IST,airline_direct,IndiGo
DEL,BLR,6E,IndiGo,6E 6282,2026-10-01,15,business,,,26793.0,False,13:30,ok,2026-09-16T02:21:58.657042+05:30,2026-09-16_0221IST,airline_direct,IndiGo
DEL,BLR,6E,IndiGo,6E 6282,2026-10-01,15,economy,,,9946.0,False,13:30,ok,2026-09-16T02:21:58.657042+05:30,2026-09-16_0221IST,airline_direct,IndiGo
DEL,BLR,6E,IndiGo,6E 6212,2026-10-01,15,business,,,28055.0,False,14:45,ok,2026-09-16T02:21:58.657042+05:30,2026-09-16_0221IST,airline_direct,IndiGo
DEL,BLR,6E,IndiGo,6E 6212,2026-10-01,15,economy,,,9946.0,False,14:45,ok,2026-09-16T02:21:58.657042+05:30,2026-09-16_0221IST,airline_direct,IndiGo
DEL,BLR,6E,IndiGo,6E 6217,2026-10-01,15,business,,,28055.0,False,16:15,ok,2026-09-16T02:21:58.657042+05:30,2026-09-16_0221IST,airline_direct,IndiGo
DEL,BLR,6E,IndiGo,6E 6217,2026-10-01,15,economy,,,9946.0,False,16:15,ok,2026-09-16T02:21:58.657042+05:30,2026-09-16_0221IST,airline_direct,IndiGo
DEL,BLR,6E,IndiGo,6E 717,2026-10-01,15,business,,,28784.0,False,17:55,ok,2026-09-16T02:21:58.657042+05:30,2026-09-16_0221IST,airline_direct,IndiGo
DEL,BLR,6E,IndiGo,6E 717,2026-10-01,15,economy,,,9946.0,False,17:55,ok,2026-09-16T02:21:58.657042+05:30,2026-09-16_0221IST,airline_direct,IndiGo
DEL,BLR,6E,IndiGo,6E 2343,2026-10-01,15,business,,,27753.0,False,02:20,ok,2026-09-16T02:21:58.657042+05:30,2026-09-16_0221IST,airline_direct,IndiGo
DEL,BLR,6E,IndiGo,6E 2343,2026-10-01,15,economy,,,10077.0,False,02:20,ok,2026-09-16T02:21:58.657042+05:30,2026-09-16_0221IST,airline_direct,IndiGo
DEL,BLR,6E,IndiGo,6E 6569,2026-10-01,15,economy,,,10077.0,False,05:00,ok,2026-09-16T02:21:58.657042+05:30,2026-09-16_0221IST,airline_direct,IndiGo
DEL,BLR,6E,IndiGo,6E 5119,2026-10-01,15,economy,,,10077.0,False,05:10,ok,2026-09-16T02:21:58.657042+05:30,2026-09-16_0221IST,airline_direct,IndiGo
DEL,BLR,6E,IndiGo,6E 6459,2026-10-01,15,economy,,,10077.0,False,05:55,ok,2026-09-16T02:21:58.657042+05:30,2026-09-16_0221IST,airline_direct,IndiGo
DEL,BLR,6E,IndiGo,6E 6488,2026-10-01,15,economy,,,10077.0,False,11:20,ok,2026-09-16T02:21:58.657042+05:30,2026-09-16_0221IST,airline_direct,IndiGo
DEL,BLR,6E,IndiGo,6E 2361,2026-10-01,15,economy,,,10077.0,False,14:35,ok,2026-09-16T02:21:58.657042+05:30,2026-09-16_0221IST,airline_direct,IndiGo
DEL,BLR,6E,IndiGo,6E 990,2026-10-01,15,economy,,,10077.0,False,14:50,ok,2026-09-16T02:21:58.657042+05:30,2026-09-16_0221IST,airline_direct,IndiGo
DEL,BLR,6E,IndiGo,6E 2557,2026-10-01,15,economy,,,10077.0,False,15:20,ok,2026-09-16T02:21:58.657042+05:30,2026-09-16_0221IST,airline_direct,IndiGo
DEL,BLR,6E,IndiGo,6E 864,2026-10-01,15,business,,,34636.0,False,15:30,ok,2026-09-16T02:21:58.657042+05:30,2026-09-16_0221IST,airline_direct,IndiGo
DEL,BLR,6E,IndiGo,6E 864,2026-10-01,15,economy,,,10077.0,False,15:30,ok,2026-09-16T02:21:58.657042+05:30,2026-09-16_0221IST,airline_direct,IndiGo
DEL,BLR,6E,IndiGo,6E 5073,2026-10-01,15,economy,,,10077.0,False,17:05,ok,2026-09-16T02:21:58.657042+05:30,2026-09-16_0221IST,airline_direct,IndiGo
DEL,BLR,6E,IndiGo,6E 6179,2026-10-01,15,economy,,,10077.0,False,18:30,ok,2026-09-16T02:21:58.657042+05:30,2026-09-16_0221IST,airline_direct,IndiGo
DEL,BLR,6E,IndiGo,6E 931,2026-10-01,15,economy,,,10077.0,False,19:30,ok,2026-09-16T02:21:58.657042+05:30,2026-09-16_0221IST,airline_direct,IndiGo
DEL,BLR,6E,IndiGo,6E 6673,2026-10-01,15,business,,,26012.0,False,21:15,ok,2026-09-16T02:21:58.657042+05:30,2026-09-16_0221IST,airline_direct,IndiGo
DEL,BLR,6E,IndiGo,6E 6673,2026-10-01,15,economy,,,10077.0,False,21:15,ok,2026-09-16T02:21:58.657042+05:30,2026-09-16_0221IST,airline_direct,IndiGo
DEL,BLR,6E,IndiGo,6E 2618,2026-10-01,15,business,,,26644.0,False,23:00,ok,2026-09-16T02:21:58.657042+05:30,2026-09-16_0221IST,airline_direct,IndiGo
DEL,BLR,6E,IndiGo,6E 2618,2026-10-01,15,economy,,,10077.0,False,23:00,ok,2026-09-16T02:21:58.657042+05:30,2026-09-16_0221IST,airline_direct,IndiGo
DEL,BLR,6E,IndiGo,6E 933,2026-10-01,15,business,,,28318.0,False,02:55,ok,2026-09-16T02:21:58.657042+05:30,2026-09-16_0221IST,airline_direct,IndiGo
DEL,BLR,6E,IndiGo,6E 933,2026-10-01,15,economy,,,10156.0,False,02:55,ok,2026-09-16T02:21:58.657042+05:30,2026-09-16_0221IST,airline_direct,IndiGo
DEL,BLR,6E,IndiGo,6E 434,2026-10-01,15,business,,,28318.0,False,11:00,ok,2026-09-16T02:21:58.657042+05:30,2026-09-16_0221IST,airline_direct,IndiGo
DEL,BLR,6E,IndiGo,6E 434,2026-10-01,15,economy,,,10156.0,False,11:00,ok,2026-09-16T02:21:58.657042+05:30,2026-09-16_0221IST,airline_direct,IndiGo
DEL,BLR,6E,IndiGo,6E 6115,2026-10-01,15,business,,,28661.0,False,13:10,ok,2026-09-16T02:21:58.657042+05:30,2026-09-16_0221IST,airline_direct,IndiGo
DEL,BLR,6E,IndiGo,6E 6115,2026-10-01,15,economy,,,10156.0,False,13:10,ok,2026-09-16T02:21:58.657042+05:30,2026-09-16_0221IST,airline_direct,IndiGo
DEL,BLR,6E,IndiGo,6E 5038,2026-10-01,15,economy,,,10156.0,False,14:00,ok,2026-09-16T02:21:58.657042+05:30,2026-09-16_0221IST,airline_direct,IndiGo
DEL,BLR,6E,IndiGo,6E 6091,2026-10-01,15,business,,,29904.0,False,15:15,ok,2026-09-16T02:21:58.657042+05:30,2026-09-16_0221IST,airline_direct,IndiGo
DEL,BLR,6E,IndiGo,6E 6091,2026-10-01,15,economy,,,10156.0,False,15:15,ok,2026-09-16T02:21:58.657042+05:30,2026-09-16_0221IST,airline_direct,IndiGo
DEL,BLR,6E,IndiGo,6E 5033,2026-10-01,15,economy,,,10156.0,False,15:50,ok,2026-09-16T02:21:58.657042+05:30,2026-09-16_0221IST,airline_direct,IndiGo
DEL,BLR,6E,IndiGo,6E 947,2026-10-01,15,business,,,29038.0,False,16:40,ok,2026-09-16T02:21:58.657042+05:30,2026-09-16_0221IST,airline_direct,IndiGo
DEL,BLR,6E,IndiGo,6E 947,2026-10-01,15,economy,,,10156.0,False,16:40,ok,2026-09-16T02:21:58.657042+05:30,2026-09-16_0221IST,airline_direct,IndiGo
DEL,BLR,6E,IndiGo,6E 6632,2026-10-01,15,economy,,,10156.0,False,17:50,ok,2026-09-16T02:21:58.657042+05:30,2026-09-16_0221IST,airline_direct,IndiGo
DEL,BLR,6E,IndiGo,6E 950,2026-10-01,15,business,,,29038.0,False,18:15,ok,2026-09-16T02:21:58.657042+05:30,2026-09-16_0221IST,airline_direct,IndiGo
DEL,BLR,6E,IndiGo,6E 950,2026-10-01,15,economy,,,10156.0,False,18:15,ok,2026-09-16T02:21:58.657042+05:30,2026-09-16_0221IST,airline_direct,IndiGo
DEL,BLR,6E,IndiGo,6E 2769,2026-10-01,15,economy,,,10287.0,False,08:10,ok,2026-09-16T02:21:58.657042+05:30,2026-09-16_0221IST,airline_direct,IndiGo
DEL,BLR,6E,IndiGo,6E 6497,2026-10-01,15,economy,,,10287.0,False,18:40,ok,2026-09-16T02:21:58.657042+05:30,2026-09-16_0221IST,airline_direct,IndiGo
DEL,BLR,6E,IndiGo,6E 2482,2026-10-01,15,economy,,,10287.0,False,19:55,ok,2026-09-16T02:21:58.657042+05:30,2026-09-16_0221IST,airline_direct,IndiGo
DEL,BLR,6E,IndiGo,6E 754,2026-10-01,15,economy,,,10314.0,False,17:10,ok,2026-09-16T02:21:58.657042+05:30,2026-09-16_0221IST,airline_direct,IndiGo
DEL,BLR,6E,IndiGo,6E 5191,2026-10-01,15,economy,,,10497.0,False,05:00,ok,2026-09-16T02:21:58.657042+05:30,2026-09-16_0221IST,airline_direct,IndiGo
DEL,BLR,6E,IndiGo,6E 513,2026-10-01,15,economy,,,10497.0,False,08:30,ok,2026-09-16T02:21:58.657042+05:30,2026-09-16_0221IST,airline_direct,IndiGo
DEL,BLR,6E,IndiGo,6E 357,2026-10-01,15,business,,,33047.0,False,19:30,ok,2026-09-16T02:21:58.657042+05:30,2026-09-16_0221IST,airline_direct,IndiGo
DEL,BLR,6E,IndiGo,6E 357,2026-10-01,15,economy,,,10930.0,False,19:30,ok,2026-09-16T02:21:58.657042+05:30,2026-09-16_0221IST,airline_direct,IndiGo
DEL,BLR,6E,IndiGo,6E 734,2026-10-01,15,economy,,,11696.0,False,16:20,ok,2026-09-16T02:21:58.657042+05:30,2026-09-16_0221IST,airline_direct,IndiGo
DEL,BLR,6E,IndiGo,6E 6437,2026-10-01,15,business,,,28270.0,False,16:25,ok,2026-09-16T02:21:58.657042+05:30,2026-09-16_0221IST,airline_direct,IndiGo
DEL,BLR,6E,IndiGo,6E 6437,2026-10-01,15,economy,,,12620.0,False,16:25,ok,2026-09-16T02:21:58.657042+05:30,2026-09-16_0221IST,airline_direct,IndiGo
DEL,BLR,6E,IndiGo,6E 2277,2026-10-01,15,business,,,33873.0,False,10:25,ok,2026-09-16T02:21:58.657042+05:30,2026-09-16_0221IST,airline_direct,IndiGo
DEL,BLR,6E,IndiGo,6E 2277,2026-10-01,15,economy,,,12699.0,False,10:25,ok,2026-09-16T02:21:58.657042+05:30,2026-09-16_0221IST,airline_direct,IndiGo
DEL,BLR,6E,IndiGo,6E 329,2026-10-01,15,business,,,38235.0,False,18:00,ok,2026-09-16T02:21:58.657042+05:30,2026-09-16_0221IST,airline_direct,IndiGo
DEL,BLR,6E,IndiGo,6E 329,2026-10-01,15,economy,,,13631.0,False,18:00,ok,2026-09-16T02:21:58.657042+05:30,2026-09-16_0221IST,airline_direct,IndiGo
DEL,BLR,6E,IndiGo,6E 2150,2026-10-01,15,business,,,33047.0,False,16:55,ok,2026-09-16T02:21:58.657042+05:30,2026-09-16_0221IST,airline_direct,IndiGo
DEL,BLR,6E,IndiGo,6E 2150,2026-10-01,15,economy,,,13709.0,False,16:55,ok,2026-09-16T02:21:58.657042+05:30,2026-09-16_0221IST,airline_direct,IndiGo
DEL,BLR,6E,IndiGo,6E 6293,2026-10-01,15,business,,,27393.0,False,09:55,ok,2026-09-16T02:21:58.657042+05:30,2026-09-16_0221IST,airline_direct,IndiGo
DEL,BLR,6E,IndiGo,6E 6293,2026-10-01,15,economy,,,15714.0,False,09:55,ok,2026-09-16T02:21:58.657042+05:30,2026-09-16_0221IST,airline_direct,IndiGo
DEL,BLR,6E,IndiGo,6E 329,2026-10-01,15,business,,,38235.0,False,18:00,ok,2026-09-16T02:21:58.657042+05:30,2026-09-16_0221IST,airline_direct,IndiGo
DEL,BLR,6E,IndiGo,6E 329,2026-10-01,15,economy,,,15941.0,False,18:00,ok,2026-09-16T02:21:58.657042+05:30,2026-09-16_0221IST,airline_direct,IndiGo
DEL,BLR,6E,IndiGo,6E 758,2026-10-01,15,economy,,,21049.0,False,16:10,ok,2026-09-16T02:21:58.657042+05:30,2026-09-16_0221IST,airline_direct,IndiGo
BOM,BLR,6E,IndiGo,6E 5323,2026-10-01,15,business,,,18948.0,False,01:10,ok,2026-09-16T02:23:05.874676+05:30,2026-09-16_0223IST,airline_direct,IndiGo
BOM,BLR,6E,IndiGo,6E 5323,2026-10-01,15,economy,,,4893.0,False,01:10,ok,2026-09-16T02:23:05.874676+05:30,2026-09-16_0223IST,airline_direct,IndiGo
BOM,BLR,6E,IndiGo,6E 5294,2026-10-01,15,business,,,18948.0,False,04:30,ok,2026-09-16T02:23:05.874676+05:30,2026-09-16_0223IST,airline_direct,IndiGo
BOM,BLR,6E,IndiGo,6E 5294,2026-10-01,15,economy,,,4893.0,False,04:30,ok,2026-09-16T02:23:05.874676+05:30,2026-09-16_0223IST,airline_direct,IndiGo
BOM,BLR,6E,IndiGo,6E 5296,2026-10-01,15,business,,,18948.0,False,06:15,ok,2026-09-16T02:23:05.874676+05:30,2026-09-16_0223IST,airline_direct,IndiGo
BOM,BLR,6E,IndiGo,6E 5296,2026-10-01,15,economy,,,6747.0,False,06:15,ok,2026-09-16T02:23:05.874676+05:30,2026-09-16_0223IST,airline_direct,IndiGo
BOM,BLR,6E,IndiGo,6E 5092,2026-10-01,15,business,,,18948.0,False,09:50,ok,2026-09-16T02:23:05.874676+05:30,2026-09-16_0223IST,airline_direct,IndiGo
BOM,BLR,6E,IndiGo,6E 5092,2026-10-01,15,economy,,,6747.0,False,09:50,ok,2026-09-16T02:23:05.874676+05:30,2026-09-16_0223IST,airline_direct,IndiGo
BOM,BLR,6E,IndiGo,6E 5184,2026-10-01,15,business,,,18948.0,False,12:30,ok,2026-09-16T02:23:05.874676+05:30,2026-09-16_0223IST,airline_direct,IndiGo
BOM,BLR,6E,IndiGo,6E 5184,2026-10-01,15,economy,,,6747.0,False,12:30,ok,2026-09-16T02:23:05.874676+05:30,2026-09-16_0223IST,airline_direct,IndiGo
BOM,BLR,6E,IndiGo,6E 5217,2026-10-01,15,business,,,18948.0,False,11:00,ok,2026-09-16T02:23:05.874676+05:30,2026-09-16_0223IST,airline_direct,IndiGo
BOM,BLR,6E,IndiGo,6E 5217,2026-10-01,15,economy,,,7062.0,False,11:00,ok,2026-09-16T02:23:05.874676+05:30,2026-09-16_0223IST,airline_direct,IndiGo
BOM,BLR,6E,IndiGo,6E 5382,2026-10-01,15,business,,,18948.0,False,14:30,ok,2026-09-16T02:23:05.874676+05:30,2026-09-16_0223IST,airline_direct,IndiGo
BOM,BLR,6E,IndiGo,6E 5382,2026-10-01,15,economy,,,7062.0,False,14:30,ok,2026-09-16T02:23:05.874676+05:30,2026-09-16_0223IST,airline_direct,IndiGo
BOM,BLR,6E,IndiGo,6E 5193,2026-10-01,15,business,,,18948.0,False,07:45,ok,2026-09-16T02:23:05.874676+05:30,2026-09-16_0223IST,airline_direct,IndiGo
BOM,BLR,6E,IndiGo,6E 5193,2026-10-01,15,economy,,,7377.0,False,07:45,ok,2026-09-16T02:23:05.874676+05:30,2026-09-16_0223IST,airline_direct,IndiGo
BOM,BLR,6E,IndiGo,6E 5221,2026-10-01,15,business,,,18948.0,False,17:00,ok,2026-09-16T02:23:05.874676+05:30,2026-09-16_0223IST,airline_direct,IndiGo
BOM,BLR,6E,IndiGo,6E 5221,2026-10-01,15,economy,,,7377.0,False,17:00,ok,2026-09-16T02:23:05.874676+05:30,2026-09-16_0223IST,airline_direct,IndiGo
BOM,BLR,6E,IndiGo,6E 5388,2026-10-01,15,business,,,18948.0,False,22:20,ok,2026-09-16T02:23:05.874676+05:30,2026-09-16_0223IST,airline_direct,IndiGo
BOM,BLR,6E,IndiGo,6E 5388,2026-10-01,15,economy,,,7377.0,False,22:20,ok,2026-09-16T02:23:05.874676+05:30,2026-09-16_0223IST,airline_direct,IndiGo
BOM,BLR,6E,IndiGo,6E 5047,2026-10-01,15,business,,,18948.0,False,18:30,ok,2026-09-16T02:23:05.874676+05:30,2026-09-16_0223IST,airline_direct,IndiGo
BOM,BLR,6E,IndiGo,6E 5047,2026-10-01,15,economy,,,7797.0,False,18:30,ok,2026-09-16T02:23:05.874676+05:30,2026-09-16_0223IST,airline_direct,IndiGo
BOM,BLR,6E,IndiGo,6E 5071,2026-10-01,15,business,,,18948.0,False,15:35,ok,2026-09-16T02:23:05.874676+05:30,2026-09-16_0223IST,airline_direct,IndiGo
BOM,BLR,6E,IndiGo,6E 5071,2026-10-01,15,economy,,,8742.0,False,15:35,ok,2026-09-16T02:23:05.874676+05:30,2026-09-16_0223IST,airline_direct,IndiGo
BOM,BLR,6E,IndiGo,6E 5032,2026-10-01,15,business,,,18948.0,False,19:50,ok,2026-09-16T02:23:05.874676+05:30,2026-09-16_0223IST,airline_direct,IndiGo
BOM,BLR,6E,IndiGo,6E 5032,2026-10-01,15,economy,,,9267.0,False,19:50,ok,2026-09-16T02:23:05.874676+05:30,2026-09-16_0223IST,airline_direct,IndiGo
BOM,BLR,6E,IndiGo,6E 6188,2026-10-01,15,business,,,18948.0,False,21:30,ok,2026-09-16T02:23:05.874676+05:30,2026-09-16_0223IST,airline_direct,IndiGo
BOM,BLR,6E,IndiGo,6E 6188,2026-10-01,15,economy,,,9267.0,False,21:30,ok,2026-09-16T02:23:05.874676+05:30,2026-09-16_0223IST,airline_direct,IndiGo
BOM,BLR,6E,IndiGo,6E 6361,2026-10-01,15,economy,,,7243.0,False,05:00,ok,2026-09-16T02:23:05.874676+05:30,2026-09-16_0223IST,airline_direct,IndiGo
BOM,BLR,6E,IndiGo,6E 5241,2026-10-01,15,economy,,,7243.0,False,16:40,ok,2026-09-16T02:23:05.874676+05:30,2026-09-16_0223IST,airline_direct,IndiGo
BOM,BLR,6E,IndiGo,6E 6187,2026-10-01,15,economy,,,7374.0,False,00:30,ok,2026-09-16T02:23:05.874676+05:30,2026-09-16_0223IST,airline_direct,IndiGo
BOM,BLR,6E,IndiGo,6E 6057,2026-10-01,15,economy,,,7374.0,False,09:15,ok,2026-09-16T02:23:05.874676+05:30,2026-09-16_0223IST,airline_direct,IndiGo
BOM,BLR,6E,IndiGo,6E 5318,2026-10-01,15,business,,,21379.0,False,10:15,ok,2026-09-16T02:23:05.874676+05:30,2026-09-16_0223IST,airline_direct,IndiGo
BOM,BLR,6E,IndiGo,6E 5318,2026-10-01,15,economy,,,7374.0,False,10:15,ok,2026-09-16T02:23:05.874676+05:30,2026-09-16_0223IST,airline_direct,IndiGo
BOM,BLR,6E,IndiGo,6E 5178,2026-10-01,15,business,,,21379.0,False,11:45,ok,2026-09-16T02:23:05.874676+05:30,2026-09-16_0223IST,airline_direct,IndiGo
BOM,BLR,6E,IndiGo,6E 5178,2026-10-01,15,economy,,,7374.0,False,11:45,ok,2026-09-16T02:23:05.874676+05:30,2026-09-16_0223IST,airline_direct,IndiGo
BOM,BLR,6E,IndiGo,6E 5178,2026-10-01,15,business,,,21922.0,False,11:45,ok,2026-09-16T02:23:05.874676+05:30,2026-09-16_0223IST,airline_direct,IndiGo
BOM,BLR,6E,IndiGo,6E 5178,2026-10-01,15,economy,,,7374.0,False,11:45,ok,2026-09-16T02:23:05.874676+05:30,2026-09-16_0223IST,airline_direct,IndiGo
BOM,BLR,6E,IndiGo,6E 5386,2026-10-01,15,business,,,21922.0,False,15:10,ok,2026-09-16T02:23:05.874676+05:30,2026-09-16_0223IST,airline_direct,IndiGo
BOM,BLR,6E,IndiGo,6E 5386,2026-10-01,15,economy,,,7374.0,False,15:10,ok,2026-09-16T02:23:05.874676+05:30,2026-09-16_0223IST,airline_direct,IndiGo
BOM,BLR,6E,IndiGo,6E 911,2026-10-01,15,economy,,,7584.0,False,01:30,ok,2026-09-16T02:23:05.874676+05:30,2026-09-16_0223IST,airline_direct,IndiGo
BOM,BLR,6E,IndiGo,6E 136,2026-10-01,15,business,,,24040.0,False,04:05,ok,2026-09-16T02:23:05.874676+05:30,2026-09-16_0223IST,airline_direct,IndiGo
BOM,BLR,6E,IndiGo,6E 136,2026-10-01,15,economy,,,7584.0,False,04:05,ok,2026-09-16T02:23:05.874676+05:30,2026-09-16_0223IST,airline_direct,IndiGo
BOM,BLR,6E,IndiGo,6E 136,2026-10-01,15,business,,,24040.0,False,04:05,ok,2026-09-16T02:23:05.874676+05:30,2026-09-16_0223IST,airline_direct,IndiGo
BOM,BLR,6E,IndiGo,6E 136,2026-10-01,15,economy,,,7584.0,False,04:05,ok,2026-09-16T02:23:05.874676+05:30,2026-09-16_0223IST,airline_direct,IndiGo
BOM,BLR,6E,IndiGo,6E 136,2026-10-01,15,business,,,24040.0,False,04:05,ok,2026-09-16T02:23:05.874676+05:30,2026-09-16_0223IST,airline_direct,IndiGo
BOM,BLR,6E,IndiGo,6E 136,2026-10-01,15,economy,,,7584.0,False,04:05,ok,2026-09-16T02:23:05.874676+05:30,2026-09-16_0223IST,airline_direct,IndiGo
BOM,BLR,6E,IndiGo,6E 6701,2026-10-01,15,economy,,,7584.0,False,05:35,ok,2026-09-16T02:23:05.874676+05:30,2026-09-16_0223IST,airline_direct,IndiGo
BOM,BLR,6E,IndiGo,6E 6701,2026-10-01,15,economy,,,7584.0,False,05:35,ok,2026-09-16T02:23:05.874676+05:30,2026-09-16_0223IST,airline_direct,IndiGo
BOM,BLR,6E,IndiGo,6E 5188,2026-10-01,15,business,,,24040.0,False,06:15,ok,2026-09-16T02:23:05.874676+05:30,2026-09-16_0223IST,airline_direct,IndiGo
BOM,BLR,6E,IndiGo,6E 5188,2026-10-01,15,economy,,,7584.0,False,06:15,ok,2026-09-16T02:23:05.874676+05:30,2026-09-16_0223IST,airline_direct,IndiGo
BOM,BLR,6E,IndiGo,6E 5204,2026-10-01,15,business,,,24040.0,False,08:15,ok,2026-09-16T02:23:05.874676+05:30,2026-09-16_0223IST,airline_direct,IndiGo
BOM,BLR,6E,IndiGo,6E 5204,2026-10-01,15,economy,,,7584.0,False,08:15,ok,2026-09-16T02:23:05.874676+05:30,2026-09-16_0223IST,airline_direct,IndiGo
BOM,BLR,6E,IndiGo,6E 5109,2026-10-01,15,economy,,,7584.0,False,09:35,ok,2026-09-16T02:23:05.874676+05:30,2026-09-16_0223IST,airline_direct,IndiGo
BOM,BLR,6E,IndiGo,6E 5313,2026-10-01,15,business,,,24040.0,False,09:50,ok,2026-09-16T02:23:05.874676+05:30,2026-09-16_0223IST,airline_direct,IndiGo
BOM,BLR,6E,IndiGo,6E 5313,2026-10-01,15,economy,,,7584.0,False,09:50,ok,2026-09-16T02:23:05.874676+05:30,2026-09-16_0223IST,airline_direct,IndiGo
BOM,BLR,6E,IndiGo,6E 5313,2026-10-01,15,business,,,24040.0,False,09:50,ok,2026-09-16T02:23:05.874676+05:30,2026-09-16_0223IST,airline_direct,IndiGo
BOM,BLR,6E,IndiGo,6E 5313,2026-10-01,15,economy,,,7584.0,False,09:50,ok,2026-09-16T02:23:05.874676+05:30,2026-09-16_0223IST,airline_direct,IndiGo
BOM,BLR,6E,IndiGo,6E 6349,2026-10-01,15,business,,,24040.0,False,11:40,ok,2026-09-16T02:23:05.874676+05:30,2026-09-16_0223IST,airline_direct,IndiGo
BOM,BLR,6E,IndiGo,6E 6349,2026-10-01,15,economy,,,7584.0,False,11:40,ok,2026-09-16T02:23:05.874676+05:30,2026-09-16_0223IST,airline_direct,IndiGo
BOM,BLR,6E,IndiGo,6E 6349,2026-10-01,15,business,,,24383.0,False,11:40,ok,2026-09-16T02:23:05.874676+05:30,2026-09-16_0223IST,airline_direct,IndiGo
BOM,BLR,6E,IndiGo,6E 6349,2026-10-01,15,economy,,,7584.0,False,11:40,ok,2026-09-16T02:23:05.874676+05:30,2026-09-16_0223IST,airline_direct,IndiGo
BOM,BLR,6E,IndiGo,6E 2284,2026-10-01,15,economy,,,7584.0,False,12:05,ok,2026-09-16T02:23:05.874676+05:30,2026-09-16_0223IST,airline_direct,IndiGo
BOM,BLR,6E,IndiGo,6E 5337,2026-10-01,15,business,,,24383.0,False,13:45,ok,2026-09-16T02:23:05.874676+05:30,2026-09-16_0223IST,airline_direct,IndiGo
BOM,BLR,6E,IndiGo,6E 5337,2026-10-01,15,economy,,,7584.0,False,13:45,ok,2026-09-16T02:23:05.874676+05:30,2026-09-16_0223IST,airline_direct,IndiGo
BOM,BLR,6E,IndiGo,6E 5337,2026-10-01,15,business,,,25626.0,False,13:45,ok,2026-09-16T02:23:05.874676+05:30,2026-09-16_0223IST,airline_direct,IndiGo
BOM,BLR,6E,IndiGo,6E 5337,2026-10-01,15,economy,,,7584.0,False,13:45,ok,2026-09-16T02:23:05.874676+05:30,2026-09-16_0223IST,airline_direct,IndiGo
BOM,BLR,6E,IndiGo,6E 5196,2026-10-01,15,business,,,25626.0,False,15:25,ok,2026-09-16T02:23:05.874676+05:30,2026-09-16_0223IST,airline_direct,IndiGo
BOM,BLR,6E,IndiGo,6E 5196,2026-10-01,15,economy,,,7584.0,False,15:25,ok,2026-09-16T02:23:05.874676+05:30,2026-09-16_0223IST,airline_direct,IndiGo
BOM,BLR,6E,IndiGo,6E 5196,2026-10-01,15,business,,,24760.0,False,15:25,ok,2026-09-16T02:23:05.874676+05:30,2026-09-16_0223IST,airline_direct,IndiGo
BOM,BLR,6E,IndiGo,6E 5196,2026-10-01,15,economy,,,7584.0,False,15:25,ok,2026-09-16T02:23:05.874676+05:30,2026-09-16_0223IST,airline_direct,IndiGo
BOM,BLR,6E,IndiGo,6E 437,2026-10-01,15,economy,,,7584.0,False,17:10,ok,2026-09-16T02:23:05.874676+05:30,2026-09-16_0223IST,airline_direct,IndiGo
BOM,BLR,6E,IndiGo,6E 5048,2026-10-01,15,business,,,24760.0,False,17:25,ok,2026-09-16T02:23:05.874676+05:30,2026-09-16_0223IST,airline_direct,IndiGo
BOM,BLR,6E,IndiGo,6E 5048,2026-10-01,15,economy,,,7584.0,False,17:25,ok,2026-09-16T02:23:05.874676+05:30,2026-09-16_0223IST,airline_direct,IndiGo
BOM,BLR,6E,IndiGo,6E 2237,2026-10-01,15,economy,,,7584.0,False,18:40,ok,2026-09-16T02:23:05.874676+05:30,2026-09-16_0223IST,airline_direct,IndiGo
BOM,BLR,6E,IndiGo,6E 5107,2026-10-01,15,economy,,,7584.0,False,20:00,ok,2026-09-16T02:23:05.874676+05:30,2026-09-16_0223IST,airline_direct,IndiGo
BOM,BLR,6E,IndiGo,6E 5152,2026-10-01,15,economy,,,7584.0,False,23:10,ok,2026-09-16T02:23:05.874676+05:30,2026-09-16_0223IST,airline_direct,IndiGo
BOM,BLR,6E,IndiGo,6E 5181,2026-10-01,15,economy,,,7715.0,False,10:25,ok,2026-09-16T02:23:05.874676+05:30,2026-09-16_0223IST,airline_direct,IndiGo
BOM,BLR,6E,IndiGo,6E 261,2026-10-01,15,economy,,,7785.0,False,11:20,ok,2026-09-16T02:23:05.874676+05:30,2026-09-16_0223IST,airline_direct,IndiGo
BOM,BLR,6E,IndiGo,6E 5123,2026-10-01,15,economy,,,8047.0,False,14:40,ok,2026-09-16T02:23:05.874676+05:30,2026-09-16_0223IST,airline_direct,IndiGo
BOM,BLR,6E,IndiGo,6E 632,2026-10-01,15,economy,,,8126.0,False,04:00,ok,2026-09-16T02:23:05.874676+05:30,2026-09-16_0223IST,airline_direct,IndiGo
BOM,BLR,6E,IndiGo,6E 2016,2026-10-01,15,economy,,,8126.0,False,13:35,ok,2026-09-16T02:23:05.874676+05:30,2026-09-16_0223IST,airline_direct,IndiGo
BOM,BLR,6E,IndiGo,6E 6674,2026-10-01,15,economy,,,8508.0,False,09:05,ok,2026-09-16T02:23:05.874676+05:30,2026-09-16_0223IST,airline_direct,IndiGo
BOM,BLR,6E,IndiGo,6E 5386,2026-10-01,15,business,,,23183.0,False,15:10,ok,2026-09-16T02:23:05.874676+05:30,2026-09-16_0223IST,airline_direct,IndiGo
BOM,BLR,6E,IndiGo,6E 5386,2026-10-01,15,economy,,,9858.0,False,15:10,ok,2026-09-16T02:23:05.874676+05:30,2026-09-16_0223IST,airline_direct,IndiGo
BOM,BLR,6E,IndiGo,6E 5126,2026-10-01,15,economy,,,10068.0,False,18:15,ok,2026-09-16T02:23:05.874676+05:30,2026-09-16_0223IST,airline_direct,IndiGo
BOM,BLR,6E,IndiGo,6E 5082,2026-10-01,15,economy,,,10158.0,False,18:05,ok,2026-09-16T02:23:05.874676+05:30,2026-09-16_0223IST,airline_direct,IndiGo
BOM,BLR,6E,IndiGo,6E 240,2026-10-01,15,economy,,,11678.0,False,15:45,ok,2026-09-16T02:23:05.874676+05:30,2026-09-16_0223IST,airline_direct,IndiGo
BOM,BLR,6E,IndiGo,6E 5228,2026-10-01,15,business,,,23183.0,False,16:45,ok,2026-09-16T02:23:05.874676+05:30,2026-09-16_0223IST,airline_direct,IndiGo
BOM,BLR,6E,IndiGo,6E 5228,2026-10-01,15,economy,,,12385.0,False,16:45,ok,2026-09-16T02:23:05.874676+05:30,2026-09-16_0223IST,airline_direct,IndiGo
BOM,BLR,6E,IndiGo,6E 5228,2026-10-01,15,business,,,23913.0,False,16:45,ok,2026-09-16T02:23:05.874676+05:30,2026-09-16_0223IST,airline_direct,IndiGo
BOM,BLR,6E,IndiGo,6E 5228,2026-10-01,15,economy,,,12385.0,False,16:45,ok,2026-09-16T02:23:05.874676+05:30,2026-09-16_0223IST,airline_direct,IndiGo
BOM,BLR,6E,IndiGo,6E 673,2026-10-01,15,economy,,,12595.0,False,12:35,ok,2026-09-16T02:23:05.874676+05:30,2026-09-16_0223IST,airline_direct,IndiGo
BOM,BLR,6E,IndiGo,6E 5386,2026-10-01,15,business,,,23183.0,False,15:10,ok,2026-09-16T02:23:05.874676+05:30,2026-09-16_0223IST,airline_direct,IndiGo
BOM,BLR,6E,IndiGo,6E 5386,2026-10-01,15,economy,,,13144.0,False,15:10,ok,2026-09-16T02:23:05.874676+05:30,2026-09-16_0223IST,airline_direct,IndiGo
BOM,BLR,6E,IndiGo,6E 5318,2026-10-01,15,business,,,22521.0,False,10:15,ok,2026-09-16T02:23:05.874676+05:30,2026-09-16_0223IST,airline_direct,IndiGo
BOM,BLR,6E,IndiGo,6E 5318,2026-10-01,15,economy,,,13386.0,False,10:15,ok,2026-09-16T02:23:05.874676+05:30,2026-09-16_0223IST,airline_direct,IndiGo
BOM,BLR,6E,IndiGo,6E 5178,2026-10-01,15,business,,,22521.0,False,11:45,ok,2026-09-16T02:23:05.874676+05:30,2026-09-16_0223IST,airline_direct,IndiGo
BOM,BLR,6E,IndiGo,6E 5178,2026-10-01,15,economy,,,13386.0,False,11:45,ok,2026-09-16T02:23:05.874676+05:30,2026-09-16_0223IST,airline_direct,IndiGo
BOM,BLR,6E,IndiGo,6E 5386,2026-10-01,15,business,,,23913.0,False,15:10,ok,2026-09-16T02:23:05.874676+05:30,2026-09-16_0223IST,airline_direct,IndiGo
BOM,BLR,6E,IndiGo,6E 5386,2026-10-01,15,economy,,,13386.0,False,15:10,ok,2026-09-16T02:23:05.874676+05:30,2026-09-16_0223IST,airline_direct,IndiGo
DEL,CCU,6E,IndiGo,6E 930,2026-10-01,15,economy,,,8703.0,False,02:45,ok,2026-09-16T02:24:10.876326+05:30,2026-09-16_0224IST,airline_direct,IndiGo
DEL,CCU,6E,IndiGo,6E 5191,2026-10-01,15,business,,,22600.0,False,05:00,ok,2026-09-16T02:24:10.876326+05:30,2026-09-16_0224IST,airline_direct,IndiGo
DEL,CCU,6E,IndiGo,6E 5191,2026-10-01,15,economy,,,8703.0,False,05:00,ok,2026-09-16T02:24:10.876326+05:30,2026-09-16_0224IST,airline_direct,IndiGo
DEL,CCU,6E,IndiGo,6E 340,2026-10-01,15,business,,,22600.0,False,07:20,ok,2026-09-16T02:24:10.876326+05:30,2026-09-16_0224IST,airline_direct,IndiGo
DEL,CCU,6E,IndiGo,6E 340,2026-10-01,15,economy,,,8703.0,False,07:20,ok,2026-09-16T02:24:10.876326+05:30,2026-09-16_0224IST,airline_direct,IndiGo
DEL,CCU,6E,IndiGo,6E 513,2026-10-01,15,business,,,22600.0,False,08:30,ok,2026-09-16T02:24:10.876326+05:30,2026-09-16_0224IST,airline_direct,IndiGo
DEL,CCU,6E,IndiGo,6E 513,2026-10-01,15,economy,,,8703.0,False,08:30,ok,2026-09-16T02:24:10.876326+05:30,2026-09-16_0224IST,airline_direct,IndiGo
DEL,CCU,6E,IndiGo,6E 910,2026-10-01,15,business,,,22600.0,False,14:25,ok,2026-09-16T02:24:10.876326+05:30,2026-09-16_0224IST,airline_direct,IndiGo
DEL,CCU,6E,IndiGo,6E 910,2026-10-01,15,economy,,,8703.0,False,14:25,ok,2026-09-16T02:24:10.876326+05:30,2026-09-16_0224IST,airline_direct,IndiGo
DEL,CCU,6E,IndiGo,6E 6415,2026-10-01,15,business,,,22600.0,False,16:00,ok,2026-09-16T02:24:10.876326+05:30,2026-09-16_0224IST,airline_direct,IndiGo
DEL,CCU,6E,IndiGo,6E 6415,2026-10-01,15,economy,,,8703.0,False,16:00,ok,2026-09-16T02:24:10.876326+05:30,2026-09-16_0224IST,airline_direct,IndiGo
DEL,CCU,6E,IndiGo,6E 894,2026-10-01,15,business,,,22600.0,False,10:15,ok,2026-09-16T02:24:10.876326+05:30,2026-09-16_0224IST,airline_direct,IndiGo
DEL,CCU,6E,IndiGo,6E 894,2026-10-01,15,economy,,,8965.0,False,10:15,ok,2026-09-16T02:24:10.876326+05:30,2026-09-16_0224IST,airline_direct,IndiGo
DEL,CCU,6E,IndiGo,6E 897,2026-10-01,15,business,,,22600.0,False,12:45,ok,2026-09-16T02:24:10.876326+05:30,2026-09-16_0224IST,airline_direct,IndiGo
DEL,CCU,6E,IndiGo,6E 897,2026-10-01,15,economy,,,8965.0,False,12:45,ok,2026-09-16T02:24:10.876326+05:30,2026-09-16_0224IST,airline_direct,IndiGo
DEL,CCU,6E,IndiGo,6E 2276,2026-10-01,15,business,,,22600.0,False,17:55,ok,2026-09-16T02:24:10.876326+05:30,2026-09-16_0224IST,airline_direct,IndiGo
DEL,CCU,6E,IndiGo,6E 2276,2026-10-01,15,economy,,,8965.0,False,17:55,ok,2026-09-16T02:24:10.876326+05:30,2026-09-16_0224IST,airline_direct,IndiGo
DEL,CCU,6E,IndiGo,6E 6517,2026-10-01,15,business,,,22600.0,False,19:30,ok,2026-09-16T02:24:10.876326+05:30,2026-09-16_0224IST,airline_direct,IndiGo
DEL,CCU,6E,IndiGo,6E 6517,2026-10-01,15,economy,,,8965.0,False,19:30,ok,2026-09-16T02:24:10.876326+05:30,2026-09-16_0224IST,airline_direct,IndiGo
DEL,CCU,6E,IndiGo,6E 247,2026-10-01,15,business,,,22600.0,False,23:30,ok,2026-09-16T02:24:10.876326+05:30,2026-09-16_0224IST,airline_direct,IndiGo
DEL,CCU,6E,IndiGo,6E 247,2026-10-01,15,economy,,,8965.0,False,23:30,ok,2026-09-16T02:24:10.876326+05:30,2026-09-16_0224IST,airline_direct,IndiGo
DEL,CCU,6E,IndiGo,6E 389,2026-10-01,15,business,,,22600.0,False,21:50,ok,2026-09-16T02:24:10.876326+05:30,2026-09-16_0224IST,airline_direct,IndiGo
DEL,CCU,6E,IndiGo,6E 389,2026-10-01,15,economy,,,9280.0,False,21:50,ok,2026-09-16T02:24:10.876326+05:30,2026-09-16_0224IST,airline_direct,IndiGo
DEL,CCU,6E,IndiGo,6E 6829,2026-10-01,15,economy,,,7717.0,False,17:20,ok,2026-09-16T02:24:10.876326+05:30,2026-09-16_0224IST,airline_direct,IndiGo
DEL,CCU,6E,IndiGo,6E 6211,2026-10-01,15,economy,,,7901.0,False,09:10,ok,2026-09-16T02:24:10.876326+05:30,2026-09-16_0224IST,airline_direct,IndiGo
DEL,CCU,6E,IndiGo,6E 6503,2026-10-01,15,economy,,,7901.0,False,13:25,ok,2026-09-16T02:24:10.876326+05:30,2026-09-16_0224IST,airline_direct,IndiGo
DEL,CCU,6E,IndiGo,6E 6503,2026-10-01,15,economy,,,7901.0,False,13:25,ok,2026-09-16T02:24:10.876326+05:30,2026-09-16_0224IST,airline_direct,IndiGo
DEL,CCU,6E,IndiGo,6E 5119,2026-10-01,15,economy,,,7927.0,False,05:10,ok,2026-09-16T02:24:10.876326+05:30,2026-09-16_0224IST,airline_direct,IndiGo
DEL,CCU,6E,IndiGo,6E 2331,2026-10-01,15,economy,,,7927.0,False,12:20,ok,2026-09-16T02:24:10.876326+05:30,2026-09-16_0224IST,airline_direct,IndiGo
DEL,CCU,6E,IndiGo,6E 6282,2026-10-01,15,business,,,30797.0,False,13:30,ok,2026-09-16T02:24:10.876326+05:30,2026-09-16_0224IST,airline_direct,IndiGo
DEL,CCU,6E,IndiGo,6E 6282,2026-10-01,15,economy,,,7927.0,False,13:30,ok,2026-09-16T02:24:10.876326+05:30,2026-09-16_0224IST,airline_direct,IndiGo
DEL,CCU,6E,IndiGo,6E 5073,2026-10-01,15,economy,,,7927.0,False,17:05,ok,2026-09-16T02:24:10.876326+05:30,2026-09-16_0224IST,airline_direct,IndiGo
DEL,CCU,6E,IndiGo,6E 717,2026-10-01,15,business,,,31033.0,False,17:55,ok,2026-09-16T02:24:10.876326+05:30,2026-09-16_0224IST,airline_direct,IndiGo
DEL,CCU,6E,IndiGo,6E 717,2026-10-01,15,economy,,,7927.0,False,17:55,ok,2026-09-16T02:24:10.876326+05:30,2026-09-16_0224IST,airline_direct,IndiGo
DEL,CCU,6E,IndiGo,6E 6245,2026-10-01,15,economy,,,7984.0,False,06:20,ok,2026-09-16T02:24:10.876326+05:30,2026-09-16_0224IST,airline_direct,IndiGo
DEL,CCU,6E,IndiGo,6E 2769,2026-10-01,15,economy,,,7984.0,False,08:10,ok,2026-09-16T02:24:10.876326+05:30,2026-09-16_0224IST,airline_direct,IndiGo
DEL,CCU,6E,IndiGo,6E 2453,2026-10-01,15,economy,,,7984.0,False,13:35,ok,2026-09-16T02:24:10.876326+05:30,2026-09-16_0224IST,airline_direct,IndiGo
DEL,CCU,6E,IndiGo,6E 6236,2026-10-01,15,economy,,,7984.0,False,16:20,ok,2026-09-16T02:24:10.876326+05:30,2026-09-16_0224IST,airline_direct,IndiGo
DEL,CCU,6E,IndiGo,6E 2267,2026-10-01,15,economy,,,7984.0,False,16:40,ok,2026-09-16T02:24:10.876326+05:30,2026-09-16_0224IST,airline_direct,IndiGo
DEL,CCU,6E,IndiGo,6E 6371,2026-10-01,15,economy,,,8032.0,False,06:20,ok,2026-09-16T02:24:10.876326+05:30,2026-09-16_0224IST,airline_direct,IndiGo
DEL,CCU,6E,IndiGo,6E 6551,2026-10-01,15,economy,,,8032.0,False,12:00,ok,2026-09-16T02:24:10.876326+05:30,2026-09-16_0224IST,airline_direct,IndiGo
DEL,CCU,6E,IndiGo,6E 6246,2026-10-01,15,economy,,,8115.0,False,05:25,ok,2026-09-16T02:24:10.876326+05:30,2026-09-16_0224IST,airline_direct,IndiGo
DEL,CCU,6E,IndiGo,6E 6459,2026-10-01,15,economy,,,8115.0,False,05:55,ok,2026-09-16T02:24:10.876326+05:30,2026-09-16_0224IST,airline_direct,IndiGo
DEL,CCU,6E,IndiGo,6E 5036,2026-10-01,15,economy,,,8115.0,False,08:00,ok,2026-09-16T02:24:10.876326+05:30,2026-09-16_0224IST,airline_direct,IndiGo
DEL,CCU,6E,IndiGo,6E 6312,2026-10-01,15,economy,,,8115.0,False,14:25,ok,2026-09-16T02:24:10.876326+05:30,2026-09-16_0224IST,airline_direct,IndiGo
DEL,CCU,6E,IndiGo,6E 2361,2026-10-01,15,economy,,,8115.0,False,14:35,ok,2026-09-16T02:24:10.876326+05:30,2026-09-16_0224IST,airline_direct,IndiGo
DEL,CCU,6E,IndiGo,6E 6190,2026-10-01,15,economy,,,8194.0,False,07:40,ok,2026-09-16T02:24:10.876326+05:30,2026-09-16_0224IST,airline_direct,IndiGo
DEL,CCU,6E,IndiGo,6E 6190,2026-10-01,15,economy,,,8194.0,False,07:40,ok,2026-09-16T02:24:10.876326+05:30,2026-09-16_0224IST,airline_direct,IndiGo
DEL,CCU,6E,IndiGo,6E 5033,2026-10-01,15,economy,,,8194.0,False,15:50,ok,2026-09-16T02:24:10.876326+05:30,2026-09-16_0224IST,airline_direct,IndiGo
DEL,CCU,6E,IndiGo,6E 5041,2026-10-01,15,economy,,,8299.0,False,15:10,ok,2026-09-16T02:24:10.876326+05:30,2026-09-16_0224IST,airline_direct,IndiGo
DEL,CCU,6E,IndiGo,6E 5041,2026-10-01,15,economy,,,8299.0,False,15:10,ok,2026-09-16T02:24:10.876326+05:30,2026-09-16_0224IST,airline_direct,IndiGo
DEL,CCU,6E,IndiGo,6E 2316,2026-10-01,15,economy,,,8299.0,False,17:30,ok,2026-09-16T02:24:10.876326+05:30,2026-09-16_0224IST,airline_direct,IndiGo
DEL,CCU,6E,IndiGo,6E 2259,2026-10-01,15,economy,,,8862.0,False,12:20,ok,2026-09-16T02:24:10.876326+05:30,2026-09-16_0224IST,airline_direct,IndiGo
DEL,CCU,6E,IndiGo,6E 6053,2026-10-01,15,economy,,,8862.0,False,13:05,ok,2026-09-16T02:24:10.876326+05:30,2026-09-16_0224IST,airline_direct,IndiGo
DEL,CCU,6E,IndiGo,6E 2614,2026-10-01,15,economy,,,8862.0,False,14:40,ok,2026-09-16T02:24:10.876326+05:30,2026-09-16_0224IST,airline_direct,IndiGo
DEL,CCU,6E,IndiGo,6E 2614,2026-10-01,15,economy,,,8862.0,False,14:40,ok,2026-09-16T02:24:10.876326+05:30,2026-09-16_0224IST,airline_direct,IndiGo
DEL,CCU,6E,IndiGo,6E 704,2026-10-01,15,economy,,,9203.0,False,02:25,ok,2026-09-16T02:24:10.876326+05:30,2026-09-16_0224IST,airline_direct,IndiGo
DEL,CCU,6E,IndiGo,6E 5038,2026-10-01,15,economy,,,9597.0,False,14:00,ok,2026-09-16T02:24:10.876326+05:30,2026-09-16_0224IST,airline_direct,IndiGo
DEL,CCU,6E,IndiGo,6E 5307,2026-10-01,15,economy,,,9702.0,False,10:50,ok,2026-09-16T02:24:10.876326+05:30,2026-09-16_0224IST,airline_direct,IndiGo
DEL,CCU,6E,IndiGo,6E 5307,2026-10-01,15,economy,,,9702.0,False,10:50,ok,2026-09-16T02:24:10.876326+05:30,2026-09-16_0224IST,airline_direct,IndiGo
DEL,CCU,6E,IndiGo,6E 704,2026-10-01,15,economy,,,9938.0,False,02:25,ok,2026-09-16T02:24:10.876326+05:30,2026-09-16_0224IST,airline_direct,IndiGo
DEL,CCU,6E,IndiGo,6E 6217,2026-10-01,15,business,,,31033.0,False,16:15,ok,2026-09-16T02:24:10.876326+05:30,2026-09-16_0224IST,airline_direct,IndiGo
DEL,CCU,6E,IndiGo,6E 6217,2026-10-01,15,economy,,,10745.0,False,16:15,ok,2026-09-16T02:24:10.876326+05:30,2026-09-16_0224IST,airline_direct,IndiGo
DEL,CCU,6E,IndiGo,6E 717,2026-10-01,15,business,,,31033.0,False,17:55,ok,2026-09-16T02:24:10.876326+05:30,2026-09-16_0224IST,airline_direct,IndiGo
DEL,CCU,6E,IndiGo,6E 717,2026-10-01,15,economy,,,10745.0,False,17:55,ok,2026-09-16T02:24:10.876326+05:30,2026-09-16_0224IST,airline_direct,IndiGo
DEL,CCU,6E,IndiGo,6E 734,2026-10-01,15,economy,,,11212.0,False,16:20,ok,2026-09-16T02:24:10.876326+05:30,2026-09-16_0224IST,airline_direct,IndiGo
DEL,CCU,6E,IndiGo,6E 2296,2026-10-01,15,economy,,,13340.0,False,09:20,ok,2026-09-16T02:24:10.876326+05:30,2026-09-16_0224IST,airline_direct,IndiGo
DEL,CCU,6E,IndiGo,6E 6124,2026-10-01,15,economy,,,13445.0,False,07:30,ok,2026-09-16T02:24:10.876326+05:30,2026-09-16_0224IST,airline_direct,IndiGo
DEL,CCU,6E,IndiGo,6E 2317,2026-10-01,15,economy,,,13697.0,False,11:00,ok,2026-09-16T02:24:10.876326+05:30,2026-09-16_0224IST,airline_direct,IndiGo
DEL,CCU,6E,IndiGo,6E 5215,2026-10-01,15,economy,,,14625.0,False,07:40,ok,2026-09-16T02:24:10.876326+05:30,2026-09-16_0224IST,airline_direct,IndiGo
DEL,CCU,6E,IndiGo,6E 6073,2026-10-01,15,economy,,,17241.0,False,05:00,ok,2026-09-16T02:24:10.876326+05:30,2026-09-16_0224IST,airline_direct,IndiGo
DEL,CCU,6E,IndiGo,6E 705,2026-10-01,15,business,,,30797.0,False,08:30,ok,2026-09-16T02:24:10.876326+05:30,2026-09-16_0224IST,airline_direct,IndiGo
DEL,CCU,6E,IndiGo,6E 705,2026-10-01,15,economy,,,17582.0,False,08:30,ok,2026-09-16T02:24:10.876326+05:30,2026-09-16_0224IST,airline_direct,IndiGo
DEL,CCU,6E,IndiGo,6E 705,2026-10-01,15,business,,,30797.0,False,08:30,ok,2026-09-16T02:24:10.876326+05:30,2026-09-16_0224IST,airline_direct,IndiGo
DEL,CCU,6E,IndiGo,6E 705,2026-10-01,15,economy,,,17582.0,False,08:30,ok,2026-09-16T02:24:10.876326+05:30,2026-09-16_0224IST,airline_direct,IndiGo
DEL,CCU,6E,IndiGo,6E 6293,2026-10-01,15,business,,,30797.0,False,09:55,ok,2026-09-16T02:24:10.876326+05:30,2026-09-16_0224IST,airline_direct,IndiGo
DEL,CCU,6E,IndiGo,6E 6293,2026-10-01,15,economy,,,17582.0,False,09:55,ok,2026-09-16T02:24:10.876326+05:30,2026-09-16_0224IST,airline_direct,IndiGo
DEL,CCU,6E,IndiGo,6E 2296,2026-10-01,15,economy,,,18807.0,False,09:20,ok,2026-09-16T02:24:10.876326+05:30,2026-09-16_0224IST,airline_direct,IndiGo
BLR,HYD,6E,IndiGo,6E 312,2026-10-01,15,economy,,,5318.0,False,09:15,ok,2026-09-16T02:25:16.085601+05:30,2026-09-16_0225IST,airline_direct,IndiGo
BLR,HYD,6E,IndiGo,6E 6178,2026-10-01,15,economy,,,5756.0,False,06:10,ok,2026-09-16T02:25:16.085601+05:30,2026-09-16_0225IST,airline_direct,IndiGo
BLR,HYD,6E,IndiGo,6E 537,2026-10-01,15,economy,,,6239.0,False,10:15,ok,2026-09-16T02:25:16.085601+05:30,2026-09-16_0225IST,airline_direct,IndiGo
BLR,HYD,6E,IndiGo,6E 484,2026-10-01,15,economy,,,6772.0,False,08:15,ok,2026-09-16T02:25:16.085601+05:30,2026-09-16_0225IST,airline_direct,IndiGo
BLR,HYD,6E,IndiGo,6E 6404,2026-10-01,15,economy,,,6772.0,False,11:35,ok,2026-09-16T02:25:16.085601+05:30,2026-09-16_0225IST,airline_direct,IndiGo
BLR,HYD,6E,IndiGo,6E 638,2026-10-01,15,economy,,,6772.0,False,18:35,ok,2026-09-16T02:25:16.085601+05:30,2026-09-16_0225IST,airline_direct,IndiGo
BLR,HYD,6E,IndiGo,6E 855,2026-10-01,15,economy,,,7361.0,False,19:45,ok,2026-09-16T02:25:16.085601+05:30,2026-09-16_0225IST,airline_direct,IndiGo
BLR,HYD,6E,IndiGo,6E 6784,2026-10-01,15,economy,,,7361.0,False,21:25,ok,2026-09-16T02:25:16.085601+05:30,2026-09-16_0225IST,airline_direct,IndiGo
BLR,HYD,6E,IndiGo,6E 6067,2026-10-01,15,economy,,,8727.0,False,16:30,ok,2026-09-16T02:25:16.085601+05:30,2026-09-16_0225IST,airline_direct,IndiGo
BLR,HYD,6E,IndiGo,6E 6563,2026-10-01,15,economy,,,5463.0,False,01:05,ok,2026-09-16T02:25:16.085601+05:30,2026-09-16_0225IST,airline_direct,IndiGo
BLR,HYD,6E,IndiGo,6E 6876,2026-10-01,15,economy,,,5463.0,False,02:40,ok,2026-09-16T02:25:16.085601+05:30,2026-09-16_0225IST,airline_direct,IndiGo
BLR,HYD,6E,IndiGo,6E 857,2026-10-01,15,economy,,,5463.0,False,07:05,ok,2026-09-16T02:25:16.085601+05:30,2026-09-16_0225IST,airline_direct,IndiGo
BLR,HYD,6E,IndiGo,6E 857,2026-10-01,15,economy,,,5463.0,False,07:05,ok,2026-09-16T02:25:16.085601+05:30,2026-09-16_0225IST,airline_direct,IndiGo
BLR,HYD,6E,IndiGo,6E 6269,2026-10-01,15,economy,,,5463.0,False,07:15,ok,2026-09-16T02:25:16.085601+05:30,2026-09-16_0225IST,airline_direct,IndiGo
BLR,HYD,6E,IndiGo,6E 6269,2026-10-01,15,economy,,,5463.0,False,07:15,ok,2026-09-16T02:25:16.085601+05:30,2026-09-16_0225IST,airline_direct,IndiGo
BLR,HYD,6E,IndiGo,6E 6445,2026-10-01,15,economy,,,5463.0,False,10:25,ok,2026-09-16T02:25:16.085601+05:30,2026-09-16_0225IST,airline_direct,IndiGo
BLR,HYD,6E,IndiGo,6E 6445,2026-10-01,15,economy,,,5463.0,False,10:25,ok,2026-09-16T02:25:16.085601+05:30,2026-09-16_0225IST,airline_direct,IndiGo
BLR,HYD,6E,IndiGo,6E 904,2026-10-01,15,economy,,,5463.0,False,10:50,ok,2026-09-16T02:25:16.085601+05:30,2026-09-16_0225IST,airline_direct,IndiGo
BLR,HYD,6E,IndiGo,6E 904,2026-10-01,15,economy,,,5463.0,False,10:50,ok,2026-09-16T02:25:16.085601+05:30,2026-09-16_0225IST,airline_direct,IndiGo
BLR,HYD,6E,IndiGo,6E 6104,2026-10-01,15,economy,,,5463.0,False,11:40,ok,2026-09-16T02:25:16.085601+05:30,2026-09-16_0225IST,airline_direct,IndiGo
BLR,HYD,6E,IndiGo,6E 6653,2026-10-01,15,economy,,,5463.0,False,12:35,ok,2026-09-16T02:25:16.085601+05:30,2026-09-16_0225IST,airline_direct,IndiGo
BLR,HYD,6E,IndiGo,6E 6653,2026-10-01,15,economy,,,5463.0,False,12:35,ok,2026-09-16T02:25:16.085601+05:30,2026-09-16_0225IST,airline_direct,IndiGo
BLR,HYD,6E,IndiGo,6E 6653,2026-10-01,15,economy,,,5463.0,False,12:35,ok,2026-09-16T02:25:16.085601+05:30,2026-09-16_0225IST,airline_direct,IndiGo
BLR,HYD,6E,IndiGo,6E 6208,2026-10-01,15,economy,,,5463.0,False,12:45,ok,2026-09-16T02:25:16.085601+05:30,2026-09-16_0225IST,airline_direct,IndiGo
BLR,HYD,6E,IndiGo,6E 6208,2026-10-01,15,economy,,,5463.0,False,12:45,ok,2026-09-16T02:25:16.085601+05:30,2026-09-16_0225IST,airline_direct,IndiGo
BLR,HYD,6E,IndiGo,6E 6208,2026-10-01,15,economy,,,5463.0,False,12:45,ok,2026-09-16T02:25:16.085601+05:30,2026-09-16_0225IST,airline_direct,IndiGo
BLR,HYD,6E,IndiGo,6E 703,2026-10-01,15,economy,,,5463.0,False,12:55,ok,2026-09-16T02:25:16.085601+05:30,2026-09-16_0225IST,airline_direct,IndiGo
BLR,HYD,6E,IndiGo,6E 6542,2026-10-01,15,economy,,,5463.0,False,13:10,ok,2026-09-16T02:25:16.085601+05:30,2026-09-16_0225IST,airline_direct,IndiGo
BLR,HYD,6E,IndiGo,6E 6753,2026-10-01,15,economy,,,5463.0,False,15:15,ok,2026-09-16T02:25:16.085601+05:30,2026-09-16_0225IST,airline_direct,IndiGo
BLR,HYD,6E,IndiGo,6E 6753,2026-10-01,15,economy,,,5463.0,False,15:15,ok,2026-09-16T02:25:16.085601+05:30,2026-09-16_0225IST,airline_direct,IndiGo
BLR,HYD,6E,IndiGo,6E 356,2026-10-01,15,economy,,,5463.0,False,17:15,ok,2026-09-16T02:25:16.085601+05:30,2026-09-16_0225IST,airline_direct,IndiGo
BLR,HYD,6E,IndiGo,6E 356,2026-10-01,15,economy,,,5463.0,False,17:15,ok,2026-09-16T02:25:16.085601+05:30,2026-09-16_0225IST,airline_direct,IndiGo
BLR,HYD,6E,IndiGo,6E 6168,2026-10-01,15,economy,,,5463.0,False,17:40,ok,2026-09-16T02:25:16.085601+05:30,2026-09-16_0225IST,airline_direct,IndiGo
BLR,HYD,6E,IndiGo,6E 6168,2026-10-01,15,economy,,,5463.0,False,17:40,ok,2026-09-16T02:25:16.085601+05:30,2026-09-16_0225IST,airline_direct,IndiGo
BLR,HYD,6E,IndiGo,6E 6017,2026-10-01,15,economy,,,5463.0,False,18:15,ok,2026-09-16T02:25:16.085601+05:30,2026-09-16_0225IST,airline_direct,IndiGo
BLR,HYD,6E,IndiGo,6E 6583,2026-10-01,15,economy,,,5594.0,False,10:40,ok,2026-09-16T02:25:16.085601+05:30,2026-09-16_0225IST,airline_direct,IndiGo
BLR,HYD,6E,IndiGo,6E 6336,2026-10-01,15,economy,,,5594.0,False,12:25,ok,2026-09-16T02:25:16.085601+05:30,2026-09-16_0225IST,airline_direct,IndiGo
BLR,HYD,6E,IndiGo,6E 6336,2026-10-01,15,economy,,,5594.0,False,12:25,ok,2026-09-16T02:25:16.085601+05:30,2026-09-16_0225IST,airline_direct,IndiGo
BLR,HYD,6E,IndiGo,6E 105,2026-10-01,15,economy,,,5793.0,False,18:50,ok,2026-09-16T02:25:16.085601+05:30,2026-09-16_0225IST,airline_direct,IndiGo
BLR,HYD,6E,IndiGo,6E 7204,2026-10-01,15,economy,,,6153.0,False,06:50,ok,2026-09-16T02:25:16.085601+05:30,2026-09-16_0225IST,airline_direct,IndiGo
BLR,HYD,6E,IndiGo,6E 7005,2026-10-01,15,economy,,,6153.0,False,08:05,ok,2026-09-16T02:25:16.085601+05:30,2026-09-16_0225IST,airline_direct,IndiGo
BLR,HYD,6E,IndiGo,6E 7005,2026-10-01,15,economy,,,6153.0,False,08:05,ok,2026-09-16T02:25:16.085601+05:30,2026-09-16_0225IST,airline_direct,IndiGo
BLR,HYD,6E,IndiGo,6E 7227,2026-10-01,15,economy,,,6412.0,False,06:25,ok,2026-09-16T02:25:16.085601+05:30,2026-09-16_0225IST,airline_direct,IndiGo
BLR,HYD,6E,IndiGo,6E 7223,2026-10-01,15,economy,,,6543.0,False,15:30,ok,2026-09-16T02:25:16.085601+05:30,2026-09-16_0225IST,airline_direct,IndiGo
BLR,HYD,6E,IndiGo,6E 6554,2026-10-01,15,economy,,,6969.0,False,19:15,ok,2026-09-16T02:25:16.085601+05:30,2026-09-16_0225IST,airline_direct,IndiGo
BLR,HYD,6E,IndiGo,6E 763,2026-10-01,15,economy,,,7432.0,False,07:10,ok,2026-09-16T02:25:16.085601+05:30,2026-09-16_0225IST,airline_direct,IndiGo
BLR,HYD,6E,IndiGo,6E 763,2026-10-01,15,economy,,,7432.0,False,07:10,ok,2026-09-16T02:25:16.085601+05:30,2026-09-16_0225IST,airline_direct,IndiGo
BLR,HYD,6E,IndiGo,6E 7285,2026-10-01,15,economy,,,9884.0,False,06:50,ok,2026-09-16T02:25:16.085601+05:30,2026-09-16_0225IST,airline_direct,IndiGo
BLR,HYD,6E,IndiGo,6E 5306,2026-10-01,15,economy,,,12041.0,False,14:15,ok,2026-09-16T02:25:16.085601+05:30,2026-09-16_0225IST,airline_direct,IndiGo
BLR,HYD,6E,IndiGo,6E 2030,2026-10-01,15,economy,,,12041.0,False,14:50,ok,2026-09-16T02:25:16.085601+05:30,2026-09-16_0225IST,airline_direct,IndiGo
BLR,HYD,6E,IndiGo,6E 441,2026-10-01,15,economy,,,12041.0,False,20:40,ok,2026-09-16T02:25:16.085601+05:30,2026-09-16_0225IST,airline_direct,IndiGo
BLR,HYD,6E,IndiGo,6E 528,2026-10-01,15,economy,,,12041.0,False,21:40,ok,2026-09-16T02:25:16.085601+05:30,2026-09-16_0225IST,airline_direct,IndiGo
BLR,HYD,6E,IndiGo,6E 116,2026-10-01,15,economy,,,12041.0,False,23:05,ok,2026-09-16T02:25:16.085601+05:30,2026-09-16_0225IST,airline_direct,IndiGo
BLR,HYD,6E,IndiGo,6E 105,2026-10-01,15,economy,,,12950.0,False,18:50,ok,2026-09-16T02:25:16.085601+05:30,2026-09-16_0225IST,airline_direct,IndiGo
BLR,HYD,6E,IndiGo,6E 763,2026-10-01,15,economy,,,15018.0,False,07:10,ok,2026-09-16T02:25:16.085601+05:30,2026-09-16_0225IST,airline_direct,IndiGo
BLR,HYD,6E,IndiGo,6E 116,2026-10-01,15,economy,,,15018.0,False,23:05,ok,2026-09-16T02:25:16.085601+05:30,2026-09-16_0225IST,airline_direct,IndiGo
BLR,HYD,6E,IndiGo,6E 6162,2026-10-01,15,economy,,,20237.0,False,18:50,ok,2026-09-16T02:25:16.085601+05:30,2026-09-16_0225IST,airline_direct,IndiGo
BLR,HYD,6E,IndiGo,6E 109,2026-10-01,15,economy,,,20595.0,False,17:00,ok,2026-09-16T02:25:16.085601+05:30,2026-09-16_0225IST,airline_direct,IndiGo
BLR,HYD,6E,IndiGo,6E 7176,2026-10-01,15,economy,,,6066.0,False,10:10,ok,2026-09-16T02:25:16.085601+05:30,2026-09-16_0225IST,airline_direct,IndiGo
MAA,DEL,6E,IndiGo,6E 939,2026-10-01,15,business,,,24700.0,False,13:00,ok,2026-09-16T02:26:14.567589+05:30,2026-09-16_0226IST,airline_direct,IndiGo
MAA,DEL,6E,IndiGo,6E 939,2026-10-01,15,economy,,,10295.0,False,13:00,ok,2026-09-16T02:26:14.567589+05:30,2026-09-16_0226IST,airline_direct,IndiGo
MAA,DEL,6E,IndiGo,6E 948,2026-10-01,15,business,,,24700.0,False,14:30,ok,2026-09-16T02:26:14.567589+05:30,2026-09-16_0226IST,airline_direct,IndiGo
MAA,DEL,6E,IndiGo,6E 948,2026-10-01,15,economy,,,10295.0,False,14:30,ok,2026-09-16T02:26:14.567589+05:30,2026-09-16_0226IST,airline_direct,IndiGo
MAA,DEL,6E,IndiGo,6E 953,2026-10-01,15,business,,,24700.0,False,02:45,ok,2026-09-16T02:26:14.567589+05:30,2026-09-16_0226IST,airline_direct,IndiGo
MAA,DEL,6E,IndiGo,6E 953,2026-10-01,15,economy,,,10785.0,False,02:45,ok,2026-09-16T02:26:14.567589+05:30,2026-09-16_0226IST,airline_direct,IndiGo
MAA,DEL,6E,IndiGo,6E 404,2026-10-01,15,business,,,24700.0,False,09:15,ok,2026-09-16T02:26:14.567589+05:30,2026-09-16_0226IST,airline_direct,IndiGo
MAA,DEL,6E,IndiGo,6E 404,2026-10-01,15,economy,,,10785.0,False,09:15,ok,2026-09-16T02:26:14.567589+05:30,2026-09-16_0226IST,airline_direct,IndiGo
MAA,DEL,6E,IndiGo,6E 698,2026-10-01,15,business,,,24700.0,False,16:45,ok,2026-09-16T02:26:14.567589+05:30,2026-09-16_0226IST,airline_direct,IndiGo
MAA,DEL,6E,IndiGo,6E 698,2026-10-01,15,economy,,,10785.0,False,16:45,ok,2026-09-16T02:26:14.567589+05:30,2026-09-16_0226IST,airline_direct,IndiGo
MAA,DEL,6E,IndiGo,6E 951,2026-10-01,15,business,,,24700.0,False,21:50,ok,2026-09-16T02:26:14.567589+05:30,2026-09-16_0226IST,airline_direct,IndiGo
MAA,DEL,6E,IndiGo,6E 951,2026-10-01,15,economy,,,10785.0,False,21:50,ok,2026-09-16T02:26:14.567589+05:30,2026-09-16_0226IST,airline_direct,IndiGo
MAA,DEL,6E,IndiGo,6E 937,2026-10-01,15,business,,,24700.0,False,06:30,ok,2026-09-16T02:26:14.567589+05:30,2026-09-16_0226IST,airline_direct,IndiGo
MAA,DEL,6E,IndiGo,6E 937,2026-10-01,15,economy,,,11303.0,False,06:30,ok,2026-09-16T02:26:14.567589+05:30,2026-09-16_0226IST,airline_direct,IndiGo
MAA,DEL,6E,IndiGo,6E 6002,2026-10-01,15,business,,,24700.0,False,11:10,ok,2026-09-16T02:26:14.567589+05:30,2026-09-16_0226IST,airline_direct,IndiGo
MAA,DEL,6E,IndiGo,6E 6002,2026-10-01,15,economy,,,11303.0,False,11:10,ok,2026-09-16T02:26:14.567589+05:30,2026-09-16_0226IST,airline_direct,IndiGo
MAA,DEL,6E,IndiGo,6E 613,2026-10-01,15,business,,,24700.0,False,19:00,ok,2026-09-16T02:26:14.567589+05:30,2026-09-16_0226IST,airline_direct,IndiGo
MAA,DEL,6E,IndiGo,6E 613,2026-10-01,15,economy,,,11303.0,False,19:00,ok,2026-09-16T02:26:14.567589+05:30,2026-09-16_0226IST,airline_direct,IndiGo
MAA,DEL,6E,IndiGo,6E 2369,2026-10-01,15,business,,,24700.0,False,23:45,ok,2026-09-16T02:26:14.567589+05:30,2026-09-16_0226IST,airline_direct,IndiGo
MAA,DEL,6E,IndiGo,6E 2369,2026-10-01,15,economy,,,11850.0,False,23:45,ok,2026-09-16T02:26:14.567589+05:30,2026-09-16_0226IST,airline_direct,IndiGo
MAA,DEL,6E,IndiGo,6E 244,2026-10-01,15,economy,,,9778.0,False,03:55,ok,2026-09-16T02:26:14.567589+05:30,2026-09-16_0226IST,airline_direct,IndiGo
MAA,DEL,6E,IndiGo,6E 607,2026-10-01,15,business,,,29241.0,False,05:40,ok,2026-09-16T02:26:14.567589+05:30,2026-09-16_0226IST,airline_direct,IndiGo
MAA,DEL,6E,IndiGo,6E 607,2026-10-01,15,economy,,,9778.0,False,05:40,ok,2026-09-16T02:26:14.567589+05:30,2026-09-16_0226IST,airline_direct,IndiGo
MAA,DEL,6E,IndiGo,6E 495,2026-10-01,15,business,,,27420.0,False,07:10,ok,2026-09-16T02:26:14.567589+05:30,2026-09-16_0226IST,airline_direct,IndiGo
MAA,DEL,6E,IndiGo,6E 495,2026-10-01,15,economy,,,9778.0,False,07:10,ok,2026-09-16T02:26:14.567589+05:30,2026-09-16_0226IST,airline_direct,IndiGo
MAA,DEL,6E,IndiGo,6E 495,2026-10-01,15,business,,,27420.0,False,07:10,ok,2026-09-16T02:26:14.567589+05:30,2026-09-16_0226IST,airline_direct,IndiGo
MAA,DEL,6E,IndiGo,6E 495,2026-10-01,15,economy,,,9778.0,False,07:10,ok,2026-09-16T02:26:14.567589+05:30,2026-09-16_0226IST,airline_direct,IndiGo
MAA,DEL,6E,IndiGo,6E 834,2026-10-01,15,business,,,28570.0,False,09:05,ok,2026-09-16T02:26:14.567589+05:30,2026-09-16_0226IST,airline_direct,IndiGo
MAA,DEL,6E,IndiGo,6E 834,2026-10-01,15,economy,,,9778.0,False,09:05,ok,2026-09-16T02:26:14.567589+05:30,2026-09-16_0226IST,airline_direct,IndiGo
MAA,DEL,6E,IndiGo,6E 834,2026-10-01,15,business,,,28570.0,False,09:05,ok,2026-09-16T02:26:14.567589+05:30,2026-09-16_0226IST,airline_direct,IndiGo
MAA,DEL,6E,IndiGo,6E 834,2026-10-01,15,economy,,,9778.0,False,09:05,ok,2026-09-16T02:26:14.567589+05:30,2026-09-16_0226IST,airline_direct,IndiGo
MAA,DEL,6E,IndiGo,6E 372,2026-10-01,15,business,,,27358.0,False,09:55,ok,2026-09-16T02:26:14.567589+05:30,2026-09-16_0226IST,airline_direct,IndiGo
MAA,DEL,6E,IndiGo,6E 372,2026-10-01,15,economy,,,9778.0,False,09:55,ok,2026-09-16T02:26:14.567589+05:30,2026-09-16_0226IST,airline_direct,IndiGo
MAA,DEL,6E,IndiGo,6E 6079,2026-10-01,15,economy,,,9778.0,False,10:15,ok,2026-09-16T02:26:14.567589+05:30,2026-09-16_0226IST,airline_direct,IndiGo
MAA,DEL,6E,IndiGo,6E 502,2026-10-01,15,business,,,29241.0,False,11:10,ok,2026-09-16T02:26:14.567589+05:30,2026-09-16_0226IST,airline_direct,IndiGo
MAA,DEL,6E,IndiGo,6E 502,2026-10-01,15,economy,,,9778.0,False,11:10,ok,2026-09-16T02:26:14.567589+05:30,2026-09-16_0226IST,airline_direct,IndiGo
MAA,DEL,6E,IndiGo,6E 973,2026-10-01,15,business,,,42499.0,False,11:55,ok,2026-09-16T02:26:14.567589+05:30,2026-09-16_0226IST,airline_direct,IndiGo
MAA,DEL,6E,IndiGo,6E 973,2026-10-01,15,economy,,,9778.0,False,11:55,ok,2026-09-16T02:26:14.567589+05:30,2026-09-16_0226IST,airline_direct,IndiGo
MAA,DEL,6E,IndiGo,6E 6925,2026-10-01,15,business,,,27420.0,False,12:00,ok,2026-09-16T02:26:14.567589+05:30,2026-09-16_0226IST,airline_direct,IndiGo
MAA,DEL,6E,IndiGo,6E 6925,2026-10-01,15,economy,,,9778.0,False,12:00,ok,2026-09-16T02:26:14.567589+05:30,2026-09-16_0226IST,airline_direct,IndiGo
MAA,DEL,6E,IndiGo,6E 848,2026-10-01,15,economy,,,9778.0,False,17:50,ok,2026-09-16T02:26:14.567589+05:30,2026-09-16_0226IST,airline_direct,IndiGo
MAA,DEL,6E,IndiGo,6E 193,2026-10-01,15,business,,,27420.0,False,20:00,ok,2026-09-16T02:26:14.567589+05:30,2026-09-16_0226IST,airline_direct,IndiGo
MAA,DEL,6E,IndiGo,6E 193,2026-10-01,15,economy,,,9778.0,False,20:00,ok,2026-09-16T02:26:14.567589+05:30,2026-09-16_0226IST,airline_direct,IndiGo
MAA,DEL,6E,IndiGo,6E 6081,2026-10-01,15,business,,,29704.0,False,07:05,ok,2026-09-16T02:26:14.567589+05:30,2026-09-16_0226IST,airline_direct,IndiGo
MAA,DEL,6E,IndiGo,6E 6081,2026-10-01,15,economy,,,9857.0,False,07:05,ok,2026-09-16T02:26:14.567589+05:30,2026-09-16_0226IST,airline_direct,IndiGo
MAA,DEL,6E,IndiGo,6E 6081,2026-10-01,15,business,,,29704.0,False,07:05,ok,2026-09-16T02:26:14.567589+05:30,2026-09-16_0226IST,airline_direct,IndiGo
MAA,DEL,6E,IndiGo,6E 6081,2026-10-01,15,economy,,,9857.0,False,07:05,ok,2026-09-16T02:26:14.567589+05:30,2026-09-16_0226IST,airline_direct,IndiGo
MAA,DEL,6E,IndiGo,6E 6815,2026-10-01,15,business,,,29704.0,False,08:55,ok,2026-09-16T02:26:14.567589+05:30,2026-09-16_0226IST,airline_direct,IndiGo
MAA,DEL,6E,IndiGo,6E 6815,2026-10-01,15,economy,,,9857.0,False,08:55,ok,2026-09-16T02:26:14.567589+05:30,2026-09-16_0226IST,airline_direct,IndiGo
MAA,DEL,6E,IndiGo,6E 6892,2026-10-01,15,business,,,29704.0,False,10:55,ok,2026-09-16T02:26:14.567589+05:30,2026-09-16_0226IST,airline_direct,IndiGo
MAA,DEL,6E,IndiGo,6E 6892,2026-10-01,15,economy,,,9857.0,False,10:55,ok,2026-09-16T02:26:14.567589+05:30,2026-09-16_0226IST,airline_direct,IndiGo
MAA,DEL,6E,IndiGo,6E 6892,2026-10-01,15,business,,,29704.0,False,10:55,ok,2026-09-16T02:26:14.567589+05:30,2026-09-16_0226IST,airline_direct,IndiGo
MAA,DEL,6E,IndiGo,6E 6892,2026-10-01,15,economy,,,9857.0,False,10:55,ok,2026-09-16T02:26:14.567589+05:30,2026-09-16_0226IST,airline_direct,IndiGo
MAA,DEL,6E,IndiGo,6E 6209,2026-10-01,15,business,,,29704.0,False,14:35,ok,2026-09-16T02:26:14.567589+05:30,2026-09-16_0226IST,airline_direct,IndiGo
MAA,DEL,6E,IndiGo,6E 6209,2026-10-01,15,economy,,,9857.0,False,14:35,ok,2026-09-16T02:26:14.567589+05:30,2026-09-16_0226IST,airline_direct,IndiGo
MAA,DEL,6E,IndiGo,6E 847,2026-10-01,15,business,,,29704.0,False,16:15,ok,2026-09-16T02:26:14.567589+05:30,2026-09-16_0226IST,airline_direct,IndiGo
MAA,DEL,6E,IndiGo,6E 847,2026-10-01,15,economy,,,9857.0,False,16:15,ok,2026-09-16T02:26:14.567589+05:30,2026-09-16_0226IST,airline_direct,IndiGo
MAA,DEL,6E,IndiGo,6E 6812,2026-10-01,15,economy,,,9857.0,False,20:00,ok,2026-09-16T02:26:14.567589+05:30,2026-09-16_0226IST,airline_direct,IndiGo
MAA,DEL,6E,IndiGo,6E 796,2026-10-01,15,business,,,30424.0,False,22:00,ok,2026-09-16T02:26:14.567589+05:30,2026-09-16_0226IST,airline_direct,IndiGo
MAA,DEL,6E,IndiGo,6E 796,2026-10-01,15,economy,,,9857.0,False,22:00,ok,2026-09-16T02:26:14.567589+05:30,2026-09-16_0226IST,airline_direct,IndiGo
MAA,DEL,6E,IndiGo,6E 5093,2026-10-01,15,business,,,45110.0,False,05:00,ok,2026-09-16T02:26:14.567589+05:30,2026-09-16_0226IST,airline_direct,IndiGo
MAA,DEL,6E,IndiGo,6E 5093,2026-10-01,15,economy,,,9988.0,False,05:00,ok,2026-09-16T02:26:14.567589+05:30,2026-09-16_0226IST,airline_direct,IndiGo
MAA,DEL,6E,IndiGo,6E 321,2026-10-01,15,business,,,32810.0,False,08:20,ok,2026-09-16T02:26:14.567589+05:30,2026-09-16_0226IST,airline_direct,IndiGo
MAA,DEL,6E,IndiGo,6E 321,2026-10-01,15,economy,,,9988.0,False,08:20,ok,2026-09-16T02:26:14.567589+05:30,2026-09-16_0226IST,airline_direct,IndiGo
MAA,DEL,6E,IndiGo,6E 6348,2026-10-01,15,business,,,35375.0,False,09:00,ok,2026-09-16T02:26:14.567589+05:30,2026-09-16_0226IST,airline_direct,IndiGo
MAA,DEL,6E,IndiGo,6E 6348,2026-10-01,15,economy,,,9988.0,False,09:00,ok,2026-09-16T02:26:14.567589+05:30,2026-09-16_0226IST,airline_direct,IndiGo
MAA,DEL,6E,IndiGo,6E 6348,2026-10-01,15,business,,,35375.0,False,09:00,ok,2026-09-16T02:26:14.567589+05:30,2026-09-16_0226IST,airline_direct,IndiGo
MAA,DEL,6E,IndiGo,6E 6348,2026-10-01,15,economy,,,9988.0,False,09:00,ok,2026-09-16T02:26:14.567589+05:30,2026-09-16_0226IST,airline_direct,IndiGo
MAA,DEL,6E,IndiGo,6E 5214,2026-10-01,15,business,,,35375.0,False,11:00,ok,2026-09-16T02:26:14.567589+05:30,2026-09-16_0226IST,airline_direct,IndiGo
MAA,DEL,6E,IndiGo,6E 5214,2026-10-01,15,economy,,,9988.0,False,11:00,ok,2026-09-16T02:26:14.567589+05:30,2026-09-16_0226IST,airline_direct,IndiGo
MAA,DEL,6E,IndiGo,6E 5258,2026-10-01,15,business,,,38974.0,False,12:45,ok,2026-09-16T02:26:14.567589+05:30,2026-09-16_0226IST,airline_direct,IndiGo
MAA,DEL,6E,IndiGo,6E 5258,2026-10-01,15,economy,,,9988.0,False,12:45,ok,2026-09-16T02:26:14.567589+05:30,2026-09-16_0226IST,airline_direct,IndiGo
MAA,DEL,6E,IndiGo,6E 5371,2026-10-01,15,business,,,45110.0,False,14:45,ok,2026-09-16T02:26:14.567589+05:30,2026-09-16_0226IST,airline_direct,IndiGo
MAA,DEL,6E,IndiGo,6E 5371,2026-10-01,15,economy,,,9988.0,False,14:45,ok,2026-09-16T02:26:14.567589+05:30,2026-09-16_0226IST,airline_direct,IndiGo
MAA,DEL,6E,IndiGo,6E 986,2026-10-01,15,business,,,35170.0,False,15:05,ok,2026-09-16T02:26:14.567589+05:30,2026-09-16_0226IST,airline_direct,IndiGo
MAA,DEL,6E,IndiGo,6E 986,2026-10-01,15,economy,,,9988.0,False,15:05,ok,2026-09-16T02:26:14.567589+05:30,2026-09-16_0226IST,airline_direct,IndiGo
MAA,DEL,6E,IndiGo,6E 6113,2026-10-01,15,economy,,,9988.0,False,17:00,ok,2026-09-16T02:26:14.567589+05:30,2026-09-16_0226IST,airline_direct,IndiGo
MAA,DEL,6E,IndiGo,6E 6225,2026-10-01,15,business,,,35375.0,False,22:30,ok,2026-09-16T02:26:14.567589+05:30,2026-09-16_0226IST,airline_direct,IndiGo
MAA,DEL,6E,IndiGo,6E 6225,2026-10-01,15,economy,,,9988.0,False,22:30,ok,2026-09-16T02:26:14.567589+05:30,2026-09-16_0226IST,airline_direct,IndiGo
MAA,DEL,6E,IndiGo,6E 6797,2026-10-01,15,economy,,,10325.0,False,13:10,ok,2026-09-16T02:26:14.567589+05:30,2026-09-16_0226IST,airline_direct,IndiGo
MAA,DEL,6E,IndiGo,6E 539,2026-10-01,15,economy,,,10535.0,False,11:25,ok,2026-09-16T02:26:14.567589+05:30,2026-09-16_0226IST,airline_direct,IndiGo
MAA,DEL,6E,IndiGo,6E 562,2026-10-01,15,business,,,27420.0,False,18:20,ok,2026-09-16T02:26:14.567589+05:30,2026-09-16_0226IST,airline_direct,IndiGo
MAA,DEL,6E,IndiGo,6E 562,2026-10-01,15,economy,,,10535.0,False,18:20,ok,2026-09-16T02:26:14.567589+05:30,2026-09-16_0226IST,airline_direct,IndiGo
MAA,DEL,6E,IndiGo,6E 6209,2026-10-01,15,business,,,29704.0,False,14:35,ok,2026-09-16T02:26:14.567589+05:30,2026-09-16_0226IST,airline_direct,IndiGo
MAA,DEL,6E,IndiGo,6E 6209,2026-10-01,15,economy,,,10614.0,False,14:35,ok,2026-09-16T02:26:14.567589+05:30,2026-09-16_0226IST,airline_direct,IndiGo
MAA,DEL,6E,IndiGo,6E 365,2026-10-01,15,business,,,30048.0,False,17:45,ok,2026-09-16T02:26:14.567589+05:30,2026-09-16_0226IST,airline_direct,IndiGo
MAA,DEL,6E,IndiGo,6E 365,2026-10-01,15,economy,,,10614.0,False,17:45,ok,2026-09-16T02:26:14.567589+05:30,2026-09-16_0226IST,airline_direct,IndiGo
MAA,DEL,6E,IndiGo,6E 588,2026-10-01,15,business,,,38605.0,False,17:40,ok,2026-09-16T02:26:14.567589+05:30,2026-09-16_0226IST,airline_direct,IndiGo
MAA,DEL,6E,IndiGo,6E 588,2026-10-01,15,economy,,,10745.0,False,17:40,ok,2026-09-16T02:26:14.567589+05:30,2026-09-16_0226IST,airline_direct,IndiGo
MAA,DEL,6E,IndiGo,6E 7084,2026-10-01,15,economy,,,11235.0,False,07:20,ok,2026-09-16T02:26:14.567589+05:30,2026-09-16_0226IST,airline_direct,IndiGo
MAA,DEL,6E,IndiGo,6E 597,2026-10-01,15,economy,,,11733.0,False,17:45,ok,2026-09-16T02:26:14.567589+05:30,2026-09-16_0226IST,airline_direct,IndiGo
MAA,DEL,6E,IndiGo,6E 6487,2026-10-01,15,business,,,26857.0,False,21:25,ok,2026-09-16T02:26:14.567589+05:30,2026-09-16_0226IST,airline_direct,IndiGo
MAA,DEL,6E,IndiGo,6E 6487,2026-10-01,15,economy,,,14280.0,False,21:25,ok,2026-09-16T02:26:14.567589+05:30,2026-09-16_0226IST,airline_direct,IndiGo
MAA,DEL,6E,IndiGo,6E 5367,2026-10-01,15,business,,,35375.0,False,18:15,ok,2026-09-16T02:26:14.567589+05:30,2026-09-16_0226IST,airline_direct,IndiGo
MAA,DEL,6E,IndiGo,6E 5367,2026-10-01,15,economy,,,14583.0,False,18:15,ok,2026-09-16T02:26:14.567589+05:30,2026-09-16_0226IST,airline_direct,IndiGo
MAA,DEL,6E,IndiGo,6E 253,2026-10-01,15,business,,,28415.0,False,03:10,ok,2026-09-16T02:26:14.567589+05:30,2026-09-16_0226IST,airline_direct,IndiGo
MAA,DEL,6E,IndiGo,6E 253,2026-10-01,15,economy,,,15577.0,False,03:10,ok,2026-09-16T02:26:14.567589+05:30,2026-09-16_0226IST,airline_direct,IndiGo
MAA,DEL,6E,IndiGo,6E 401,2026-10-01,15,economy,,,15577.0,False,08:10,ok,2026-09-16T02:26:14.567589+05:30,2026-09-16_0226IST,airline_direct,IndiGo
MAA,DEL,6E,IndiGo,6E 991,2026-10-01,15,economy,,,16030.0,False,09:30,ok,2026-09-16T02:26:14.567589+05:30,2026-09-16_0226IST,airline_direct,IndiGo
MAA,DEL,6E,IndiGo,6E 6158,2026-10-01,15,business,,,27420.0,False,16:10,ok,2026-09-16T02:26:14.567589+05:30,2026-09-16_0226IST,airline_direct,IndiGo
MAA,DEL,6E,IndiGo,6E 6158,2026-10-01,15,economy,,,16348.0,False,16:10,ok,2026-09-16T02:26:14.567589+05:30,2026-09-16_0226IST,airline_direct,IndiGo
MAA,DEL,6E,IndiGo,6E 189,2026-10-01,15,business,,,31290.0,False,19:05,ok,2026-09-16T02:26:14.567589+05:30,2026-09-16_0226IST,airline_direct,IndiGo
MAA,DEL,6E,IndiGo,6E 189,2026-10-01,15,economy,,,17292.0,False,19:05,ok,2026-09-16T02:26:14.567589+05:30,2026-09-16_0226IST,airline_direct,IndiGo
MAA,DEL,6E,IndiGo,6E 183,2026-10-01,15,business,,,30775.0,False,16:35,ok,2026-09-16T02:26:14.567589+05:30,2026-09-16_0226IST,airline_direct,IndiGo
MAA,DEL,6E,IndiGo,6E 183,2026-10-01,15,economy,,,18347.0,False,16:35,ok,2026-09-16T02:26:14.567589+05:30,2026-09-16_0226IST,airline_direct,IndiGo
MAA,DEL,6E,IndiGo,6E 561,2026-10-01,15,business,,,32309.0,False,22:20,ok,2026-09-16T02:26:14.567589+05:30,2026-09-16_0226IST,airline_direct,IndiGo
MAA,DEL,6E,IndiGo,6E 561,2026-10-01,15,economy,,,19414.0,False,22:20,ok,2026-09-16T02:26:14.567589+05:30,2026-09-16_0226IST,airline_direct,IndiGo
