origin,destination,carrier_code,carrier_name,flight_num,travel_date,advance_purchase_days,fare_class,base_fare,taxes_and_fees,total_fare,fare_split_estimated,departure_time,status,scraped_at,capture_run,source,source_name
DEL,BOM,6E,IndiGo,6E 449,2026-09-19,1,business,,,24260.0,False,05:00,ok,2026-09-18T02:00:58.052659+05:30,2026-09-18_0200IST,airline_direct,IndiGo
DEL,BOM,6E,IndiGo,6E 449,2026-09-19,1,economy,,,6305.0,False,05:00,ok,2026-09-18T02:00:58.052659+05:30,2026-09-18_0200IST,airline_direct,IndiGo
DEL,BOM,6E,IndiGo,6E 6218,2026-09-19,1,business,,,24260.0,False,06:05,ok,2026-09-18T02:00:58.052659+05:30,2026-09-18_0200IST,airline_direct,IndiGo
DEL,BOM,6E,IndiGo,6E 6218,2026-09-19,1,economy,,,6305.0,False,06:05,ok,2026-09-18T02:00:58.052659+05:30,2026-09-18_0200IST,airline_direct,IndiGo
DEL,BOM,6E,IndiGo,6E 6107,2026-09-19,1,business,,,24260.0,False,09:30,ok,2026-09-18T02:00:58.052659+05:30,2026-09-18_0200IST,airline_direct,IndiGo
DEL,BOM,6E,IndiGo,6E 6107,2026-09-19,1,economy,,,6305.0,False,09:30,ok,2026-09-18T02:00:58.052659+05:30,2026-09-18_0200IST,airline_direct,IndiGo
DEL,BOM,6E,IndiGo,6E 6328,2026-09-19,1,business,,,24260.0,False,10:15,ok,2026-09-18T02:00:58.052659+05:30,2026-09-18_0200IST,airline_direct,IndiGo
DEL,BOM,6E,IndiGo,6E 6328,2026-09-19,1,economy,,,6305.0,False,10:15,ok,2026-09-18T02:00:58.052659+05:30,2026-09-18_0200IST,airline_direct,IndiGo
DEL,BOM,6E,IndiGo,6E 6022,2026-09-19,1,business,,,24260.0,False,14:00,ok,2026-09-18T02:00:58.052659+05:30,2026-09-18_0200IST,airline_direct,IndiGo
DEL,BOM,6E,IndiGo,6E 6022,2026-09-19,1,economy,,,6305.0,False,14:00,ok,2026-09-18T02:00:58.052659+05:30,2026-09-18_0200IST,airline_direct,IndiGo
DEL,BOM,6E,IndiGo,6E 6318,2026-09-19,1,business,,,24260.0,False,14:45,ok,2026-09-18T02:00:58.052659+05:30,2026-09-18_0200IST,airline_direct,IndiGo
DEL,BOM,6E,IndiGo,6E 6318,2026-09-19,1,economy,,,6305.0,False,14:45,ok,2026-09-18T02:00:58.052659+05:30,2026-09-18_0200IST,airline_direct,IndiGo
DEL,BOM,6E,IndiGo,6E 864,2026-09-19,1,business,,,28443.0,False,15:30,ok,2026-09-18T02:00:58.052659+05:30,2026-09-18_0200IST,airline_direct,IndiGo
DEL,BOM,6E,IndiGo,6E 864,2026-09-19,1,economy,,,6305.0,False,15:30,ok,2026-09-18T02:00:58.052659+05:30,2026-09-18_0200IST,airline_direct,IndiGo
DEL,BOM,6E,IndiGo,6E 327,2026-09-19,1,business,,,24260.0,False,16:15,ok,2026-09-18T02:00:58.052659+05:30,2026-09-18_0200IST,airline_direct,IndiGo
DEL,BOM,6E,IndiGo,6E 327,2026-09-19,1,economy,,,6305.0,False,16:15,ok,2026-09-18T02:00:58.052659+05:30,2026-09-18_0200IST,airline_direct,IndiGo
DEL,BOM,6E,IndiGo,6E 6114,2026-09-19,1,business,,,24260.0,False,22:45,ok,2026-09-18T02:00:58.052659+05:30,2026-09-18_0200IST,airline_direct,IndiGo
DEL,BOM,6E,IndiGo,6E 6114,2026-09-19,1,economy,,,6305.0,False,22:45,ok,2026-09-18T02:00:58.052659+05:30,2026-09-18_0200IST,airline_direct,IndiGo
DEL,BOM,6E,IndiGo,6E 322,2026-09-19,1,business,,,24260.0,False,23:30,ok,2026-09-18T02:00:58.052659+05:30,2026-09-18_0200IST,airline_direct,IndiGo
DEL,BOM,6E,IndiGo,6E 322,2026-09-19,1,economy,,,6305.0,False,23:30,ok,2026-09-18T02:00:58.052659+05:30,2026-09-18_0200IST,airline_direct,IndiGo
DEL,BOM,6E,IndiGo,6E 6814,2026-09-19,1,business,,,24260.0,False,07:15,ok,2026-09-18T02:00:58.052659+05:30,2026-09-18_0200IST,airline_direct,IndiGo
DEL,BOM,6E,IndiGo,6E 6814,2026-09-19,1,economy,,,6357.0,False,07:15,ok,2026-09-18T02:00:58.052659+05:30,2026-09-18_0200IST,airline_direct,IndiGo
DEL,BOM,6E,IndiGo,6E 320,2026-09-19,1,business,,,28443.0,False,08:00,ok,2026-09-18T02:00:58.052659+05:30,2026-09-18_0200IST,airline_direct,IndiGo
DEL,BOM,6E,IndiGo,6E 320,2026-09-19,1,economy,,,6357.0,False,08:00,ok,2026-09-18T02:00:58.052659+05:30,2026-09-18_0200IST,airline_direct,IndiGo
DEL,BOM,6E,IndiGo,6E 675,2026-09-19,1,business,,,24260.0,False,08:45,ok,2026-09-18T02:00:58.052659+05:30,2026-09-18_0200IST,airline_direct,IndiGo
DEL,BOM,6E,IndiGo,6E 675,2026-09-19,1,economy,,,6357.0,False,08:45,ok,2026-09-18T02:00:58.052659+05:30,2026-09-18_0200IST,airline_direct,IndiGo
DEL,BOM,6E,IndiGo,6E 6047,2026-09-19,1,business,,,28443.0,False,11:00,ok,2026-09-18T02:00:58.052659+05:30,2026-09-18_0200IST,airline_direct,IndiGo
DEL,BOM,6E,IndiGo,6E 6047,2026-09-19,1,economy,,,6357.0,False,11:00,ok,2026-09-18T02:00:58.052659+05:30,2026-09-18_0200IST,airline_direct,IndiGo
DEL,BOM,6E,IndiGo,6E 6676,2026-09-19,1,business,,,24260.0,False,12:00,ok,2026-09-18T02:00:58.052659+05:30,2026-09-18_0200IST,airline_direct,IndiGo
DEL,BOM,6E,IndiGo,6E 6676,2026-09-19,1,economy,,,6357.0,False,12:00,ok,2026-09-18T02:00:58.052659+05:30,2026-09-18_0200IST,airline_direct,IndiGo
DEL,BOM,6E,IndiGo,6E 324,2026-09-19,1,business,,,24260.0,False,13:00,ok,2026-09-18T02:00:58.052659+05:30,2026-09-18_0200IST,airline_direct,IndiGo
DEL,BOM,6E,IndiGo,6E 324,2026-09-19,1,economy,,,6357.0,False,13:00,ok,2026-09-18T02:00:58.052659+05:30,2026-09-18_0200IST,airline_direct,IndiGo
DEL,BOM,6E,IndiGo,6E 6706,2026-09-19,1,business,,,24260.0,False,17:00,ok,2026-09-18T02:00:58.052659+05:30,2026-09-18_0200IST,airline_direct,IndiGo
DEL,BOM,6E,IndiGo,6E 6706,2026-09-19,1,economy,,,6357.0,False,17:00,ok,2026-09-18T02:00:58.052659+05:30,2026-09-18_0200IST,airline_direct,IndiGo
DEL,BOM,6E,IndiGo,6E 329,2026-09-19,1,business,,,24260.0,False,18:00,ok,2026-09-18T02:00:58.052659+05:30,2026-09-18_0200IST,airline_direct,IndiGo
DEL,BOM,6E,IndiGo,6E 329,2026-09-19,1,economy,,,6357.0,False,18:00,ok,2026-09-18T02:00:58.052659+05:30,2026-09-18_0200IST,airline_direct,IndiGo
DEL,BOM,6E,IndiGo,6E 395,2026-09-19,1,business,,,24260.0,False,21:45,ok,2026-09-18T02:00:58.052659+05:30,2026-09-18_0200IST,airline_direct,IndiGo
DEL,BOM,6E,IndiGo,6E 395,2026-09-19,1,economy,,,6357.0,False,21:45,ok,2026-09-18T02:00:58.052659+05:30,2026-09-18_0200IST,airline_direct,IndiGo
DEL,BOM,6E,IndiGo,6E 354,2026-09-19,1,business,,,28443.0,False,19:00,ok,2026-09-18T02:00:58.052659+05:30,2026-09-18_0200IST,airline_direct,IndiGo
DEL,BOM,6E,IndiGo,6E 354,2026-09-19,1,economy,,,6688.0,False,19:00,ok,2026-09-18T02:00:58.052659+05:30,2026-09-18_0200IST,airline_direct,IndiGo
DEL,BOM,6E,IndiGo,6E 303,2026-09-19,1,business,,,24260.0,False,20:00,ok,2026-09-18T02:00:58.052659+05:30,2026-09-18_0200IST,airline_direct,IndiGo
DEL,BOM,6E,IndiGo,6E 303,2026-09-19,1,economy,,,7318.0,False,20:00,ok,2026-09-18T02:00:58.052659+05:30,2026-09-18_0200IST,airline_direct,IndiGo
DEL,BOM,6E,IndiGo,6E 5119,2026-09-19,1,economy,,,6618.0,False,05:10,ok,2026-09-18T02:00:58.052659+05:30,2026-09-18_0200IST,airline_direct,IndiGo
DEL,BOM,6E,IndiGo,6E 5119,2026-09-19,1,economy,,,6618.0,False,05:10,ok,2026-09-18T02:00:58.052659+05:30,2026-09-18_0200IST,airline_direct,IndiGo
DEL,BOM,6E,IndiGo,6E 6171,2026-09-19,1,economy,,,6618.0,False,05:40,ok,2026-09-18T02:00:58.052659+05:30,2026-09-18_0200IST,airline_direct,IndiGo
DEL,BOM,6E,IndiGo,6E 2341,2026-09-19,1,economy,,,6618.0,False,14:50,ok,2026-09-18T02:00:58.052659+05:30,2026-09-18_0200IST,airline_direct,IndiGo
DEL,BOM,6E,IndiGo,6E 5073,2026-09-19,1,economy,,,6618.0,False,17:05,ok,2026-09-18T02:00:58.052659+05:30,2026-09-18_0200IST,airline_direct,IndiGo
DEL,BOM,6E,IndiGo,6E 5073,2026-09-19,1,economy,,,6618.0,False,17:05,ok,2026-09-18T02:00:58.052659+05:30,2026-09-18_0200IST,airline_direct,IndiGo
DEL,BOM,6E,IndiGo,6E 931,2026-09-19,1,economy,,,6618.0,False,19:35,ok,2026-09-18T02:00:58.052659+05:30,2026-09-18_0200IST,airline_direct,IndiGo
DEL,BOM,6E,IndiGo,6E 6459,2026-09-19,1,economy,,,6750.0,False,05:55,ok,2026-09-18T02:00:58.052659+05:30,2026-09-18_0200IST,airline_direct,IndiGo
DEL,BOM,6E,IndiGo,6E 6433,2026-09-19,1,economy,,,6750.0,False,16:30,ok,2026-09-18T02:00:58.052659+05:30,2026-09-18_0200IST,airline_direct,IndiGo
DEL,BOM,6E,IndiGo,6E 6829,2026-09-19,1,economy,,,6750.0,False,17:20,ok,2026-09-18T02:00:58.052659+05:30,2026-09-18_0200IST,airline_direct,IndiGo
DEL,BOM,6E,IndiGo,6E 6829,2026-09-19,1,economy,,,6750.0,False,17:20,ok,2026-09-18T02:00:58.052659+05:30,2026-09-18_0200IST,airline_direct,IndiGo
DEL,BOM,6E,IndiGo,6E 5138,2026-09-19,1,economy,,,6750.0,False,19:10,ok,2026-09-18T02:00:58.052659+05:30,2026-09-18_0200IST,airline_direct,IndiGo
DEL,BOM,6E,IndiGo,6E 2169,2026-09-19,1,economy,,,6750.0,False,19:40,ok,2026-09-18T02:00:58.052659+05:30,2026-09-18_0200IST,airline_direct,IndiGo
DEL,BOM,6E,IndiGo,6E 6476,2026-09-19,1,economy,,,6828.0,False,07:05,ok,2026-09-18T02:00:58.052659+05:30,2026-09-18_0200IST,airline_direct,IndiGo
DEL,BOM,6E,IndiGo,6E 6050,2026-09-19,1,economy,,,6828.0,False,08:15,ok,2026-09-18T02:00:58.052659+05:30,2026-09-18_0200IST,airline_direct,IndiGo
DEL,BOM,6E,IndiGo,6E 5298,2026-09-19,1,economy,,,6828.0,False,09:00,ok,2026-09-18T02:00:58.052659+05:30,2026-09-18_0200IST,airline_direct,IndiGo
DEL,BOM,6E,IndiGo,6E 2319,2026-09-19,1,economy,,,6828.0,False,09:55,ok,2026-09-18T02:00:58.052659+05:30,2026-09-18_0200IST,airline_direct,IndiGo
DEL,BOM,6E,IndiGo,6E 2147,2026-09-19,1,economy,,,6828.0,False,11:10,ok,2026-09-18T02:00:58.052659+05:30,2026-09-18_0200IST,airline_direct,IndiGo
DEL,BOM,6E,IndiGo,6E 5038,2026-09-19,1,economy,,,6828.0,False,14:00,ok,2026-09-18T02:00:58.052659+05:30,2026-09-18_0200IST,airline_direct,IndiGo
DEL,BOM,6E,IndiGo,6E 2151,2026-09-19,1,economy,,,6828.0,False,19:45,ok,2026-09-18T02:00:58.052659+05:30,2026-09-18_0200IST,airline_direct,IndiGo
DEL,BOM,6E,IndiGo,6E 6479,2026-09-19,1,economy,,,6828.0,False,21:25,ok,2026-09-18T02:00:58.052659+05:30,2026-09-18_0200IST,airline_direct,IndiGo
DEL,BOM,6E,IndiGo,6E 6293,2026-09-19,1,business,,,36166.0,False,09:55,ok,2026-09-18T02:00:58.052659+05:30,2026-09-18_0200IST,airline_direct,IndiGo
DEL,BOM,6E,IndiGo,6E 6293,2026-09-19,1,economy,,,6960.0,False,09:55,ok,2026-09-18T02:00:58.052659+05:30,2026-09-18_0200IST,airline_direct,IndiGo
DEL,BOM,6E,IndiGo,6E 6497,2026-09-19,1,economy,,,6960.0,False,18:40,ok,2026-09-18T02:00:58.052659+05:30,2026-09-18_0200IST,airline_direct,IndiGo
DEL,BOM,6E,IndiGo,6E 882,2026-09-19,1,business,,,29592.0,False,23:15,ok,2026-09-18T02:00:58.052659+05:30,2026-09-18_0200IST,airline_direct,IndiGo
DEL,BOM,6E,IndiGo,6E 882,2026-09-19,1,economy,,,6960.0,False,23:15,ok,2026-09-18T02:00:58.052659+05:30,2026-09-18_0200IST,airline_direct,IndiGo
DEL,BOM,6E,IndiGo,6E 357,2026-09-19,1,business,,,40981.0,False,19:30,ok,2026-09-18T02:00:58.052659+05:30,2026-09-18_0200IST,airline_direct,IndiGo
DEL,BOM,6E,IndiGo,6E 357,2026-09-19,1,economy,,,7038.0,False,19:30,ok,2026-09-18T02:00:58.052659+05:30,2026-09-18_0200IST,airline_direct,IndiGo
DEL,BOM,6E,IndiGo,6E 2076,2026-09-19,1,economy,,,7142.0,False,07:30,ok,2026-09-18T02:00:58.052659+05:30,2026-09-18_0200IST,airline_direct,IndiGo
DEL,BOM,6E,IndiGo,6E 5014,2026-09-19,1,economy,,,7142.0,False,18:30,ok,2026-09-18T02:00:58.052659+05:30,2026-09-18_0200IST,airline_direct,IndiGo
DEL,BOM,6E,IndiGo,6E 5206,2026-09-19,1,economy,,,7352.0,False,13:20,ok,2026-09-18T02:00:58.052659+05:30,2026-09-18_0200IST,airline_direct,IndiGo
DEL,BOM,6E,IndiGo,6E 6443,2026-09-19,1,economy,,,7849.0,False,09:00,ok,2026-09-18T02:00:58.052659+05:30,2026-09-18_0200IST,airline_direct,IndiGo
DEL,BOM,6E,IndiGo,6E 2013,2026-09-19,1,economy,,,8351.0,False,21:50,ok,2026-09-18T02:00:58.052659+05:30,2026-09-18_0200IST,airline_direct,IndiGo
DEL,BOM,6E,IndiGo,6E 704,2026-09-19,1,business,,,36166.0,False,02:25,ok,2026-09-18T02:00:58.052659+05:30,2026-09-18_0200IST,airline_direct,IndiGo
DEL,BOM,6E,IndiGo,6E 704,2026-09-19,1,economy,,,9388.0,False,02:25,ok,2026-09-18T02:00:58.052659+05:30,2026-09-18_0200IST,airline_direct,IndiGo
DEL,BOM,6E,IndiGo,6E 2381,2026-09-19,1,economy,,,10994.0,False,13:45,ok,2026-09-18T02:00:58.052659+05:30,2026-09-18_0200IST,airline_direct,IndiGo
DEL,BOM,6E,IndiGo,6E 2249,2026-09-19,1,economy,,,12389.0,False,15:00,ok,2026-09-18T02:00:58.052659+05:30,2026-09-18_0200IST,airline_direct,IndiGo
DEL,BOM,6E,IndiGo,6E 758,2026-09-19,1,economy,,,12803.0,False,16:10,ok,2026-09-18T02:00:58.052659+05:30,2026-09-18_0200IST,airline_direct,IndiGo
DEL,BOM,6E,IndiGo,6E 6261,2026-09-19,1,economy,,,13427.0,False,00:15,ok,2026-09-18T02:00:58.052659+05:30,2026-09-18_0200IST,airline_direct,IndiGo
DEL,BOM,6E,IndiGo,6E 2331,2026-09-19,1,economy,,,13694.0,False,12:20,ok,2026-09-18T02:00:58.052659+05:30,2026-09-18_0200IST,airline_direct,IndiGo
DEL,BOM,6E,IndiGo,6E 6488,2026-09-19,1,economy,,,13841.0,False,11:20,ok,2026-09-18T02:00:58.052659+05:30,2026-09-18_0200IST,airline_direct,IndiGo
DEL,BOM,6E,IndiGo,6E 2298,2026-09-19,1,economy,,,14109.0,False,09:45,ok,2026-09-18T02:00:58.052659+05:30,2026-09-18_0200IST,airline_direct,IndiGo
DEL,BOM,6E,IndiGo,6E 2496,2026-09-19,1,economy,,,14366.0,False,12:40,ok,2026-09-18T02:00:58.052659+05:30,2026-09-18_0200IST,airline_direct,IndiGo
DEL,BOM,6E,IndiGo,6E 5033,2026-09-19,1,economy,,,14939.0,False,15:50,ok,2026-09-18T02:00:58.052659+05:30,2026-09-18_0200IST,airline_direct,IndiGo
DEL,BOM,6E,IndiGo,6E 705,2026-09-19,1,business,,,36166.0,False,08:30,ok,2026-09-18T02:00:58.052659+05:30,2026-09-18_0200IST,airline_direct,IndiGo
DEL,BOM,6E,IndiGo,6E 705,2026-09-19,1,economy,,,15595.0,False,08:30,ok,2026-09-18T02:00:58.052659+05:30,2026-09-18_0200IST,airline_direct,IndiGo
DEL,BOM,6E,IndiGo,6E 6282,2026-09-19,1,business,,,38630.0,False,13:30,ok,2026-09-18T02:00:58.052659+05:30,2026-09-18_0200IST,airline_direct,IndiGo
DEL,BOM,6E,IndiGo,6E 6282,2026-09-19,1,economy,,,16586.0,False,13:30,ok,2026-09-18T02:00:58.052659+05:30,2026-09-18_0200IST,airline_direct,IndiGo
DEL,BOM,6E,IndiGo,6E 6601,2026-09-19,1,business,,,38630.0,False,19:45,ok,2026-09-18T02:00:58.052659+05:30,2026-09-18_0200IST,airline_direct,IndiGo
DEL,BOM,6E,IndiGo,6E 6601,2026-09-19,1,economy,,,17216.0,False,19:45,ok,2026-09-18T02:00:58.052659+05:30,2026-09-18_0200IST,airline_direct,IndiGo
DEL,BOM,6E,IndiGo,6E 358,2026-09-19,1,business,,,40037.0,False,12:15,ok,2026-09-18T02:00:58.052659+05:30,2026-09-18_0200IST,airline_direct,IndiGo
DEL,BOM,6E,IndiGo,6E 358,2026-09-19,1,economy,,,18194.0,False,12:15,ok,2026-09-18T02:00:58.052659+05:30,2026-09-18_0200IST,airline_direct,IndiGo
DEL,BLR,6E,IndiGo,6E 2314,2026-09-19,1,business,,,29942.0,False,05:45,ok,2026-09-18T02:02:00.233319+05:30,2026-09-18_0202IST,airline_direct,IndiGo
DEL,BLR,6E,IndiGo,6E 2314,2026-09-19,1,economy,,,8671.0,False,05:45,ok,2026-09-18T02:02:00.233319+05:30,2026-09-18_0202IST,airline_direct,IndiGo
DEL,BLR,6E,IndiGo,6E 820,2026-09-19,1,business,,,29942.0,False,03:00,ok,2026-09-18T02:02:00.233319+05:30,2026-09-18_0202IST,airline_direct,IndiGo
DEL,BLR,6E,IndiGo,6E 820,2026-09-19,1,economy,,,9128.0,False,03:00,ok,2026-09-18T02:02:00.233319+05:30,2026-09-18_0202IST,airline_direct,IndiGo
DEL,BLR,6E,IndiGo,6E 873,2026-09-19,1,business,,,29942.0,False,08:20,ok,2026-09-18T02:02:00.233319+05:30,2026-09-18_0202IST,airline_direct,IndiGo
DEL,BLR,6E,IndiGo,6E 873,2026-09-19,1,economy,,,9613.0,False,08:20,ok,2026-09-18T02:02:00.233319+05:30,2026-09-18_0202IST,airline_direct,IndiGo
DEL,BLR,6E,IndiGo,6E 850,2026-09-19,1,business,,,29942.0,False,12:20,ok,2026-09-18T02:02:00.233319+05:30,2026-09-18_0202IST,airline_direct,IndiGo
DEL,BLR,6E,IndiGo,6E 850,2026-09-19,1,economy,,,9613.0,False,12:20,ok,2026-09-18T02:02:00.233319+05:30,2026-09-18_0202IST,airline_direct,IndiGo
DEL,BLR,6E,IndiGo,6E 176,2026-09-19,1,business,,,29942.0,False,13:15,ok,2026-09-18T02:02:00.233319+05:30,2026-09-18_0202IST,airline_direct,IndiGo
DEL,BLR,6E,IndiGo,6E 176,2026-09-19,1,economy,,,9613.0,False,13:15,ok,2026-09-18T02:02:00.233319+05:30,2026-09-18_0202IST,airline_direct,IndiGo
DEL,BLR,6E,IndiGo,6E 837,2026-09-19,1,business,,,29942.0,False,17:00,ok,2026-09-18T02:02:00.233319+05:30,2026-09-18_0202IST,airline_direct,IndiGo
DEL,BLR,6E,IndiGo,6E 837,2026-09-19,1,economy,,,9613.0,False,17:00,ok,2026-09-18T02:02:00.233319+05:30,2026-09-18_0202IST,airline_direct,IndiGo
DEL,BLR,6E,IndiGo,6E 861,2026-09-19,1,business,,,29942.0,False,19:30,ok,2026-09-18T02:02:00.233319+05:30,2026-09-18_0202IST,airline_direct,IndiGo
DEL,BLR,6E,IndiGo,6E 861,2026-09-19,1,economy,,,9613.0,False,19:30,ok,2026-09-18T02:02:00.233319+05:30,2026-09-18_0202IST,airline_direct,IndiGo
DEL,BLR,6E,IndiGo,6E 6515,2026-09-19,1,business,,,29942.0,False,20:45,ok,2026-09-18T02:02:00.233319+05:30,2026-09-18_0202IST,airline_direct,IndiGo
DEL,BLR,6E,IndiGo,6E 6515,2026-09-19,1,economy,,,9613.0,False,20:45,ok,2026-09-18T02:02:00.233319+05:30,2026-09-18_0202IST,airline_direct,IndiGo
DEL,BLR,6E,IndiGo,6E 846,2026-09-19,1,business,,,29942.0,False,22:00,ok,2026-09-18T02:02:00.233319+05:30,2026-09-18_0202IST,airline_direct,IndiGo
DEL,BLR,6E,IndiGo,6E 846,2026-09-19,1,economy,,,9613.0,False,22:00,ok,2026-09-18T02:02:00.233319+05:30,2026-09-18_0202IST,airline_direct,IndiGo
DEL,BLR,6E,IndiGo,6E 826,2026-09-19,1,business,,,29942.0,False,09:30,ok,2026-09-18T02:02:00.233319+05:30,2026-09-18_0202IST,airline_direct,IndiGo
DEL,BLR,6E,IndiGo,6E 826,2026-09-19,1,economy,,,10128.0,False,09:30,ok,2026-09-18T02:02:00.233319+05:30,2026-09-18_0202IST,airline_direct,IndiGo
DEL,BLR,6E,IndiGo,6E 828,2026-09-19,1,business,,,29942.0,False,14:30,ok,2026-09-18T02:02:00.233319+05:30,2026-09-18_0202IST,airline_direct,IndiGo
DEL,BLR,6E,IndiGo,6E 828,2026-09-19,1,economy,,,10128.0,False,14:30,ok,2026-09-18T02:02:00.233319+05:30,2026-09-18_0202IST,airline_direct,IndiGo
DEL,BLR,6E,IndiGo,6E 880,2026-09-19,1,business,,,31228.0,False,15:45,ok,2026-09-18T02:02:00.233319+05:30,2026-09-18_0202IST,airline_direct,IndiGo
DEL,BLR,6E,IndiGo,6E 880,2026-09-19,1,economy,,,10128.0,False,15:45,ok,2026-09-18T02:02:00.233319+05:30,2026-09-18_0202IST,airline_direct,IndiGo
DEL,BLR,6E,IndiGo,6E 811,2026-09-19,1,business,,,29942.0,False,18:20,ok,2026-09-18T02:02:00.233319+05:30,2026-09-18_0202IST,airline_direct,IndiGo
DEL,BLR,6E,IndiGo,6E 811,2026-09-19,1,economy,,,10128.0,False,18:20,ok,2026-09-18T02:02:00.233319+05:30,2026-09-18_0202IST,airline_direct,IndiGo
DEL,BLR,6E,IndiGo,6E 810,2026-09-19,1,business,,,29942.0,False,07:05,ok,2026-09-18T02:02:00.233319+05:30,2026-09-18_0202IST,airline_direct,IndiGo
DEL,BLR,6E,IndiGo,6E 810,2026-09-19,1,economy,,,11257.0,False,07:05,ok,2026-09-18T02:02:00.233319+05:30,2026-09-18_0202IST,airline_direct,IndiGo
DEL,BLR,6E,IndiGo,6E 842,2026-09-19,1,business,,,29942.0,False,10:45,ok,2026-09-18T02:02:00.233319+05:30,2026-09-18_0202IST,airline_direct,IndiGo
DEL,BLR,6E,IndiGo,6E 842,2026-09-19,1,economy,,,11257.0,False,10:45,ok,2026-09-18T02:02:00.233319+05:30,2026-09-18_0202IST,airline_direct,IndiGo
DEL,BLR,6E,IndiGo,6E 6476,2026-09-19,1,economy,,,9684.0,False,07:05,ok,2026-09-18T02:02:00.233319+05:30,2026-09-18_0202IST,airline_direct,IndiGo
DEL,BLR,6E,IndiGo,6E 6282,2026-09-19,1,business,,,32599.0,False,13:30,ok,2026-09-18T02:02:00.233319+05:30,2026-09-18_0202IST,airline_direct,IndiGo
DEL,BLR,6E,IndiGo,6E 6282,2026-09-19,1,economy,,,9946.0,False,13:30,ok,2026-09-18T02:02:00.233319+05:30,2026-09-18_0202IST,airline_direct,IndiGo
DEL,BLR,6E,IndiGo,6E 6217,2026-09-19,1,business,,,31793.0,False,16:15,ok,2026-09-18T02:02:00.233319+05:30,2026-09-18_0202IST,airline_direct,IndiGo
DEL,BLR,6E,IndiGo,6E 6217,2026-09-19,1,economy,,,9946.0,False,16:15,ok,2026-09-18T02:02:00.233319+05:30,2026-09-18_0202IST,airline_direct,IndiGo
DEL,BLR,6E,IndiGo,6E 717,2026-09-19,1,business,,,31064.0,False,17:55,ok,2026-09-18T02:02:00.233319+05:30,2026-09-18_0202IST,airline_direct,IndiGo
DEL,BLR,6E,IndiGo,6E 717,2026-09-19,1,economy,,,9946.0,False,17:55,ok,2026-09-18T02:02:00.233319+05:30,2026-09-18_0202IST,airline_direct,IndiGo
DEL,BLR,6E,IndiGo,6E 2151,2026-09-19,1,economy,,,10036.0,False,19:45,ok,2026-09-18T02:02:00.233319+05:30,2026-09-18_0202IST,airline_direct,IndiGo
DEL,BLR,6E,IndiGo,6E 5119,2026-09-19,1,economy,,,10077.0,False,05:10,ok,2026-09-18T02:02:00.233319+05:30,2026-09-18_0202IST,airline_direct,IndiGo
DEL,BLR,6E,IndiGo,6E 6459,2026-09-19,1,economy,,,10077.0,False,05:55,ok,2026-09-18T02:02:00.233319+05:30,2026-09-18_0202IST,airline_direct,IndiGo
DEL,BLR,6E,IndiGo,6E 6470,2026-09-19,1,economy,,,10077.0,False,06:55,ok,2026-09-18T02:02:00.233319+05:30,2026-09-18_0202IST,airline_direct,IndiGo
DEL,BLR,6E,IndiGo,6E 6022,2026-09-19,1,business,,,40536.0,False,14:00,ok,2026-09-18T02:02:00.233319+05:30,2026-09-18_0202IST,airline_direct,IndiGo
DEL,BLR,6E,IndiGo,6E 6022,2026-09-19,1,economy,,,10077.0,False,14:00,ok,2026-09-18T02:02:00.233319+05:30,2026-09-18_0202IST,airline_direct,IndiGo
DEL,BLR,6E,IndiGo,6E 5073,2026-09-19,1,economy,,,10077.0,False,17:05,ok,2026-09-18T02:02:00.233319+05:30,2026-09-18_0202IST,airline_direct,IndiGo
DEL,BLR,6E,IndiGo,6E 6829,2026-09-19,1,economy,,,10077.0,False,17:20,ok,2026-09-18T02:02:00.233319+05:30,2026-09-18_0202IST,airline_direct,IndiGo
DEL,BLR,6E,IndiGo,6E 329,2026-09-19,1,business,,,40536.0,False,18:00,ok,2026-09-18T02:02:00.233319+05:30,2026-09-18_0202IST,airline_direct,IndiGo
DEL,BLR,6E,IndiGo,6E 329,2026-09-19,1,economy,,,10077.0,False,18:00,ok,2026-09-18T02:02:00.233319+05:30,2026-09-18_0202IST,airline_direct,IndiGo
DEL,BLR,6E,IndiGo,6E 6179,2026-09-19,1,economy,,,10077.0,False,18:30,ok,2026-09-18T02:02:00.233319+05:30,2026-09-18_0202IST,airline_direct,IndiGo
DEL,BLR,6E,IndiGo,6E 931,2026-09-19,1,economy,,,10077.0,False,19:35,ok,2026-09-18T02:02:00.233319+05:30,2026-09-18_0202IST,airline_direct,IndiGo
DEL,BLR,6E,IndiGo,6E 6673,2026-09-19,1,business,,,26012.0,False,21:15,ok,2026-09-18T02:02:00.233319+05:30,2026-09-18_0202IST,airline_direct,IndiGo
DEL,BLR,6E,IndiGo,6E 6673,2026-09-19,1,economy,,,10077.0,False,21:15,ok,2026-09-18T02:02:00.233319+05:30,2026-09-18_0202IST,airline_direct,IndiGo
DEL,BLR,6E,IndiGo,6E 2618,2026-09-19,1,business,,,26012.0,False,23:00,ok,2026-09-18T02:02:00.233319+05:30,2026-09-18_0202IST,airline_direct,IndiGo
DEL,BLR,6E,IndiGo,6E 2618,2026-09-19,1,economy,,,10077.0,False,23:00,ok,2026-09-18T02:02:00.233319+05:30,2026-09-18_0202IST,airline_direct,IndiGo
DEL,BLR,6E,IndiGo,6E 434,2026-09-19,1,business,,,31327.0,False,11:00,ok,2026-09-18T02:02:00.233319+05:30,2026-09-18_0202IST,airline_direct,IndiGo
DEL,BLR,6E,IndiGo,6E 434,2026-09-19,1,economy,,,10156.0,False,11:00,ok,2026-09-18T02:02:00.233319+05:30,2026-09-18_0202IST,airline_direct,IndiGo
DEL,BLR,6E,IndiGo,6E 6115,2026-09-19,1,business,,,31327.0,False,13:10,ok,2026-09-18T02:02:00.233319+05:30,2026-09-18_0202IST,airline_direct,IndiGo
DEL,BLR,6E,IndiGo,6E 6115,2026-09-19,1,economy,,,10156.0,False,13:10,ok,2026-09-18T02:02:00.233319+05:30,2026-09-18_0202IST,airline_direct,IndiGo
DEL,BLR,6E,IndiGo,6E 5033,2026-09-19,1,economy,,,10156.0,False,15:50,ok,2026-09-18T02:02:00.233319+05:30,2026-09-18_0202IST,airline_direct,IndiGo
DEL,BLR,6E,IndiGo,6E 947,2026-09-19,1,business,,,31327.0,False,16:40,ok,2026-09-18T02:02:00.233319+05:30,2026-09-18_0202IST,airline_direct,IndiGo
DEL,BLR,6E,IndiGo,6E 947,2026-09-19,1,economy,,,10156.0,False,16:40,ok,2026-09-18T02:02:00.233319+05:30,2026-09-18_0202IST,airline_direct,IndiGo
DEL,BLR,6E,IndiGo,6E 6632,2026-09-19,1,economy,,,10156.0,False,17:50,ok,2026-09-18T02:02:00.233319+05:30,2026-09-18_0202IST,airline_direct,IndiGo
DEL,BLR,6E,IndiGo,6E 6497,2026-09-19,1,economy,,,10287.0,False,18:40,ok,2026-09-18T02:02:00.233319+05:30,2026-09-18_0202IST,airline_direct,IndiGo
DEL,BLR,6E,IndiGo,6E 5001,2026-09-19,1,economy,,,10314.0,False,17:10,ok,2026-09-18T02:02:00.233319+05:30,2026-09-18_0202IST,airline_direct,IndiGo
DEL,BLR,6E,IndiGo,6E 5191,2026-09-19,1,business,,,34880.0,False,05:00,ok,2026-09-18T02:02:00.233319+05:30,2026-09-18_0202IST,airline_direct,IndiGo
DEL,BLR,6E,IndiGo,6E 5191,2026-09-19,1,economy,,,10497.0,False,05:00,ok,2026-09-18T02:02:00.233319+05:30,2026-09-18_0202IST,airline_direct,IndiGo
DEL,BLR,6E,IndiGo,6E 513,2026-09-19,1,business,,,34880.0,False,08:30,ok,2026-09-18T02:02:00.233319+05:30,2026-09-18_0202IST,airline_direct,IndiGo
DEL,BLR,6E,IndiGo,6E 513,2026-09-19,1,economy,,,10497.0,False,08:30,ok,2026-09-18T02:02:00.233319+05:30,2026-09-18_0202IST,airline_direct,IndiGo
DEL,BLR,6E,IndiGo,6E 6217,2026-09-19,1,business,,,31064.0,False,16:15,ok,2026-09-18T02:02:00.233319+05:30,2026-09-18_0202IST,airline_direct,IndiGo
DEL,BLR,6E,IndiGo,6E 6217,2026-09-19,1,economy,,,10720.0,False,16:15,ok,2026-09-18T02:02:00.233319+05:30,2026-09-18_0202IST,airline_direct,IndiGo
DEL,BLR,6E,IndiGo,6E 940,2026-09-19,1,business,,,31327.0,False,09:15,ok,2026-09-18T02:02:00.233319+05:30,2026-09-18_0202IST,airline_direct,IndiGo
DEL,BLR,6E,IndiGo,6E 940,2026-09-19,1,economy,,,10930.0,False,09:15,ok,2026-09-18T02:02:00.233319+05:30,2026-09-18_0202IST,airline_direct,IndiGo
DEL,BLR,6E,IndiGo,6E 2343,2026-09-19,1,business,,,26644.0,False,02:20,ok,2026-09-18T02:02:00.233319+05:30,2026-09-18_0202IST,airline_direct,IndiGo
DEL,BLR,6E,IndiGo,6E 2343,2026-09-19,1,economy,,,11261.0,False,02:20,ok,2026-09-18T02:02:00.233319+05:30,2026-09-18_0202IST,airline_direct,IndiGo
DEL,BLR,6E,IndiGo,6E 6437,2026-09-19,1,business,,,26160.0,False,16:25,ok,2026-09-18T02:02:00.233319+05:30,2026-09-18_0202IST,airline_direct,IndiGo
DEL,BLR,6E,IndiGo,6E 6437,2026-09-19,1,economy,,,11705.0,False,16:25,ok,2026-09-18T02:02:00.233319+05:30,2026-09-18_0202IST,airline_direct,IndiGo
DEL,BLR,6E,IndiGo,6E 6293,2026-09-19,1,business,,,34468.0,False,09:55,ok,2026-09-18T02:02:00.233319+05:30,2026-09-18_0202IST,airline_direct,IndiGo
DEL,BLR,6E,IndiGo,6E 6293,2026-09-19,1,economy,,,12489.0,False,09:55,ok,2026-09-18T02:02:00.233319+05:30,2026-09-18_0202IST,airline_direct,IndiGo
DEL,BLR,6E,IndiGo,6E 2277,2026-09-19,1,business,,,35584.0,False,10:25,ok,2026-09-18T02:02:00.233319+05:30,2026-09-18_0202IST,airline_direct,IndiGo
DEL,BLR,6E,IndiGo,6E 2277,2026-09-19,1,economy,,,12699.0,False,10:25,ok,2026-09-18T02:02:00.233319+05:30,2026-09-18_0202IST,airline_direct,IndiGo
DEL,BLR,6E,IndiGo,6E 320,2026-09-19,1,business,,,44135.0,False,08:00,ok,2026-09-18T02:02:00.233319+05:30,2026-09-18_0202IST,airline_direct,IndiGo
DEL,BLR,6E,IndiGo,6E 320,2026-09-19,1,economy,,,13480.0,False,08:00,ok,2026-09-18T02:02:00.233319+05:30,2026-09-18_0202IST,airline_direct,IndiGo
DEL,BLR,6E,IndiGo,6E 6047,2026-09-19,1,business,,,44135.0,False,11:00,ok,2026-09-18T02:02:00.233319+05:30,2026-09-18_0202IST,airline_direct,IndiGo
DEL,BLR,6E,IndiGo,6E 6047,2026-09-19,1,economy,,,13480.0,False,11:00,ok,2026-09-18T02:02:00.233319+05:30,2026-09-18_0202IST,airline_direct,IndiGo
DEL,BLR,6E,IndiGo,6E 884,2026-09-19,1,business,,,34468.0,False,11:45,ok,2026-09-18T02:02:00.233319+05:30,2026-09-18_0202IST,airline_direct,IndiGo
DEL,BLR,6E,IndiGo,6E 884,2026-09-19,1,economy,,,13499.0,False,11:45,ok,2026-09-18T02:02:00.233319+05:30,2026-09-18_0202IST,airline_direct,IndiGo
DEL,BLR,6E,IndiGo,6E 6091,2026-09-19,1,business,,,32460.0,False,15:15,ok,2026-09-18T02:02:00.233319+05:30,2026-09-18_0202IST,airline_direct,IndiGo
DEL,BLR,6E,IndiGo,6E 6091,2026-09-19,1,economy,,,13768.0,False,15:15,ok,2026-09-18T02:02:00.233319+05:30,2026-09-18_0202IST,airline_direct,IndiGo
DEL,BLR,6E,IndiGo,6E 5038,2026-09-19,1,economy,,,14005.0,False,14:00,ok,2026-09-18T02:02:00.233319+05:30,2026-09-18_0202IST,airline_direct,IndiGo
DEL,BLR,6E,IndiGo,6E 6706,2026-09-19,1,business,,,40536.0,False,17:00,ok,2026-09-18T02:02:00.233319+05:30,2026-09-18_0202IST,airline_direct,IndiGo
DEL,BLR,6E,IndiGo,6E 6706,2026-09-19,1,economy,,,14215.0,False,17:00,ok,2026-09-18T02:02:00.233319+05:30,2026-09-18_0202IST,airline_direct,IndiGo
DEL,BLR,6E,IndiGo,6E 329,2026-09-19,1,business,,,40536.0,False,18:00,ok,2026-09-18T02:02:00.233319+05:30,2026-09-18_0202IST,airline_direct,IndiGo
DEL,BLR,6E,IndiGo,6E 329,2026-09-19,1,economy,,,14215.0,False,18:00,ok,2026-09-18T02:02:00.233319+05:30,2026-09-18_0202IST,airline_direct,IndiGo
DEL,BLR,6E,IndiGo,6E 704,2026-09-19,1,business,,,33488.0,False,02:25,ok,2026-09-18T02:02:00.233319+05:30,2026-09-18_0202IST,airline_direct,IndiGo
DEL,BLR,6E,IndiGo,6E 704,2026-09-19,1,economy,,,14603.0,False,02:25,ok,2026-09-18T02:02:00.233319+05:30,2026-09-18_0202IST,airline_direct,IndiGo
DEL,BLR,6E,IndiGo,6E 2557,2026-09-19,1,economy,,,15837.0,False,15:20,ok,2026-09-18T02:02:00.233319+05:30,2026-09-18_0202IST,airline_direct,IndiGo
DEL,BLR,6E,IndiGo,6E 2262,2026-09-19,1,business,,,32264.0,False,06:10,ok,2026-09-18T02:02:00.233319+05:30,2026-09-18_0202IST,airline_direct,IndiGo
DEL,BLR,6E,IndiGo,6E 2262,2026-09-19,1,economy,,,16612.0,False,06:10,ok,2026-09-18T02:02:00.233319+05:30,2026-09-18_0202IST,airline_direct,IndiGo
DEL,BLR,6E,IndiGo,6E 950,2026-09-19,1,business,,,31327.0,False,18:15,ok,2026-09-18T02:02:00.233319+05:30,2026-09-18_0202IST,airline_direct,IndiGo
DEL,BLR,6E,IndiGo,6E 950,2026-09-19,1,economy,,,17337.0,False,18:15,ok,2026-09-18T02:02:00.233319+05:30,2026-09-18_0202IST,airline_direct,IndiGo
DEL,BLR,6E,IndiGo,6E 6488,2026-09-19,1,economy,,,17584.0,False,11:20,ok,2026-09-18T02:02:00.233319+05:30,2026-09-18_0202IST,airline_direct,IndiGo
DEL,BLR,6E,IndiGo,6E 705,2026-09-19,1,business,,,35550.0,False,08:30,ok,2026-09-18T02:02:00.233319+05:30,2026-09-18_0202IST,airline_direct,IndiGo
DEL,BLR,6E,IndiGo,6E 705,2026-09-19,1,economy,,,19456.0,False,08:30,ok,2026-09-18T02:02:00.233319+05:30,2026-09-18_0202IST,airline_direct,IndiGo
DEL,BLR,6E,IndiGo,6E 758,2026-09-19,1,economy,,,24179.0,False,16:10,ok,2026-09-18T02:02:00.233319+05:30,2026-09-18_0202IST,airline_direct,IndiGo
BOM,BLR,6E,IndiGo,6E 5323,2026-09-19,1,business,,,22488.0,False,01:10,ok,2026-09-18T02:02:59.335208+05:30,2026-09-18_0202IST,airline_direct,IndiGo
BOM,BLR,6E,IndiGo,6E 5323,2026-09-19,1,economy,,,6651.0,False,01:10,ok,2026-09-18T02:02:59.335208+05:30,2026-09-18_0202IST,airline_direct,IndiGo
BOM,BLR,6E,IndiGo,6E 5294,2026-09-19,1,business,,,22488.0,False,04:30,ok,2026-09-18T02:02:59.335208+05:30,2026-09-18_0202IST,airline_direct,IndiGo
BOM,BLR,6E,IndiGo,6E 5294,2026-09-19,1,economy,,,6651.0,False,04:30,ok,2026-09-18T02:02:59.335208+05:30,2026-09-18_0202IST,airline_direct,IndiGo
BOM,BLR,6E,IndiGo,6E 5296,2026-09-19,1,business,,,22488.0,False,06:30,ok,2026-09-18T02:02:59.335208+05:30,2026-09-18_0202IST,airline_direct,IndiGo
BOM,BLR,6E,IndiGo,6E 5296,2026-09-19,1,economy,,,6747.0,False,06:30,ok,2026-09-18T02:02:59.335208+05:30,2026-09-18_0202IST,airline_direct,IndiGo
BOM,BLR,6E,IndiGo,6E 5092,2026-09-19,1,business,,,22488.0,False,09:50,ok,2026-09-18T02:02:59.335208+05:30,2026-09-18_0202IST,airline_direct,IndiGo
BOM,BLR,6E,IndiGo,6E 5092,2026-09-19,1,economy,,,6747.0,False,09:50,ok,2026-09-18T02:02:59.335208+05:30,2026-09-18_0202IST,airline_direct,IndiGo
BOM,BLR,6E,IndiGo,6E 5047,2026-09-19,1,business,,,22488.0,False,18:30,ok,2026-09-18T02:02:59.335208+05:30,2026-09-18_0202IST,airline_direct,IndiGo
BOM,BLR,6E,IndiGo,6E 5047,2026-09-19,1,economy,,,6747.0,False,18:30,ok,2026-09-18T02:02:59.335208+05:30,2026-09-18_0202IST,airline_direct,IndiGo
BOM,BLR,6E,IndiGo,6E 5388,2026-09-19,1,business,,,22488.0,False,22:20,ok,2026-09-18T02:02:59.335208+05:30,2026-09-18_0202IST,airline_direct,IndiGo
BOM,BLR,6E,IndiGo,6E 5388,2026-09-19,1,economy,,,6747.0,False,22:20,ok,2026-09-18T02:02:59.335208+05:30,2026-09-18_0202IST,airline_direct,IndiGo
BOM,BLR,6E,IndiGo,6E 5193,2026-09-19,1,economy,,,7062.0,False,08:05,ok,2026-09-18T02:02:59.335208+05:30,2026-09-18_0202IST,airline_direct,IndiGo
BOM,BLR,6E,IndiGo,6E 5217,2026-09-19,1,business,,,22488.0,False,11:00,ok,2026-09-18T02:02:59.335208+05:30,2026-09-18_0202IST,airline_direct,IndiGo
BOM,BLR,6E,IndiGo,6E 5217,2026-09-19,1,economy,,,7062.0,False,11:00,ok,2026-09-18T02:02:59.335208+05:30,2026-09-18_0202IST,airline_direct,IndiGo
BOM,BLR,6E,IndiGo,6E 5184,2026-09-19,1,business,,,22488.0,False,12:30,ok,2026-09-18T02:02:59.335208+05:30,2026-09-18_0202IST,airline_direct,IndiGo
BOM,BLR,6E,IndiGo,6E 5184,2026-09-19,1,economy,,,7062.0,False,12:30,ok,2026-09-18T02:02:59.335208+05:30,2026-09-18_0202IST,airline_direct,IndiGo
BOM,BLR,6E,IndiGo,6E 5071,2026-09-19,1,business,,,22488.0,False,15:35,ok,2026-09-18T02:02:59.335208+05:30,2026-09-18_0202IST,airline_direct,IndiGo
BOM,BLR,6E,IndiGo,6E 5071,2026-09-19,1,economy,,,7062.0,False,15:35,ok,2026-09-18T02:02:59.335208+05:30,2026-09-18_0202IST,airline_direct,IndiGo
BOM,BLR,6E,IndiGo,6E 5221,2026-09-19,1,business,,,22488.0,False,17:00,ok,2026-09-18T02:02:59.335208+05:30,2026-09-18_0202IST,airline_direct,IndiGo
BOM,BLR,6E,IndiGo,6E 5221,2026-09-19,1,economy,,,7062.0,False,17:00,ok,2026-09-18T02:02:59.335208+05:30,2026-09-18_0202IST,airline_direct,IndiGo
BOM,BLR,6E,IndiGo,6E 5382,2026-09-19,1,business,,,22488.0,False,14:30,ok,2026-09-18T02:02:59.335208+05:30,2026-09-18_0202IST,airline_direct,IndiGo
BOM,BLR,6E,IndiGo,6E 5382,2026-09-19,1,economy,,,7377.0,False,14:30,ok,2026-09-18T02:02:59.335208+05:30,2026-09-18_0202IST,airline_direct,IndiGo
BOM,BLR,6E,IndiGo,6E 6188,2026-09-19,1,business,,,22488.0,False,21:30,ok,2026-09-18T02:02:59.335208+05:30,2026-09-18_0202IST,airline_direct,IndiGo
BOM,BLR,6E,IndiGo,6E 6188,2026-09-19,1,economy,,,7797.0,False,21:30,ok,2026-09-18T02:02:59.335208+05:30,2026-09-18_0202IST,airline_direct,IndiGo
BOM,BLR,6E,IndiGo,6E 6361,2026-09-19,1,economy,,,7243.0,False,05:00,ok,2026-09-18T02:02:59.335208+05:30,2026-09-18_0202IST,airline_direct,IndiGo
BOM,BLR,6E,IndiGo,6E 261,2026-09-19,1,economy,,,7243.0,False,11:20,ok,2026-09-18T02:02:59.335208+05:30,2026-09-18_0202IST,airline_direct,IndiGo
BOM,BLR,6E,IndiGo,6E 230,2026-09-19,1,economy,,,7243.0,False,13:55,ok,2026-09-18T02:02:59.335208+05:30,2026-09-18_0202IST,airline_direct,IndiGo
BOM,BLR,6E,IndiGo,6E 5241,2026-09-19,1,economy,,,7243.0,False,16:40,ok,2026-09-18T02:02:59.335208+05:30,2026-09-18_0202IST,airline_direct,IndiGo
BOM,BLR,6E,IndiGo,6E 5241,2026-09-19,1,economy,,,7243.0,False,16:40,ok,2026-09-18T02:02:59.335208+05:30,2026-09-18_0202IST,airline_direct,IndiGo
BOM,BLR,6E,IndiGo,6E 6057,2026-09-19,1,economy,,,7374.0,False,09:15,ok,2026-09-18T02:02:59.335208+05:30,2026-09-18_0202IST,airline_direct,IndiGo
BOM,BLR,6E,IndiGo,6E 5386,2026-09-19,1,business,,,28258.0,False,15:10,ok,2026-09-18T02:02:59.335208+05:30,2026-09-18_0202IST,airline_direct,IndiGo
BOM,BLR,6E,IndiGo,6E 5386,2026-09-19,1,economy,,,7374.0,False,15:10,ok,2026-09-18T02:02:59.335208+05:30,2026-09-18_0202IST,airline_direct,IndiGo
BOM,BLR,6E,IndiGo,6E 5386,2026-09-19,1,business,,,27453.0,False,15:10,ok,2026-09-18T02:02:59.335208+05:30,2026-09-18_0202IST,airline_direct,IndiGo
BOM,BLR,6E,IndiGo,6E 5386,2026-09-19,1,economy,,,7374.0,False,15:10,ok,2026-09-18T02:02:59.335208+05:30,2026-09-18_0202IST,airline_direct,IndiGo
BOM,BLR,6E,IndiGo,6E 5386,2026-09-19,1,business,,,26723.0,False,15:10,ok,2026-09-18T02:02:59.335208+05:30,2026-09-18_0202IST,airline_direct,IndiGo
BOM,BLR,6E,IndiGo,6E 5386,2026-09-19,1,economy,,,7374.0,False,15:10,ok,2026-09-18T02:02:59.335208+05:30,2026-09-18_0202IST,airline_direct,IndiGo
BOM,BLR,6E,IndiGo,6E 5228,2026-09-19,1,business,,,27453.0,False,16:45,ok,2026-09-18T02:02:59.335208+05:30,2026-09-18_0202IST,airline_direct,IndiGo
BOM,BLR,6E,IndiGo,6E 5228,2026-09-19,1,economy,,,7374.0,False,16:45,ok,2026-09-18T02:02:59.335208+05:30,2026-09-18_0202IST,airline_direct,IndiGo
BOM,BLR,6E,IndiGo,6E 5228,2026-09-19,1,business,,,26723.0,False,16:45,ok,2026-09-18T02:02:59.335208+05:30,2026-09-18_0202IST,airline_direct,IndiGo
BOM,BLR,6E,IndiGo,6E 5228,2026-09-19,1,economy,,,7374.0,False,16:45,ok,2026-09-18T02:02:59.335208+05:30,2026-09-18_0202IST,airline_direct,IndiGo
BOM,BLR,6E,IndiGo,6E 136,2026-09-19,1,business,,,26046.0,False,04:05,ok,2026-09-18T02:02:59.335208+05:30,2026-09-18_0202IST,airline_direct,IndiGo
BOM,BLR,6E,IndiGo,6E 136,2026-09-19,1,economy,,,7584.0,False,04:05,ok,2026-09-18T02:02:59.335208+05:30,2026-09-18_0202IST,airline_direct,IndiGo
BOM,BLR,6E,IndiGo,6E 136,2026-09-19,1,business,,,26046.0,False,04:05,ok,2026-09-18T02:02:59.335208+05:30,2026-09-18_0202IST,airline_direct,IndiGo
BOM,BLR,6E,IndiGo,6E 136,2026-09-19,1,economy,,,7584.0,False,04:05,ok,2026-09-18T02:02:59.335208+05:30,2026-09-18_0202IST,airline_direct,IndiGo
BOM,BLR,6E,IndiGo,6E 136,2026-09-19,1,business,,,26046.0,False,04:05,ok,2026-09-18T02:02:59.335208+05:30,2026-09-18_0202IST,airline_direct,IndiGo
BOM,BLR,6E,IndiGo,6E 136,2026-09-19,1,economy,,,7584.0,False,04:05,ok,2026-09-18T02:02:59.335208+05:30,2026-09-18_0202IST,airline_direct,IndiGo
BOM,BLR,6E,IndiGo,6E 6701,2026-09-19,1,economy,,,7584.0,False,05:35,ok,2026-09-18T02:02:59.335208+05:30,2026-09-18_0202IST,airline_direct,IndiGo
BOM,BLR,6E,IndiGo,6E 6701,2026-09-19,1,economy,,,7584.0,False,05:35,ok,2026-09-18T02:02:59.335208+05:30,2026-09-18_0202IST,airline_direct,IndiGo
BOM,BLR,6E,IndiGo,6E 5188,2026-09-19,1,business,,,26046.0,False,06:15,ok,2026-09-18T02:02:59.335208+05:30,2026-09-18_0202IST,airline_direct,IndiGo
BOM,BLR,6E,IndiGo,6E 5188,2026-09-19,1,economy,,,7584.0,False,06:15,ok,2026-09-18T02:02:59.335208+05:30,2026-09-18_0202IST,airline_direct,IndiGo
BOM,BLR,6E,IndiGo,6E 5204,2026-09-19,1,business,,,26046.0,False,08:15,ok,2026-09-18T02:02:59.335208+05:30,2026-09-18_0202IST,airline_direct,IndiGo
BOM,BLR,6E,IndiGo,6E 5204,2026-09-19,1,economy,,,7584.0,False,08:15,ok,2026-09-18T02:02:59.335208+05:30,2026-09-18_0202IST,airline_direct,IndiGo
BOM,BLR,6E,IndiGo,6E 5109,2026-09-19,1,economy,,,7584.0,False,09:35,ok,2026-09-18T02:02:59.335208+05:30,2026-09-18_0202IST,airline_direct,IndiGo
BOM,BLR,6E,IndiGo,6E 5313,2026-09-19,1,business,,,26046.0,False,09:50,ok,2026-09-18T02:02:59.335208+05:30,2026-09-18_0202IST,airline_direct,IndiGo
BOM,BLR,6E,IndiGo,6E 5313,2026-09-19,1,economy,,,7584.0,False,09:50,ok,2026-09-18T02:02:59.335208+05:30,2026-09-18_0202IST,airline_direct,IndiGo
BOM,BLR,6E,IndiGo,6E 5313,2026-09-19,1,business,,,26046.0,False,09:50,ok,2026-09-18T02:02:59.335208+05:30,2026-09-18_0202IST,airline_direct,IndiGo
BOM,BLR,6E,IndiGo,6E 5313,2026-09-19,1,economy,,,7584.0,False,09:50,ok,2026-09-18T02:02:59.335208+05:30,2026-09-18_0202IST,airline_direct,IndiGo
BOM,BLR,6E,IndiGo,6E 6349,2026-09-19,1,business,,,26046.0,False,11:40,ok,2026-09-18T02:02:59.335208+05:30,2026-09-18_0202IST,airline_direct,IndiGo
BOM,BLR,6E,IndiGo,6E 6349,2026-09-19,1,economy,,,7584.0,False,11:40,ok,2026-09-18T02:02:59.335208+05:30,2026-09-18_0202IST,airline_direct,IndiGo
BOM,BLR,6E,IndiGo,6E 6349,2026-09-19,1,business,,,26046.0,False,11:40,ok,2026-09-18T02:02:59.335208+05:30,2026-09-18_0202IST,airline_direct,IndiGo
BOM,BLR,6E,IndiGo,6E 6349,2026-09-19,1,economy,,,7584.0,False,11:40,ok,2026-09-18T02:02:59.335208+05:30,2026-09-18_0202IST,airline_direct,IndiGo
BOM,BLR,6E,IndiGo,6E 2284,2026-09-19,1,economy,,,7584.0,False,12:05,ok,2026-09-18T02:02:59.335208+05:30,2026-09-18_0202IST,airline_direct,IndiGo
BOM,BLR,6E,IndiGo,6E 673,2026-09-19,1,economy,,,7584.0,False,12:35,ok,2026-09-18T02:02:59.335208+05:30,2026-09-18_0202IST,airline_direct,IndiGo
BOM,BLR,6E,IndiGo,6E 5337,2026-09-19,1,business,,,26046.0,False,13:45,ok,2026-09-18T02:02:59.335208+05:30,2026-09-18_0202IST,airline_direct,IndiGo
BOM,BLR,6E,IndiGo,6E 5337,2026-09-19,1,economy,,,7584.0,False,13:45,ok,2026-09-18T02:02:59.335208+05:30,2026-09-18_0202IST,airline_direct,IndiGo
BOM,BLR,6E,IndiGo,6E 5337,2026-09-19,1,business,,,27179.0,False,13:45,ok,2026-09-18T02:02:59.335208+05:30,2026-09-18_0202IST,airline_direct,IndiGo
BOM,BLR,6E,IndiGo,6E 5337,2026-09-19,1,economy,,,7584.0,False,13:45,ok,2026-09-18T02:02:59.335208+05:30,2026-09-18_0202IST,airline_direct,IndiGo
BOM,BLR,6E,IndiGo,6E 5196,2026-09-19,1,business,,,27179.0,False,15:25,ok,2026-09-18T02:02:59.335208+05:30,2026-09-18_0202IST,airline_direct,IndiGo
BOM,BLR,6E,IndiGo,6E 5196,2026-09-19,1,economy,,,7584.0,False,15:25,ok,2026-09-18T02:02:59.335208+05:30,2026-09-18_0202IST,airline_direct,IndiGo
BOM,BLR,6E,IndiGo,6E 5196,2026-09-19,1,business,,,26046.0,False,15:25,ok,2026-09-18T02:02:59.335208+05:30,2026-09-18_0202IST,airline_direct,IndiGo
BOM,BLR,6E,IndiGo,6E 5196,2026-09-19,1,economy,,,7584.0,False,15:25,ok,2026-09-18T02:02:59.335208+05:30,2026-09-18_0202IST,airline_direct,IndiGo
BOM,BLR,6E,IndiGo,6E 240,2026-09-19,1,economy,,,7584.0,False,15:45,ok,2026-09-18T02:02:59.335208+05:30,2026-09-18_0202IST,airline_direct,IndiGo
BOM,BLR,6E,IndiGo,6E 437,2026-09-19,1,economy,,,7584.0,False,17:10,ok,2026-09-18T02:02:59.335208+05:30,2026-09-18_0202IST,airline_direct,IndiGo
BOM,BLR,6E,IndiGo,6E 5048,2026-09-19,1,business,,,26046.0,False,17:25,ok,2026-09-18T02:02:59.335208+05:30,2026-09-18_0202IST,airline_direct,IndiGo
BOM,BLR,6E,IndiGo,6E 5048,2026-09-19,1,economy,,,7584.0,False,17:25,ok,2026-09-18T02:02:59.335208+05:30,2026-09-18_0202IST,airline_direct,IndiGo
BOM,BLR,6E,IndiGo,6E 5126,2026-09-19,1,economy,,,7584.0,False,18:15,ok,2026-09-18T02:02:59.335208+05:30,2026-09-18_0202IST,airline_direct,IndiGo
BOM,BLR,6E,IndiGo,6E 2237,2026-09-19,1,economy,,,7584.0,False,18:40,ok,2026-09-18T02:02:59.335208+05:30,2026-09-18_0202IST,airline_direct,IndiGo
BOM,BLR,6E,IndiGo,6E 6599,2026-09-19,1,economy,,,7715.0,False,16:50,ok,2026-09-18T02:02:59.335208+05:30,2026-09-18_0202IST,airline_direct,IndiGo
BOM,BLR,6E,IndiGo,6E 5082,2026-09-19,1,economy,,,7785.0,False,18:05,ok,2026-09-18T02:02:59.335208+05:30,2026-09-18_0202IST,airline_direct,IndiGo
BOM,BLR,6E,IndiGo,6E 2016,2026-09-19,1,economy,,,8126.0,False,13:35,ok,2026-09-18T02:02:59.335208+05:30,2026-09-18_0202IST,airline_direct,IndiGo
BOM,BLR,6E,IndiGo,6E 5201,2026-09-19,1,economy,,,8126.0,False,14:55,ok,2026-09-18T02:02:59.335208+05:30,2026-09-18_0202IST,airline_direct,IndiGo
BOM,BLR,6E,IndiGo,6E 5107,2026-09-19,1,economy,,,8126.0,False,20:00,ok,2026-09-18T02:02:59.335208+05:30,2026-09-18_0202IST,airline_direct,IndiGo
BOM,BLR,6E,IndiGo,6E 5178,2026-09-19,1,business,,,31413.0,False,11:40,ok,2026-09-18T02:02:59.335208+05:30,2026-09-18_0202IST,airline_direct,IndiGo
BOM,BLR,6E,IndiGo,6E 5178,2026-09-19,1,economy,,,8508.0,False,11:40,ok,2026-09-18T02:02:59.335208+05:30,2026-09-18_0202IST,airline_direct,IndiGo
BOM,BLR,6E,IndiGo,6E 632,2026-09-19,1,economy,,,8718.0,False,04:00,ok,2026-09-18T02:02:59.335208+05:30,2026-09-18_0202IST,airline_direct,IndiGo
BOM,BLR,6E,IndiGo,6E 5318,2026-09-19,1,business,,,34747.0,False,10:15,ok,2026-09-18T02:02:59.335208+05:30,2026-09-18_0202IST,airline_direct,IndiGo
BOM,BLR,6E,IndiGo,6E 5318,2026-09-19,1,economy,,,9154.0,False,10:15,ok,2026-09-18T02:02:59.335208+05:30,2026-09-18_0202IST,airline_direct,IndiGo
BOM,BLR,6E,IndiGo,6E 5178,2026-09-19,1,business,,,31413.0,False,11:40,ok,2026-09-18T02:02:59.335208+05:30,2026-09-18_0202IST,airline_direct,IndiGo
BOM,BLR,6E,IndiGo,6E 5178,2026-09-19,1,economy,,,9154.0,False,11:40,ok,2026-09-18T02:02:59.335208+05:30,2026-09-18_0202IST,airline_direct,IndiGo
BOM,BLR,6E,IndiGo,6E 5318,2026-09-19,1,business,,,34747.0,False,10:15,ok,2026-09-18T02:02:59.335208+05:30,2026-09-18_0202IST,airline_direct,IndiGo
BOM,BLR,6E,IndiGo,6E 5318,2026-09-19,1,economy,,,9858.0,False,10:15,ok,2026-09-18T02:02:59.335208+05:30,2026-09-18_0202IST,airline_direct,IndiGo
BOM,BLR,6E,IndiGo,6E 5123,2026-09-19,1,economy,,,9990.0,False,14:40,ok,2026-09-18T02:02:59.335208+05:30,2026-09-18_0202IST,airline_direct,IndiGo
BOM,BLR,6E,IndiGo,6E 5181,2026-09-19,1,economy,,,15986.0,False,10:25,ok,2026-09-18T02:02:59.335208+05:30,2026-09-18_0202IST,airline_direct,IndiGo
BOM,BLR,6E,IndiGo,6E 5246,2026-09-19,1,business,,,35829.0,False,07:15,ok,2026-09-18T02:02:59.335208+05:30,2026-09-18_0202IST,airline_direct,IndiGo
BOM,BLR,6E,IndiGo,6E 5246,2026-09-19,1,economy,,,18394.0,False,07:15,ok,2026-09-18T02:02:59.335208+05:30,2026-09-18_0202IST,airline_direct,IndiGo
BOM,BLR,6E,IndiGo,6E 5318,2026-09-19,1,business,,,35829.0,False,10:15,ok,2026-09-18T02:02:59.335208+05:30,2026-09-18_0202IST,airline_direct,IndiGo
BOM,BLR,6E,IndiGo,6E 5318,2026-09-19,1,economy,,,19574.0,False,10:15,ok,2026-09-18T02:02:59.335208+05:30,2026-09-18_0202IST,airline_direct,IndiGo
DEL,CCU,6E,IndiGo,6E 5191,2026-09-19,1,business,,,26140.0,False,05:00,ok,2026-09-18T02:03:57.676259+05:30,2026-09-18_0203IST,airline_direct,IndiGo
DEL,CCU,6E,IndiGo,6E 5191,2026-09-19,1,economy,,,8703.0,False,05:00,ok,2026-09-18T02:03:57.676259+05:30,2026-09-18_0203IST,airline_direct,IndiGo
DEL,CCU,6E,IndiGo,6E 340,2026-09-19,1,business,,,26140.0,False,07:20,ok,2026-09-18T02:03:57.676259+05:30,2026-09-18_0203IST,airline_direct,IndiGo
DEL,CCU,6E,IndiGo,6E 340,2026-09-19,1,economy,,,8703.0,False,07:20,ok,2026-09-18T02:03:57.676259+05:30,2026-09-18_0203IST,airline_direct,IndiGo
DEL,CCU,6E,IndiGo,6E 513,2026-09-19,1,business,,,26140.0,False,08:30,ok,2026-09-18T02:03:57.676259+05:30,2026-09-18_0203IST,airline_direct,IndiGo
DEL,CCU,6E,IndiGo,6E 513,2026-09-19,1,economy,,,8703.0,False,08:30,ok,2026-09-18T02:03:57.676259+05:30,2026-09-18_0203IST,airline_direct,IndiGo
DEL,CCU,6E,IndiGo,6E 897,2026-09-19,1,business,,,26140.0,False,12:45,ok,2026-09-18T02:03:57.676259+05:30,2026-09-18_0203IST,airline_direct,IndiGo
DEL,CCU,6E,IndiGo,6E 897,2026-09-19,1,economy,,,8703.0,False,12:45,ok,2026-09-18T02:03:57.676259+05:30,2026-09-18_0203IST,airline_direct,IndiGo
DEL,CCU,6E,IndiGo,6E 910,2026-09-19,1,business,,,26140.0,False,14:25,ok,2026-09-18T02:03:57.676259+05:30,2026-09-18_0203IST,airline_direct,IndiGo
DEL,CCU,6E,IndiGo,6E 910,2026-09-19,1,economy,,,8703.0,False,14:25,ok,2026-09-18T02:03:57.676259+05:30,2026-09-18_0203IST,airline_direct,IndiGo
DEL,CCU,6E,IndiGo,6E 2276,2026-09-19,1,business,,,26140.0,False,17:55,ok,2026-09-18T02:03:57.676259+05:30,2026-09-18_0203IST,airline_direct,IndiGo
DEL,CCU,6E,IndiGo,6E 2276,2026-09-19,1,economy,,,8703.0,False,17:55,ok,2026-09-18T02:03:57.676259+05:30,2026-09-18_0203IST,airline_direct,IndiGo
DEL,CCU,6E,IndiGo,6E 894,2026-09-19,1,business,,,26140.0,False,10:15,ok,2026-09-18T02:03:57.676259+05:30,2026-09-18_0203IST,airline_direct,IndiGo
DEL,CCU,6E,IndiGo,6E 894,2026-09-19,1,economy,,,8965.0,False,10:15,ok,2026-09-18T02:03:57.676259+05:30,2026-09-18_0203IST,airline_direct,IndiGo
DEL,CCU,6E,IndiGo,6E 2487,2026-09-19,1,business,,,26140.0,False,11:50,ok,2026-09-18T02:03:57.676259+05:30,2026-09-18_0203IST,airline_direct,IndiGo
DEL,CCU,6E,IndiGo,6E 2487,2026-09-19,1,economy,,,8965.0,False,11:50,ok,2026-09-18T02:03:57.676259+05:30,2026-09-18_0203IST,airline_direct,IndiGo
DEL,CCU,6E,IndiGo,6E 6415,2026-09-19,1,business,,,26140.0,False,16:00,ok,2026-09-18T02:03:57.676259+05:30,2026-09-18_0203IST,airline_direct,IndiGo
DEL,CCU,6E,IndiGo,6E 6415,2026-09-19,1,economy,,,8965.0,False,16:00,ok,2026-09-18T02:03:57.676259+05:30,2026-09-18_0203IST,airline_direct,IndiGo
DEL,CCU,6E,IndiGo,6E 247,2026-09-19,1,business,,,26140.0,False,23:30,ok,2026-09-18T02:03:57.676259+05:30,2026-09-18_0203IST,airline_direct,IndiGo
DEL,CCU,6E,IndiGo,6E 247,2026-09-19,1,economy,,,8965.0,False,23:30,ok,2026-09-18T02:03:57.676259+05:30,2026-09-18_0203IST,airline_direct,IndiGo
DEL,CCU,6E,IndiGo,6E 6517,2026-09-19,1,business,,,26140.0,False,19:30,ok,2026-09-18T02:03:57.676259+05:30,2026-09-18_0203IST,airline_direct,IndiGo
DEL,CCU,6E,IndiGo,6E 6517,2026-09-19,1,economy,,,9280.0,False,19:30,ok,2026-09-18T02:03:57.676259+05:30,2026-09-18_0203IST,airline_direct,IndiGo
DEL,CCU,6E,IndiGo,6E 6245,2026-09-19,1,economy,,,7376.0,False,06:20,ok,2026-09-18T02:03:57.676259+05:30,2026-09-18_0203IST,airline_direct,IndiGo
DEL,CCU,6E,IndiGo,6E 2361,2026-09-19,1,economy,,,7507.0,False,14:35,ok,2026-09-18T02:03:57.676259+05:30,2026-09-18_0203IST,airline_direct,IndiGo
DEL,CCU,6E,IndiGo,6E 6190,2026-09-19,1,economy,,,7586.0,False,07:40,ok,2026-09-18T02:03:57.676259+05:30,2026-09-18_0203IST,airline_direct,IndiGo
DEL,CCU,6E,IndiGo,6E 6190,2026-09-19,1,economy,,,7586.0,False,07:40,ok,2026-09-18T02:03:57.676259+05:30,2026-09-18_0203IST,airline_direct,IndiGo
DEL,CCU,6E,IndiGo,6E 2037,2026-09-19,1,economy,,,7586.0,False,10:55,ok,2026-09-18T02:03:57.676259+05:30,2026-09-18_0203IST,airline_direct,IndiGo
DEL,CCU,6E,IndiGo,6E 2037,2026-09-19,1,economy,,,7586.0,False,10:55,ok,2026-09-18T02:03:57.676259+05:30,2026-09-18_0203IST,airline_direct,IndiGo
DEL,CCU,6E,IndiGo,6E 5038,2026-09-19,1,economy,,,7586.0,False,14:00,ok,2026-09-18T02:03:57.676259+05:30,2026-09-18_0203IST,airline_direct,IndiGo
DEL,CCU,6E,IndiGo,6E 5033,2026-09-19,1,economy,,,7586.0,False,15:50,ok,2026-09-18T02:03:57.676259+05:30,2026-09-18_0203IST,airline_direct,IndiGo
DEL,CCU,6E,IndiGo,6E 5215,2026-09-19,1,economy,,,7691.0,False,07:45,ok,2026-09-18T02:03:57.676259+05:30,2026-09-18_0203IST,airline_direct,IndiGo
DEL,CCU,6E,IndiGo,6E 6503,2026-09-19,1,economy,,,7901.0,False,13:25,ok,2026-09-18T02:03:57.676259+05:30,2026-09-18_0203IST,airline_direct,IndiGo
DEL,CCU,6E,IndiGo,6E 704,2026-09-19,1,business,,,33334.0,False,02:25,ok,2026-09-18T02:03:57.676259+05:30,2026-09-18_0203IST,airline_direct,IndiGo
DEL,CCU,6E,IndiGo,6E 704,2026-09-19,1,economy,,,7927.0,False,02:25,ok,2026-09-18T02:03:57.676259+05:30,2026-09-18_0203IST,airline_direct,IndiGo
DEL,CCU,6E,IndiGo,6E 704,2026-09-19,1,business,,,33806.0,False,02:25,ok,2026-09-18T02:03:57.676259+05:30,2026-09-18_0203IST,airline_direct,IndiGo
DEL,CCU,6E,IndiGo,6E 704,2026-09-19,1,economy,,,7927.0,False,02:25,ok,2026-09-18T02:03:57.676259+05:30,2026-09-18_0203IST,airline_direct,IndiGo
DEL,CCU,6E,IndiGo,6E 5119,2026-09-19,1,economy,,,7927.0,False,05:10,ok,2026-09-18T02:03:57.676259+05:30,2026-09-18_0203IST,airline_direct,IndiGo
DEL,CCU,6E,IndiGo,6E 203,2026-09-19,1,business,,,33806.0,False,07:10,ok,2026-09-18T02:03:57.676259+05:30,2026-09-18_0203IST,airline_direct,IndiGo
DEL,CCU,6E,IndiGo,6E 203,2026-09-19,1,economy,,,7927.0,False,07:10,ok,2026-09-18T02:03:57.676259+05:30,2026-09-18_0203IST,airline_direct,IndiGo
DEL,CCU,6E,IndiGo,6E 203,2026-09-19,1,business,,,33806.0,False,07:10,ok,2026-09-18T02:03:57.676259+05:30,2026-09-18_0203IST,airline_direct,IndiGo
DEL,CCU,6E,IndiGo,6E 203,2026-09-19,1,economy,,,7927.0,False,07:10,ok,2026-09-18T02:03:57.676259+05:30,2026-09-18_0203IST,airline_direct,IndiGo
DEL,CCU,6E,IndiGo,6E 705,2026-09-19,1,business,,,33806.0,False,08:30,ok,2026-09-18T02:03:57.676259+05:30,2026-09-18_0203IST,airline_direct,IndiGo
DEL,CCU,6E,IndiGo,6E 705,2026-09-19,1,economy,,,7927.0,False,08:30,ok,2026-09-18T02:03:57.676259+05:30,2026-09-18_0203IST,airline_direct,IndiGo
DEL,CCU,6E,IndiGo,6E 6282,2026-09-19,1,business,,,33806.0,False,13:30,ok,2026-09-18T02:03:57.676259+05:30,2026-09-18_0203IST,airline_direct,IndiGo
DEL,CCU,6E,IndiGo,6E 6282,2026-09-19,1,economy,,,7927.0,False,13:30,ok,2026-09-18T02:03:57.676259+05:30,2026-09-18_0203IST,airline_direct,IndiGo
DEL,CCU,6E,IndiGo,6E 6217,2026-09-19,1,business,,,33334.0,False,16:15,ok,2026-09-18T02:03:57.676259+05:30,2026-09-18_0203IST,airline_direct,IndiGo
DEL,CCU,6E,IndiGo,6E 6217,2026-09-19,1,economy,,,7927.0,False,16:15,ok,2026-09-18T02:03:57.676259+05:30,2026-09-18_0203IST,airline_direct,IndiGo
DEL,CCU,6E,IndiGo,6E 5073,2026-09-19,1,economy,,,7927.0,False,17:05,ok,2026-09-18T02:03:57.676259+05:30,2026-09-18_0203IST,airline_direct,IndiGo
DEL,CCU,6E,IndiGo,6E 717,2026-09-19,1,business,,,33334.0,False,17:55,ok,2026-09-18T02:03:57.676259+05:30,2026-09-18_0203IST,airline_direct,IndiGo
DEL,CCU,6E,IndiGo,6E 717,2026-09-19,1,economy,,,7927.0,False,17:55,ok,2026-09-18T02:03:57.676259+05:30,2026-09-18_0203IST,airline_direct,IndiGo
DEL,CCU,6E,IndiGo,6E 882,2026-09-19,1,business,,,33334.0,False,23:15,ok,2026-09-18T02:03:57.676259+05:30,2026-09-18_0203IST,airline_direct,IndiGo
DEL,CCU,6E,IndiGo,6E 882,2026-09-19,1,economy,,,7927.0,False,23:15,ok,2026-09-18T02:03:57.676259+05:30,2026-09-18_0203IST,airline_direct,IndiGo
DEL,CCU,6E,IndiGo,6E 2453,2026-09-19,1,economy,,,7984.0,False,13:35,ok,2026-09-18T02:03:57.676259+05:30,2026-09-18_0203IST,airline_direct,IndiGo
DEL,CCU,6E,IndiGo,6E 6371,2026-09-19,1,economy,,,8032.0,False,06:20,ok,2026-09-18T02:03:57.676259+05:30,2026-09-18_0203IST,airline_direct,IndiGo
DEL,CCU,6E,IndiGo,6E 6459,2026-09-19,1,economy,,,8115.0,False,05:55,ok,2026-09-18T02:03:57.676259+05:30,2026-09-18_0203IST,airline_direct,IndiGo
DEL,CCU,6E,IndiGo,6E 2259,2026-09-19,1,economy,,,8194.0,False,12:20,ok,2026-09-18T02:03:57.676259+05:30,2026-09-18_0203IST,airline_direct,IndiGo
DEL,CCU,6E,IndiGo,6E 2259,2026-09-19,1,economy,,,8194.0,False,12:20,ok,2026-09-18T02:03:57.676259+05:30,2026-09-18_0203IST,airline_direct,IndiGo
DEL,CCU,6E,IndiGo,6E 2614,2026-09-19,1,economy,,,8194.0,False,14:40,ok,2026-09-18T02:03:57.676259+05:30,2026-09-18_0203IST,airline_direct,IndiGo
DEL,CCU,6E,IndiGo,6E 2614,2026-09-19,1,economy,,,8194.0,False,14:40,ok,2026-09-18T02:03:57.676259+05:30,2026-09-18_0203IST,airline_direct,IndiGo
DEL,CCU,6E,IndiGo,6E 5206,2026-09-19,1,economy,,,8652.0,False,13:20,ok,2026-09-18T02:03:57.676259+05:30,2026-09-18_0203IST,airline_direct,IndiGo
DEL,CCU,6E,IndiGo,6E 884,2026-09-19,1,business,,,33806.0,False,11:45,ok,2026-09-18T02:03:57.676259+05:30,2026-09-18_0203IST,airline_direct,IndiGo
DEL,CCU,6E,IndiGo,6E 884,2026-09-19,1,economy,,,9203.0,False,11:45,ok,2026-09-18T02:03:57.676259+05:30,2026-09-18_0203IST,airline_direct,IndiGo
DEL,CCU,6E,IndiGo,6E 734,2026-09-19,1,economy,,,9518.0,False,16:20,ok,2026-09-18T02:03:57.676259+05:30,2026-09-18_0203IST,airline_direct,IndiGo
DEL,CCU,6E,IndiGo,6E 6073,2026-09-19,1,economy,,,9597.0,False,05:00,ok,2026-09-18T02:03:57.676259+05:30,2026-09-18_0203IST,airline_direct,IndiGo
DEL,CCU,6E,IndiGo,6E 6124,2026-09-19,1,economy,,,9702.0,False,07:30,ok,2026-09-18T02:03:57.676259+05:30,2026-09-18_0203IST,airline_direct,IndiGo
DEL,CCU,6E,IndiGo,6E 6293,2026-09-19,1,business,,,33806.0,False,09:55,ok,2026-09-18T02:03:57.676259+05:30,2026-09-18_0203IST,airline_direct,IndiGo
DEL,CCU,6E,IndiGo,6E 6293,2026-09-19,1,economy,,,9938.0,False,09:55,ok,2026-09-18T02:03:57.676259+05:30,2026-09-18_0203IST,airline_direct,IndiGo
DEL,CCU,6E,IndiGo,6E 6312,2026-09-19,1,economy,,,10325.0,False,14:25,ok,2026-09-18T02:03:57.676259+05:30,2026-09-18_0203IST,airline_direct,IndiGo
DEL,CCU,6E,IndiGo,6E 2296,2026-09-19,1,economy,,,10404.0,False,09:20,ok,2026-09-18T02:03:57.676259+05:30,2026-09-18_0203IST,airline_direct,IndiGo
DEL,CCU,6E,IndiGo,6E 6829,2026-09-19,1,economy,,,10535.0,False,17:20,ok,2026-09-18T02:03:57.676259+05:30,2026-09-18_0203IST,airline_direct,IndiGo
DEL,CCU,6E,IndiGo,6E 6440,2026-09-19,1,economy,,,10570.0,False,16:40,ok,2026-09-18T02:03:57.676259+05:30,2026-09-18_0203IST,airline_direct,IndiGo
DEL,CCU,6E,IndiGo,6E 2296,2026-09-19,1,economy,,,11291.0,False,09:20,ok,2026-09-18T02:03:57.676259+05:30,2026-09-18_0203IST,airline_direct,IndiGo
DEL,CCU,6E,IndiGo,6E 705,2026-09-19,1,business,,,33806.0,False,08:30,ok,2026-09-18T02:03:57.676259+05:30,2026-09-18_0203IST,airline_direct,IndiGo
DEL,CCU,6E,IndiGo,6E 705,2026-09-19,1,economy,,,11632.0,False,08:30,ok,2026-09-18T02:03:57.676259+05:30,2026-09-18_0203IST,airline_direct,IndiGo
DEL,CCU,6E,IndiGo,6E 5041,2026-09-19,1,economy,,,11868.0,False,15:10,ok,2026-09-18T02:03:57.676259+05:30,2026-09-18_0203IST,airline_direct,IndiGo
DEL,CCU,6E,IndiGo,6E 6130,2026-09-19,1,economy,,,12268.0,False,12:55,ok,2026-09-18T02:03:57.676259+05:30,2026-09-18_0203IST,airline_direct,IndiGo
DEL,CCU,6E,IndiGo,6E 5041,2026-09-19,1,economy,,,12309.0,False,15:10,ok,2026-09-18T02:03:57.676259+05:30,2026-09-18_0203IST,airline_direct,IndiGo
DEL,CCU,6E,IndiGo,6E 2331,2026-09-19,1,economy,,,12609.0,False,12:20,ok,2026-09-18T02:03:57.676259+05:30,2026-09-18_0203IST,airline_direct,IndiGo
DEL,CCU,6E,IndiGo,6E 5307,2026-09-19,1,economy,,,13445.0,False,10:50,ok,2026-09-18T02:03:57.676259+05:30,2026-09-18_0203IST,airline_direct,IndiGo
DEL,CCU,6E,IndiGo,6E 6378,2026-09-19,1,economy,,,13445.0,False,14:40,ok,2026-09-18T02:03:57.676259+05:30,2026-09-18_0203IST,airline_direct,IndiGo
DEL,CCU,6E,IndiGo,6E 5307,2026-09-19,1,economy,,,20635.0,False,10:50,ok,2026-09-18T02:03:57.676259+05:30,2026-09-18_0203IST,airline_direct,IndiGo
BLR,HYD,6E,IndiGo,6E 6067,2026-09-19,1,economy,,,10390.0,False,16:30,ok,2026-09-18T02:05:00.802994+05:30,2026-09-18_0205IST,airline_direct,IndiGo
BLR,HYD,6E,IndiGo,6E 855,2026-09-19,1,economy,,,10390.0,False,19:45,ok,2026-09-18T02:05:00.802994+05:30,2026-09-18_0205IST,airline_direct,IndiGo
BLR,HYD,6E,IndiGo,6E 6178,2026-09-19,1,economy,,,11353.0,False,06:25,ok,2026-09-18T02:05:00.802994+05:30,2026-09-18_0205IST,airline_direct,IndiGo
BLR,HYD,6E,IndiGo,6E 407,2026-09-19,1,economy,,,11353.0,False,14:50,ok,2026-09-18T02:05:00.802994+05:30,2026-09-18_0205IST,airline_direct,IndiGo
BLR,HYD,6E,IndiGo,6E 638,2026-09-19,1,economy,,,11353.0,False,18:35,ok,2026-09-18T02:05:00.802994+05:30,2026-09-18_0205IST,airline_direct,IndiGo
BLR,HYD,6E,IndiGo,6E 312,2026-09-19,1,economy,,,12416.0,False,09:15,ok,2026-09-18T02:05:00.802994+05:30,2026-09-18_0205IST,airline_direct,IndiGo
BLR,HYD,6E,IndiGo,6E 6404,2026-09-19,1,economy,,,12416.0,False,11:35,ok,2026-09-18T02:05:00.802994+05:30,2026-09-18_0205IST,airline_direct,IndiGo
BLR,HYD,6E,IndiGo,6E 6784,2026-09-19,1,economy,,,12416.0,False,21:30,ok,2026-09-18T02:05:00.802994+05:30,2026-09-18_0205IST,airline_direct,IndiGo
BLR,HYD,6E,IndiGo,6E 484,2026-09-19,1,economy,,,14882.0,False,08:15,ok,2026-09-18T02:05:00.802994+05:30,2026-09-18_0205IST,airline_direct,IndiGo
BLR,HYD,6E,IndiGo,6E 537,2026-09-19,1,economy,,,14882.0,False,10:15,ok,2026-09-18T02:05:00.802994+05:30,2026-09-18_0205IST,airline_direct,IndiGo
BLR,HYD,6E,IndiGo,6E 6269,2026-09-19,1,economy,,,6543.0,False,07:15,ok,2026-09-18T02:05:00.802994+05:30,2026-09-18_0205IST,airline_direct,IndiGo
BLR,HYD,6E,IndiGo,6E 6208,2026-09-19,1,economy,,,6543.0,False,12:50,ok,2026-09-18T02:05:00.802994+05:30,2026-09-18_0205IST,airline_direct,IndiGo
BLR,HYD,6E,IndiGo,6E 576,2026-09-19,1,economy,,,6543.0,False,16:25,ok,2026-09-18T02:05:00.802994+05:30,2026-09-18_0205IST,airline_direct,IndiGo
BLR,HYD,6E,IndiGo,6E 356,2026-09-19,1,economy,,,6543.0,False,17:15,ok,2026-09-18T02:05:00.802994+05:30,2026-09-18_0205IST,airline_direct,IndiGo
BLR,HYD,6E,IndiGo,6E 356,2026-09-19,1,economy,,,6543.0,False,17:15,ok,2026-09-18T02:05:00.802994+05:30,2026-09-18_0205IST,airline_direct,IndiGo
BLR,HYD,6E,IndiGo,6E 105,2026-09-19,1,economy,,,6543.0,False,18:45,ok,2026-09-18T02:05:00.802994+05:30,2026-09-18_0205IST,airline_direct,IndiGo
BLR,HYD,6E,IndiGo,6E 441,2026-09-19,1,economy,,,6543.0,False,20:40,ok,2026-09-18T02:05:00.802994+05:30,2026-09-18_0205IST,airline_direct,IndiGo
BLR,HYD,6E,IndiGo,6E 528,2026-09-19,1,economy,,,6543.0,False,21:40,ok,2026-09-18T02:05:00.802994+05:30,2026-09-18_0205IST,airline_direct,IndiGo
BLR,HYD,6E,IndiGo,6E 116,2026-09-19,1,economy,,,6543.0,False,23:05,ok,2026-09-18T02:05:00.802994+05:30,2026-09-18_0205IST,airline_direct,IndiGo
BLR,HYD,6E,IndiGo,6E 6336,2026-09-19,1,economy,,,6674.0,False,12:25,ok,2026-09-18T02:05:00.802994+05:30,2026-09-18_0205IST,airline_direct,IndiGo
BLR,HYD,6E,IndiGo,6E 6017,2026-09-19,1,economy,,,6969.0,False,18:15,ok,2026-09-18T02:05:00.802994+05:30,2026-09-18_0205IST,airline_direct,IndiGo
BLR,HYD,6E,IndiGo,6E 105,2026-09-19,1,economy,,,6969.0,False,18:45,ok,2026-09-18T02:05:00.802994+05:30,2026-09-18_0205IST,airline_direct,IndiGo
BLR,HYD,6E,IndiGo,6E 116,2026-09-19,1,economy,,,6969.0,False,23:05,ok,2026-09-18T02:05:00.802994+05:30,2026-09-18_0205IST,airline_direct,IndiGo
BLR,HYD,6E,IndiGo,6E 6336,2026-09-19,1,economy,,,7101.0,False,12:25,ok,2026-09-18T02:05:00.802994+05:30,2026-09-18_0205IST,airline_direct,IndiGo
BLR,HYD,6E,IndiGo,6E 857,2026-09-19,1,economy,,,7432.0,False,07:05,ok,2026-09-18T02:05:00.802994+05:30,2026-09-18_0205IST,airline_direct,IndiGo
BLR,HYD,6E,IndiGo,6E 6542,2026-09-19,1,economy,,,7432.0,False,13:10,ok,2026-09-18T02:05:00.802994+05:30,2026-09-18_0205IST,airline_direct,IndiGo
BLR,HYD,6E,IndiGo,6E 7227,2026-09-19,1,economy,,,7804.0,False,06:25,ok,2026-09-18T02:05:00.802994+05:30,2026-09-18_0205IST,airline_direct,IndiGo
BLR,HYD,6E,IndiGo,6E 6542,2026-09-19,1,economy,,,7935.0,False,13:10,ok,2026-09-18T02:05:00.802994+05:30,2026-09-18_0205IST,airline_direct,IndiGo
BLR,HYD,6E,IndiGo,6E 6269,2026-09-19,1,economy,,,9081.0,False,07:15,ok,2026-09-18T02:05:00.802994+05:30,2026-09-18_0205IST,airline_direct,IndiGo
BLR,HYD,6E,IndiGo,6E 414,2026-09-19,1,economy,,,9081.0,False,14:45,ok,2026-09-18T02:05:00.802994+05:30,2026-09-18_0205IST,airline_direct,IndiGo
BLR,HYD,6E,IndiGo,6E 857,2026-09-19,1,economy,,,9730.0,False,07:05,ok,2026-09-18T02:05:00.802994+05:30,2026-09-18_0205IST,airline_direct,IndiGo
BLR,HYD,6E,IndiGo,6E 6168,2026-09-19,1,economy,,,9730.0,False,17:40,ok,2026-09-18T02:05:00.802994+05:30,2026-09-18_0205IST,airline_direct,IndiGo
BLR,HYD,6E,IndiGo,6E 6208,2026-09-19,1,economy,,,10433.0,False,12:50,ok,2026-09-18T02:05:00.802994+05:30,2026-09-18_0205IST,airline_direct,IndiGo
BLR,HYD,6E,IndiGo,6E 6876,2026-09-19,1,economy,,,10435.0,False,02:40,ok,2026-09-18T02:05:00.802994+05:30,2026-09-18_0205IST,airline_direct,IndiGo
BLR,HYD,6E,IndiGo,6E 6168,2026-09-19,1,economy,,,10435.0,False,17:40,ok,2026-09-18T02:05:00.802994+05:30,2026-09-18_0205IST,airline_direct,IndiGo
BLR,HYD,6E,IndiGo,6E 6554,2026-09-19,1,economy,,,11204.0,False,19:15,ok,2026-09-18T02:05:00.802994+05:30,2026-09-18_0205IST,airline_direct,IndiGo
BLR,HYD,6E,IndiGo,6E 6208,2026-09-19,1,economy,,,11551.0,False,12:50,ok,2026-09-18T02:05:00.802994+05:30,2026-09-18_0205IST,airline_direct,IndiGo
BLR,HYD,6E,IndiGo,6E 6653,2026-09-19,1,economy,,,12041.0,False,12:35,ok,2026-09-18T02:05:00.802994+05:30,2026-09-18_0205IST,airline_direct,IndiGo
BLR,HYD,6E,IndiGo,6E 6653,2026-09-19,1,economy,,,12041.0,False,12:35,ok,2026-09-18T02:05:00.802994+05:30,2026-09-18_0205IST,airline_direct,IndiGo
BLR,HYD,6E,IndiGo,6E 6753,2026-09-19,1,economy,,,12041.0,False,15:15,ok,2026-09-18T02:05:00.802994+05:30,2026-09-18_0205IST,airline_direct,IndiGo
BLR,HYD,6E,IndiGo,6E 904,2026-09-19,1,economy,,,12758.0,False,10:50,ok,2026-09-18T02:05:00.802994+05:30,2026-09-18_0205IST,airline_direct,IndiGo
BLR,HYD,6E,IndiGo,6E 6104,2026-09-19,1,economy,,,12950.0,False,11:40,ok,2026-09-18T02:05:00.802994+05:30,2026-09-18_0205IST,airline_direct,IndiGo
BLR,HYD,6E,IndiGo,6E 6162,2026-09-19,1,economy,,,12950.0,False,18:50,ok,2026-09-18T02:05:00.802994+05:30,2026-09-18_0205IST,airline_direct,IndiGo
BLR,HYD,6E,IndiGo,6E 6563,2026-09-19,1,economy,,,12970.0,False,01:05,ok,2026-09-18T02:05:00.802994+05:30,2026-09-18_0205IST,airline_direct,IndiGo
BLR,HYD,6E,IndiGo,6E 7204,2026-09-19,1,economy,,,13077.0,False,06:50,ok,2026-09-18T02:05:00.802994+05:30,2026-09-18_0205IST,airline_direct,IndiGo
BLR,HYD,6E,IndiGo,6E 7071,2026-09-19,1,economy,,,13077.0,False,10:55,ok,2026-09-18T02:05:00.802994+05:30,2026-09-18_0205IST,airline_direct,IndiGo
BLR,HYD,6E,IndiGo,6E 109,2026-09-19,1,economy,,,13940.0,False,17:00,ok,2026-09-18T02:05:00.802994+05:30,2026-09-18_0205IST,airline_direct,IndiGo
BLR,HYD,6E,IndiGo,6E 7204,2026-09-19,1,economy,,,14148.0,False,06:50,ok,2026-09-18T02:05:00.802994+05:30,2026-09-18_0205IST,airline_direct,IndiGo
BLR,HYD,6E,IndiGo,6E 6104,2026-09-19,1,economy,,,15018.0,False,11:40,ok,2026-09-18T02:05:00.802994+05:30,2026-09-18_0205IST,airline_direct,IndiGo
BLR,HYD,6E,IndiGo,6E 6583,2026-09-19,1,economy,,,18480.0,False,10:40,ok,2026-09-18T02:05:00.802994+05:30,2026-09-18_0205IST,airline_direct,IndiGo
BLR,HYD,6E,IndiGo,6E 6583,2026-09-19,1,economy,,,18480.0,False,10:40,ok,2026-09-18T02:05:00.802994+05:30,2026-09-18_0205IST,airline_direct,IndiGo
BLR,HYD,6E,IndiGo,6E 763,2026-09-19,1,economy,,,20360.0,False,07:05,ok,2026-09-18T02:05:00.802994+05:30,2026-09-18_0205IST,airline_direct,IndiGo
BLR,HYD,6E,IndiGo,6E 5306,2026-09-19,1,economy,,,20987.0,False,14:35,ok,2026-09-18T02:05:00.802994+05:30,2026-09-18_0205IST,airline_direct,IndiGo
BLR,HYD,6E,IndiGo,6E 763,2026-09-19,1,economy,,,21725.0,False,07:05,ok,2026-09-18T02:05:00.802994+05:30,2026-09-18_0205IST,airline_direct,IndiGo
BLR,HYD,6E,IndiGo,6E 763,2026-09-19,1,economy,,,21725.0,False,07:05,ok,2026-09-18T02:05:00.802994+05:30,2026-09-18_0205IST,airline_direct,IndiGo
BLR,HYD,6E,IndiGo,6E 7005,2026-09-19,1,economy,,,21725.0,False,08:05,ok,2026-09-18T02:05:00.802994+05:30,2026-09-18_0205IST,airline_direct,IndiGo
BLR,HYD,6E,IndiGo,6E 7005,2026-09-19,1,economy,,,21725.0,False,08:05,ok,2026-09-18T02:05:00.802994+05:30,2026-09-18_0205IST,airline_direct,IndiGo
BLR,HYD,6E,IndiGo,6E 6445,2026-09-19,1,economy,,,23101.0,False,10:25,ok,2026-09-18T02:05:00.802994+05:30,2026-09-18_0205IST,airline_direct,IndiGo
BLR,HYD,6E,IndiGo,6E 703,2026-09-19,1,economy,,,25235.0,False,12:55,ok,2026-09-18T02:05:00.802994+05:30,2026-09-18_0205IST,airline_direct,IndiGo
BLR,HYD,6E,IndiGo,6E 6445,2026-09-19,1,economy,,,27196.0,False,10:25,ok,2026-09-18T02:05:00.802994+05:30,2026-09-18_0205IST,airline_direct,IndiGo
MAA,DEL,6E,IndiGo,6E 939,2026-09-19,1,business,,,28240.0,False,13:00,ok,2026-09-18T02:05:59.703645+05:30,2026-09-18_0205IST,airline_direct,IndiGo
MAA,DEL,6E,IndiGo,6E 939,2026-09-19,1,economy,,,10295.0,False,13:00,ok,2026-09-18T02:05:59.703645+05:30,2026-09-18_0205IST,airline_direct,IndiGo
MAA,DEL,6E,IndiGo,6E 948,2026-09-19,1,business,,,28240.0,False,14:30,ok,2026-09-18T02:05:59.703645+05:30,2026-09-18_0205IST,airline_direct,IndiGo
MAA,DEL,6E,IndiGo,6E 948,2026-09-19,1,economy,,,10295.0,False,14:30,ok,2026-09-18T02:05:59.703645+05:30,2026-09-18_0205IST,airline_direct,IndiGo
MAA,DEL,6E,IndiGo,6E 6002,2026-09-19,1,business,,,28240.0,False,11:10,ok,2026-09-18T02:05:59.703645+05:30,2026-09-18_0205IST,airline_direct,IndiGo
MAA,DEL,6E,IndiGo,6E 6002,2026-09-19,1,economy,,,11303.0,False,11:10,ok,2026-09-18T02:05:59.703645+05:30,2026-09-18_0205IST,airline_direct,IndiGo
MAA,DEL,6E,IndiGo,6E 937,2026-09-19,1,business,,,28240.0,False,06:30,ok,2026-09-18T02:05:59.703645+05:30,2026-09-18_0205IST,airline_direct,IndiGo
MAA,DEL,6E,IndiGo,6E 937,2026-09-19,1,economy,,,11850.0,False,06:30,ok,2026-09-18T02:05:59.703645+05:30,2026-09-18_0205IST,airline_direct,IndiGo
MAA,DEL,6E,IndiGo,6E 698,2026-09-19,1,business,,,28240.0,False,16:45,ok,2026-09-18T02:05:59.703645+05:30,2026-09-18_0205IST,airline_direct,IndiGo
MAA,DEL,6E,IndiGo,6E 698,2026-09-19,1,economy,,,11850.0,False,16:45,ok,2026-09-18T02:05:59.703645+05:30,2026-09-18_0205IST,airline_direct,IndiGo
MAA,DEL,6E,IndiGo,6E 404,2026-09-19,1,business,,,28240.0,False,09:15,ok,2026-09-18T02:05:59.703645+05:30,2026-09-18_0205IST,airline_direct,IndiGo
MAA,DEL,6E,IndiGo,6E 404,2026-09-19,1,economy,,,13035.0,False,09:15,ok,2026-09-18T02:05:59.703645+05:30,2026-09-18_0205IST,airline_direct,IndiGo
MAA,DEL,6E,IndiGo,6E 2369,2026-09-19,1,business,,,28240.0,False,23:45,ok,2026-09-18T02:05:59.703645+05:30,2026-09-18_0205IST,airline_direct,IndiGo
MAA,DEL,6E,IndiGo,6E 2369,2026-09-19,1,economy,,,13677.0,False,23:45,ok,2026-09-18T02:05:59.703645+05:30,2026-09-18_0205IST,airline_direct,IndiGo
MAA,DEL,6E,IndiGo,6E 613,2026-09-19,1,business,,,30280.0,False,19:00,ok,2026-09-18T02:05:59.703645+05:30,2026-09-18_0205IST,airline_direct,IndiGo
MAA,DEL,6E,IndiGo,6E 613,2026-09-19,1,economy,,,14354.0,False,19:00,ok,2026-09-18T02:05:59.703645+05:30,2026-09-18_0205IST,airline_direct,IndiGo
MAA,DEL,6E,IndiGo,6E 253,2026-09-19,1,business,,,27587.0,False,03:10,ok,2026-09-18T02:05:59.703645+05:30,2026-09-18_0205IST,airline_direct,IndiGo
MAA,DEL,6E,IndiGo,6E 253,2026-09-19,1,economy,,,9778.0,False,03:10,ok,2026-09-18T02:05:59.703645+05:30,2026-09-18_0205IST,airline_direct,IndiGo
MAA,DEL,6E,IndiGo,6E 607,2026-09-19,1,business,,,27823.0,False,04:50,ok,2026-09-18T02:05:59.703645+05:30,2026-09-18_0205IST,airline_direct,IndiGo
MAA,DEL,6E,IndiGo,6E 607,2026-09-19,1,economy,,,9778.0,False,04:50,ok,2026-09-18T02:05:59.703645+05:30,2026-09-18_0205IST,airline_direct,IndiGo
MAA,DEL,6E,IndiGo,6E 495,2026-09-19,1,business,,,30916.0,False,07:10,ok,2026-09-18T02:05:59.703645+05:30,2026-09-18_0205IST,airline_direct,IndiGo
MAA,DEL,6E,IndiGo,6E 495,2026-09-19,1,economy,,,9778.0,False,07:10,ok,2026-09-18T02:05:59.703645+05:30,2026-09-18_0205IST,airline_direct,IndiGo
MAA,DEL,6E,IndiGo,6E 495,2026-09-19,1,business,,,32311.0,False,07:10,ok,2026-09-18T02:05:59.703645+05:30,2026-09-18_0205IST,airline_direct,IndiGo
MAA,DEL,6E,IndiGo,6E 495,2026-09-19,1,economy,,,9778.0,False,07:10,ok,2026-09-18T02:05:59.703645+05:30,2026-09-18_0205IST,airline_direct,IndiGo
MAA,DEL,6E,IndiGo,6E 372,2026-09-19,1,business,,,30916.0,False,09:55,ok,2026-09-18T02:05:59.703645+05:30,2026-09-18_0205IST,airline_direct,IndiGo
MAA,DEL,6E,IndiGo,6E 372,2026-09-19,1,economy,,,9778.0,False,09:55,ok,2026-09-18T02:05:59.703645+05:30,2026-09-18_0205IST,airline_direct,IndiGo
MAA,DEL,6E,IndiGo,6E 183,2026-09-19,1,business,,,30185.0,False,16:35,ok,2026-09-18T02:05:59.703645+05:30,2026-09-18_0205IST,airline_direct,IndiGo
MAA,DEL,6E,IndiGo,6E 183,2026-09-19,1,economy,,,9778.0,False,16:35,ok,2026-09-18T02:05:59.703645+05:30,2026-09-18_0205IST,airline_direct,IndiGo
MAA,DEL,6E,IndiGo,6E 848,2026-09-19,1,economy,,,9778.0,False,17:50,ok,2026-09-18T02:05:59.703645+05:30,2026-09-18_0205IST,airline_direct,IndiGo
MAA,DEL,6E,IndiGo,6E 193,2026-09-19,1,business,,,30916.0,False,20:00,ok,2026-09-18T02:05:59.703645+05:30,2026-09-18_0205IST,airline_direct,IndiGo
MAA,DEL,6E,IndiGo,6E 193,2026-09-19,1,economy,,,9778.0,False,20:00,ok,2026-09-18T02:05:59.703645+05:30,2026-09-18_0205IST,airline_direct,IndiGo
MAA,DEL,6E,IndiGo,6E 561,2026-09-19,1,business,,,27823.0,False,22:20,ok,2026-09-18T02:05:59.703645+05:30,2026-09-18_0205IST,airline_direct,IndiGo
MAA,DEL,6E,IndiGo,6E 561,2026-09-19,1,economy,,,9778.0,False,22:20,ok,2026-09-18T02:05:59.703645+05:30,2026-09-18_0205IST,airline_direct,IndiGo
MAA,DEL,6E,IndiGo,6E 847,2026-09-19,1,business,,,32713.0,False,16:15,ok,2026-09-18T02:05:59.703645+05:30,2026-09-18_0205IST,airline_direct,IndiGo
MAA,DEL,6E,IndiGo,6E 847,2026-09-19,1,economy,,,9857.0,False,16:15,ok,2026-09-18T02:05:59.703645+05:30,2026-09-18_0205IST,airline_direct,IndiGo
MAA,DEL,6E,IndiGo,6E 365,2026-09-19,1,business,,,32713.0,False,17:45,ok,2026-09-18T02:05:59.703645+05:30,2026-09-18_0205IST,airline_direct,IndiGo
MAA,DEL,6E,IndiGo,6E 365,2026-09-19,1,economy,,,9857.0,False,17:45,ok,2026-09-18T02:05:59.703645+05:30,2026-09-18_0205IST,airline_direct,IndiGo
MAA,DEL,6E,IndiGo,6E 6812,2026-09-19,1,economy,,,9857.0,False,20:00,ok,2026-09-18T02:05:59.703645+05:30,2026-09-18_0205IST,airline_direct,IndiGo
MAA,DEL,6E,IndiGo,6E 6140,2026-09-19,1,business,,,32304.0,False,02:30,ok,2026-09-18T02:05:59.703645+05:30,2026-09-18_0205IST,airline_direct,IndiGo
MAA,DEL,6E,IndiGo,6E 6140,2026-09-19,1,economy,,,9988.0,False,02:30,ok,2026-09-18T02:05:59.703645+05:30,2026-09-18_0205IST,airline_direct,IndiGo
MAA,DEL,6E,IndiGo,6E 6140,2026-09-19,1,business,,,32304.0,False,02:30,ok,2026-09-18T02:05:59.703645+05:30,2026-09-18_0205IST,airline_direct,IndiGo
MAA,DEL,6E,IndiGo,6E 6140,2026-09-19,1,economy,,,9988.0,False,02:30,ok,2026-09-18T02:05:59.703645+05:30,2026-09-18_0205IST,airline_direct,IndiGo
MAA,DEL,6E,IndiGo,6E 5093,2026-09-19,1,business,,,47116.0,False,05:00,ok,2026-09-18T02:05:59.703645+05:30,2026-09-18_0205IST,airline_direct,IndiGo
MAA,DEL,6E,IndiGo,6E 5093,2026-09-19,1,economy,,,9988.0,False,05:00,ok,2026-09-18T02:05:59.703645+05:30,2026-09-18_0205IST,airline_direct,IndiGo
MAA,DEL,6E,IndiGo,6E 5314,2026-09-19,1,business,,,43340.0,False,06:45,ok,2026-09-18T02:05:59.703645+05:30,2026-09-18_0205IST,airline_direct,IndiGo
MAA,DEL,6E,IndiGo,6E 5314,2026-09-19,1,economy,,,9988.0,False,06:45,ok,2026-09-18T02:05:59.703645+05:30,2026-09-18_0205IST,airline_direct,IndiGo
MAA,DEL,6E,IndiGo,6E 5214,2026-09-19,1,business,,,40966.0,False,11:00,ok,2026-09-18T02:05:59.703645+05:30,2026-09-18_0205IST,airline_direct,IndiGo
MAA,DEL,6E,IndiGo,6E 5214,2026-09-19,1,economy,,,9988.0,False,11:00,ok,2026-09-18T02:05:59.703645+05:30,2026-09-18_0205IST,airline_direct,IndiGo
MAA,DEL,6E,IndiGo,6E 5258,2026-09-19,1,business,,,39741.0,False,12:45,ok,2026-09-18T02:05:59.703645+05:30,2026-09-18_0205IST,airline_direct,IndiGo
MAA,DEL,6E,IndiGo,6E 5258,2026-09-19,1,economy,,,9988.0,False,12:45,ok,2026-09-18T02:05:59.703645+05:30,2026-09-18_0205IST,airline_direct,IndiGo
MAA,DEL,6E,IndiGo,6E 5258,2026-09-19,1,business,,,39741.0,False,12:45,ok,2026-09-18T02:05:59.703645+05:30,2026-09-18_0205IST,airline_direct,IndiGo
MAA,DEL,6E,IndiGo,6E 5258,2026-09-19,1,economy,,,9988.0,False,12:45,ok,2026-09-18T02:05:59.703645+05:30,2026-09-18_0205IST,airline_direct,IndiGo
MAA,DEL,6E,IndiGo,6E 5104,2026-09-19,1,business,,,39741.0,False,16:40,ok,2026-09-18T02:05:59.703645+05:30,2026-09-18_0205IST,airline_direct,IndiGo
MAA,DEL,6E,IndiGo,6E 5104,2026-09-19,1,economy,,,9988.0,False,16:40,ok,2026-09-18T02:05:59.703645+05:30,2026-09-18_0205IST,airline_direct,IndiGo
MAA,DEL,6E,IndiGo,6E 6113,2026-09-19,1,economy,,,9988.0,False,17:00,ok,2026-09-18T02:05:59.703645+05:30,2026-09-18_0205IST,airline_direct,IndiGo
MAA,DEL,6E,IndiGo,6E 5367,2026-09-19,1,business,,,39741.0,False,18:15,ok,2026-09-18T02:05:59.703645+05:30,2026-09-18_0205IST,airline_direct,IndiGo
MAA,DEL,6E,IndiGo,6E 5367,2026-09-19,1,economy,,,9988.0,False,18:15,ok,2026-09-18T02:05:59.703645+05:30,2026-09-18_0205IST,airline_direct,IndiGo
MAA,DEL,6E,IndiGo,6E 6797,2026-09-19,1,economy,,,10325.0,False,13:10,ok,2026-09-18T02:05:59.703645+05:30,2026-09-18_0205IST,airline_direct,IndiGo
MAA,DEL,6E,IndiGo,6E 834,2026-09-19,1,business,,,30916.0,False,09:05,ok,2026-09-18T02:05:59.703645+05:30,2026-09-18_0205IST,airline_direct,IndiGo
MAA,DEL,6E,IndiGo,6E 834,2026-09-19,1,economy,,,10535.0,False,09:05,ok,2026-09-18T02:05:59.703645+05:30,2026-09-18_0205IST,airline_direct,IndiGo
MAA,DEL,6E,IndiGo,6E 973,2026-09-19,1,economy,,,10535.0,False,11:55,ok,2026-09-18T02:05:59.703645+05:30,2026-09-18_0205IST,airline_direct,IndiGo
MAA,DEL,6E,IndiGo,6E 6925,2026-09-19,1,business,,,30916.0,False,12:00,ok,2026-09-18T02:05:59.703645+05:30,2026-09-18_0205IST,airline_direct,IndiGo
MAA,DEL,6E,IndiGo,6E 6925,2026-09-19,1,economy,,,10535.0,False,12:00,ok,2026-09-18T02:05:59.703645+05:30,2026-09-18_0205IST,airline_direct,IndiGo
MAA,DEL,6E,IndiGo,6E 6487,2026-09-19,1,business,,,30916.0,False,21:25,ok,2026-09-18T02:05:59.703645+05:30,2026-09-18_0205IST,airline_direct,IndiGo
MAA,DEL,6E,IndiGo,6E 6487,2026-09-19,1,economy,,,10535.0,False,21:25,ok,2026-09-18T02:05:59.703645+05:30,2026-09-18_0205IST,airline_direct,IndiGo
MAA,DEL,6E,IndiGo,6E 6815,2026-09-19,1,business,,,32713.0,False,08:55,ok,2026-09-18T02:05:59.703645+05:30,2026-09-18_0205IST,airline_direct,IndiGo
MAA,DEL,6E,IndiGo,6E 6815,2026-09-19,1,economy,,,10614.0,False,08:55,ok,2026-09-18T02:05:59.703645+05:30,2026-09-18_0205IST,airline_direct,IndiGo
MAA,DEL,6E,IndiGo,6E 6892,2026-09-19,1,business,,,32713.0,False,10:55,ok,2026-09-18T02:05:59.703645+05:30,2026-09-18_0205IST,airline_direct,IndiGo
MAA,DEL,6E,IndiGo,6E 6892,2026-09-19,1,economy,,,10614.0,False,10:55,ok,2026-09-18T02:05:59.703645+05:30,2026-09-18_0205IST,airline_direct,IndiGo
MAA,DEL,6E,IndiGo,6E 321,2026-09-19,1,business,,,36527.0,False,08:20,ok,2026-09-18T02:05:59.703645+05:30,2026-09-18_0205IST,airline_direct,IndiGo
MAA,DEL,6E,IndiGo,6E 321,2026-09-19,1,economy,,,10745.0,False,08:20,ok,2026-09-18T02:05:59.703645+05:30,2026-09-18_0205IST,airline_direct,IndiGo
MAA,DEL,6E,IndiGo,6E 7084,2026-09-19,1,economy,,,11235.0,False,07:20,ok,2026-09-18T02:05:59.703645+05:30,2026-09-18_0205IST,airline_direct,IndiGo
MAA,DEL,6E,IndiGo,6E 6925,2026-09-19,1,business,,,30916.0,False,12:00,ok,2026-09-18T02:05:59.703645+05:30,2026-09-18_0205IST,airline_direct,IndiGo
MAA,DEL,6E,IndiGo,6E 6925,2026-09-19,1,economy,,,11366.0,False,12:00,ok,2026-09-18T02:05:59.703645+05:30,2026-09-18_0205IST,airline_direct,IndiGo
MAA,DEL,6E,IndiGo,6E 6081,2026-09-19,1,business,,,32713.0,False,07:05,ok,2026-09-18T02:05:59.703645+05:30,2026-09-18_0205IST,airline_direct,IndiGo
MAA,DEL,6E,IndiGo,6E 6081,2026-09-19,1,economy,,,11445.0,False,07:05,ok,2026-09-18T02:05:59.703645+05:30,2026-09-18_0205IST,airline_direct,IndiGo
MAA,DEL,6E,IndiGo,6E 6326,2026-09-19,1,business,,,38179.0,False,11:45,ok,2026-09-18T02:05:59.703645+05:30,2026-09-18_0205IST,airline_direct,IndiGo
MAA,DEL,6E,IndiGo,6E 6326,2026-09-19,1,economy,,,11576.0,False,11:45,ok,2026-09-18T02:05:59.703645+05:30,2026-09-18_0205IST,airline_direct,IndiGo
MAA,DEL,6E,IndiGo,6E 597,2026-09-19,1,economy,,,11733.0,False,17:45,ok,2026-09-18T02:05:59.703645+05:30,2026-09-18_0205IST,airline_direct,IndiGo
MAA,DEL,6E,IndiGo,6E 244,2026-09-19,1,economy,,,12277.0,False,03:55,ok,2026-09-18T02:05:59.703645+05:30,2026-09-18_0205IST,airline_direct,IndiGo
MAA,DEL,6E,IndiGo,6E 6081,2026-09-19,1,business,,,32713.0,False,07:05,ok,2026-09-18T02:05:59.703645+05:30,2026-09-18_0205IST,airline_direct,IndiGo
MAA,DEL,6E,IndiGo,6E 6081,2026-09-19,1,economy,,,12356.0,False,07:05,ok,2026-09-18T02:05:59.703645+05:30,2026-09-18_0205IST,airline_direct,IndiGo
MAA,DEL,6E,IndiGo,6E 6892,2026-09-19,1,business,,,32713.0,False,10:55,ok,2026-09-18T02:05:59.703645+05:30,2026-09-18_0205IST,airline_direct,IndiGo
MAA,DEL,6E,IndiGo,6E 6892,2026-09-19,1,economy,,,12356.0,False,10:55,ok,2026-09-18T02:05:59.703645+05:30,2026-09-18_0205IST,airline_direct,IndiGo
MAA,DEL,6E,IndiGo,6E 606,2026-09-19,1,business,,,35111.0,False,18:05,ok,2026-09-18T02:05:59.703645+05:30,2026-09-18_0205IST,airline_direct,IndiGo
MAA,DEL,6E,IndiGo,6E 606,2026-09-19,1,economy,,,12487.0,False,18:05,ok,2026-09-18T02:05:59.703645+05:30,2026-09-18_0205IST,airline_direct,IndiGo
MAA,DEL,6E,IndiGo,6E 6209,2026-09-19,1,business,,,32713.0,False,14:35,ok,2026-09-18T02:05:59.703645+05:30,2026-09-18_0205IST,airline_direct,IndiGo
MAA,DEL,6E,IndiGo,6E 6209,2026-09-19,1,economy,,,13432.0,False,14:35,ok,2026-09-18T02:05:59.703645+05:30,2026-09-18_0205IST,airline_direct,IndiGo
MAA,DEL,6E,IndiGo,6E 834,2026-09-19,1,business,,,32311.0,False,09:05,ok,2026-09-18T02:05:59.703645+05:30,2026-09-18_0205IST,airline_direct,IndiGo
MAA,DEL,6E,IndiGo,6E 834,2026-09-19,1,economy,,,13917.0,False,09:05,ok,2026-09-18T02:05:59.703645+05:30,2026-09-18_0205IST,airline_direct,IndiGo
MAA,DEL,6E,IndiGo,6E 6158,2026-09-19,1,business,,,30916.0,False,16:10,ok,2026-09-18T02:05:59.703645+05:30,2026-09-18_0205IST,airline_direct,IndiGo
MAA,DEL,6E,IndiGo,6E 6158,2026-09-19,1,economy,,,13917.0,False,16:10,ok,2026-09-18T02:05:59.703645+05:30,2026-09-18_0205IST,airline_direct,IndiGo
MAA,DEL,6E,IndiGo,6E 539,2026-09-19,1,economy,,,14373.0,False,11:25,ok,2026-09-18T02:05:59.703645+05:30,2026-09-18_0205IST,airline_direct,IndiGo
MAA,DEL,6E,IndiGo,6E 6209,2026-09-19,1,business,,,32713.0,False,14:35,ok,2026-09-18T02:05:59.703645+05:30,2026-09-18_0205IST,airline_direct,IndiGo
MAA,DEL,6E,IndiGo,6E 6209,2026-09-19,1,economy,,,14577.0,False,14:35,ok,2026-09-18T02:05:59.703645+05:30,2026-09-18_0205IST,airline_direct,IndiGo
MAA,DEL,6E,IndiGo,6E 6348,2026-09-19,1,business,,,39741.0,False,09:00,ok,2026-09-18T02:05:59.703645+05:30,2026-09-18_0205IST,airline_direct,IndiGo
MAA,DEL,6E,IndiGo,6E 6348,2026-09-19,1,economy,,,14583.0,False,09:00,ok,2026-09-18T02:05:59.703645+05:30,2026-09-18_0205IST,airline_direct,IndiGo
MAA,DEL,6E,IndiGo,6E 5371,2026-09-19,1,business,,,39741.0,False,14:45,ok,2026-09-18T02:05:59.703645+05:30,2026-09-18_0205IST,airline_direct,IndiGo
MAA,DEL,6E,IndiGo,6E 5371,2026-09-19,1,economy,,,14583.0,False,14:45,ok,2026-09-18T02:05:59.703645+05:30,2026-09-18_0205IST,airline_direct,IndiGo
MAA,DEL,6E,IndiGo,6E 6348,2026-09-19,1,business,,,43340.0,False,09:00,ok,2026-09-18T02:05:59.703645+05:30,2026-09-18_0205IST,airline_direct,IndiGo
MAA,DEL,6E,IndiGo,6E 6348,2026-09-19,1,economy,,,15022.0,False,09:00,ok,2026-09-18T02:05:59.703645+05:30,2026-09-18_0205IST,airline_direct,IndiGo
MAA,DEL,6E,IndiGo,6E 562,2026-09-19,1,business,,,32172.0,False,18:20,ok,2026-09-18T02:05:59.703645+05:30,2026-09-18_0205IST,airline_direct,IndiGo
MAA,DEL,6E,IndiGo,6E 562,2026-09-19,1,economy,,,15652.0,False,18:20,ok,2026-09-18T02:05:59.703645+05:30,2026-09-18_0205IST,airline_direct,IndiGo
MAA,DEL,6E,IndiGo,6E 401,2026-09-19,1,economy,,,25696.0,False,08:10,ok,2026-09-18T02:05:59.703645+05:30,2026-09-18_0205IST,airline_direct,IndiGo
DEL,BOM,6E,IndiGo,6E 449,2026-09-25,7,business,,,24260.0,False,05:00,ok,2026-09-18T02:06:59.029018+05:30,2026-09-18_0206IST,airline_direct,IndiGo
DEL,BOM,6E,IndiGo,6E 449,2026-09-25,7,economy,,,6305.0,False,05:00,ok,2026-09-18T02:06:59.029018+05:30,2026-09-18_0206IST,airline_direct,IndiGo
DEL,BOM,6E,IndiGo,6E 675,2026-09-25,7,business,,,24260.0,False,08:45,ok,2026-09-18T02:06:59.029018+05:30,2026-09-18_0206IST,airline_direct,IndiGo
DEL,BOM,6E,IndiGo,6E 675,2026-09-25,7,economy,,,6305.0,False,08:45,ok,2026-09-18T02:06:59.029018+05:30,2026-09-18_0206IST,airline_direct,IndiGo
DEL,BOM,6E,IndiGo,6E 6107,2026-09-25,7,business,,,24260.0,False,09:30,ok,2026-09-18T02:06:59.029018+05:30,2026-09-18_0206IST,airline_direct,IndiGo
DEL,BOM,6E,IndiGo,6E 6107,2026-09-25,7,economy,,,6305.0,False,09:30,ok,2026-09-18T02:06:59.029018+05:30,2026-09-18_0206IST,airline_direct,IndiGo
DEL,BOM,6E,IndiGo,6E 6328,2026-09-25,7,business,,,24260.0,False,10:15,ok,2026-09-18T02:06:59.029018+05:30,2026-09-18_0206IST,airline_direct,IndiGo
DEL,BOM,6E,IndiGo,6E 6328,2026-09-25,7,economy,,,6305.0,False,10:15,ok,2026-09-18T02:06:59.029018+05:30,2026-09-18_0206IST,airline_direct,IndiGo
DEL,BOM,6E,IndiGo,6E 6047,2026-09-25,7,business,,,24260.0,False,11:00,ok,2026-09-18T02:06:59.029018+05:30,2026-09-18_0206IST,airline_direct,IndiGo
DEL,BOM,6E,IndiGo,6E 6047,2026-09-25,7,economy,,,6305.0,False,11:00,ok,2026-09-18T02:06:59.029018+05:30,2026-09-18_0206IST,airline_direct,IndiGo
DEL,BOM,6E,IndiGo,6E 6676,2026-09-25,7,business,,,24260.0,False,12:00,ok,2026-09-18T02:06:59.029018+05:30,2026-09-18_0206IST,airline_direct,IndiGo
DEL,BOM,6E,IndiGo,6E 6676,2026-09-25,7,economy,,,6305.0,False,12:00,ok,2026-09-18T02:06:59.029018+05:30,2026-09-18_0206IST,airline_direct,IndiGo
DEL,BOM,6E,IndiGo,6E 324,2026-09-25,7,business,,,24260.0,False,13:00,ok,2026-09-18T02:06:59.029018+05:30,2026-09-18_0206IST,airline_direct,IndiGo
DEL,BOM,6E,IndiGo,6E 324,2026-09-25,7,economy,,,6305.0,False,13:00,ok,2026-09-18T02:06:59.029018+05:30,2026-09-18_0206IST,airline_direct,IndiGo
DEL,BOM,6E,IndiGo,6E 6022,2026-09-25,7,business,,,24260.0,False,14:00,ok,2026-09-18T02:06:59.029018+05:30,2026-09-18_0206IST,airline_direct,IndiGo
DEL,BOM,6E,IndiGo,6E 6022,2026-09-25,7,economy,,,6305.0,False,14:00,ok,2026-09-18T02:06:59.029018+05:30,2026-09-18_0206IST,airline_direct,IndiGo
DEL,BOM,6E,IndiGo,6E 6318,2026-09-25,7,business,,,24260.0,False,14:45,ok,2026-09-18T02:06:59.029018+05:30,2026-09-18_0206IST,airline_direct,IndiGo
DEL,BOM,6E,IndiGo,6E 6318,2026-09-25,7,economy,,,6305.0,False,14:45,ok,2026-09-18T02:06:59.029018+05:30,2026-09-18_0206IST,airline_direct,IndiGo
DEL,BOM,6E,IndiGo,6E 864,2026-09-25,7,business,,,24260.0,False,15:30,ok,2026-09-18T02:06:59.029018+05:30,2026-09-18_0206IST,airline_direct,IndiGo
DEL,BOM,6E,IndiGo,6E 864,2026-09-25,7,economy,,,6305.0,False,15:30,ok,2026-09-18T02:06:59.029018+05:30,2026-09-18_0206IST,airline_direct,IndiGo
DEL,BOM,6E,IndiGo,6E 322,2026-09-25,7,business,,,24260.0,False,23:30,ok,2026-09-18T02:06:59.029018+05:30,2026-09-18_0206IST,airline_direct,IndiGo
DEL,BOM,6E,IndiGo,6E 322,2026-09-25,7,economy,,,6305.0,False,23:30,ok,2026-09-18T02:06:59.029018+05:30,2026-09-18_0206IST,airline_direct,IndiGo
DEL,BOM,6E,IndiGo,6E 6218,2026-09-25,7,business,,,24260.0,False,06:05,ok,2026-09-18T02:06:59.029018+05:30,2026-09-18_0206IST,airline_direct,IndiGo
DEL,BOM,6E,IndiGo,6E 6218,2026-09-25,7,economy,,,6357.0,False,06:05,ok,2026-09-18T02:06:59.029018+05:30,2026-09-18_0206IST,airline_direct,IndiGo
DEL,BOM,6E,IndiGo,6E 327,2026-09-25,7,business,,,24260.0,False,16:15,ok,2026-09-18T02:06:59.029018+05:30,2026-09-18_0206IST,airline_direct,IndiGo
DEL,BOM,6E,IndiGo,6E 327,2026-09-25,7,economy,,,6357.0,False,16:15,ok,2026-09-18T02:06:59.029018+05:30,2026-09-18_0206IST,airline_direct,IndiGo
DEL,BOM,6E,IndiGo,6E 6114,2026-09-25,7,business,,,24260.0,False,22:45,ok,2026-09-18T02:06:59.029018+05:30,2026-09-18_0206IST,airline_direct,IndiGo
DEL,BOM,6E,IndiGo,6E 6114,2026-09-25,7,economy,,,6357.0,False,22:45,ok,2026-09-18T02:06:59.029018+05:30,2026-09-18_0206IST,airline_direct,IndiGo
DEL,BOM,6E,IndiGo,6E 6814,2026-09-25,7,business,,,24260.0,False,07:15,ok,2026-09-18T02:06:59.029018+05:30,2026-09-18_0206IST,airline_direct,IndiGo
DEL,BOM,6E,IndiGo,6E 6814,2026-09-25,7,economy,,,6431.0,False,07:15,ok,2026-09-18T02:06:59.029018+05:30,2026-09-18_0206IST,airline_direct,IndiGo
DEL,BOM,6E,IndiGo,6E 320,2026-09-25,7,business,,,24260.0,False,08:00,ok,2026-09-18T02:06:59.029018+05:30,2026-09-18_0206IST,airline_direct,IndiGo
DEL,BOM,6E,IndiGo,6E 320,2026-09-25,7,economy,,,6431.0,False,08:00,ok,2026-09-18T02:06:59.029018+05:30,2026-09-18_0206IST,airline_direct,IndiGo
DEL,BOM,6E,IndiGo,6E 6706,2026-09-25,7,business,,,24260.0,False,17:00,ok,2026-09-18T02:06:59.029018+05:30,2026-09-18_0206IST,airline_direct,IndiGo
DEL,BOM,6E,IndiGo,6E 6706,2026-09-25,7,economy,,,6688.0,False,17:00,ok,2026-09-18T02:06:59.029018+05:30,2026-09-18_0206IST,airline_direct,IndiGo
DEL,BOM,6E,IndiGo,6E 395,2026-09-25,7,business,,,24260.0,False,21:45,ok,2026-09-18T02:06:59.029018+05:30,2026-09-18_0206IST,airline_direct,IndiGo
DEL,BOM,6E,IndiGo,6E 395,2026-09-25,7,economy,,,7003.0,False,21:45,ok,2026-09-18T02:06:59.029018+05:30,2026-09-18_0206IST,airline_direct,IndiGo
DEL,BOM,6E,IndiGo,6E 329,2026-09-25,7,business,,,24260.0,False,18:00,ok,2026-09-18T02:06:59.029018+05:30,2026-09-18_0206IST,airline_direct,IndiGo
DEL,BOM,6E,IndiGo,6E 329,2026-09-25,7,economy,,,7318.0,False,18:00,ok,2026-09-18T02:06:59.029018+05:30,2026-09-18_0206IST,airline_direct,IndiGo
DEL,BOM,6E,IndiGo,6E 853,2026-09-25,7,business,,,24260.0,False,20:45,ok,2026-09-18T02:06:59.029018+05:30,2026-09-18_0206IST,airline_direct,IndiGo
DEL,BOM,6E,IndiGo,6E 853,2026-09-25,7,economy,,,7318.0,False,20:45,ok,2026-09-18T02:06:59.029018+05:30,2026-09-18_0206IST,airline_direct,IndiGo
DEL,BOM,6E,IndiGo,6E 303,2026-09-25,7,business,,,24260.0,False,20:00,ok,2026-09-18T02:06:59.029018+05:30,2026-09-18_0206IST,airline_direct,IndiGo
DEL,BOM,6E,IndiGo,6E 303,2026-09-25,7,economy,,,7685.0,False,20:00,ok,2026-09-18T02:06:59.029018+05:30,2026-09-18_0206IST,airline_direct,IndiGo
DEL,BOM,6E,IndiGo,6E 354,2026-09-25,7,business,,,24260.0,False,19:00,ok,2026-09-18T02:06:59.029018+05:30,2026-09-18_0206IST,airline_direct,IndiGo
DEL,BOM,6E,IndiGo,6E 354,2026-09-25,7,economy,,,9260.0,False,19:00,ok,2026-09-18T02:06:59.029018+05:30,2026-09-18_0206IST,airline_direct,IndiGo
DEL,BOM,6E,IndiGo,6E 6261,2026-09-25,7,economy,,,7120.0,False,00:15,ok,2026-09-18T02:06:59.029018+05:30,2026-09-18_0206IST,airline_direct,IndiGo
DEL,BOM,6E,IndiGo,6E 5119,2026-09-25,7,economy,,,7120.0,False,05:10,ok,2026-09-18T02:06:59.029018+05:30,2026-09-18_0206IST,airline_direct,IndiGo
DEL,BOM,6E,IndiGo,6E 5119,2026-09-25,7,economy,,,7120.0,False,05:10,ok,2026-09-18T02:06:59.029018+05:30,2026-09-18_0206IST,airline_direct,IndiGo
DEL,BOM,6E,IndiGo,6E 6171,2026-09-25,7,economy,,,7120.0,False,05:40,ok,2026-09-18T02:06:59.029018+05:30,2026-09-18_0206IST,airline_direct,IndiGo
DEL,BOM,6E,IndiGo,6E 2076,2026-09-25,7,economy,,,7120.0,False,07:30,ok,2026-09-18T02:06:59.029018+05:30,2026-09-18_0206IST,airline_direct,IndiGo
DEL,BOM,6E,IndiGo,6E 6983,2026-09-25,7,economy,,,7120.0,False,15:35,ok,2026-09-18T02:06:59.029018+05:30,2026-09-18_0206IST,airline_direct,IndiGo
DEL,BOM,6E,IndiGo,6E 5073,2026-09-25,7,economy,,,7120.0,False,17:05,ok,2026-09-18T02:06:59.029018+05:30,2026-09-18_0206IST,airline_direct,IndiGo
DEL,BOM,6E,IndiGo,6E 2013,2026-09-25,7,economy,,,7120.0,False,21:50,ok,2026-09-18T02:06:59.029018+05:30,2026-09-18_0206IST,airline_direct,IndiGo
DEL,BOM,6E,IndiGo,6E 6569,2026-09-25,7,economy,,,7252.0,False,05:00,ok,2026-09-18T02:06:59.029018+05:30,2026-09-18_0206IST,airline_direct,IndiGo
DEL,BOM,6E,IndiGo,6E 6459,2026-09-25,7,economy,,,7252.0,False,05:55,ok,2026-09-18T02:06:59.029018+05:30,2026-09-18_0206IST,airline_direct,IndiGo
DEL,BOM,6E,IndiGo,6E 6443,2026-09-25,7,economy,,,7252.0,False,09:00,ok,2026-09-18T02:06:59.029018+05:30,2026-09-18_0206IST,airline_direct,IndiGo
DEL,BOM,6E,IndiGo,6E 6488,2026-09-25,7,economy,,,7252.0,False,11:20,ok,2026-09-18T02:06:59.029018+05:30,2026-09-18_0206IST,airline_direct,IndiGo
DEL,BOM,6E,IndiGo,6E 2249,2026-09-25,7,economy,,,7252.0,False,15:00,ok,2026-09-18T02:06:59.029018+05:30,2026-09-18_0206IST,airline_direct,IndiGo
DEL,BOM,6E,IndiGo,6E 6433,2026-09-25,7,economy,,,7252.0,False,16:30,ok,2026-09-18T02:06:59.029018+05:30,2026-09-18_0206IST,airline_direct,IndiGo
DEL,BOM,6E,IndiGo,6E 6829,2026-09-25,7,economy,,,7252.0,False,17:20,ok,2026-09-18T02:06:59.029018+05:30,2026-09-18_0206IST,airline_direct,IndiGo
DEL,BOM,6E,IndiGo,6E 6829,2026-09-25,7,economy,,,7252.0,False,17:20,ok,2026-09-18T02:06:59.029018+05:30,2026-09-18_0206IST,airline_direct,IndiGo
DEL,BOM,6E,IndiGo,6E 5138,2026-09-25,7,economy,,,7252.0,False,19:10,ok,2026-09-18T02:06:59.029018+05:30,2026-09-18_0206IST,airline_direct,IndiGo
DEL,BOM,6E,IndiGo,6E 2169,2026-09-25,7,economy,,,7252.0,False,19:40,ok,2026-09-18T02:06:59.029018+05:30,2026-09-18_0206IST,airline_direct,IndiGo
DEL,BOM,6E,IndiGo,6E 6476,2026-09-25,7,economy,,,7330.0,False,07:05,ok,2026-09-18T02:06:59.029018+05:30,2026-09-18_0206IST,airline_direct,IndiGo
DEL,BOM,6E,IndiGo,6E 6050,2026-09-25,7,economy,,,7330.0,False,08:15,ok,2026-09-18T02:06:59.029018+05:30,2026-09-18_0206IST,airline_direct,IndiGo
DEL,BOM,6E,IndiGo,6E 2151,2026-09-25,7,economy,,,7330.0,False,19:45,ok,2026-09-18T02:06:59.029018+05:30,2026-09-18_0206IST,airline_direct,IndiGo
DEL,BOM,6E,IndiGo,6E 6479,2026-09-25,7,economy,,,7330.0,False,21:25,ok,2026-09-18T02:06:59.029018+05:30,2026-09-18_0206IST,airline_direct,IndiGo
DEL,BOM,6E,IndiGo,6E 6293,2026-09-25,7,business,,,36166.0,False,09:55,ok,2026-09-18T02:06:59.029018+05:30,2026-09-18_0206IST,airline_direct,IndiGo
DEL,BOM,6E,IndiGo,6E 6293,2026-09-25,7,economy,,,7462.0,False,09:55,ok,2026-09-18T02:06:59.029018+05:30,2026-09-18_0206IST,airline_direct,IndiGo
DEL,BOM,6E,IndiGo,6E 2381,2026-09-25,7,economy,,,7462.0,False,13:45,ok,2026-09-18T02:06:59.029018+05:30,2026-09-18_0206IST,airline_direct,IndiGo
DEL,BOM,6E,IndiGo,6E 6497,2026-09-25,7,economy,,,7462.0,False,18:40,ok,2026-09-18T02:06:59.029018+05:30,2026-09-18_0206IST,airline_direct,IndiGo
DEL,BOM,6E,IndiGo,6E 6601,2026-09-25,7,business,,,36166.0,False,19:45,ok,2026-09-18T02:06:59.029018+05:30,2026-09-18_0206IST,airline_direct,IndiGo
DEL,BOM,6E,IndiGo,6E 6601,2026-09-25,7,economy,,,7462.0,False,19:45,ok,2026-09-18T02:06:59.029018+05:30,2026-09-18_0206IST,airline_direct,IndiGo
DEL,BOM,6E,IndiGo,6E 882,2026-09-25,7,business,,,29592.0,False,23:15,ok,2026-09-18T02:06:59.029018+05:30,2026-09-18_0206IST,airline_direct,IndiGo
DEL,BOM,6E,IndiGo,6E 882,2026-09-25,7,economy,,,7462.0,False,23:15,ok,2026-09-18T02:06:59.029018+05:30,2026-09-18_0206IST,airline_direct,IndiGo
DEL,BOM,6E,IndiGo,6E 2331,2026-09-25,7,economy,,,7695.0,False,12:20,ok,2026-09-18T02:06:59.029018+05:30,2026-09-18_0206IST,airline_direct,IndiGo
DEL,BOM,6E,IndiGo,6E 931,2026-09-25,7,economy,,,7695.0,False,19:35,ok,2026-09-18T02:06:59.029018+05:30,2026-09-18_0206IST,airline_direct,IndiGo
DEL,BOM,6E,IndiGo,6E 6282,2026-09-25,7,business,,,38630.0,False,13:30,ok,2026-09-18T02:06:59.029018+05:30,2026-09-18_0206IST,airline_direct,IndiGo
DEL,BOM,6E,IndiGo,6E 6282,2026-09-25,7,economy,,,8036.0,False,13:30,ok,2026-09-18T02:06:59.029018+05:30,2026-09-18_0206IST,airline_direct,IndiGo
DEL,BOM,6E,IndiGo,6E 357,2026-09-25,7,business,,,35317.0,False,19:30,ok,2026-09-18T02:06:59.029018+05:30,2026-09-18_0206IST,airline_direct,IndiGo
DEL,BOM,6E,IndiGo,6E 357,2026-09-25,7,economy,,,8115.0,False,19:30,ok,2026-09-18T02:06:59.029018+05:30,2026-09-18_0206IST,airline_direct,IndiGo
DEL,BOM,6E,IndiGo,6E 5033,2026-09-25,7,economy,,,8325.0,False,15:50,ok,2026-09-18T02:06:59.029018+05:30,2026-09-18_0206IST,airline_direct,IndiGo
DEL,BOM,6E,IndiGo,6E 5298,2026-09-25,7,economy,,,8535.0,False,09:00,ok,2026-09-18T02:06:59.029018+05:30,2026-09-18_0206IST,airline_direct,IndiGo
DEL,BOM,6E,IndiGo,6E 5038,2026-09-25,7,economy,,,8535.0,False,14:00,ok,2026-09-18T02:06:59.029018+05:30,2026-09-18_0206IST,airline_direct,IndiGo
DEL,BOM,6E,IndiGo,6E 6212,2026-09-25,7,business,,,38630.0,False,14:45,ok,2026-09-18T02:06:59.029018+05:30,2026-09-18_0206IST,airline_direct,IndiGo
DEL,BOM,6E,IndiGo,6E 6212,2026-09-25,7,economy,,,8666.0,False,14:45,ok,2026-09-18T02:06:59.029018+05:30,2026-09-18_0206IST,airline_direct,IndiGo
DEL,BOM,6E,IndiGo,6E 2341,2026-09-25,7,economy,,,9019.0,False,14:50,ok,2026-09-18T02:06:59.029018+05:30,2026-09-18_0206IST,airline_direct,IndiGo
DEL,BOM,6E,IndiGo,6E 5206,2026-09-25,7,economy,,,9229.0,False,13:20,ok,2026-09-18T02:06:59.029018+05:30,2026-09-18_0206IST,airline_direct,IndiGo
DEL,BOM,6E,IndiGo,6E 2349,2026-09-25,7,economy,,,9713.0,False,10:55,ok,2026-09-18T02:06:59.029018+05:30,2026-09-18_0206IST,airline_direct,IndiGo
DEL,BOM,6E,IndiGo,6E 705,2026-09-25,7,business,,,36166.0,False,08:30,ok,2026-09-18T02:06:59.029018+05:30,2026-09-18_0206IST,airline_direct,IndiGo
DEL,BOM,6E,IndiGo,6E 705,2026-09-25,7,economy,,,10121.0,False,08:30,ok,2026-09-18T02:06:59.029018+05:30,2026-09-18_0206IST,airline_direct,IndiGo
DEL,BOM,6E,IndiGo,6E 2496,2026-09-25,7,economy,,,10436.0,False,12:40,ok,2026-09-18T02:06:59.029018+05:30,2026-09-18_0206IST,airline_direct,IndiGo
DEL,BOM,6E,IndiGo,6E 2298,2026-09-25,7,economy,,,14280.0,False,09:45,ok,2026-09-18T02:06:59.029018+05:30,2026-09-18_0206IST,airline_direct,IndiGo
DEL,BOM,6E,IndiGo,6E 5073,2026-09-25,7,economy,,,15288.0,False,17:05,ok,2026-09-18T02:06:59.029018+05:30,2026-09-18_0206IST,airline_direct,IndiGo
DEL,BOM,6E,IndiGo,6E 358,2026-09-25,7,business,,,35519.0,False,12:15,ok,2026-09-18T02:06:59.029018+05:30,2026-09-18_0206IST,airline_direct,IndiGo
DEL,BOM,6E,IndiGo,6E 358,2026-09-25,7,economy,,,16653.0,False,12:15,ok,2026-09-18T02:06:59.029018+05:30,2026-09-18_0206IST,airline_direct,IndiGo
DEL,BOM,6E,IndiGo,6E 5014,2026-09-25,7,economy,,,18208.0,False,18:30,ok,2026-09-18T02:06:59.029018+05:30,2026-09-18_0206IST,airline_direct,IndiGo
DEL,BLR,6E,IndiGo,6E 820,2026-09-25,7,business,,,29942.0,False,03:00,ok,2026-09-18T02:08:03.029837+05:30,2026-09-18_0208IST,airline_direct,IndiGo
DEL,BLR,6E,IndiGo,6E 820,2026-09-25,7,economy,,,8671.0,False,03:00,ok,2026-09-18T02:08:03.029837+05:30,2026-09-18_0208IST,airline_direct,IndiGo
DEL,BLR,6E,IndiGo,6E 2314,2026-09-25,7,business,,,29942.0,False,05:45,ok,2026-09-18T02:08:03.029837+05:30,2026-09-18_0208IST,airline_direct,IndiGo
DEL,BLR,6E,IndiGo,6E 2314,2026-09-25,7,economy,,,8671.0,False,05:45,ok,2026-09-18T02:08:03.029837+05:30,2026-09-18_0208IST,airline_direct,IndiGo
DEL,BLR,6E,IndiGo,6E 810,2026-09-25,7,business,,,29942.0,False,07:05,ok,2026-09-18T02:08:03.029837+05:30,2026-09-18_0208IST,airline_direct,IndiGo
DEL,BLR,6E,IndiGo,6E 810,2026-09-25,7,economy,,,8671.0,False,07:05,ok,2026-09-18T02:08:03.029837+05:30,2026-09-18_0208IST,airline_direct,IndiGo
DEL,BLR,6E,IndiGo,6E 873,2026-09-25,7,business,,,29942.0,False,08:20,ok,2026-09-18T02:08:03.029837+05:30,2026-09-18_0208IST,airline_direct,IndiGo
DEL,BLR,6E,IndiGo,6E 873,2026-09-25,7,economy,,,8671.0,False,08:20,ok,2026-09-18T02:08:03.029837+05:30,2026-09-18_0208IST,airline_direct,IndiGo
DEL,BLR,6E,IndiGo,6E 826,2026-09-25,7,business,,,31228.0,False,09:30,ok,2026-09-18T02:08:03.029837+05:30,2026-09-18_0208IST,airline_direct,IndiGo
DEL,BLR,6E,IndiGo,6E 826,2026-09-25,7,economy,,,8671.0,False,09:30,ok,2026-09-18T02:08:03.029837+05:30,2026-09-18_0208IST,airline_direct,IndiGo
DEL,BLR,6E,IndiGo,6E 842,2026-09-25,7,business,,,29942.0,False,10:45,ok,2026-09-18T02:08:03.029837+05:30,2026-09-18_0208IST,airline_direct,IndiGo
DEL,BLR,6E,IndiGo,6E 842,2026-09-25,7,economy,,,8671.0,False,10:45,ok,2026-09-18T02:08:03.029837+05:30,2026-09-18_0208IST,airline_direct,IndiGo
DEL,BLR,6E,IndiGo,6E 850,2026-09-25,7,business,,,29942.0,False,12:20,ok,2026-09-18T02:08:03.029837+05:30,2026-09-18_0208IST,airline_direct,IndiGo
DEL,BLR,6E,IndiGo,6E 850,2026-09-25,7,economy,,,8671.0,False,12:20,ok,2026-09-18T02:08:03.029837+05:30,2026-09-18_0208IST,airline_direct,IndiGo
DEL,BLR,6E,IndiGo,6E 176,2026-09-25,7,business,,,29942.0,False,13:15,ok,2026-09-18T02:08:03.029837+05:30,2026-09-18_0208IST,airline_direct,IndiGo
DEL,BLR,6E,IndiGo,6E 176,2026-09-25,7,economy,,,8671.0,False,13:15,ok,2026-09-18T02:08:03.029837+05:30,2026-09-18_0208IST,airline_direct,IndiGo
DEL,BLR,6E,IndiGo,6E 828,2026-09-25,7,business,,,31228.0,False,14:30,ok,2026-09-18T02:08:03.029837+05:30,2026-09-18_0208IST,airline_direct,IndiGo
DEL,BLR,6E,IndiGo,6E 828,2026-09-25,7,economy,,,8671.0,False,14:30,ok,2026-09-18T02:08:03.029837+05:30,2026-09-18_0208IST,airline_direct,IndiGo
DEL,BLR,6E,IndiGo,6E 880,2026-09-25,7,business,,,29942.0,False,15:45,ok,2026-09-18T02:08:03.029837+05:30,2026-09-18_0208IST,airline_direct,IndiGo
DEL,BLR,6E,IndiGo,6E 880,2026-09-25,7,economy,,,8671.0,False,15:45,ok,2026-09-18T02:08:03.029837+05:30,2026-09-18_0208IST,airline_direct,IndiGo
DEL,BLR,6E,IndiGo,6E 6515,2026-09-25,7,business,,,29942.0,False,20:45,ok,2026-09-18T02:08:03.029837+05:30,2026-09-18_0208IST,airline_direct,IndiGo
DEL,BLR,6E,IndiGo,6E 6515,2026-09-25,7,economy,,,8671.0,False,20:45,ok,2026-09-18T02:08:03.029837+05:30,2026-09-18_0208IST,airline_direct,IndiGo
DEL,BLR,6E,IndiGo,6E 846,2026-09-25,7,business,,,29942.0,False,22:00,ok,2026-09-18T02:08:03.029837+05:30,2026-09-18_0208IST,airline_direct,IndiGo
DEL,BLR,6E,IndiGo,6E 846,2026-09-25,7,economy,,,8671.0,False,22:00,ok,2026-09-18T02:08:03.029837+05:30,2026-09-18_0208IST,airline_direct,IndiGo
DEL,BLR,6E,IndiGo,6E 871,2026-09-25,7,business,,,29942.0,False,23:30,ok,2026-09-18T02:08:03.029837+05:30,2026-09-18_0208IST,airline_direct,IndiGo
DEL,BLR,6E,IndiGo,6E 871,2026-09-25,7,economy,,,8671.0,False,23:30,ok,2026-09-18T02:08:03.029837+05:30,2026-09-18_0208IST,airline_direct,IndiGo
DEL,BLR,6E,IndiGo,6E 837,2026-09-25,7,business,,,29942.0,False,17:00,ok,2026-09-18T02:08:03.029837+05:30,2026-09-18_0208IST,airline_direct,IndiGo
DEL,BLR,6E,IndiGo,6E 837,2026-09-25,7,economy,,,9128.0,False,17:00,ok,2026-09-18T02:08:03.029837+05:30,2026-09-18_0208IST,airline_direct,IndiGo
DEL,BLR,6E,IndiGo,6E 861,2026-09-25,7,business,,,29942.0,False,19:30,ok,2026-09-18T02:08:03.029837+05:30,2026-09-18_0208IST,airline_direct,IndiGo
DEL,BLR,6E,IndiGo,6E 861,2026-09-25,7,economy,,,9128.0,False,19:30,ok,2026-09-18T02:08:03.029837+05:30,2026-09-18_0208IST,airline_direct,IndiGo
DEL,BLR,6E,IndiGo,6E 811,2026-09-25,7,business,,,29942.0,False,18:20,ok,2026-09-18T02:08:03.029837+05:30,2026-09-18_0208IST,airline_direct,IndiGo
DEL,BLR,6E,IndiGo,6E 811,2026-09-25,7,economy,,,9613.0,False,18:20,ok,2026-09-18T02:08:03.029837+05:30,2026-09-18_0208IST,airline_direct,IndiGo
DEL,BLR,6E,IndiGo,6E 6476,2026-09-25,7,economy,,,8844.0,False,07:05,ok,2026-09-18T02:08:03.029837+05:30,2026-09-18_0208IST,airline_direct,IndiGo
DEL,BLR,6E,IndiGo,6E 2151,2026-09-25,7,economy,,,8844.0,False,19:45,ok,2026-09-18T02:08:03.029837+05:30,2026-09-18_0208IST,airline_direct,IndiGo
DEL,BLR,6E,IndiGo,6E 2319,2026-09-25,7,economy,,,9084.0,False,09:55,ok,2026-09-18T02:08:03.029837+05:30,2026-09-18_0208IST,airline_direct,IndiGo
DEL,BLR,6E,IndiGo,6E 6433,2026-09-25,7,economy,,,9867.0,False,16:30,ok,2026-09-18T02:08:03.029837+05:30,2026-09-18_0208IST,airline_direct,IndiGo
DEL,BLR,6E,IndiGo,6E 6282,2026-09-25,7,business,,,35550.0,False,13:30,ok,2026-09-18T02:08:03.029837+05:30,2026-09-18_0208IST,airline_direct,IndiGo
DEL,BLR,6E,IndiGo,6E 6282,2026-09-25,7,economy,,,9946.0,False,13:30,ok,2026-09-18T02:08:03.029837+05:30,2026-09-18_0208IST,airline_direct,IndiGo
DEL,BLR,6E,IndiGo,6E 2343,2026-09-25,7,business,,,26315.0,False,02:20,ok,2026-09-18T02:08:03.029837+05:30,2026-09-18_0208IST,airline_direct,IndiGo
DEL,BLR,6E,IndiGo,6E 2343,2026-09-25,7,economy,,,10077.0,False,02:20,ok,2026-09-18T02:08:03.029837+05:30,2026-09-18_0208IST,airline_direct,IndiGo
DEL,BLR,6E,IndiGo,6E 5119,2026-09-25,7,economy,,,10077.0,False,05:10,ok,2026-09-18T02:08:03.029837+05:30,2026-09-18_0208IST,airline_direct,IndiGo
DEL,BLR,6E,IndiGo,6E 6459,2026-09-25,7,economy,,,10077.0,False,05:55,ok,2026-09-18T02:08:03.029837+05:30,2026-09-18_0208IST,airline_direct,IndiGo
DEL,BLR,6E,IndiGo,6E 6470,2026-09-25,7,economy,,,10077.0,False,06:55,ok,2026-09-18T02:08:03.029837+05:30,2026-09-18_0208IST,airline_direct,IndiGo
DEL,BLR,6E,IndiGo,6E 6047,2026-09-25,7,business,,,40536.0,False,11:00,ok,2026-09-18T02:08:03.029837+05:30,2026-09-18_0208IST,airline_direct,IndiGo
DEL,BLR,6E,IndiGo,6E 6047,2026-09-25,7,economy,,,10077.0,False,11:00,ok,2026-09-18T02:08:03.029837+05:30,2026-09-18_0208IST,airline_direct,IndiGo
DEL,BLR,6E,IndiGo,6E 6022,2026-09-25,7,business,,,40536.0,False,14:00,ok,2026-09-18T02:08:03.029837+05:30,2026-09-18_0208IST,airline_direct,IndiGo
DEL,BLR,6E,IndiGo,6E 6022,2026-09-25,7,economy,,,10077.0,False,14:00,ok,2026-09-18T02:08:03.029837+05:30,2026-09-18_0208IST,airline_direct,IndiGo
DEL,BLR,6E,IndiGo,6E 2557,2026-09-25,7,economy,,,10077.0,False,15:20,ok,2026-09-18T02:08:03.029837+05:30,2026-09-18_0208IST,airline_direct,IndiGo
DEL,BLR,6E,IndiGo,6E 864,2026-09-25,7,business,,,40536.0,False,15:30,ok,2026-09-18T02:08:03.029837+05:30,2026-09-18_0208IST,airline_direct,IndiGo
DEL,BLR,6E,IndiGo,6E 864,2026-09-25,7,economy,,,10077.0,False,15:30,ok,2026-09-18T02:08:03.029837+05:30,2026-09-18_0208IST,airline_direct,IndiGo
DEL,BLR,6E,IndiGo,6E 734,2026-09-25,7,economy,,,10077.0,False,16:20,ok,2026-09-18T02:08:03.029837+05:30,2026-09-18_0208IST,airline_direct,IndiGo
DEL,BLR,6E,IndiGo,6E 6437,2026-09-25,7,business,,,30209.0,False,16:25,ok,2026-09-18T02:08:03.029837+05:30,2026-09-18_0208IST,airline_direct,IndiGo
DEL,BLR,6E,IndiGo,6E 6437,2026-09-25,7,economy,,,10077.0,False,16:25,ok,2026-09-18T02:08:03.029837+05:30,2026-09-18_0208IST,airline_direct,IndiGo
DEL,BLR,6E,IndiGo,6E 6706,2026-09-25,7,business,,,40536.0,False,17:00,ok,2026-09-18T02:08:03.029837+05:30,2026-09-18_0208IST,airline_direct,IndiGo
DEL,BLR,6E,IndiGo,6E 6706,2026-09-25,7,economy,,,10077.0,False,17:00,ok,2026-09-18T02:08:03.029837+05:30,2026-09-18_0208IST,airline_direct,IndiGo
DEL,BLR,6E,IndiGo,6E 5073,2026-09-25,7,economy,,,10077.0,False,17:05,ok,2026-09-18T02:08:03.029837+05:30,2026-09-18_0208IST,airline_direct,IndiGo
DEL,BLR,6E,IndiGo,6E 6829,2026-09-25,7,economy,,,10077.0,False,17:20,ok,2026-09-18T02:08:03.029837+05:30,2026-09-18_0208IST,airline_direct,IndiGo
DEL,BLR,6E,IndiGo,6E 329,2026-09-25,7,business,,,40536.0,False,18:00,ok,2026-09-18T02:08:03.029837+05:30,2026-09-18_0208IST,airline_direct,IndiGo
DEL,BLR,6E,IndiGo,6E 329,2026-09-25,7,economy,,,10077.0,False,18:00,ok,2026-09-18T02:08:03.029837+05:30,2026-09-18_0208IST,airline_direct,IndiGo
DEL,BLR,6E,IndiGo,6E 329,2026-09-25,7,business,,,40536.0,False,18:00,ok,2026-09-18T02:08:03.029837+05:30,2026-09-18_0208IST,airline_direct,IndiGo
DEL,BLR,6E,IndiGo,6E 329,2026-09-25,7,economy,,,10077.0,False,18:00,ok,2026-09-18T02:08:03.029837+05:30,2026-09-18_0208IST,airline_direct,IndiGo
DEL,BLR,6E,IndiGo,6E 6179,2026-09-25,7,economy,,,10077.0,False,18:30,ok,2026-09-18T02:08:03.029837+05:30,2026-09-18_0208IST,airline_direct,IndiGo
DEL,BLR,6E,IndiGo,6E 931,2026-09-25,7,economy,,,10077.0,False,19:35,ok,2026-09-18T02:08:03.029837+05:30,2026-09-18_0208IST,airline_direct,IndiGo
DEL,BLR,6E,IndiGo,6E 853,2026-09-25,7,business,,,40536.0,False,20:45,ok,2026-09-18T02:08:03.029837+05:30,2026-09-18_0208IST,airline_direct,IndiGo
DEL,BLR,6E,IndiGo,6E 853,2026-09-25,7,economy,,,10077.0,False,20:45,ok,2026-09-18T02:08:03.029837+05:30,2026-09-18_0208IST,airline_direct,IndiGo
DEL,BLR,6E,IndiGo,6E 6673,2026-09-25,7,business,,,26012.0,False,21:15,ok,2026-09-18T02:08:03.029837+05:30,2026-09-18_0208IST,airline_direct,IndiGo
DEL,BLR,6E,IndiGo,6E 6673,2026-09-25,7,economy,,,10077.0,False,21:15,ok,2026-09-18T02:08:03.029837+05:30,2026-09-18_0208IST,airline_direct,IndiGo
DEL,BLR,6E,IndiGo,6E 2618,2026-09-25,7,business,,,26012.0,False,23:00,ok,2026-09-18T02:08:03.029837+05:30,2026-09-18_0208IST,airline_direct,IndiGo
DEL,BLR,6E,IndiGo,6E 2618,2026-09-25,7,economy,,,10077.0,False,23:00,ok,2026-09-18T02:08:03.029837+05:30,2026-09-18_0208IST,airline_direct,IndiGo
DEL,BLR,6E,IndiGo,6E 940,2026-09-25,7,business,,,32460.0,False,09:15,ok,2026-09-18T02:08:03.029837+05:30,2026-09-18_0208IST,airline_direct,IndiGo
DEL,BLR,6E,IndiGo,6E 940,2026-09-25,7,economy,,,10156.0,False,09:15,ok,2026-09-18T02:08:03.029837+05:30,2026-09-18_0208IST,airline_direct,IndiGo
DEL,BLR,6E,IndiGo,6E 434,2026-09-25,7,business,,,35214.0,False,11:00,ok,2026-09-18T02:08:03.029837+05:30,2026-09-18_0208IST,airline_direct,IndiGo
DEL,BLR,6E,IndiGo,6E 434,2026-09-25,7,economy,,,10156.0,False,11:00,ok,2026-09-18T02:08:03.029837+05:30,2026-09-18_0208IST,airline_direct,IndiGo
DEL,BLR,6E,IndiGo,6E 5038,2026-09-25,7,economy,,,10156.0,False,14:00,ok,2026-09-18T02:08:03.029837+05:30,2026-09-18_0208IST,airline_direct,IndiGo
DEL,BLR,6E,IndiGo,6E 5033,2026-09-25,7,economy,,,10156.0,False,15:50,ok,2026-09-18T02:08:03.029837+05:30,2026-09-18_0208IST,airline_direct,IndiGo
DEL,BLR,6E,IndiGo,6E 6632,2026-09-25,7,economy,,,10156.0,False,17:50,ok,2026-09-18T02:08:03.029837+05:30,2026-09-18_0208IST,airline_direct,IndiGo
DEL,BLR,6E,IndiGo,6E 5001,2026-09-25,7,economy,,,10314.0,False,17:10,ok,2026-09-18T02:08:03.029837+05:30,2026-09-18_0208IST,airline_direct,IndiGo
DEL,BLR,6E,IndiGo,6E 5191,2026-09-25,7,business,,,36414.0,False,05:00,ok,2026-09-18T02:08:03.029837+05:30,2026-09-18_0208IST,airline_direct,IndiGo
DEL,BLR,6E,IndiGo,6E 5191,2026-09-25,7,economy,,,10497.0,False,05:00,ok,2026-09-18T02:08:03.029837+05:30,2026-09-18_0208IST,airline_direct,IndiGo
DEL,BLR,6E,IndiGo,6E 513,2026-09-25,7,business,,,35588.0,False,08:30,ok,2026-09-18T02:08:03.029837+05:30,2026-09-18_0208IST,airline_direct,IndiGo
DEL,BLR,6E,IndiGo,6E 513,2026-09-25,7,economy,,,10497.0,False,08:30,ok,2026-09-18T02:08:03.029837+05:30,2026-09-18_0208IST,airline_direct,IndiGo
DEL,BLR,6E,IndiGo,6E 884,2026-09-25,7,business,,,36744.0,False,11:45,ok,2026-09-18T02:08:03.029837+05:30,2026-09-18_0208IST,airline_direct,IndiGo
DEL,BLR,6E,IndiGo,6E 884,2026-09-25,7,economy,,,10720.0,False,11:45,ok,2026-09-18T02:08:03.029837+05:30,2026-09-18_0208IST,airline_direct,IndiGo
DEL,BLR,6E,IndiGo,6E 6497,2026-09-25,7,economy,,,11061.0,False,18:40,ok,2026-09-18T02:08:03.029837+05:30,2026-09-18_0208IST,airline_direct,IndiGo
DEL,BLR,6E,IndiGo,6E 6091,2026-09-25,7,business,,,41535.0,False,15:15,ok,2026-09-18T02:08:03.029837+05:30,2026-09-18_0208IST,airline_direct,IndiGo
DEL,BLR,6E,IndiGo,6E 6091,2026-09-25,7,economy,,,11775.0,False,15:15,ok,2026-09-18T02:08:03.029837+05:30,2026-09-18_0208IST,airline_direct,IndiGo
DEL,BLR,6E,IndiGo,6E 2349,2026-09-25,7,economy,,,12740.0,False,10:55,ok,2026-09-18T02:08:03.029837+05:30,2026-09-18_0208IST,airline_direct,IndiGo
DEL,BLR,6E,IndiGo,6E 6217,2026-09-25,7,business,,,39516.0,False,16:15,ok,2026-09-18T02:08:03.029837+05:30,2026-09-18_0208IST,airline_direct,IndiGo
DEL,BLR,6E,IndiGo,6E 6217,2026-09-25,7,economy,,,13499.0,False,16:15,ok,2026-09-18T02:08:03.029837+05:30,2026-09-18_0208IST,airline_direct,IndiGo
DEL,BLR,6E,IndiGo,6E 2364,2026-09-25,7,economy,,,13867.0,False,04:50,ok,2026-09-18T02:08:03.029837+05:30,2026-09-18_0208IST,airline_direct,IndiGo
DEL,BLR,6E,IndiGo,6E 6212,2026-09-25,7,business,,,38062.0,False,14:45,ok,2026-09-18T02:08:03.029837+05:30,2026-09-18_0208IST,airline_direct,IndiGo
DEL,BLR,6E,IndiGo,6E 6212,2026-09-25,7,economy,,,14603.0,False,14:45,ok,2026-09-18T02:08:03.029837+05:30,2026-09-18_0208IST,airline_direct,IndiGo
DEL,BLR,6E,IndiGo,6E 6293,2026-09-25,7,business,,,33488.0,False,09:55,ok,2026-09-18T02:08:03.029837+05:30,2026-09-18_0208IST,airline_direct,IndiGo
DEL,BLR,6E,IndiGo,6E 6293,2026-09-25,7,economy,,,17014.0,False,09:55,ok,2026-09-18T02:08:03.029837+05:30,2026-09-18_0208IST,airline_direct,IndiGo
DEL,BLR,6E,IndiGo,6E 717,2026-09-25,7,business,,,35550.0,False,17:55,ok,2026-09-18T02:08:03.029837+05:30,2026-09-18_0208IST,airline_direct,IndiGo
DEL,BLR,6E,IndiGo,6E 717,2026-09-25,7,economy,,,18140.0,False,17:55,ok,2026-09-18T02:08:03.029837+05:30,2026-09-18_0208IST,airline_direct,IndiGo
DEL,BLR,6E,IndiGo,6E 2277,2026-09-25,7,economy,,,18778.0,False,10:25,ok,2026-09-18T02:08:03.029837+05:30,2026-09-18_0208IST,airline_direct,IndiGo
DEL,BLR,6E,IndiGo,6E 947,2026-09-25,7,business,,,35936.0,False,16:40,ok,2026-09-18T02:08:03.029837+05:30,2026-09-18_0208IST,airline_direct,IndiGo
DEL,BLR,6E,IndiGo,6E 947,2026-09-25,7,economy,,,19193.0,False,16:40,ok,2026-09-18T02:08:03.029837+05:30,2026-09-18_0208IST,airline_direct,IndiGo
DEL,BLR,6E,IndiGo,6E 950,2026-09-25,7,business,,,35936.0,False,18:15,ok,2026-09-18T02:08:03.029837+05:30,2026-09-18_0208IST,airline_direct,IndiGo
DEL,BLR,6E,IndiGo,6E 950,2026-09-25,7,economy,,,22206.0,False,18:15,ok,2026-09-18T02:08:03.029837+05:30,2026-09-18_0208IST,airline_direct,IndiGo
BOM,BLR,6E,IndiGo,6E 5323,2026-09-25,7,business,,,22488.0,False,01:10,ok,2026-09-18T02:09:05.570483+05:30,2026-09-18_0209IST,airline_direct,IndiGo
BOM,BLR,6E,IndiGo,6E 5323,2026-09-25,7,economy,,,4893.0,False,01:10,ok,2026-09-18T02:09:05.570483+05:30,2026-09-18_0209IST,airline_direct,IndiGo
BOM,BLR,6E,IndiGo,6E 5294,2026-09-25,7,business,,,22488.0,False,04:30,ok,2026-09-18T02:09:05.570483+05:30,2026-09-18_0209IST,airline_direct,IndiGo
BOM,BLR,6E,IndiGo,6E 5294,2026-09-25,7,economy,,,4893.0,False,04:30,ok,2026-09-18T02:09:05.570483+05:30,2026-09-18_0209IST,airline_direct,IndiGo
BOM,BLR,6E,IndiGo,6E 5296,2026-09-25,7,business,,,22488.0,False,06:30,ok,2026-09-18T02:09:05.570483+05:30,2026-09-18_0209IST,airline_direct,IndiGo
BOM,BLR,6E,IndiGo,6E 5296,2026-09-25,7,economy,,,6747.0,False,06:30,ok,2026-09-18T02:09:05.570483+05:30,2026-09-18_0209IST,airline_direct,IndiGo
BOM,BLR,6E,IndiGo,6E 5193,2026-09-25,7,economy,,,6747.0,False,08:05,ok,2026-09-18T02:09:05.570483+05:30,2026-09-18_0209IST,airline_direct,IndiGo
BOM,BLR,6E,IndiGo,6E 5092,2026-09-25,7,business,,,22488.0,False,09:50,ok,2026-09-18T02:09:05.570483+05:30,2026-09-18_0209IST,airline_direct,IndiGo
BOM,BLR,6E,IndiGo,6E 5092,2026-09-25,7,economy,,,6747.0,False,09:50,ok,2026-09-18T02:09:05.570483+05:30,2026-09-18_0209IST,airline_direct,IndiGo
BOM,BLR,6E,IndiGo,6E 5071,2026-09-25,7,business,,,22488.0,False,15:35,ok,2026-09-18T02:09:05.570483+05:30,2026-09-18_0209IST,airline_direct,IndiGo
BOM,BLR,6E,IndiGo,6E 5071,2026-09-25,7,economy,,,6747.0,False,15:35,ok,2026-09-18T02:09:05.570483+05:30,2026-09-18_0209IST,airline_direct,IndiGo
BOM,BLR,6E,IndiGo,6E 6188,2026-09-25,7,business,,,22488.0,False,21:30,ok,2026-09-18T02:09:05.570483+05:30,2026-09-18_0209IST,airline_direct,IndiGo
BOM,BLR,6E,IndiGo,6E 6188,2026-09-25,7,economy,,,6747.0,False,21:30,ok,2026-09-18T02:09:05.570483+05:30,2026-09-18_0209IST,airline_direct,IndiGo
BOM,BLR,6E,IndiGo,6E 5388,2026-09-25,7,business,,,22488.0,False,22:20,ok,2026-09-18T02:09:05.570483+05:30,2026-09-18_0209IST,airline_direct,IndiGo
BOM,BLR,6E,IndiGo,6E 5388,2026-09-25,7,economy,,,6747.0,False,22:20,ok,2026-09-18T02:09:05.570483+05:30,2026-09-18_0209IST,airline_direct,IndiGo
BOM,BLR,6E,IndiGo,6E 5217,2026-09-25,7,business,,,22488.0,False,11:00,ok,2026-09-18T02:09:05.570483+05:30,2026-09-18_0209IST,airline_direct,IndiGo
BOM,BLR,6E,IndiGo,6E 5217,2026-09-25,7,economy,,,7062.0,False,11:00,ok,2026-09-18T02:09:05.570483+05:30,2026-09-18_0209IST,airline_direct,IndiGo
BOM,BLR,6E,IndiGo,6E 5184,2026-09-25,7,business,,,22488.0,False,12:30,ok,2026-09-18T02:09:05.570483+05:30,2026-09-18_0209IST,airline_direct,IndiGo
BOM,BLR,6E,IndiGo,6E 5184,2026-09-25,7,economy,,,7062.0,False,12:30,ok,2026-09-18T02:09:05.570483+05:30,2026-09-18_0209IST,airline_direct,IndiGo
BOM,BLR,6E,IndiGo,6E 5382,2026-09-25,7,business,,,22488.0,False,14:30,ok,2026-09-18T02:09:05.570483+05:30,2026-09-18_0209IST,airline_direct,IndiGo
BOM,BLR,6E,IndiGo,6E 5382,2026-09-25,7,economy,,,7062.0,False,14:30,ok,2026-09-18T02:09:05.570483+05:30,2026-09-18_0209IST,airline_direct,IndiGo
BOM,BLR,6E,IndiGo,6E 5221,2026-09-25,7,business,,,22488.0,False,17:00,ok,2026-09-18T02:09:05.570483+05:30,2026-09-18_0209IST,airline_direct,IndiGo
BOM,BLR,6E,IndiGo,6E 5221,2026-09-25,7,economy,,,7062.0,False,17:00,ok,2026-09-18T02:09:05.570483+05:30,2026-09-18_0209IST,airline_direct,IndiGo
BOM,BLR,6E,IndiGo,6E 5047,2026-09-25,7,business,,,22488.0,False,18:30,ok,2026-09-18T02:09:05.570483+05:30,2026-09-18_0209IST,airline_direct,IndiGo
BOM,BLR,6E,IndiGo,6E 5047,2026-09-25,7,economy,,,8217.0,False,18:30,ok,2026-09-18T02:09:05.570483+05:30,2026-09-18_0209IST,airline_direct,IndiGo
BOM,BLR,6E,IndiGo,6E 5032,2026-09-25,7,business,,,22488.0,False,19:55,ok,2026-09-18T02:09:05.570483+05:30,2026-09-18_0209IST,airline_direct,IndiGo
BOM,BLR,6E,IndiGo,6E 5032,2026-09-25,7,economy,,,8217.0,False,19:55,ok,2026-09-18T02:09:05.570483+05:30,2026-09-18_0209IST,airline_direct,IndiGo
BOM,BLR,6E,IndiGo,6E 6361,2026-09-25,7,economy,,,7243.0,False,05:00,ok,2026-09-18T02:09:05.570483+05:30,2026-09-18_0209IST,airline_direct,IndiGo
BOM,BLR,6E,IndiGo,6E 5241,2026-09-25,7,economy,,,7243.0,False,16:40,ok,2026-09-18T02:09:05.570483+05:30,2026-09-18_0209IST,airline_direct,IndiGo
BOM,BLR,6E,IndiGo,6E 5241,2026-09-25,7,economy,,,7243.0,False,16:40,ok,2026-09-18T02:09:05.570483+05:30,2026-09-18_0209IST,airline_direct,IndiGo
BOM,BLR,6E,IndiGo,6E 6802,2026-09-25,7,economy,,,7505.0,False,16:55,ok,2026-09-18T02:09:05.570483+05:30,2026-09-18_0209IST,airline_direct,IndiGo
BOM,BLR,6E,IndiGo,6E 632,2026-09-25,7,economy,,,7584.0,False,04:00,ok,2026-09-18T02:09:05.570483+05:30,2026-09-18_0209IST,airline_direct,IndiGo
BOM,BLR,6E,IndiGo,6E 6701,2026-09-25,7,economy,,,7584.0,False,05:35,ok,2026-09-18T02:09:05.570483+05:30,2026-09-18_0209IST,airline_direct,IndiGo
BOM,BLR,6E,IndiGo,6E 6701,2026-09-25,7,economy,,,7584.0,False,05:35,ok,2026-09-18T02:09:05.570483+05:30,2026-09-18_0209IST,airline_direct,IndiGo
BOM,BLR,6E,IndiGo,6E 5188,2026-09-25,7,business,,,26046.0,False,06:15,ok,2026-09-18T02:09:05.570483+05:30,2026-09-18_0209IST,airline_direct,IndiGo
BOM,BLR,6E,IndiGo,6E 5188,2026-09-25,7,economy,,,7584.0,False,06:15,ok,2026-09-18T02:09:05.570483+05:30,2026-09-18_0209IST,airline_direct,IndiGo
BOM,BLR,6E,IndiGo,6E 5109,2026-09-25,7,economy,,,7584.0,False,09:35,ok,2026-09-18T02:09:05.570483+05:30,2026-09-18_0209IST,airline_direct,IndiGo
BOM,BLR,6E,IndiGo,6E 5313,2026-09-25,7,business,,,27179.0,False,09:50,ok,2026-09-18T02:09:05.570483+05:30,2026-09-18_0209IST,airline_direct,IndiGo
BOM,BLR,6E,IndiGo,6E 5313,2026-09-25,7,economy,,,7584.0,False,09:50,ok,2026-09-18T02:09:05.570483+05:30,2026-09-18_0209IST,airline_direct,IndiGo
BOM,BLR,6E,IndiGo,6E 5313,2026-09-25,7,business,,,29933.0,False,09:50,ok,2026-09-18T02:09:05.570483+05:30,2026-09-18_0209IST,airline_direct,IndiGo
BOM,BLR,6E,IndiGo,6E 5313,2026-09-25,7,economy,,,7584.0,False,09:50,ok,2026-09-18T02:09:05.570483+05:30,2026-09-18_0209IST,airline_direct,IndiGo
BOM,BLR,6E,IndiGo,6E 6349,2026-09-25,7,business,,,29933.0,False,11:40,ok,2026-09-18T02:09:05.570483+05:30,2026-09-18_0209IST,airline_direct,IndiGo
BOM,BLR,6E,IndiGo,6E 6349,2026-09-25,7,economy,,,7584.0,False,11:40,ok,2026-09-18T02:09:05.570483+05:30,2026-09-18_0209IST,airline_direct,IndiGo
BOM,BLR,6E,IndiGo,6E 673,2026-09-25,7,economy,,,7584.0,False,12:35,ok,2026-09-18T02:09:05.570483+05:30,2026-09-18_0209IST,airline_direct,IndiGo
BOM,BLR,6E,IndiGo,6E 673,2026-09-25,7,economy,,,7584.0,False,12:35,ok,2026-09-18T02:09:05.570483+05:30,2026-09-18_0209IST,airline_direct,IndiGo
BOM,BLR,6E,IndiGo,6E 5201,2026-09-25,7,economy,,,7584.0,False,14:55,ok,2026-09-18T02:09:05.570483+05:30,2026-09-18_0209IST,airline_direct,IndiGo
BOM,BLR,6E,IndiGo,6E 5196,2026-09-25,7,business,,,30655.0,False,15:25,ok,2026-09-18T02:09:05.570483+05:30,2026-09-18_0209IST,airline_direct,IndiGo
BOM,BLR,6E,IndiGo,6E 5196,2026-09-25,7,economy,,,7584.0,False,15:25,ok,2026-09-18T02:09:05.570483+05:30,2026-09-18_0209IST,airline_direct,IndiGo
BOM,BLR,6E,IndiGo,6E 240,2026-09-25,7,economy,,,7584.0,False,15:45,ok,2026-09-18T02:09:05.570483+05:30,2026-09-18_0209IST,airline_direct,IndiGo
BOM,BLR,6E,IndiGo,6E 437,2026-09-25,7,economy,,,7584.0,False,17:10,ok,2026-09-18T02:09:05.570483+05:30,2026-09-18_0209IST,airline_direct,IndiGo
BOM,BLR,6E,IndiGo,6E 5048,2026-09-25,7,business,,,30655.0,False,17:25,ok,2026-09-18T02:09:05.570483+05:30,2026-09-18_0209IST,airline_direct,IndiGo
BOM,BLR,6E,IndiGo,6E 5048,2026-09-25,7,economy,,,7584.0,False,17:25,ok,2026-09-18T02:09:05.570483+05:30,2026-09-18_0209IST,airline_direct,IndiGo
BOM,BLR,6E,IndiGo,6E 2237,2026-09-25,7,economy,,,7584.0,False,18:40,ok,2026-09-18T02:09:05.570483+05:30,2026-09-18_0209IST,airline_direct,IndiGo
BOM,BLR,6E,IndiGo,6E 5107,2026-09-25,7,economy,,,7584.0,False,20:00,ok,2026-09-18T02:09:05.570483+05:30,2026-09-18_0209IST,airline_direct,IndiGo
BOM,BLR,6E,IndiGo,6E 6599,2026-09-25,7,economy,,,7715.0,False,16:50,ok,2026-09-18T02:09:05.570483+05:30,2026-09-18_0209IST,airline_direct,IndiGo
BOM,BLR,6E,IndiGo,6E 230,2026-09-25,7,economy,,,7785.0,False,13:55,ok,2026-09-18T02:09:05.570483+05:30,2026-09-18_0209IST,airline_direct,IndiGo
BOM,BLR,6E,IndiGo,6E 230,2026-09-25,7,economy,,,7785.0,False,13:55,ok,2026-09-18T02:09:05.570483+05:30,2026-09-18_0209IST,airline_direct,IndiGo
BOM,BLR,6E,IndiGo,6E 5082,2026-09-25,7,economy,,,7785.0,False,18:05,ok,2026-09-18T02:09:05.570483+05:30,2026-09-18_0209IST,airline_direct,IndiGo
BOM,BLR,6E,IndiGo,6E 5178,2026-09-25,7,business,,,31210.0,False,11:45,ok,2026-09-18T02:09:05.570483+05:30,2026-09-18_0209IST,airline_direct,IndiGo
BOM,BLR,6E,IndiGo,6E 5178,2026-09-25,7,economy,,,8508.0,False,11:45,ok,2026-09-18T02:09:05.570483+05:30,2026-09-18_0209IST,airline_direct,IndiGo
BOM,BLR,6E,IndiGo,6E 5386,2026-09-25,7,business,,,31210.0,False,15:10,ok,2026-09-18T02:09:05.570483+05:30,2026-09-18_0209IST,airline_direct,IndiGo
BOM,BLR,6E,IndiGo,6E 5386,2026-09-25,7,economy,,,8508.0,False,15:10,ok,2026-09-18T02:09:05.570483+05:30,2026-09-18_0209IST,airline_direct,IndiGo
BOM,BLR,6E,IndiGo,6E 5228,2026-09-25,7,business,,,31210.0,False,16:45,ok,2026-09-18T02:09:05.570483+05:30,2026-09-18_0209IST,airline_direct,IndiGo
BOM,BLR,6E,IndiGo,6E 5228,2026-09-25,7,economy,,,8508.0,False,16:45,ok,2026-09-18T02:09:05.570483+05:30,2026-09-18_0209IST,airline_direct,IndiGo
BOM,BLR,6E,IndiGo,6E 5386,2026-09-25,7,business,,,31210.0,False,15:10,ok,2026-09-18T02:09:05.570483+05:30,2026-09-18_0209IST,airline_direct,IndiGo
BOM,BLR,6E,IndiGo,6E 5386,2026-09-25,7,economy,,,9154.0,False,15:10,ok,2026-09-18T02:09:05.570483+05:30,2026-09-18_0209IST,airline_direct,IndiGo
BOM,BLR,6E,IndiGo,6E 5123,2026-09-25,7,economy,,,9285.0,False,14:40,ok,2026-09-18T02:09:05.570483+05:30,2026-09-18_0209IST,airline_direct,IndiGo
BOM,BLR,6E,IndiGo,6E 6349,2026-09-25,7,business,,,36254.0,False,11:40,ok,2026-09-18T02:09:05.570483+05:30,2026-09-18_0209IST,airline_direct,IndiGo
BOM,BLR,6E,IndiGo,6E 6349,2026-09-25,7,economy,,,9364.0,False,11:40,ok,2026-09-18T02:09:05.570483+05:30,2026-09-18_0209IST,airline_direct,IndiGo
BOM,BLR,6E,IndiGo,6E 5337,2026-09-25,7,business,,,36254.0,False,13:45,ok,2026-09-18T02:09:05.570483+05:30,2026-09-18_0209IST,airline_direct,IndiGo
BOM,BLR,6E,IndiGo,6E 5337,2026-09-25,7,economy,,,9364.0,False,13:45,ok,2026-09-18T02:09:05.570483+05:30,2026-09-18_0209IST,airline_direct,IndiGo
BOM,BLR,6E,IndiGo,6E 5196,2026-09-25,7,business,,,36254.0,False,15:25,ok,2026-09-18T02:09:05.570483+05:30,2026-09-18_0209IST,airline_direct,IndiGo
BOM,BLR,6E,IndiGo,6E 5196,2026-09-25,7,economy,,,9364.0,False,15:25,ok,2026-09-18T02:09:05.570483+05:30,2026-09-18_0209IST,airline_direct,IndiGo
BOM,BLR,6E,IndiGo,6E 6057,2026-09-25,7,economy,,,9858.0,False,09:15,ok,2026-09-18T02:09:05.570483+05:30,2026-09-18_0209IST,airline_direct,IndiGo
BOM,BLR,6E,IndiGo,6E 5178,2026-09-25,7,business,,,29147.0,False,11:45,ok,2026-09-18T02:09:05.570483+05:30,2026-09-18_0209IST,airline_direct,IndiGo
BOM,BLR,6E,IndiGo,6E 5178,2026-09-25,7,economy,,,9858.0,False,11:45,ok,2026-09-18T02:09:05.570483+05:30,2026-09-18_0209IST,airline_direct,IndiGo
BOM,BLR,6E,IndiGo,6E 5178,2026-09-25,7,business,,,32404.0,False,11:45,ok,2026-09-18T02:09:05.570483+05:30,2026-09-18_0209IST,airline_direct,IndiGo
BOM,BLR,6E,IndiGo,6E 5178,2026-09-25,7,economy,,,9858.0,False,11:45,ok,2026-09-18T02:09:05.570483+05:30,2026-09-18_0209IST,airline_direct,IndiGo
BOM,BLR,6E,IndiGo,6E 5228,2026-09-25,7,business,,,35176.0,False,16:45,ok,2026-09-18T02:09:05.570483+05:30,2026-09-18_0209IST,airline_direct,IndiGo
BOM,BLR,6E,IndiGo,6E 5228,2026-09-25,7,economy,,,10628.0,False,16:45,ok,2026-09-18T02:09:05.570483+05:30,2026-09-18_0209IST,airline_direct,IndiGo
BOM,BLR,6E,IndiGo,6E 261,2026-09-25,7,economy,,,11337.0,False,11:20,ok,2026-09-18T02:09:05.570483+05:30,2026-09-18_0209IST,airline_direct,IndiGo
BOM,BLR,6E,IndiGo,6E 5386,2026-09-25,7,business,,,35176.0,False,15:10,ok,2026-09-18T02:09:05.570483+05:30,2026-09-18_0209IST,airline_direct,IndiGo
BOM,BLR,6E,IndiGo,6E 5386,2026-09-25,7,economy,,,11468.0,False,15:10,ok,2026-09-18T02:09:05.570483+05:30,2026-09-18_0209IST,airline_direct,IndiGo
BOM,BLR,6E,IndiGo,6E 5178,2026-09-25,7,business,,,33722.0,False,11:45,ok,2026-09-18T02:09:05.570483+05:30,2026-09-18_0209IST,airline_direct,IndiGo
BOM,BLR,6E,IndiGo,6E 5178,2026-09-25,7,economy,,,12385.0,False,11:45,ok,2026-09-18T02:09:05.570483+05:30,2026-09-18_0209IST,airline_direct,IndiGo
BOM,BLR,6E,IndiGo,6E 2011,2026-09-25,7,economy,,,12805.0,False,13:35,ok,2026-09-18T02:09:05.570483+05:30,2026-09-18_0209IST,airline_direct,IndiGo
BOM,BLR,6E,IndiGo,6E 6674,2026-09-25,7,economy,,,13386.0,False,09:05,ok,2026-09-18T02:09:05.570483+05:30,2026-09-18_0209IST,airline_direct,IndiGo
BOM,BLR,6E,IndiGo,6E 5386,2026-09-25,7,business,,,33722.0,False,15:10,ok,2026-09-18T02:09:05.570483+05:30,2026-09-18_0209IST,airline_direct,IndiGo
BOM,BLR,6E,IndiGo,6E 5386,2026-09-25,7,economy,,,13386.0,False,15:10,ok,2026-09-18T02:09:05.570483+05:30,2026-09-18_0209IST,airline_direct,IndiGo
BOM,BLR,6E,IndiGo,6E 6362,2026-09-25,7,business,,,27453.0,False,05:45,ok,2026-09-18T02:09:05.570483+05:30,2026-09-18_0209IST,airline_direct,IndiGo
BOM,BLR,6E,IndiGo,6E 6362,2026-09-25,7,economy,,,13478.0,False,05:45,ok,2026-09-18T02:09:05.570483+05:30,2026-09-18_0209IST,airline_direct,IndiGo
BOM,BLR,6E,IndiGo,6E 5126,2026-09-25,7,economy,,,13596.0,False,18:15,ok,2026-09-18T02:09:05.570483+05:30,2026-09-18_0209IST,airline_direct,IndiGo
BOM,BLR,6E,IndiGo,6E 5318,2026-09-25,7,business,,,30432.0,False,10:15,ok,2026-09-18T02:09:05.570483+05:30,2026-09-18_0209IST,airline_direct,IndiGo
BOM,BLR,6E,IndiGo,6E 5318,2026-09-25,7,economy,,,14985.0,False,10:15,ok,2026-09-18T02:09:05.570483+05:30,2026-09-18_0209IST,airline_direct,IndiGo
BOM,BLR,6E,IndiGo,6E 5246,2026-09-25,7,business,,,29147.0,False,07:15,ok,2026-09-18T02:09:05.570483+05:30,2026-09-18_0209IST,airline_direct,IndiGo
BOM,BLR,6E,IndiGo,6E 5246,2026-09-25,7,economy,,,16140.0,False,07:15,ok,2026-09-18T02:09:05.570483+05:30,2026-09-18_0209IST,airline_direct,IndiGo
BOM,BLR,6E,IndiGo,6E 5318,2026-09-25,7,business,,,33689.0,False,10:15,ok,2026-09-18T02:09:05.570483+05:30,2026-09-18_0209IST,airline_direct,IndiGo
BOM,BLR,6E,IndiGo,6E 5318,2026-09-25,7,economy,,,17667.0,False,10:15,ok,2026-09-18T02:09:05.570483+05:30,2026-09-18_0209IST,airline_direct,IndiGo
DEL,CCU,6E,IndiGo,6E 5191,2026-09-25,7,business,,,26140.0,False,05:00,ok,2026-09-18T02:10:18.086207+05:30,2026-09-18_0210IST,airline_direct,IndiGo
DEL,CCU,6E,IndiGo,6E 5191,2026-09-25,7,economy,,,8703.0,False,05:00,ok,2026-09-18T02:10:18.086207+05:30,2026-09-18_0210IST,airline_direct,IndiGo
DEL,CCU,6E,IndiGo,6E 340,2026-09-25,7,business,,,26140.0,False,07:20,ok,2026-09-18T02:10:18.086207+05:30,2026-09-18_0210IST,airline_direct,IndiGo
DEL,CCU,6E,IndiGo,6E 340,2026-09-25,7,economy,,,8703.0,False,07:20,ok,2026-09-18T02:10:18.086207+05:30,2026-09-18_0210IST,airline_direct,IndiGo
DEL,CCU,6E,IndiGo,6E 513,2026-09-25,7,business,,,26140.0,False,08:30,ok,2026-09-18T02:10:18.086207+05:30,2026-09-18_0210IST,airline_direct,IndiGo
DEL,CCU,6E,IndiGo,6E 513,2026-09-25,7,economy,,,8703.0,False,08:30,ok,2026-09-18T02:10:18.086207+05:30,2026-09-18_0210IST,airline_direct,IndiGo
DEL,CCU,6E,IndiGo,6E 894,2026-09-25,7,business,,,26140.0,False,10:15,ok,2026-09-18T02:10:18.086207+05:30,2026-09-18_0210IST,airline_direct,IndiGo
DEL,CCU,6E,IndiGo,6E 894,2026-09-25,7,economy,,,8703.0,False,10:15,ok,2026-09-18T02:10:18.086207+05:30,2026-09-18_0210IST,airline_direct,IndiGo
DEL,CCU,6E,IndiGo,6E 897,2026-09-25,7,business,,,26140.0,False,12:45,ok,2026-09-18T02:10:18.086207+05:30,2026-09-18_0210IST,airline_direct,IndiGo
DEL,CCU,6E,IndiGo,6E 897,2026-09-25,7,economy,,,8703.0,False,12:45,ok,2026-09-18T02:10:18.086207+05:30,2026-09-18_0210IST,airline_direct,IndiGo
DEL,CCU,6E,IndiGo,6E 910,2026-09-25,7,business,,,26140.0,False,14:25,ok,2026-09-18T02:10:18.086207+05:30,2026-09-18_0210IST,airline_direct,IndiGo
DEL,CCU,6E,IndiGo,6E 910,2026-09-25,7,economy,,,8703.0,False,14:25,ok,2026-09-18T02:10:18.086207+05:30,2026-09-18_0210IST,airline_direct,IndiGo
DEL,CCU,6E,IndiGo,6E 2276,2026-09-25,7,business,,,26140.0,False,17:55,ok,2026-09-18T02:10:18.086207+05:30,2026-09-18_0210IST,airline_direct,IndiGo
DEL,CCU,6E,IndiGo,6E 2276,2026-09-25,7,economy,,,8703.0,False,17:55,ok,2026-09-18T02:10:18.086207+05:30,2026-09-18_0210IST,airline_direct,IndiGo
DEL,CCU,6E,IndiGo,6E 247,2026-09-25,7,business,,,26140.0,False,23:30,ok,2026-09-18T02:10:18.086207+05:30,2026-09-18_0210IST,airline_direct,IndiGo
DEL,CCU,6E,IndiGo,6E 247,2026-09-25,7,economy,,,8703.0,False,23:30,ok,2026-09-18T02:10:18.086207+05:30,2026-09-18_0210IST,airline_direct,IndiGo
DEL,CCU,6E,IndiGo,6E 6415,2026-09-25,7,business,,,26140.0,False,16:00,ok,2026-09-18T02:10:18.086207+05:30,2026-09-18_0210IST,airline_direct,IndiGo
DEL,CCU,6E,IndiGo,6E 6415,2026-09-25,7,economy,,,8965.0,False,16:00,ok,2026-09-18T02:10:18.086207+05:30,2026-09-18_0210IST,airline_direct,IndiGo
DEL,CCU,6E,IndiGo,6E 389,2026-09-25,7,business,,,26140.0,False,21:50,ok,2026-09-18T02:10:18.086207+05:30,2026-09-18_0210IST,airline_direct,IndiGo
DEL,CCU,6E,IndiGo,6E 389,2026-09-25,7,economy,,,8965.0,False,21:50,ok,2026-09-18T02:10:18.086207+05:30,2026-09-18_0210IST,airline_direct,IndiGo
DEL,CCU,6E,IndiGo,6E 6517,2026-09-25,7,business,,,26140.0,False,19:30,ok,2026-09-18T02:10:18.086207+05:30,2026-09-18_0210IST,airline_direct,IndiGo
DEL,CCU,6E,IndiGo,6E 6517,2026-09-25,7,economy,,,9753.0,False,19:30,ok,2026-09-18T02:10:18.086207+05:30,2026-09-18_0210IST,airline_direct,IndiGo
DEL,CCU,6E,IndiGo,6E 6245,2026-09-25,7,economy,,,7376.0,False,06:20,ok,2026-09-18T02:10:18.086207+05:30,2026-09-18_0210IST,airline_direct,IndiGo
DEL,CCU,6E,IndiGo,6E 2453,2026-09-25,7,economy,,,7376.0,False,13:35,ok,2026-09-18T02:10:18.086207+05:30,2026-09-18_0210IST,airline_direct,IndiGo
DEL,CCU,6E,IndiGo,6E 2203,2026-09-25,7,economy,,,7691.0,False,04:45,ok,2026-09-18T02:10:18.086207+05:30,2026-09-18_0210IST,airline_direct,IndiGo
DEL,CCU,6E,IndiGo,6E 6124,2026-09-25,7,economy,,,7691.0,False,07:30,ok,2026-09-18T02:10:18.086207+05:30,2026-09-18_0210IST,airline_direct,IndiGo
DEL,CCU,6E,IndiGo,6E 6503,2026-09-25,7,economy,,,7901.0,False,13:25,ok,2026-09-18T02:10:18.086207+05:30,2026-09-18_0210IST,airline_direct,IndiGo
DEL,CCU,6E,IndiGo,6E 5119,2026-09-25,7,economy,,,7927.0,False,05:10,ok,2026-09-18T02:10:18.086207+05:30,2026-09-18_0210IST,airline_direct,IndiGo
DEL,CCU,6E,IndiGo,6E 203,2026-09-25,7,business,,,32272.0,False,07:10,ok,2026-09-18T02:10:18.086207+05:30,2026-09-18_0210IST,airline_direct,IndiGo
DEL,CCU,6E,IndiGo,6E 203,2026-09-25,7,economy,,,7927.0,False,07:10,ok,2026-09-18T02:10:18.086207+05:30,2026-09-18_0210IST,airline_direct,IndiGo
DEL,CCU,6E,IndiGo,6E 203,2026-09-25,7,business,,,32272.0,False,07:10,ok,2026-09-18T02:10:18.086207+05:30,2026-09-18_0210IST,airline_direct,IndiGo
DEL,CCU,6E,IndiGo,6E 203,2026-09-25,7,economy,,,7927.0,False,07:10,ok,2026-09-18T02:10:18.086207+05:30,2026-09-18_0210IST,airline_direct,IndiGo
DEL,CCU,6E,IndiGo,6E 705,2026-09-25,7,business,,,32272.0,False,08:30,ok,2026-09-18T02:10:18.086207+05:30,2026-09-18_0210IST,airline_direct,IndiGo
DEL,CCU,6E,IndiGo,6E 705,2026-09-25,7,economy,,,7927.0,False,08:30,ok,2026-09-18T02:10:18.086207+05:30,2026-09-18_0210IST,airline_direct,IndiGo
DEL,CCU,6E,IndiGo,6E 6293,2026-09-25,7,business,,,32272.0,False,09:55,ok,2026-09-18T02:10:18.086207+05:30,2026-09-18_0210IST,airline_direct,IndiGo
DEL,CCU,6E,IndiGo,6E 6293,2026-09-25,7,economy,,,7927.0,False,09:55,ok,2026-09-18T02:10:18.086207+05:30,2026-09-18_0210IST,airline_direct,IndiGo
DEL,CCU,6E,IndiGo,6E 884,2026-09-25,7,business,,,32272.0,False,11:45,ok,2026-09-18T02:10:18.086207+05:30,2026-09-18_0210IST,airline_direct,IndiGo
DEL,CCU,6E,IndiGo,6E 884,2026-09-25,7,economy,,,7927.0,False,11:45,ok,2026-09-18T02:10:18.086207+05:30,2026-09-18_0210IST,airline_direct,IndiGo
DEL,CCU,6E,IndiGo,6E 2331,2026-09-25,7,economy,,,7927.0,False,12:20,ok,2026-09-18T02:10:18.086207+05:30,2026-09-18_0210IST,airline_direct,IndiGo
DEL,CCU,6E,IndiGo,6E 6282,2026-09-25,7,business,,,32272.0,False,13:30,ok,2026-09-18T02:10:18.086207+05:30,2026-09-18_0210IST,airline_direct,IndiGo
DEL,CCU,6E,IndiGo,6E 6282,2026-09-25,7,economy,,,7927.0,False,13:30,ok,2026-09-18T02:10:18.086207+05:30,2026-09-18_0210IST,airline_direct,IndiGo
DEL,CCU,6E,IndiGo,6E 6212,2026-09-25,7,business,,,32626.0,False,14:45,ok,2026-09-18T02:10:18.086207+05:30,2026-09-18_0210IST,airline_direct,IndiGo
DEL,CCU,6E,IndiGo,6E 6212,2026-09-25,7,economy,,,7927.0,False,14:45,ok,2026-09-18T02:10:18.086207+05:30,2026-09-18_0210IST,airline_direct,IndiGo
DEL,CCU,6E,IndiGo,6E 2341,2026-09-25,7,economy,,,7927.0,False,14:50,ok,2026-09-18T02:10:18.086207+05:30,2026-09-18_0210IST,airline_direct,IndiGo
DEL,CCU,6E,IndiGo,6E 6217,2026-09-25,7,business,,,32626.0,False,16:15,ok,2026-09-18T02:10:18.086207+05:30,2026-09-18_0210IST,airline_direct,IndiGo
DEL,CCU,6E,IndiGo,6E 6217,2026-09-25,7,economy,,,7927.0,False,16:15,ok,2026-09-18T02:10:18.086207+05:30,2026-09-18_0210IST,airline_direct,IndiGo
DEL,CCU,6E,IndiGo,6E 5073,2026-09-25,7,economy,,,7927.0,False,17:05,ok,2026-09-18T02:10:18.086207+05:30,2026-09-18_0210IST,airline_direct,IndiGo
DEL,CCU,6E,IndiGo,6E 882,2026-09-25,7,business,,,31918.0,False,23:15,ok,2026-09-18T02:10:18.086207+05:30,2026-09-18_0210IST,airline_direct,IndiGo
DEL,CCU,6E,IndiGo,6E 882,2026-09-25,7,economy,,,7927.0,False,23:15,ok,2026-09-18T02:10:18.086207+05:30,2026-09-18_0210IST,airline_direct,IndiGo
DEL,CCU,6E,IndiGo,6E 6236,2026-09-25,7,economy,,,7984.0,False,16:20,ok,2026-09-18T02:10:18.086207+05:30,2026-09-18_0210IST,airline_direct,IndiGo
DEL,CCU,6E,IndiGo,6E 6371,2026-09-25,7,economy,,,8032.0,False,06:20,ok,2026-09-18T02:10:18.086207+05:30,2026-09-18_0210IST,airline_direct,IndiGo
DEL,CCU,6E,IndiGo,6E 6551,2026-09-25,7,economy,,,8032.0,False,12:00,ok,2026-09-18T02:10:18.086207+05:30,2026-09-18_0210IST,airline_direct,IndiGo
DEL,CCU,6E,IndiGo,6E 5036,2026-09-25,7,economy,,,8115.0,False,08:00,ok,2026-09-18T02:10:18.086207+05:30,2026-09-18_0210IST,airline_direct,IndiGo
DEL,CCU,6E,IndiGo,6E 6312,2026-09-25,7,economy,,,8115.0,False,14:25,ok,2026-09-18T02:10:18.086207+05:30,2026-09-18_0210IST,airline_direct,IndiGo
DEL,CCU,6E,IndiGo,6E 6312,2026-09-25,7,economy,,,8115.0,False,14:25,ok,2026-09-18T02:10:18.086207+05:30,2026-09-18_0210IST,airline_direct,IndiGo
DEL,CCU,6E,IndiGo,6E 2614,2026-09-25,7,economy,,,8194.0,False,14:40,ok,2026-09-18T02:10:18.086207+05:30,2026-09-18_0210IST,airline_direct,IndiGo
DEL,CCU,6E,IndiGo,6E 5215,2026-09-25,7,economy,,,8299.0,False,07:45,ok,2026-09-18T02:10:18.086207+05:30,2026-09-18_0210IST,airline_direct,IndiGo
DEL,CCU,6E,IndiGo,6E 5307,2026-09-25,7,economy,,,8299.0,False,10:50,ok,2026-09-18T02:10:18.086207+05:30,2026-09-18_0210IST,airline_direct,IndiGo
DEL,CCU,6E,IndiGo,6E 6378,2026-09-25,7,economy,,,8299.0,False,14:40,ok,2026-09-18T02:10:18.086207+05:30,2026-09-18_0210IST,airline_direct,IndiGo
DEL,CCU,6E,IndiGo,6E 6829,2026-09-25,7,economy,,,8325.0,False,17:20,ok,2026-09-18T02:10:18.086207+05:30,2026-09-18_0210IST,airline_direct,IndiGo
DEL,CCU,6E,IndiGo,6E 734,2026-09-25,7,economy,,,8783.0,False,16:20,ok,2026-09-18T02:10:18.086207+05:30,2026-09-18_0210IST,airline_direct,IndiGo
DEL,CCU,6E,IndiGo,6E 6073,2026-09-25,7,economy,,,8862.0,False,05:00,ok,2026-09-18T02:10:18.086207+05:30,2026-09-18_0210IST,airline_direct,IndiGo
DEL,CCU,6E,IndiGo,6E 2614,2026-09-25,7,economy,,,8862.0,False,14:40,ok,2026-09-18T02:10:18.086207+05:30,2026-09-18_0210IST,airline_direct,IndiGo
DEL,CCU,6E,IndiGo,6E 5307,2026-09-25,7,economy,,,9146.0,False,10:50,ok,2026-09-18T02:10:18.086207+05:30,2026-09-18_0210IST,airline_direct,IndiGo
DEL,CCU,6E,IndiGo,6E 6503,2026-09-25,7,economy,,,9177.0,False,13:25,ok,2026-09-18T02:10:18.086207+05:30,2026-09-18_0210IST,airline_direct,IndiGo
DEL,CCU,6E,IndiGo,6E 2259,2026-09-25,7,economy,,,9597.0,False,12:20,ok,2026-09-18T02:10:18.086207+05:30,2026-09-18_0210IST,airline_direct,IndiGo
DEL,CCU,6E,IndiGo,6E 6053,2026-09-25,7,economy,,,9597.0,False,13:05,ok,2026-09-18T02:10:18.086207+05:30,2026-09-18_0210IST,airline_direct,IndiGo
DEL,CCU,6E,IndiGo,6E 5033,2026-09-25,7,economy,,,9597.0,False,15:50,ok,2026-09-18T02:10:18.086207+05:30,2026-09-18_0210IST,airline_direct,IndiGo
DEL,CCU,6E,IndiGo,6E 5298,2026-09-25,7,economy,,,10404.0,False,09:00,ok,2026-09-18T02:10:18.086207+05:30,2026-09-18_0210IST,airline_direct,IndiGo
DEL,CCU,6E,IndiGo,6E 5041,2026-09-25,7,economy,,,10509.0,False,15:10,ok,2026-09-18T02:10:18.086207+05:30,2026-09-18_0210IST,airline_direct,IndiGo
DEL,CCU,6E,IndiGo,6E 705,2026-09-25,7,business,,,32272.0,False,08:30,ok,2026-09-18T02:10:18.086207+05:30,2026-09-18_0210IST,airline_direct,IndiGo
DEL,CCU,6E,IndiGo,6E 705,2026-09-25,7,economy,,,10745.0,False,08:30,ok,2026-09-18T02:10:18.086207+05:30,2026-09-18_0210IST,airline_direct,IndiGo
DEL,CCU,6E,IndiGo,6E 6190,2026-09-25,7,economy,,,11291.0,False,07:40,ok,2026-09-18T02:10:18.086207+05:30,2026-09-18_0210IST,airline_direct,IndiGo
DEL,CCU,6E,IndiGo,6E 5038,2026-09-25,7,economy,,,11291.0,False,14:00,ok,2026-09-18T02:10:18.086207+05:30,2026-09-18_0210IST,airline_direct,IndiGo
DEL,CCU,6E,IndiGo,6E 6190,2026-09-25,7,economy,,,13340.0,False,07:40,ok,2026-09-18T02:10:18.086207+05:30,2026-09-18_0210IST,airline_direct,IndiGo
DEL,CCU,6E,IndiGo,6E 2296,2026-09-25,7,economy,,,13340.0,False,09:20,ok,2026-09-18T02:10:18.086207+05:30,2026-09-18_0210IST,airline_direct,IndiGo
DEL,CCU,6E,IndiGo,6E 2361,2026-09-25,7,economy,,,15369.0,False,14:35,ok,2026-09-18T02:10:18.086207+05:30,2026-09-18_0210IST,airline_direct,IndiGo
DEL,CCU,6E,IndiGo,6E 717,2026-09-25,7,business,,,32626.0,False,17:55,ok,2026-09-18T02:10:18.086207+05:30,2026-09-18_0210IST,airline_direct,IndiGo
DEL,CCU,6E,IndiGo,6E 717,2026-09-25,7,economy,,,15394.0,False,17:55,ok,2026-09-18T02:10:18.086207+05:30,2026-09-18_0210IST,airline_direct,IndiGo
DEL,CCU,6E,IndiGo,6E 5215,2026-09-25,7,economy,,,15921.0,False,07:45,ok,2026-09-18T02:10:18.086207+05:30,2026-09-18_0210IST,airline_direct,IndiGo
DEL,CCU,6E,IndiGo,6E 5041,2026-09-25,7,economy,,,19035.0,False,15:10,ok,2026-09-18T02:10:18.086207+05:30,2026-09-18_0210IST,airline_direct,IndiGo
DEL,CCU,6E,IndiGo,6E 6130,2026-09-25,7,economy,,,26601.0,False,12:55,ok,2026-09-18T02:10:18.086207+05:30,2026-09-18_0210IST,airline_direct,IndiGo
BLR,HYD,6E,IndiGo,6E 6404,2026-09-25,7,economy,,,6239.0,False,11:35,ok,2026-09-18T02:11:24.774703+05:30,2026-09-18_0211IST,airline_direct,IndiGo
BLR,HYD,6E,IndiGo,6E 6178,2026-09-25,7,economy,,,6772.0,False,06:25,ok,2026-09-18T02:11:24.774703+05:30,2026-09-18_0211IST,airline_direct,IndiGo
BLR,HYD,6E,IndiGo,6E 312,2026-09-25,7,economy,,,6772.0,False,09:15,ok,2026-09-18T02:11:24.774703+05:30,2026-09-18_0211IST,airline_direct,IndiGo
BLR,HYD,6E,IndiGo,6E 537,2026-09-25,7,economy,,,6772.0,False,10:15,ok,2026-09-18T02:11:24.774703+05:30,2026-09-18_0211IST,airline_direct,IndiGo
BLR,HYD,6E,IndiGo,6E 484,2026-09-25,7,economy,,,7361.0,False,08:15,ok,2026-09-18T02:11:24.774703+05:30,2026-09-18_0211IST,airline_direct,IndiGo
BLR,HYD,6E,IndiGo,6E 638,2026-09-25,7,economy,,,7361.0,False,18:35,ok,2026-09-18T02:11:24.774703+05:30,2026-09-18_0211IST,airline_direct,IndiGo
BLR,HYD,6E,IndiGo,6E 6067,2026-09-25,7,economy,,,8010.0,False,16:30,ok,2026-09-18T02:11:24.774703+05:30,2026-09-18_0211IST,airline_direct,IndiGo
BLR,HYD,6E,IndiGo,6E 855,2026-09-25,7,economy,,,10390.0,False,19:45,ok,2026-09-18T02:11:24.774703+05:30,2026-09-18_0211IST,airline_direct,IndiGo
BLR,HYD,6E,IndiGo,6E 6784,2026-09-25,7,economy,,,12416.0,False,21:30,ok,2026-09-18T02:11:24.774703+05:30,2026-09-18_0211IST,airline_direct,IndiGo
BLR,HYD,6E,IndiGo,6E 6563,2026-09-25,7,economy,,,5463.0,False,01:05,ok,2026-09-18T02:11:24.774703+05:30,2026-09-18_0211IST,airline_direct,IndiGo
BLR,HYD,6E,IndiGo,6E 6876,2026-09-25,7,economy,,,5463.0,False,02:40,ok,2026-09-18T02:11:24.774703+05:30,2026-09-18_0211IST,airline_direct,IndiGo
BLR,HYD,6E,IndiGo,6E 857,2026-09-25,7,economy,,,5463.0,False,07:05,ok,2026-09-18T02:11:24.774703+05:30,2026-09-18_0211IST,airline_direct,IndiGo
BLR,HYD,6E,IndiGo,6E 857,2026-09-25,7,economy,,,5463.0,False,07:05,ok,2026-09-18T02:11:24.774703+05:30,2026-09-18_0211IST,airline_direct,IndiGo
BLR,HYD,6E,IndiGo,6E 763,2026-09-25,7,economy,,,5463.0,False,07:05,ok,2026-09-18T02:11:24.774703+05:30,2026-09-18_0211IST,airline_direct,IndiGo
BLR,HYD,6E,IndiGo,6E 763,2026-09-25,7,economy,,,5463.0,False,07:05,ok,2026-09-18T02:11:24.774703+05:30,2026-09-18_0211IST,airline_direct,IndiGo
BLR,HYD,6E,IndiGo,6E 6269,2026-09-25,7,economy,,,5463.0,False,07:15,ok,2026-09-18T02:11:24.774703+05:30,2026-09-18_0211IST,airline_direct,IndiGo
BLR,HYD,6E,IndiGo,6E 6445,2026-09-25,7,economy,,,5463.0,False,10:25,ok,2026-09-18T02:11:24.774703+05:30,2026-09-18_0211IST,airline_direct,IndiGo
BLR,HYD,6E,IndiGo,6E 6445,2026-09-25,7,economy,,,5463.0,False,10:25,ok,2026-09-18T02:11:24.774703+05:30,2026-09-18_0211IST,airline_direct,IndiGo
BLR,HYD,6E,IndiGo,6E 6104,2026-09-25,7,economy,,,5463.0,False,11:40,ok,2026-09-18T02:11:24.774703+05:30,2026-09-18_0211IST,airline_direct,IndiGo
BLR,HYD,6E,IndiGo,6E 6104,2026-09-25,7,economy,,,5463.0,False,11:40,ok,2026-09-18T02:11:24.774703+05:30,2026-09-18_0211IST,airline_direct,IndiGo
BLR,HYD,6E,IndiGo,6E 703,2026-09-25,7,economy,,,5463.0,False,12:55,ok,2026-09-18T02:11:24.774703+05:30,2026-09-18_0211IST,airline_direct,IndiGo
BLR,HYD,6E,IndiGo,6E 6542,2026-09-25,7,economy,,,5463.0,False,13:10,ok,2026-09-18T02:11:24.774703+05:30,2026-09-18_0211IST,airline_direct,IndiGo
BLR,HYD,6E,IndiGo,6E 6542,2026-09-25,7,economy,,,5463.0,False,13:10,ok,2026-09-18T02:11:24.774703+05:30,2026-09-18_0211IST,airline_direct,IndiGo
BLR,HYD,6E,IndiGo,6E 6753,2026-09-25,7,economy,,,5463.0,False,15:15,ok,2026-09-18T02:11:24.774703+05:30,2026-09-18_0211IST,airline_direct,IndiGo
BLR,HYD,6E,IndiGo,6E 6753,2026-09-25,7,economy,,,5463.0,False,15:15,ok,2026-09-18T02:11:24.774703+05:30,2026-09-18_0211IST,airline_direct,IndiGo
BLR,HYD,6E,IndiGo,6E 6753,2026-09-25,7,economy,,,5463.0,False,15:15,ok,2026-09-18T02:11:24.774703+05:30,2026-09-18_0211IST,airline_direct,IndiGo
BLR,HYD,6E,IndiGo,6E 173,2026-09-25,7,economy,,,5463.0,False,15:30,ok,2026-09-18T02:11:24.774703+05:30,2026-09-18_0211IST,airline_direct,IndiGo
BLR,HYD,6E,IndiGo,6E 173,2026-09-25,7,economy,,,5463.0,False,15:30,ok,2026-09-18T02:11:24.774703+05:30,2026-09-18_0211IST,airline_direct,IndiGo
BLR,HYD,6E,IndiGo,6E 6168,2026-09-25,7,economy,,,5463.0,False,17:40,ok,2026-09-18T02:11:24.774703+05:30,2026-09-18_0211IST,airline_direct,IndiGo
BLR,HYD,6E,IndiGo,6E 105,2026-09-25,7,economy,,,5463.0,False,18:50,ok,2026-09-18T02:11:24.774703+05:30,2026-09-18_0211IST,airline_direct,IndiGo
BLR,HYD,6E,IndiGo,6E 105,2026-09-25,7,economy,,,5463.0,False,18:50,ok,2026-09-18T02:11:24.774703+05:30,2026-09-18_0211IST,airline_direct,IndiGo
BLR,HYD,6E,IndiGo,6E 528,2026-09-25,7,economy,,,5463.0,False,21:40,ok,2026-09-18T02:11:24.774703+05:30,2026-09-18_0211IST,airline_direct,IndiGo
BLR,HYD,6E,IndiGo,6E 116,2026-09-25,7,economy,,,5463.0,False,23:05,ok,2026-09-18T02:11:24.774703+05:30,2026-09-18_0211IST,airline_direct,IndiGo
BLR,HYD,6E,IndiGo,6E 6336,2026-09-25,7,economy,,,5594.0,False,12:25,ok,2026-09-18T02:11:24.774703+05:30,2026-09-18_0211IST,airline_direct,IndiGo
BLR,HYD,6E,IndiGo,6E 6336,2026-09-25,7,economy,,,5594.0,False,12:25,ok,2026-09-18T02:11:24.774703+05:30,2026-09-18_0211IST,airline_direct,IndiGo
BLR,HYD,6E,IndiGo,6E 763,2026-09-25,7,economy,,,5793.0,False,07:05,ok,2026-09-18T02:11:24.774703+05:30,2026-09-18_0211IST,airline_direct,IndiGo
BLR,HYD,6E,IndiGo,6E 6208,2026-09-25,7,economy,,,5793.0,False,12:45,ok,2026-09-18T02:11:24.774703+05:30,2026-09-18_0211IST,airline_direct,IndiGo
BLR,HYD,6E,IndiGo,6E 441,2026-09-25,7,economy,,,5793.0,False,20:40,ok,2026-09-18T02:11:24.774703+05:30,2026-09-18_0211IST,airline_direct,IndiGo
BLR,HYD,6E,IndiGo,6E 7204,2026-09-25,7,economy,,,6153.0,False,06:50,ok,2026-09-18T02:11:24.774703+05:30,2026-09-18_0211IST,airline_direct,IndiGo
BLR,HYD,6E,IndiGo,6E 7005,2026-09-25,7,economy,,,6153.0,False,08:05,ok,2026-09-18T02:11:24.774703+05:30,2026-09-18_0211IST,airline_direct,IndiGo
BLR,HYD,6E,IndiGo,6E 7005,2026-09-25,7,economy,,,6153.0,False,08:05,ok,2026-09-18T02:11:24.774703+05:30,2026-09-18_0211IST,airline_direct,IndiGo
BLR,HYD,6E,IndiGo,6E 6168,2026-09-25,7,economy,,,6153.0,False,17:40,ok,2026-09-18T02:11:24.774703+05:30,2026-09-18_0211IST,airline_direct,IndiGo
BLR,HYD,6E,IndiGo,6E 6554,2026-09-25,7,economy,,,6153.0,False,19:15,ok,2026-09-18T02:11:24.774703+05:30,2026-09-18_0211IST,airline_direct,IndiGo
BLR,HYD,6E,IndiGo,6E 7227,2026-09-25,7,economy,,,6412.0,False,06:25,ok,2026-09-18T02:11:24.774703+05:30,2026-09-18_0211IST,airline_direct,IndiGo
BLR,HYD,6E,IndiGo,6E 6653,2026-09-25,7,economy,,,6543.0,False,12:35,ok,2026-09-18T02:11:24.774703+05:30,2026-09-18_0211IST,airline_direct,IndiGo
BLR,HYD,6E,IndiGo,6E 6208,2026-09-25,7,economy,,,6969.0,False,12:45,ok,2026-09-18T02:11:24.774703+05:30,2026-09-18_0211IST,airline_direct,IndiGo
BLR,HYD,6E,IndiGo,6E 7737,2026-09-25,7,economy,,,7301.0,False,10:50,ok,2026-09-18T02:11:24.774703+05:30,2026-09-18_0211IST,airline_direct,IndiGo
BLR,HYD,6E,IndiGo,6E 109,2026-09-25,7,economy,,,7935.0,False,17:00,ok,2026-09-18T02:11:24.774703+05:30,2026-09-18_0211IST,airline_direct,IndiGo
BLR,HYD,6E,IndiGo,6E 6162,2026-09-25,7,economy,,,7935.0,False,18:50,ok,2026-09-18T02:11:24.774703+05:30,2026-09-18_0211IST,airline_direct,IndiGo
BLR,HYD,6E,IndiGo,6E 7737,2026-09-25,7,economy,,,10304.0,False,10:50,ok,2026-09-18T02:11:24.774703+05:30,2026-09-18_0211IST,airline_direct,IndiGo
BLR,HYD,6E,IndiGo,6E 6269,2026-09-25,7,economy,,,11204.0,False,07:15,ok,2026-09-18T02:11:24.774703+05:30,2026-09-18_0211IST,airline_direct,IndiGo
BLR,HYD,6E,IndiGo,6E 7204,2026-09-25,7,economy,,,11293.0,False,06:50,ok,2026-09-18T02:11:24.774703+05:30,2026-09-18_0211IST,airline_direct,IndiGo
BLR,HYD,6E,IndiGo,6E 6583,2026-09-25,7,economy,,,11335.0,False,10:40,ok,2026-09-18T02:11:24.774703+05:30,2026-09-18_0211IST,airline_direct,IndiGo
BLR,HYD,6E,IndiGo,6E 7285,2026-09-25,7,economy,,,11746.0,False,06:50,ok,2026-09-18T02:11:24.774703+05:30,2026-09-18_0211IST,airline_direct,IndiGo
BLR,HYD,6E,IndiGo,6E 904,2026-09-25,7,economy,,,12041.0,False,10:45,ok,2026-09-18T02:11:24.774703+05:30,2026-09-18_0211IST,airline_direct,IndiGo
BLR,HYD,6E,IndiGo,6E 356,2026-09-25,7,economy,,,12950.0,False,17:15,ok,2026-09-18T02:11:24.774703+05:30,2026-09-18_0211IST,airline_direct,IndiGo
BLR,HYD,6E,IndiGo,6E 356,2026-09-25,7,economy,,,12950.0,False,17:15,ok,2026-09-18T02:11:24.774703+05:30,2026-09-18_0211IST,airline_direct,IndiGo
BLR,HYD,6E,IndiGo,6E 6017,2026-09-25,7,economy,,,12950.0,False,18:15,ok,2026-09-18T02:11:24.774703+05:30,2026-09-18_0211IST,airline_direct,IndiGo
BLR,HYD,6E,IndiGo,6E 6653,2026-09-25,7,economy,,,13940.0,False,12:35,ok,2026-09-18T02:11:24.774703+05:30,2026-09-18_0211IST,airline_direct,IndiGo
MAA,DEL,6E,IndiGo,6E 937,2026-09-25,7,business,,,28240.0,False,06:30,ok,2026-09-18T02:12:20.047153+05:30,2026-09-18_0212IST,airline_direct,IndiGo
MAA,DEL,6E,IndiGo,6E 937,2026-09-25,7,economy,,,9830.0,False,06:30,ok,2026-09-18T02:12:20.047153+05:30,2026-09-18_0212IST,airline_direct,IndiGo
MAA,DEL,6E,IndiGo,6E 404,2026-09-25,7,business,,,28240.0,False,09:15,ok,2026-09-18T02:12:20.047153+05:30,2026-09-18_0212IST,airline_direct,IndiGo
MAA,DEL,6E,IndiGo,6E 404,2026-09-25,7,economy,,,9830.0,False,09:15,ok,2026-09-18T02:12:20.047153+05:30,2026-09-18_0212IST,airline_direct,IndiGo
MAA,DEL,6E,IndiGo,6E 6002,2026-09-25,7,business,,,28240.0,False,11:10,ok,2026-09-18T02:12:20.047153+05:30,2026-09-18_0212IST,airline_direct,IndiGo
MAA,DEL,6E,IndiGo,6E 6002,2026-09-25,7,economy,,,9830.0,False,11:10,ok,2026-09-18T02:12:20.047153+05:30,2026-09-18_0212IST,airline_direct,IndiGo
MAA,DEL,6E,IndiGo,6E 939,2026-09-25,7,business,,,28240.0,False,13:00,ok,2026-09-18T02:12:20.047153+05:30,2026-09-18_0212IST,airline_direct,IndiGo
MAA,DEL,6E,IndiGo,6E 939,2026-09-25,7,economy,,,9830.0,False,13:00,ok,2026-09-18T02:12:20.047153+05:30,2026-09-18_0212IST,airline_direct,IndiGo
MAA,DEL,6E,IndiGo,6E 948,2026-09-25,7,business,,,28240.0,False,14:30,ok,2026-09-18T02:12:20.047153+05:30,2026-09-18_0212IST,airline_direct,IndiGo
MAA,DEL,6E,IndiGo,6E 948,2026-09-25,7,economy,,,9830.0,False,14:30,ok,2026-09-18T02:12:20.047153+05:30,2026-09-18_0212IST,airline_direct,IndiGo
MAA,DEL,6E,IndiGo,6E 2369,2026-09-25,7,business,,,28240.0,False,23:45,ok,2026-09-18T02:12:20.047153+05:30,2026-09-18_0212IST,airline_direct,IndiGo
MAA,DEL,6E,IndiGo,6E 2369,2026-09-25,7,economy,,,11850.0,False,23:45,ok,2026-09-18T02:12:20.047153+05:30,2026-09-18_0212IST,airline_direct,IndiGo
MAA,DEL,6E,IndiGo,6E 951,2026-09-25,7,business,,,28240.0,False,21:50,ok,2026-09-18T02:12:20.047153+05:30,2026-09-18_0212IST,airline_direct,IndiGo
MAA,DEL,6E,IndiGo,6E 951,2026-09-25,7,economy,,,12426.0,False,21:50,ok,2026-09-18T02:12:20.047153+05:30,2026-09-18_0212IST,airline_direct,IndiGo
MAA,DEL,6E,IndiGo,6E 698,2026-09-25,7,business,,,28240.0,False,16:45,ok,2026-09-18T02:12:20.047153+05:30,2026-09-18_0212IST,airline_direct,IndiGo
MAA,DEL,6E,IndiGo,6E 698,2026-09-25,7,economy,,,13035.0,False,16:45,ok,2026-09-18T02:12:20.047153+05:30,2026-09-18_0212IST,airline_direct,IndiGo
MAA,DEL,6E,IndiGo,6E 613,2026-09-25,7,business,,,28240.0,False,19:00,ok,2026-09-18T02:12:20.047153+05:30,2026-09-18_0212IST,airline_direct,IndiGo
MAA,DEL,6E,IndiGo,6E 613,2026-09-25,7,economy,,,15069.0,False,19:00,ok,2026-09-18T02:12:20.047153+05:30,2026-09-18_0212IST,airline_direct,IndiGo
MAA,DEL,6E,IndiGo,6E 253,2026-09-25,7,business,,,27587.0,False,03:10,ok,2026-09-18T02:12:20.047153+05:30,2026-09-18_0212IST,airline_direct,IndiGo
MAA,DEL,6E,IndiGo,6E 253,2026-09-25,7,economy,,,9778.0,False,03:10,ok,2026-09-18T02:12:20.047153+05:30,2026-09-18_0212IST,airline_direct,IndiGo
MAA,DEL,6E,IndiGo,6E 607,2026-09-25,7,business,,,27587.0,False,05:40,ok,2026-09-18T02:12:20.047153+05:30,2026-09-18_0212IST,airline_direct,IndiGo
MAA,DEL,6E,IndiGo,6E 607,2026-09-25,7,economy,,,9778.0,False,05:40,ok,2026-09-18T02:12:20.047153+05:30,2026-09-18_0212IST,airline_direct,IndiGo
MAA,DEL,6E,IndiGo,6E 495,2026-09-25,7,business,,,32235.0,False,07:10,ok,2026-09-18T02:12:20.047153+05:30,2026-09-18_0212IST,airline_direct,IndiGo
MAA,DEL,6E,IndiGo,6E 495,2026-09-25,7,economy,,,9778.0,False,07:10,ok,2026-09-18T02:12:20.047153+05:30,2026-09-18_0212IST,airline_direct,IndiGo
MAA,DEL,6E,IndiGo,6E 834,2026-09-25,7,business,,,32953.0,False,09:05,ok,2026-09-18T02:12:20.047153+05:30,2026-09-18_0212IST,airline_direct,IndiGo
MAA,DEL,6E,IndiGo,6E 834,2026-09-25,7,economy,,,9778.0,False,09:05,ok,2026-09-18T02:12:20.047153+05:30,2026-09-18_0212IST,airline_direct,IndiGo
MAA,DEL,6E,IndiGo,6E 372,2026-09-25,7,business,,,32235.0,False,09:55,ok,2026-09-18T02:12:20.047153+05:30,2026-09-18_0212IST,airline_direct,IndiGo
MAA,DEL,6E,IndiGo,6E 372,2026-09-25,7,economy,,,9778.0,False,09:55,ok,2026-09-18T02:12:20.047153+05:30,2026-09-18_0212IST,airline_direct,IndiGo
MAA,DEL,6E,IndiGo,6E 372,2026-09-25,7,business,,,32235.0,False,09:55,ok,2026-09-18T02:12:20.047153+05:30,2026-09-18_0212IST,airline_direct,IndiGo
MAA,DEL,6E,IndiGo,6E 372,2026-09-25,7,economy,,,9778.0,False,09:55,ok,2026-09-18T02:12:20.047153+05:30,2026-09-18_0212IST,airline_direct,IndiGo
MAA,DEL,6E,IndiGo,6E 502,2026-09-25,7,business,,,28769.0,False,11:10,ok,2026-09-18T02:12:20.047153+05:30,2026-09-18_0212IST,airline_direct,IndiGo
MAA,DEL,6E,IndiGo,6E 502,2026-09-25,7,economy,,,9778.0,False,11:10,ok,2026-09-18T02:12:20.047153+05:30,2026-09-18_0212IST,airline_direct,IndiGo
MAA,DEL,6E,IndiGo,6E 183,2026-09-25,7,business,,,29241.0,False,16:35,ok,2026-09-18T02:12:20.047153+05:30,2026-09-18_0212IST,airline_direct,IndiGo
MAA,DEL,6E,IndiGo,6E 183,2026-09-25,7,economy,,,9778.0,False,16:35,ok,2026-09-18T02:12:20.047153+05:30,2026-09-18_0212IST,airline_direct,IndiGo
MAA,DEL,6E,IndiGo,6E 193,2026-09-25,7,business,,,33736.0,False,20:00,ok,2026-09-18T02:12:20.047153+05:30,2026-09-18_0212IST,airline_direct,IndiGo
MAA,DEL,6E,IndiGo,6E 193,2026-09-25,7,economy,,,9778.0,False,20:00,ok,2026-09-18T02:12:20.047153+05:30,2026-09-18_0212IST,airline_direct,IndiGo
MAA,DEL,6E,IndiGo,6E 6487,2026-09-25,7,business,,,33674.0,False,21:25,ok,2026-09-18T02:12:20.047153+05:30,2026-09-18_0212IST,airline_direct,IndiGo
MAA,DEL,6E,IndiGo,6E 6487,2026-09-25,7,economy,,,9778.0,False,21:25,ok,2026-09-18T02:12:20.047153+05:30,2026-09-18_0212IST,airline_direct,IndiGo
MAA,DEL,6E,IndiGo,6E 6815,2026-09-25,7,business,,,32713.0,False,08:55,ok,2026-09-18T02:12:20.047153+05:30,2026-09-18_0212IST,airline_direct,IndiGo
MAA,DEL,6E,IndiGo,6E 6815,2026-09-25,7,economy,,,9857.0,False,08:55,ok,2026-09-18T02:12:20.047153+05:30,2026-09-18_0212IST,airline_direct,IndiGo
MAA,DEL,6E,IndiGo,6E 6892,2026-09-25,7,business,,,32713.0,False,10:55,ok,2026-09-18T02:12:20.047153+05:30,2026-09-18_0212IST,airline_direct,IndiGo
MAA,DEL,6E,IndiGo,6E 6892,2026-09-25,7,economy,,,9857.0,False,10:55,ok,2026-09-18T02:12:20.047153+05:30,2026-09-18_0212IST,airline_direct,IndiGo
MAA,DEL,6E,IndiGo,6E 6140,2026-09-25,7,business,,,32304.0,False,02:30,ok,2026-09-18T02:12:20.047153+05:30,2026-09-18_0212IST,airline_direct,IndiGo
MAA,DEL,6E,IndiGo,6E 6140,2026-09-25,7,economy,,,9988.0,False,02:30,ok,2026-09-18T02:12:20.047153+05:30,2026-09-18_0212IST,airline_direct,IndiGo
MAA,DEL,6E,IndiGo,6E 6140,2026-09-25,7,business,,,32304.0,False,02:30,ok,2026-09-18T02:12:20.047153+05:30,2026-09-18_0212IST,airline_direct,IndiGo
MAA,DEL,6E,IndiGo,6E 6140,2026-09-25,7,economy,,,9988.0,False,02:30,ok,2026-09-18T02:12:20.047153+05:30,2026-09-18_0212IST,airline_direct,IndiGo
MAA,DEL,6E,IndiGo,6E 5314,2026-09-25,7,business,,,39741.0,False,06:45,ok,2026-09-18T02:12:20.047153+05:30,2026-09-18_0212IST,airline_direct,IndiGo
MAA,DEL,6E,IndiGo,6E 5314,2026-09-25,7,economy,,,9988.0,False,06:45,ok,2026-09-18T02:12:20.047153+05:30,2026-09-18_0212IST,airline_direct,IndiGo
MAA,DEL,6E,IndiGo,6E 321,2026-09-25,7,business,,,35111.0,False,08:20,ok,2026-09-18T02:12:20.047153+05:30,2026-09-18_0212IST,airline_direct,IndiGo
MAA,DEL,6E,IndiGo,6E 321,2026-09-25,7,economy,,,9988.0,False,08:20,ok,2026-09-18T02:12:20.047153+05:30,2026-09-18_0212IST,airline_direct,IndiGo
MAA,DEL,6E,IndiGo,6E 5214,2026-09-25,7,business,,,43340.0,False,11:00,ok,2026-09-18T02:12:20.047153+05:30,2026-09-18_0212IST,airline_direct,IndiGo
MAA,DEL,6E,IndiGo,6E 5214,2026-09-25,7,economy,,,9988.0,False,11:00,ok,2026-09-18T02:12:20.047153+05:30,2026-09-18_0212IST,airline_direct,IndiGo
MAA,DEL,6E,IndiGo,6E 6326,2026-09-25,7,business,,,35819.0,False,11:45,ok,2026-09-18T02:12:20.047153+05:30,2026-09-18_0212IST,airline_direct,IndiGo
MAA,DEL,6E,IndiGo,6E 6326,2026-09-25,7,economy,,,9988.0,False,11:45,ok,2026-09-18T02:12:20.047153+05:30,2026-09-18_0212IST,airline_direct,IndiGo
MAA,DEL,6E,IndiGo,6E 5258,2026-09-25,7,business,,,43340.0,False,12:45,ok,2026-09-18T02:12:20.047153+05:30,2026-09-18_0212IST,airline_direct,IndiGo
MAA,DEL,6E,IndiGo,6E 5258,2026-09-25,7,economy,,,9988.0,False,12:45,ok,2026-09-18T02:12:20.047153+05:30,2026-09-18_0212IST,airline_direct,IndiGo
MAA,DEL,6E,IndiGo,6E 5258,2026-09-25,7,business,,,43340.0,False,12:45,ok,2026-09-18T02:12:20.047153+05:30,2026-09-18_0212IST,airline_direct,IndiGo
MAA,DEL,6E,IndiGo,6E 5258,2026-09-25,7,economy,,,9988.0,False,12:45,ok,2026-09-18T02:12:20.047153+05:30,2026-09-18_0212IST,airline_direct,IndiGo
MAA,DEL,6E,IndiGo,6E 981,2026-09-25,7,economy,,,9988.0,False,13:50,ok,2026-09-18T02:12:20.047153+05:30,2026-09-18_0212IST,airline_direct,IndiGo
MAA,DEL,6E,IndiGo,6E 5371,2026-09-25,7,business,,,43340.0,False,14:45,ok,2026-09-18T02:12:20.047153+05:30,2026-09-18_0212IST,airline_direct,IndiGo
MAA,DEL,6E,IndiGo,6E 5371,2026-09-25,7,economy,,,9988.0,False,14:45,ok,2026-09-18T02:12:20.047153+05:30,2026-09-18_0212IST,airline_direct,IndiGo
MAA,DEL,6E,IndiGo,6E 606,2026-09-25,7,business,,,37235.0,False,18:05,ok,2026-09-18T02:12:20.047153+05:30,2026-09-18_0212IST,airline_direct,IndiGo
MAA,DEL,6E,IndiGo,6E 606,2026-09-25,7,economy,,,9988.0,False,18:05,ok,2026-09-18T02:12:20.047153+05:30,2026-09-18_0212IST,airline_direct,IndiGo
MAA,DEL,6E,IndiGo,6E 597,2026-09-25,7,economy,,,10146.0,False,17:45,ok,2026-09-18T02:12:20.047153+05:30,2026-09-18_0212IST,airline_direct,IndiGo
MAA,DEL,6E,IndiGo,6E 6892,2026-09-25,7,business,,,32713.0,False,10:55,ok,2026-09-18T02:12:20.047153+05:30,2026-09-18_0212IST,airline_direct,IndiGo
MAA,DEL,6E,IndiGo,6E 6892,2026-09-25,7,economy,,,10614.0,False,10:55,ok,2026-09-18T02:12:20.047153+05:30,2026-09-18_0212IST,airline_direct,IndiGo
MAA,DEL,6E,IndiGo,6E 6812,2026-09-25,7,economy,,,10614.0,False,20:00,ok,2026-09-18T02:12:20.047153+05:30,2026-09-18_0212IST,airline_direct,IndiGo
MAA,DEL,6E,IndiGo,6E 973,2026-09-25,7,economy,,,11366.0,False,11:55,ok,2026-09-18T02:12:20.047153+05:30,2026-09-18_0212IST,airline_direct,IndiGo
MAA,DEL,6E,IndiGo,6E 6005,2026-09-25,7,economy,,,11445.0,False,15:45,ok,2026-09-18T02:12:20.047153+05:30,2026-09-18_0212IST,airline_direct,IndiGo
MAA,DEL,6E,IndiGo,6E 495,2026-09-25,7,business,,,32235.0,False,07:10,ok,2026-09-18T02:12:20.047153+05:30,2026-09-18_0212IST,airline_direct,IndiGo
MAA,DEL,6E,IndiGo,6E 495,2026-09-25,7,economy,,,12277.0,False,07:10,ok,2026-09-18T02:12:20.047153+05:30,2026-09-18_0212IST,airline_direct,IndiGo
MAA,DEL,6E,IndiGo,6E 6081,2026-09-25,7,business,,,33846.0,False,07:05,ok,2026-09-18T02:12:20.047153+05:30,2026-09-18_0212IST,airline_direct,IndiGo
MAA,DEL,6E,IndiGo,6E 6081,2026-09-25,7,economy,,,13356.0,False,07:05,ok,2026-09-18T02:12:20.047153+05:30,2026-09-18_0212IST,airline_direct,IndiGo
MAA,DEL,6E,IndiGo,6E 6081,2026-09-25,7,business,,,33846.0,False,07:05,ok,2026-09-18T02:12:20.047153+05:30,2026-09-18_0212IST,airline_direct,IndiGo
MAA,DEL,6E,IndiGo,6E 6081,2026-09-25,7,economy,,,13435.0,False,07:05,ok,2026-09-18T02:12:20.047153+05:30,2026-09-18_0212IST,airline_direct,IndiGo
MAA,DEL,6E,IndiGo,6E 6348,2026-09-25,7,business,,,43340.0,False,09:00,ok,2026-09-18T02:12:20.047153+05:30,2026-09-18_0212IST,airline_direct,IndiGo
MAA,DEL,6E,IndiGo,6E 6348,2026-09-25,7,economy,,,13487.0,False,09:00,ok,2026-09-18T02:12:20.047153+05:30,2026-09-18_0212IST,airline_direct,IndiGo
MAA,DEL,6E,IndiGo,6E 834,2026-09-25,7,business,,,32953.0,False,09:05,ok,2026-09-18T02:12:20.047153+05:30,2026-09-18_0212IST,airline_direct,IndiGo
MAA,DEL,6E,IndiGo,6E 834,2026-09-25,7,economy,,,14373.0,False,09:05,ok,2026-09-18T02:12:20.047153+05:30,2026-09-18_0212IST,airline_direct,IndiGo
MAA,DEL,6E,IndiGo,6E 561,2026-09-25,7,business,,,29711.0,False,22:20,ok,2026-09-18T02:12:20.047153+05:30,2026-09-18_0212IST,airline_direct,IndiGo
MAA,DEL,6E,IndiGo,6E 561,2026-09-25,7,economy,,,14373.0,False,22:20,ok,2026-09-18T02:12:20.047153+05:30,2026-09-18_0212IST,airline_direct,IndiGo
MAA,DEL,6E,IndiGo,6E 6348,2026-09-25,7,business,,,39741.0,False,09:00,ok,2026-09-18T02:12:20.047153+05:30,2026-09-18_0212IST,airline_direct,IndiGo
MAA,DEL,6E,IndiGo,6E 6348,2026-09-25,7,economy,,,14583.0,False,09:00,ok,2026-09-18T02:12:20.047153+05:30,2026-09-18_0212IST,airline_direct,IndiGo
MAA,DEL,6E,IndiGo,6E 5104,2026-09-25,7,business,,,39741.0,False,16:40,ok,2026-09-18T02:12:20.047153+05:30,2026-09-18_0212IST,airline_direct,IndiGo
MAA,DEL,6E,IndiGo,6E 5104,2026-09-25,7,economy,,,14583.0,False,16:40,ok,2026-09-18T02:12:20.047153+05:30,2026-09-18_0212IST,airline_direct,IndiGo
MAA,DEL,6E,IndiGo,6E 6925,2026-09-25,7,business,,,32235.0,False,12:00,ok,2026-09-18T02:12:20.047153+05:30,2026-09-18_0212IST,airline_direct,IndiGo
MAA,DEL,6E,IndiGo,6E 6925,2026-09-25,7,economy,,,15577.0,False,12:00,ok,2026-09-18T02:12:20.047153+05:30,2026-09-18_0212IST,airline_direct,IndiGo
MAA,DEL,6E,IndiGo,6E 6209,2026-09-25,7,business,,,33846.0,False,14:35,ok,2026-09-18T02:12:20.047153+05:30,2026-09-18_0212IST,airline_direct,IndiGo
MAA,DEL,6E,IndiGo,6E 6209,2026-09-25,7,economy,,,15585.0,False,14:35,ok,2026-09-18T02:12:20.047153+05:30,2026-09-18_0212IST,airline_direct,IndiGo
MAA,DEL,6E,IndiGo,6E 6925,2026-09-25,7,business,,,32235.0,False,12:00,ok,2026-09-18T02:12:20.047153+05:30,2026-09-18_0212IST,airline_direct,IndiGo
MAA,DEL,6E,IndiGo,6E 6925,2026-09-25,7,economy,,,15709.0,False,12:00,ok,2026-09-18T02:12:20.047153+05:30,2026-09-18_0212IST,airline_direct,IndiGo
MAA,DEL,6E,IndiGo,6E 244,2026-09-25,7,economy,,,15801.0,False,03:55,ok,2026-09-18T02:12:20.047153+05:30,2026-09-18_0212IST,airline_direct,IndiGo
MAA,DEL,6E,IndiGo,6E 489,2026-09-25,7,economy,,,18347.0,False,18:15,ok,2026-09-18T02:12:20.047153+05:30,2026-09-18_0212IST,airline_direct,IndiGo
MAA,DEL,6E,IndiGo,6E 848,2026-09-25,7,economy,,,18458.0,False,17:50,ok,2026-09-18T02:12:20.047153+05:30,2026-09-18_0212IST,airline_direct,IndiGo
MAA,DEL,6E,IndiGo,6E 6158,2026-09-25,7,business,,,32235.0,False,16:10,ok,2026-09-18T02:12:20.047153+05:30,2026-09-18_0212IST,airline_direct,IndiGo
MAA,DEL,6E,IndiGo,6E 6158,2026-09-25,7,economy,,,18858.0,False,16:10,ok,2026-09-18T02:12:20.047153+05:30,2026-09-18_0212IST,airline_direct,IndiGo
MAA,DEL,6E,IndiGo,6E 6209,2026-09-25,7,business,,,33846.0,False,14:35,ok,2026-09-18T02:12:20.047153+05:30,2026-09-18_0212IST,airline_direct,IndiGo
MAA,DEL,6E,IndiGo,6E 6209,2026-09-25,7,economy,,,19193.0,False,14:35,ok,2026-09-18T02:12:20.047153+05:30,2026-09-18_0212IST,airline_direct,IndiGo
MAA,DEL,6E,IndiGo,6E 5367,2026-09-25,7,business,,,39741.0,False,18:15,ok,2026-09-18T02:12:20.047153+05:30,2026-09-18_0212IST,airline_direct,IndiGo
MAA,DEL,6E,IndiGo,6E 5367,2026-09-25,7,economy,,,19478.0,False,18:15,ok,2026-09-18T02:12:20.047153+05:30,2026-09-18_0212IST,airline_direct,IndiGo
MAA,DEL,6E,IndiGo,6E 847,2026-09-25,7,business,,,36600.0,False,16:15,ok,2026-09-18T02:12:20.047153+05:30,2026-09-18_0212IST,airline_direct,IndiGo
MAA,DEL,6E,IndiGo,6E 847,2026-09-25,7,economy,,,20058.0,False,16:15,ok,2026-09-18T02:12:20.047153+05:30,2026-09-18_0212IST,airline_direct,IndiGo
MAA,DEL,6E,IndiGo,6E 562,2026-09-25,7,business,,,37711.0,False,18:20,ok,2026-09-18T02:12:20.047153+05:30,2026-09-18_0212IST,airline_direct,IndiGo
MAA,DEL,6E,IndiGo,6E 562,2026-09-25,7,economy,,,23552.0,False,18:20,ok,2026-09-18T02:12:20.047153+05:30,2026-09-18_0212IST,airline_direct,IndiGo
MAA,DEL,6E,IndiGo,6E 189,2026-09-25,7,business,,,42921.0,False,19:05,ok,2026-09-18T02:12:20.047153+05:30,2026-09-18_0212IST,airline_direct,IndiGo
MAA,DEL,6E,IndiGo,6E 189,2026-09-25,7,economy,,,25384.0,False,19:05,ok,2026-09-18T02:12:20.047153+05:30,2026-09-18_0212IST,airline_direct,IndiGo
MAA,DEL,6E,IndiGo,6E 401,2026-09-25,7,economy,,,27722.0,False,08:10,ok,2026-09-18T02:12:20.047153+05:30,2026-09-18_0212IST,airline_direct,IndiGo
DEL,BOM,6E,IndiGo,6E 353,2026-11-02,45,business,,,21900.0,False,03:30,ok,2026-09-18T02:13:19.234391+05:30,2026-09-18_0213IST,airline_direct,IndiGo
DEL,BOM,6E,IndiGo,6E 353,2026-11-02,45,economy,,,6546.0,False,03:30,ok,2026-09-18T02:13:19.234391+05:30,2026-09-18_0213IST,airline_direct,IndiGo
DEL,BOM,6E,IndiGo,6E 449,2026-11-02,45,business,,,21900.0,False,05:00,ok,2026-09-18T02:13:19.234391+05:30,2026-09-18_0213IST,airline_direct,IndiGo
DEL,BOM,6E,IndiGo,6E 449,2026-11-02,45,economy,,,6546.0,False,05:00,ok,2026-09-18T02:13:19.234391+05:30,2026-09-18_0213IST,airline_direct,IndiGo
DEL,BOM,6E,IndiGo,6E 6218,2026-11-02,45,business,,,21900.0,False,06:05,ok,2026-09-18T02:13:19.234391+05:30,2026-09-18_0213IST,airline_direct,IndiGo
DEL,BOM,6E,IndiGo,6E 6218,2026-11-02,45,economy,,,6546.0,False,06:05,ok,2026-09-18T02:13:19.234391+05:30,2026-09-18_0213IST,airline_direct,IndiGo
DEL,BOM,6E,IndiGo,6E 320,2026-11-02,45,business,,,21900.0,False,08:00,ok,2026-09-18T02:13:19.234391+05:30,2026-09-18_0213IST,airline_direct,IndiGo
DEL,BOM,6E,IndiGo,6E 320,2026-11-02,45,economy,,,6546.0,False,08:00,ok,2026-09-18T02:13:19.234391+05:30,2026-09-18_0213IST,airline_direct,IndiGo
DEL,BOM,6E,IndiGo,6E 675,2026-11-02,45,business,,,21900.0,False,08:45,ok,2026-09-18T02:13:19.234391+05:30,2026-09-18_0213IST,airline_direct,IndiGo
DEL,BOM,6E,IndiGo,6E 675,2026-11-02,45,economy,,,6546.0,False,08:45,ok,2026-09-18T02:13:19.234391+05:30,2026-09-18_0213IST,airline_direct,IndiGo
DEL,BOM,6E,IndiGo,6E 6107,2026-11-02,45,business,,,21900.0,False,09:30,ok,2026-09-18T02:13:19.234391+05:30,2026-09-18_0213IST,airline_direct,IndiGo
DEL,BOM,6E,IndiGo,6E 6107,2026-11-02,45,economy,,,6546.0,False,09:30,ok,2026-09-18T02:13:19.234391+05:30,2026-09-18_0213IST,airline_direct,IndiGo
DEL,BOM,6E,IndiGo,6E 6328,2026-11-02,45,business,,,21900.0,False,10:15,ok,2026-09-18T02:13:19.234391+05:30,2026-09-18_0213IST,airline_direct,IndiGo
DEL,BOM,6E,IndiGo,6E 6328,2026-11-02,45,economy,,,6546.0,False,10:15,ok,2026-09-18T02:13:19.234391+05:30,2026-09-18_0213IST,airline_direct,IndiGo
DEL,BOM,6E,IndiGo,6E 6047,2026-11-02,45,business,,,21900.0,False,11:00,ok,2026-09-18T02:13:19.234391+05:30,2026-09-18_0213IST,airline_direct,IndiGo
DEL,BOM,6E,IndiGo,6E 6047,2026-11-02,45,economy,,,6546.0,False,11:00,ok,2026-09-18T02:13:19.234391+05:30,2026-09-18_0213IST,airline_direct,IndiGo
DEL,BOM,6E,IndiGo,6E 6051,2026-11-02,45,business,,,21900.0,False,11:45,ok,2026-09-18T02:13:19.234391+05:30,2026-09-18_0213IST,airline_direct,IndiGo
DEL,BOM,6E,IndiGo,6E 6051,2026-11-02,45,economy,,,6546.0,False,11:45,ok,2026-09-18T02:13:19.234391+05:30,2026-09-18_0213IST,airline_direct,IndiGo
DEL,BOM,6E,IndiGo,6E 6676,2026-11-02,45,business,,,21900.0,False,12:30,ok,2026-09-18T02:13:19.234391+05:30,2026-09-18_0213IST,airline_direct,IndiGo
DEL,BOM,6E,IndiGo,6E 6676,2026-11-02,45,economy,,,6546.0,False,12:30,ok,2026-09-18T02:13:19.234391+05:30,2026-09-18_0213IST,airline_direct,IndiGo
DEL,BOM,6E,IndiGo,6E 324,2026-11-02,45,business,,,21900.0,False,13:15,ok,2026-09-18T02:13:19.234391+05:30,2026-09-18_0213IST,airline_direct,IndiGo
DEL,BOM,6E,IndiGo,6E 324,2026-11-02,45,economy,,,6546.0,False,13:15,ok,2026-09-18T02:13:19.234391+05:30,2026-09-18_0213IST,airline_direct,IndiGo
DEL,BOM,6E,IndiGo,6E 6022,2026-11-02,45,business,,,21900.0,False,14:00,ok,2026-09-18T02:13:19.234391+05:30,2026-09-18_0213IST,airline_direct,IndiGo
DEL,BOM,6E,IndiGo,6E 6022,2026-11-02,45,economy,,,6546.0,False,14:00,ok,2026-09-18T02:13:19.234391+05:30,2026-09-18_0213IST,airline_direct,IndiGo
DEL,BOM,6E,IndiGo,6E 6318,2026-11-02,45,business,,,21900.0,False,14:45,ok,2026-09-18T02:13:19.234391+05:30,2026-09-18_0213IST,airline_direct,IndiGo
DEL,BOM,6E,IndiGo,6E 6318,2026-11-02,45,economy,,,6546.0,False,14:45,ok,2026-09-18T02:13:19.234391+05:30,2026-09-18_0213IST,airline_direct,IndiGo
DEL,BOM,6E,IndiGo,6E 864,2026-11-02,45,business,,,21900.0,False,15:30,ok,2026-09-18T02:13:19.234391+05:30,2026-09-18_0213IST,airline_direct,IndiGo
DEL,BOM,6E,IndiGo,6E 864,2026-11-02,45,economy,,,6546.0,False,15:30,ok,2026-09-18T02:13:19.234391+05:30,2026-09-18_0213IST,airline_direct,IndiGo
DEL,BOM,6E,IndiGo,6E 327,2026-11-02,45,business,,,21900.0,False,16:15,ok,2026-09-18T02:13:19.234391+05:30,2026-09-18_0213IST,airline_direct,IndiGo
DEL,BOM,6E,IndiGo,6E 327,2026-11-02,45,economy,,,6546.0,False,16:15,ok,2026-09-18T02:13:19.234391+05:30,2026-09-18_0213IST,airline_direct,IndiGo
DEL,BOM,6E,IndiGo,6E 6706,2026-11-02,45,business,,,21900.0,False,17:00,ok,2026-09-18T02:13:19.234391+05:30,2026-09-18_0213IST,airline_direct,IndiGo
DEL,BOM,6E,IndiGo,6E 6706,2026-11-02,45,economy,,,6546.0,False,17:00,ok,2026-09-18T02:13:19.234391+05:30,2026-09-18_0213IST,airline_direct,IndiGo
DEL,BOM,6E,IndiGo,6E 328,2026-11-02,45,business,,,21900.0,False,17:45,ok,2026-09-18T02:13:19.234391+05:30,2026-09-18_0213IST,airline_direct,IndiGo
DEL,BOM,6E,IndiGo,6E 328,2026-11-02,45,economy,,,6546.0,False,17:45,ok,2026-09-18T02:13:19.234391+05:30,2026-09-18_0213IST,airline_direct,IndiGo
DEL,BOM,6E,IndiGo,6E 329,2026-11-02,45,business,,,21900.0,False,18:30,ok,2026-09-18T02:13:19.234391+05:30,2026-09-18_0213IST,airline_direct,IndiGo
DEL,BOM,6E,IndiGo,6E 329,2026-11-02,45,economy,,,6546.0,False,18:30,ok,2026-09-18T02:13:19.234391+05:30,2026-09-18_0213IST,airline_direct,IndiGo
DEL,BOM,6E,IndiGo,6E 354,2026-11-02,45,business,,,21900.0,False,19:15,ok,2026-09-18T02:13:19.234391+05:30,2026-09-18_0213IST,airline_direct,IndiGo
DEL,BOM,6E,IndiGo,6E 354,2026-11-02,45,economy,,,6546.0,False,19:15,ok,2026-09-18T02:13:19.234391+05:30,2026-09-18_0213IST,airline_direct,IndiGo
DEL,BOM,6E,IndiGo,6E 303,2026-11-02,45,business,,,21900.0,False,20:00,ok,2026-09-18T02:13:19.234391+05:30,2026-09-18_0213IST,airline_direct,IndiGo
DEL,BOM,6E,IndiGo,6E 303,2026-11-02,45,economy,,,6546.0,False,20:00,ok,2026-09-18T02:13:19.234391+05:30,2026-09-18_0213IST,airline_direct,IndiGo
DEL,BOM,6E,IndiGo,6E 853,2026-11-02,45,business,,,21900.0,False,21:00,ok,2026-09-18T02:13:19.234391+05:30,2026-09-18_0213IST,airline_direct,IndiGo
DEL,BOM,6E,IndiGo,6E 853,2026-11-02,45,economy,,,6696.0,False,21:00,ok,2026-09-18T02:13:19.234391+05:30,2026-09-18_0213IST,airline_direct,IndiGo
DEL,BOM,6E,IndiGo,6E 6814,2026-11-02,45,business,,,21900.0,False,07:00,ok,2026-09-18T02:13:19.234391+05:30,2026-09-18_0213IST,airline_direct,IndiGo
DEL,BOM,6E,IndiGo,6E 6814,2026-11-02,45,economy,,,6996.0,False,07:00,ok,2026-09-18T02:13:19.234391+05:30,2026-09-18_0213IST,airline_direct,IndiGo
DEL,BOM,6E,IndiGo,6E 395,2026-11-02,45,business,,,21900.0,False,22:00,ok,2026-09-18T02:13:19.234391+05:30,2026-09-18_0213IST,airline_direct,IndiGo
DEL,BOM,6E,IndiGo,6E 395,2026-11-02,45,economy,,,6996.0,False,22:00,ok,2026-09-18T02:13:19.234391+05:30,2026-09-18_0213IST,airline_direct,IndiGo
DEL,BOM,6E,IndiGo,6E 6114,2026-11-02,45,business,,,21900.0,False,23:00,ok,2026-09-18T02:13:19.234391+05:30,2026-09-18_0213IST,airline_direct,IndiGo
DEL,BOM,6E,IndiGo,6E 6114,2026-11-02,45,economy,,,7297.0,False,23:00,ok,2026-09-18T02:13:19.234391+05:30,2026-09-18_0213IST,airline_direct,IndiGo
DEL,BOM,6E,IndiGo,6E 6220,2026-11-02,45,economy,,,7120.0,False,05:00,ok,2026-09-18T02:13:19.234391+05:30,2026-09-18_0213IST,airline_direct,IndiGo
DEL,BOM,6E,IndiGo,6E 2105,2026-11-02,45,economy,,,7120.0,False,05:10,ok,2026-09-18T02:13:19.234391+05:30,2026-09-18_0213IST,airline_direct,IndiGo
DEL,BOM,6E,IndiGo,6E 2164,2026-11-02,45,economy,,,7120.0,False,07:05,ok,2026-09-18T02:13:19.234391+05:30,2026-09-18_0213IST,airline_direct,IndiGo
DEL,BOM,6E,IndiGo,6E 6878,2026-11-02,45,economy,,,7120.0,False,07:30,ok,2026-09-18T02:13:19.234391+05:30,2026-09-18_0213IST,airline_direct,IndiGo
DEL,BOM,6E,IndiGo,6E 6878,2026-11-02,45,economy,,,7120.0,False,07:30,ok,2026-09-18T02:13:19.234391+05:30,2026-09-18_0213IST,airline_direct,IndiGo
DEL,BOM,6E,IndiGo,6E 907,2026-11-02,45,economy,,,7120.0,False,10:00,ok,2026-09-18T02:13:19.234391+05:30,2026-09-18_0213IST,airline_direct,IndiGo
DEL,BOM,6E,IndiGo,6E 907,2026-11-02,45,economy,,,7120.0,False,10:00,ok,2026-09-18T02:13:19.234391+05:30,2026-09-18_0213IST,airline_direct,IndiGo
DEL,BOM,6E,IndiGo,6E 6868,2026-11-02,45,economy,,,7120.0,False,12:20,ok,2026-09-18T02:13:19.234391+05:30,2026-09-18_0213IST,airline_direct,IndiGo
DEL,BOM,6E,IndiGo,6E 6787,2026-11-02,45,economy,,,7120.0,False,14:40,ok,2026-09-18T02:13:19.234391+05:30,2026-09-18_0213IST,airline_direct,IndiGo
DEL,BOM,6E,IndiGo,6E 6787,2026-11-02,45,economy,,,7120.0,False,14:40,ok,2026-09-18T02:13:19.234391+05:30,2026-09-18_0213IST,airline_direct,IndiGo
DEL,BOM,6E,IndiGo,6E 2289,2026-11-02,45,economy,,,7120.0,False,17:05,ok,2026-09-18T02:13:19.234391+05:30,2026-09-18_0213IST,airline_direct,IndiGo
DEL,BOM,6E,IndiGo,6E 6004,2026-11-02,45,economy,,,7252.0,False,05:10,ok,2026-09-18T02:13:19.234391+05:30,2026-09-18_0213IST,airline_direct,IndiGo
DEL,BOM,6E,IndiGo,6E 6569,2026-11-02,45,economy,,,7252.0,False,06:05,ok,2026-09-18T02:13:19.234391+05:30,2026-09-18_0213IST,airline_direct,IndiGo
DEL,BOM,6E,IndiGo,6E 6488,2026-11-02,45,economy,,,7252.0,False,12:05,ok,2026-09-18T02:13:19.234391+05:30,2026-09-18_0213IST,airline_direct,IndiGo
DEL,BOM,6E,IndiGo,6E 428,2026-11-02,45,economy,,,7252.0,False,16:45,ok,2026-09-18T02:13:19.234391+05:30,2026-09-18_0213IST,airline_direct,IndiGo
DEL,BOM,6E,IndiGo,6E 5375,2026-11-02,45,economy,,,7330.0,False,07:25,ok,2026-09-18T02:13:19.234391+05:30,2026-09-18_0213IST,airline_direct,IndiGo
DEL,BOM,6E,IndiGo,6E 6699,2026-11-02,45,economy,,,7330.0,False,10:15,ok,2026-09-18T02:13:19.234391+05:30,2026-09-18_0213IST,airline_direct,IndiGo
DEL,BOM,6E,IndiGo,6E 6808,2026-11-02,45,economy,,,7330.0,False,13:25,ok,2026-09-18T02:13:19.234391+05:30,2026-09-18_0213IST,airline_direct,IndiGo
DEL,BOM,6E,IndiGo,6E 2250,2026-11-02,45,economy,,,7462.0,False,18:10,ok,2026-09-18T02:13:19.234391+05:30,2026-09-18_0213IST,airline_direct,IndiGo
DEL,BOM,6E,IndiGo,6E 2150,2026-11-02,45,business,,,35553.0,False,17:05,ok,2026-09-18T02:13:19.234391+05:30,2026-09-18_0213IST,airline_direct,IndiGo
DEL,BOM,6E,IndiGo,6E 2150,2026-11-02,45,economy,,,7540.0,False,17:05,ok,2026-09-18T02:13:19.234391+05:30,2026-09-18_0213IST,airline_direct,IndiGo
DEL,BOM,6E,IndiGo,6E 931,2026-11-02,45,economy,,,7695.0,False,19:35,ok,2026-09-18T02:13:19.234391+05:30,2026-09-18_0213IST,airline_direct,IndiGo
DEL,BOM,6E,IndiGo,6E 2013,2026-11-02,45,economy,,,7695.0,False,21:55,ok,2026-09-18T02:13:19.234391+05:30,2026-09-18_0213IST,airline_direct,IndiGo
DEL,BOM,6E,IndiGo,6E 2402,2026-11-02,45,economy,,,7826.0,False,06:30,ok,2026-09-18T02:13:19.234391+05:30,2026-09-18_0213IST,airline_direct,IndiGo
DEL,BOM,6E,IndiGo,6E 5252,2026-11-02,45,economy,,,8325.0,False,05:30,ok,2026-09-18T02:13:19.234391+05:30,2026-09-18_0213IST,airline_direct,IndiGo
DEL,BOM,6E,IndiGo,6E 705,2026-11-02,45,business,,,40753.0,False,08:30,ok,2026-09-18T02:13:19.234391+05:30,2026-09-18_0213IST,airline_direct,IndiGo
DEL,BOM,6E,IndiGo,6E 705,2026-11-02,45,economy,,,8666.0,False,08:30,ok,2026-09-18T02:13:19.234391+05:30,2026-09-18_0213IST,airline_direct,IndiGo
DEL,BOM,6E,IndiGo,6E 6293,2026-11-02,45,business,,,29617.0,False,10:00,ok,2026-09-18T02:13:19.234391+05:30,2026-09-18_0213IST,airline_direct,IndiGo
DEL,BOM,6E,IndiGo,6E 6293,2026-11-02,45,economy,,,8666.0,False,10:00,ok,2026-09-18T02:13:19.234391+05:30,2026-09-18_0213IST,airline_direct,IndiGo
DEL,BOM,6E,IndiGo,6E 2298,2026-11-02,45,economy,,,9019.0,False,11:05,ok,2026-09-18T02:13:19.234391+05:30,2026-09-18_0213IST,airline_direct,IndiGo
DEL,BOM,6E,IndiGo,6E 5225,2026-11-02,45,economy,,,9229.0,False,15:45,ok,2026-09-18T02:13:19.234391+05:30,2026-09-18_0213IST,airline_direct,IndiGo
DEL,BOM,6E,IndiGo,6E 704,2026-11-02,45,business,,,29617.0,False,02:25,ok,2026-09-18T02:13:19.234391+05:30,2026-09-18_0213IST,airline_direct,IndiGo
DEL,BOM,6E,IndiGo,6E 704,2026-11-02,45,economy,,,9360.0,False,02:25,ok,2026-09-18T02:13:19.234391+05:30,2026-09-18_0213IST,airline_direct,IndiGo
DEL,BOM,6E,IndiGo,6E 704,2026-11-02,45,business,,,29617.0,False,02:25,ok,2026-09-18T02:13:19.234391+05:30,2026-09-18_0213IST,airline_direct,IndiGo
DEL,BOM,6E,IndiGo,6E 704,2026-11-02,45,economy,,,9360.0,False,02:25,ok,2026-09-18T02:13:19.234391+05:30,2026-09-18_0213IST,airline_direct,IndiGo
DEL,BOM,6E,IndiGo,6E 2303,2026-11-02,45,business,,,29617.0,False,05:15,ok,2026-09-18T02:13:19.234391+05:30,2026-09-18_0213IST,airline_direct,IndiGo
DEL,BOM,6E,IndiGo,6E 2303,2026-11-02,45,economy,,,9360.0,False,05:15,ok,2026-09-18T02:13:19.234391+05:30,2026-09-18_0213IST,airline_direct,IndiGo
DEL,BOM,6E,IndiGo,6E 884,2026-11-02,45,business,,,29617.0,False,11:45,ok,2026-09-18T02:13:19.234391+05:30,2026-09-18_0213IST,airline_direct,IndiGo
DEL,BOM,6E,IndiGo,6E 884,2026-11-02,45,economy,,,9360.0,False,11:45,ok,2026-09-18T02:13:19.234391+05:30,2026-09-18_0213IST,airline_direct,IndiGo
DEL,BOM,6E,IndiGo,6E 5058,2026-11-02,45,business,,,29617.0,False,13:30,ok,2026-09-18T02:13:19.234391+05:30,2026-09-18_0213IST,airline_direct,IndiGo
DEL,BOM,6E,IndiGo,6E 5058,2026-11-02,45,economy,,,9360.0,False,13:30,ok,2026-09-18T02:13:19.234391+05:30,2026-09-18_0213IST,airline_direct,IndiGo
DEL,BOM,6E,IndiGo,6E 5058,2026-11-02,45,business,,,29617.0,False,13:30,ok,2026-09-18T02:13:19.234391+05:30,2026-09-18_0213IST,airline_direct,IndiGo
DEL,BOM,6E,IndiGo,6E 5058,2026-11-02,45,economy,,,9360.0,False,13:30,ok,2026-09-18T02:13:19.234391+05:30,2026-09-18_0213IST,airline_direct,IndiGo
DEL,BOM,6E,IndiGo,6E 6212,2026-11-02,45,business,,,29617.0,False,14:50,ok,2026-09-18T02:13:19.234391+05:30,2026-09-18_0213IST,airline_direct,IndiGo
DEL,BOM,6E,IndiGo,6E 6212,2026-11-02,45,economy,,,9360.0,False,14:50,ok,2026-09-18T02:13:19.234391+05:30,2026-09-18_0213IST,airline_direct,IndiGo
DEL,BOM,6E,IndiGo,6E 717,2026-11-02,45,business,,,29617.0,False,18:15,ok,2026-09-18T02:13:19.234391+05:30,2026-09-18_0213IST,airline_direct,IndiGo
DEL,BOM,6E,IndiGo,6E 717,2026-11-02,45,economy,,,9360.0,False,18:15,ok,2026-09-18T02:13:19.234391+05:30,2026-09-18_0213IST,airline_direct,IndiGo
DEL,BOM,6E,IndiGo,6E 358,2026-11-02,45,business,,,37913.0,False,11:55,ok,2026-09-18T02:13:19.234391+05:30,2026-09-18_0213IST,airline_direct,IndiGo
DEL,BOM,6E,IndiGo,6E 358,2026-11-02,45,economy,,,9439.0,False,11:55,ok,2026-09-18T02:13:19.234391+05:30,2026-09-18_0213IST,airline_direct,IndiGo
DEL,BOM,6E,IndiGo,6E 2373,2026-11-02,45,economy,,,10121.0,False,11:05,ok,2026-09-18T02:13:19.234391+05:30,2026-09-18_0213IST,airline_direct,IndiGo
DEL,BOM,6E,IndiGo,6E 6050,2026-11-02,45,economy,,,10907.0,False,09:20,ok,2026-09-18T02:13:19.234391+05:30,2026-09-18_0213IST,airline_direct,IndiGo
DEL,BOM,6E,IndiGo,6E 717,2026-11-02,45,business,,,29617.0,False,18:15,ok,2026-09-18T02:13:19.234391+05:30,2026-09-18_0213IST,airline_direct,IndiGo
DEL,BOM,6E,IndiGo,6E 717,2026-11-02,45,economy,,,10959.0,False,18:15,ok,2026-09-18T02:13:19.234391+05:30,2026-09-18_0213IST,airline_direct,IndiGo
DEL,BOM,6E,IndiGo,6E 6601,2026-11-02,45,business,,,29617.0,False,19:45,ok,2026-09-18T02:13:19.234391+05:30,2026-09-18_0213IST,airline_direct,IndiGo
DEL,BOM,6E,IndiGo,6E 6601,2026-11-02,45,economy,,,10959.0,False,19:45,ok,2026-09-18T02:13:19.234391+05:30,2026-09-18_0213IST,airline_direct,IndiGo
DEL,BOM,6E,IndiGo,6E 5025,2026-11-02,45,economy,,,14933.0,False,09:20,ok,2026-09-18T02:13:19.234391+05:30,2026-09-18_0213IST,airline_direct,IndiGo
DEL,BLR,6E,IndiGo,6E 820,2026-11-02,45,business,,,26048.0,False,02:45,ok,2026-09-18T02:14:25.245740+05:30,2026-09-18_0214IST,airline_direct,IndiGo
DEL,BLR,6E,IndiGo,6E 820,2026-11-02,45,economy,,,9778.0,False,02:45,ok,2026-09-18T02:14:25.245740+05:30,2026-09-18_0214IST,airline_direct,IndiGo
DEL,BLR,6E,IndiGo,6E 2314,2026-11-02,45,business,,,26048.0,False,05:45,ok,2026-09-18T02:14:25.245740+05:30,2026-09-18_0214IST,airline_direct,IndiGo
DEL,BLR,6E,IndiGo,6E 2314,2026-11-02,45,economy,,,9778.0,False,05:45,ok,2026-09-18T02:14:25.245740+05:30,2026-09-18_0214IST,airline_direct,IndiGo
DEL,BLR,6E,IndiGo,6E 873,2026-11-02,45,business,,,26048.0,False,08:15,ok,2026-09-18T02:14:25.245740+05:30,2026-09-18_0214IST,airline_direct,IndiGo
DEL,BLR,6E,IndiGo,6E 873,2026-11-02,45,economy,,,9778.0,False,08:15,ok,2026-09-18T02:14:25.245740+05:30,2026-09-18_0214IST,airline_direct,IndiGo
DEL,BLR,6E,IndiGo,6E 826,2026-11-02,45,business,,,26048.0,False,09:30,ok,2026-09-18T02:14:25.245740+05:30,2026-09-18_0214IST,airline_direct,IndiGo
DEL,BLR,6E,IndiGo,6E 826,2026-11-02,45,economy,,,9778.0,False,09:30,ok,2026-09-18T02:14:25.245740+05:30,2026-09-18_0214IST,airline_direct,IndiGo
DEL,BLR,6E,IndiGo,6E 842,2026-11-02,45,business,,,26048.0,False,10:45,ok,2026-09-18T02:14:25.245740+05:30,2026-09-18_0214IST,airline_direct,IndiGo
DEL,BLR,6E,IndiGo,6E 842,2026-11-02,45,economy,,,9778.0,False,10:45,ok,2026-09-18T02:14:25.245740+05:30,2026-09-18_0214IST,airline_direct,IndiGo
DEL,BLR,6E,IndiGo,6E 850,2026-11-02,45,business,,,26048.0,False,12:00,ok,2026-09-18T02:14:25.245740+05:30,2026-09-18_0214IST,airline_direct,IndiGo
DEL,BLR,6E,IndiGo,6E 850,2026-11-02,45,economy,,,9778.0,False,12:00,ok,2026-09-18T02:14:25.245740+05:30,2026-09-18_0214IST,airline_direct,IndiGo
DEL,BLR,6E,IndiGo,6E 176,2026-11-02,45,business,,,26048.0,False,13:15,ok,2026-09-18T02:14:25.245740+05:30,2026-09-18_0214IST,airline_direct,IndiGo
DEL,BLR,6E,IndiGo,6E 176,2026-11-02,45,economy,,,9778.0,False,13:15,ok,2026-09-18T02:14:25.245740+05:30,2026-09-18_0214IST,airline_direct,IndiGo
DEL,BLR,6E,IndiGo,6E 2329,2026-11-02,45,business,,,26048.0,False,14:30,ok,2026-09-18T02:14:25.245740+05:30,2026-09-18_0214IST,airline_direct,IndiGo
DEL,BLR,6E,IndiGo,6E 2329,2026-11-02,45,economy,,,9778.0,False,14:30,ok,2026-09-18T02:14:25.245740+05:30,2026-09-18_0214IST,airline_direct,IndiGo
DEL,BLR,6E,IndiGo,6E 880,2026-11-02,45,business,,,26048.0,False,15:45,ok,2026-09-18T02:14:25.245740+05:30,2026-09-18_0214IST,airline_direct,IndiGo
DEL,BLR,6E,IndiGo,6E 880,2026-11-02,45,economy,,,9778.0,False,15:45,ok,2026-09-18T02:14:25.245740+05:30,2026-09-18_0214IST,airline_direct,IndiGo
DEL,BLR,6E,IndiGo,6E 811,2026-11-02,45,business,,,26048.0,False,18:15,ok,2026-09-18T02:14:25.245740+05:30,2026-09-18_0214IST,airline_direct,IndiGo
DEL,BLR,6E,IndiGo,6E 811,2026-11-02,45,economy,,,9778.0,False,18:15,ok,2026-09-18T02:14:25.245740+05:30,2026-09-18_0214IST,airline_direct,IndiGo
DEL,BLR,6E,IndiGo,6E 6515,2026-11-02,45,business,,,26048.0,False,20:45,ok,2026-09-18T02:14:25.245740+05:30,2026-09-18_0214IST,airline_direct,IndiGo
DEL,BLR,6E,IndiGo,6E 6515,2026-11-02,45,economy,,,9778.0,False,20:45,ok,2026-09-18T02:14:25.245740+05:30,2026-09-18_0214IST,airline_direct,IndiGo
DEL,BLR,6E,IndiGo,6E 846,2026-11-02,45,business,,,26048.0,False,22:00,ok,2026-09-18T02:14:25.245740+05:30,2026-09-18_0214IST,airline_direct,IndiGo
DEL,BLR,6E,IndiGo,6E 846,2026-11-02,45,economy,,,9778.0,False,22:00,ok,2026-09-18T02:14:25.245740+05:30,2026-09-18_0214IST,airline_direct,IndiGo
DEL,BLR,6E,IndiGo,6E 871,2026-11-02,45,business,,,26048.0,False,23:30,ok,2026-09-18T02:14:25.245740+05:30,2026-09-18_0214IST,airline_direct,IndiGo
DEL,BLR,6E,IndiGo,6E 871,2026-11-02,45,economy,,,9778.0,False,23:30,ok,2026-09-18T02:14:25.245740+05:30,2026-09-18_0214IST,airline_direct,IndiGo
DEL,BLR,6E,IndiGo,6E 810,2026-11-02,45,business,,,40048.0,False,06:45,ok,2026-09-18T02:14:25.245740+05:30,2026-09-18_0214IST,airline_direct,IndiGo
DEL,BLR,6E,IndiGo,6E 810,2026-11-02,45,economy,,,10192.0,False,06:45,ok,2026-09-18T02:14:25.245740+05:30,2026-09-18_0214IST,airline_direct,IndiGo
DEL,BLR,6E,IndiGo,6E 837,2026-11-02,45,business,,,26048.0,False,17:00,ok,2026-09-18T02:14:25.245740+05:30,2026-09-18_0214IST,airline_direct,IndiGo
DEL,BLR,6E,IndiGo,6E 837,2026-11-02,45,economy,,,10192.0,False,17:00,ok,2026-09-18T02:14:25.245740+05:30,2026-09-18_0214IST,airline_direct,IndiGo
DEL,BLR,6E,IndiGo,6E 861,2026-11-02,45,business,,,26048.0,False,19:30,ok,2026-09-18T02:14:25.245740+05:30,2026-09-18_0214IST,airline_direct,IndiGo
DEL,BLR,6E,IndiGo,6E 861,2026-11-02,45,economy,,,10192.0,False,19:30,ok,2026-09-18T02:14:25.245740+05:30,2026-09-18_0214IST,airline_direct,IndiGo
DEL,BLR,6E,IndiGo,6E 2402,2026-11-02,45,economy,,,9867.0,False,06:30,ok,2026-09-18T02:14:25.245740+05:30,2026-09-18_0214IST,airline_direct,IndiGo
DEL,BLR,6E,IndiGo,6E 2177,2026-11-02,45,economy,,,9867.0,False,18:50,ok,2026-09-18T02:14:25.245740+05:30,2026-09-18_0214IST,airline_direct,IndiGo
DEL,BLR,6E,IndiGo,6E 704,2026-11-02,45,business,,,24542.0,False,02:25,ok,2026-09-18T02:14:25.245740+05:30,2026-09-18_0214IST,airline_direct,IndiGo
DEL,BLR,6E,IndiGo,6E 704,2026-11-02,45,economy,,,9946.0,False,02:25,ok,2026-09-18T02:14:25.245740+05:30,2026-09-18_0214IST,airline_direct,IndiGo
DEL,BLR,6E,IndiGo,6E 2303,2026-11-02,45,business,,,24908.0,False,05:15,ok,2026-09-18T02:14:25.245740+05:30,2026-09-18_0214IST,airline_direct,IndiGo
DEL,BLR,6E,IndiGo,6E 2303,2026-11-02,45,economy,,,9946.0,False,05:15,ok,2026-09-18T02:14:25.245740+05:30,2026-09-18_0214IST,airline_direct,IndiGo
DEL,BLR,6E,IndiGo,6E 5058,2026-11-02,45,business,,,25312.0,False,13:30,ok,2026-09-18T02:14:25.245740+05:30,2026-09-18_0214IST,airline_direct,IndiGo
DEL,BLR,6E,IndiGo,6E 5058,2026-11-02,45,economy,,,9946.0,False,13:30,ok,2026-09-18T02:14:25.245740+05:30,2026-09-18_0214IST,airline_direct,IndiGo
DEL,BLR,6E,IndiGo,6E 6212,2026-11-02,45,business,,,25312.0,False,14:50,ok,2026-09-18T02:14:25.245740+05:30,2026-09-18_0214IST,airline_direct,IndiGo
DEL,BLR,6E,IndiGo,6E 6212,2026-11-02,45,economy,,,9946.0,False,14:50,ok,2026-09-18T02:14:25.245740+05:30,2026-09-18_0214IST,airline_direct,IndiGo
DEL,BLR,6E,IndiGo,6E 6217,2026-11-02,45,business,,,25312.0,False,16:15,ok,2026-09-18T02:14:25.245740+05:30,2026-09-18_0214IST,airline_direct,IndiGo
DEL,BLR,6E,IndiGo,6E 6217,2026-11-02,45,economy,,,9946.0,False,16:15,ok,2026-09-18T02:14:25.245740+05:30,2026-09-18_0214IST,airline_direct,IndiGo
DEL,BLR,6E,IndiGo,6E 6217,2026-11-02,45,business,,,25312.0,False,16:15,ok,2026-09-18T02:14:25.245740+05:30,2026-09-18_0214IST,airline_direct,IndiGo
DEL,BLR,6E,IndiGo,6E 6217,2026-11-02,45,economy,,,9946.0,False,16:15,ok,2026-09-18T02:14:25.245740+05:30,2026-09-18_0214IST,airline_direct,IndiGo
DEL,BLR,6E,IndiGo,6E 717,2026-11-02,45,business,,,24908.0,False,18:15,ok,2026-09-18T02:14:25.245740+05:30,2026-09-18_0214IST,airline_direct,IndiGo
DEL,BLR,6E,IndiGo,6E 717,2026-11-02,45,economy,,,9946.0,False,18:15,ok,2026-09-18T02:14:25.245740+05:30,2026-09-18_0214IST,airline_direct,IndiGo
DEL,BLR,6E,IndiGo,6E 2343,2026-11-02,45,business,,,29152.0,False,02:15,ok,2026-09-18T02:14:25.245740+05:30,2026-09-18_0214IST,airline_direct,IndiGo
DEL,BLR,6E,IndiGo,6E 2343,2026-11-02,45,economy,,,10077.0,False,02:15,ok,2026-09-18T02:14:25.245740+05:30,2026-09-18_0214IST,airline_direct,IndiGo
DEL,BLR,6E,IndiGo,6E 2105,2026-11-02,45,economy,,,10077.0,False,05:10,ok,2026-09-18T02:14:25.245740+05:30,2026-09-18_0214IST,airline_direct,IndiGo
DEL,BLR,6E,IndiGo,6E 637,2026-11-02,45,economy,,,10077.0,False,07:05,ok,2026-09-18T02:14:25.245740+05:30,2026-09-18_0214IST,airline_direct,IndiGo
DEL,BLR,6E,IndiGo,6E 6878,2026-11-02,45,economy,,,10077.0,False,07:30,ok,2026-09-18T02:14:25.245740+05:30,2026-09-18_0214IST,airline_direct,IndiGo
DEL,BLR,6E,IndiGo,6E 6488,2026-11-02,45,economy,,,10077.0,False,12:05,ok,2026-09-18T02:14:25.245740+05:30,2026-09-18_0214IST,airline_direct,IndiGo
DEL,BLR,6E,IndiGo,6E 6868,2026-11-02,45,economy,,,10077.0,False,12:20,ok,2026-09-18T02:14:25.245740+05:30,2026-09-18_0214IST,airline_direct,IndiGo
DEL,BLR,6E,IndiGo,6E 6870,2026-11-02,45,business,,,35758.0,False,12:30,ok,2026-09-18T02:14:25.245740+05:30,2026-09-18_0214IST,airline_direct,IndiGo
DEL,BLR,6E,IndiGo,6E 6870,2026-11-02,45,economy,,,10077.0,False,12:30,ok,2026-09-18T02:14:25.245740+05:30,2026-09-18_0214IST,airline_direct,IndiGo
DEL,BLR,6E,IndiGo,6E 395,2026-11-02,45,business,,,34636.0,False,22:00,ok,2026-09-18T02:14:25.245740+05:30,2026-09-18_0214IST,airline_direct,IndiGo
DEL,BLR,6E,IndiGo,6E 395,2026-11-02,45,economy,,,10077.0,False,22:00,ok,2026-09-18T02:14:25.245740+05:30,2026-09-18_0214IST,airline_direct,IndiGo
DEL,BLR,6E,IndiGo,6E 933,2026-11-02,45,business,,,28318.0,False,02:10,ok,2026-09-18T02:14:25.245740+05:30,2026-09-18_0214IST,airline_direct,IndiGo
DEL,BLR,6E,IndiGo,6E 933,2026-11-02,45,economy,,,10156.0,False,02:10,ok,2026-09-18T02:14:25.245740+05:30,2026-09-18_0214IST,airline_direct,IndiGo
DEL,BLR,6E,IndiGo,6E 976,2026-11-02,45,business,,,28318.0,False,06:30,ok,2026-09-18T02:14:25.245740+05:30,2026-09-18_0214IST,airline_direct,IndiGo
DEL,BLR,6E,IndiGo,6E 976,2026-11-02,45,economy,,,10156.0,False,06:30,ok,2026-09-18T02:14:25.245740+05:30,2026-09-18_0214IST,airline_direct,IndiGo
DEL,BLR,6E,IndiGo,6E 2411,2026-11-02,45,economy,,,10156.0,False,07:15,ok,2026-09-18T02:14:25.245740+05:30,2026-09-18_0214IST,airline_direct,IndiGo
DEL,BLR,6E,IndiGo,6E 6699,2026-11-02,45,economy,,,10156.0,False,10:15,ok,2026-09-18T02:14:25.245740+05:30,2026-09-18_0214IST,airline_direct,IndiGo
DEL,BLR,6E,IndiGo,6E 2277,2026-11-02,45,business,,,37413.0,False,10:25,ok,2026-09-18T02:14:25.245740+05:30,2026-09-18_0214IST,airline_direct,IndiGo
DEL,BLR,6E,IndiGo,6E 2277,2026-11-02,45,economy,,,10156.0,False,10:25,ok,2026-09-18T02:14:25.245740+05:30,2026-09-18_0214IST,airline_direct,IndiGo
DEL,BLR,6E,IndiGo,6E 434,2026-11-02,45,business,,,28318.0,False,10:40,ok,2026-09-18T02:14:25.245740+05:30,2026-09-18_0214IST,airline_direct,IndiGo
DEL,BLR,6E,IndiGo,6E 434,2026-11-02,45,economy,,,10156.0,False,10:40,ok,2026-09-18T02:14:25.245740+05:30,2026-09-18_0214IST,airline_direct,IndiGo
DEL,BLR,6E,IndiGo,6E 6115,2026-11-02,45,business,,,28318.0,False,13:00,ok,2026-09-18T02:14:25.245740+05:30,2026-09-18_0214IST,airline_direct,IndiGo
DEL,BLR,6E,IndiGo,6E 6115,2026-11-02,45,economy,,,10156.0,False,13:00,ok,2026-09-18T02:14:25.245740+05:30,2026-09-18_0214IST,airline_direct,IndiGo
DEL,BLR,6E,IndiGo,6E 6091,2026-11-02,45,business,,,28318.0,False,15:00,ok,2026-09-18T02:14:25.245740+05:30,2026-09-18_0214IST,airline_direct,IndiGo
DEL,BLR,6E,IndiGo,6E 6091,2026-11-02,45,economy,,,10156.0,False,15:00,ok,2026-09-18T02:14:25.245740+05:30,2026-09-18_0214IST,airline_direct,IndiGo
DEL,BLR,6E,IndiGo,6E 6076,2026-11-02,45,economy,,,10156.0,False,15:45,ok,2026-09-18T02:14:25.245740+05:30,2026-09-18_0214IST,airline_direct,IndiGo
DEL,BLR,6E,IndiGo,6E 2336,2026-11-02,45,business,,,28318.0,False,16:15,ok,2026-09-18T02:14:25.245740+05:30,2026-09-18_0214IST,airline_direct,IndiGo
DEL,BLR,6E,IndiGo,6E 2336,2026-11-02,45,economy,,,10156.0,False,16:15,ok,2026-09-18T02:14:25.245740+05:30,2026-09-18_0214IST,airline_direct,IndiGo
DEL,BLR,6E,IndiGo,6E 2346,2026-11-02,45,economy,,,10156.0,False,17:00,ok,2026-09-18T02:14:25.245740+05:30,2026-09-18_0214IST,airline_direct,IndiGo
DEL,BLR,6E,IndiGo,6E 2150,2026-11-02,45,business,,,35761.0,False,17:05,ok,2026-09-18T02:14:25.245740+05:30,2026-09-18_0214IST,airline_direct,IndiGo
DEL,BLR,6E,IndiGo,6E 2150,2026-11-02,45,economy,,,10156.0,False,17:05,ok,2026-09-18T02:14:25.245740+05:30,2026-09-18_0214IST,airline_direct,IndiGo
DEL,BLR,6E,IndiGo,6E 2140,2026-11-02,45,economy,,,10156.0,False,17:30,ok,2026-09-18T02:14:25.245740+05:30,2026-09-18_0214IST,airline_direct,IndiGo
DEL,BLR,6E,IndiGo,6E 769,2026-11-02,45,economy,,,10156.0,False,17:40,ok,2026-09-18T02:14:25.245740+05:30,2026-09-18_0214IST,airline_direct,IndiGo
DEL,BLR,6E,IndiGo,6E 6131,2026-11-02,45,economy,,,10156.0,False,21:10,ok,2026-09-18T02:14:25.245740+05:30,2026-09-18_0214IST,airline_direct,IndiGo
DEL,BLR,6E,IndiGo,6E 6073,2026-11-02,45,economy,,,10287.0,False,05:15,ok,2026-09-18T02:14:25.245740+05:30,2026-09-18_0214IST,airline_direct,IndiGo
DEL,BLR,6E,IndiGo,6E 2769,2026-11-02,45,economy,,,10287.0,False,07:55,ok,2026-09-18T02:14:25.245740+05:30,2026-09-18_0214IST,airline_direct,IndiGo
DEL,BLR,6E,IndiGo,6E 2296,2026-11-02,45,economy,,,10287.0,False,09:30,ok,2026-09-18T02:14:25.245740+05:30,2026-09-18_0214IST,airline_direct,IndiGo
DEL,BLR,6E,IndiGo,6E 6347,2026-11-02,45,economy,,,10287.0,False,14:35,ok,2026-09-18T02:14:25.245740+05:30,2026-09-18_0214IST,airline_direct,IndiGo
DEL,BLR,6E,IndiGo,6E 2771,2026-11-02,45,economy,,,10287.0,False,16:20,ok,2026-09-18T02:14:25.245740+05:30,2026-09-18_0214IST,airline_direct,IndiGo
DEL,BLR,6E,IndiGo,6E 5373,2026-11-02,45,economy,,,10287.0,False,20:20,ok,2026-09-18T02:14:25.245740+05:30,2026-09-18_0214IST,airline_direct,IndiGo
DEL,BLR,6E,IndiGo,6E 2045,2026-11-02,45,economy,,,10314.0,False,20:05,ok,2026-09-18T02:14:25.245740+05:30,2026-09-18_0214IST,airline_direct,IndiGo
DEL,BLR,6E,IndiGo,6E 5162,2026-11-02,45,economy,,,11220.0,False,18:45,ok,2026-09-18T02:14:25.245740+05:30,2026-09-18_0214IST,airline_direct,IndiGo
DEL,BLR,6E,IndiGo,6E 6293,2026-11-02,45,business,,,25312.0,False,10:00,ok,2026-09-18T02:14:25.245740+05:30,2026-09-18_0214IST,airline_direct,IndiGo
DEL,BLR,6E,IndiGo,6E 6293,2026-11-02,45,economy,,,11565.0,False,10:00,ok,2026-09-18T02:14:25.245740+05:30,2026-09-18_0214IST,airline_direct,IndiGo
DEL,BLR,6E,IndiGo,6E 6293,2026-11-02,45,business,,,24542.0,False,10:00,ok,2026-09-18T02:14:25.245740+05:30,2026-09-18_0214IST,airline_direct,IndiGo
DEL,BLR,6E,IndiGo,6E 6293,2026-11-02,45,economy,,,11565.0,False,10:00,ok,2026-09-18T02:14:25.245740+05:30,2026-09-18_0214IST,airline_direct,IndiGo
DEL,BLR,6E,IndiGo,6E 6673,2026-11-02,45,business,,,28186.0,False,21:15,ok,2026-09-18T02:14:25.245740+05:30,2026-09-18_0214IST,airline_direct,IndiGo
DEL,BLR,6E,IndiGo,6E 6673,2026-11-02,45,economy,,,13631.0,False,21:15,ok,2026-09-18T02:14:25.245740+05:30,2026-09-18_0214IST,airline_direct,IndiGo
DEL,BLR,6E,IndiGo,6E 2192,2026-11-02,45,business,,,34231.0,False,08:30,ok,2026-09-18T02:14:25.245740+05:30,2026-09-18_0214IST,airline_direct,IndiGo
DEL,BLR,6E,IndiGo,6E 2192,2026-11-02,45,economy,,,14051.0,False,08:30,ok,2026-09-18T02:14:25.245740+05:30,2026-09-18_0214IST,airline_direct,IndiGo
DEL,BLR,6E,IndiGo,6E 894,2026-11-02,45,business,,,34231.0,False,10:30,ok,2026-09-18T02:14:25.245740+05:30,2026-09-18_0214IST,airline_direct,IndiGo
DEL,BLR,6E,IndiGo,6E 894,2026-11-02,45,economy,,,14051.0,False,10:30,ok,2026-09-18T02:14:25.245740+05:30,2026-09-18_0214IST,airline_direct,IndiGo
DEL,BLR,6E,IndiGo,6E 2327,2026-11-02,45,business,,,31871.0,False,13:35,ok,2026-09-18T02:14:25.245740+05:30,2026-09-18_0214IST,airline_direct,IndiGo
DEL,BLR,6E,IndiGo,6E 2327,2026-11-02,45,economy,,,14051.0,False,13:35,ok,2026-09-18T02:14:25.245740+05:30,2026-09-18_0214IST,airline_direct,IndiGo
DEL,BLR,6E,IndiGo,6E 6517,2026-11-02,45,business,,,35258.0,False,19:30,ok,2026-09-18T02:14:25.245740+05:30,2026-09-18_0214IST,airline_direct,IndiGo
DEL,BLR,6E,IndiGo,6E 6517,2026-11-02,45,economy,,,16361.0,False,19:30,ok,2026-09-18T02:14:25.245740+05:30,2026-09-18_0214IST,airline_direct,IndiGo
DEL,BLR,6E,IndiGo,6E 2361,2026-11-02,45,economy,,,17757.0,False,12:55,ok,2026-09-18T02:14:25.245740+05:30,2026-09-18_0214IST,airline_direct,IndiGo
BOM,BLR,6E,IndiGo,6E 6284,2026-11-02,45,business,,,18948.0,False,02:15,ok,2026-09-18T02:15:29.607818+05:30,2026-09-18_0215IST,airline_direct,IndiGo
BOM,BLR,6E,IndiGo,6E 6284,2026-11-02,45,economy,,,8217.0,False,02:15,ok,2026-09-18T02:15:29.607818+05:30,2026-09-18_0215IST,airline_direct,IndiGo
BOM,BLR,6E,IndiGo,6E 6335,2026-11-02,45,business,,,18948.0,False,04:30,ok,2026-09-18T02:15:29.607818+05:30,2026-09-18_0215IST,airline_direct,IndiGo
BOM,BLR,6E,IndiGo,6E 6335,2026-11-02,45,economy,,,8217.0,False,04:30,ok,2026-09-18T02:15:29.607818+05:30,2026-09-18_0215IST,airline_direct,IndiGo
BOM,BLR,6E,IndiGo,6E 5193,2026-11-02,45,business,,,18948.0,False,07:25,ok,2026-09-18T02:15:29.607818+05:30,2026-09-18_0215IST,airline_direct,IndiGo
BOM,BLR,6E,IndiGo,6E 5193,2026-11-02,45,economy,,,8217.0,False,07:25,ok,2026-09-18T02:15:29.607818+05:30,2026-09-18_0215IST,airline_direct,IndiGo
BOM,BLR,6E,IndiGo,6E 5092,2026-11-02,45,business,,,18948.0,False,09:40,ok,2026-09-18T02:15:29.607818+05:30,2026-09-18_0215IST,airline_direct,IndiGo
BOM,BLR,6E,IndiGo,6E 5092,2026-11-02,45,economy,,,8217.0,False,09:40,ok,2026-09-18T02:15:29.607818+05:30,2026-09-18_0215IST,airline_direct,IndiGo
BOM,BLR,6E,IndiGo,6E 5217,2026-11-02,45,business,,,18948.0,False,11:05,ok,2026-09-18T02:15:29.607818+05:30,2026-09-18_0215IST,airline_direct,IndiGo
BOM,BLR,6E,IndiGo,6E 5217,2026-11-02,45,economy,,,8217.0,False,11:05,ok,2026-09-18T02:15:29.607818+05:30,2026-09-18_0215IST,airline_direct,IndiGo
BOM,BLR,6E,IndiGo,6E 5257,2026-11-02,45,business,,,18948.0,False,12:30,ok,2026-09-18T02:15:29.607818+05:30,2026-09-18_0215IST,airline_direct,IndiGo
BOM,BLR,6E,IndiGo,6E 5257,2026-11-02,45,economy,,,8217.0,False,12:30,ok,2026-09-18T02:15:29.607818+05:30,2026-09-18_0215IST,airline_direct,IndiGo
BOM,BLR,6E,IndiGo,6E 5382,2026-11-02,45,business,,,18948.0,False,15:00,ok,2026-09-18T02:15:29.607818+05:30,2026-09-18_0215IST,airline_direct,IndiGo
BOM,BLR,6E,IndiGo,6E 5382,2026-11-02,45,economy,,,8217.0,False,15:00,ok,2026-09-18T02:15:29.607818+05:30,2026-09-18_0215IST,airline_direct,IndiGo
BOM,BLR,6E,IndiGo,6E 5221,2026-11-02,45,business,,,18948.0,False,17:45,ok,2026-09-18T02:15:29.607818+05:30,2026-09-18_0215IST,airline_direct,IndiGo
BOM,BLR,6E,IndiGo,6E 5221,2026-11-02,45,economy,,,8217.0,False,17:45,ok,2026-09-18T02:15:29.607818+05:30,2026-09-18_0215IST,airline_direct,IndiGo
BOM,BLR,6E,IndiGo,6E 5047,2026-11-02,45,business,,,18948.0,False,19:00,ok,2026-09-18T02:15:29.607818+05:30,2026-09-18_0215IST,airline_direct,IndiGo
BOM,BLR,6E,IndiGo,6E 5047,2026-11-02,45,economy,,,8217.0,False,19:00,ok,2026-09-18T02:15:29.607818+05:30,2026-09-18_0215IST,airline_direct,IndiGo
BOM,BLR,6E,IndiGo,6E 5032,2026-11-02,45,business,,,18948.0,False,20:15,ok,2026-09-18T02:15:29.607818+05:30,2026-09-18_0215IST,airline_direct,IndiGo
BOM,BLR,6E,IndiGo,6E 5032,2026-11-02,45,economy,,,8217.0,False,20:15,ok,2026-09-18T02:15:29.607818+05:30,2026-09-18_0215IST,airline_direct,IndiGo
BOM,BLR,6E,IndiGo,6E 5083,2026-11-02,45,business,,,18948.0,False,21:45,ok,2026-09-18T02:15:29.607818+05:30,2026-09-18_0215IST,airline_direct,IndiGo
BOM,BLR,6E,IndiGo,6E 5083,2026-11-02,45,economy,,,8217.0,False,21:45,ok,2026-09-18T02:15:29.607818+05:30,2026-09-18_0215IST,airline_direct,IndiGo
BOM,BLR,6E,IndiGo,6E 5388,2026-11-02,45,business,,,18948.0,False,22:55,ok,2026-09-18T02:15:29.607818+05:30,2026-09-18_0215IST,airline_direct,IndiGo
BOM,BLR,6E,IndiGo,6E 5388,2026-11-02,45,economy,,,8217.0,False,22:55,ok,2026-09-18T02:15:29.607818+05:30,2026-09-18_0215IST,airline_direct,IndiGo
BOM,BLR,6E,IndiGo,6E 5323,2026-11-02,45,business,,,18948.0,False,00:45,ok,2026-09-18T02:15:29.607818+05:30,2026-09-18_0215IST,airline_direct,IndiGo
BOM,BLR,6E,IndiGo,6E 5323,2026-11-02,45,economy,,,8742.0,False,00:45,ok,2026-09-18T02:15:29.607818+05:30,2026-09-18_0215IST,airline_direct,IndiGo
BOM,BLR,6E,IndiGo,6E 5296,2026-11-02,45,business,,,18948.0,False,06:00,ok,2026-09-18T02:15:29.607818+05:30,2026-09-18_0215IST,airline_direct,IndiGo
BOM,BLR,6E,IndiGo,6E 5296,2026-11-02,45,economy,,,8742.0,False,06:00,ok,2026-09-18T02:15:29.607818+05:30,2026-09-18_0215IST,airline_direct,IndiGo
BOM,BLR,6E,IndiGo,6E 5071,2026-11-02,45,business,,,18948.0,False,16:20,ok,2026-09-18T02:15:29.607818+05:30,2026-09-18_0215IST,airline_direct,IndiGo
BOM,BLR,6E,IndiGo,6E 5071,2026-11-02,45,economy,,,16512.0,False,16:20,ok,2026-09-18T02:15:29.607818+05:30,2026-09-18_0215IST,airline_direct,IndiGo
BOM,BLR,6E,IndiGo,6E 6361,2026-11-02,45,economy,,,7243.0,False,04:30,ok,2026-09-18T02:15:29.607818+05:30,2026-09-18_0215IST,airline_direct,IndiGo
BOM,BLR,6E,IndiGo,6E 261,2026-11-02,45,economy,,,7243.0,False,11:35,ok,2026-09-18T02:15:29.607818+05:30,2026-09-18_0215IST,airline_direct,IndiGo
BOM,BLR,6E,IndiGo,6E 5011,2026-11-02,45,economy,,,7243.0,False,13:55,ok,2026-09-18T02:15:29.607818+05:30,2026-09-18_0215IST,airline_direct,IndiGo
BOM,BLR,6E,IndiGo,6E 5011,2026-11-02,45,economy,,,7243.0,False,13:55,ok,2026-09-18T02:15:29.607818+05:30,2026-09-18_0215IST,airline_direct,IndiGo
BOM,BLR,6E,IndiGo,6E 6064,2026-11-02,45,economy,,,7243.0,False,17:20,ok,2026-09-18T02:15:29.607818+05:30,2026-09-18_0215IST,airline_direct,IndiGo
BOM,BLR,6E,IndiGo,6E 6064,2026-11-02,45,economy,,,7243.0,False,17:20,ok,2026-09-18T02:15:29.607818+05:30,2026-09-18_0215IST,airline_direct,IndiGo
BOM,BLR,6E,IndiGo,6E 5179,2026-11-02,45,business,,,19670.0,False,02:35,ok,2026-09-18T02:15:29.607818+05:30,2026-09-18_0215IST,airline_direct,IndiGo
BOM,BLR,6E,IndiGo,6E 5179,2026-11-02,45,economy,,,7374.0,False,02:35,ok,2026-09-18T02:15:29.607818+05:30,2026-09-18_0215IST,airline_direct,IndiGo
BOM,BLR,6E,IndiGo,6E 6362,2026-11-02,45,business,,,19670.0,False,05:30,ok,2026-09-18T02:15:29.607818+05:30,2026-09-18_0215IST,airline_direct,IndiGo
BOM,BLR,6E,IndiGo,6E 6362,2026-11-02,45,economy,,,7374.0,False,05:30,ok,2026-09-18T02:15:29.607818+05:30,2026-09-18_0215IST,airline_direct,IndiGo
BOM,BLR,6E,IndiGo,6E 6362,2026-11-02,45,business,,,20036.0,False,05:30,ok,2026-09-18T02:15:29.607818+05:30,2026-09-18_0215IST,airline_direct,IndiGo
BOM,BLR,6E,IndiGo,6E 6362,2026-11-02,45,economy,,,7374.0,False,05:30,ok,2026-09-18T02:15:29.607818+05:30,2026-09-18_0215IST,airline_direct,IndiGo
BOM,BLR,6E,IndiGo,6E 5246,2026-11-02,45,business,,,19670.0,False,07:20,ok,2026-09-18T02:15:29.607818+05:30,2026-09-18_0215IST,airline_direct,IndiGo
BOM,BLR,6E,IndiGo,6E 5246,2026-11-02,45,economy,,,7374.0,False,07:20,ok,2026-09-18T02:15:29.607818+05:30,2026-09-18_0215IST,airline_direct,IndiGo
BOM,BLR,6E,IndiGo,6E 6674,2026-11-02,45,economy,,,7374.0,False,09:10,ok,2026-09-18T02:15:29.607818+05:30,2026-09-18_0215IST,airline_direct,IndiGo
BOM,BLR,6E,IndiGo,6E 6674,2026-11-02,45,economy,,,7374.0,False,09:10,ok,2026-09-18T02:15:29.607818+05:30,2026-09-18_0215IST,airline_direct,IndiGo
BOM,BLR,6E,IndiGo,6E 5318,2026-11-02,45,business,,,22906.0,False,10:15,ok,2026-09-18T02:15:29.607818+05:30,2026-09-18_0215IST,airline_direct,IndiGo
BOM,BLR,6E,IndiGo,6E 5318,2026-11-02,45,economy,,,7374.0,False,10:15,ok,2026-09-18T02:15:29.607818+05:30,2026-09-18_0215IST,airline_direct,IndiGo
BOM,BLR,6E,IndiGo,6E 5318,2026-11-02,45,business,,,22135.0,False,10:15,ok,2026-09-18T02:15:29.607818+05:30,2026-09-18_0215IST,airline_direct,IndiGo
BOM,BLR,6E,IndiGo,6E 5318,2026-11-02,45,economy,,,7374.0,False,10:15,ok,2026-09-18T02:15:29.607818+05:30,2026-09-18_0215IST,airline_direct,IndiGo
BOM,BLR,6E,IndiGo,6E 6365,2026-11-02,45,business,,,19670.0,False,12:00,ok,2026-09-18T02:15:29.607818+05:30,2026-09-18_0215IST,airline_direct,IndiGo
BOM,BLR,6E,IndiGo,6E 6365,2026-11-02,45,economy,,,7374.0,False,12:00,ok,2026-09-18T02:15:29.607818+05:30,2026-09-18_0215IST,airline_direct,IndiGo
BOM,BLR,6E,IndiGo,6E 5386,2026-11-02,45,business,,,20441.0,False,15:05,ok,2026-09-18T02:15:29.607818+05:30,2026-09-18_0215IST,airline_direct,IndiGo
BOM,BLR,6E,IndiGo,6E 5386,2026-11-02,45,economy,,,7374.0,False,15:05,ok,2026-09-18T02:15:29.607818+05:30,2026-09-18_0215IST,airline_direct,IndiGo
BOM,BLR,6E,IndiGo,6E 5386,2026-11-02,45,business,,,20441.0,False,15:05,ok,2026-09-18T02:15:29.607818+05:30,2026-09-18_0215IST,airline_direct,IndiGo
BOM,BLR,6E,IndiGo,6E 5386,2026-11-02,45,economy,,,7374.0,False,15:05,ok,2026-09-18T02:15:29.607818+05:30,2026-09-18_0215IST,airline_direct,IndiGo
BOM,BLR,6E,IndiGo,6E 841,2026-11-02,45,economy,,,7374.0,False,15:10,ok,2026-09-18T02:15:29.607818+05:30,2026-09-18_0215IST,airline_direct,IndiGo
BOM,BLR,6E,IndiGo,6E 5228,2026-11-02,45,business,,,20441.0,False,16:40,ok,2026-09-18T02:15:29.607818+05:30,2026-09-18_0215IST,airline_direct,IndiGo
BOM,BLR,6E,IndiGo,6E 5228,2026-11-02,45,economy,,,7374.0,False,16:40,ok,2026-09-18T02:15:29.607818+05:30,2026-09-18_0215IST,airline_direct,IndiGo
BOM,BLR,6E,IndiGo,6E 6549,2026-11-02,45,economy,,,7374.0,False,19:05,ok,2026-09-18T02:15:29.607818+05:30,2026-09-18_0215IST,airline_direct,IndiGo
BOM,BLR,6E,IndiGo,6E 5158,2026-11-02,45,economy,,,7505.0,False,12:45,ok,2026-09-18T02:15:29.607818+05:30,2026-09-18_0215IST,airline_direct,IndiGo
BOM,BLR,6E,IndiGo,6E 5147,2026-11-02,45,economy,,,7505.0,False,18:40,ok,2026-09-18T02:15:29.607818+05:30,2026-09-18_0215IST,airline_direct,IndiGo
BOM,BLR,6E,IndiGo,6E 136,2026-11-02,45,business,,,24040.0,False,05:00,ok,2026-09-18T02:15:29.607818+05:30,2026-09-18_0215IST,airline_direct,IndiGo
BOM,BLR,6E,IndiGo,6E 136,2026-11-02,45,economy,,,7584.0,False,05:00,ok,2026-09-18T02:15:29.607818+05:30,2026-09-18_0215IST,airline_direct,IndiGo
BOM,BLR,6E,IndiGo,6E 136,2026-11-02,45,business,,,24040.0,False,05:00,ok,2026-09-18T02:15:29.607818+05:30,2026-09-18_0215IST,airline_direct,IndiGo
BOM,BLR,6E,IndiGo,6E 136,2026-11-02,45,economy,,,7584.0,False,05:00,ok,2026-09-18T02:15:29.607818+05:30,2026-09-18_0215IST,airline_direct,IndiGo
BOM,BLR,6E,IndiGo,6E 6280,2026-11-02,45,economy,,,7584.0,False,05:30,ok,2026-09-18T02:15:29.607818+05:30,2026-09-18_0215IST,airline_direct,IndiGo
BOM,BLR,6E,IndiGo,6E 2049,2026-11-02,45,economy,,,7584.0,False,07:10,ok,2026-09-18T02:15:29.607818+05:30,2026-09-18_0215IST,airline_direct,IndiGo
BOM,BLR,6E,IndiGo,6E 6020,2026-11-02,45,economy,,,7584.0,False,11:20,ok,2026-09-18T02:15:29.607818+05:30,2026-09-18_0215IST,airline_direct,IndiGo
BOM,BLR,6E,IndiGo,6E 6701,2026-11-02,45,economy,,,7584.0,False,12:30,ok,2026-09-18T02:15:29.607818+05:30,2026-09-18_0215IST,airline_direct,IndiGo
BOM,BLR,6E,IndiGo,6E 5085,2026-11-02,45,business,,,24040.0,False,13:00,ok,2026-09-18T02:15:29.607818+05:30,2026-09-18_0215IST,airline_direct,IndiGo
BOM,BLR,6E,IndiGo,6E 5085,2026-11-02,45,economy,,,7584.0,False,13:00,ok,2026-09-18T02:15:29.607818+05:30,2026-09-18_0215IST,airline_direct,IndiGo
BOM,BLR,6E,IndiGo,6E 5085,2026-11-02,45,business,,,24040.0,False,13:00,ok,2026-09-18T02:15:29.607818+05:30,2026-09-18_0215IST,airline_direct,IndiGo
BOM,BLR,6E,IndiGo,6E 5085,2026-11-02,45,economy,,,7584.0,False,13:00,ok,2026-09-18T02:15:29.607818+05:30,2026-09-18_0215IST,airline_direct,IndiGo
BOM,BLR,6E,IndiGo,6E 5337,2026-11-02,45,business,,,24040.0,False,14:30,ok,2026-09-18T02:15:29.607818+05:30,2026-09-18_0215IST,airline_direct,IndiGo
BOM,BLR,6E,IndiGo,6E 5337,2026-11-02,45,economy,,,7584.0,False,14:30,ok,2026-09-18T02:15:29.607818+05:30,2026-09-18_0215IST,airline_direct,IndiGo
BOM,BLR,6E,IndiGo,6E 5337,2026-11-02,45,business,,,24040.0,False,14:30,ok,2026-09-18T02:15:29.607818+05:30,2026-09-18_0215IST,airline_direct,IndiGo
BOM,BLR,6E,IndiGo,6E 5337,2026-11-02,45,economy,,,7584.0,False,14:30,ok,2026-09-18T02:15:29.607818+05:30,2026-09-18_0215IST,airline_direct,IndiGo
BOM,BLR,6E,IndiGo,6E 6352,2026-11-02,45,economy,,,7584.0,False,15:40,ok,2026-09-18T02:15:29.607818+05:30,2026-09-18_0215IST,airline_direct,IndiGo
BOM,BLR,6E,IndiGo,6E 5183,2026-11-02,45,economy,,,7584.0,False,15:45,ok,2026-09-18T02:15:29.607818+05:30,2026-09-18_0215IST,airline_direct,IndiGo
BOM,BLR,6E,IndiGo,6E 5059,2026-11-02,45,economy,,,7584.0,False,16:45,ok,2026-09-18T02:15:29.607818+05:30,2026-09-18_0215IST,airline_direct,IndiGo
BOM,BLR,6E,IndiGo,6E 795,2026-11-02,45,economy,,,7584.0,False,19:15,ok,2026-09-18T02:15:29.607818+05:30,2026-09-18_0215IST,airline_direct,IndiGo
BOM,BLR,6E,IndiGo,6E 294,2026-11-02,45,economy,,,7715.0,False,07:20,ok,2026-09-18T02:15:29.607818+05:30,2026-09-18_0215IST,airline_direct,IndiGo
BOM,BLR,6E,IndiGo,6E 5228,2026-11-02,45,business,,,20036.0,False,16:40,ok,2026-09-18T02:15:29.607818+05:30,2026-09-18_0215IST,airline_direct,IndiGo
BOM,BLR,6E,IndiGo,6E 5228,2026-11-02,45,economy,,,7916.0,False,16:40,ok,2026-09-18T02:15:29.607818+05:30,2026-09-18_0215IST,airline_direct,IndiGo
BOM,BLR,6E,IndiGo,6E 5313,2026-11-02,45,business,,,24040.0,False,10:55,ok,2026-09-18T02:15:29.607818+05:30,2026-09-18_0215IST,airline_direct,IndiGo
BOM,BLR,6E,IndiGo,6E 5313,2026-11-02,45,economy,,,8126.0,False,10:55,ok,2026-09-18T02:15:29.607818+05:30,2026-09-18_0215IST,airline_direct,IndiGo
BOM,BLR,6E,IndiGo,6E 6080,2026-11-02,45,economy,,,8257.0,False,17:10,ok,2026-09-18T02:15:29.607818+05:30,2026-09-18_0215IST,airline_direct,IndiGo
BOM,BLR,6E,IndiGo,6E 5228,2026-11-02,45,business,,,20441.0,False,16:40,ok,2026-09-18T02:15:29.607818+05:30,2026-09-18_0215IST,airline_direct,IndiGo
BOM,BLR,6E,IndiGo,6E 5228,2026-11-02,45,economy,,,8508.0,False,16:40,ok,2026-09-18T02:15:29.607818+05:30,2026-09-18_0215IST,airline_direct,IndiGo
BOM,BLR,6E,IndiGo,6E 5188,2026-11-02,45,business,,,24040.0,False,07:05,ok,2026-09-18T02:15:29.607818+05:30,2026-09-18_0215IST,airline_direct,IndiGo
BOM,BLR,6E,IndiGo,6E 5188,2026-11-02,45,economy,,,8718.0,False,07:05,ok,2026-09-18T02:15:29.607818+05:30,2026-09-18_0215IST,airline_direct,IndiGo
BOM,BLR,6E,IndiGo,6E 5204,2026-11-02,45,business,,,24040.0,False,08:30,ok,2026-09-18T02:15:29.607818+05:30,2026-09-18_0215IST,airline_direct,IndiGo
BOM,BLR,6E,IndiGo,6E 5204,2026-11-02,45,economy,,,8718.0,False,08:30,ok,2026-09-18T02:15:29.607818+05:30,2026-09-18_0215IST,airline_direct,IndiGo
BOM,BLR,6E,IndiGo,6E 5313,2026-11-02,45,business,,,24040.0,False,10:55,ok,2026-09-18T02:15:29.607818+05:30,2026-09-18_0215IST,airline_direct,IndiGo
BOM,BLR,6E,IndiGo,6E 5313,2026-11-02,45,economy,,,8718.0,False,10:55,ok,2026-09-18T02:15:29.607818+05:30,2026-09-18_0215IST,airline_direct,IndiGo
BOM,BLR,6E,IndiGo,6E 5188,2026-11-02,45,business,,,24040.0,False,07:05,ok,2026-09-18T02:15:29.607818+05:30,2026-09-18_0215IST,airline_direct,IndiGo
BOM,BLR,6E,IndiGo,6E 5188,2026-11-02,45,economy,,,10838.0,False,07:05,ok,2026-09-18T02:15:29.607818+05:30,2026-09-18_0215IST,airline_direct,IndiGo
BOM,BLR,6E,IndiGo,6E 5196,2026-11-02,45,business,,,24040.0,False,16:30,ok,2026-09-18T02:15:29.607818+05:30,2026-09-18_0215IST,airline_direct,IndiGo
BOM,BLR,6E,IndiGo,6E 5196,2026-11-02,45,economy,,,11678.0,False,16:30,ok,2026-09-18T02:15:29.607818+05:30,2026-09-18_0215IST,airline_direct,IndiGo
BOM,BLR,6E,IndiGo,6E 5196,2026-11-02,45,business,,,24040.0,False,16:30,ok,2026-09-18T02:15:29.607818+05:30,2026-09-18_0215IST,airline_direct,IndiGo
BOM,BLR,6E,IndiGo,6E 5196,2026-11-02,45,economy,,,11678.0,False,16:30,ok,2026-09-18T02:15:29.607818+05:30,2026-09-18_0215IST,airline_direct,IndiGo
DEL,CCU,6E,IndiGo,6E 930,2026-11-02,45,business,,,22600.0,False,03:00,ok,2026-09-18T02:16:42.453328+05:30,2026-09-18_0216IST,airline_direct,IndiGo
DEL,CCU,6E,IndiGo,6E 930,2026-11-02,45,economy,,,12430.0,False,03:00,ok,2026-09-18T02:16:42.453328+05:30,2026-09-18_0216IST,airline_direct,IndiGo
DEL,CCU,6E,IndiGo,6E 5191,2026-11-02,45,business,,,22600.0,False,04:45,ok,2026-09-18T02:16:42.453328+05:30,2026-09-18_0216IST,airline_direct,IndiGo
DEL,CCU,6E,IndiGo,6E 5191,2026-11-02,45,economy,,,12430.0,False,04:45,ok,2026-09-18T02:16:42.453328+05:30,2026-09-18_0216IST,airline_direct,IndiGo
DEL,CCU,6E,IndiGo,6E 340,2026-11-02,45,business,,,22600.0,False,06:15,ok,2026-09-18T02:16:42.453328+05:30,2026-09-18_0216IST,airline_direct,IndiGo
DEL,CCU,6E,IndiGo,6E 340,2026-11-02,45,economy,,,12430.0,False,06:15,ok,2026-09-18T02:16:42.453328+05:30,2026-09-18_0216IST,airline_direct,IndiGo
DEL,CCU,6E,IndiGo,6E 2192,2026-11-02,45,business,,,22600.0,False,08:30,ok,2026-09-18T02:16:42.453328+05:30,2026-09-18_0216IST,airline_direct,IndiGo
DEL,CCU,6E,IndiGo,6E 2192,2026-11-02,45,economy,,,12430.0,False,08:30,ok,2026-09-18T02:16:42.453328+05:30,2026-09-18_0216IST,airline_direct,IndiGo
DEL,CCU,6E,IndiGo,6E 894,2026-11-02,45,business,,,22600.0,False,10:30,ok,2026-09-18T02:16:42.453328+05:30,2026-09-18_0216IST,airline_direct,IndiGo
DEL,CCU,6E,IndiGo,6E 894,2026-11-02,45,economy,,,12430.0,False,10:30,ok,2026-09-18T02:16:42.453328+05:30,2026-09-18_0216IST,airline_direct,IndiGo
DEL,CCU,6E,IndiGo,6E 897,2026-11-02,45,business,,,22600.0,False,12:15,ok,2026-09-18T02:16:42.453328+05:30,2026-09-18_0216IST,airline_direct,IndiGo
DEL,CCU,6E,IndiGo,6E 897,2026-11-02,45,economy,,,12430.0,False,12:15,ok,2026-09-18T02:16:42.453328+05:30,2026-09-18_0216IST,airline_direct,IndiGo
DEL,CCU,6E,IndiGo,6E 2327,2026-11-02,45,business,,,22600.0,False,13:35,ok,2026-09-18T02:16:42.453328+05:30,2026-09-18_0216IST,airline_direct,IndiGo
DEL,CCU,6E,IndiGo,6E 2327,2026-11-02,45,economy,,,12430.0,False,13:35,ok,2026-09-18T02:16:42.453328+05:30,2026-09-18_0216IST,airline_direct,IndiGo
DEL,CCU,6E,IndiGo,6E 6415,2026-11-02,45,business,,,22600.0,False,15:30,ok,2026-09-18T02:16:42.453328+05:30,2026-09-18_0216IST,airline_direct,IndiGo
DEL,CCU,6E,IndiGo,6E 6415,2026-11-02,45,economy,,,12430.0,False,15:30,ok,2026-09-18T02:16:42.453328+05:30,2026-09-18_0216IST,airline_direct,IndiGo
DEL,CCU,6E,IndiGo,6E 920,2026-11-02,45,business,,,22600.0,False,17:15,ok,2026-09-18T02:16:42.453328+05:30,2026-09-18_0216IST,airline_direct,IndiGo
DEL,CCU,6E,IndiGo,6E 920,2026-11-02,45,economy,,,12430.0,False,17:15,ok,2026-09-18T02:16:42.453328+05:30,2026-09-18_0216IST,airline_direct,IndiGo
DEL,CCU,6E,IndiGo,6E 389,2026-11-02,45,business,,,22600.0,False,22:15,ok,2026-09-18T02:16:42.453328+05:30,2026-09-18_0216IST,airline_direct,IndiGo
DEL,CCU,6E,IndiGo,6E 389,2026-11-02,45,economy,,,12430.0,False,22:15,ok,2026-09-18T02:16:42.453328+05:30,2026-09-18_0216IST,airline_direct,IndiGo
DEL,CCU,6E,IndiGo,6E 247,2026-11-02,45,business,,,22600.0,False,23:45,ok,2026-09-18T02:16:42.453328+05:30,2026-09-18_0216IST,airline_direct,IndiGo
DEL,CCU,6E,IndiGo,6E 247,2026-11-02,45,economy,,,12430.0,False,23:45,ok,2026-09-18T02:16:42.453328+05:30,2026-09-18_0216IST,airline_direct,IndiGo
DEL,CCU,6E,IndiGo,6E 6517,2026-11-02,45,business,,,27001.0,False,19:30,ok,2026-09-18T02:16:42.453328+05:30,2026-09-18_0216IST,airline_direct,IndiGo
DEL,CCU,6E,IndiGo,6E 6517,2026-11-02,45,economy,,,13218.0,False,19:30,ok,2026-09-18T02:16:42.453328+05:30,2026-09-18_0216IST,airline_direct,IndiGo
DEL,CCU,6E,IndiGo,6E 6245,2026-11-02,45,economy,,,7376.0,False,06:25,ok,2026-09-18T02:16:42.453328+05:30,2026-09-18_0216IST,airline_direct,IndiGo
DEL,CCU,6E,IndiGo,6E 2769,2026-11-02,45,economy,,,7376.0,False,07:55,ok,2026-09-18T02:16:42.453328+05:30,2026-09-18_0216IST,airline_direct,IndiGo
DEL,CCU,6E,IndiGo,6E 2373,2026-11-02,45,economy,,,7376.0,False,11:05,ok,2026-09-18T02:16:42.453328+05:30,2026-09-18_0216IST,airline_direct,IndiGo
DEL,CCU,6E,IndiGo,6E 821,2026-11-02,45,economy,,,7376.0,False,13:25,ok,2026-09-18T02:16:42.453328+05:30,2026-09-18_0216IST,airline_direct,IndiGo
DEL,CCU,6E,IndiGo,6E 6347,2026-11-02,45,economy,,,7376.0,False,14:35,ok,2026-09-18T02:16:42.453328+05:30,2026-09-18_0216IST,airline_direct,IndiGo
DEL,CCU,6E,IndiGo,6E 6073,2026-11-02,45,economy,,,7586.0,False,05:15,ok,2026-09-18T02:16:42.453328+05:30,2026-09-18_0216IST,airline_direct,IndiGo
DEL,CCU,6E,IndiGo,6E 2164,2026-11-02,45,economy,,,7586.0,False,07:05,ok,2026-09-18T02:16:42.453328+05:30,2026-09-18_0216IST,airline_direct,IndiGo
DEL,CCU,6E,IndiGo,6E 6076,2026-11-02,45,economy,,,7586.0,False,15:45,ok,2026-09-18T02:16:42.453328+05:30,2026-09-18_0216IST,airline_direct,IndiGo
DEL,CCU,6E,IndiGo,6E 6076,2026-11-02,45,economy,,,7586.0,False,15:45,ok,2026-09-18T02:16:42.453328+05:30,2026-09-18_0216IST,airline_direct,IndiGo
DEL,CCU,6E,IndiGo,6E 6293,2026-11-02,45,business,,,30797.0,False,10:00,ok,2026-09-18T02:16:42.453328+05:30,2026-09-18_0216IST,airline_direct,IndiGo
DEL,CCU,6E,IndiGo,6E 6293,2026-11-02,45,economy,,,7927.0,False,10:00,ok,2026-09-18T02:16:42.453328+05:30,2026-09-18_0216IST,airline_direct,IndiGo
DEL,CCU,6E,IndiGo,6E 6787,2026-11-02,45,economy,,,7927.0,False,14:40,ok,2026-09-18T02:16:42.453328+05:30,2026-09-18_0216IST,airline_direct,IndiGo
DEL,CCU,6E,IndiGo,6E 931,2026-11-02,45,economy,,,7927.0,False,19:35,ok,2026-09-18T02:16:42.453328+05:30,2026-09-18_0216IST,airline_direct,IndiGo
DEL,CCU,6E,IndiGo,6E 5375,2026-11-02,45,economy,,,7984.0,False,07:25,ok,2026-09-18T02:16:42.453328+05:30,2026-09-18_0216IST,airline_direct,IndiGo
DEL,CCU,6E,IndiGo,6E 6304,2026-11-02,45,economy,,,7984.0,False,09:30,ok,2026-09-18T02:16:42.453328+05:30,2026-09-18_0216IST,airline_direct,IndiGo
DEL,CCU,6E,IndiGo,6E 821,2026-11-02,45,economy,,,7984.0,False,13:25,ok,2026-09-18T02:16:42.453328+05:30,2026-09-18_0216IST,airline_direct,IndiGo
DEL,CCU,6E,IndiGo,6E 2771,2026-11-02,45,economy,,,8194.0,False,16:20,ok,2026-09-18T02:16:42.453328+05:30,2026-09-18_0216IST,airline_direct,IndiGo
DEL,CCU,6E,IndiGo,6E 6503,2026-11-02,45,economy,,,8509.0,False,12:35,ok,2026-09-18T02:16:42.453328+05:30,2026-09-18_0216IST,airline_direct,IndiGo
DEL,CCU,6E,IndiGo,6E 705,2026-11-02,45,business,,,41932.0,False,08:30,ok,2026-09-18T02:16:42.453328+05:30,2026-09-18_0216IST,airline_direct,IndiGo
DEL,CCU,6E,IndiGo,6E 705,2026-11-02,45,economy,,,8535.0,False,08:30,ok,2026-09-18T02:16:42.453328+05:30,2026-09-18_0216IST,airline_direct,IndiGo
DEL,CCU,6E,IndiGo,6E 2410,2026-11-02,45,economy,,,8640.0,False,12:10,ok,2026-09-18T02:16:42.453328+05:30,2026-09-18_0216IST,airline_direct,IndiGo
DEL,CCU,6E,IndiGo,6E 6551,2026-11-02,45,economy,,,8640.0,False,12:10,ok,2026-09-18T02:16:42.453328+05:30,2026-09-18_0216IST,airline_direct,IndiGo
DEL,CCU,6E,IndiGo,6E 2039,2026-11-02,45,economy,,,8862.0,False,05:30,ok,2026-09-18T02:16:42.453328+05:30,2026-09-18_0216IST,airline_direct,IndiGo
DEL,CCU,6E,IndiGo,6E 2039,2026-11-02,45,economy,,,8862.0,False,05:30,ok,2026-09-18T02:16:42.453328+05:30,2026-09-18_0216IST,airline_direct,IndiGo
DEL,CCU,6E,IndiGo,6E 2614,2026-11-02,45,economy,,,8862.0,False,15:05,ok,2026-09-18T02:16:42.453328+05:30,2026-09-18_0216IST,airline_direct,IndiGo
DEL,CCU,6E,IndiGo,6E 6503,2026-11-02,45,economy,,,9177.0,False,12:35,ok,2026-09-18T02:16:42.453328+05:30,2026-09-18_0216IST,airline_direct,IndiGo
DEL,CCU,6E,IndiGo,6E 2614,2026-11-02,45,economy,,,9597.0,False,15:05,ok,2026-09-18T02:16:42.453328+05:30,2026-09-18_0216IST,airline_direct,IndiGo
DEL,CCU,6E,IndiGo,6E 5023,2026-11-02,45,economy,,,9597.0,False,18:10,ok,2026-09-18T02:16:42.453328+05:30,2026-09-18_0216IST,airline_direct,IndiGo
DEL,CCU,6E,IndiGo,6E 705,2026-11-02,45,business,,,41932.0,False,08:30,ok,2026-09-18T02:16:42.453328+05:30,2026-09-18_0216IST,airline_direct,IndiGo
DEL,CCU,6E,IndiGo,6E 705,2026-11-02,45,economy,,,9938.0,False,08:30,ok,2026-09-18T02:16:42.453328+05:30,2026-09-18_0216IST,airline_direct,IndiGo
DEL,CCU,6E,IndiGo,6E 5058,2026-11-02,45,business,,,28673.0,False,13:30,ok,2026-09-18T02:16:42.453328+05:30,2026-09-18_0216IST,airline_direct,IndiGo
DEL,CCU,6E,IndiGo,6E 5058,2026-11-02,45,economy,,,9938.0,False,13:30,ok,2026-09-18T02:16:42.453328+05:30,2026-09-18_0216IST,airline_direct,IndiGo
DEL,CCU,6E,IndiGo,6E 6212,2026-11-02,45,business,,,28673.0,False,14:50,ok,2026-09-18T02:16:42.453328+05:30,2026-09-18_0216IST,airline_direct,IndiGo
DEL,CCU,6E,IndiGo,6E 6212,2026-11-02,45,economy,,,9938.0,False,14:50,ok,2026-09-18T02:16:42.453328+05:30,2026-09-18_0216IST,airline_direct,IndiGo
DEL,CCU,6E,IndiGo,6E 6217,2026-11-02,45,business,,,28201.0,False,16:15,ok,2026-09-18T02:16:42.453328+05:30,2026-09-18_0216IST,airline_direct,IndiGo
DEL,CCU,6E,IndiGo,6E 6217,2026-11-02,45,economy,,,9938.0,False,16:15,ok,2026-09-18T02:16:42.453328+05:30,2026-09-18_0216IST,airline_direct,IndiGo
DEL,CCU,6E,IndiGo,6E 5269,2026-11-02,45,economy,,,10509.0,False,10:35,ok,2026-09-18T02:16:42.453328+05:30,2026-09-18_0216IST,airline_direct,IndiGo
DEL,CCU,6E,IndiGo,6E 704,2026-11-02,45,business,,,30325.0,False,02:25,ok,2026-09-18T02:16:42.453328+05:30,2026-09-18_0216IST,airline_direct,IndiGo
DEL,CCU,6E,IndiGo,6E 704,2026-11-02,45,economy,,,10745.0,False,02:25,ok,2026-09-18T02:16:42.453328+05:30,2026-09-18_0216IST,airline_direct,IndiGo
DEL,CCU,6E,IndiGo,6E 203,2026-11-02,45,business,,,30797.0,False,06:30,ok,2026-09-18T02:16:42.453328+05:30,2026-09-18_0216IST,airline_direct,IndiGo
DEL,CCU,6E,IndiGo,6E 203,2026-11-02,45,economy,,,10745.0,False,06:30,ok,2026-09-18T02:16:42.453328+05:30,2026-09-18_0216IST,airline_direct,IndiGo
DEL,CCU,6E,IndiGo,6E 717,2026-11-02,45,business,,,28201.0,False,18:15,ok,2026-09-18T02:16:42.453328+05:30,2026-09-18_0216IST,airline_direct,IndiGo
DEL,CCU,6E,IndiGo,6E 717,2026-11-02,45,economy,,,10745.0,False,18:15,ok,2026-09-18T02:16:42.453328+05:30,2026-09-18_0216IST,airline_direct,IndiGo
DEL,CCU,6E,IndiGo,6E 6378,2026-11-02,45,economy,,,11396.0,False,14:50,ok,2026-09-18T02:16:42.453328+05:30,2026-09-18_0216IST,airline_direct,IndiGo
DEL,CCU,6E,IndiGo,6E 6217,2026-11-02,45,business,,,30325.0,False,16:15,ok,2026-09-18T02:16:42.453328+05:30,2026-09-18_0216IST,airline_direct,IndiGo
DEL,CCU,6E,IndiGo,6E 6217,2026-11-02,45,economy,,,11632.0,False,16:15,ok,2026-09-18T02:16:42.453328+05:30,2026-09-18_0216IST,airline_direct,IndiGo
DEL,CCU,6E,IndiGo,6E 601,2026-11-02,45,economy,,,12373.0,False,13:20,ok,2026-09-18T02:16:42.453328+05:30,2026-09-18_0216IST,airline_direct,IndiGo
DEL,CCU,6E,IndiGo,6E 2296,2026-11-02,45,economy,,,13340.0,False,09:30,ok,2026-09-18T02:16:42.453328+05:30,2026-09-18_0216IST,airline_direct,IndiGo
DEL,CCU,6E,IndiGo,6E 962,2026-11-02,45,economy,,,13522.0,False,05:10,ok,2026-09-18T02:16:42.453328+05:30,2026-09-18_0216IST,airline_direct,IndiGo
DEL,CCU,6E,IndiGo,6E 2361,2026-11-02,45,economy,,,13720.0,False,12:55,ok,2026-09-18T02:16:42.453328+05:30,2026-09-18_0216IST,airline_direct,IndiGo
DEL,CCU,6E,IndiGo,6E 2316,2026-11-02,45,economy,,,13732.0,False,18:00,ok,2026-09-18T02:16:42.453328+05:30,2026-09-18_0216IST,airline_direct,IndiGo
DEL,CCU,6E,IndiGo,6E 962,2026-11-02,45,economy,,,13785.0,False,05:10,ok,2026-09-18T02:16:42.453328+05:30,2026-09-18_0216IST,airline_direct,IndiGo
DEL,CCU,6E,IndiGo,6E 2423,2026-11-02,45,economy,,,13793.0,False,15:15,ok,2026-09-18T02:16:42.453328+05:30,2026-09-18_0216IST,airline_direct,IndiGo
DEL,CCU,6E,IndiGo,6E 2423,2026-11-02,45,economy,,,14266.0,False,15:15,ok,2026-09-18T02:16:42.453328+05:30,2026-09-18_0216IST,airline_direct,IndiGo
DEL,CCU,6E,IndiGo,6E 5041,2026-11-02,45,economy,,,14467.0,False,15:25,ok,2026-09-18T02:16:42.453328+05:30,2026-09-18_0216IST,airline_direct,IndiGo
DEL,CCU,6E,IndiGo,6E 6038,2026-11-02,45,economy,,,15150.0,False,11:30,ok,2026-09-18T02:16:42.453328+05:30,2026-09-18_0216IST,airline_direct,IndiGo
DEL,CCU,6E,IndiGo,6E 6038,2026-11-02,45,economy,,,15622.0,False,11:30,ok,2026-09-18T02:16:42.453328+05:30,2026-09-18_0216IST,airline_direct,IndiGo
DEL,CCU,6E,IndiGo,6E 6048,2026-11-02,45,economy,,,15990.0,False,06:30,ok,2026-09-18T02:16:42.453328+05:30,2026-09-18_0216IST,airline_direct,IndiGo
BLR,HYD,6E,IndiGo,6E 855,2026-11-02,45,economy,,,4235.0,False,20:05,ok,2026-09-18T02:17:42.345254+05:30,2026-09-18_0217IST,airline_direct,IndiGo
BLR,HYD,6E,IndiGo,6E 6784,2026-11-02,45,economy,,,4561.0,False,21:35,ok,2026-09-18T02:17:42.345254+05:30,2026-09-18_0217IST,airline_direct,IndiGo
BLR,HYD,6E,IndiGo,6E 638,2026-11-02,45,economy,,,4921.0,False,18:35,ok,2026-09-18T02:17:42.345254+05:30,2026-09-18_0217IST,airline_direct,IndiGo
BLR,HYD,6E,IndiGo,6E 312,2026-11-02,45,economy,,,5756.0,False,09:15,ok,2026-09-18T02:17:42.345254+05:30,2026-09-18_0217IST,airline_direct,IndiGo
BLR,HYD,6E,IndiGo,6E 6178,2026-11-02,45,economy,,,5756.0,False,11:25,ok,2026-09-18T02:17:42.345254+05:30,2026-09-18_0217IST,airline_direct,IndiGo
BLR,HYD,6E,IndiGo,6E 6404,2026-11-02,45,economy,,,6772.0,False,13:35,ok,2026-09-18T02:17:42.345254+05:30,2026-09-18_0217IST,airline_direct,IndiGo
BLR,HYD,6E,IndiGo,6E 6923,2026-11-02,45,economy,,,8010.0,False,14:50,ok,2026-09-18T02:17:42.345254+05:30,2026-09-18_0217IST,airline_direct,IndiGo
BLR,HYD,6E,IndiGo,6E 537,2026-11-02,45,economy,,,8727.0,False,10:15,ok,2026-09-18T02:17:42.345254+05:30,2026-09-18_0217IST,airline_direct,IndiGo
BLR,HYD,6E,IndiGo,6E 484,2026-11-02,45,economy,,,10390.0,False,07:25,ok,2026-09-18T02:17:42.345254+05:30,2026-09-18_0217IST,airline_direct,IndiGo
BLR,HYD,6E,IndiGo,6E 6067,2026-11-02,45,economy,,,13589.0,False,16:40,ok,2026-09-18T02:17:42.345254+05:30,2026-09-18_0217IST,airline_direct,IndiGo
BLR,HYD,6E,IndiGo,6E 7217,2026-11-02,45,economy,,,5331.0,False,11:10,ok,2026-09-18T02:17:42.345254+05:30,2026-09-18_0217IST,airline_direct,IndiGo
BLR,HYD,6E,IndiGo,6E 7203,2026-11-02,45,economy,,,5463.0,False,07:00,ok,2026-09-18T02:17:42.345254+05:30,2026-09-18_0217IST,airline_direct,IndiGo
BLR,HYD,6E,IndiGo,6E 6445,2026-11-02,45,economy,,,5463.0,False,07:05,ok,2026-09-18T02:17:42.345254+05:30,2026-09-18_0217IST,airline_direct,IndiGo
BLR,HYD,6E,IndiGo,6E 6269,2026-11-02,45,economy,,,5463.0,False,07:10,ok,2026-09-18T02:17:42.345254+05:30,2026-09-18_0217IST,airline_direct,IndiGo
BLR,HYD,6E,IndiGo,6E 7298,2026-11-02,45,economy,,,5463.0,False,08:25,ok,2026-09-18T02:17:42.345254+05:30,2026-09-18_0217IST,airline_direct,IndiGo
BLR,HYD,6E,IndiGo,6E 113,2026-11-02,45,economy,,,5463.0,False,08:40,ok,2026-09-18T02:17:42.345254+05:30,2026-09-18_0217IST,airline_direct,IndiGo
BLR,HYD,6E,IndiGo,6E 904,2026-11-02,45,economy,,,5463.0,False,08:55,ok,2026-09-18T02:17:42.345254+05:30,2026-09-18_0217IST,airline_direct,IndiGo
BLR,HYD,6E,IndiGo,6E 857,2026-11-02,45,economy,,,5463.0,False,10:00,ok,2026-09-18T02:17:42.345254+05:30,2026-09-18_0217IST,airline_direct,IndiGo
BLR,HYD,6E,IndiGo,6E 857,2026-11-02,45,economy,,,5463.0,False,10:00,ok,2026-09-18T02:17:42.345254+05:30,2026-09-18_0217IST,airline_direct,IndiGo
BLR,HYD,6E,IndiGo,6E 575,2026-11-02,45,economy,,,5463.0,False,10:50,ok,2026-09-18T02:17:42.345254+05:30,2026-09-18_0217IST,airline_direct,IndiGo
BLR,HYD,6E,IndiGo,6E 575,2026-11-02,45,economy,,,5463.0,False,10:50,ok,2026-09-18T02:17:42.345254+05:30,2026-09-18_0217IST,airline_direct,IndiGo
BLR,HYD,6E,IndiGo,6E 7215,2026-11-02,45,economy,,,5463.0,False,11:05,ok,2026-09-18T02:17:42.345254+05:30,2026-09-18_0217IST,airline_direct,IndiGo
BLR,HYD,6E,IndiGo,6E 6653,2026-11-02,45,economy,,,5463.0,False,12:25,ok,2026-09-18T02:17:42.345254+05:30,2026-09-18_0217IST,airline_direct,IndiGo
BLR,HYD,6E,IndiGo,6E 6653,2026-11-02,45,economy,,,5463.0,False,12:25,ok,2026-09-18T02:17:42.345254+05:30,2026-09-18_0217IST,airline_direct,IndiGo
BLR,HYD,6E,IndiGo,6E 356,2026-11-02,45,economy,,,5463.0,False,14:30,ok,2026-09-18T02:17:42.345254+05:30,2026-09-18_0217IST,airline_direct,IndiGo
BLR,HYD,6E,IndiGo,6E 356,2026-11-02,45,economy,,,5463.0,False,14:30,ok,2026-09-18T02:17:42.345254+05:30,2026-09-18_0217IST,airline_direct,IndiGo
BLR,HYD,6E,IndiGo,6E 356,2026-11-02,45,economy,,,5463.0,False,14:30,ok,2026-09-18T02:17:42.345254+05:30,2026-09-18_0217IST,airline_direct,IndiGo
BLR,HYD,6E,IndiGo,6E 498,2026-11-02,45,economy,,,5463.0,False,15:00,ok,2026-09-18T02:17:42.345254+05:30,2026-09-18_0217IST,airline_direct,IndiGo
BLR,HYD,6E,IndiGo,6E 498,2026-11-02,45,economy,,,5463.0,False,15:00,ok,2026-09-18T02:17:42.345254+05:30,2026-09-18_0217IST,airline_direct,IndiGo
BLR,HYD,6E,IndiGo,6E 7223,2026-11-02,45,economy,,,5463.0,False,15:50,ok,2026-09-18T02:17:42.345254+05:30,2026-09-18_0217IST,airline_direct,IndiGo
BLR,HYD,6E,IndiGo,6E 602,2026-11-02,45,economy,,,5463.0,False,15:55,ok,2026-09-18T02:17:42.345254+05:30,2026-09-18_0217IST,airline_direct,IndiGo
BLR,HYD,6E,IndiGo,6E 6753,2026-11-02,45,economy,,,5463.0,False,16:10,ok,2026-09-18T02:17:42.345254+05:30,2026-09-18_0217IST,airline_direct,IndiGo
BLR,HYD,6E,IndiGo,6E 109,2026-11-02,45,economy,,,5463.0,False,16:30,ok,2026-09-18T02:17:42.345254+05:30,2026-09-18_0217IST,airline_direct,IndiGo
BLR,HYD,6E,IndiGo,6E 6562,2026-11-02,45,economy,,,5463.0,False,16:50,ok,2026-09-18T02:17:42.345254+05:30,2026-09-18_0217IST,airline_direct,IndiGo
BLR,HYD,6E,IndiGo,6E 6562,2026-11-02,45,economy,,,5463.0,False,16:50,ok,2026-09-18T02:17:42.345254+05:30,2026-09-18_0217IST,airline_direct,IndiGo
BLR,HYD,6E,IndiGo,6E 6168,2026-11-02,45,economy,,,5463.0,False,17:25,ok,2026-09-18T02:17:42.345254+05:30,2026-09-18_0217IST,airline_direct,IndiGo
BLR,HYD,6E,IndiGo,6E 6017,2026-11-02,45,economy,,,5463.0,False,18:15,ok,2026-09-18T02:17:42.345254+05:30,2026-09-18_0217IST,airline_direct,IndiGo
BLR,HYD,6E,IndiGo,6E 6597,2026-11-02,45,economy,,,5463.0,False,18:35,ok,2026-09-18T02:17:42.345254+05:30,2026-09-18_0217IST,airline_direct,IndiGo
BLR,HYD,6E,IndiGo,6E 6554,2026-11-02,45,economy,,,5463.0,False,19:00,ok,2026-09-18T02:17:42.345254+05:30,2026-09-18_0217IST,airline_direct,IndiGo
BLR,HYD,6E,IndiGo,6E 6208,2026-11-02,45,economy,,,5463.0,False,19:15,ok,2026-09-18T02:17:42.345254+05:30,2026-09-18_0217IST,airline_direct,IndiGo
BLR,HYD,6E,IndiGo,6E 435,2026-11-02,45,economy,,,5463.0,False,20:00,ok,2026-09-18T02:17:42.345254+05:30,2026-09-18_0217IST,airline_direct,IndiGo
BLR,HYD,6E,IndiGo,6E 217,2026-11-02,45,economy,,,5594.0,False,06:05,ok,2026-09-18T02:17:42.345254+05:30,2026-09-18_0217IST,airline_direct,IndiGo
BLR,HYD,6E,IndiGo,6E 217,2026-11-02,45,economy,,,5594.0,False,06:05,ok,2026-09-18T02:17:42.345254+05:30,2026-09-18_0217IST,airline_direct,IndiGo
BLR,HYD,6E,IndiGo,6E 904,2026-11-02,45,economy,,,5793.0,False,08:55,ok,2026-09-18T02:17:42.345254+05:30,2026-09-18_0217IST,airline_direct,IndiGo
BLR,HYD,6E,IndiGo,6E 575,2026-11-02,45,economy,,,5793.0,False,10:50,ok,2026-09-18T02:17:42.345254+05:30,2026-09-18_0217IST,airline_direct,IndiGo
BLR,HYD,6E,IndiGo,6E 6003,2026-11-02,45,economy,,,5925.0,False,07:10,ok,2026-09-18T02:17:42.345254+05:30,2026-09-18_0217IST,airline_direct,IndiGo
BLR,HYD,6E,IndiGo,6E 6858,2026-11-02,45,economy,,,6153.0,False,07:10,ok,2026-09-18T02:17:42.345254+05:30,2026-09-18_0217IST,airline_direct,IndiGo
BLR,HYD,6E,IndiGo,6E 6104,2026-11-02,45,economy,,,6153.0,False,12:15,ok,2026-09-18T02:17:42.345254+05:30,2026-09-18_0217IST,airline_direct,IndiGo
BLR,HYD,6E,IndiGo,6E 703,2026-11-02,45,economy,,,6153.0,False,12:40,ok,2026-09-18T02:17:42.345254+05:30,2026-09-18_0217IST,airline_direct,IndiGo
BLR,HYD,6E,IndiGo,6E 6876,2026-11-02,45,economy,,,6543.0,False,02:00,ok,2026-09-18T02:17:42.345254+05:30,2026-09-18_0217IST,airline_direct,IndiGo
BLR,HYD,6E,IndiGo,6E 6104,2026-11-02,45,economy,,,6543.0,False,12:15,ok,2026-09-18T02:17:42.345254+05:30,2026-09-18_0217IST,airline_direct,IndiGo
BLR,HYD,6E,IndiGo,6E 703,2026-11-02,45,economy,,,6543.0,False,12:40,ok,2026-09-18T02:17:42.345254+05:30,2026-09-18_0217IST,airline_direct,IndiGo
BLR,HYD,6E,IndiGo,6E 144,2026-11-02,45,economy,,,6543.0,False,16:45,ok,2026-09-18T02:17:42.345254+05:30,2026-09-18_0217IST,airline_direct,IndiGo
BLR,HYD,6E,IndiGo,6E 6563,2026-11-02,45,economy,,,6543.0,False,23:30,ok,2026-09-18T02:17:42.345254+05:30,2026-09-18_0217IST,airline_direct,IndiGo
BLR,HYD,6E,IndiGo,6E 6563,2026-11-02,45,economy,,,6543.0,False,23:30,ok,2026-09-18T02:17:42.345254+05:30,2026-09-18_0217IST,airline_direct,IndiGo
BLR,HYD,6E,IndiGo,6E 105,2026-11-02,45,economy,,,6969.0,False,21:55,ok,2026-09-18T02:17:42.345254+05:30,2026-09-18_0217IST,airline_direct,IndiGo
BLR,HYD,6E,IndiGo,6E 6003,2026-11-02,45,economy,,,7564.0,False,07:10,ok,2026-09-18T02:17:42.345254+05:30,2026-09-18_0217IST,airline_direct,IndiGo
BLR,HYD,6E,IndiGo,6E 7281,2026-11-02,45,economy,,,8660.0,False,06:55,ok,2026-09-18T02:17:42.345254+05:30,2026-09-18_0217IST,airline_direct,IndiGo
BLR,HYD,6E,IndiGo,6E 6269,2026-11-02,45,economy,,,9143.0,False,07:10,ok,2026-09-18T02:17:42.345254+05:30,2026-09-18_0217IST,airline_direct,IndiGo
BLR,HYD,6E,IndiGo,6E 6269,2026-11-02,45,economy,,,9552.0,False,07:10,ok,2026-09-18T02:17:42.345254+05:30,2026-09-18_0217IST,airline_direct,IndiGo
MAA,DEL,6E,IndiGo,6E 953,2026-11-02,45,business,,,24700.0,False,02:45,ok,2026-09-18T02:18:38.506249+05:30,2026-09-18_0218IST,airline_direct,IndiGo
MAA,DEL,6E,IndiGo,6E 953,2026-11-02,45,economy,,,10785.0,False,02:45,ok,2026-09-18T02:18:38.506249+05:30,2026-09-18_0218IST,airline_direct,IndiGo
MAA,DEL,6E,IndiGo,6E 937,2026-11-02,45,business,,,24700.0,False,05:45,ok,2026-09-18T02:18:38.506249+05:30,2026-09-18_0218IST,airline_direct,IndiGo
MAA,DEL,6E,IndiGo,6E 937,2026-11-02,45,economy,,,10785.0,False,05:45,ok,2026-09-18T02:18:38.506249+05:30,2026-09-18_0218IST,airline_direct,IndiGo
MAA,DEL,6E,IndiGo,6E 404,2026-11-02,45,business,,,24700.0,False,09:00,ok,2026-09-18T02:18:38.506249+05:30,2026-09-18_0218IST,airline_direct,IndiGo
MAA,DEL,6E,IndiGo,6E 404,2026-11-02,45,economy,,,10785.0,False,09:00,ok,2026-09-18T02:18:38.506249+05:30,2026-09-18_0218IST,airline_direct,IndiGo
MAA,DEL,6E,IndiGo,6E 6002,2026-11-02,45,business,,,24700.0,False,11:00,ok,2026-09-18T02:18:38.506249+05:30,2026-09-18_0218IST,airline_direct,IndiGo
MAA,DEL,6E,IndiGo,6E 6002,2026-11-02,45,economy,,,10785.0,False,11:00,ok,2026-09-18T02:18:38.506249+05:30,2026-09-18_0218IST,airline_direct,IndiGo
MAA,DEL,6E,IndiGo,6E 2335,2026-11-02,45,business,,,24700.0,False,12:30,ok,2026-09-18T02:18:38.506249+05:30,2026-09-18_0218IST,airline_direct,IndiGo
MAA,DEL,6E,IndiGo,6E 2335,2026-11-02,45,economy,,,10785.0,False,12:30,ok,2026-09-18T02:18:38.506249+05:30,2026-09-18_0218IST,airline_direct,IndiGo
MAA,DEL,6E,IndiGo,6E 948,2026-11-02,45,business,,,24700.0,False,14:15,ok,2026-09-18T02:18:38.506249+05:30,2026-09-18_0218IST,airline_direct,IndiGo
MAA,DEL,6E,IndiGo,6E 948,2026-11-02,45,economy,,,10785.0,False,14:15,ok,2026-09-18T02:18:38.506249+05:30,2026-09-18_0218IST,airline_direct,IndiGo
MAA,DEL,6E,IndiGo,6E 698,2026-11-02,45,business,,,24700.0,False,16:30,ok,2026-09-18T02:18:38.506249+05:30,2026-09-18_0218IST,airline_direct,IndiGo
MAA,DEL,6E,IndiGo,6E 698,2026-11-02,45,economy,,,10785.0,False,16:30,ok,2026-09-18T02:18:38.506249+05:30,2026-09-18_0218IST,airline_direct,IndiGo
MAA,DEL,6E,IndiGo,6E 613,2026-11-02,45,business,,,24700.0,False,19:00,ok,2026-09-18T02:18:38.506249+05:30,2026-09-18_0218IST,airline_direct,IndiGo
MAA,DEL,6E,IndiGo,6E 613,2026-11-02,45,economy,,,10785.0,False,19:00,ok,2026-09-18T02:18:38.506249+05:30,2026-09-18_0218IST,airline_direct,IndiGo
MAA,DEL,6E,IndiGo,6E 2202,2026-11-02,45,business,,,24700.0,False,21:30,ok,2026-09-18T02:18:38.506249+05:30,2026-09-18_0218IST,airline_direct,IndiGo
MAA,DEL,6E,IndiGo,6E 2202,2026-11-02,45,economy,,,10785.0,False,21:30,ok,2026-09-18T02:18:38.506249+05:30,2026-09-18_0218IST,airline_direct,IndiGo
MAA,DEL,6E,IndiGo,6E 6343,2026-11-02,45,business,,,24700.0,False,23:45,ok,2026-09-18T02:18:38.506249+05:30,2026-09-18_0218IST,airline_direct,IndiGo
MAA,DEL,6E,IndiGo,6E 6343,2026-11-02,45,economy,,,10785.0,False,23:45,ok,2026-09-18T02:18:38.506249+05:30,2026-09-18_0218IST,airline_direct,IndiGo
MAA,DEL,6E,IndiGo,6E 6797,2026-11-02,45,economy,,,9568.0,False,13:50,ok,2026-09-18T02:18:38.506249+05:30,2026-09-18_0218IST,airline_direct,IndiGo
MAA,DEL,6E,IndiGo,6E 607,2026-11-02,45,business,,,28061.0,False,04:50,ok,2026-09-18T02:18:38.506249+05:30,2026-09-18_0218IST,airline_direct,IndiGo
MAA,DEL,6E,IndiGo,6E 607,2026-11-02,45,economy,,,9778.0,False,04:50,ok,2026-09-18T02:18:38.506249+05:30,2026-09-18_0218IST,airline_direct,IndiGo
MAA,DEL,6E,IndiGo,6E 607,2026-11-02,45,business,,,28061.0,False,04:50,ok,2026-09-18T02:18:38.506249+05:30,2026-09-18_0218IST,airline_direct,IndiGo
MAA,DEL,6E,IndiGo,6E 607,2026-11-02,45,economy,,,9778.0,False,04:50,ok,2026-09-18T02:18:38.506249+05:30,2026-09-18_0218IST,airline_direct,IndiGo
MAA,DEL,6E,IndiGo,6E 6079,2026-11-02,45,economy,,,9778.0,False,05:55,ok,2026-09-18T02:18:38.506249+05:30,2026-09-18_0218IST,airline_direct,IndiGo
MAA,DEL,6E,IndiGo,6E 293,2026-11-02,45,business,,,29858.0,False,07:20,ok,2026-09-18T02:18:38.506249+05:30,2026-09-18_0218IST,airline_direct,IndiGo
MAA,DEL,6E,IndiGo,6E 293,2026-11-02,45,economy,,,9778.0,False,07:20,ok,2026-09-18T02:18:38.506249+05:30,2026-09-18_0218IST,airline_direct,IndiGo
MAA,DEL,6E,IndiGo,6E 834,2026-11-02,45,business,,,29858.0,False,09:45,ok,2026-09-18T02:18:38.506249+05:30,2026-09-18_0218IST,airline_direct,IndiGo
MAA,DEL,6E,IndiGo,6E 834,2026-11-02,45,economy,,,9778.0,False,09:45,ok,2026-09-18T02:18:38.506249+05:30,2026-09-18_0218IST,airline_direct,IndiGo
MAA,DEL,6E,IndiGo,6E 6925,2026-11-02,45,business,,,30318.0,False,10:40,ok,2026-09-18T02:18:38.506249+05:30,2026-09-18_0218IST,airline_direct,IndiGo
MAA,DEL,6E,IndiGo,6E 6925,2026-11-02,45,economy,,,9778.0,False,10:40,ok,2026-09-18T02:18:38.506249+05:30,2026-09-18_0218IST,airline_direct,IndiGo
MAA,DEL,6E,IndiGo,6E 6925,2026-11-02,45,business,,,30318.0,False,10:40,ok,2026-09-18T02:18:38.506249+05:30,2026-09-18_0218IST,airline_direct,IndiGo
MAA,DEL,6E,IndiGo,6E 6925,2026-11-02,45,economy,,,9778.0,False,10:40,ok,2026-09-18T02:18:38.506249+05:30,2026-09-18_0218IST,airline_direct,IndiGo
MAA,DEL,6E,IndiGo,6E 848,2026-11-02,45,economy,,,9778.0,False,11:15,ok,2026-09-18T02:18:38.506249+05:30,2026-09-18_0218IST,airline_direct,IndiGo
MAA,DEL,6E,IndiGo,6E 495,2026-11-02,45,business,,,29858.0,False,13:00,ok,2026-09-18T02:18:38.506249+05:30,2026-09-18_0218IST,airline_direct,IndiGo
MAA,DEL,6E,IndiGo,6E 495,2026-11-02,45,economy,,,9778.0,False,13:00,ok,2026-09-18T02:18:38.506249+05:30,2026-09-18_0218IST,airline_direct,IndiGo
MAA,DEL,6E,IndiGo,6E 6158,2026-11-02,45,business,,,29858.0,False,15:45,ok,2026-09-18T02:18:38.506249+05:30,2026-09-18_0218IST,airline_direct,IndiGo
MAA,DEL,6E,IndiGo,6E 6158,2026-11-02,45,economy,,,9778.0,False,15:45,ok,2026-09-18T02:18:38.506249+05:30,2026-09-18_0218IST,airline_direct,IndiGo
MAA,DEL,6E,IndiGo,6E 193,2026-11-02,45,business,,,29858.0,False,17:25,ok,2026-09-18T02:18:38.506249+05:30,2026-09-18_0218IST,airline_direct,IndiGo
MAA,DEL,6E,IndiGo,6E 193,2026-11-02,45,economy,,,9778.0,False,17:25,ok,2026-09-18T02:18:38.506249+05:30,2026-09-18_0218IST,airline_direct,IndiGo
MAA,DEL,6E,IndiGo,6E 2445,2026-11-02,45,business,,,29858.0,False,18:35,ok,2026-09-18T02:18:38.506249+05:30,2026-09-18_0218IST,airline_direct,IndiGo
MAA,DEL,6E,IndiGo,6E 2445,2026-11-02,45,economy,,,9778.0,False,18:35,ok,2026-09-18T02:18:38.506249+05:30,2026-09-18_0218IST,airline_direct,IndiGo
MAA,DEL,6E,IndiGo,6E 2445,2026-11-02,45,business,,,29858.0,False,18:35,ok,2026-09-18T02:18:38.506249+05:30,2026-09-18_0218IST,airline_direct,IndiGo
MAA,DEL,6E,IndiGo,6E 2445,2026-11-02,45,economy,,,9778.0,False,18:35,ok,2026-09-18T02:18:38.506249+05:30,2026-09-18_0218IST,airline_direct,IndiGo
MAA,DEL,6E,IndiGo,6E 6215,2026-11-02,45,business,,,29858.0,False,19:40,ok,2026-09-18T02:18:38.506249+05:30,2026-09-18_0218IST,airline_direct,IndiGo
MAA,DEL,6E,IndiGo,6E 6215,2026-11-02,45,economy,,,9778.0,False,19:40,ok,2026-09-18T02:18:38.506249+05:30,2026-09-18_0218IST,airline_direct,IndiGo
MAA,DEL,6E,IndiGo,6E 6374,2026-11-02,45,economy,,,9778.0,False,20:45,ok,2026-09-18T02:18:38.506249+05:30,2026-09-18_0218IST,airline_direct,IndiGo
MAA,DEL,6E,IndiGo,6E 2507,2026-11-02,45,business,,,28061.0,False,22:10,ok,2026-09-18T02:18:38.506249+05:30,2026-09-18_0218IST,airline_direct,IndiGo
MAA,DEL,6E,IndiGo,6E 2507,2026-11-02,45,economy,,,9778.0,False,22:10,ok,2026-09-18T02:18:38.506249+05:30,2026-09-18_0218IST,airline_direct,IndiGo
MAA,DEL,6E,IndiGo,6E 6081,2026-11-02,45,business,,,29704.0,False,07:05,ok,2026-09-18T02:18:38.506249+05:30,2026-09-18_0218IST,airline_direct,IndiGo
MAA,DEL,6E,IndiGo,6E 6081,2026-11-02,45,economy,,,9857.0,False,07:05,ok,2026-09-18T02:18:38.506249+05:30,2026-09-18_0218IST,airline_direct,IndiGo
MAA,DEL,6E,IndiGo,6E 6081,2026-11-02,45,business,,,29704.0,False,07:05,ok,2026-09-18T02:18:38.506249+05:30,2026-09-18_0218IST,airline_direct,IndiGo
MAA,DEL,6E,IndiGo,6E 6081,2026-11-02,45,economy,,,9857.0,False,07:05,ok,2026-09-18T02:18:38.506249+05:30,2026-09-18_0218IST,airline_direct,IndiGo
MAA,DEL,6E,IndiGo,6E 6815,2026-11-02,45,business,,,29704.0,False,08:55,ok,2026-09-18T02:18:38.506249+05:30,2026-09-18_0218IST,airline_direct,IndiGo
MAA,DEL,6E,IndiGo,6E 6815,2026-11-02,45,economy,,,9857.0,False,08:55,ok,2026-09-18T02:18:38.506249+05:30,2026-09-18_0218IST,airline_direct,IndiGo
MAA,DEL,6E,IndiGo,6E 562,2026-11-02,45,business,,,29704.0,False,10:20,ok,2026-09-18T02:18:38.506249+05:30,2026-09-18_0218IST,airline_direct,IndiGo
MAA,DEL,6E,IndiGo,6E 562,2026-11-02,45,economy,,,9857.0,False,10:20,ok,2026-09-18T02:18:38.506249+05:30,2026-09-18_0218IST,airline_direct,IndiGo
MAA,DEL,6E,IndiGo,6E 6209,2026-11-02,45,business,,,29704.0,False,12:40,ok,2026-09-18T02:18:38.506249+05:30,2026-09-18_0218IST,airline_direct,IndiGo
MAA,DEL,6E,IndiGo,6E 6209,2026-11-02,45,economy,,,9857.0,False,12:40,ok,2026-09-18T02:18:38.506249+05:30,2026-09-18_0218IST,airline_direct,IndiGo
MAA,DEL,6E,IndiGo,6E 365,2026-11-02,45,business,,,29704.0,False,15:00,ok,2026-09-18T02:18:38.506249+05:30,2026-09-18_0218IST,airline_direct,IndiGo
MAA,DEL,6E,IndiGo,6E 365,2026-11-02,45,economy,,,9857.0,False,15:00,ok,2026-09-18T02:18:38.506249+05:30,2026-09-18_0218IST,airline_direct,IndiGo
MAA,DEL,6E,IndiGo,6E 847,2026-11-02,45,business,,,29704.0,False,16:20,ok,2026-09-18T02:18:38.506249+05:30,2026-09-18_0218IST,airline_direct,IndiGo
MAA,DEL,6E,IndiGo,6E 847,2026-11-02,45,economy,,,9857.0,False,16:20,ok,2026-09-18T02:18:38.506249+05:30,2026-09-18_0218IST,airline_direct,IndiGo
MAA,DEL,6E,IndiGo,6E 6892,2026-11-02,45,business,,,29704.0,False,17:25,ok,2026-09-18T02:18:38.506249+05:30,2026-09-18_0218IST,airline_direct,IndiGo
MAA,DEL,6E,IndiGo,6E 6892,2026-11-02,45,economy,,,9857.0,False,17:25,ok,2026-09-18T02:18:38.506249+05:30,2026-09-18_0218IST,airline_direct,IndiGo
MAA,DEL,6E,IndiGo,6E 6892,2026-11-02,45,business,,,29704.0,False,17:25,ok,2026-09-18T02:18:38.506249+05:30,2026-09-18_0218IST,airline_direct,IndiGo
MAA,DEL,6E,IndiGo,6E 6892,2026-11-02,45,economy,,,9857.0,False,17:25,ok,2026-09-18T02:18:38.506249+05:30,2026-09-18_0218IST,airline_direct,IndiGo
MAA,DEL,6E,IndiGo,6E 6381,2026-11-02,45,economy,,,9857.0,False,17:45,ok,2026-09-18T02:18:38.506249+05:30,2026-09-18_0218IST,airline_direct,IndiGo
MAA,DEL,6E,IndiGo,6E 2505,2026-11-02,45,business,,,29704.0,False,18:45,ok,2026-09-18T02:18:38.506249+05:30,2026-09-18_0218IST,airline_direct,IndiGo
MAA,DEL,6E,IndiGo,6E 2505,2026-11-02,45,economy,,,9857.0,False,18:45,ok,2026-09-18T02:18:38.506249+05:30,2026-09-18_0218IST,airline_direct,IndiGo
MAA,DEL,6E,IndiGo,6E 7359,2026-11-02,45,economy,,,9857.0,False,18:50,ok,2026-09-18T02:18:38.506249+05:30,2026-09-18_0218IST,airline_direct,IndiGo
MAA,DEL,6E,IndiGo,6E 189,2026-11-02,45,business,,,29704.0,False,19:45,ok,2026-09-18T02:18:38.506249+05:30,2026-09-18_0218IST,airline_direct,IndiGo
MAA,DEL,6E,IndiGo,6E 189,2026-11-02,45,economy,,,9857.0,False,19:45,ok,2026-09-18T02:18:38.506249+05:30,2026-09-18_0218IST,airline_direct,IndiGo
MAA,DEL,6E,IndiGo,6E 796,2026-11-02,45,business,,,29704.0,False,20:45,ok,2026-09-18T02:18:38.506249+05:30,2026-09-18_0218IST,airline_direct,IndiGo
MAA,DEL,6E,IndiGo,6E 796,2026-11-02,45,economy,,,9857.0,False,20:45,ok,2026-09-18T02:18:38.506249+05:30,2026-09-18_0218IST,airline_direct,IndiGo
MAA,DEL,6E,IndiGo,6E 5093,2026-11-02,45,business,,,35375.0,False,05:30,ok,2026-09-18T02:18:38.506249+05:30,2026-09-18_0218IST,airline_direct,IndiGo
MAA,DEL,6E,IndiGo,6E 5093,2026-11-02,45,economy,,,9988.0,False,05:30,ok,2026-09-18T02:18:38.506249+05:30,2026-09-18_0218IST,airline_direct,IndiGo
MAA,DEL,6E,IndiGo,6E 987,2026-11-02,45,economy,,,9988.0,False,06:05,ok,2026-09-18T02:18:38.506249+05:30,2026-09-18_0218IST,airline_direct,IndiGo
MAA,DEL,6E,IndiGo,6E 5314,2026-11-02,45,business,,,35375.0,False,08:00,ok,2026-09-18T02:18:38.506249+05:30,2026-09-18_0218IST,airline_direct,IndiGo
MAA,DEL,6E,IndiGo,6E 5314,2026-11-02,45,economy,,,9988.0,False,08:00,ok,2026-09-18T02:18:38.506249+05:30,2026-09-18_0218IST,airline_direct,IndiGo
MAA,DEL,6E,IndiGo,6E 5214,2026-11-02,45,business,,,35375.0,False,11:30,ok,2026-09-18T02:18:38.506249+05:30,2026-09-18_0218IST,airline_direct,IndiGo
MAA,DEL,6E,IndiGo,6E 5214,2026-11-02,45,economy,,,9988.0,False,11:30,ok,2026-09-18T02:18:38.506249+05:30,2026-09-18_0218IST,airline_direct,IndiGo
MAA,DEL,6E,IndiGo,6E 5258,2026-11-02,45,business,,,35375.0,False,13:40,ok,2026-09-18T02:18:38.506249+05:30,2026-09-18_0218IST,airline_direct,IndiGo
MAA,DEL,6E,IndiGo,6E 5258,2026-11-02,45,economy,,,9988.0,False,13:40,ok,2026-09-18T02:18:38.506249+05:30,2026-09-18_0218IST,airline_direct,IndiGo
MAA,DEL,6E,IndiGo,6E 5371,2026-11-02,45,business,,,35375.0,False,16:00,ok,2026-09-18T02:18:38.506249+05:30,2026-09-18_0218IST,airline_direct,IndiGo
MAA,DEL,6E,IndiGo,6E 5371,2026-11-02,45,economy,,,9988.0,False,16:00,ok,2026-09-18T02:18:38.506249+05:30,2026-09-18_0218IST,airline_direct,IndiGo
MAA,DEL,6E,IndiGo,6E 588,2026-11-02,45,business,,,38251.0,False,18:55,ok,2026-09-18T02:18:38.506249+05:30,2026-09-18_0218IST,airline_direct,IndiGo
MAA,DEL,6E,IndiGo,6E 588,2026-11-02,45,economy,,,9988.0,False,18:55,ok,2026-09-18T02:18:38.506249+05:30,2026-09-18_0218IST,airline_direct,IndiGo
MAA,DEL,6E,IndiGo,6E 143,2026-11-02,45,economy,,,9988.0,False,20:10,ok,2026-09-18T02:18:38.506249+05:30,2026-09-18_0218IST,airline_direct,IndiGo
MAA,DEL,6E,IndiGo,6E 6662,2026-11-02,45,economy,,,9988.0,False,23:00,ok,2026-09-18T02:18:38.506249+05:30,2026-09-18_0218IST,airline_direct,IndiGo
MAA,DEL,6E,IndiGo,6E 6225,2026-11-02,45,business,,,35375.0,False,23:15,ok,2026-09-18T02:18:38.506249+05:30,2026-09-18_0218IST,airline_direct,IndiGo
MAA,DEL,6E,IndiGo,6E 6225,2026-11-02,45,economy,,,9988.0,False,23:15,ok,2026-09-18T02:18:38.506249+05:30,2026-09-18_0218IST,airline_direct,IndiGo
MAA,DEL,6E,IndiGo,6E 6602,2026-11-02,45,economy,,,10146.0,False,19:10,ok,2026-09-18T02:18:38.506249+05:30,2026-09-18_0218IST,airline_direct,IndiGo
MAA,DEL,6E,IndiGo,6E 321,2026-11-02,45,business,,,31630.0,False,08:15,ok,2026-09-18T02:18:38.506249+05:30,2026-09-18_0218IST,airline_direct,IndiGo
MAA,DEL,6E,IndiGo,6E 321,2026-11-02,45,economy,,,10745.0,False,08:15,ok,2026-09-18T02:18:38.506249+05:30,2026-09-18_0218IST,airline_direct,IndiGo
MAA,DEL,6E,IndiGo,6E 6326,2026-11-02,45,business,,,32102.0,False,12:10,ok,2026-09-18T02:18:38.506249+05:30,2026-09-18_0218IST,airline_direct,IndiGo
MAA,DEL,6E,IndiGo,6E 6326,2026-11-02,45,economy,,,10745.0,False,12:10,ok,2026-09-18T02:18:38.506249+05:30,2026-09-18_0218IST,airline_direct,IndiGo
MAA,DEL,6E,IndiGo,6E 916,2026-11-02,45,business,,,28061.0,False,00:45,ok,2026-09-18T02:18:38.506249+05:30,2026-09-18_0218IST,airline_direct,IndiGo
MAA,DEL,6E,IndiGo,6E 916,2026-11-02,45,economy,,,11366.0,False,00:45,ok,2026-09-18T02:18:38.506249+05:30,2026-09-18_0218IST,airline_direct,IndiGo
MAA,DEL,6E,IndiGo,6E 430,2026-11-02,45,economy,,,11366.0,False,11:40,ok,2026-09-18T02:18:38.506249+05:30,2026-09-18_0218IST,airline_direct,IndiGo
MAA,DEL,6E,IndiGo,6E 401,2026-11-02,45,economy,,,11366.0,False,15:45,ok,2026-09-18T02:18:38.506249+05:30,2026-09-18_0218IST,airline_direct,IndiGo
MAA,DEL,6E,IndiGo,6E 253,2026-11-02,45,business,,,28061.0,False,02:20,ok,2026-09-18T02:18:38.506249+05:30,2026-09-18_0218IST,airline_direct,IndiGo
MAA,DEL,6E,IndiGo,6E 253,2026-11-02,45,economy,,,12277.0,False,02:20,ok,2026-09-18T02:18:38.506249+05:30,2026-09-18_0218IST,airline_direct,IndiGo
MAA,DEL,6E,IndiGo,6E 515,2026-11-02,45,economy,,,13356.0,False,13:20,ok,2026-09-18T02:18:38.506249+05:30,2026-09-18_0218IST,airline_direct,IndiGo
DEL,BOM,6E,IndiGo,unknown,2026-10-18,30,unknown,,,,False,unknown,error,2026-09-18T02:19:44.705526+05:30,2026-09-18_0219IST,airline_direct,IndiGo
DEL,BLR,6E,IndiGo,6E 6054,2026-10-18,30,business,,,30048.0,False,01:05,ok,2026-09-18T02:21:02.899492+05:30,2026-09-18_0221IST,airline_direct,IndiGo
DEL,BLR,6E,IndiGo,6E 6054,2026-10-18,30,economy,,,9778.0,False,01:05,ok,2026-09-18T02:21:02.899492+05:30,2026-09-18_0221IST,airline_direct,IndiGo
DEL,BLR,6E,IndiGo,6E 820,2026-10-18,30,business,,,26048.0,False,03:00,ok,2026-09-18T02:21:02.899492+05:30,2026-09-18_0221IST,airline_direct,IndiGo
DEL,BLR,6E,IndiGo,6E 820,2026-10-18,30,economy,,,9778.0,False,03:00,ok,2026-09-18T02:21:02.899492+05:30,2026-09-18_0221IST,airline_direct,IndiGo
DEL,BLR,6E,IndiGo,6E 2314,2026-10-18,30,business,,,26048.0,False,05:45,ok,2026-09-18T02:21:02.899492+05:30,2026-09-18_0221IST,airline_direct,IndiGo
DEL,BLR,6E,IndiGo,6E 2314,2026-10-18,30,economy,,,9778.0,False,05:45,ok,2026-09-18T02:21:02.899492+05:30,2026-09-18_0221IST,airline_direct,IndiGo
DEL,BLR,6E,IndiGo,6E 810,2026-10-18,30,business,,,26048.0,False,07:05,ok,2026-09-18T02:21:02.899492+05:30,2026-09-18_0221IST,airline_direct,IndiGo
DEL,BLR,6E,IndiGo,6E 810,2026-10-18,30,economy,,,9778.0,False,07:05,ok,2026-09-18T02:21:02.899492+05:30,2026-09-18_0221IST,airline_direct,IndiGo
DEL,BLR,6E,IndiGo,6E 873,2026-10-18,30,business,,,26048.0,False,08:20,ok,2026-09-18T02:21:02.899492+05:30,2026-09-18_0221IST,airline_direct,IndiGo
DEL,BLR,6E,IndiGo,6E 873,2026-10-18,30,economy,,,9778.0,False,08:20,ok,2026-09-18T02:21:02.899492+05:30,2026-09-18_0221IST,airline_direct,IndiGo
DEL,BLR,6E,IndiGo,6E 826,2026-10-18,30,business,,,26048.0,False,09:30,ok,2026-09-18T02:21:02.899492+05:30,2026-09-18_0221IST,airline_direct,IndiGo
DEL,BLR,6E,IndiGo,6E 826,2026-10-18,30,economy,,,9778.0,False,09:30,ok,2026-09-18T02:21:02.899492+05:30,2026-09-18_0221IST,airline_direct,IndiGo
DEL,BLR,6E,IndiGo,6E 842,2026-10-18,30,business,,,26048.0,False,10:45,ok,2026-09-18T02:21:02.899492+05:30,2026-09-18_0221IST,airline_direct,IndiGo
DEL,BLR,6E,IndiGo,6E 842,2026-10-18,30,economy,,,9778.0,False,10:45,ok,2026-09-18T02:21:02.899492+05:30,2026-09-18_0221IST,airline_direct,IndiGo
DEL,BLR,6E,IndiGo,6E 6515,2026-10-18,30,business,,,26048.0,False,20:45,ok,2026-09-18T02:21:02.899492+05:30,2026-09-18_0221IST,airline_direct,IndiGo
DEL,BLR,6E,IndiGo,6E 6515,2026-10-18,30,economy,,,9778.0,False,20:45,ok,2026-09-18T02:21:02.899492+05:30,2026-09-18_0221IST,airline_direct,IndiGo
DEL,BLR,6E,IndiGo,6E 871,2026-10-18,30,business,,,26048.0,False,23:30,ok,2026-09-18T02:21:02.899492+05:30,2026-09-18_0221IST,airline_direct,IndiGo
DEL,BLR,6E,IndiGo,6E 871,2026-10-18,30,economy,,,9778.0,False,23:30,ok,2026-09-18T02:21:02.899492+05:30,2026-09-18_0221IST,airline_direct,IndiGo
DEL,BLR,6E,IndiGo,6E 850,2026-10-18,30,business,,,26048.0,False,12:15,ok,2026-09-18T02:21:02.899492+05:30,2026-09-18_0221IST,airline_direct,IndiGo
DEL,BLR,6E,IndiGo,6E 850,2026-10-18,30,economy,,,10192.0,False,12:15,ok,2026-09-18T02:21:02.899492+05:30,2026-09-18_0221IST,airline_direct,IndiGo
DEL,BLR,6E,IndiGo,6E 846,2026-10-18,30,business,,,26048.0,False,22:00,ok,2026-09-18T02:21:02.899492+05:30,2026-09-18_0221IST,airline_direct,IndiGo
DEL,BLR,6E,IndiGo,6E 846,2026-10-18,30,economy,,,10192.0,False,22:00,ok,2026-09-18T02:21:02.899492+05:30,2026-09-18_0221IST,airline_direct,IndiGo
DEL,BLR,6E,IndiGo,6E 176,2026-10-18,30,business,,,26048.0,False,13:15,ok,2026-09-18T02:21:02.899492+05:30,2026-09-18_0221IST,airline_direct,IndiGo
DEL,BLR,6E,IndiGo,6E 176,2026-10-18,30,economy,,,10669.0,False,13:15,ok,2026-09-18T02:21:02.899492+05:30,2026-09-18_0221IST,airline_direct,IndiGo
DEL,BLR,6E,IndiGo,6E 880,2026-10-18,30,business,,,26048.0,False,15:45,ok,2026-09-18T02:21:02.899492+05:30,2026-09-18_0221IST,airline_direct,IndiGo
DEL,BLR,6E,IndiGo,6E 880,2026-10-18,30,economy,,,10669.0,False,15:45,ok,2026-09-18T02:21:02.899492+05:30,2026-09-18_0221IST,airline_direct,IndiGo
DEL,BLR,6E,IndiGo,6E 828,2026-10-18,30,business,,,26048.0,False,14:30,ok,2026-09-18T02:21:02.899492+05:30,2026-09-18_0221IST,airline_direct,IndiGo
DEL,BLR,6E,IndiGo,6E 828,2026-10-18,30,economy,,,11170.0,False,14:30,ok,2026-09-18T02:21:02.899492+05:30,2026-09-18_0221IST,airline_direct,IndiGo
DEL,BLR,6E,IndiGo,6E 861,2026-10-18,30,business,,,26048.0,False,19:30,ok,2026-09-18T02:21:02.899492+05:30,2026-09-18_0221IST,airline_direct,IndiGo
DEL,BLR,6E,IndiGo,6E 861,2026-10-18,30,economy,,,11170.0,False,19:30,ok,2026-09-18T02:21:02.899492+05:30,2026-09-18_0221IST,airline_direct,IndiGo
DEL,BLR,6E,IndiGo,6E 811,2026-10-18,30,business,,,26048.0,False,18:20,ok,2026-09-18T02:21:02.899492+05:30,2026-09-18_0221IST,airline_direct,IndiGo
DEL,BLR,6E,IndiGo,6E 811,2026-10-18,30,economy,,,11699.0,False,18:20,ok,2026-09-18T02:21:02.899492+05:30,2026-09-18_0221IST,airline_direct,IndiGo
DEL,BLR,6E,IndiGo,6E 837,2026-10-18,30,business,,,26048.0,False,17:00,ok,2026-09-18T02:21:02.899492+05:30,2026-09-18_0221IST,airline_direct,IndiGo
DEL,BLR,6E,IndiGo,6E 837,2026-10-18,30,economy,,,14113.0,False,17:00,ok,2026-09-18T02:21:02.899492+05:30,2026-09-18_0221IST,airline_direct,IndiGo
DEL,BLR,6E,IndiGo,6E 6433,2026-10-18,30,economy,,,9867.0,False,16:30,ok,2026-09-18T02:21:02.899492+05:30,2026-09-18_0221IST,airline_direct,IndiGo
DEL,BLR,6E,IndiGo,6E 704,2026-10-18,30,business,,,24908.0,False,02:25,ok,2026-09-18T02:21:02.899492+05:30,2026-09-18_0221IST,airline_direct,IndiGo
DEL,BLR,6E,IndiGo,6E 704,2026-10-18,30,economy,,,9946.0,False,02:25,ok,2026-09-18T02:21:02.899492+05:30,2026-09-18_0221IST,airline_direct,IndiGo
DEL,BLR,6E,IndiGo,6E 704,2026-10-18,30,business,,,24908.0,False,02:25,ok,2026-09-18T02:21:02.899492+05:30,2026-09-18_0221IST,airline_direct,IndiGo
DEL,BLR,6E,IndiGo,6E 704,2026-10-18,30,economy,,,9946.0,False,02:25,ok,2026-09-18T02:21:02.899492+05:30,2026-09-18_0221IST,airline_direct,IndiGo
DEL,BLR,6E,IndiGo,6E 6026,2026-10-18,30,business,,,25312.0,False,05:30,ok,2026-09-18T02:21:02.899492+05:30,2026-09-18_0221IST,airline_direct,IndiGo
DEL,BLR,6E,IndiGo,6E 6026,2026-10-18,30,economy,,,9946.0,False,05:30,ok,2026-09-18T02:21:02.899492+05:30,2026-09-18_0221IST,airline_direct,IndiGo
DEL,BLR,6E,IndiGo,6E 6293,2026-10-18,30,business,,,26793.0,False,09:55,ok,2026-09-18T02:21:02.899492+05:30,2026-09-18_0221IST,airline_direct,IndiGo
DEL,BLR,6E,IndiGo,6E 6293,2026-10-18,30,economy,,,9946.0,False,09:55,ok,2026-09-18T02:21:02.899492+05:30,2026-09-18_0221IST,airline_direct,IndiGo
DEL,BLR,6E,IndiGo,6E 884,2026-10-18,30,business,,,25312.0,False,11:45,ok,2026-09-18T02:21:02.899492+05:30,2026-09-18_0221IST,airline_direct,IndiGo
DEL,BLR,6E,IndiGo,6E 884,2026-10-18,30,economy,,,9946.0,False,11:45,ok,2026-09-18T02:21:02.899492+05:30,2026-09-18_0221IST,airline_direct,IndiGo
DEL,BLR,6E,IndiGo,6E 6282,2026-10-18,30,business,,,25312.0,False,13:30,ok,2026-09-18T02:21:02.899492+05:30,2026-09-18_0221IST,airline_direct,IndiGo
DEL,BLR,6E,IndiGo,6E 6282,2026-10-18,30,economy,,,9946.0,False,13:30,ok,2026-09-18T02:21:02.899492+05:30,2026-09-18_0221IST,airline_direct,IndiGo
DEL,BLR,6E,IndiGo,6E 6212,2026-10-18,30,business,,,25312.0,False,14:45,ok,2026-09-18T02:21:02.899492+05:30,2026-09-18_0221IST,airline_direct,IndiGo
DEL,BLR,6E,IndiGo,6E 6212,2026-10-18,30,economy,,,9946.0,False,14:45,ok,2026-09-18T02:21:02.899492+05:30,2026-09-18_0221IST,airline_direct,IndiGo
DEL,BLR,6E,IndiGo,6E 758,2026-10-18,30,economy,,,9946.0,False,16:10,ok,2026-09-18T02:21:02.899492+05:30,2026-09-18_0221IST,airline_direct,IndiGo
DEL,BLR,6E,IndiGo,6E 2343,2026-10-18,30,business,,,30209.0,False,02:20,ok,2026-09-18T02:21:02.899492+05:30,2026-09-18_0221IST,airline_direct,IndiGo
DEL,BLR,6E,IndiGo,6E 2343,2026-10-18,30,economy,,,10077.0,False,02:20,ok,2026-09-18T02:21:02.899492+05:30,2026-09-18_0221IST,airline_direct,IndiGo
DEL,BLR,6E,IndiGo,6E 6569,2026-10-18,30,economy,,,10077.0,False,05:00,ok,2026-09-18T02:21:02.899492+05:30,2026-09-18_0221IST,airline_direct,IndiGo
DEL,BLR,6E,IndiGo,6E 5119,2026-10-18,30,economy,,,10077.0,False,05:10,ok,2026-09-18T02:21:02.899492+05:30,2026-09-18_0221IST,airline_direct,IndiGo
DEL,BLR,6E,IndiGo,6E 6459,2026-10-18,30,economy,,,10077.0,False,05:55,ok,2026-09-18T02:21:02.899492+05:30,2026-09-18_0221IST,airline_direct,IndiGo
DEL,BLR,6E,IndiGo,6E 6488,2026-10-18,30,economy,,,10077.0,False,11:20,ok,2026-09-18T02:21:02.899492+05:30,2026-09-18_0221IST,airline_direct,IndiGo
DEL,BLR,6E,IndiGo,6E 6022,2026-10-18,30,business,,,34636.0,False,14:00,ok,2026-09-18T02:21:02.899492+05:30,2026-09-18_0221IST,airline_direct,IndiGo
DEL,BLR,6E,IndiGo,6E 6022,2026-10-18,30,economy,,,10077.0,False,14:00,ok,2026-09-18T02:21:02.899492+05:30,2026-09-18_0221IST,airline_direct,IndiGo
DEL,BLR,6E,IndiGo,6E 2361,2026-10-18,30,economy,,,10077.0,False,14:35,ok,2026-09-18T02:21:02.899492+05:30,2026-09-18_0221IST,airline_direct,IndiGo
DEL,BLR,6E,IndiGo,6E 990,2026-10-18,30,economy,,,10077.0,False,14:50,ok,2026-09-18T02:21:02.899492+05:30,2026-09-18_0221IST,airline_direct,IndiGo
DEL,BLR,6E,IndiGo,6E 2557,2026-10-18,30,economy,,,10077.0,False,15:20,ok,2026-09-18T02:21:02.899492+05:30,2026-09-18_0221IST,airline_direct,IndiGo
DEL,BLR,6E,IndiGo,6E 734,2026-10-18,30,economy,,,10077.0,False,16:20,ok,2026-09-18T02:21:02.899492+05:30,2026-09-18_0221IST,airline_direct,IndiGo
DEL,BLR,6E,IndiGo,6E 6437,2026-10-18,30,business,,,26315.0,False,16:25,ok,2026-09-18T02:21:02.899492+05:30,2026-09-18_0221IST,airline_direct,IndiGo
DEL,BLR,6E,IndiGo,6E 6437,2026-10-18,30,economy,,,10077.0,False,16:25,ok,2026-09-18T02:21:02.899492+05:30,2026-09-18_0221IST,airline_direct,IndiGo
DEL,BLR,6E,IndiGo,6E 5073,2026-10-18,30,economy,,,10077.0,False,17:05,ok,2026-09-18T02:21:02.899492+05:30,2026-09-18_0221IST,airline_direct,IndiGo
DEL,BLR,6E,IndiGo,6E 6829,2026-10-18,30,economy,,,10077.0,False,17:20,ok,2026-09-18T02:21:02.899492+05:30,2026-09-18_0221IST,airline_direct,IndiGo
DEL,BLR,6E,IndiGo,6E 329,2026-10-18,30,business,,,34636.0,False,18:00,ok,2026-09-18T02:21:02.899492+05:30,2026-09-18_0221IST,airline_direct,IndiGo
DEL,BLR,6E,IndiGo,6E 329,2026-10-18,30,economy,,,10077.0,False,18:00,ok,2026-09-18T02:21:02.899492+05:30,2026-09-18_0221IST,airline_direct,IndiGo
DEL,BLR,6E,IndiGo,6E 6179,2026-10-18,30,economy,,,10077.0,False,18:30,ok,2026-09-18T02:21:02.899492+05:30,2026-09-18_0221IST,airline_direct,IndiGo
DEL,BLR,6E,IndiGo,6E 955,2026-10-18,30,economy,,,10077.0,False,20:20,ok,2026-09-18T02:21:02.899492+05:30,2026-09-18_0221IST,airline_direct,IndiGo
DEL,BLR,6E,IndiGo,6E 6673,2026-10-18,30,business,,,29204.0,False,21:15,ok,2026-09-18T02:21:02.899492+05:30,2026-09-18_0221IST,airline_direct,IndiGo
DEL,BLR,6E,IndiGo,6E 6673,2026-10-18,30,economy,,,10077.0,False,21:15,ok,2026-09-18T02:21:02.899492+05:30,2026-09-18_0221IST,airline_direct,IndiGo
DEL,BLR,6E,IndiGo,6E 2618,2026-10-18,30,business,,,26475.0,False,23:00,ok,2026-09-18T02:21:02.899492+05:30,2026-09-18_0221IST,airline_direct,IndiGo
DEL,BLR,6E,IndiGo,6E 2618,2026-10-18,30,economy,,,10077.0,False,23:00,ok,2026-09-18T02:21:02.899492+05:30,2026-09-18_0221IST,airline_direct,IndiGo
DEL,BLR,6E,IndiGo,6E 6476,2026-10-18,30,economy,,,10084.0,False,07:05,ok,2026-09-18T02:21:02.899492+05:30,2026-09-18_0221IST,airline_direct,IndiGo
DEL,BLR,6E,IndiGo,6E 933,2026-10-18,30,business,,,28318.0,False,02:55,ok,2026-09-18T02:21:02.899492+05:30,2026-09-18_0221IST,airline_direct,IndiGo
DEL,BLR,6E,IndiGo,6E 933,2026-10-18,30,economy,,,10156.0,False,02:55,ok,2026-09-18T02:21:02.899492+05:30,2026-09-18_0221IST,airline_direct,IndiGo
DEL,BLR,6E,IndiGo,6E 358,2026-10-18,30,business,,,34699.0,False,12:10,ok,2026-09-18T02:21:02.899492+05:30,2026-09-18_0221IST,airline_direct,IndiGo
DEL,BLR,6E,IndiGo,6E 358,2026-10-18,30,economy,,,10156.0,False,12:10,ok,2026-09-18T02:21:02.899492+05:30,2026-09-18_0221IST,airline_direct,IndiGo
DEL,BLR,6E,IndiGo,6E 6091,2026-10-18,30,business,,,28318.0,False,15:15,ok,2026-09-18T02:21:02.899492+05:30,2026-09-18_0221IST,airline_direct,IndiGo
DEL,BLR,6E,IndiGo,6E 6091,2026-10-18,30,economy,,,10156.0,False,15:15,ok,2026-09-18T02:21:02.899492+05:30,2026-09-18_0221IST,airline_direct,IndiGo
DEL,BLR,6E,IndiGo,6E 5033,2026-10-18,30,economy,,,10156.0,False,15:50,ok,2026-09-18T02:21:02.899492+05:30,2026-09-18_0221IST,airline_direct,IndiGo
DEL,BLR,6E,IndiGo,6E 2150,2026-10-18,30,business,,,34581.0,False,16:55,ok,2026-09-18T02:21:02.899492+05:30,2026-09-18_0221IST,airline_direct,IndiGo
DEL,BLR,6E,IndiGo,6E 2150,2026-10-18,30,economy,,,10156.0,False,16:55,ok,2026-09-18T02:21:02.899492+05:30,2026-09-18_0221IST,airline_direct,IndiGo
DEL,BLR,6E,IndiGo,6E 6632,2026-10-18,30,economy,,,10156.0,False,17:50,ok,2026-09-18T02:21:02.899492+05:30,2026-09-18_0221IST,airline_direct,IndiGo
DEL,BLR,6E,IndiGo,6E 950,2026-10-18,30,business,,,28318.0,False,18:15,ok,2026-09-18T02:21:02.899492+05:30,2026-09-18_0221IST,airline_direct,IndiGo
DEL,BLR,6E,IndiGo,6E 950,2026-10-18,30,economy,,,10156.0,False,18:15,ok,2026-09-18T02:21:02.899492+05:30,2026-09-18_0221IST,airline_direct,IndiGo
DEL,BLR,6E,IndiGo,6E 2769,2026-10-18,30,economy,,,10287.0,False,08:10,ok,2026-09-18T02:21:02.899492+05:30,2026-09-18_0221IST,airline_direct,IndiGo
DEL,BLR,6E,IndiGo,6E 6497,2026-10-18,30,economy,,,10287.0,False,18:40,ok,2026-09-18T02:21:02.899492+05:30,2026-09-18_0221IST,airline_direct,IndiGo
DEL,BLR,6E,IndiGo,6E 2482,2026-10-18,30,economy,,,10287.0,False,19:55,ok,2026-09-18T02:21:02.899492+05:30,2026-09-18_0221IST,airline_direct,IndiGo
DEL,BLR,6E,IndiGo,6E 357,2026-10-18,30,business,,,33165.0,False,19:30,ok,2026-09-18T02:21:02.899492+05:30,2026-09-18_0221IST,airline_direct,IndiGo
DEL,BLR,6E,IndiGo,6E 357,2026-10-18,30,economy,,,10397.0,False,19:30,ok,2026-09-18T02:21:02.899492+05:30,2026-09-18_0221IST,airline_direct,IndiGo
DEL,BLR,6E,IndiGo,6E 6217,2026-10-18,30,business,,,25759.0,False,16:15,ok,2026-09-18T02:21:02.899492+05:30,2026-09-18_0221IST,airline_direct,IndiGo
DEL,BLR,6E,IndiGo,6E 6217,2026-10-18,30,economy,,,10720.0,False,16:15,ok,2026-09-18T02:21:02.899492+05:30,2026-09-18_0221IST,airline_direct,IndiGo
DEL,BLR,6E,IndiGo,6E 717,2026-10-18,30,business,,,25759.0,False,17:55,ok,2026-09-18T02:21:02.899492+05:30,2026-09-18_0221IST,airline_direct,IndiGo
DEL,BLR,6E,IndiGo,6E 717,2026-10-18,30,economy,,,11565.0,False,17:55,ok,2026-09-18T02:21:02.899492+05:30,2026-09-18_0221IST,airline_direct,IndiGo
DEL,BLR,6E,IndiGo,6E 754,2026-10-18,30,economy,,,11933.0,False,17:10,ok,2026-09-18T02:21:02.899492+05:30,2026-09-18_0221IST,airline_direct,IndiGo
DEL,BLR,6E,IndiGo,6E 2277,2026-10-18,30,business,,,35643.0,False,10:25,ok,2026-09-18T02:21:02.899492+05:30,2026-09-18_0221IST,airline_direct,IndiGo
DEL,BLR,6E,IndiGo,6E 2277,2026-10-18,30,economy,,,12699.0,False,10:25,ok,2026-09-18T02:21:02.899492+05:30,2026-09-18_0221IST,airline_direct,IndiGo
DEL,BLR,6E,IndiGo,6E 2349,2026-10-18,30,economy,,,14735.0,False,10:55,ok,2026-09-18T02:21:02.899492+05:30,2026-09-18_0221IST,airline_direct,IndiGo
DEL,BLR,6E,IndiGo,6E 5038,2026-10-18,30,economy,,,16213.0,False,14:00,ok,2026-09-18T02:21:02.899492+05:30,2026-09-18_0221IST,airline_direct,IndiGo
DEL,BLR,6E,IndiGo,6E 513,2026-10-18,30,business,,,35883.0,False,08:30,ok,2026-09-18T02:21:02.899492+05:30,2026-09-18_0221IST,airline_direct,IndiGo
DEL,BLR,6E,IndiGo,6E 513,2026-10-18,30,economy,,,26133.0,False,08:30,ok,2026-09-18T02:21:02.899492+05:30,2026-09-18_0221IST,airline_direct,IndiGo
DEL,BLR,6E,IndiGo,6E 5191,2026-10-18,30,business,,,36473.0,False,05:00,ok,2026-09-18T02:21:02.899492+05:30,2026-09-18_0221IST,airline_direct,IndiGo
DEL,BLR,6E,IndiGo,6E 5191,2026-10-18,30,economy,,,26973.0,False,05:00,ok,2026-09-18T02:21:02.899492+05:30,2026-09-18_0221IST,airline_direct,IndiGo
BOM,BLR,6E,IndiGo,6E 5323,2026-10-18,30,business,,,18948.0,False,01:10,ok,2026-09-18T02:22:07.094583+05:30,2026-09-18_0222IST,airline_direct,IndiGo
BOM,BLR,6E,IndiGo,6E 5323,2026-10-18,30,economy,,,5273.0,False,01:10,ok,2026-09-18T02:22:07.094583+05:30,2026-09-18_0222IST,airline_direct,IndiGo
BOM,BLR,6E,IndiGo,6E 5294,2026-10-18,30,business,,,18948.0,False,04:30,ok,2026-09-18T02:22:07.094583+05:30,2026-09-18_0222IST,airline_direct,IndiGo
BOM,BLR,6E,IndiGo,6E 5294,2026-10-18,30,economy,,,5273.0,False,04:30,ok,2026-09-18T02:22:07.094583+05:30,2026-09-18_0222IST,airline_direct,IndiGo
BOM,BLR,6E,IndiGo,6E 5388,2026-10-18,30,business,,,18948.0,False,22:20,ok,2026-09-18T02:22:07.094583+05:30,2026-09-18_0222IST,airline_direct,IndiGo
BOM,BLR,6E,IndiGo,6E 5388,2026-10-18,30,economy,,,6747.0,False,22:20,ok,2026-09-18T02:22:07.094583+05:30,2026-09-18_0222IST,airline_direct,IndiGo
BOM,BLR,6E,IndiGo,6E 5296,2026-10-18,30,business,,,18948.0,False,06:15,ok,2026-09-18T02:22:07.094583+05:30,2026-09-18_0222IST,airline_direct,IndiGo
BOM,BLR,6E,IndiGo,6E 5296,2026-10-18,30,economy,,,7062.0,False,06:15,ok,2026-09-18T02:22:07.094583+05:30,2026-09-18_0222IST,airline_direct,IndiGo
BOM,BLR,6E,IndiGo,6E 5193,2026-10-18,30,business,,,18948.0,False,07:45,ok,2026-09-18T02:22:07.094583+05:30,2026-09-18_0222IST,airline_direct,IndiGo
BOM,BLR,6E,IndiGo,6E 5193,2026-10-18,30,economy,,,7062.0,False,07:45,ok,2026-09-18T02:22:07.094583+05:30,2026-09-18_0222IST,airline_direct,IndiGo
BOM,BLR,6E,IndiGo,6E 5071,2026-10-18,30,business,,,18948.0,False,15:35,ok,2026-09-18T02:22:07.094583+05:30,2026-09-18_0222IST,airline_direct,IndiGo
BOM,BLR,6E,IndiGo,6E 5071,2026-10-18,30,economy,,,7062.0,False,15:35,ok,2026-09-18T02:22:07.094583+05:30,2026-09-18_0222IST,airline_direct,IndiGo
BOM,BLR,6E,IndiGo,6E 5092,2026-10-18,30,business,,,18948.0,False,09:50,ok,2026-09-18T02:22:07.094583+05:30,2026-09-18_0222IST,airline_direct,IndiGo
BOM,BLR,6E,IndiGo,6E 5092,2026-10-18,30,economy,,,7377.0,False,09:50,ok,2026-09-18T02:22:07.094583+05:30,2026-09-18_0222IST,airline_direct,IndiGo
BOM,BLR,6E,IndiGo,6E 5382,2026-10-18,30,business,,,18948.0,False,14:30,ok,2026-09-18T02:22:07.094583+05:30,2026-09-18_0222IST,airline_direct,IndiGo
BOM,BLR,6E,IndiGo,6E 5382,2026-10-18,30,economy,,,7377.0,False,14:30,ok,2026-09-18T02:22:07.094583+05:30,2026-09-18_0222IST,airline_direct,IndiGo
BOM,BLR,6E,IndiGo,6E 5221,2026-10-18,30,business,,,18948.0,False,17:00,ok,2026-09-18T02:22:07.094583+05:30,2026-09-18_0222IST,airline_direct,IndiGo
BOM,BLR,6E,IndiGo,6E 5221,2026-10-18,30,economy,,,7377.0,False,17:00,ok,2026-09-18T02:22:07.094583+05:30,2026-09-18_0222IST,airline_direct,IndiGo
BOM,BLR,6E,IndiGo,6E 5032,2026-10-18,30,business,,,18948.0,False,19:50,ok,2026-09-18T02:22:07.094583+05:30,2026-09-18_0222IST,airline_direct,IndiGo
BOM,BLR,6E,IndiGo,6E 5032,2026-10-18,30,economy,,,7377.0,False,19:50,ok,2026-09-18T02:22:07.094583+05:30,2026-09-18_0222IST,airline_direct,IndiGo
BOM,BLR,6E,IndiGo,6E 6188,2026-10-18,30,business,,,18948.0,False,21:30,ok,2026-09-18T02:22:07.094583+05:30,2026-09-18_0222IST,airline_direct,IndiGo
BOM,BLR,6E,IndiGo,6E 6188,2026-10-18,30,economy,,,7377.0,False,21:30,ok,2026-09-18T02:22:07.094583+05:30,2026-09-18_0222IST,airline_direct,IndiGo
BOM,BLR,6E,IndiGo,6E 5217,2026-10-18,30,business,,,18948.0,False,11:00,ok,2026-09-18T02:22:07.094583+05:30,2026-09-18_0222IST,airline_direct,IndiGo
BOM,BLR,6E,IndiGo,6E 5217,2026-10-18,30,economy,,,7797.0,False,11:00,ok,2026-09-18T02:22:07.094583+05:30,2026-09-18_0222IST,airline_direct,IndiGo
BOM,BLR,6E,IndiGo,6E 5184,2026-10-18,30,business,,,18948.0,False,12:30,ok,2026-09-18T02:22:07.094583+05:30,2026-09-18_0222IST,airline_direct,IndiGo
BOM,BLR,6E,IndiGo,6E 5184,2026-10-18,30,economy,,,7797.0,False,12:30,ok,2026-09-18T02:22:07.094583+05:30,2026-09-18_0222IST,airline_direct,IndiGo
BOM,BLR,6E,IndiGo,6E 5047,2026-10-18,30,business,,,18948.0,False,18:30,ok,2026-09-18T02:22:07.094583+05:30,2026-09-18_0222IST,airline_direct,IndiGo
BOM,BLR,6E,IndiGo,6E 5047,2026-10-18,30,economy,,,7797.0,False,18:30,ok,2026-09-18T02:22:07.094583+05:30,2026-09-18_0222IST,airline_direct,IndiGo
BOM,BLR,6E,IndiGo,6E 6361,2026-10-18,30,economy,,,7243.0,False,05:00,ok,2026-09-18T02:22:07.094583+05:30,2026-09-18_0222IST,airline_direct,IndiGo
BOM,BLR,6E,IndiGo,6E 261,2026-10-18,30,economy,,,7243.0,False,11:20,ok,2026-09-18T02:22:07.094583+05:30,2026-09-18_0222IST,airline_direct,IndiGo
BOM,BLR,6E,IndiGo,6E 261,2026-10-18,30,economy,,,7243.0,False,11:20,ok,2026-09-18T02:22:07.094583+05:30,2026-09-18_0222IST,airline_direct,IndiGo
BOM,BLR,6E,IndiGo,6E 230,2026-10-18,30,economy,,,7243.0,False,13:55,ok,2026-09-18T02:22:07.094583+05:30,2026-09-18_0222IST,airline_direct,IndiGo
BOM,BLR,6E,IndiGo,6E 230,2026-10-18,30,economy,,,7243.0,False,13:55,ok,2026-09-18T02:22:07.094583+05:30,2026-09-18_0222IST,airline_direct,IndiGo
BOM,BLR,6E,IndiGo,6E 5241,2026-10-18,30,economy,,,7243.0,False,16:40,ok,2026-09-18T02:22:07.094583+05:30,2026-09-18_0222IST,airline_direct,IndiGo
BOM,BLR,6E,IndiGo,6E 5241,2026-10-18,30,economy,,,7243.0,False,16:40,ok,2026-09-18T02:22:07.094583+05:30,2026-09-18_0222IST,airline_direct,IndiGo
BOM,BLR,6E,IndiGo,6E 5082,2026-10-18,30,economy,,,7243.0,False,17:55,ok,2026-09-18T02:22:07.094583+05:30,2026-09-18_0222IST,airline_direct,IndiGo
BOM,BLR,6E,IndiGo,6E 6187,2026-10-18,30,economy,,,7374.0,False,00:30,ok,2026-09-18T02:22:07.094583+05:30,2026-09-18_0222IST,airline_direct,IndiGo
BOM,BLR,6E,IndiGo,6E 5179,2026-10-18,30,business,,,20036.0,False,02:45,ok,2026-09-18T02:22:07.094583+05:30,2026-09-18_0222IST,airline_direct,IndiGo
BOM,BLR,6E,IndiGo,6E 5179,2026-10-18,30,economy,,,7374.0,False,02:45,ok,2026-09-18T02:22:07.094583+05:30,2026-09-18_0222IST,airline_direct,IndiGo
BOM,BLR,6E,IndiGo,6E 5179,2026-10-18,30,business,,,20036.0,False,02:45,ok,2026-09-18T02:22:07.094583+05:30,2026-09-18_0222IST,airline_direct,IndiGo
BOM,BLR,6E,IndiGo,6E 5179,2026-10-18,30,economy,,,7374.0,False,02:45,ok,2026-09-18T02:22:07.094583+05:30,2026-09-18_0222IST,airline_direct,IndiGo
BOM,BLR,6E,IndiGo,6E 6057,2026-10-18,30,economy,,,7374.0,False,09:15,ok,2026-09-18T02:22:07.094583+05:30,2026-09-18_0222IST,airline_direct,IndiGo
BOM,BLR,6E,IndiGo,6E 5318,2026-10-18,30,business,,,21922.0,False,10:15,ok,2026-09-18T02:22:07.094583+05:30,2026-09-18_0222IST,airline_direct,IndiGo
BOM,BLR,6E,IndiGo,6E 5318,2026-10-18,30,economy,,,7374.0,False,10:15,ok,2026-09-18T02:22:07.094583+05:30,2026-09-18_0222IST,airline_direct,IndiGo
BOM,BLR,6E,IndiGo,6E 5178,2026-10-18,30,business,,,21922.0,False,11:45,ok,2026-09-18T02:22:07.094583+05:30,2026-09-18_0222IST,airline_direct,IndiGo
BOM,BLR,6E,IndiGo,6E 5178,2026-10-18,30,economy,,,7374.0,False,11:45,ok,2026-09-18T02:22:07.094583+05:30,2026-09-18_0222IST,airline_direct,IndiGo
BOM,BLR,6E,IndiGo,6E 5178,2026-10-18,30,business,,,20441.0,False,11:45,ok,2026-09-18T02:22:07.094583+05:30,2026-09-18_0222IST,airline_direct,IndiGo
BOM,BLR,6E,IndiGo,6E 5178,2026-10-18,30,economy,,,7374.0,False,11:45,ok,2026-09-18T02:22:07.094583+05:30,2026-09-18_0222IST,airline_direct,IndiGo
BOM,BLR,6E,IndiGo,6E 5386,2026-10-18,30,business,,,20441.0,False,15:10,ok,2026-09-18T02:22:07.094583+05:30,2026-09-18_0222IST,airline_direct,IndiGo
BOM,BLR,6E,IndiGo,6E 5386,2026-10-18,30,economy,,,7374.0,False,15:10,ok,2026-09-18T02:22:07.094583+05:30,2026-09-18_0222IST,airline_direct,IndiGo
BOM,BLR,6E,IndiGo,6E 5386,2026-10-18,30,business,,,20887.0,False,15:10,ok,2026-09-18T02:22:07.094583+05:30,2026-09-18_0222IST,airline_direct,IndiGo
BOM,BLR,6E,IndiGo,6E 5386,2026-10-18,30,economy,,,7374.0,False,15:10,ok,2026-09-18T02:22:07.094583+05:30,2026-09-18_0222IST,airline_direct,IndiGo
BOM,BLR,6E,IndiGo,6E 5228,2026-10-18,30,business,,,20887.0,False,16:45,ok,2026-09-18T02:22:07.094583+05:30,2026-09-18_0222IST,airline_direct,IndiGo
BOM,BLR,6E,IndiGo,6E 5228,2026-10-18,30,economy,,,7374.0,False,16:45,ok,2026-09-18T02:22:07.094583+05:30,2026-09-18_0222IST,airline_direct,IndiGo
BOM,BLR,6E,IndiGo,6E 5228,2026-10-18,30,business,,,20887.0,False,16:45,ok,2026-09-18T02:22:07.094583+05:30,2026-09-18_0222IST,airline_direct,IndiGo
BOM,BLR,6E,IndiGo,6E 5228,2026-10-18,30,economy,,,7374.0,False,16:45,ok,2026-09-18T02:22:07.094583+05:30,2026-09-18_0222IST,airline_direct,IndiGo
BOM,BLR,6E,IndiGo,6E 6802,2026-10-18,30,economy,,,7505.0,False,16:55,ok,2026-09-18T02:22:07.094583+05:30,2026-09-18_0222IST,airline_direct,IndiGo
BOM,BLR,6E,IndiGo,6E 6701,2026-10-18,30,economy,,,7584.0,False,05:35,ok,2026-09-18T02:22:07.094583+05:30,2026-09-18_0222IST,airline_direct,IndiGo
BOM,BLR,6E,IndiGo,6E 5188,2026-10-18,30,business,,,24040.0,False,06:15,ok,2026-09-18T02:22:07.094583+05:30,2026-09-18_0222IST,airline_direct,IndiGo
BOM,BLR,6E,IndiGo,6E 5188,2026-10-18,30,economy,,,7584.0,False,06:15,ok,2026-09-18T02:22:07.094583+05:30,2026-09-18_0222IST,airline_direct,IndiGo
BOM,BLR,6E,IndiGo,6E 5204,2026-10-18,30,business,,,24040.0,False,08:15,ok,2026-09-18T02:22:07.094583+05:30,2026-09-18_0222IST,airline_direct,IndiGo
BOM,BLR,6E,IndiGo,6E 5204,2026-10-18,30,economy,,,7584.0,False,08:15,ok,2026-09-18T02:22:07.094583+05:30,2026-09-18_0222IST,airline_direct,IndiGo
BOM,BLR,6E,IndiGo,6E 5109,2026-10-18,30,economy,,,7584.0,False,09:35,ok,2026-09-18T02:22:07.094583+05:30,2026-09-18_0222IST,airline_direct,IndiGo
BOM,BLR,6E,IndiGo,6E 5313,2026-10-18,30,business,,,24040.0,False,09:50,ok,2026-09-18T02:22:07.094583+05:30,2026-09-18_0222IST,airline_direct,IndiGo
BOM,BLR,6E,IndiGo,6E 5313,2026-10-18,30,economy,,,7584.0,False,09:50,ok,2026-09-18T02:22:07.094583+05:30,2026-09-18_0222IST,airline_direct,IndiGo
BOM,BLR,6E,IndiGo,6E 5313,2026-10-18,30,business,,,24383.0,False,09:50,ok,2026-09-18T02:22:07.094583+05:30,2026-09-18_0222IST,airline_direct,IndiGo
BOM,BLR,6E,IndiGo,6E 5313,2026-10-18,30,economy,,,7584.0,False,09:50,ok,2026-09-18T02:22:07.094583+05:30,2026-09-18_0222IST,airline_direct,IndiGo
BOM,BLR,6E,IndiGo,6E 6349,2026-10-18,30,business,,,24383.0,False,11:40,ok,2026-09-18T02:22:07.094583+05:30,2026-09-18_0222IST,airline_direct,IndiGo
BOM,BLR,6E,IndiGo,6E 6349,2026-10-18,30,economy,,,7584.0,False,11:40,ok,2026-09-18T02:22:07.094583+05:30,2026-09-18_0222IST,airline_direct,IndiGo
BOM,BLR,6E,IndiGo,6E 673,2026-10-18,30,economy,,,7584.0,False,12:35,ok,2026-09-18T02:22:07.094583+05:30,2026-09-18_0222IST,airline_direct,IndiGo
BOM,BLR,6E,IndiGo,6E 5337,2026-10-18,30,business,,,24040.0,False,13:45,ok,2026-09-18T02:22:07.094583+05:30,2026-09-18_0222IST,airline_direct,IndiGo
BOM,BLR,6E,IndiGo,6E 5337,2026-10-18,30,economy,,,7584.0,False,13:45,ok,2026-09-18T02:22:07.094583+05:30,2026-09-18_0222IST,airline_direct,IndiGo
BOM,BLR,6E,IndiGo,6E 5196,2026-10-18,30,business,,,24040.0,False,15:25,ok,2026-09-18T02:22:07.094583+05:30,2026-09-18_0222IST,airline_direct,IndiGo
BOM,BLR,6E,IndiGo,6E 5196,2026-10-18,30,economy,,,7584.0,False,15:25,ok,2026-09-18T02:22:07.094583+05:30,2026-09-18_0222IST,airline_direct,IndiGo
BOM,BLR,6E,IndiGo,6E 5196,2026-10-18,30,business,,,24040.0,False,15:25,ok,2026-09-18T02:22:07.094583+05:30,2026-09-18_0222IST,airline_direct,IndiGo
BOM,BLR,6E,IndiGo,6E 5196,2026-10-18,30,economy,,,7584.0,False,15:25,ok,2026-09-18T02:22:07.094583+05:30,2026-09-18_0222IST,airline_direct,IndiGo
BOM,BLR,6E,IndiGo,6E 240,2026-10-18,30,economy,,,7584.0,False,15:45,ok,2026-09-18T02:22:07.094583+05:30,2026-09-18_0222IST,airline_direct,IndiGo
BOM,BLR,6E,IndiGo,6E 437,2026-10-18,30,economy,,,7584.0,False,17:10,ok,2026-09-18T02:22:07.094583+05:30,2026-09-18_0222IST,airline_direct,IndiGo
BOM,BLR,6E,IndiGo,6E 5048,2026-10-18,30,business,,,24040.0,False,17:25,ok,2026-09-18T02:22:07.094583+05:30,2026-09-18_0222IST,airline_direct,IndiGo
BOM,BLR,6E,IndiGo,6E 5048,2026-10-18,30,economy,,,7584.0,False,17:25,ok,2026-09-18T02:22:07.094583+05:30,2026-09-18_0222IST,airline_direct,IndiGo
BOM,BLR,6E,IndiGo,6E 5126,2026-10-18,30,economy,,,7584.0,False,18:15,ok,2026-09-18T02:22:07.094583+05:30,2026-09-18_0222IST,airline_direct,IndiGo
BOM,BLR,6E,IndiGo,6E 2237,2026-10-18,30,economy,,,7584.0,False,18:40,ok,2026-09-18T02:22:07.094583+05:30,2026-09-18_0222IST,airline_direct,IndiGo
BOM,BLR,6E,IndiGo,6E 5107,2026-10-18,30,economy,,,7584.0,False,20:00,ok,2026-09-18T02:22:07.094583+05:30,2026-09-18_0222IST,airline_direct,IndiGo
BOM,BLR,6E,IndiGo,6E 5152,2026-10-18,30,economy,,,7584.0,False,23:10,ok,2026-09-18T02:22:07.094583+05:30,2026-09-18_0222IST,airline_direct,IndiGo
BOM,BLR,6E,IndiGo,6E 5273,2026-10-18,30,economy,,,7715.0,False,18:35,ok,2026-09-18T02:22:07.094583+05:30,2026-09-18_0222IST,airline_direct,IndiGo
BOM,BLR,6E,IndiGo,6E 911,2026-10-18,30,economy,,,8126.0,False,01:30,ok,2026-09-18T02:22:07.094583+05:30,2026-09-18_0222IST,airline_direct,IndiGo
BOM,BLR,6E,IndiGo,6E 2284,2026-10-18,30,economy,,,8126.0,False,12:05,ok,2026-09-18T02:22:07.094583+05:30,2026-09-18_0222IST,airline_direct,IndiGo
BOM,BLR,6E,IndiGo,6E 6599,2026-10-18,30,economy,,,8257.0,False,16:50,ok,2026-09-18T02:22:07.094583+05:30,2026-09-18_0222IST,airline_direct,IndiGo
BOM,BLR,6E,IndiGo,6E 632,2026-10-18,30,economy,,,8718.0,False,04:00,ok,2026-09-18T02:22:07.094583+05:30,2026-09-18_0222IST,airline_direct,IndiGo
BOM,BLR,6E,IndiGo,6E 5181,2026-10-18,30,economy,,,9495.0,False,10:25,ok,2026-09-18T02:22:07.094583+05:30,2026-09-18_0222IST,airline_direct,IndiGo
BOM,BLR,6E,IndiGo,6E 5201,2026-10-18,30,economy,,,10068.0,False,14:55,ok,2026-09-18T02:22:07.094583+05:30,2026-09-18_0222IST,airline_direct,IndiGo
DEL,CCU,6E,IndiGo,6E 247,2026-10-18,30,business,,,22600.0,False,23:30,ok,2026-09-18T02:23:18.311602+05:30,2026-09-18_0223IST,airline_direct,IndiGo
DEL,CCU,6E,IndiGo,6E 247,2026-10-18,30,economy,,,10908.0,False,23:30,ok,2026-09-18T02:23:18.311602+05:30,2026-09-18_0223IST,airline_direct,IndiGo
DEL,CCU,6E,IndiGo,6E 930,2026-10-18,30,business,,,22600.0,False,02:45,ok,2026-09-18T02:23:18.311602+05:30,2026-09-18_0223IST,airline_direct,IndiGo
DEL,CCU,6E,IndiGo,6E 930,2026-10-18,30,economy,,,14058.0,False,02:45,ok,2026-09-18T02:23:18.311602+05:30,2026-09-18_0223IST,airline_direct,IndiGo
DEL,CCU,6E,IndiGo,6E 5191,2026-10-18,30,business,,,22600.0,False,05:00,ok,2026-09-18T02:23:18.311602+05:30,2026-09-18_0223IST,airline_direct,IndiGo
DEL,CCU,6E,IndiGo,6E 5191,2026-10-18,30,economy,,,14058.0,False,05:00,ok,2026-09-18T02:23:18.311602+05:30,2026-09-18_0223IST,airline_direct,IndiGo
DEL,CCU,6E,IndiGo,6E 340,2026-10-18,30,business,,,22600.0,False,07:20,ok,2026-09-18T02:23:18.311602+05:30,2026-09-18_0223IST,airline_direct,IndiGo
DEL,CCU,6E,IndiGo,6E 340,2026-10-18,30,economy,,,14058.0,False,07:20,ok,2026-09-18T02:23:18.311602+05:30,2026-09-18_0223IST,airline_direct,IndiGo
DEL,CCU,6E,IndiGo,6E 513,2026-10-18,30,business,,,22600.0,False,08:30,ok,2026-09-18T02:23:18.311602+05:30,2026-09-18_0223IST,airline_direct,IndiGo
DEL,CCU,6E,IndiGo,6E 513,2026-10-18,30,economy,,,14058.0,False,08:30,ok,2026-09-18T02:23:18.311602+05:30,2026-09-18_0223IST,airline_direct,IndiGo
DEL,CCU,6E,IndiGo,6E 897,2026-10-18,30,business,,,22600.0,False,12:45,ok,2026-09-18T02:23:18.311602+05:30,2026-09-18_0223IST,airline_direct,IndiGo
DEL,CCU,6E,IndiGo,6E 897,2026-10-18,30,economy,,,14058.0,False,12:45,ok,2026-09-18T02:23:18.311602+05:30,2026-09-18_0223IST,airline_direct,IndiGo
DEL,CCU,6E,IndiGo,6E 910,2026-10-18,30,business,,,22600.0,False,14:25,ok,2026-09-18T02:23:18.311602+05:30,2026-09-18_0223IST,airline_direct,IndiGo
DEL,CCU,6E,IndiGo,6E 910,2026-10-18,30,economy,,,14058.0,False,14:25,ok,2026-09-18T02:23:18.311602+05:30,2026-09-18_0223IST,airline_direct,IndiGo
DEL,CCU,6E,IndiGo,6E 6415,2026-10-18,30,business,,,22600.0,False,16:00,ok,2026-09-18T02:23:18.311602+05:30,2026-09-18_0223IST,airline_direct,IndiGo
DEL,CCU,6E,IndiGo,6E 6415,2026-10-18,30,economy,,,14058.0,False,16:00,ok,2026-09-18T02:23:18.311602+05:30,2026-09-18_0223IST,airline_direct,IndiGo
DEL,CCU,6E,IndiGo,6E 2276,2026-10-18,30,business,,,22600.0,False,17:55,ok,2026-09-18T02:23:18.311602+05:30,2026-09-18_0223IST,airline_direct,IndiGo
DEL,CCU,6E,IndiGo,6E 2276,2026-10-18,30,economy,,,14058.0,False,17:55,ok,2026-09-18T02:23:18.311602+05:30,2026-09-18_0223IST,airline_direct,IndiGo
DEL,CCU,6E,IndiGo,6E 6517,2026-10-18,30,business,,,22600.0,False,19:30,ok,2026-09-18T02:23:18.311602+05:30,2026-09-18_0223IST,airline_direct,IndiGo
DEL,CCU,6E,IndiGo,6E 6517,2026-10-18,30,economy,,,14058.0,False,19:30,ok,2026-09-18T02:23:18.311602+05:30,2026-09-18_0223IST,airline_direct,IndiGo
DEL,CCU,6E,IndiGo,6E 527,2026-10-18,30,economy,,,14058.0,False,20:15,ok,2026-09-18T02:23:18.311602+05:30,2026-09-18_0223IST,airline_direct,IndiGo
DEL,CCU,6E,IndiGo,6E 389,2026-10-18,30,business,,,22600.0,False,21:50,ok,2026-09-18T02:23:18.311602+05:30,2026-09-18_0223IST,airline_direct,IndiGo
DEL,CCU,6E,IndiGo,6E 389,2026-10-18,30,economy,,,14058.0,False,21:50,ok,2026-09-18T02:23:18.311602+05:30,2026-09-18_0223IST,airline_direct,IndiGo
DEL,CCU,6E,IndiGo,6E 894,2026-10-18,30,business,,,27001.0,False,10:15,ok,2026-09-18T02:23:18.311602+05:30,2026-09-18_0223IST,airline_direct,IndiGo
DEL,CCU,6E,IndiGo,6E 894,2026-10-18,30,economy,,,14950.0,False,10:15,ok,2026-09-18T02:23:18.311602+05:30,2026-09-18_0223IST,airline_direct,IndiGo
DEL,CCU,6E,IndiGo,6E 5298,2026-10-18,30,economy,,,7586.0,False,09:00,ok,2026-09-18T02:23:18.311602+05:30,2026-09-18_0223IST,airline_direct,IndiGo
DEL,CCU,6E,IndiGo,6E 5038,2026-10-18,30,economy,,,7586.0,False,14:00,ok,2026-09-18T02:23:18.311602+05:30,2026-09-18_0223IST,airline_direct,IndiGo
DEL,CCU,6E,IndiGo,6E 2331,2026-10-18,30,economy,,,8535.0,False,12:20,ok,2026-09-18T02:23:18.311602+05:30,2026-09-18_0223IST,airline_direct,IndiGo
DEL,CCU,6E,IndiGo,6E 5073,2026-10-18,30,economy,,,8535.0,False,17:05,ok,2026-09-18T02:23:18.311602+05:30,2026-09-18_0223IST,airline_direct,IndiGo
DEL,CCU,6E,IndiGo,6E 5119,2026-10-18,30,economy,,,9203.0,False,05:10,ok,2026-09-18T02:23:18.311602+05:30,2026-09-18_0223IST,airline_direct,IndiGo
DEL,CCU,6E,IndiGo,6E 6829,2026-10-18,30,economy,,,9728.0,False,17:20,ok,2026-09-18T02:23:18.311602+05:30,2026-09-18_0223IST,airline_direct,IndiGo
DEL,CCU,6E,IndiGo,6E 6236,2026-10-18,30,economy,,,10389.0,False,16:20,ok,2026-09-18T02:23:18.311602+05:30,2026-09-18_0223IST,airline_direct,IndiGo
DEL,CCU,6E,IndiGo,6E 6245,2026-10-18,30,economy,,,11117.0,False,06:20,ok,2026-09-18T02:23:18.311602+05:30,2026-09-18_0223IST,airline_direct,IndiGo
DEL,CCU,6E,IndiGo,6E 6190,2026-10-18,30,economy,,,11378.0,False,07:40,ok,2026-09-18T02:23:18.311602+05:30,2026-09-18_0223IST,airline_direct,IndiGo
DEL,CCU,6E,IndiGo,6E 6190,2026-10-18,30,economy,,,11588.0,False,07:40,ok,2026-09-18T02:23:18.311602+05:30,2026-09-18_0223IST,airline_direct,IndiGo
DEL,CCU,6E,IndiGo,6E 6246,2026-10-18,30,economy,,,11773.0,False,05:25,ok,2026-09-18T02:23:18.311602+05:30,2026-09-18_0223IST,airline_direct,IndiGo
DEL,CCU,6E,IndiGo,6E 6459,2026-10-18,30,economy,,,12189.0,False,05:55,ok,2026-09-18T02:23:18.311602+05:30,2026-09-18_0223IST,airline_direct,IndiGo
DEL,CCU,6E,IndiGo,6E 6312,2026-10-18,30,economy,,,12189.0,False,14:25,ok,2026-09-18T02:23:18.311602+05:30,2026-09-18_0223IST,airline_direct,IndiGo
DEL,CCU,6E,IndiGo,6E 2769,2026-10-18,30,economy,,,12279.0,False,08:10,ok,2026-09-18T02:23:18.311602+05:30,2026-09-18_0223IST,airline_direct,IndiGo
DEL,CCU,6E,IndiGo,6E 2373,2026-10-18,30,economy,,,12384.0,False,11:10,ok,2026-09-18T02:23:18.311602+05:30,2026-09-18_0223IST,airline_direct,IndiGo
DEL,CCU,6E,IndiGo,6E 2453,2026-10-18,30,economy,,,12384.0,False,13:35,ok,2026-09-18T02:23:18.311602+05:30,2026-09-18_0223IST,airline_direct,IndiGo
DEL,CCU,6E,IndiGo,6E 2453,2026-10-18,30,economy,,,12384.0,False,13:35,ok,2026-09-18T02:23:18.311602+05:30,2026-09-18_0223IST,airline_direct,IndiGo
DEL,CCU,6E,IndiGo,6E 6378,2026-10-18,30,economy,,,13445.0,False,14:40,ok,2026-09-18T02:23:18.311602+05:30,2026-09-18_0223IST,airline_direct,IndiGo
DEL,CCU,6E,IndiGo,6E 6551,2026-10-18,30,economy,,,13786.0,False,12:00,ok,2026-09-18T02:23:18.311602+05:30,2026-09-18_0223IST,airline_direct,IndiGo
DEL,CCU,6E,IndiGo,6E 2361,2026-10-18,30,economy,,,14106.0,False,14:35,ok,2026-09-18T02:23:18.311602+05:30,2026-09-18_0223IST,airline_direct,IndiGo
DEL,CCU,6E,IndiGo,6E 734,2026-10-18,30,economy,,,14441.0,False,16:20,ok,2026-09-18T02:23:18.311602+05:30,2026-09-18_0223IST,airline_direct,IndiGo
DEL,CCU,6E,IndiGo,6E 6124,2026-10-18,30,economy,,,14625.0,False,07:30,ok,2026-09-18T02:23:18.311602+05:30,2026-09-18_0223IST,airline_direct,IndiGo
DEL,CCU,6E,IndiGo,6E 6503,2026-10-18,30,economy,,,14835.0,False,13:25,ok,2026-09-18T02:23:18.311602+05:30,2026-09-18_0223IST,airline_direct,IndiGo
DEL,CCU,6E,IndiGo,6E 6503,2026-10-18,30,economy,,,14835.0,False,13:25,ok,2026-09-18T02:23:18.311602+05:30,2026-09-18_0223IST,airline_direct,IndiGo
DEL,CCU,6E,IndiGo,6E 2259,2026-10-18,30,economy,,,14852.0,False,12:20,ok,2026-09-18T02:23:18.311602+05:30,2026-09-18_0223IST,airline_direct,IndiGo
DEL,CCU,6E,IndiGo,6E 2614,2026-10-18,30,economy,,,14852.0,False,14:40,ok,2026-09-18T02:23:18.311602+05:30,2026-09-18_0223IST,airline_direct,IndiGo
DEL,CCU,6E,IndiGo,6E 5033,2026-10-18,30,economy,,,14988.0,False,15:50,ok,2026-09-18T02:23:18.311602+05:30,2026-09-18_0223IST,airline_direct,IndiGo
DEL,CCU,6E,IndiGo,6E 705,2026-10-18,30,business,,,29263.0,False,08:30,ok,2026-09-18T02:23:18.311602+05:30,2026-09-18_0223IST,airline_direct,IndiGo
DEL,CCU,6E,IndiGo,6E 705,2026-10-18,30,economy,,,15705.0,False,08:30,ok,2026-09-18T02:23:18.311602+05:30,2026-09-18_0223IST,airline_direct,IndiGo
DEL,CCU,6E,IndiGo,6E 5307,2026-10-18,30,economy,,,15921.0,False,10:50,ok,2026-09-18T02:23:18.311602+05:30,2026-09-18_0223IST,airline_direct,IndiGo
DEL,CCU,6E,IndiGo,6E 6293,2026-10-18,30,business,,,29263.0,False,09:55,ok,2026-09-18T02:23:18.311602+05:30,2026-09-18_0223IST,airline_direct,IndiGo
DEL,CCU,6E,IndiGo,6E 6293,2026-10-18,30,economy,,,16394.0,False,09:55,ok,2026-09-18T02:23:18.311602+05:30,2026-09-18_0223IST,airline_direct,IndiGo
DEL,CCU,6E,IndiGo,6E 2296,2026-10-18,30,economy,,,16626.0,False,09:20,ok,2026-09-18T02:23:18.311602+05:30,2026-09-18_0223IST,airline_direct,IndiGo
DEL,CCU,6E,IndiGo,6E 705,2026-10-18,30,business,,,30797.0,False,08:30,ok,2026-09-18T02:23:18.311602+05:30,2026-09-18_0223IST,airline_direct,IndiGo
DEL,CCU,6E,IndiGo,6E 705,2026-10-18,30,economy,,,17070.0,False,08:30,ok,2026-09-18T02:23:18.311602+05:30,2026-09-18_0223IST,airline_direct,IndiGo
DEL,CCU,6E,IndiGo,6E 5307,2026-10-18,30,economy,,,17346.0,False,10:50,ok,2026-09-18T02:23:18.311602+05:30,2026-09-18_0223IST,airline_direct,IndiGo
DEL,CCU,6E,IndiGo,6E 5041,2026-10-18,30,economy,,,17617.0,False,15:10,ok,2026-09-18T02:23:18.311602+05:30,2026-09-18_0223IST,airline_direct,IndiGo
DEL,CCU,6E,IndiGo,6E 5041,2026-10-18,30,economy,,,17617.0,False,15:10,ok,2026-09-18T02:23:18.311602+05:30,2026-09-18_0223IST,airline_direct,IndiGo
DEL,CCU,6E,IndiGo,6E 2316,2026-10-18,30,economy,,,17617.0,False,17:30,ok,2026-09-18T02:23:18.311602+05:30,2026-09-18_0223IST,airline_direct,IndiGo
DEL,CCU,6E,IndiGo,6E 6282,2026-10-18,30,business,,,29263.0,False,13:30,ok,2026-09-18T02:23:18.311602+05:30,2026-09-18_0223IST,airline_direct,IndiGo
DEL,CCU,6E,IndiGo,6E 6282,2026-10-18,30,economy,,,17984.0,False,13:30,ok,2026-09-18T02:23:18.311602+05:30,2026-09-18_0223IST,airline_direct,IndiGo
DEL,CCU,6E,IndiGo,6E 5036,2026-10-18,30,economy,,,18390.0,False,08:00,ok,2026-09-18T02:23:18.311602+05:30,2026-09-18_0223IST,airline_direct,IndiGo
DEL,CCU,6E,IndiGo,6E 2296,2026-10-18,30,economy,,,19986.0,False,09:20,ok,2026-09-18T02:23:18.311602+05:30,2026-09-18_0223IST,airline_direct,IndiGo
DEL,CCU,6E,IndiGo,6E 704,2026-10-18,30,business,,,30797.0,False,02:25,ok,2026-09-18T02:23:18.311602+05:30,2026-09-18_0223IST,airline_direct,IndiGo
DEL,CCU,6E,IndiGo,6E 704,2026-10-18,30,economy,,,20262.0,False,02:25,ok,2026-09-18T02:23:18.311602+05:30,2026-09-18_0223IST,airline_direct,IndiGo
DEL,CCU,6E,IndiGo,6E 704,2026-10-18,30,business,,,31033.0,False,02:25,ok,2026-09-18T02:23:18.311602+05:30,2026-09-18_0223IST,airline_direct,IndiGo
DEL,CCU,6E,IndiGo,6E 704,2026-10-18,30,economy,,,20472.0,False,02:25,ok,2026-09-18T02:23:18.311602+05:30,2026-09-18_0223IST,airline_direct,IndiGo
DEL,CCU,6E,IndiGo,6E 6217,2026-10-18,30,business,,,28909.0,False,16:15,ok,2026-09-18T02:23:18.311602+05:30,2026-09-18_0223IST,airline_direct,IndiGo
DEL,CCU,6E,IndiGo,6E 6217,2026-10-18,30,economy,,,20734.0,False,16:15,ok,2026-09-18T02:23:18.311602+05:30,2026-09-18_0223IST,airline_direct,IndiGo
DEL,CCU,6E,IndiGo,6E 717,2026-10-18,30,business,,,28909.0,False,17:55,ok,2026-09-18T02:23:18.311602+05:30,2026-09-18_0223IST,airline_direct,IndiGo
DEL,CCU,6E,IndiGo,6E 717,2026-10-18,30,economy,,,20734.0,False,17:55,ok,2026-09-18T02:23:18.311602+05:30,2026-09-18_0223IST,airline_direct,IndiGo
DEL,CCU,6E,IndiGo,6E 717,2026-10-18,30,business,,,29617.0,False,17:55,ok,2026-09-18T02:23:18.311602+05:30,2026-09-18_0223IST,airline_direct,IndiGo
DEL,CCU,6E,IndiGo,6E 717,2026-10-18,30,economy,,,21364.0,False,17:55,ok,2026-09-18T02:23:18.311602+05:30,2026-09-18_0223IST,airline_direct,IndiGo
DEL,CCU,6E,IndiGo,6E 6053,2026-10-18,30,economy,,,21631.0,False,13:05,ok,2026-09-18T02:23:18.311602+05:30,2026-09-18_0223IST,airline_direct,IndiGo
DEL,CCU,6E,IndiGo,6E 5215,2026-10-18,30,economy,,,21660.0,False,07:40,ok,2026-09-18T02:23:18.311602+05:30,2026-09-18_0223IST,airline_direct,IndiGo
DEL,CCU,6E,IndiGo,6E 6073,2026-10-18,30,economy,,,21666.0,False,05:00,ok,2026-09-18T02:23:18.311602+05:30,2026-09-18_0223IST,airline_direct,IndiGo
DEL,CCU,6E,IndiGo,6E 6371,2026-10-18,30,economy,,,23238.0,False,06:20,ok,2026-09-18T02:23:18.311602+05:30,2026-09-18_0223IST,airline_direct,IndiGo
BLR,HYD,6E,IndiGo,6E 6784,2026-10-18,30,economy,,,6239.0,False,21:25,ok,2026-09-18T02:24:29.476954+05:30,2026-09-18_0224IST,airline_direct,IndiGo
BLR,HYD,6E,IndiGo,6E 638,2026-10-18,30,economy,,,7361.0,False,18:35,ok,2026-09-18T02:24:29.476954+05:30,2026-09-18_0224IST,airline_direct,IndiGo
BLR,HYD,6E,IndiGo,6E 484,2026-10-18,30,economy,,,8010.0,False,08:15,ok,2026-09-18T02:24:29.476954+05:30,2026-09-18_0224IST,airline_direct,IndiGo
BLR,HYD,6E,IndiGo,6E 855,2026-10-18,30,economy,,,8010.0,False,19:45,ok,2026-09-18T02:24:29.476954+05:30,2026-09-18_0224IST,airline_direct,IndiGo
BLR,HYD,6E,IndiGo,6E 537,2026-10-18,30,economy,,,9518.0,False,10:15,ok,2026-09-18T02:24:29.476954+05:30,2026-09-18_0224IST,airline_direct,IndiGo
BLR,HYD,6E,IndiGo,6E 6067,2026-10-18,30,economy,,,9518.0,False,16:30,ok,2026-09-18T02:24:29.476954+05:30,2026-09-18_0224IST,airline_direct,IndiGo
BLR,HYD,6E,IndiGo,6E 312,2026-10-18,30,economy,,,10390.0,False,09:15,ok,2026-09-18T02:24:29.476954+05:30,2026-09-18_0224IST,airline_direct,IndiGo
BLR,HYD,6E,IndiGo,6E 6404,2026-10-18,30,economy,,,10390.0,False,11:35,ok,2026-09-18T02:24:29.476954+05:30,2026-09-18_0224IST,airline_direct,IndiGo
BLR,HYD,6E,IndiGo,6E 6178,2026-10-18,30,economy,,,12416.0,False,06:10,ok,2026-09-18T02:24:29.476954+05:30,2026-09-18_0224IST,airline_direct,IndiGo
BLR,HYD,6E,IndiGo,6E 7227,2026-10-18,30,economy,,,5331.0,False,06:25,ok,2026-09-18T02:24:29.476954+05:30,2026-09-18_0224IST,airline_direct,IndiGo
BLR,HYD,6E,IndiGo,6E 7737,2026-10-18,30,economy,,,5331.0,False,15:15,ok,2026-09-18T02:24:29.476954+05:30,2026-09-18_0224IST,airline_direct,IndiGo
BLR,HYD,6E,IndiGo,6E 7737,2026-10-18,30,economy,,,5331.0,False,15:15,ok,2026-09-18T02:24:29.476954+05:30,2026-09-18_0224IST,airline_direct,IndiGo
BLR,HYD,6E,IndiGo,6E 6563,2026-10-18,30,economy,,,5463.0,False,01:05,ok,2026-09-18T02:24:29.476954+05:30,2026-09-18_0224IST,airline_direct,IndiGo
BLR,HYD,6E,IndiGo,6E 6876,2026-10-18,30,economy,,,5463.0,False,02:40,ok,2026-09-18T02:24:29.476954+05:30,2026-09-18_0224IST,airline_direct,IndiGo
BLR,HYD,6E,IndiGo,6E 857,2026-10-18,30,economy,,,5463.0,False,07:05,ok,2026-09-18T02:24:29.476954+05:30,2026-09-18_0224IST,airline_direct,IndiGo
BLR,HYD,6E,IndiGo,6E 857,2026-10-18,30,economy,,,5463.0,False,07:05,ok,2026-09-18T02:24:29.476954+05:30,2026-09-18_0224IST,airline_direct,IndiGo
BLR,HYD,6E,IndiGo,6E 6104,2026-10-18,30,economy,,,5463.0,False,11:40,ok,2026-09-18T02:24:29.476954+05:30,2026-09-18_0224IST,airline_direct,IndiGo
BLR,HYD,6E,IndiGo,6E 6104,2026-10-18,30,economy,,,5463.0,False,11:40,ok,2026-09-18T02:24:29.476954+05:30,2026-09-18_0224IST,airline_direct,IndiGo
BLR,HYD,6E,IndiGo,6E 6542,2026-10-18,30,economy,,,5463.0,False,13:10,ok,2026-09-18T02:24:29.476954+05:30,2026-09-18_0224IST,airline_direct,IndiGo
BLR,HYD,6E,IndiGo,6E 6753,2026-10-18,30,economy,,,5463.0,False,15:15,ok,2026-09-18T02:24:29.476954+05:30,2026-09-18_0224IST,airline_direct,IndiGo
BLR,HYD,6E,IndiGo,6E 6168,2026-10-18,30,economy,,,5463.0,False,17:15,ok,2026-09-18T02:24:29.476954+05:30,2026-09-18_0224IST,airline_direct,IndiGo
BLR,HYD,6E,IndiGo,6E 356,2026-10-18,30,economy,,,5463.0,False,17:15,ok,2026-09-18T02:24:29.476954+05:30,2026-09-18_0224IST,airline_direct,IndiGo
BLR,HYD,6E,IndiGo,6E 356,2026-10-18,30,economy,,,5463.0,False,17:15,ok,2026-09-18T02:24:29.476954+05:30,2026-09-18_0224IST,airline_direct,IndiGo
BLR,HYD,6E,IndiGo,6E 6168,2026-10-18,30,economy,,,5463.0,False,17:15,ok,2026-09-18T02:24:29.476954+05:30,2026-09-18_0224IST,airline_direct,IndiGo
BLR,HYD,6E,IndiGo,6E 6017,2026-10-18,30,economy,,,5463.0,False,18:15,ok,2026-09-18T02:24:29.476954+05:30,2026-09-18_0224IST,airline_direct,IndiGo
BLR,HYD,6E,IndiGo,6E 105,2026-10-18,30,economy,,,5463.0,False,18:50,ok,2026-09-18T02:24:29.476954+05:30,2026-09-18_0224IST,airline_direct,IndiGo
BLR,HYD,6E,IndiGo,6E 105,2026-10-18,30,economy,,,5463.0,False,18:50,ok,2026-09-18T02:24:29.476954+05:30,2026-09-18_0224IST,airline_direct,IndiGo
BLR,HYD,6E,IndiGo,6E 6554,2026-10-18,30,economy,,,5463.0,False,19:15,ok,2026-09-18T02:24:29.476954+05:30,2026-09-18_0224IST,airline_direct,IndiGo
BLR,HYD,6E,IndiGo,6E 6875,2026-10-18,30,economy,,,5463.0,False,19:55,ok,2026-09-18T02:24:29.476954+05:30,2026-09-18_0224IST,airline_direct,IndiGo
BLR,HYD,6E,IndiGo,6E 441,2026-10-18,30,economy,,,5463.0,False,20:40,ok,2026-09-18T02:24:29.476954+05:30,2026-09-18_0224IST,airline_direct,IndiGo
BLR,HYD,6E,IndiGo,6E 528,2026-10-18,30,economy,,,5463.0,False,21:40,ok,2026-09-18T02:24:29.476954+05:30,2026-09-18_0224IST,airline_direct,IndiGo
BLR,HYD,6E,IndiGo,6E 116,2026-10-18,30,economy,,,5463.0,False,23:05,ok,2026-09-18T02:24:29.476954+05:30,2026-09-18_0224IST,airline_direct,IndiGo
BLR,HYD,6E,IndiGo,6E 116,2026-10-18,30,economy,,,5463.0,False,23:05,ok,2026-09-18T02:24:29.476954+05:30,2026-09-18_0224IST,airline_direct,IndiGo
BLR,HYD,6E,IndiGo,6E 6336,2026-10-18,30,economy,,,5594.0,False,12:25,ok,2026-09-18T02:24:29.476954+05:30,2026-09-18_0224IST,airline_direct,IndiGo
BLR,HYD,6E,IndiGo,6E 7204,2026-10-18,30,economy,,,5793.0,False,06:50,ok,2026-09-18T02:24:29.476954+05:30,2026-09-18_0224IST,airline_direct,IndiGo
BLR,HYD,6E,IndiGo,6E 6753,2026-10-18,30,economy,,,5793.0,False,15:15,ok,2026-09-18T02:24:29.476954+05:30,2026-09-18_0224IST,airline_direct,IndiGo
BLR,HYD,6E,IndiGo,6E 6336,2026-10-18,30,economy,,,5925.0,False,12:25,ok,2026-09-18T02:24:29.476954+05:30,2026-09-18_0224IST,airline_direct,IndiGo
BLR,HYD,6E,IndiGo,6E 6269,2026-10-18,30,economy,,,6543.0,False,07:15,ok,2026-09-18T02:24:29.476954+05:30,2026-09-18_0224IST,airline_direct,IndiGo
BLR,HYD,6E,IndiGo,6E 904,2026-10-18,30,economy,,,6543.0,False,10:50,ok,2026-09-18T02:24:29.476954+05:30,2026-09-18_0224IST,airline_direct,IndiGo
BLR,HYD,6E,IndiGo,6E 6583,2026-10-18,30,economy,,,7101.0,False,10:40,ok,2026-09-18T02:24:29.476954+05:30,2026-09-18_0224IST,airline_direct,IndiGo
BLR,HYD,6E,IndiGo,6E 6653,2026-10-18,30,economy,,,7432.0,False,12:35,ok,2026-09-18T02:24:29.476954+05:30,2026-09-18_0224IST,airline_direct,IndiGo
BLR,HYD,6E,IndiGo,6E 6653,2026-10-18,30,economy,,,7432.0,False,12:35,ok,2026-09-18T02:24:29.476954+05:30,2026-09-18_0224IST,airline_direct,IndiGo
BLR,HYD,6E,IndiGo,6E 6208,2026-10-18,30,economy,,,7432.0,False,12:45,ok,2026-09-18T02:24:29.476954+05:30,2026-09-18_0224IST,airline_direct,IndiGo
BLR,HYD,6E,IndiGo,6E 6208,2026-10-18,30,economy,,,8484.0,False,12:45,ok,2026-09-18T02:24:29.476954+05:30,2026-09-18_0224IST,airline_direct,IndiGo
BLR,HYD,6E,IndiGo,6E 7071,2026-10-18,30,economy,,,9081.0,False,10:55,ok,2026-09-18T02:24:29.476954+05:30,2026-09-18_0224IST,airline_direct,IndiGo
BLR,HYD,6E,IndiGo,6E 763,2026-10-18,30,economy,,,9730.0,False,07:10,ok,2026-09-18T02:24:29.476954+05:30,2026-09-18_0224IST,airline_direct,IndiGo
BLR,HYD,6E,IndiGo,6E 763,2026-10-18,30,economy,,,9730.0,False,07:10,ok,2026-09-18T02:24:29.476954+05:30,2026-09-18_0224IST,airline_direct,IndiGo
BLR,HYD,6E,IndiGo,6E 109,2026-10-18,30,economy,,,9730.0,False,17:00,ok,2026-09-18T02:24:29.476954+05:30,2026-09-18_0224IST,airline_direct,IndiGo
BLR,HYD,6E,IndiGo,6E 6162,2026-10-18,30,economy,,,9730.0,False,18:50,ok,2026-09-18T02:24:29.476954+05:30,2026-09-18_0224IST,airline_direct,IndiGo
BLR,HYD,6E,IndiGo,6E 7285,2026-10-18,30,economy,,,10529.0,False,06:50,ok,2026-09-18T02:24:29.476954+05:30,2026-09-18_0224IST,airline_direct,IndiGo
BLR,HYD,6E,IndiGo,6E 6269,2026-10-18,30,economy,,,11204.0,False,07:15,ok,2026-09-18T02:24:29.476954+05:30,2026-09-18_0224IST,airline_direct,IndiGo
BLR,HYD,6E,IndiGo,6E 7223,2026-10-18,30,economy,,,12950.0,False,15:30,ok,2026-09-18T02:24:29.476954+05:30,2026-09-18_0224IST,airline_direct,IndiGo
BLR,HYD,6E,IndiGo,6E 7005,2026-10-18,30,economy,,,13940.0,False,08:05,ok,2026-09-18T02:24:29.476954+05:30,2026-09-18_0224IST,airline_direct,IndiGo
BLR,HYD,6E,IndiGo,6E 6208,2026-10-18,30,economy,,,16191.0,False,12:45,ok,2026-09-18T02:24:29.476954+05:30,2026-09-18_0224IST,airline_direct,IndiGo
BLR,HYD,6E,IndiGo,6E 763,2026-10-18,30,economy,,,17992.0,False,07:10,ok,2026-09-18T02:24:29.476954+05:30,2026-09-18_0224IST,airline_direct,IndiGo
BLR,HYD,6E,IndiGo,6E 7005,2026-10-18,30,economy,,,18643.0,False,08:05,ok,2026-09-18T02:24:29.476954+05:30,2026-09-18_0224IST,airline_direct,IndiGo
BLR,HYD,6E,IndiGo,6E 6445,2026-10-18,30,economy,,,21052.0,False,10:25,ok,2026-09-18T02:24:29.476954+05:30,2026-09-18_0224IST,airline_direct,IndiGo
BLR,HYD,6E,IndiGo,6E 6445,2026-10-18,30,economy,,,29137.0,False,10:25,ok,2026-09-18T02:24:29.476954+05:30,2026-09-18_0224IST,airline_direct,IndiGo
BLR,HYD,6E,IndiGo,6E 703,2026-10-18,30,economy,,,31139.0,False,12:55,ok,2026-09-18T02:24:29.476954+05:30,2026-09-18_0224IST,airline_direct,IndiGo
MAA,DEL,6E,IndiGo,6E 953,2026-10-18,30,business,,,24700.0,False,02:45,ok,2026-09-18T02:25:28.274036+05:30,2026-09-18_0225IST,airline_direct,IndiGo
MAA,DEL,6E,IndiGo,6E 953,2026-10-18,30,economy,,,9830.0,False,02:45,ok,2026-09-18T02:25:28.274036+05:30,2026-09-18_0225IST,airline_direct,IndiGo
MAA,DEL,6E,IndiGo,6E 937,2026-10-18,30,business,,,24700.0,False,06:30,ok,2026-09-18T02:25:28.274036+05:30,2026-09-18_0225IST,airline_direct,IndiGo
MAA,DEL,6E,IndiGo,6E 937,2026-10-18,30,economy,,,9830.0,False,06:30,ok,2026-09-18T02:25:28.274036+05:30,2026-09-18_0225IST,airline_direct,IndiGo
MAA,DEL,6E,IndiGo,6E 404,2026-10-18,30,business,,,24700.0,False,09:15,ok,2026-09-18T02:25:28.274036+05:30,2026-09-18_0225IST,airline_direct,IndiGo
MAA,DEL,6E,IndiGo,6E 404,2026-10-18,30,economy,,,9830.0,False,09:15,ok,2026-09-18T02:25:28.274036+05:30,2026-09-18_0225IST,airline_direct,IndiGo
MAA,DEL,6E,IndiGo,6E 6002,2026-10-18,30,business,,,24700.0,False,11:10,ok,2026-09-18T02:25:28.274036+05:30,2026-09-18_0225IST,airline_direct,IndiGo
MAA,DEL,6E,IndiGo,6E 6002,2026-10-18,30,economy,,,9830.0,False,11:10,ok,2026-09-18T02:25:28.274036+05:30,2026-09-18_0225IST,airline_direct,IndiGo
MAA,DEL,6E,IndiGo,6E 939,2026-10-18,30,business,,,24700.0,False,13:00,ok,2026-09-18T02:25:28.274036+05:30,2026-09-18_0225IST,airline_direct,IndiGo
MAA,DEL,6E,IndiGo,6E 939,2026-10-18,30,economy,,,9830.0,False,13:00,ok,2026-09-18T02:25:28.274036+05:30,2026-09-18_0225IST,airline_direct,IndiGo
MAA,DEL,6E,IndiGo,6E 948,2026-10-18,30,business,,,24700.0,False,14:30,ok,2026-09-18T02:25:28.274036+05:30,2026-09-18_0225IST,airline_direct,IndiGo
MAA,DEL,6E,IndiGo,6E 948,2026-10-18,30,economy,,,9830.0,False,14:30,ok,2026-09-18T02:25:28.274036+05:30,2026-09-18_0225IST,airline_direct,IndiGo
MAA,DEL,6E,IndiGo,6E 698,2026-10-18,30,business,,,24700.0,False,16:45,ok,2026-09-18T02:25:28.274036+05:30,2026-09-18_0225IST,airline_direct,IndiGo
MAA,DEL,6E,IndiGo,6E 698,2026-10-18,30,economy,,,9830.0,False,16:45,ok,2026-09-18T02:25:28.274036+05:30,2026-09-18_0225IST,airline_direct,IndiGo
MAA,DEL,6E,IndiGo,6E 613,2026-10-18,30,business,,,24700.0,False,19:00,ok,2026-09-18T02:25:28.274036+05:30,2026-09-18_0225IST,airline_direct,IndiGo
MAA,DEL,6E,IndiGo,6E 613,2026-10-18,30,economy,,,9830.0,False,19:00,ok,2026-09-18T02:25:28.274036+05:30,2026-09-18_0225IST,airline_direct,IndiGo
MAA,DEL,6E,IndiGo,6E 951,2026-10-18,30,business,,,24700.0,False,21:50,ok,2026-09-18T02:25:28.274036+05:30,2026-09-18_0225IST,airline_direct,IndiGo
MAA,DEL,6E,IndiGo,6E 951,2026-10-18,30,economy,,,9830.0,False,21:50,ok,2026-09-18T02:25:28.274036+05:30,2026-09-18_0225IST,airline_direct,IndiGo
MAA,DEL,6E,IndiGo,6E 2369,2026-10-18,30,business,,,24700.0,False,23:45,ok,2026-09-18T02:25:28.274036+05:30,2026-09-18_0225IST,airline_direct,IndiGo
MAA,DEL,6E,IndiGo,6E 2369,2026-10-18,30,economy,,,9830.0,False,23:45,ok,2026-09-18T02:25:28.274036+05:30,2026-09-18_0225IST,airline_direct,IndiGo
MAA,DEL,6E,IndiGo,6E 6797,2026-10-18,30,economy,,,9568.0,False,13:10,ok,2026-09-18T02:25:28.274036+05:30,2026-09-18_0225IST,airline_direct,IndiGo
MAA,DEL,6E,IndiGo,6E 253,2026-10-18,30,business,,,28415.0,False,03:10,ok,2026-09-18T02:25:28.274036+05:30,2026-09-18_0225IST,airline_direct,IndiGo
MAA,DEL,6E,IndiGo,6E 253,2026-10-18,30,economy,,,9778.0,False,03:10,ok,2026-09-18T02:25:28.274036+05:30,2026-09-18_0225IST,airline_direct,IndiGo
MAA,DEL,6E,IndiGo,6E 607,2026-10-18,30,business,,,28415.0,False,05:40,ok,2026-09-18T02:25:28.274036+05:30,2026-09-18_0225IST,airline_direct,IndiGo
MAA,DEL,6E,IndiGo,6E 607,2026-10-18,30,economy,,,9778.0,False,05:40,ok,2026-09-18T02:25:28.274036+05:30,2026-09-18_0225IST,airline_direct,IndiGo
MAA,DEL,6E,IndiGo,6E 495,2026-10-18,30,business,,,26457.0,False,07:10,ok,2026-09-18T02:25:28.274036+05:30,2026-09-18_0225IST,airline_direct,IndiGo
MAA,DEL,6E,IndiGo,6E 495,2026-10-18,30,economy,,,9778.0,False,07:10,ok,2026-09-18T02:25:28.274036+05:30,2026-09-18_0225IST,airline_direct,IndiGo
MAA,DEL,6E,IndiGo,6E 495,2026-10-18,30,business,,,26457.0,False,07:10,ok,2026-09-18T02:25:28.274036+05:30,2026-09-18_0225IST,airline_direct,IndiGo
MAA,DEL,6E,IndiGo,6E 495,2026-10-18,30,economy,,,9778.0,False,07:10,ok,2026-09-18T02:25:28.274036+05:30,2026-09-18_0225IST,airline_direct,IndiGo
MAA,DEL,6E,IndiGo,6E 834,2026-10-18,30,business,,,26457.0,False,09:05,ok,2026-09-18T02:25:28.274036+05:30,2026-09-18_0225IST,airline_direct,IndiGo
MAA,DEL,6E,IndiGo,6E 834,2026-10-18,30,economy,,,9778.0,False,09:05,ok,2026-09-18T02:25:28.274036+05:30,2026-09-18_0225IST,airline_direct,IndiGo
MAA,DEL,6E,IndiGo,6E 834,2026-10-18,30,business,,,26457.0,False,09:05,ok,2026-09-18T02:25:28.274036+05:30,2026-09-18_0225IST,airline_direct,IndiGo
MAA,DEL,6E,IndiGo,6E 834,2026-10-18,30,economy,,,9778.0,False,09:05,ok,2026-09-18T02:25:28.274036+05:30,2026-09-18_0225IST,airline_direct,IndiGo
MAA,DEL,6E,IndiGo,6E 372,2026-10-18,30,business,,,26917.0,False,09:55,ok,2026-09-18T02:25:28.274036+05:30,2026-09-18_0225IST,airline_direct,IndiGo
MAA,DEL,6E,IndiGo,6E 372,2026-10-18,30,economy,,,9778.0,False,09:55,ok,2026-09-18T02:25:28.274036+05:30,2026-09-18_0225IST,airline_direct,IndiGo
MAA,DEL,6E,IndiGo,6E 502,2026-10-18,30,business,,,28533.0,False,11:10,ok,2026-09-18T02:25:28.274036+05:30,2026-09-18_0225IST,airline_direct,IndiGo
MAA,DEL,6E,IndiGo,6E 502,2026-10-18,30,economy,,,9778.0,False,11:10,ok,2026-09-18T02:25:28.274036+05:30,2026-09-18_0225IST,airline_direct,IndiGo
MAA,DEL,6E,IndiGo,6E 973,2026-10-18,30,business,,,35537.0,False,11:55,ok,2026-09-18T02:25:28.274036+05:30,2026-09-18_0225IST,airline_direct,IndiGo
MAA,DEL,6E,IndiGo,6E 973,2026-10-18,30,economy,,,9778.0,False,11:55,ok,2026-09-18T02:25:28.274036+05:30,2026-09-18_0225IST,airline_direct,IndiGo
MAA,DEL,6E,IndiGo,6E 6158,2026-10-18,30,business,,,27970.0,False,16:10,ok,2026-09-18T02:25:28.274036+05:30,2026-09-18_0225IST,airline_direct,IndiGo
MAA,DEL,6E,IndiGo,6E 6158,2026-10-18,30,economy,,,9778.0,False,16:10,ok,2026-09-18T02:25:28.274036+05:30,2026-09-18_0225IST,airline_direct,IndiGo
MAA,DEL,6E,IndiGo,6E 183,2026-10-18,30,business,,,28533.0,False,16:35,ok,2026-09-18T02:25:28.274036+05:30,2026-09-18_0225IST,airline_direct,IndiGo
MAA,DEL,6E,IndiGo,6E 183,2026-10-18,30,economy,,,9778.0,False,16:35,ok,2026-09-18T02:25:28.274036+05:30,2026-09-18_0225IST,airline_direct,IndiGo
MAA,DEL,6E,IndiGo,6E 562,2026-10-18,30,business,,,27970.0,False,18:20,ok,2026-09-18T02:25:28.274036+05:30,2026-09-18_0225IST,airline_direct,IndiGo
MAA,DEL,6E,IndiGo,6E 562,2026-10-18,30,economy,,,9778.0,False,18:20,ok,2026-09-18T02:25:28.274036+05:30,2026-09-18_0225IST,airline_direct,IndiGo
MAA,DEL,6E,IndiGo,6E 193,2026-10-18,30,business,,,26457.0,False,20:00,ok,2026-09-18T02:25:28.274036+05:30,2026-09-18_0225IST,airline_direct,IndiGo
MAA,DEL,6E,IndiGo,6E 193,2026-10-18,30,economy,,,9778.0,False,20:00,ok,2026-09-18T02:25:28.274036+05:30,2026-09-18_0225IST,airline_direct,IndiGo
MAA,DEL,6E,IndiGo,6E 6487,2026-10-18,30,business,,,26398.0,False,21:25,ok,2026-09-18T02:25:28.274036+05:30,2026-09-18_0225IST,airline_direct,IndiGo
MAA,DEL,6E,IndiGo,6E 6487,2026-10-18,30,economy,,,9778.0,False,21:25,ok,2026-09-18T02:25:28.274036+05:30,2026-09-18_0225IST,airline_direct,IndiGo
MAA,DEL,6E,IndiGo,6E 561,2026-10-18,30,business,,,28061.0,False,22:20,ok,2026-09-18T02:25:28.274036+05:30,2026-09-18_0225IST,airline_direct,IndiGo
MAA,DEL,6E,IndiGo,6E 561,2026-10-18,30,economy,,,9778.0,False,22:20,ok,2026-09-18T02:25:28.274036+05:30,2026-09-18_0225IST,airline_direct,IndiGo
MAA,DEL,6E,IndiGo,6E 6081,2026-10-18,30,business,,,29704.0,False,07:05,ok,2026-09-18T02:25:28.274036+05:30,2026-09-18_0225IST,airline_direct,IndiGo
MAA,DEL,6E,IndiGo,6E 6081,2026-10-18,30,economy,,,9857.0,False,07:05,ok,2026-09-18T02:25:28.274036+05:30,2026-09-18_0225IST,airline_direct,IndiGo
MAA,DEL,6E,IndiGo,6E 6081,2026-10-18,30,business,,,29704.0,False,07:05,ok,2026-09-18T02:25:28.274036+05:30,2026-09-18_0225IST,airline_direct,IndiGo
MAA,DEL,6E,IndiGo,6E 6081,2026-10-18,30,economy,,,9857.0,False,07:05,ok,2026-09-18T02:25:28.274036+05:30,2026-09-18_0225IST,airline_direct,IndiGo
MAA,DEL,6E,IndiGo,6E 6815,2026-10-18,30,business,,,29704.0,False,08:55,ok,2026-09-18T02:25:28.274036+05:30,2026-09-18_0225IST,airline_direct,IndiGo
MAA,DEL,6E,IndiGo,6E 6815,2026-10-18,30,economy,,,9857.0,False,08:55,ok,2026-09-18T02:25:28.274036+05:30,2026-09-18_0225IST,airline_direct,IndiGo
MAA,DEL,6E,IndiGo,6E 6892,2026-10-18,30,business,,,29704.0,False,10:55,ok,2026-09-18T02:25:28.274036+05:30,2026-09-18_0225IST,airline_direct,IndiGo
MAA,DEL,6E,IndiGo,6E 6892,2026-10-18,30,economy,,,9857.0,False,10:55,ok,2026-09-18T02:25:28.274036+05:30,2026-09-18_0225IST,airline_direct,IndiGo
MAA,DEL,6E,IndiGo,6E 6892,2026-10-18,30,business,,,29704.0,False,10:55,ok,2026-09-18T02:25:28.274036+05:30,2026-09-18_0225IST,airline_direct,IndiGo
MAA,DEL,6E,IndiGo,6E 6892,2026-10-18,30,economy,,,9857.0,False,10:55,ok,2026-09-18T02:25:28.274036+05:30,2026-09-18_0225IST,airline_direct,IndiGo
MAA,DEL,6E,IndiGo,6E 6209,2026-10-18,30,business,,,29704.0,False,14:35,ok,2026-09-18T02:25:28.274036+05:30,2026-09-18_0225IST,airline_direct,IndiGo
MAA,DEL,6E,IndiGo,6E 6209,2026-10-18,30,economy,,,9857.0,False,14:35,ok,2026-09-18T02:25:28.274036+05:30,2026-09-18_0225IST,airline_direct,IndiGo
MAA,DEL,6E,IndiGo,6E 6209,2026-10-18,30,business,,,29704.0,False,14:35,ok,2026-09-18T02:25:28.274036+05:30,2026-09-18_0225IST,airline_direct,IndiGo
MAA,DEL,6E,IndiGo,6E 6209,2026-10-18,30,economy,,,9857.0,False,14:35,ok,2026-09-18T02:25:28.274036+05:30,2026-09-18_0225IST,airline_direct,IndiGo
MAA,DEL,6E,IndiGo,6E 847,2026-10-18,30,business,,,30048.0,False,16:15,ok,2026-09-18T02:25:28.274036+05:30,2026-09-18_0225IST,airline_direct,IndiGo
MAA,DEL,6E,IndiGo,6E 847,2026-10-18,30,economy,,,9857.0,False,16:15,ok,2026-09-18T02:25:28.274036+05:30,2026-09-18_0225IST,airline_direct,IndiGo
MAA,DEL,6E,IndiGo,6E 189,2026-10-18,30,business,,,29704.0,False,19:05,ok,2026-09-18T02:25:28.274036+05:30,2026-09-18_0225IST,airline_direct,IndiGo
MAA,DEL,6E,IndiGo,6E 189,2026-10-18,30,economy,,,9857.0,False,19:05,ok,2026-09-18T02:25:28.274036+05:30,2026-09-18_0225IST,airline_direct,IndiGo
MAA,DEL,6E,IndiGo,6E 6812,2026-10-18,30,economy,,,9857.0,False,20:00,ok,2026-09-18T02:25:28.274036+05:30,2026-09-18_0225IST,airline_direct,IndiGo
MAA,DEL,6E,IndiGo,6E 796,2026-10-18,30,business,,,29704.0,False,22:00,ok,2026-09-18T02:25:28.274036+05:30,2026-09-18_0225IST,airline_direct,IndiGo
MAA,DEL,6E,IndiGo,6E 796,2026-10-18,30,economy,,,9857.0,False,22:00,ok,2026-09-18T02:25:28.274036+05:30,2026-09-18_0225IST,airline_direct,IndiGo
MAA,DEL,6E,IndiGo,6E 6140,2026-10-18,30,business,,,29944.0,False,02:30,ok,2026-09-18T02:25:28.274036+05:30,2026-09-18_0225IST,airline_direct,IndiGo
MAA,DEL,6E,IndiGo,6E 6140,2026-10-18,30,economy,,,9988.0,False,02:30,ok,2026-09-18T02:25:28.274036+05:30,2026-09-18_0225IST,airline_direct,IndiGo
MAA,DEL,6E,IndiGo,6E 6140,2026-10-18,30,business,,,29944.0,False,02:30,ok,2026-09-18T02:25:28.274036+05:30,2026-09-18_0225IST,airline_direct,IndiGo
MAA,DEL,6E,IndiGo,6E 6140,2026-10-18,30,economy,,,9988.0,False,02:30,ok,2026-09-18T02:25:28.274036+05:30,2026-09-18_0225IST,airline_direct,IndiGo
MAA,DEL,6E,IndiGo,6E 5093,2026-10-18,30,business,,,35375.0,False,05:00,ok,2026-09-18T02:25:28.274036+05:30,2026-09-18_0225IST,airline_direct,IndiGo
MAA,DEL,6E,IndiGo,6E 5093,2026-10-18,30,economy,,,9988.0,False,05:00,ok,2026-09-18T02:25:28.274036+05:30,2026-09-18_0225IST,airline_direct,IndiGo
MAA,DEL,6E,IndiGo,6E 6348,2026-10-18,30,business,,,35375.0,False,09:00,ok,2026-09-18T02:25:28.274036+05:30,2026-09-18_0225IST,airline_direct,IndiGo
MAA,DEL,6E,IndiGo,6E 6348,2026-10-18,30,economy,,,9988.0,False,09:00,ok,2026-09-18T02:25:28.274036+05:30,2026-09-18_0225IST,airline_direct,IndiGo
MAA,DEL,6E,IndiGo,6E 5214,2026-10-18,30,business,,,35375.0,False,11:00,ok,2026-09-18T02:25:28.274036+05:30,2026-09-18_0225IST,airline_direct,IndiGo
MAA,DEL,6E,IndiGo,6E 5214,2026-10-18,30,economy,,,9988.0,False,11:00,ok,2026-09-18T02:25:28.274036+05:30,2026-09-18_0225IST,airline_direct,IndiGo
MAA,DEL,6E,IndiGo,6E 5258,2026-10-18,30,business,,,35375.0,False,12:45,ok,2026-09-18T02:25:28.274036+05:30,2026-09-18_0225IST,airline_direct,IndiGo
MAA,DEL,6E,IndiGo,6E 5258,2026-10-18,30,economy,,,9988.0,False,12:45,ok,2026-09-18T02:25:28.274036+05:30,2026-09-18_0225IST,airline_direct,IndiGo
MAA,DEL,6E,IndiGo,6E 5371,2026-10-18,30,business,,,35375.0,False,14:45,ok,2026-09-18T02:25:28.274036+05:30,2026-09-18_0225IST,airline_direct,IndiGo
MAA,DEL,6E,IndiGo,6E 5371,2026-10-18,30,economy,,,9988.0,False,14:45,ok,2026-09-18T02:25:28.274036+05:30,2026-09-18_0225IST,airline_direct,IndiGo
MAA,DEL,6E,IndiGo,6E 588,2026-10-18,30,business,,,35301.0,False,17:40,ok,2026-09-18T02:25:28.274036+05:30,2026-09-18_0225IST,airline_direct,IndiGo
MAA,DEL,6E,IndiGo,6E 588,2026-10-18,30,economy,,,9988.0,False,17:40,ok,2026-09-18T02:25:28.274036+05:30,2026-09-18_0225IST,airline_direct,IndiGo
MAA,DEL,6E,IndiGo,6E 6225,2026-10-18,30,business,,,35375.0,False,22:30,ok,2026-09-18T02:25:28.274036+05:30,2026-09-18_0225IST,airline_direct,IndiGo
MAA,DEL,6E,IndiGo,6E 6225,2026-10-18,30,economy,,,9988.0,False,22:30,ok,2026-09-18T02:25:28.274036+05:30,2026-09-18_0225IST,airline_direct,IndiGo
MAA,DEL,6E,IndiGo,6E 597,2026-10-18,30,economy,,,10146.0,False,17:45,ok,2026-09-18T02:25:28.274036+05:30,2026-09-18_0225IST,airline_direct,IndiGo
MAA,DEL,6E,IndiGo,6E 6113,2026-10-18,30,economy,,,11576.0,False,17:00,ok,2026-09-18T02:25:28.274036+05:30,2026-09-18_0225IST,airline_direct,IndiGo
MAA,DEL,6E,IndiGo,6E 6079,2026-10-18,30,economy,,,11747.0,False,10:15,ok,2026-09-18T02:25:28.274036+05:30,2026-09-18_0225IST,airline_direct,IndiGo
MAA,DEL,6E,IndiGo,6E 848,2026-10-18,30,economy,,,12902.0,False,17:50,ok,2026-09-18T02:25:28.274036+05:30,2026-09-18_0225IST,airline_direct,IndiGo
MAA,DEL,6E,IndiGo,6E 539,2026-10-18,30,economy,,,13277.0,False,11:25,ok,2026-09-18T02:25:28.274036+05:30,2026-09-18_0225IST,airline_direct,IndiGo
MAA,DEL,6E,IndiGo,6E 5367,2026-10-18,30,business,,,35375.0,False,18:15,ok,2026-09-18T02:25:28.274036+05:30,2026-09-18_0225IST,airline_direct,IndiGo
MAA,DEL,6E,IndiGo,6E 5367,2026-10-18,30,economy,,,13487.0,False,18:15,ok,2026-09-18T02:25:28.274036+05:30,2026-09-18_0225IST,airline_direct,IndiGo
MAA,DEL,6E,IndiGo,6E 401,2026-10-18,30,economy,,,14373.0,False,08:10,ok,2026-09-18T02:25:28.274036+05:30,2026-09-18_0225IST,airline_direct,IndiGo
MAA,DEL,6E,IndiGo,6E 6348,2026-10-18,30,business,,,35375.0,False,09:00,ok,2026-09-18T02:25:28.274036+05:30,2026-09-18_0225IST,airline_direct,IndiGo
MAA,DEL,6E,IndiGo,6E 6348,2026-10-18,30,economy,,,14756.0,False,09:00,ok,2026-09-18T02:25:28.274036+05:30,2026-09-18_0225IST,airline_direct,IndiGo
MAA,DEL,6E,IndiGo,6E 606,2026-10-18,30,economy,,,18557.0,False,18:05,ok,2026-09-18T02:25:28.274036+05:30,2026-09-18_0225IST,airline_direct,IndiGo
MAA,DEL,6E,IndiGo,6E 6925,2026-10-18,30,business,,,34424.0,False,12:00,ok,2026-09-18T02:25:28.274036+05:30,2026-09-18_0225IST,airline_direct,IndiGo
MAA,DEL,6E,IndiGo,6E 6925,2026-10-18,30,economy,,,21970.0,False,12:00,ok,2026-09-18T02:25:28.274036+05:30,2026-09-18_0225IST,airline_direct,IndiGo
MAA,DEL,6E,IndiGo,6E 264,2026-10-18,30,business,,,32810.0,False,23:20,ok,2026-09-18T02:25:28.274036+05:30,2026-09-18_0225IST,airline_direct,IndiGo
MAA,DEL,6E,IndiGo,6E 264,2026-10-18,30,economy,,,27849.0,False,23:20,ok,2026-09-18T02:25:28.274036+05:30,2026-09-18_0225IST,airline_direct,IndiGo
MAA,DEL,6E,IndiGo,6E 986,2026-10-18,30,business,,,35170.0,False,15:05,ok,2026-09-18T02:25:28.274036+05:30,2026-09-18_0225IST,airline_direct,IndiGo
MAA,DEL,6E,IndiGo,6E 986,2026-10-18,30,economy,,,28531.0,False,15:05,ok,2026-09-18T02:25:28.274036+05:30,2026-09-18_0225IST,airline_direct,IndiGo
MAA,DEL,6E,IndiGo,6E 321,2026-10-18,30,business,,,48339.0,False,08:20,ok,2026-09-18T02:25:28.274036+05:30,2026-09-18_0225IST,airline_direct,IndiGo
MAA,DEL,6E,IndiGo,6E 321,2026-10-18,30,economy,,,32311.0,False,08:20,ok,2026-09-18T02:25:28.274036+05:30,2026-09-18_0225IST,airline_direct,IndiGo
DEL,BOM,6E,IndiGo,6E 353,2026-10-03,15,business,,,21900.0,False,03:00,ok,2026-09-18T02:26:39.650262+05:30,2026-09-18_0226IST,airline_direct,IndiGo
DEL,BOM,6E,IndiGo,6E 353,2026-10-03,15,economy,,,6305.0,False,03:00,ok,2026-09-18T02:26:39.650262+05:30,2026-09-18_0226IST,airline_direct,IndiGo
DEL,BOM,6E,IndiGo,6E 449,2026-10-03,15,business,,,21900.0,False,05:00,ok,2026-09-18T02:26:39.650262+05:30,2026-09-18_0226IST,airline_direct,IndiGo
DEL,BOM,6E,IndiGo,6E 449,2026-10-03,15,economy,,,6305.0,False,05:00,ok,2026-09-18T02:26:39.650262+05:30,2026-09-18_0226IST,airline_direct,IndiGo
DEL,BOM,6E,IndiGo,6E 6218,2026-10-03,15,business,,,21900.0,False,06:05,ok,2026-09-18T02:26:39.650262+05:30,2026-09-18_0226IST,airline_direct,IndiGo
DEL,BOM,6E,IndiGo,6E 6218,2026-10-03,15,economy,,,6305.0,False,06:05,ok,2026-09-18T02:26:39.650262+05:30,2026-09-18_0226IST,airline_direct,IndiGo
DEL,BOM,6E,IndiGo,6E 320,2026-10-03,15,business,,,21900.0,False,08:00,ok,2026-09-18T02:26:39.650262+05:30,2026-09-18_0226IST,airline_direct,IndiGo
DEL,BOM,6E,IndiGo,6E 320,2026-10-03,15,economy,,,6305.0,False,08:00,ok,2026-09-18T02:26:39.650262+05:30,2026-09-18_0226IST,airline_direct,IndiGo
DEL,BOM,6E,IndiGo,6E 675,2026-10-03,15,business,,,21900.0,False,08:45,ok,2026-09-18T02:26:39.650262+05:30,2026-09-18_0226IST,airline_direct,IndiGo
DEL,BOM,6E,IndiGo,6E 675,2026-10-03,15,economy,,,6305.0,False,08:45,ok,2026-09-18T02:26:39.650262+05:30,2026-09-18_0226IST,airline_direct,IndiGo
DEL,BOM,6E,IndiGo,6E 6107,2026-10-03,15,business,,,21900.0,False,09:30,ok,2026-09-18T02:26:39.650262+05:30,2026-09-18_0226IST,airline_direct,IndiGo
DEL,BOM,6E,IndiGo,6E 6107,2026-10-03,15,economy,,,6305.0,False,09:30,ok,2026-09-18T02:26:39.650262+05:30,2026-09-18_0226IST,airline_direct,IndiGo
DEL,BOM,6E,IndiGo,6E 6328,2026-10-03,15,business,,,21900.0,False,10:15,ok,2026-09-18T02:26:39.650262+05:30,2026-09-18_0226IST,airline_direct,IndiGo
DEL,BOM,6E,IndiGo,6E 6328,2026-10-03,15,economy,,,6305.0,False,10:15,ok,2026-09-18T02:26:39.650262+05:30,2026-09-18_0226IST,airline_direct,IndiGo
DEL,BOM,6E,IndiGo,6E 6047,2026-10-03,15,business,,,21900.0,False,11:00,ok,2026-09-18T02:26:39.650262+05:30,2026-09-18_0226IST,airline_direct,IndiGo
DEL,BOM,6E,IndiGo,6E 6047,2026-10-03,15,economy,,,6305.0,False,11:00,ok,2026-09-18T02:26:39.650262+05:30,2026-09-18_0226IST,airline_direct,IndiGo
DEL,BOM,6E,IndiGo,6E 6676,2026-10-03,15,business,,,21900.0,False,12:00,ok,2026-09-18T02:26:39.650262+05:30,2026-09-18_0226IST,airline_direct,IndiGo
DEL,BOM,6E,IndiGo,6E 6676,2026-10-03,15,economy,,,6305.0,False,12:00,ok,2026-09-18T02:26:39.650262+05:30,2026-09-18_0226IST,airline_direct,IndiGo
DEL,BOM,6E,IndiGo,6E 324,2026-10-03,15,business,,,21900.0,False,13:00,ok,2026-09-18T02:26:39.650262+05:30,2026-09-18_0226IST,airline_direct,IndiGo
DEL,BOM,6E,IndiGo,6E 324,2026-10-03,15,economy,,,6305.0,False,13:00,ok,2026-09-18T02:26:39.650262+05:30,2026-09-18_0226IST,airline_direct,IndiGo
DEL,BOM,6E,IndiGo,6E 6022,2026-10-03,15,business,,,21900.0,False,14:00,ok,2026-09-18T02:26:39.650262+05:30,2026-09-18_0226IST,airline_direct,IndiGo
DEL,BOM,6E,IndiGo,6E 6022,2026-10-03,15,economy,,,6305.0,False,14:00,ok,2026-09-18T02:26:39.650262+05:30,2026-09-18_0226IST,airline_direct,IndiGo
DEL,BOM,6E,IndiGo,6E 6318,2026-10-03,15,business,,,21900.0,False,14:45,ok,2026-09-18T02:26:39.650262+05:30,2026-09-18_0226IST,airline_direct,IndiGo
DEL,BOM,6E,IndiGo,6E 6318,2026-10-03,15,economy,,,6305.0,False,14:45,ok,2026-09-18T02:26:39.650262+05:30,2026-09-18_0226IST,airline_direct,IndiGo
DEL,BOM,6E,IndiGo,6E 864,2026-10-03,15,business,,,21900.0,False,15:30,ok,2026-09-18T02:26:39.650262+05:30,2026-09-18_0226IST,airline_direct,IndiGo
DEL,BOM,6E,IndiGo,6E 864,2026-10-03,15,economy,,,6305.0,False,15:30,ok,2026-09-18T02:26:39.650262+05:30,2026-09-18_0226IST,airline_direct,IndiGo
DEL,BOM,6E,IndiGo,6E 327,2026-10-03,15,business,,,21900.0,False,16:15,ok,2026-09-18T02:26:39.650262+05:30,2026-09-18_0226IST,airline_direct,IndiGo
DEL,BOM,6E,IndiGo,6E 327,2026-10-03,15,economy,,,6305.0,False,16:15,ok,2026-09-18T02:26:39.650262+05:30,2026-09-18_0226IST,airline_direct,IndiGo
DEL,BOM,6E,IndiGo,6E 6706,2026-10-03,15,business,,,21900.0,False,17:00,ok,2026-09-18T02:26:39.650262+05:30,2026-09-18_0226IST,airline_direct,IndiGo
DEL,BOM,6E,IndiGo,6E 6706,2026-10-03,15,economy,,,6305.0,False,17:00,ok,2026-09-18T02:26:39.650262+05:30,2026-09-18_0226IST,airline_direct,IndiGo
DEL,BOM,6E,IndiGo,6E 303,2026-10-03,15,business,,,21900.0,False,20:00,ok,2026-09-18T02:26:39.650262+05:30,2026-09-18_0226IST,airline_direct,IndiGo
DEL,BOM,6E,IndiGo,6E 303,2026-10-03,15,economy,,,6305.0,False,20:00,ok,2026-09-18T02:26:39.650262+05:30,2026-09-18_0226IST,airline_direct,IndiGo
DEL,BOM,6E,IndiGo,6E 853,2026-10-03,15,business,,,21900.0,False,20:45,ok,2026-09-18T02:26:39.650262+05:30,2026-09-18_0226IST,airline_direct,IndiGo
DEL,BOM,6E,IndiGo,6E 853,2026-10-03,15,economy,,,6305.0,False,20:45,ok,2026-09-18T02:26:39.650262+05:30,2026-09-18_0226IST,airline_direct,IndiGo
DEL,BOM,6E,IndiGo,6E 395,2026-10-03,15,business,,,21900.0,False,21:45,ok,2026-09-18T02:26:39.650262+05:30,2026-09-18_0226IST,airline_direct,IndiGo
DEL,BOM,6E,IndiGo,6E 395,2026-10-03,15,economy,,,6305.0,False,21:45,ok,2026-09-18T02:26:39.650262+05:30,2026-09-18_0226IST,airline_direct,IndiGo
DEL,BOM,6E,IndiGo,6E 6114,2026-10-03,15,business,,,21900.0,False,22:45,ok,2026-09-18T02:26:39.650262+05:30,2026-09-18_0226IST,airline_direct,IndiGo
DEL,BOM,6E,IndiGo,6E 6114,2026-10-03,15,economy,,,6305.0,False,22:45,ok,2026-09-18T02:26:39.650262+05:30,2026-09-18_0226IST,airline_direct,IndiGo
DEL,BOM,6E,IndiGo,6E 322,2026-10-03,15,business,,,21900.0,False,23:30,ok,2026-09-18T02:26:39.650262+05:30,2026-09-18_0226IST,airline_direct,IndiGo
DEL,BOM,6E,IndiGo,6E 322,2026-10-03,15,economy,,,6305.0,False,23:30,ok,2026-09-18T02:26:39.650262+05:30,2026-09-18_0226IST,airline_direct,IndiGo
DEL,BOM,6E,IndiGo,6E 354,2026-10-03,15,business,,,21900.0,False,19:00,ok,2026-09-18T02:26:39.650262+05:30,2026-09-18_0226IST,airline_direct,IndiGo
DEL,BOM,6E,IndiGo,6E 354,2026-10-03,15,economy,,,6357.0,False,19:00,ok,2026-09-18T02:26:39.650262+05:30,2026-09-18_0226IST,airline_direct,IndiGo
DEL,BOM,6E,IndiGo,6E 329,2026-10-03,15,business,,,26083.0,False,18:00,ok,2026-09-18T02:26:39.650262+05:30,2026-09-18_0226IST,airline_direct,IndiGo
DEL,BOM,6E,IndiGo,6E 329,2026-10-03,15,economy,,,7318.0,False,18:00,ok,2026-09-18T02:26:39.650262+05:30,2026-09-18_0226IST,airline_direct,IndiGo
DEL,BOM,6E,IndiGo,6E 6814,2026-10-03,15,business,,,26083.0,False,07:15,ok,2026-09-18T02:26:39.650262+05:30,2026-09-18_0226IST,airline_direct,IndiGo
DEL,BOM,6E,IndiGo,6E 6814,2026-10-03,15,economy,,,7685.0,False,07:15,ok,2026-09-18T02:26:39.650262+05:30,2026-09-18_0226IST,airline_direct,IndiGo
DEL,BOM,6E,IndiGo,6E 2331,2026-10-03,15,economy,,,6090.0,False,12:20,ok,2026-09-18T02:26:39.650262+05:30,2026-09-18_0226IST,airline_direct,IndiGo
DEL,BOM,6E,IndiGo,6E 2341,2026-10-03,15,economy,,,6090.0,False,14:50,ok,2026-09-18T02:26:39.650262+05:30,2026-09-18_0226IST,airline_direct,IndiGo
DEL,BOM,6E,IndiGo,6E 6569,2026-10-03,15,economy,,,6222.0,False,05:00,ok,2026-09-18T02:26:39.650262+05:30,2026-09-18_0226IST,airline_direct,IndiGo
DEL,BOM,6E,IndiGo,6E 6459,2026-10-03,15,economy,,,6222.0,False,05:55,ok,2026-09-18T02:26:39.650262+05:30,2026-09-18_0226IST,airline_direct,IndiGo
DEL,BOM,6E,IndiGo,6E 6443,2026-10-03,15,economy,,,6222.0,False,09:00,ok,2026-09-18T02:26:39.650262+05:30,2026-09-18_0226IST,airline_direct,IndiGo
DEL,BOM,6E,IndiGo,6E 6488,2026-10-03,15,economy,,,6222.0,False,11:20,ok,2026-09-18T02:26:39.650262+05:30,2026-09-18_0226IST,airline_direct,IndiGo
DEL,BOM,6E,IndiGo,6E 2249,2026-10-03,15,economy,,,6222.0,False,15:00,ok,2026-09-18T02:26:39.650262+05:30,2026-09-18_0226IST,airline_direct,IndiGo
DEL,BOM,6E,IndiGo,6E 6829,2026-10-03,15,economy,,,6222.0,False,17:20,ok,2026-09-18T02:26:39.650262+05:30,2026-09-18_0226IST,airline_direct,IndiGo
DEL,BOM,6E,IndiGo,6E 6829,2026-10-03,15,economy,,,6222.0,False,17:20,ok,2026-09-18T02:26:39.650262+05:30,2026-09-18_0226IST,airline_direct,IndiGo
DEL,BOM,6E,IndiGo,6E 5138,2026-10-03,15,economy,,,6222.0,False,19:10,ok,2026-09-18T02:26:39.650262+05:30,2026-09-18_0226IST,airline_direct,IndiGo
DEL,BOM,6E,IndiGo,6E 2169,2026-10-03,15,economy,,,6222.0,False,19:20,ok,2026-09-18T02:26:39.650262+05:30,2026-09-18_0226IST,airline_direct,IndiGo
DEL,BOM,6E,IndiGo,6E 6050,2026-10-03,15,economy,,,6300.0,False,08:15,ok,2026-09-18T02:26:39.650262+05:30,2026-09-18_0226IST,airline_direct,IndiGo
DEL,BOM,6E,IndiGo,6E 5038,2026-10-03,15,economy,,,6300.0,False,14:00,ok,2026-09-18T02:26:39.650262+05:30,2026-09-18_0226IST,airline_direct,IndiGo
DEL,BOM,6E,IndiGo,6E 2151,2026-10-03,15,economy,,,6300.0,False,19:45,ok,2026-09-18T02:26:39.650262+05:30,2026-09-18_0226IST,airline_direct,IndiGo
DEL,BOM,6E,IndiGo,6E 6479,2026-10-03,15,economy,,,6300.0,False,21:25,ok,2026-09-18T02:26:39.650262+05:30,2026-09-18_0226IST,airline_direct,IndiGo
DEL,BOM,6E,IndiGo,6E 705,2026-10-03,15,business,,,29617.0,False,08:30,ok,2026-09-18T02:26:39.650262+05:30,2026-09-18_0226IST,airline_direct,IndiGo
DEL,BOM,6E,IndiGo,6E 705,2026-10-03,15,economy,,,6432.0,False,08:30,ok,2026-09-18T02:26:39.650262+05:30,2026-09-18_0226IST,airline_direct,IndiGo
DEL,BOM,6E,IndiGo,6E 6293,2026-10-03,15,business,,,29617.0,False,09:55,ok,2026-09-18T02:26:39.650262+05:30,2026-09-18_0226IST,airline_direct,IndiGo
DEL,BOM,6E,IndiGo,6E 6293,2026-10-03,15,economy,,,6432.0,False,09:55,ok,2026-09-18T02:26:39.650262+05:30,2026-09-18_0226IST,airline_direct,IndiGo
DEL,BOM,6E,IndiGo,6E 2381,2026-10-03,15,economy,,,6432.0,False,13:45,ok,2026-09-18T02:26:39.650262+05:30,2026-09-18_0226IST,airline_direct,IndiGo
DEL,BOM,6E,IndiGo,6E 717,2026-10-03,15,business,,,29617.0,False,17:55,ok,2026-09-18T02:26:39.650262+05:30,2026-09-18_0226IST,airline_direct,IndiGo
DEL,BOM,6E,IndiGo,6E 717,2026-10-03,15,economy,,,6432.0,False,17:55,ok,2026-09-18T02:26:39.650262+05:30,2026-09-18_0226IST,airline_direct,IndiGo
DEL,BOM,6E,IndiGo,6E 6497,2026-10-03,15,economy,,,6432.0,False,18:40,ok,2026-09-18T02:26:39.650262+05:30,2026-09-18_0226IST,airline_direct,IndiGo
DEL,BOM,6E,IndiGo,6E 6601,2026-10-03,15,business,,,29617.0,False,19:45,ok,2026-09-18T02:26:39.650262+05:30,2026-09-18_0226IST,airline_direct,IndiGo
DEL,BOM,6E,IndiGo,6E 6601,2026-10-03,15,economy,,,6432.0,False,19:45,ok,2026-09-18T02:26:39.650262+05:30,2026-09-18_0226IST,airline_direct,IndiGo
DEL,BOM,6E,IndiGo,6E 882,2026-10-03,15,business,,,26583.0,False,23:15,ok,2026-09-18T02:26:39.650262+05:30,2026-09-18_0226IST,airline_direct,IndiGo
DEL,BOM,6E,IndiGo,6E 882,2026-10-03,15,economy,,,6432.0,False,23:15,ok,2026-09-18T02:26:39.650262+05:30,2026-09-18_0226IST,airline_direct,IndiGo
DEL,BOM,6E,IndiGo,6E 357,2026-10-03,15,business,,,36733.0,False,19:30,ok,2026-09-18T02:26:39.650262+05:30,2026-09-18_0226IST,airline_direct,IndiGo
DEL,BOM,6E,IndiGo,6E 357,2026-10-03,15,economy,,,6510.0,False,19:30,ok,2026-09-18T02:26:39.650262+05:30,2026-09-18_0226IST,airline_direct,IndiGo
DEL,BOM,6E,IndiGo,6E 6261,2026-10-03,15,economy,,,6562.0,False,00:15,ok,2026-09-18T02:26:39.650262+05:30,2026-09-18_0226IST,airline_direct,IndiGo
DEL,BOM,6E,IndiGo,6E 5119,2026-10-03,15,economy,,,6562.0,False,05:10,ok,2026-09-18T02:26:39.650262+05:30,2026-09-18_0226IST,airline_direct,IndiGo
DEL,BOM,6E,IndiGo,6E 5119,2026-10-03,15,economy,,,6562.0,False,05:10,ok,2026-09-18T02:26:39.650262+05:30,2026-09-18_0226IST,airline_direct,IndiGo
DEL,BOM,6E,IndiGo,6E 6171,2026-10-03,15,economy,,,6562.0,False,05:40,ok,2026-09-18T02:26:39.650262+05:30,2026-09-18_0226IST,airline_direct,IndiGo
DEL,BOM,6E,IndiGo,6E 2076,2026-10-03,15,economy,,,6562.0,False,07:30,ok,2026-09-18T02:26:39.650262+05:30,2026-09-18_0226IST,airline_direct,IndiGo
DEL,BOM,6E,IndiGo,6E 6454,2026-10-03,15,economy,,,6562.0,False,13:50,ok,2026-09-18T02:26:39.650262+05:30,2026-09-18_0226IST,airline_direct,IndiGo
DEL,BOM,6E,IndiGo,6E 5073,2026-10-03,15,economy,,,6562.0,False,17:05,ok,2026-09-18T02:26:39.650262+05:30,2026-09-18_0226IST,airline_direct,IndiGo
DEL,BOM,6E,IndiGo,6E 5073,2026-10-03,15,economy,,,6562.0,False,17:05,ok,2026-09-18T02:26:39.650262+05:30,2026-09-18_0226IST,airline_direct,IndiGo
DEL,BOM,6E,IndiGo,6E 5014,2026-10-03,15,economy,,,6562.0,False,18:30,ok,2026-09-18T02:26:39.650262+05:30,2026-09-18_0226IST,airline_direct,IndiGo
DEL,BOM,6E,IndiGo,6E 931,2026-10-03,15,economy,,,6562.0,False,19:30,ok,2026-09-18T02:26:39.650262+05:30,2026-09-18_0226IST,airline_direct,IndiGo
DEL,BOM,6E,IndiGo,6E 2013,2026-10-03,15,economy,,,6562.0,False,21:50,ok,2026-09-18T02:26:39.650262+05:30,2026-09-18_0226IST,airline_direct,IndiGo
DEL,BOM,6E,IndiGo,6E 6433,2026-10-03,15,economy,,,6693.0,False,16:30,ok,2026-09-18T02:26:39.650262+05:30,2026-09-18_0226IST,airline_direct,IndiGo
DEL,BOM,6E,IndiGo,6E 758,2026-10-03,15,economy,,,6772.0,False,16:10,ok,2026-09-18T02:26:39.650262+05:30,2026-09-18_0226IST,airline_direct,IndiGo
DEL,BOM,6E,IndiGo,6E 704,2026-10-03,15,business,,,29617.0,False,02:25,ok,2026-09-18T02:26:39.650262+05:30,2026-09-18_0226IST,airline_direct,IndiGo
DEL,BOM,6E,IndiGo,6E 704,2026-10-03,15,economy,,,6903.0,False,02:25,ok,2026-09-18T02:26:39.650262+05:30,2026-09-18_0226IST,airline_direct,IndiGo
DEL,BOM,6E,IndiGo,6E 2147,2026-10-03,15,economy,,,7290.0,False,11:10,ok,2026-09-18T02:26:39.650262+05:30,2026-09-18_0226IST,airline_direct,IndiGo
DEL,BOM,6E,IndiGo,6E 2113,2026-10-03,15,economy,,,7290.0,False,13:20,ok,2026-09-18T02:26:39.650262+05:30,2026-09-18_0226IST,airline_direct,IndiGo
DEL,BOM,6E,IndiGo,6E 6282,2026-10-03,15,business,,,29617.0,False,13:30,ok,2026-09-18T02:26:39.650262+05:30,2026-09-18_0226IST,airline_direct,IndiGo
DEL,BOM,6E,IndiGo,6E 6282,2026-10-03,15,economy,,,7422.0,False,13:30,ok,2026-09-18T02:26:39.650262+05:30,2026-09-18_0226IST,airline_direct,IndiGo
DEL,BOM,6E,IndiGo,6E 6212,2026-10-03,15,business,,,29617.0,False,14:45,ok,2026-09-18T02:26:39.650262+05:30,2026-09-18_0226IST,airline_direct,IndiGo
DEL,BOM,6E,IndiGo,6E 6212,2026-10-03,15,economy,,,7422.0,False,14:45,ok,2026-09-18T02:26:39.650262+05:30,2026-09-18_0226IST,airline_direct,IndiGo
DEL,BOM,6E,IndiGo,6E 6983,2026-10-03,15,economy,,,7650.0,False,15:35,ok,2026-09-18T02:26:39.650262+05:30,2026-09-18_0226IST,airline_direct,IndiGo
DEL,BOM,6E,IndiGo,6E 2496,2026-10-03,15,economy,,,8933.0,False,12:40,ok,2026-09-18T02:26:39.650262+05:30,2026-09-18_0226IST,airline_direct,IndiGo
DEL,BOM,6E,IndiGo,6E 358,2026-10-03,15,business,,,36522.0,False,12:10,ok,2026-09-18T02:26:39.650262+05:30,2026-09-18_0226IST,airline_direct,IndiGo
DEL,BOM,6E,IndiGo,6E 358,2026-10-03,15,economy,,,10974.0,False,12:10,ok,2026-09-18T02:26:39.650262+05:30,2026-09-18_0226IST,airline_direct,IndiGo
DEL,BOM,6E,IndiGo,6E 5298,2026-10-03,15,economy,,,13789.0,False,09:00,ok,2026-09-18T02:26:39.650262+05:30,2026-09-18_0226IST,airline_direct,IndiGo
DEL,BLR,6E,IndiGo,6E 820,2026-10-03,15,business,,,26048.0,False,03:00,ok,2026-09-18T02:27:52.007518+05:30,2026-09-18_0227IST,airline_direct,IndiGo
DEL,BLR,6E,IndiGo,6E 820,2026-10-03,15,economy,,,8671.0,False,03:00,ok,2026-09-18T02:27:52.007518+05:30,2026-09-18_0227IST,airline_direct,IndiGo
DEL,BLR,6E,IndiGo,6E 2314,2026-10-03,15,business,,,26048.0,False,05:45,ok,2026-09-18T02:27:52.007518+05:30,2026-09-18_0227IST,airline_direct,IndiGo
DEL,BLR,6E,IndiGo,6E 2314,2026-10-03,15,economy,,,8671.0,False,05:45,ok,2026-09-18T02:27:52.007518+05:30,2026-09-18_0227IST,airline_direct,IndiGo
DEL,BLR,6E,IndiGo,6E 810,2026-10-03,15,business,,,26048.0,False,07:05,ok,2026-09-18T02:27:52.007518+05:30,2026-09-18_0227IST,airline_direct,IndiGo
DEL,BLR,6E,IndiGo,6E 810,2026-10-03,15,economy,,,8671.0,False,07:05,ok,2026-09-18T02:27:52.007518+05:30,2026-09-18_0227IST,airline_direct,IndiGo
DEL,BLR,6E,IndiGo,6E 826,2026-10-03,15,business,,,26048.0,False,09:30,ok,2026-09-18T02:27:52.007518+05:30,2026-09-18_0227IST,airline_direct,IndiGo
DEL,BLR,6E,IndiGo,6E 826,2026-10-03,15,economy,,,8671.0,False,09:30,ok,2026-09-18T02:27:52.007518+05:30,2026-09-18_0227IST,airline_direct,IndiGo
DEL,BLR,6E,IndiGo,6E 880,2026-10-03,15,business,,,26048.0,False,15:45,ok,2026-09-18T02:27:52.007518+05:30,2026-09-18_0227IST,airline_direct,IndiGo
DEL,BLR,6E,IndiGo,6E 880,2026-10-03,15,economy,,,8671.0,False,15:45,ok,2026-09-18T02:27:52.007518+05:30,2026-09-18_0227IST,airline_direct,IndiGo
DEL,BLR,6E,IndiGo,6E 837,2026-10-03,15,business,,,26048.0,False,17:00,ok,2026-09-18T02:27:52.007518+05:30,2026-09-18_0227IST,airline_direct,IndiGo
DEL,BLR,6E,IndiGo,6E 837,2026-10-03,15,economy,,,8671.0,False,17:00,ok,2026-09-18T02:27:52.007518+05:30,2026-09-18_0227IST,airline_direct,IndiGo
DEL,BLR,6E,IndiGo,6E 861,2026-10-03,15,business,,,26048.0,False,19:30,ok,2026-09-18T02:27:52.007518+05:30,2026-09-18_0227IST,airline_direct,IndiGo
DEL,BLR,6E,IndiGo,6E 861,2026-10-03,15,economy,,,8671.0,False,19:30,ok,2026-09-18T02:27:52.007518+05:30,2026-09-18_0227IST,airline_direct,IndiGo
DEL,BLR,6E,IndiGo,6E 873,2026-10-03,15,business,,,26048.0,False,08:20,ok,2026-09-18T02:27:52.007518+05:30,2026-09-18_0227IST,airline_direct,IndiGo
DEL,BLR,6E,IndiGo,6E 873,2026-10-03,15,economy,,,9128.0,False,08:20,ok,2026-09-18T02:27:52.007518+05:30,2026-09-18_0227IST,airline_direct,IndiGo
DEL,BLR,6E,IndiGo,6E 842,2026-10-03,15,business,,,26048.0,False,10:45,ok,2026-09-18T02:27:52.007518+05:30,2026-09-18_0227IST,airline_direct,IndiGo
DEL,BLR,6E,IndiGo,6E 842,2026-10-03,15,economy,,,9128.0,False,10:45,ok,2026-09-18T02:27:52.007518+05:30,2026-09-18_0227IST,airline_direct,IndiGo
DEL,BLR,6E,IndiGo,6E 850,2026-10-03,15,business,,,26048.0,False,12:15,ok,2026-09-18T02:27:52.007518+05:30,2026-09-18_0227IST,airline_direct,IndiGo
DEL,BLR,6E,IndiGo,6E 850,2026-10-03,15,economy,,,9128.0,False,12:15,ok,2026-09-18T02:27:52.007518+05:30,2026-09-18_0227IST,airline_direct,IndiGo
DEL,BLR,6E,IndiGo,6E 846,2026-10-03,15,business,,,26048.0,False,22:00,ok,2026-09-18T02:27:52.007518+05:30,2026-09-18_0227IST,airline_direct,IndiGo
DEL,BLR,6E,IndiGo,6E 846,2026-10-03,15,economy,,,9128.0,False,22:00,ok,2026-09-18T02:27:52.007518+05:30,2026-09-18_0227IST,airline_direct,IndiGo
DEL,BLR,6E,IndiGo,6E 176,2026-10-03,15,business,,,26048.0,False,13:15,ok,2026-09-18T02:27:52.007518+05:30,2026-09-18_0227IST,airline_direct,IndiGo
DEL,BLR,6E,IndiGo,6E 176,2026-10-03,15,economy,,,9613.0,False,13:15,ok,2026-09-18T02:27:52.007518+05:30,2026-09-18_0227IST,airline_direct,IndiGo
DEL,BLR,6E,IndiGo,6E 811,2026-10-03,15,business,,,26048.0,False,18:20,ok,2026-09-18T02:27:52.007518+05:30,2026-09-18_0227IST,airline_direct,IndiGo
DEL,BLR,6E,IndiGo,6E 811,2026-10-03,15,economy,,,9613.0,False,18:20,ok,2026-09-18T02:27:52.007518+05:30,2026-09-18_0227IST,airline_direct,IndiGo
DEL,BLR,6E,IndiGo,6E 6515,2026-10-03,15,business,,,26048.0,False,20:45,ok,2026-09-18T02:27:52.007518+05:30,2026-09-18_0227IST,airline_direct,IndiGo
DEL,BLR,6E,IndiGo,6E 6515,2026-10-03,15,economy,,,9613.0,False,20:45,ok,2026-09-18T02:27:52.007518+05:30,2026-09-18_0227IST,airline_direct,IndiGo
DEL,BLR,6E,IndiGo,6E 828,2026-10-03,15,business,,,26048.0,False,14:30,ok,2026-09-18T02:27:52.007518+05:30,2026-09-18_0227IST,airline_direct,IndiGo
DEL,BLR,6E,IndiGo,6E 828,2026-10-03,15,economy,,,11873.0,False,14:30,ok,2026-09-18T02:27:52.007518+05:30,2026-09-18_0227IST,airline_direct,IndiGo
DEL,BLR,6E,IndiGo,6E 871,2026-10-03,15,business,,,26048.0,False,23:30,ok,2026-09-18T02:27:52.007518+05:30,2026-09-18_0227IST,airline_direct,IndiGo
DEL,BLR,6E,IndiGo,6E 871,2026-10-03,15,economy,,,11873.0,False,23:30,ok,2026-09-18T02:27:52.007518+05:30,2026-09-18_0227IST,airline_direct,IndiGo
DEL,BLR,6E,IndiGo,6E 704,2026-10-03,15,business,,,24908.0,False,02:25,ok,2026-09-18T02:27:52.007518+05:30,2026-09-18_0227IST,airline_direct,IndiGo
DEL,BLR,6E,IndiGo,6E 704,2026-10-03,15,economy,,,8360.0,False,02:25,ok,2026-09-18T02:27:52.007518+05:30,2026-09-18_0227IST,airline_direct,IndiGo
DEL,BLR,6E,IndiGo,6E 884,2026-10-03,15,business,,,25312.0,False,11:45,ok,2026-09-18T02:27:52.007518+05:30,2026-09-18_0227IST,airline_direct,IndiGo
DEL,BLR,6E,IndiGo,6E 884,2026-10-03,15,economy,,,8360.0,False,11:45,ok,2026-09-18T02:27:52.007518+05:30,2026-09-18_0227IST,airline_direct,IndiGo
DEL,BLR,6E,IndiGo,6E 2343,2026-10-03,15,business,,,31802.0,False,02:20,ok,2026-09-18T02:27:52.007518+05:30,2026-09-18_0227IST,airline_direct,IndiGo
DEL,BLR,6E,IndiGo,6E 2343,2026-10-03,15,economy,,,8491.0,False,02:20,ok,2026-09-18T02:27:52.007518+05:30,2026-09-18_0227IST,airline_direct,IndiGo
DEL,BLR,6E,IndiGo,6E 6569,2026-10-03,15,economy,,,8491.0,False,05:00,ok,2026-09-18T02:27:52.007518+05:30,2026-09-18_0227IST,airline_direct,IndiGo
DEL,BLR,6E,IndiGo,6E 5119,2026-10-03,15,economy,,,8491.0,False,05:10,ok,2026-09-18T02:27:52.007518+05:30,2026-09-18_0227IST,airline_direct,IndiGo
DEL,BLR,6E,IndiGo,6E 6459,2026-10-03,15,economy,,,8491.0,False,05:55,ok,2026-09-18T02:27:52.007518+05:30,2026-09-18_0227IST,airline_direct,IndiGo
DEL,BLR,6E,IndiGo,6E 6488,2026-10-03,15,economy,,,8491.0,False,11:20,ok,2026-09-18T02:27:52.007518+05:30,2026-09-18_0227IST,airline_direct,IndiGo
DEL,BLR,6E,IndiGo,6E 2361,2026-10-03,15,economy,,,8491.0,False,14:35,ok,2026-09-18T02:27:52.007518+05:30,2026-09-18_0227IST,airline_direct,IndiGo
DEL,BLR,6E,IndiGo,6E 990,2026-10-03,15,economy,,,8491.0,False,14:50,ok,2026-09-18T02:27:52.007518+05:30,2026-09-18_0227IST,airline_direct,IndiGo
DEL,BLR,6E,IndiGo,6E 2557,2026-10-03,15,economy,,,8491.0,False,15:20,ok,2026-09-18T02:27:52.007518+05:30,2026-09-18_0227IST,airline_direct,IndiGo
DEL,BLR,6E,IndiGo,6E 864,2026-10-03,15,business,,,34636.0,False,15:30,ok,2026-09-18T02:27:52.007518+05:30,2026-09-18_0227IST,airline_direct,IndiGo
DEL,BLR,6E,IndiGo,6E 864,2026-10-03,15,economy,,,8491.0,False,15:30,ok,2026-09-18T02:27:52.007518+05:30,2026-09-18_0227IST,airline_direct,IndiGo
DEL,BLR,6E,IndiGo,6E 734,2026-10-03,15,economy,,,8491.0,False,16:20,ok,2026-09-18T02:27:52.007518+05:30,2026-09-18_0227IST,airline_direct,IndiGo
DEL,BLR,6E,IndiGo,6E 5073,2026-10-03,15,economy,,,8491.0,False,17:05,ok,2026-09-18T02:27:52.007518+05:30,2026-09-18_0227IST,airline_direct,IndiGo
DEL,BLR,6E,IndiGo,6E 6829,2026-10-03,15,economy,,,8491.0,False,17:20,ok,2026-09-18T02:27:52.007518+05:30,2026-09-18_0227IST,airline_direct,IndiGo
DEL,BLR,6E,IndiGo,6E 329,2026-10-03,15,business,,,38235.0,False,18:00,ok,2026-09-18T02:27:52.007518+05:30,2026-09-18_0227IST,airline_direct,IndiGo
DEL,BLR,6E,IndiGo,6E 329,2026-10-03,15,economy,,,8491.0,False,18:00,ok,2026-09-18T02:27:52.007518+05:30,2026-09-18_0227IST,airline_direct,IndiGo
DEL,BLR,6E,IndiGo,6E 329,2026-10-03,15,business,,,38235.0,False,18:00,ok,2026-09-18T02:27:52.007518+05:30,2026-09-18_0227IST,airline_direct,IndiGo
DEL,BLR,6E,IndiGo,6E 329,2026-10-03,15,economy,,,8491.0,False,18:00,ok,2026-09-18T02:27:52.007518+05:30,2026-09-18_0227IST,airline_direct,IndiGo
DEL,BLR,6E,IndiGo,6E 6179,2026-10-03,15,economy,,,8491.0,False,18:30,ok,2026-09-18T02:27:52.007518+05:30,2026-09-18_0227IST,airline_direct,IndiGo
DEL,BLR,6E,IndiGo,6E 931,2026-10-03,15,economy,,,8491.0,False,19:30,ok,2026-09-18T02:27:52.007518+05:30,2026-09-18_0227IST,airline_direct,IndiGo
DEL,BLR,6E,IndiGo,6E 853,2026-10-03,15,business,,,34636.0,False,20:45,ok,2026-09-18T02:27:52.007518+05:30,2026-09-18_0227IST,airline_direct,IndiGo
DEL,BLR,6E,IndiGo,6E 853,2026-10-03,15,economy,,,8491.0,False,20:45,ok,2026-09-18T02:27:52.007518+05:30,2026-09-18_0227IST,airline_direct,IndiGo
DEL,BLR,6E,IndiGo,6E 6673,2026-10-03,15,business,,,26644.0,False,21:15,ok,2026-09-18T02:27:52.007518+05:30,2026-09-18_0227IST,airline_direct,IndiGo
DEL,BLR,6E,IndiGo,6E 6673,2026-10-03,15,economy,,,8491.0,False,21:15,ok,2026-09-18T02:27:52.007518+05:30,2026-09-18_0227IST,airline_direct,IndiGo
DEL,BLR,6E,IndiGo,6E 933,2026-10-03,15,economy,,,8570.0,False,02:55,ok,2026-09-18T02:27:52.007518+05:30,2026-09-18_0227IST,airline_direct,IndiGo
DEL,BLR,6E,IndiGo,6E 434,2026-10-03,15,economy,,,8570.0,False,11:00,ok,2026-09-18T02:27:52.007518+05:30,2026-09-18_0227IST,airline_direct,IndiGo
DEL,BLR,6E,IndiGo,6E 358,2026-10-03,15,business,,,33637.0,False,12:10,ok,2026-09-18T02:27:52.007518+05:30,2026-09-18_0227IST,airline_direct,IndiGo
DEL,BLR,6E,IndiGo,6E 358,2026-10-03,15,economy,,,8570.0,False,12:10,ok,2026-09-18T02:27:52.007518+05:30,2026-09-18_0227IST,airline_direct,IndiGo
DEL,BLR,6E,IndiGo,6E 6115,2026-10-03,15,economy,,,8570.0,False,13:10,ok,2026-09-18T02:27:52.007518+05:30,2026-09-18_0227IST,airline_direct,IndiGo
DEL,BLR,6E,IndiGo,6E 5038,2026-10-03,15,economy,,,8570.0,False,14:00,ok,2026-09-18T02:27:52.007518+05:30,2026-09-18_0227IST,airline_direct,IndiGo
DEL,BLR,6E,IndiGo,6E 6091,2026-10-03,15,economy,,,8570.0,False,15:15,ok,2026-09-18T02:27:52.007518+05:30,2026-09-18_0227IST,airline_direct,IndiGo
DEL,BLR,6E,IndiGo,6E 5033,2026-10-03,15,economy,,,8570.0,False,15:50,ok,2026-09-18T02:27:52.007518+05:30,2026-09-18_0227IST,airline_direct,IndiGo
DEL,BLR,6E,IndiGo,6E 947,2026-10-03,15,economy,,,8570.0,False,16:40,ok,2026-09-18T02:27:52.007518+05:30,2026-09-18_0227IST,airline_direct,IndiGo
DEL,BLR,6E,IndiGo,6E 6632,2026-10-03,15,economy,,,8570.0,False,17:50,ok,2026-09-18T02:27:52.007518+05:30,2026-09-18_0227IST,airline_direct,IndiGo
DEL,BLR,6E,IndiGo,6E 950,2026-10-03,15,economy,,,8570.0,False,18:15,ok,2026-09-18T02:27:52.007518+05:30,2026-09-18_0227IST,airline_direct,IndiGo
DEL,BLR,6E,IndiGo,6E 357,2026-10-03,15,business,,,34994.0,False,19:30,ok,2026-09-18T02:27:52.007518+05:30,2026-09-18_0227IST,airline_direct,IndiGo
DEL,BLR,6E,IndiGo,6E 357,2026-10-03,15,economy,,,8570.0,False,19:30,ok,2026-09-18T02:27:52.007518+05:30,2026-09-18_0227IST,airline_direct,IndiGo
DEL,BLR,6E,IndiGo,6E 6497,2026-10-03,15,economy,,,8701.0,False,18:40,ok,2026-09-18T02:27:52.007518+05:30,2026-09-18_0227IST,airline_direct,IndiGo
DEL,BLR,6E,IndiGo,6E 2482,2026-10-03,15,economy,,,8701.0,False,19:55,ok,2026-09-18T02:27:52.007518+05:30,2026-09-18_0227IST,airline_direct,IndiGo
DEL,BLR,6E,IndiGo,6E 754,2026-10-03,15,economy,,,8727.0,False,17:10,ok,2026-09-18T02:27:52.007518+05:30,2026-09-18_0227IST,airline_direct,IndiGo
DEL,BLR,6E,IndiGo,6E 5191,2026-10-03,15,economy,,,8911.0,False,05:00,ok,2026-09-18T02:27:52.007518+05:30,2026-09-18_0227IST,airline_direct,IndiGo
DEL,BLR,6E,IndiGo,6E 704,2026-10-03,15,business,,,24908.0,False,02:25,ok,2026-09-18T02:27:52.007518+05:30,2026-09-18_0227IST,airline_direct,IndiGo
DEL,BLR,6E,IndiGo,6E 704,2026-10-03,15,economy,,,9029.0,False,02:25,ok,2026-09-18T02:27:52.007518+05:30,2026-09-18_0227IST,airline_direct,IndiGo
DEL,BLR,6E,IndiGo,6E 705,2026-10-03,15,business,,,26251.0,False,08:30,ok,2026-09-18T02:27:52.007518+05:30,2026-09-18_0227IST,airline_direct,IndiGo
DEL,BLR,6E,IndiGo,6E 705,2026-10-03,15,economy,,,9029.0,False,08:30,ok,2026-09-18T02:27:52.007518+05:30,2026-09-18_0227IST,airline_direct,IndiGo
DEL,BLR,6E,IndiGo,6E 6293,2026-10-03,15,business,,,26251.0,False,09:55,ok,2026-09-18T02:27:52.007518+05:30,2026-09-18_0227IST,airline_direct,IndiGo
DEL,BLR,6E,IndiGo,6E 6293,2026-10-03,15,economy,,,9029.0,False,09:55,ok,2026-09-18T02:27:52.007518+05:30,2026-09-18_0227IST,airline_direct,IndiGo
DEL,BLR,6E,IndiGo,6E 6282,2026-10-03,15,business,,,25759.0,False,13:30,ok,2026-09-18T02:27:52.007518+05:30,2026-09-18_0227IST,airline_direct,IndiGo
DEL,BLR,6E,IndiGo,6E 6282,2026-10-03,15,economy,,,9029.0,False,13:30,ok,2026-09-18T02:27:52.007518+05:30,2026-09-18_0227IST,airline_direct,IndiGo
DEL,BLR,6E,IndiGo,6E 6212,2026-10-03,15,business,,,25312.0,False,14:45,ok,2026-09-18T02:27:52.007518+05:30,2026-09-18_0227IST,airline_direct,IndiGo
DEL,BLR,6E,IndiGo,6E 6212,2026-10-03,15,economy,,,9029.0,False,14:45,ok,2026-09-18T02:27:52.007518+05:30,2026-09-18_0227IST,airline_direct,IndiGo
DEL,BLR,6E,IndiGo,6E 6217,2026-10-03,15,business,,,25312.0,False,16:15,ok,2026-09-18T02:27:52.007518+05:30,2026-09-18_0227IST,airline_direct,IndiGo
DEL,BLR,6E,IndiGo,6E 6217,2026-10-03,15,economy,,,9029.0,False,16:15,ok,2026-09-18T02:27:52.007518+05:30,2026-09-18_0227IST,airline_direct,IndiGo
DEL,BLR,6E,IndiGo,6E 717,2026-10-03,15,business,,,25759.0,False,17:55,ok,2026-09-18T02:27:52.007518+05:30,2026-09-18_0227IST,airline_direct,IndiGo
DEL,BLR,6E,IndiGo,6E 717,2026-10-03,15,economy,,,9029.0,False,17:55,ok,2026-09-18T02:27:52.007518+05:30,2026-09-18_0227IST,airline_direct,IndiGo
DEL,BLR,6E,IndiGo,6E 2277,2026-10-03,15,business,,,34994.0,False,10:25,ok,2026-09-18T02:27:52.007518+05:30,2026-09-18_0227IST,airline_direct,IndiGo
DEL,BLR,6E,IndiGo,6E 2277,2026-10-03,15,economy,,,9239.0,False,10:25,ok,2026-09-18T02:27:52.007518+05:30,2026-09-18_0227IST,airline_direct,IndiGo
DEL,BLR,6E,IndiGo,6E 2769,2026-10-03,15,economy,,,9371.0,False,08:10,ok,2026-09-18T02:27:52.007518+05:30,2026-09-18_0227IST,airline_direct,IndiGo
DEL,BLR,6E,IndiGo,6E 6476,2026-10-03,15,economy,,,9977.0,False,07:05,ok,2026-09-18T02:27:52.007518+05:30,2026-09-18_0227IST,airline_direct,IndiGo
DEL,BLR,6E,IndiGo,6E 513,2026-10-03,15,economy,,,11127.0,False,08:30,ok,2026-09-18T02:27:52.007518+05:30,2026-09-18_0227IST,airline_direct,IndiGo
DEL,BLR,6E,IndiGo,6E 6437,2026-10-03,15,business,,,26012.0,False,16:25,ok,2026-09-18T02:27:52.007518+05:30,2026-09-18_0227IST,airline_direct,IndiGo
DEL,BLR,6E,IndiGo,6E 6437,2026-10-03,15,economy,,,11598.0,False,16:25,ok,2026-09-18T02:27:52.007518+05:30,2026-09-18_0227IST,airline_direct,IndiGo
DEL,BLR,6E,IndiGo,6E 758,2026-10-03,15,economy,,,11813.0,False,16:10,ok,2026-09-18T02:27:52.007518+05:30,2026-09-18_0227IST,airline_direct,IndiGo
DEL,BLR,6E,IndiGo,6E 2618,2026-10-03,15,business,,,26315.0,False,23:00,ok,2026-09-18T02:27:52.007518+05:30,2026-09-18_0227IST,airline_direct,IndiGo
DEL,BLR,6E,IndiGo,6E 2618,2026-10-03,15,economy,,,16134.0,False,23:00,ok,2026-09-18T02:27:52.007518+05:30,2026-09-18_0227IST,airline_direct,IndiGo
BOM,BLR,6E,IndiGo,6E 5323,2026-10-03,15,business,,,18948.0,False,01:10,ok,2026-09-18T02:28:55.220245+05:30,2026-09-18_0228IST,airline_direct,IndiGo
BOM,BLR,6E,IndiGo,6E 5323,2026-10-03,15,economy,,,4893.0,False,01:10,ok,2026-09-18T02:28:55.220245+05:30,2026-09-18_0228IST,airline_direct,IndiGo
BOM,BLR,6E,IndiGo,6E 5294,2026-10-03,15,business,,,18948.0,False,04:30,ok,2026-09-18T02:28:55.220245+05:30,2026-09-18_0228IST,airline_direct,IndiGo
BOM,BLR,6E,IndiGo,6E 5294,2026-10-03,15,economy,,,4893.0,False,04:30,ok,2026-09-18T02:28:55.220245+05:30,2026-09-18_0228IST,airline_direct,IndiGo
BOM,BLR,6E,IndiGo,6E 5296,2026-10-03,15,business,,,18948.0,False,06:15,ok,2026-09-18T02:28:55.220245+05:30,2026-09-18_0228IST,airline_direct,IndiGo
BOM,BLR,6E,IndiGo,6E 5296,2026-10-03,15,economy,,,6747.0,False,06:15,ok,2026-09-18T02:28:55.220245+05:30,2026-09-18_0228IST,airline_direct,IndiGo
BOM,BLR,6E,IndiGo,6E 5193,2026-10-03,15,business,,,18948.0,False,07:45,ok,2026-09-18T02:28:55.220245+05:30,2026-09-18_0228IST,airline_direct,IndiGo
BOM,BLR,6E,IndiGo,6E 5193,2026-10-03,15,economy,,,6747.0,False,07:45,ok,2026-09-18T02:28:55.220245+05:30,2026-09-18_0228IST,airline_direct,IndiGo
BOM,BLR,6E,IndiGo,6E 5092,2026-10-03,15,business,,,18948.0,False,09:50,ok,2026-09-18T02:28:55.220245+05:30,2026-09-18_0228IST,airline_direct,IndiGo
BOM,BLR,6E,IndiGo,6E 5092,2026-10-03,15,economy,,,6747.0,False,09:50,ok,2026-09-18T02:28:55.220245+05:30,2026-09-18_0228IST,airline_direct,IndiGo
BOM,BLR,6E,IndiGo,6E 5217,2026-10-03,15,business,,,18948.0,False,11:00,ok,2026-09-18T02:28:55.220245+05:30,2026-09-18_0228IST,airline_direct,IndiGo
BOM,BLR,6E,IndiGo,6E 5217,2026-10-03,15,economy,,,6747.0,False,11:00,ok,2026-09-18T02:28:55.220245+05:30,2026-09-18_0228IST,airline_direct,IndiGo
BOM,BLR,6E,IndiGo,6E 5221,2026-10-03,15,business,,,18948.0,False,17:00,ok,2026-09-18T02:28:55.220245+05:30,2026-09-18_0228IST,airline_direct,IndiGo
BOM,BLR,6E,IndiGo,6E 5221,2026-10-03,15,economy,,,6747.0,False,17:00,ok,2026-09-18T02:28:55.220245+05:30,2026-09-18_0228IST,airline_direct,IndiGo
BOM,BLR,6E,IndiGo,6E 5032,2026-10-03,15,business,,,18948.0,False,19:50,ok,2026-09-18T02:28:55.220245+05:30,2026-09-18_0228IST,airline_direct,IndiGo
BOM,BLR,6E,IndiGo,6E 5032,2026-10-03,15,economy,,,6747.0,False,19:50,ok,2026-09-18T02:28:55.220245+05:30,2026-09-18_0228IST,airline_direct,IndiGo
BOM,BLR,6E,IndiGo,6E 6188,2026-10-03,15,business,,,18948.0,False,21:30,ok,2026-09-18T02:28:55.220245+05:30,2026-09-18_0228IST,airline_direct,IndiGo
BOM,BLR,6E,IndiGo,6E 6188,2026-10-03,15,economy,,,6747.0,False,21:30,ok,2026-09-18T02:28:55.220245+05:30,2026-09-18_0228IST,airline_direct,IndiGo
BOM,BLR,6E,IndiGo,6E 5388,2026-10-03,15,business,,,18948.0,False,22:20,ok,2026-09-18T02:28:55.220245+05:30,2026-09-18_0228IST,airline_direct,IndiGo
BOM,BLR,6E,IndiGo,6E 5388,2026-10-03,15,economy,,,6747.0,False,22:20,ok,2026-09-18T02:28:55.220245+05:30,2026-09-18_0228IST,airline_direct,IndiGo
BOM,BLR,6E,IndiGo,6E 5184,2026-10-03,15,business,,,18948.0,False,12:30,ok,2026-09-18T02:28:55.220245+05:30,2026-09-18_0228IST,airline_direct,IndiGo
BOM,BLR,6E,IndiGo,6E 5184,2026-10-03,15,economy,,,7062.0,False,12:30,ok,2026-09-18T02:28:55.220245+05:30,2026-09-18_0228IST,airline_direct,IndiGo
BOM,BLR,6E,IndiGo,6E 5047,2026-10-03,15,business,,,18948.0,False,18:30,ok,2026-09-18T02:28:55.220245+05:30,2026-09-18_0228IST,airline_direct,IndiGo
BOM,BLR,6E,IndiGo,6E 5047,2026-10-03,15,economy,,,8217.0,False,18:30,ok,2026-09-18T02:28:55.220245+05:30,2026-09-18_0228IST,airline_direct,IndiGo
BOM,BLR,6E,IndiGo,6E 5382,2026-10-03,15,business,,,18948.0,False,14:30,ok,2026-09-18T02:28:55.220245+05:30,2026-09-18_0228IST,airline_direct,IndiGo
BOM,BLR,6E,IndiGo,6E 5382,2026-10-03,15,economy,,,8742.0,False,14:30,ok,2026-09-18T02:28:55.220245+05:30,2026-09-18_0228IST,airline_direct,IndiGo
BOM,BLR,6E,IndiGo,6E 5071,2026-10-03,15,business,,,18948.0,False,15:35,ok,2026-09-18T02:28:55.220245+05:30,2026-09-18_0228IST,airline_direct,IndiGo
BOM,BLR,6E,IndiGo,6E 5071,2026-10-03,15,economy,,,8742.0,False,15:35,ok,2026-09-18T02:28:55.220245+05:30,2026-09-18_0228IST,airline_direct,IndiGo
BOM,BLR,6E,IndiGo,6E 5273,2026-10-03,15,economy,,,5594.0,False,18:35,ok,2026-09-18T02:28:55.220245+05:30,2026-09-18_0228IST,airline_direct,IndiGo
BOM,BLR,6E,IndiGo,6E 6361,2026-10-03,15,economy,,,6369.0,False,05:00,ok,2026-09-18T02:28:55.220245+05:30,2026-09-18_0228IST,airline_direct,IndiGo
BOM,BLR,6E,IndiGo,6E 230,2026-10-03,15,economy,,,6369.0,False,13:55,ok,2026-09-18T02:28:55.220245+05:30,2026-09-18_0228IST,airline_direct,IndiGo
BOM,BLR,6E,IndiGo,6E 230,2026-10-03,15,economy,,,6369.0,False,13:55,ok,2026-09-18T02:28:55.220245+05:30,2026-09-18_0228IST,airline_direct,IndiGo
BOM,BLR,6E,IndiGo,6E 5241,2026-10-03,15,economy,,,6369.0,False,16:40,ok,2026-09-18T02:28:55.220245+05:30,2026-09-18_0228IST,airline_direct,IndiGo
BOM,BLR,6E,IndiGo,6E 5181,2026-10-03,15,economy,,,6386.0,False,10:25,ok,2026-09-18T02:28:55.220245+05:30,2026-09-18_0228IST,airline_direct,IndiGo
BOM,BLR,6E,IndiGo,6E 5179,2026-10-03,15,business,,,20036.0,False,02:45,ok,2026-09-18T02:28:55.220245+05:30,2026-09-18_0228IST,airline_direct,IndiGo
BOM,BLR,6E,IndiGo,6E 5179,2026-10-03,15,economy,,,6500.0,False,02:45,ok,2026-09-18T02:28:55.220245+05:30,2026-09-18_0228IST,airline_direct,IndiGo
BOM,BLR,6E,IndiGo,6E 5179,2026-10-03,15,business,,,20036.0,False,02:45,ok,2026-09-18T02:28:55.220245+05:30,2026-09-18_0228IST,airline_direct,IndiGo
BOM,BLR,6E,IndiGo,6E 5179,2026-10-03,15,economy,,,6500.0,False,02:45,ok,2026-09-18T02:28:55.220245+05:30,2026-09-18_0228IST,airline_direct,IndiGo
BOM,BLR,6E,IndiGo,6E 5246,2026-10-03,15,business,,,21379.0,False,07:15,ok,2026-09-18T02:28:55.220245+05:30,2026-09-18_0228IST,airline_direct,IndiGo
BOM,BLR,6E,IndiGo,6E 5246,2026-10-03,15,economy,,,6500.0,False,07:15,ok,2026-09-18T02:28:55.220245+05:30,2026-09-18_0228IST,airline_direct,IndiGo
BOM,BLR,6E,IndiGo,6E 6057,2026-10-03,15,economy,,,6500.0,False,09:15,ok,2026-09-18T02:28:55.220245+05:30,2026-09-18_0228IST,airline_direct,IndiGo
BOM,BLR,6E,IndiGo,6E 5318,2026-10-03,15,business,,,23844.0,False,10:15,ok,2026-09-18T02:28:55.220245+05:30,2026-09-18_0228IST,airline_direct,IndiGo
BOM,BLR,6E,IndiGo,6E 5318,2026-10-03,15,economy,,,6500.0,False,10:15,ok,2026-09-18T02:28:55.220245+05:30,2026-09-18_0228IST,airline_direct,IndiGo
BOM,BLR,6E,IndiGo,6E 5318,2026-10-03,15,business,,,23844.0,False,10:15,ok,2026-09-18T02:28:55.220245+05:30,2026-09-18_0228IST,airline_direct,IndiGo
BOM,BLR,6E,IndiGo,6E 5318,2026-10-03,15,economy,,,6500.0,False,10:15,ok,2026-09-18T02:28:55.220245+05:30,2026-09-18_0228IST,airline_direct,IndiGo
BOM,BLR,6E,IndiGo,6E 5178,2026-10-03,15,business,,,21379.0,False,11:40,ok,2026-09-18T02:28:55.220245+05:30,2026-09-18_0228IST,airline_direct,IndiGo
BOM,BLR,6E,IndiGo,6E 5178,2026-10-03,15,economy,,,6500.0,False,11:40,ok,2026-09-18T02:28:55.220245+05:30,2026-09-18_0228IST,airline_direct,IndiGo
BOM,BLR,6E,IndiGo,6E 5178,2026-10-03,15,business,,,20441.0,False,11:40,ok,2026-09-18T02:28:55.220245+05:30,2026-09-18_0228IST,airline_direct,IndiGo
BOM,BLR,6E,IndiGo,6E 5178,2026-10-03,15,economy,,,6500.0,False,11:40,ok,2026-09-18T02:28:55.220245+05:30,2026-09-18_0228IST,airline_direct,IndiGo
BOM,BLR,6E,IndiGo,6E 5386,2026-10-03,15,business,,,20887.0,False,15:10,ok,2026-09-18T02:28:55.220245+05:30,2026-09-18_0228IST,airline_direct,IndiGo
BOM,BLR,6E,IndiGo,6E 5386,2026-10-03,15,economy,,,6500.0,False,15:10,ok,2026-09-18T02:28:55.220245+05:30,2026-09-18_0228IST,airline_direct,IndiGo
BOM,BLR,6E,IndiGo,6E 5386,2026-10-03,15,business,,,20441.0,False,15:10,ok,2026-09-18T02:28:55.220245+05:30,2026-09-18_0228IST,airline_direct,IndiGo
BOM,BLR,6E,IndiGo,6E 5386,2026-10-03,15,economy,,,6500.0,False,15:10,ok,2026-09-18T02:28:55.220245+05:30,2026-09-18_0228IST,airline_direct,IndiGo
BOM,BLR,6E,IndiGo,6E 5386,2026-10-03,15,business,,,20441.0,False,15:10,ok,2026-09-18T02:28:55.220245+05:30,2026-09-18_0228IST,airline_direct,IndiGo
BOM,BLR,6E,IndiGo,6E 5386,2026-10-03,15,economy,,,6500.0,False,15:10,ok,2026-09-18T02:28:55.220245+05:30,2026-09-18_0228IST,airline_direct,IndiGo
BOM,BLR,6E,IndiGo,6E 5228,2026-10-03,15,business,,,20441.0,False,16:45,ok,2026-09-18T02:28:55.220245+05:30,2026-09-18_0228IST,airline_direct,IndiGo
BOM,BLR,6E,IndiGo,6E 5228,2026-10-03,15,economy,,,6500.0,False,16:45,ok,2026-09-18T02:28:55.220245+05:30,2026-09-18_0228IST,airline_direct,IndiGo
BOM,BLR,6E,IndiGo,6E 5228,2026-10-03,15,business,,,20887.0,False,16:45,ok,2026-09-18T02:28:55.220245+05:30,2026-09-18_0228IST,airline_direct,IndiGo
BOM,BLR,6E,IndiGo,6E 5228,2026-10-03,15,economy,,,6500.0,False,16:45,ok,2026-09-18T02:28:55.220245+05:30,2026-09-18_0228IST,airline_direct,IndiGo
BOM,BLR,6E,IndiGo,6E 632,2026-10-03,15,economy,,,6710.0,False,04:00,ok,2026-09-18T02:28:55.220245+05:30,2026-09-18_0228IST,airline_direct,IndiGo
BOM,BLR,6E,IndiGo,6E 136,2026-10-03,15,economy,,,6710.0,False,04:05,ok,2026-09-18T02:28:55.220245+05:30,2026-09-18_0228IST,airline_direct,IndiGo
BOM,BLR,6E,IndiGo,6E 136,2026-10-03,15,economy,,,6710.0,False,04:05,ok,2026-09-18T02:28:55.220245+05:30,2026-09-18_0228IST,airline_direct,IndiGo
BOM,BLR,6E,IndiGo,6E 6701,2026-10-03,15,economy,,,6710.0,False,05:35,ok,2026-09-18T02:28:55.220245+05:30,2026-09-18_0228IST,airline_direct,IndiGo
BOM,BLR,6E,IndiGo,6E 5188,2026-10-03,15,economy,,,6710.0,False,06:15,ok,2026-09-18T02:28:55.220245+05:30,2026-09-18_0228IST,airline_direct,IndiGo
BOM,BLR,6E,IndiGo,6E 5109,2026-10-03,15,economy,,,6710.0,False,09:35,ok,2026-09-18T02:28:55.220245+05:30,2026-09-18_0228IST,airline_direct,IndiGo
BOM,BLR,6E,IndiGo,6E 5313,2026-10-03,15,economy,,,6710.0,False,09:50,ok,2026-09-18T02:28:55.220245+05:30,2026-09-18_0228IST,airline_direct,IndiGo
BOM,BLR,6E,IndiGo,6E 6349,2026-10-03,15,economy,,,6710.0,False,11:40,ok,2026-09-18T02:28:55.220245+05:30,2026-09-18_0228IST,airline_direct,IndiGo
BOM,BLR,6E,IndiGo,6E 6349,2026-10-03,15,economy,,,6710.0,False,11:40,ok,2026-09-18T02:28:55.220245+05:30,2026-09-18_0228IST,airline_direct,IndiGo
BOM,BLR,6E,IndiGo,6E 2284,2026-10-03,15,economy,,,6710.0,False,12:05,ok,2026-09-18T02:28:55.220245+05:30,2026-09-18_0228IST,airline_direct,IndiGo
BOM,BLR,6E,IndiGo,6E 673,2026-10-03,15,economy,,,6710.0,False,12:35,ok,2026-09-18T02:28:55.220245+05:30,2026-09-18_0228IST,airline_direct,IndiGo
BOM,BLR,6E,IndiGo,6E 5337,2026-10-03,15,economy,,,6710.0,False,13:45,ok,2026-09-18T02:28:55.220245+05:30,2026-09-18_0228IST,airline_direct,IndiGo
BOM,BLR,6E,IndiGo,6E 5337,2026-10-03,15,economy,,,6710.0,False,13:45,ok,2026-09-18T02:28:55.220245+05:30,2026-09-18_0228IST,airline_direct,IndiGo
BOM,BLR,6E,IndiGo,6E 5201,2026-10-03,15,economy,,,6710.0,False,14:55,ok,2026-09-18T02:28:55.220245+05:30,2026-09-18_0228IST,airline_direct,IndiGo
BOM,BLR,6E,IndiGo,6E 5196,2026-10-03,15,economy,,,6710.0,False,15:25,ok,2026-09-18T02:28:55.220245+05:30,2026-09-18_0228IST,airline_direct,IndiGo
BOM,BLR,6E,IndiGo,6E 240,2026-10-03,15,economy,,,6710.0,False,15:45,ok,2026-09-18T02:28:55.220245+05:30,2026-09-18_0228IST,airline_direct,IndiGo
BOM,BLR,6E,IndiGo,6E 437,2026-10-03,15,economy,,,6710.0,False,17:10,ok,2026-09-18T02:28:55.220245+05:30,2026-09-18_0228IST,airline_direct,IndiGo
BOM,BLR,6E,IndiGo,6E 5048,2026-10-03,15,economy,,,6710.0,False,17:25,ok,2026-09-18T02:28:55.220245+05:30,2026-09-18_0228IST,airline_direct,IndiGo
BOM,BLR,6E,IndiGo,6E 5126,2026-10-03,15,economy,,,6710.0,False,18:15,ok,2026-09-18T02:28:55.220245+05:30,2026-09-18_0228IST,airline_direct,IndiGo
BOM,BLR,6E,IndiGo,6E 2237,2026-10-03,15,economy,,,6710.0,False,18:40,ok,2026-09-18T02:28:55.220245+05:30,2026-09-18_0228IST,airline_direct,IndiGo
BOM,BLR,6E,IndiGo,6E 5107,2026-10-03,15,economy,,,6710.0,False,20:00,ok,2026-09-18T02:28:55.220245+05:30,2026-09-18_0228IST,airline_direct,IndiGo
BOM,BLR,6E,IndiGo,6E 261,2026-10-03,15,economy,,,6869.0,False,11:20,ok,2026-09-18T02:28:55.220245+05:30,2026-09-18_0228IST,airline_direct,IndiGo
BOM,BLR,6E,IndiGo,6E 261,2026-10-03,15,economy,,,6869.0,False,11:20,ok,2026-09-18T02:28:55.220245+05:30,2026-09-18_0228IST,airline_direct,IndiGo
BOM,BLR,6E,IndiGo,6E 5123,2026-10-03,15,economy,,,7131.0,False,14:40,ok,2026-09-18T02:28:55.220245+05:30,2026-09-18_0228IST,airline_direct,IndiGo
BOM,BLR,6E,IndiGo,6E 2016,2026-10-03,15,economy,,,7210.0,False,13:35,ok,2026-09-18T02:28:55.220245+05:30,2026-09-18_0228IST,airline_direct,IndiGo
BOM,BLR,6E,IndiGo,6E 5082,2026-10-03,15,economy,,,7420.0,False,18:05,ok,2026-09-18T02:28:55.220245+05:30,2026-09-18_0228IST,airline_direct,IndiGo
BOM,BLR,6E,IndiGo,6E 6599,2026-10-03,15,economy,,,9162.0,False,16:50,ok,2026-09-18T02:28:55.220245+05:30,2026-09-18_0228IST,airline_direct,IndiGo
DEL,CCU,6E,IndiGo,6E 930,2026-10-03,15,business,,,22600.0,False,02:45,ok,2026-09-18T02:30:01.790562+05:30,2026-09-18_0230IST,airline_direct,IndiGo
DEL,CCU,6E,IndiGo,6E 930,2026-10-03,15,economy,,,8703.0,False,02:45,ok,2026-09-18T02:30:01.790562+05:30,2026-09-18_0230IST,airline_direct,IndiGo
DEL,CCU,6E,IndiGo,6E 5191,2026-10-03,15,business,,,22600.0,False,05:00,ok,2026-09-18T02:30:01.790562+05:30,2026-09-18_0230IST,airline_direct,IndiGo
DEL,CCU,6E,IndiGo,6E 5191,2026-10-03,15,economy,,,8703.0,False,05:00,ok,2026-09-18T02:30:01.790562+05:30,2026-09-18_0230IST,airline_direct,IndiGo
DEL,CCU,6E,IndiGo,6E 340,2026-10-03,15,business,,,22600.0,False,07:20,ok,2026-09-18T02:30:01.790562+05:30,2026-09-18_0230IST,airline_direct,IndiGo
DEL,CCU,6E,IndiGo,6E 340,2026-10-03,15,economy,,,8703.0,False,07:20,ok,2026-09-18T02:30:01.790562+05:30,2026-09-18_0230IST,airline_direct,IndiGo
DEL,CCU,6E,IndiGo,6E 894,2026-10-03,15,business,,,22600.0,False,10:15,ok,2026-09-18T02:30:01.790562+05:30,2026-09-18_0230IST,airline_direct,IndiGo
DEL,CCU,6E,IndiGo,6E 894,2026-10-03,15,economy,,,8703.0,False,10:15,ok,2026-09-18T02:30:01.790562+05:30,2026-09-18_0230IST,airline_direct,IndiGo
DEL,CCU,6E,IndiGo,6E 2487,2026-10-03,15,business,,,22600.0,False,11:50,ok,2026-09-18T02:30:01.790562+05:30,2026-09-18_0230IST,airline_direct,IndiGo
DEL,CCU,6E,IndiGo,6E 2487,2026-10-03,15,economy,,,8703.0,False,11:50,ok,2026-09-18T02:30:01.790562+05:30,2026-09-18_0230IST,airline_direct,IndiGo
DEL,CCU,6E,IndiGo,6E 897,2026-10-03,15,business,,,22600.0,False,12:45,ok,2026-09-18T02:30:01.790562+05:30,2026-09-18_0230IST,airline_direct,IndiGo
DEL,CCU,6E,IndiGo,6E 897,2026-10-03,15,economy,,,8703.0,False,12:45,ok,2026-09-18T02:30:01.790562+05:30,2026-09-18_0230IST,airline_direct,IndiGo
DEL,CCU,6E,IndiGo,6E 910,2026-10-03,15,business,,,22600.0,False,14:25,ok,2026-09-18T02:30:01.790562+05:30,2026-09-18_0230IST,airline_direct,IndiGo
DEL,CCU,6E,IndiGo,6E 910,2026-10-03,15,economy,,,8703.0,False,14:25,ok,2026-09-18T02:30:01.790562+05:30,2026-09-18_0230IST,airline_direct,IndiGo
DEL,CCU,6E,IndiGo,6E 389,2026-10-03,15,business,,,22600.0,False,21:50,ok,2026-09-18T02:30:01.790562+05:30,2026-09-18_0230IST,airline_direct,IndiGo
DEL,CCU,6E,IndiGo,6E 389,2026-10-03,15,economy,,,8703.0,False,21:50,ok,2026-09-18T02:30:01.790562+05:30,2026-09-18_0230IST,airline_direct,IndiGo
DEL,CCU,6E,IndiGo,6E 247,2026-10-03,15,business,,,22600.0,False,23:30,ok,2026-09-18T02:30:01.790562+05:30,2026-09-18_0230IST,airline_direct,IndiGo
DEL,CCU,6E,IndiGo,6E 247,2026-10-03,15,economy,,,8703.0,False,23:30,ok,2026-09-18T02:30:01.790562+05:30,2026-09-18_0230IST,airline_direct,IndiGo
DEL,CCU,6E,IndiGo,6E 513,2026-10-03,15,business,,,22600.0,False,08:30,ok,2026-09-18T02:30:01.790562+05:30,2026-09-18_0230IST,airline_direct,IndiGo
DEL,CCU,6E,IndiGo,6E 513,2026-10-03,15,economy,,,8965.0,False,08:30,ok,2026-09-18T02:30:01.790562+05:30,2026-09-18_0230IST,airline_direct,IndiGo
DEL,CCU,6E,IndiGo,6E 6517,2026-10-03,15,business,,,22600.0,False,19:30,ok,2026-09-18T02:30:01.790562+05:30,2026-09-18_0230IST,airline_direct,IndiGo
DEL,CCU,6E,IndiGo,6E 6517,2026-10-03,15,economy,,,8965.0,False,19:30,ok,2026-09-18T02:30:01.790562+05:30,2026-09-18_0230IST,airline_direct,IndiGo
DEL,CCU,6E,IndiGo,6E 6415,2026-10-03,15,business,,,22600.0,False,16:00,ok,2026-09-18T02:30:01.790562+05:30,2026-09-18_0230IST,airline_direct,IndiGo
DEL,CCU,6E,IndiGo,6E 6415,2026-10-03,15,economy,,,9280.0,False,16:00,ok,2026-09-18T02:30:01.790562+05:30,2026-09-18_0230IST,airline_direct,IndiGo
DEL,CCU,6E,IndiGo,6E 2276,2026-10-03,15,business,,,22600.0,False,17:55,ok,2026-09-18T02:30:01.790562+05:30,2026-09-18_0230IST,airline_direct,IndiGo
DEL,CCU,6E,IndiGo,6E 2276,2026-10-03,15,economy,,,9280.0,False,17:55,ok,2026-09-18T02:30:01.790562+05:30,2026-09-18_0230IST,airline_direct,IndiGo
DEL,CCU,6E,IndiGo,6E 6245,2026-10-03,15,economy,,,7368.0,False,06:20,ok,2026-09-18T02:30:01.790562+05:30,2026-09-18_0230IST,airline_direct,IndiGo
DEL,CCU,6E,IndiGo,6E 2769,2026-10-03,15,economy,,,7368.0,False,08:10,ok,2026-09-18T02:30:01.790562+05:30,2026-09-18_0230IST,airline_direct,IndiGo
DEL,CCU,6E,IndiGo,6E 2453,2026-10-03,15,economy,,,7368.0,False,13:35,ok,2026-09-18T02:30:01.790562+05:30,2026-09-18_0230IST,airline_direct,IndiGo
DEL,CCU,6E,IndiGo,6E 6246,2026-10-03,15,economy,,,7500.0,False,05:25,ok,2026-09-18T02:30:01.790562+05:30,2026-09-18_0230IST,airline_direct,IndiGo
DEL,CCU,6E,IndiGo,6E 6459,2026-10-03,15,economy,,,7500.0,False,05:55,ok,2026-09-18T02:30:01.790562+05:30,2026-09-18_0230IST,airline_direct,IndiGo
DEL,CCU,6E,IndiGo,6E 6443,2026-10-03,15,economy,,,7500.0,False,09:00,ok,2026-09-18T02:30:01.790562+05:30,2026-09-18_0230IST,airline_direct,IndiGo
DEL,CCU,6E,IndiGo,6E 6312,2026-10-03,15,economy,,,7500.0,False,14:25,ok,2026-09-18T02:30:01.790562+05:30,2026-09-18_0230IST,airline_direct,IndiGo
DEL,CCU,6E,IndiGo,6E 2361,2026-10-03,15,economy,,,7500.0,False,14:35,ok,2026-09-18T02:30:01.790562+05:30,2026-09-18_0230IST,airline_direct,IndiGo
DEL,CCU,6E,IndiGo,6E 6073,2026-10-03,15,economy,,,7578.0,False,05:00,ok,2026-09-18T02:30:01.790562+05:30,2026-09-18_0230IST,airline_direct,IndiGo
DEL,CCU,6E,IndiGo,6E 6190,2026-10-03,15,economy,,,7578.0,False,07:40,ok,2026-09-18T02:30:01.790562+05:30,2026-09-18_0230IST,airline_direct,IndiGo
DEL,CCU,6E,IndiGo,6E 2296,2026-10-03,15,economy,,,7578.0,False,09:20,ok,2026-09-18T02:30:01.790562+05:30,2026-09-18_0230IST,airline_direct,IndiGo
DEL,CCU,6E,IndiGo,6E 2037,2026-10-03,15,economy,,,7578.0,False,10:55,ok,2026-09-18T02:30:01.790562+05:30,2026-09-18_0230IST,airline_direct,IndiGo
DEL,CCU,6E,IndiGo,6E 5033,2026-10-03,15,economy,,,7578.0,False,15:50,ok,2026-09-18T02:30:01.790562+05:30,2026-09-18_0230IST,airline_direct,IndiGo
DEL,CCU,6E,IndiGo,6E 5041,2026-10-03,15,economy,,,7683.0,False,15:10,ok,2026-09-18T02:30:01.790562+05:30,2026-09-18_0230IST,airline_direct,IndiGo
DEL,CCU,6E,IndiGo,6E 2316,2026-10-03,15,economy,,,7683.0,False,17:30,ok,2026-09-18T02:30:01.790562+05:30,2026-09-18_0230IST,airline_direct,IndiGo
DEL,CCU,6E,IndiGo,6E 6211,2026-10-03,15,economy,,,7893.0,False,09:10,ok,2026-09-18T02:30:01.790562+05:30,2026-09-18_0230IST,airline_direct,IndiGo
DEL,CCU,6E,IndiGo,6E 6503,2026-10-03,15,economy,,,7893.0,False,13:25,ok,2026-09-18T02:30:01.790562+05:30,2026-09-18_0230IST,airline_direct,IndiGo
DEL,CCU,6E,IndiGo,6E 6503,2026-10-03,15,economy,,,7893.0,False,13:25,ok,2026-09-18T02:30:01.790562+05:30,2026-09-18_0230IST,airline_direct,IndiGo
DEL,CCU,6E,IndiGo,6E 704,2026-10-03,15,business,,,28909.0,False,02:25,ok,2026-09-18T02:30:01.790562+05:30,2026-09-18_0230IST,airline_direct,IndiGo
DEL,CCU,6E,IndiGo,6E 704,2026-10-03,15,economy,,,7920.0,False,02:25,ok,2026-09-18T02:30:01.790562+05:30,2026-09-18_0230IST,airline_direct,IndiGo
DEL,CCU,6E,IndiGo,6E 5119,2026-10-03,15,economy,,,7920.0,False,05:10,ok,2026-09-18T02:30:01.790562+05:30,2026-09-18_0230IST,airline_direct,IndiGo
DEL,CCU,6E,IndiGo,6E 705,2026-10-03,15,business,,,30797.0,False,08:30,ok,2026-09-18T02:30:01.790562+05:30,2026-09-18_0230IST,airline_direct,IndiGo
DEL,CCU,6E,IndiGo,6E 705,2026-10-03,15,economy,,,7920.0,False,08:30,ok,2026-09-18T02:30:01.790562+05:30,2026-09-18_0230IST,airline_direct,IndiGo
DEL,CCU,6E,IndiGo,6E 2331,2026-10-03,15,economy,,,7920.0,False,12:20,ok,2026-09-18T02:30:01.790562+05:30,2026-09-18_0230IST,airline_direct,IndiGo
DEL,CCU,6E,IndiGo,6E 5073,2026-10-03,15,economy,,,7920.0,False,17:05,ok,2026-09-18T02:30:01.790562+05:30,2026-09-18_0230IST,airline_direct,IndiGo
DEL,CCU,6E,IndiGo,6E 6371,2026-10-03,15,economy,,,8025.0,False,06:20,ok,2026-09-18T02:30:01.790562+05:30,2026-09-18_0230IST,airline_direct,IndiGo
DEL,CCU,6E,IndiGo,6E 6551,2026-10-03,15,economy,,,8025.0,False,12:00,ok,2026-09-18T02:30:01.790562+05:30,2026-09-18_0230IST,airline_direct,IndiGo
DEL,CCU,6E,IndiGo,6E 2259,2026-10-03,15,economy,,,8185.0,False,12:20,ok,2026-09-18T02:30:01.790562+05:30,2026-09-18_0230IST,airline_direct,IndiGo
DEL,CCU,6E,IndiGo,6E 6053,2026-10-03,15,economy,,,8185.0,False,13:05,ok,2026-09-18T02:30:01.790562+05:30,2026-09-18_0230IST,airline_direct,IndiGo
DEL,CCU,6E,IndiGo,6E 2614,2026-10-03,15,economy,,,8185.0,False,14:40,ok,2026-09-18T02:30:01.790562+05:30,2026-09-18_0230IST,airline_direct,IndiGo
DEL,CCU,6E,IndiGo,6E 2614,2026-10-03,15,economy,,,8185.0,False,14:40,ok,2026-09-18T02:30:01.790562+05:30,2026-09-18_0230IST,airline_direct,IndiGo
DEL,CCU,6E,IndiGo,6E 6124,2026-10-03,15,economy,,,8290.0,False,07:30,ok,2026-09-18T02:30:01.790562+05:30,2026-09-18_0230IST,airline_direct,IndiGo
DEL,CCU,6E,IndiGo,6E 5307,2026-10-03,15,economy,,,8290.0,False,10:50,ok,2026-09-18T02:30:01.790562+05:30,2026-09-18_0230IST,airline_direct,IndiGo
DEL,CCU,6E,IndiGo,6E 6829,2026-10-03,15,economy,,,8984.0,False,17:20,ok,2026-09-18T02:30:01.790562+05:30,2026-09-18_0230IST,airline_direct,IndiGo
DEL,CCU,6E,IndiGo,6E 6282,2026-10-03,15,business,,,28673.0,False,13:30,ok,2026-09-18T02:30:01.790562+05:30,2026-09-18_0230IST,airline_direct,IndiGo
DEL,CCU,6E,IndiGo,6E 6282,2026-10-03,15,economy,,,9194.0,False,13:30,ok,2026-09-18T02:30:01.790562+05:30,2026-09-18_0230IST,airline_direct,IndiGo
DEL,CCU,6E,IndiGo,6E 5036,2026-10-03,15,economy,,,9508.0,False,08:00,ok,2026-09-18T02:30:01.790562+05:30,2026-09-18_0230IST,airline_direct,IndiGo
DEL,CCU,6E,IndiGo,6E 734,2026-10-03,15,economy,,,9508.0,False,16:20,ok,2026-09-18T02:30:01.790562+05:30,2026-09-18_0230IST,airline_direct,IndiGo
DEL,CCU,6E,IndiGo,6E 6190,2026-10-03,15,economy,,,9587.0,False,07:40,ok,2026-09-18T02:30:01.790562+05:30,2026-09-18_0230IST,airline_direct,IndiGo
DEL,CCU,6E,IndiGo,6E 2296,2026-10-03,15,economy,,,9587.0,False,09:20,ok,2026-09-18T02:30:01.790562+05:30,2026-09-18_0230IST,airline_direct,IndiGo
DEL,CCU,6E,IndiGo,6E 704,2026-10-03,15,business,,,28673.0,False,02:25,ok,2026-09-18T02:30:01.790562+05:30,2026-09-18_0230IST,airline_direct,IndiGo
DEL,CCU,6E,IndiGo,6E 704,2026-10-03,15,economy,,,9928.0,False,02:25,ok,2026-09-18T02:30:01.790562+05:30,2026-09-18_0230IST,airline_direct,IndiGo
DEL,CCU,6E,IndiGo,6E 705,2026-10-03,15,business,,,28673.0,False,08:30,ok,2026-09-18T02:30:01.790562+05:30,2026-09-18_0230IST,airline_direct,IndiGo
DEL,CCU,6E,IndiGo,6E 705,2026-10-03,15,economy,,,9928.0,False,08:30,ok,2026-09-18T02:30:01.790562+05:30,2026-09-18_0230IST,airline_direct,IndiGo
DEL,CCU,6E,IndiGo,6E 6293,2026-10-03,15,business,,,28673.0,False,09:55,ok,2026-09-18T02:30:01.790562+05:30,2026-09-18_0230IST,airline_direct,IndiGo
DEL,CCU,6E,IndiGo,6E 6293,2026-10-03,15,economy,,,9928.0,False,09:55,ok,2026-09-18T02:30:01.790562+05:30,2026-09-18_0230IST,airline_direct,IndiGo
DEL,CCU,6E,IndiGo,6E 6217,2026-10-03,15,business,,,28201.0,False,16:15,ok,2026-09-18T02:30:01.790562+05:30,2026-09-18_0230IST,airline_direct,IndiGo
DEL,CCU,6E,IndiGo,6E 6217,2026-10-03,15,economy,,,9928.0,False,16:15,ok,2026-09-18T02:30:01.790562+05:30,2026-09-18_0230IST,airline_direct,IndiGo
DEL,CCU,6E,IndiGo,6E 717,2026-10-03,15,business,,,28201.0,False,17:55,ok,2026-09-18T02:30:01.790562+05:30,2026-09-18_0230IST,airline_direct,IndiGo
DEL,CCU,6E,IndiGo,6E 717,2026-10-03,15,economy,,,9928.0,False,17:55,ok,2026-09-18T02:30:01.790562+05:30,2026-09-18_0230IST,airline_direct,IndiGo
DEL,CCU,6E,IndiGo,6E 5038,2026-10-03,15,economy,,,10393.0,False,14:00,ok,2026-09-18T02:30:01.790562+05:30,2026-09-18_0230IST,airline_direct,IndiGo
DEL,CCU,6E,IndiGo,6E 2317,2026-10-03,15,economy,,,12033.0,False,11:00,ok,2026-09-18T02:30:01.790562+05:30,2026-09-18_0230IST,airline_direct,IndiGo
DEL,CCU,6E,IndiGo,6E 5041,2026-10-03,15,economy,,,12359.0,False,15:10,ok,2026-09-18T02:30:01.790562+05:30,2026-09-18_0230IST,airline_direct,IndiGo
DEL,CCU,6E,IndiGo,6E 5215,2026-10-03,15,economy,,,13431.0,False,07:40,ok,2026-09-18T02:30:01.790562+05:30,2026-09-18_0230IST,airline_direct,IndiGo
DEL,CCU,6E,IndiGo,6E 2203,2026-10-03,15,economy,,,14609.0,False,04:45,ok,2026-09-18T02:30:01.790562+05:30,2026-09-18_0230IST,airline_direct,IndiGo
DEL,CCU,6E,IndiGo,6E 5307,2026-10-03,15,economy,,,18892.0,False,10:50,ok,2026-09-18T02:30:01.790562+05:30,2026-09-18_0230IST,airline_direct,IndiGo
BLR,HYD,6E,IndiGo,6E 6067,2026-10-03,15,economy,,,4561.0,False,16:30,ok,2026-09-18T02:31:01.331880+05:30,2026-09-18_0231IST,airline_direct,IndiGo
BLR,HYD,6E,IndiGo,6E 312,2026-10-03,15,economy,,,4921.0,False,09:15,ok,2026-09-18T02:31:01.331880+05:30,2026-09-18_0231IST,airline_direct,IndiGo
BLR,HYD,6E,IndiGo,6E 537,2026-10-03,15,economy,,,4921.0,False,10:15,ok,2026-09-18T02:31:01.331880+05:30,2026-09-18_0231IST,airline_direct,IndiGo
BLR,HYD,6E,IndiGo,6E 407,2026-10-03,15,economy,,,4921.0,False,14:50,ok,2026-09-18T02:31:01.331880+05:30,2026-09-18_0231IST,airline_direct,IndiGo
BLR,HYD,6E,IndiGo,6E 638,2026-10-03,15,economy,,,4921.0,False,18:35,ok,2026-09-18T02:31:01.331880+05:30,2026-09-18_0231IST,airline_direct,IndiGo
BLR,HYD,6E,IndiGo,6E 855,2026-10-03,15,economy,,,4921.0,False,19:45,ok,2026-09-18T02:31:01.331880+05:30,2026-09-18_0231IST,airline_direct,IndiGo
BLR,HYD,6E,IndiGo,6E 6784,2026-10-03,15,economy,,,4921.0,False,21:25,ok,2026-09-18T02:31:01.331880+05:30,2026-09-18_0231IST,airline_direct,IndiGo
BLR,HYD,6E,IndiGo,6E 484,2026-10-03,15,economy,,,5318.0,False,08:15,ok,2026-09-18T02:31:01.331880+05:30,2026-09-18_0231IST,airline_direct,IndiGo
BLR,HYD,6E,IndiGo,6E 6178,2026-10-03,15,economy,,,6239.0,False,06:10,ok,2026-09-18T02:31:01.331880+05:30,2026-09-18_0231IST,airline_direct,IndiGo
BLR,HYD,6E,IndiGo,6E 6404,2026-10-03,15,economy,,,8727.0,False,11:35,ok,2026-09-18T02:31:01.331880+05:30,2026-09-18_0231IST,airline_direct,IndiGo
BLR,HYD,6E,IndiGo,6E 6563,2026-10-03,15,economy,,,4553.0,False,01:05,ok,2026-09-18T02:31:01.331880+05:30,2026-09-18_0231IST,airline_direct,IndiGo
BLR,HYD,6E,IndiGo,6E 6876,2026-10-03,15,economy,,,4553.0,False,02:40,ok,2026-09-18T02:31:01.331880+05:30,2026-09-18_0231IST,airline_direct,IndiGo
BLR,HYD,6E,IndiGo,6E 857,2026-10-03,15,economy,,,4553.0,False,07:05,ok,2026-09-18T02:31:01.331880+05:30,2026-09-18_0231IST,airline_direct,IndiGo
BLR,HYD,6E,IndiGo,6E 857,2026-10-03,15,economy,,,4553.0,False,07:05,ok,2026-09-18T02:31:01.331880+05:30,2026-09-18_0231IST,airline_direct,IndiGo
BLR,HYD,6E,IndiGo,6E 763,2026-10-03,15,economy,,,4553.0,False,07:10,ok,2026-09-18T02:31:01.331880+05:30,2026-09-18_0231IST,airline_direct,IndiGo
BLR,HYD,6E,IndiGo,6E 763,2026-10-03,15,economy,,,4553.0,False,07:10,ok,2026-09-18T02:31:01.331880+05:30,2026-09-18_0231IST,airline_direct,IndiGo
BLR,HYD,6E,IndiGo,6E 6269,2026-10-03,15,economy,,,4553.0,False,07:15,ok,2026-09-18T02:31:01.331880+05:30,2026-09-18_0231IST,airline_direct,IndiGo
BLR,HYD,6E,IndiGo,6E 6445,2026-10-03,15,economy,,,4553.0,False,10:25,ok,2026-09-18T02:31:01.331880+05:30,2026-09-18_0231IST,airline_direct,IndiGo
BLR,HYD,6E,IndiGo,6E 904,2026-10-03,15,economy,,,4553.0,False,10:50,ok,2026-09-18T02:31:01.331880+05:30,2026-09-18_0231IST,airline_direct,IndiGo
BLR,HYD,6E,IndiGo,6E 904,2026-10-03,15,economy,,,4553.0,False,10:50,ok,2026-09-18T02:31:01.331880+05:30,2026-09-18_0231IST,airline_direct,IndiGo
BLR,HYD,6E,IndiGo,6E 6104,2026-10-03,15,economy,,,4553.0,False,11:40,ok,2026-09-18T02:31:01.331880+05:30,2026-09-18_0231IST,airline_direct,IndiGo
BLR,HYD,6E,IndiGo,6E 6208,2026-10-03,15,economy,,,4553.0,False,12:50,ok,2026-09-18T02:31:01.331880+05:30,2026-09-18_0231IST,airline_direct,IndiGo
BLR,HYD,6E,IndiGo,6E 6208,2026-10-03,15,economy,,,4553.0,False,12:50,ok,2026-09-18T02:31:01.331880+05:30,2026-09-18_0231IST,airline_direct,IndiGo
BLR,HYD,6E,IndiGo,6E 6208,2026-10-03,15,economy,,,4553.0,False,12:50,ok,2026-09-18T02:31:01.331880+05:30,2026-09-18_0231IST,airline_direct,IndiGo
BLR,HYD,6E,IndiGo,6E 6542,2026-10-03,15,economy,,,4553.0,False,13:10,ok,2026-09-18T02:31:01.331880+05:30,2026-09-18_0231IST,airline_direct,IndiGo
BLR,HYD,6E,IndiGo,6E 414,2026-10-03,15,economy,,,4553.0,False,14:45,ok,2026-09-18T02:31:01.331880+05:30,2026-09-18_0231IST,airline_direct,IndiGo
BLR,HYD,6E,IndiGo,6E 6753,2026-10-03,15,economy,,,4553.0,False,15:15,ok,2026-09-18T02:31:01.331880+05:30,2026-09-18_0231IST,airline_direct,IndiGo
BLR,HYD,6E,IndiGo,6E 356,2026-10-03,15,economy,,,4553.0,False,17:15,ok,2026-09-18T02:31:01.331880+05:30,2026-09-18_0231IST,airline_direct,IndiGo
BLR,HYD,6E,IndiGo,6E 356,2026-10-03,15,economy,,,4553.0,False,17:15,ok,2026-09-18T02:31:01.331880+05:30,2026-09-18_0231IST,airline_direct,IndiGo
BLR,HYD,6E,IndiGo,6E 6168,2026-10-03,15,economy,,,4553.0,False,17:40,ok,2026-09-18T02:31:01.331880+05:30,2026-09-18_0231IST,airline_direct,IndiGo
BLR,HYD,6E,IndiGo,6E 6017,2026-10-03,15,economy,,,4553.0,False,18:15,ok,2026-09-18T02:31:01.331880+05:30,2026-09-18_0231IST,airline_direct,IndiGo
BLR,HYD,6E,IndiGo,6E 105,2026-10-03,15,economy,,,4553.0,False,18:50,ok,2026-09-18T02:31:01.331880+05:30,2026-09-18_0231IST,airline_direct,IndiGo
BLR,HYD,6E,IndiGo,6E 528,2026-10-03,15,economy,,,4553.0,False,21:40,ok,2026-09-18T02:31:01.331880+05:30,2026-09-18_0231IST,airline_direct,IndiGo
BLR,HYD,6E,IndiGo,6E 116,2026-10-03,15,economy,,,4553.0,False,23:05,ok,2026-09-18T02:31:01.331880+05:30,2026-09-18_0231IST,airline_direct,IndiGo
BLR,HYD,6E,IndiGo,6E 6583,2026-10-03,15,economy,,,4685.0,False,10:40,ok,2026-09-18T02:31:01.331880+05:30,2026-09-18_0231IST,airline_direct,IndiGo
BLR,HYD,6E,IndiGo,6E 6336,2026-10-03,15,economy,,,4685.0,False,12:25,ok,2026-09-18T02:31:01.331880+05:30,2026-09-18_0231IST,airline_direct,IndiGo
BLR,HYD,6E,IndiGo,6E 6336,2026-10-03,15,economy,,,4685.0,False,12:25,ok,2026-09-18T02:31:01.331880+05:30,2026-09-18_0231IST,airline_direct,IndiGo
BLR,HYD,6E,IndiGo,6E 7204,2026-10-03,15,economy,,,5146.0,False,06:50,ok,2026-09-18T02:31:01.331880+05:30,2026-09-18_0231IST,airline_direct,IndiGo
BLR,HYD,6E,IndiGo,6E 6269,2026-10-03,15,economy,,,5146.0,False,07:15,ok,2026-09-18T02:31:01.331880+05:30,2026-09-18_0231IST,airline_direct,IndiGo
BLR,HYD,6E,IndiGo,6E 7005,2026-10-03,15,economy,,,5146.0,False,08:05,ok,2026-09-18T02:31:01.331880+05:30,2026-09-18_0231IST,airline_direct,IndiGo
BLR,HYD,6E,IndiGo,6E 7005,2026-10-03,15,economy,,,5146.0,False,08:05,ok,2026-09-18T02:31:01.331880+05:30,2026-09-18_0231IST,airline_direct,IndiGo
BLR,HYD,6E,IndiGo,6E 5306,2026-10-03,15,economy,,,5146.0,False,14:15,ok,2026-09-18T02:31:01.331880+05:30,2026-09-18_0231IST,airline_direct,IndiGo
BLR,HYD,6E,IndiGo,6E 6162,2026-10-03,15,economy,,,5146.0,False,18:50,ok,2026-09-18T02:31:01.331880+05:30,2026-09-18_0231IST,airline_direct,IndiGo
BLR,HYD,6E,IndiGo,6E 6653,2026-10-03,15,economy,,,5486.0,False,12:35,ok,2026-09-18T02:31:01.331880+05:30,2026-09-18_0231IST,airline_direct,IndiGo
BLR,HYD,6E,IndiGo,6E 6583,2026-10-03,15,economy,,,5617.0,False,10:40,ok,2026-09-18T02:31:01.331880+05:30,2026-09-18_0231IST,airline_direct,IndiGo
BLR,HYD,6E,IndiGo,6E 7227,2026-10-03,15,economy,,,5729.0,False,06:25,ok,2026-09-18T02:31:01.331880+05:30,2026-09-18_0231IST,airline_direct,IndiGo
BLR,HYD,6E,IndiGo,6E 194,2026-10-03,15,economy,,,5861.0,False,05:30,ok,2026-09-18T02:31:01.331880+05:30,2026-09-18_0231IST,airline_direct,IndiGo
BLR,HYD,6E,IndiGo,6E 6653,2026-10-03,15,economy,,,5861.0,False,12:35,ok,2026-09-18T02:31:01.331880+05:30,2026-09-18_0231IST,airline_direct,IndiGo
BLR,HYD,6E,IndiGo,6E 414,2026-10-03,15,economy,,,5861.0,False,14:45,ok,2026-09-18T02:31:01.331880+05:30,2026-09-18_0231IST,airline_direct,IndiGo
BLR,HYD,6E,IndiGo,6E 7223,2026-10-03,15,economy,,,5861.0,False,15:30,ok,2026-09-18T02:31:01.331880+05:30,2026-09-18_0231IST,airline_direct,IndiGo
BLR,HYD,6E,IndiGo,6E 105,2026-10-03,15,economy,,,5861.0,False,18:50,ok,2026-09-18T02:31:01.331880+05:30,2026-09-18_0231IST,airline_direct,IndiGo
BLR,HYD,6E,IndiGo,6E 441,2026-10-03,15,economy,,,5861.0,False,20:40,ok,2026-09-18T02:31:01.331880+05:30,2026-09-18_0231IST,airline_direct,IndiGo
BLR,HYD,6E,IndiGo,6E 703,2026-10-03,15,economy,,,7767.0,False,12:55,ok,2026-09-18T02:31:01.331880+05:30,2026-09-18_0231IST,airline_direct,IndiGo
BLR,HYD,6E,IndiGo,6E 109,2026-10-03,15,economy,,,7767.0,False,17:00,ok,2026-09-18T02:31:01.331880+05:30,2026-09-18_0231IST,airline_direct,IndiGo
BLR,HYD,6E,IndiGo,6E 7285,2026-10-03,15,economy,,,9247.0,False,06:50,ok,2026-09-18T02:31:01.331880+05:30,2026-09-18_0231IST,airline_direct,IndiGo
BLR,HYD,6E,IndiGo,6E 763,2026-10-03,15,economy,,,9756.0,False,07:10,ok,2026-09-18T02:31:01.331880+05:30,2026-09-18_0231IST,airline_direct,IndiGo
BLR,HYD,6E,IndiGo,6E 116,2026-10-03,15,economy,,,9756.0,False,23:05,ok,2026-09-18T02:31:01.331880+05:30,2026-09-18_0231IST,airline_direct,IndiGo
BLR,HYD,6E,IndiGo,6E 6104,2026-10-03,15,economy,,,13456.0,False,11:40,ok,2026-09-18T02:31:01.331880+05:30,2026-09-18_0231IST,airline_direct,IndiGo
BLR,HYD,6E,IndiGo,6E 6445,2026-10-03,15,economy,,,16398.0,False,10:25,ok,2026-09-18T02:31:01.331880+05:30,2026-09-18_0231IST,airline_direct,IndiGo
BLR,HYD,6E,IndiGo,6E 7176,2026-10-03,15,economy,,,5157.0,False,10:10,ok,2026-09-18T02:31:01.331880+05:30,2026-09-18_0231IST,airline_direct,IndiGo
MAA,DEL,6E,IndiGo,6E 953,2026-10-03,15,business,,,24700.0,False,02:45,ok,2026-09-18T02:32:05.405530+05:30,2026-09-18_0232IST,airline_direct,IndiGo
MAA,DEL,6E,IndiGo,6E 953,2026-10-03,15,economy,,,9830.0,False,02:45,ok,2026-09-18T02:32:05.405530+05:30,2026-09-18_0232IST,airline_direct,IndiGo
MAA,DEL,6E,IndiGo,6E 937,2026-10-03,15,business,,,24700.0,False,06:30,ok,2026-09-18T02:32:05.405530+05:30,2026-09-18_0232IST,airline_direct,IndiGo
MAA,DEL,6E,IndiGo,6E 937,2026-10-03,15,economy,,,9830.0,False,06:30,ok,2026-09-18T02:32:05.405530+05:30,2026-09-18_0232IST,airline_direct,IndiGo
MAA,DEL,6E,IndiGo,6E 404,2026-10-03,15,business,,,24700.0,False,09:15,ok,2026-09-18T02:32:05.405530+05:30,2026-09-18_0232IST,airline_direct,IndiGo
MAA,DEL,6E,IndiGo,6E 404,2026-10-03,15,economy,,,9830.0,False,09:15,ok,2026-09-18T02:32:05.405530+05:30,2026-09-18_0232IST,airline_direct,IndiGo
MAA,DEL,6E,IndiGo,6E 6002,2026-10-03,15,business,,,24700.0,False,11:10,ok,2026-09-18T02:32:05.405530+05:30,2026-09-18_0232IST,airline_direct,IndiGo
MAA,DEL,6E,IndiGo,6E 6002,2026-10-03,15,economy,,,9830.0,False,11:10,ok,2026-09-18T02:32:05.405530+05:30,2026-09-18_0232IST,airline_direct,IndiGo
MAA,DEL,6E,IndiGo,6E 939,2026-10-03,15,business,,,24700.0,False,13:00,ok,2026-09-18T02:32:05.405530+05:30,2026-09-18_0232IST,airline_direct,IndiGo
MAA,DEL,6E,IndiGo,6E 939,2026-10-03,15,economy,,,9830.0,False,13:00,ok,2026-09-18T02:32:05.405530+05:30,2026-09-18_0232IST,airline_direct,IndiGo
MAA,DEL,6E,IndiGo,6E 613,2026-10-03,15,business,,,24700.0,False,19:00,ok,2026-09-18T02:32:05.405530+05:30,2026-09-18_0232IST,airline_direct,IndiGo
MAA,DEL,6E,IndiGo,6E 613,2026-10-03,15,economy,,,9830.0,False,19:00,ok,2026-09-18T02:32:05.405530+05:30,2026-09-18_0232IST,airline_direct,IndiGo
MAA,DEL,6E,IndiGo,6E 951,2026-10-03,15,business,,,24700.0,False,21:50,ok,2026-09-18T02:32:05.405530+05:30,2026-09-18_0232IST,airline_direct,IndiGo
MAA,DEL,6E,IndiGo,6E 951,2026-10-03,15,economy,,,9830.0,False,21:50,ok,2026-09-18T02:32:05.405530+05:30,2026-09-18_0232IST,airline_direct,IndiGo
MAA,DEL,6E,IndiGo,6E 2369,2026-10-03,15,business,,,24700.0,False,23:45,ok,2026-09-18T02:32:05.405530+05:30,2026-09-18_0232IST,airline_direct,IndiGo
MAA,DEL,6E,IndiGo,6E 2369,2026-10-03,15,economy,,,9830.0,False,23:45,ok,2026-09-18T02:32:05.405530+05:30,2026-09-18_0232IST,airline_direct,IndiGo
MAA,DEL,6E,IndiGo,6E 698,2026-10-03,15,business,,,24700.0,False,16:45,ok,2026-09-18T02:32:05.405530+05:30,2026-09-18_0232IST,airline_direct,IndiGo
MAA,DEL,6E,IndiGo,6E 698,2026-10-03,15,economy,,,12426.0,False,16:45,ok,2026-09-18T02:32:05.405530+05:30,2026-09-18_0232IST,airline_direct,IndiGo
MAA,DEL,6E,IndiGo,6E 948,2026-10-03,15,business,,,24700.0,False,14:30,ok,2026-09-18T02:32:05.405530+05:30,2026-09-18_0232IST,airline_direct,IndiGo
MAA,DEL,6E,IndiGo,6E 948,2026-10-03,15,economy,,,15824.0,False,14:30,ok,2026-09-18T02:32:05.405530+05:30,2026-09-18_0232IST,airline_direct,IndiGo
MAA,DEL,6E,IndiGo,6E 253,2026-10-03,15,business,,,28061.0,False,03:10,ok,2026-09-18T02:32:05.405530+05:30,2026-09-18_0232IST,airline_direct,IndiGo
MAA,DEL,6E,IndiGo,6E 253,2026-10-03,15,economy,,,8930.0,False,03:10,ok,2026-09-18T02:32:05.405530+05:30,2026-09-18_0232IST,airline_direct,IndiGo
MAA,DEL,6E,IndiGo,6E 244,2026-10-03,15,economy,,,8930.0,False,03:55,ok,2026-09-18T02:32:05.405530+05:30,2026-09-18_0232IST,airline_direct,IndiGo
MAA,DEL,6E,IndiGo,6E 607,2026-10-03,15,business,,,28061.0,False,04:50,ok,2026-09-18T02:32:05.405530+05:30,2026-09-18_0232IST,airline_direct,IndiGo
MAA,DEL,6E,IndiGo,6E 607,2026-10-03,15,economy,,,8930.0,False,04:50,ok,2026-09-18T02:32:05.405530+05:30,2026-09-18_0232IST,airline_direct,IndiGo
MAA,DEL,6E,IndiGo,6E 495,2026-10-03,15,economy,,,8930.0,False,07:10,ok,2026-09-18T02:32:05.405530+05:30,2026-09-18_0232IST,airline_direct,IndiGo
MAA,DEL,6E,IndiGo,6E 495,2026-10-03,15,economy,,,8930.0,False,07:10,ok,2026-09-18T02:32:05.405530+05:30,2026-09-18_0232IST,airline_direct,IndiGo
MAA,DEL,6E,IndiGo,6E 834,2026-10-03,15,economy,,,8930.0,False,09:05,ok,2026-09-18T02:32:05.405530+05:30,2026-09-18_0232IST,airline_direct,IndiGo
MAA,DEL,6E,IndiGo,6E 991,2026-10-03,15,economy,,,8930.0,False,09:30,ok,2026-09-18T02:32:05.405530+05:30,2026-09-18_0232IST,airline_direct,IndiGo
MAA,DEL,6E,IndiGo,6E 372,2026-10-03,15,economy,,,8930.0,False,09:55,ok,2026-09-18T02:32:05.405530+05:30,2026-09-18_0232IST,airline_direct,IndiGo
MAA,DEL,6E,IndiGo,6E 6079,2026-10-03,15,economy,,,8930.0,False,10:15,ok,2026-09-18T02:32:05.405530+05:30,2026-09-18_0232IST,airline_direct,IndiGo
MAA,DEL,6E,IndiGo,6E 6925,2026-10-03,15,economy,,,8930.0,False,12:00,ok,2026-09-18T02:32:05.405530+05:30,2026-09-18_0232IST,airline_direct,IndiGo
MAA,DEL,6E,IndiGo,6E 6158,2026-10-03,15,economy,,,8930.0,False,16:10,ok,2026-09-18T02:32:05.405530+05:30,2026-09-18_0232IST,airline_direct,IndiGo
MAA,DEL,6E,IndiGo,6E 183,2026-10-03,15,business,,,28887.0,False,16:35,ok,2026-09-18T02:32:05.405530+05:30,2026-09-18_0232IST,airline_direct,IndiGo
MAA,DEL,6E,IndiGo,6E 183,2026-10-03,15,economy,,,8930.0,False,16:35,ok,2026-09-18T02:32:05.405530+05:30,2026-09-18_0232IST,airline_direct,IndiGo
MAA,DEL,6E,IndiGo,6E 848,2026-10-03,15,economy,,,8930.0,False,17:50,ok,2026-09-18T02:32:05.405530+05:30,2026-09-18_0232IST,airline_direct,IndiGo
MAA,DEL,6E,IndiGo,6E 193,2026-10-03,15,economy,,,8930.0,False,20:00,ok,2026-09-18T02:32:05.405530+05:30,2026-09-18_0232IST,airline_direct,IndiGo
MAA,DEL,6E,IndiGo,6E 6487,2026-10-03,15,economy,,,8930.0,False,21:25,ok,2026-09-18T02:32:05.405530+05:30,2026-09-18_0232IST,airline_direct,IndiGo
MAA,DEL,6E,IndiGo,6E 6081,2026-10-03,15,economy,,,9009.0,False,07:05,ok,2026-09-18T02:32:05.405530+05:30,2026-09-18_0232IST,airline_direct,IndiGo
MAA,DEL,6E,IndiGo,6E 6081,2026-10-03,15,economy,,,9009.0,False,07:05,ok,2026-09-18T02:32:05.405530+05:30,2026-09-18_0232IST,airline_direct,IndiGo
MAA,DEL,6E,IndiGo,6E 6815,2026-10-03,15,economy,,,9009.0,False,08:55,ok,2026-09-18T02:32:05.405530+05:30,2026-09-18_0232IST,airline_direct,IndiGo
MAA,DEL,6E,IndiGo,6E 6892,2026-10-03,15,economy,,,9009.0,False,10:55,ok,2026-09-18T02:32:05.405530+05:30,2026-09-18_0232IST,airline_direct,IndiGo
MAA,DEL,6E,IndiGo,6E 6892,2026-10-03,15,economy,,,9009.0,False,10:55,ok,2026-09-18T02:32:05.405530+05:30,2026-09-18_0232IST,airline_direct,IndiGo
MAA,DEL,6E,IndiGo,6E 6209,2026-10-03,15,economy,,,9009.0,False,14:35,ok,2026-09-18T02:32:05.405530+05:30,2026-09-18_0232IST,airline_direct,IndiGo
MAA,DEL,6E,IndiGo,6E 6209,2026-10-03,15,economy,,,9009.0,False,14:35,ok,2026-09-18T02:32:05.405530+05:30,2026-09-18_0232IST,airline_direct,IndiGo
MAA,DEL,6E,IndiGo,6E 847,2026-10-03,15,economy,,,9009.0,False,16:15,ok,2026-09-18T02:32:05.405530+05:30,2026-09-18_0232IST,airline_direct,IndiGo
MAA,DEL,6E,IndiGo,6E 365,2026-10-03,15,economy,,,9009.0,False,17:45,ok,2026-09-18T02:32:05.405530+05:30,2026-09-18_0232IST,airline_direct,IndiGo
MAA,DEL,6E,IndiGo,6E 189,2026-10-03,15,economy,,,9009.0,False,19:05,ok,2026-09-18T02:32:05.405530+05:30,2026-09-18_0232IST,airline_direct,IndiGo
MAA,DEL,6E,IndiGo,6E 796,2026-10-03,15,economy,,,9009.0,False,22:00,ok,2026-09-18T02:32:05.405530+05:30,2026-09-18_0232IST,airline_direct,IndiGo
MAA,DEL,6E,IndiGo,6E 6140,2026-10-03,15,business,,,29944.0,False,02:30,ok,2026-09-18T02:32:05.405530+05:30,2026-09-18_0232IST,airline_direct,IndiGo
MAA,DEL,6E,IndiGo,6E 6140,2026-10-03,15,economy,,,9140.0,False,02:30,ok,2026-09-18T02:32:05.405530+05:30,2026-09-18_0232IST,airline_direct,IndiGo
MAA,DEL,6E,IndiGo,6E 6140,2026-10-03,15,business,,,29944.0,False,02:30,ok,2026-09-18T02:32:05.405530+05:30,2026-09-18_0232IST,airline_direct,IndiGo
MAA,DEL,6E,IndiGo,6E 6140,2026-10-03,15,economy,,,9140.0,False,02:30,ok,2026-09-18T02:32:05.405530+05:30,2026-09-18_0232IST,airline_direct,IndiGo
MAA,DEL,6E,IndiGo,6E 5093,2026-10-03,15,business,,,35375.0,False,05:00,ok,2026-09-18T02:32:05.405530+05:30,2026-09-18_0232IST,airline_direct,IndiGo
MAA,DEL,6E,IndiGo,6E 5093,2026-10-03,15,economy,,,9140.0,False,05:00,ok,2026-09-18T02:32:05.405530+05:30,2026-09-18_0232IST,airline_direct,IndiGo
MAA,DEL,6E,IndiGo,6E 6348,2026-10-03,15,business,,,45110.0,False,09:00,ok,2026-09-18T02:32:05.405530+05:30,2026-09-18_0232IST,airline_direct,IndiGo
MAA,DEL,6E,IndiGo,6E 6348,2026-10-03,15,economy,,,9140.0,False,09:00,ok,2026-09-18T02:32:05.405530+05:30,2026-09-18_0232IST,airline_direct,IndiGo
MAA,DEL,6E,IndiGo,6E 6348,2026-10-03,15,business,,,35375.0,False,09:00,ok,2026-09-18T02:32:05.405530+05:30,2026-09-18_0232IST,airline_direct,IndiGo
MAA,DEL,6E,IndiGo,6E 6348,2026-10-03,15,economy,,,9140.0,False,09:00,ok,2026-09-18T02:32:05.405530+05:30,2026-09-18_0232IST,airline_direct,IndiGo
MAA,DEL,6E,IndiGo,6E 5214,2026-10-03,15,business,,,35375.0,False,11:00,ok,2026-09-18T02:32:05.405530+05:30,2026-09-18_0232IST,airline_direct,IndiGo
MAA,DEL,6E,IndiGo,6E 5214,2026-10-03,15,economy,,,9140.0,False,11:00,ok,2026-09-18T02:32:05.405530+05:30,2026-09-18_0232IST,airline_direct,IndiGo
MAA,DEL,6E,IndiGo,6E 5258,2026-10-03,15,business,,,35375.0,False,12:45,ok,2026-09-18T02:32:05.405530+05:30,2026-09-18_0232IST,airline_direct,IndiGo
MAA,DEL,6E,IndiGo,6E 5258,2026-10-03,15,economy,,,9140.0,False,12:45,ok,2026-09-18T02:32:05.405530+05:30,2026-09-18_0232IST,airline_direct,IndiGo
MAA,DEL,6E,IndiGo,6E 5371,2026-10-03,15,business,,,35375.0,False,14:45,ok,2026-09-18T02:32:05.405530+05:30,2026-09-18_0232IST,airline_direct,IndiGo
MAA,DEL,6E,IndiGo,6E 5371,2026-10-03,15,economy,,,9140.0,False,14:45,ok,2026-09-18T02:32:05.405530+05:30,2026-09-18_0232IST,airline_direct,IndiGo
MAA,DEL,6E,IndiGo,6E 986,2026-10-03,15,business,,,34226.0,False,15:05,ok,2026-09-18T02:32:05.405530+05:30,2026-09-18_0232IST,airline_direct,IndiGo
MAA,DEL,6E,IndiGo,6E 986,2026-10-03,15,economy,,,9140.0,False,15:05,ok,2026-09-18T02:32:05.405530+05:30,2026-09-18_0232IST,airline_direct,IndiGo
MAA,DEL,6E,IndiGo,6E 6113,2026-10-03,15,economy,,,9140.0,False,17:00,ok,2026-09-18T02:32:05.405530+05:30,2026-09-18_0232IST,airline_direct,IndiGo
MAA,DEL,6E,IndiGo,6E 5367,2026-10-03,15,business,,,35375.0,False,18:15,ok,2026-09-18T02:32:05.405530+05:30,2026-09-18_0232IST,airline_direct,IndiGo
MAA,DEL,6E,IndiGo,6E 5367,2026-10-03,15,economy,,,9140.0,False,18:15,ok,2026-09-18T02:32:05.405530+05:30,2026-09-18_0232IST,airline_direct,IndiGo
MAA,DEL,6E,IndiGo,6E 6225,2026-10-03,15,business,,,35375.0,False,22:30,ok,2026-09-18T02:32:05.405530+05:30,2026-09-18_0232IST,airline_direct,IndiGo
MAA,DEL,6E,IndiGo,6E 6225,2026-10-03,15,economy,,,9140.0,False,22:30,ok,2026-09-18T02:32:05.405530+05:30,2026-09-18_0232IST,airline_direct,IndiGo
MAA,DEL,6E,IndiGo,6E 597,2026-10-03,15,economy,,,9297.0,False,17:45,ok,2026-09-18T02:32:05.405530+05:30,2026-09-18_0232IST,airline_direct,IndiGo
MAA,DEL,6E,IndiGo,6E 6797,2026-10-03,15,economy,,,9409.0,False,13:10,ok,2026-09-18T02:32:05.405530+05:30,2026-09-18_0232IST,airline_direct,IndiGo
MAA,DEL,6E,IndiGo,6E 834,2026-10-03,15,economy,,,9619.0,False,09:05,ok,2026-09-18T02:32:05.405530+05:30,2026-09-18_0232IST,airline_direct,IndiGo
MAA,DEL,6E,IndiGo,6E 973,2026-10-03,15,business,,,37425.0,False,11:55,ok,2026-09-18T02:32:05.405530+05:30,2026-09-18_0232IST,airline_direct,IndiGo
MAA,DEL,6E,IndiGo,6E 973,2026-10-03,15,economy,,,9619.0,False,11:55,ok,2026-09-18T02:32:05.405530+05:30,2026-09-18_0232IST,airline_direct,IndiGo
MAA,DEL,6E,IndiGo,6E 561,2026-10-03,15,business,,,29241.0,False,22:20,ok,2026-09-18T02:32:05.405530+05:30,2026-09-18_0232IST,airline_direct,IndiGo
MAA,DEL,6E,IndiGo,6E 561,2026-10-03,15,economy,,,10376.0,False,22:20,ok,2026-09-18T02:32:05.405530+05:30,2026-09-18_0232IST,airline_direct,IndiGo
MAA,DEL,6E,IndiGo,6E 6812,2026-10-03,15,economy,,,10454.0,False,20:00,ok,2026-09-18T02:32:05.405530+05:30,2026-09-18_0232IST,airline_direct,IndiGo
MAA,DEL,6E,IndiGo,6E 588,2026-10-03,15,business,,,37189.0,False,17:40,ok,2026-09-18T02:32:05.405530+05:30,2026-09-18_0232IST,airline_direct,IndiGo
MAA,DEL,6E,IndiGo,6E 588,2026-10-03,15,economy,,,10586.0,False,17:40,ok,2026-09-18T02:32:05.405530+05:30,2026-09-18_0232IST,airline_direct,IndiGo
MAA,DEL,6E,IndiGo,6E 401,2026-10-03,15,economy,,,11208.0,False,08:10,ok,2026-09-18T02:32:05.405530+05:30,2026-09-18_0232IST,airline_direct,IndiGo
MAA,DEL,6E,IndiGo,6E 562,2026-10-03,15,economy,,,11208.0,False,18:20,ok,2026-09-18T02:32:05.405530+05:30,2026-09-18_0232IST,airline_direct,IndiGo
MAA,DEL,6E,IndiGo,6E 7084,2026-10-03,15,economy,,,11992.0,False,07:20,ok,2026-09-18T02:32:05.405530+05:30,2026-09-18_0232IST,airline_direct,IndiGo
MAA,DEL,6E,IndiGo,6E 321,2026-10-03,15,economy,,,12333.0,False,08:20,ok,2026-09-18T02:32:05.405530+05:30,2026-09-18_0232IST,airline_direct,IndiGo
