origin,destination,carrier_code,carrier_name,flight_num,travel_date,advance_purchase_days,fare_class,base_fare,taxes_and_fees,total_fare,fare_split_estimated,departure_time,status,scraped_at,capture_run,source,source_name
DEL,BOM,6E,IndiGo,6E 449,2026-09-11,1,business,,,24260.0,False,05:00,ok,2026-09-10T01:29:26.767388+05:30,2026-09-10_0129IST,airline_direct,IndiGo
DEL,BOM,6E,IndiGo,6E 449,2026-09-11,1,economy,,,6305.0,False,05:00,ok,2026-09-10T01:29:26.767388+05:30,2026-09-10_0129IST,airline_direct,IndiGo
DEL,BOM,6E,IndiGo,6E 6218,2026-09-11,1,business,,,24260.0,False,06:05,ok,2026-09-10T01:29:26.767388+05:30,2026-09-10_0129IST,airline_direct,IndiGo
DEL,BOM,6E,IndiGo,6E 6218,2026-09-11,1,economy,,,6305.0,False,06:05,ok,2026-09-10T01:29:26.767388+05:30,2026-09-10_0129IST,airline_direct,IndiGo
DEL,BOM,6E,IndiGo,6E 675,2026-09-11,1,business,,,33500.0,False,08:45,ok,2026-09-10T01:29:26.767388+05:30,2026-09-10_0129IST,airline_direct,IndiGo
DEL,BOM,6E,IndiGo,6E 675,2026-09-11,1,economy,,,6305.0,False,08:45,ok,2026-09-10T01:29:26.767388+05:30,2026-09-10_0129IST,airline_direct,IndiGo
DEL,BOM,6E,IndiGo,6E 6107,2026-09-11,1,business,,,24260.0,False,09:30,ok,2026-09-10T01:29:26.767388+05:30,2026-09-10_0129IST,airline_direct,IndiGo
DEL,BOM,6E,IndiGo,6E 6107,2026-09-11,1,economy,,,6305.0,False,09:30,ok,2026-09-10T01:29:26.767388+05:30,2026-09-10_0129IST,airline_direct,IndiGo
DEL,BOM,6E,IndiGo,6E 6328,2026-09-11,1,business,,,24260.0,False,10:15,ok,2026-09-10T01:29:26.767388+05:30,2026-09-10_0129IST,airline_direct,IndiGo
DEL,BOM,6E,IndiGo,6E 6328,2026-09-11,1,economy,,,6305.0,False,10:15,ok,2026-09-10T01:29:26.767388+05:30,2026-09-10_0129IST,airline_direct,IndiGo
DEL,BOM,6E,IndiGo,6E 6676,2026-09-11,1,business,,,24260.0,False,12:00,ok,2026-09-10T01:29:26.767388+05:30,2026-09-10_0129IST,airline_direct,IndiGo
DEL,BOM,6E,IndiGo,6E 6676,2026-09-11,1,economy,,,6305.0,False,12:00,ok,2026-09-10T01:29:26.767388+05:30,2026-09-10_0129IST,airline_direct,IndiGo
DEL,BOM,6E,IndiGo,6E 6022,2026-09-11,1,business,,,24260.0,False,14:00,ok,2026-09-10T01:29:26.767388+05:30,2026-09-10_0129IST,airline_direct,IndiGo
DEL,BOM,6E,IndiGo,6E 6022,2026-09-11,1,economy,,,6305.0,False,14:00,ok,2026-09-10T01:29:26.767388+05:30,2026-09-10_0129IST,airline_direct,IndiGo
DEL,BOM,6E,IndiGo,6E 6318,2026-09-11,1,business,,,24260.0,False,14:45,ok,2026-09-10T01:29:26.767388+05:30,2026-09-10_0129IST,airline_direct,IndiGo
DEL,BOM,6E,IndiGo,6E 6318,2026-09-11,1,economy,,,6305.0,False,14:45,ok,2026-09-10T01:29:26.767388+05:30,2026-09-10_0129IST,airline_direct,IndiGo
DEL,BOM,6E,IndiGo,6E 6814,2026-09-11,1,business,,,24260.0,False,07:15,ok,2026-09-10T01:29:26.767388+05:30,2026-09-10_0129IST,airline_direct,IndiGo
DEL,BOM,6E,IndiGo,6E 6814,2026-09-11,1,economy,,,6357.0,False,07:15,ok,2026-09-10T01:29:26.767388+05:30,2026-09-10_0129IST,airline_direct,IndiGo
DEL,BOM,6E,IndiGo,6E 320,2026-09-11,1,business,,,28443.0,False,08:00,ok,2026-09-10T01:29:26.767388+05:30,2026-09-10_0129IST,airline_direct,IndiGo
DEL,BOM,6E,IndiGo,6E 320,2026-09-11,1,economy,,,6357.0,False,08:00,ok,2026-09-10T01:29:26.767388+05:30,2026-09-10_0129IST,airline_direct,IndiGo
DEL,BOM,6E,IndiGo,6E 6047,2026-09-11,1,business,,,28443.0,False,11:00,ok,2026-09-10T01:29:26.767388+05:30,2026-09-10_0129IST,airline_direct,IndiGo
DEL,BOM,6E,IndiGo,6E 6047,2026-09-11,1,economy,,,6357.0,False,11:00,ok,2026-09-10T01:29:26.767388+05:30,2026-09-10_0129IST,airline_direct,IndiGo
DEL,BOM,6E,IndiGo,6E 324,2026-09-11,1,business,,,24260.0,False,13:00,ok,2026-09-10T01:29:26.767388+05:30,2026-09-10_0129IST,airline_direct,IndiGo
DEL,BOM,6E,IndiGo,6E 324,2026-09-11,1,economy,,,6431.0,False,13:00,ok,2026-09-10T01:29:26.767388+05:30,2026-09-10_0129IST,airline_direct,IndiGo
DEL,BOM,6E,IndiGo,6E 864,2026-09-11,1,business,,,24260.0,False,15:30,ok,2026-09-10T01:29:26.767388+05:30,2026-09-10_0129IST,airline_direct,IndiGo
DEL,BOM,6E,IndiGo,6E 864,2026-09-11,1,economy,,,6431.0,False,15:30,ok,2026-09-10T01:29:26.767388+05:30,2026-09-10_0129IST,airline_direct,IndiGo
DEL,BOM,6E,IndiGo,6E 327,2026-09-11,1,business,,,24260.0,False,16:15,ok,2026-09-10T01:29:26.767388+05:30,2026-09-10_0129IST,airline_direct,IndiGo
DEL,BOM,6E,IndiGo,6E 327,2026-09-11,1,economy,,,8105.0,False,16:15,ok,2026-09-10T01:29:26.767388+05:30,2026-09-10_0129IST,airline_direct,IndiGo
DEL,BOM,6E,IndiGo,6E 6706,2026-09-11,1,business,,,28443.0,False,17:00,ok,2026-09-10T01:29:26.767388+05:30,2026-09-10_0129IST,airline_direct,IndiGo
DEL,BOM,6E,IndiGo,6E 6706,2026-09-11,1,economy,,,9995.0,False,17:00,ok,2026-09-10T01:29:26.767388+05:30,2026-09-10_0129IST,airline_direct,IndiGo
DEL,BOM,6E,IndiGo,6E 6114,2026-09-11,1,business,,,28443.0,False,22:45,ok,2026-09-10T01:29:26.767388+05:30,2026-09-10_0129IST,airline_direct,IndiGo
DEL,BOM,6E,IndiGo,6E 6114,2026-09-11,1,economy,,,13145.0,False,22:45,ok,2026-09-10T01:29:26.767388+05:30,2026-09-10_0129IST,airline_direct,IndiGo
DEL,BOM,6E,IndiGo,6E 322,2026-09-11,1,business,,,24260.0,False,23:30,ok,2026-09-10T01:29:26.767388+05:30,2026-09-10_0129IST,airline_direct,IndiGo
DEL,BOM,6E,IndiGo,6E 322,2026-09-11,1,economy,,,13145.0,False,23:30,ok,2026-09-10T01:29:26.767388+05:30,2026-09-10_0129IST,airline_direct,IndiGo
DEL,BOM,6E,IndiGo,6E 329,2026-09-11,1,business,,,33500.0,False,18:00,ok,2026-09-10T01:29:26.767388+05:30,2026-09-10_0129IST,airline_direct,IndiGo
DEL,BOM,6E,IndiGo,6E 329,2026-09-11,1,economy,,,16715.0,False,18:00,ok,2026-09-10T01:29:26.767388+05:30,2026-09-10_0129IST,airline_direct,IndiGo
DEL,BOM,6E,IndiGo,6E 303,2026-09-11,1,business,,,33500.0,False,20:00,ok,2026-09-10T01:29:26.767388+05:30,2026-09-10_0129IST,airline_direct,IndiGo
DEL,BOM,6E,IndiGo,6E 303,2026-09-11,1,economy,,,16715.0,False,20:00,ok,2026-09-10T01:29:26.767388+05:30,2026-09-10_0129IST,airline_direct,IndiGo
DEL,BOM,6E,IndiGo,6E 853,2026-09-11,1,business,,,33500.0,False,20:45,ok,2026-09-10T01:29:26.767388+05:30,2026-09-10_0129IST,airline_direct,IndiGo
DEL,BOM,6E,IndiGo,6E 853,2026-09-11,1,economy,,,16715.0,False,20:45,ok,2026-09-10T01:29:26.767388+05:30,2026-09-10_0129IST,airline_direct,IndiGo
DEL,BOM,6E,IndiGo,6E 395,2026-09-11,1,business,,,28443.0,False,21:45,ok,2026-09-10T01:29:26.767388+05:30,2026-09-10_0129IST,airline_direct,IndiGo
DEL,BOM,6E,IndiGo,6E 395,2026-09-11,1,economy,,,16715.0,False,21:45,ok,2026-09-10T01:29:26.767388+05:30,2026-09-10_0129IST,airline_direct,IndiGo
DEL,BOM,6E,IndiGo,6E 354,2026-09-11,1,business,,,33500.0,False,19:00,ok,2026-09-10T01:29:26.767388+05:30,2026-09-10_0129IST,airline_direct,IndiGo
DEL,BOM,6E,IndiGo,6E 354,2026-09-11,1,economy,,,19130.0,False,19:00,ok,2026-09-10T01:29:26.767388+05:30,2026-09-10_0129IST,airline_direct,IndiGo
DEL,BOM,6E,IndiGo,6E 2298,2026-09-11,1,economy,,,6090.0,False,09:45,ok,2026-09-10T01:29:26.767388+05:30,2026-09-10_0129IST,airline_direct,IndiGo
DEL,BOM,6E,IndiGo,6E 6569,2026-09-11,1,economy,,,6222.0,False,05:00,ok,2026-09-10T01:29:26.767388+05:30,2026-09-10_0129IST,airline_direct,IndiGo
DEL,BOM,6E,IndiGo,6E 6459,2026-09-11,1,economy,,,6222.0,False,05:55,ok,2026-09-10T01:29:26.767388+05:30,2026-09-10_0129IST,airline_direct,IndiGo
DEL,BOM,6E,IndiGo,6E 6050,2026-09-11,1,economy,,,6300.0,False,08:15,ok,2026-09-10T01:29:26.767388+05:30,2026-09-10_0129IST,airline_direct,IndiGo
DEL,BOM,6E,IndiGo,6E 5298,2026-09-11,1,economy,,,6300.0,False,09:00,ok,2026-09-10T01:29:26.767388+05:30,2026-09-10_0129IST,airline_direct,IndiGo
DEL,BOM,6E,IndiGo,6E 5206,2026-09-11,1,economy,,,6300.0,False,13:20,ok,2026-09-10T01:29:26.767388+05:30,2026-09-10_0129IST,airline_direct,IndiGo
DEL,BOM,6E,IndiGo,6E 6497,2026-09-11,1,economy,,,6903.0,False,18:40,ok,2026-09-10T01:29:26.767388+05:30,2026-09-10_0129IST,airline_direct,IndiGo
DEL,BOM,6E,IndiGo,6E 5033,2026-09-11,1,economy,,,7080.0,False,15:50,ok,2026-09-10T01:29:26.767388+05:30,2026-09-10_0129IST,airline_direct,IndiGo
DEL,BOM,6E,IndiGo,6E 6983,2026-09-11,1,economy,,,7650.0,False,15:35,ok,2026-09-10T01:29:26.767388+05:30,2026-09-10_0129IST,airline_direct,IndiGo
DEL,BOM,6E,IndiGo,6E 6443,2026-09-11,1,economy,,,7781.0,False,09:00,ok,2026-09-10T01:29:26.767388+05:30,2026-09-10_0129IST,airline_direct,IndiGo
DEL,BOM,6E,IndiGo,6E 6171,2026-09-11,1,economy,,,8276.0,False,05:40,ok,2026-09-10T01:29:26.767388+05:30,2026-09-10_0129IST,airline_direct,IndiGo
DEL,BOM,6E,IndiGo,6E 2496,2026-09-11,1,economy,,,9620.0,False,12:40,ok,2026-09-10T01:29:26.767388+05:30,2026-09-10_0129IST,airline_direct,IndiGo
DEL,BOM,6E,IndiGo,6E 6479,2026-09-11,1,economy,,,9822.0,False,21:25,ok,2026-09-10T01:29:26.767388+05:30,2026-09-10_0129IST,airline_direct,IndiGo
DEL,BOM,6E,IndiGo,6E 6476,2026-09-11,1,economy,,,9915.0,False,07:05,ok,2026-09-10T01:29:26.767388+05:30,2026-09-10_0129IST,airline_direct,IndiGo
DEL,BOM,6E,IndiGo,6E 2381,2026-09-11,1,economy,,,10062.0,False,13:45,ok,2026-09-10T01:29:26.767388+05:30,2026-09-10_0129IST,airline_direct,IndiGo
DEL,BOM,6E,IndiGo,6E 2151,2026-09-11,1,economy,,,10335.0,False,19:45,ok,2026-09-10T01:29:26.767388+05:30,2026-09-10_0129IST,airline_direct,IndiGo
DEL,BOM,6E,IndiGo,6E 2349,2026-09-11,1,economy,,,10938.0,False,10:55,ok,2026-09-10T01:29:26.767388+05:30,2026-09-10_0129IST,airline_direct,IndiGo
DEL,BOM,6E,IndiGo,6E 6261,2026-09-11,1,economy,,,12848.0,False,00:15,ok,2026-09-10T01:29:26.767388+05:30,2026-09-10_0129IST,airline_direct,IndiGo
DEL,BOM,6E,IndiGo,6E 6433,2026-09-11,1,economy,,,13457.0,False,16:30,ok,2026-09-10T01:29:26.767388+05:30,2026-09-10_0129IST,airline_direct,IndiGo
DEL,BOM,6E,IndiGo,6E 2331,2026-09-11,1,economy,,,13579.0,False,12:20,ok,2026-09-10T01:29:26.767388+05:30,2026-09-10_0129IST,airline_direct,IndiGo
DEL,BOM,6E,IndiGo,6E 2249,2026-09-11,1,economy,,,13710.0,False,15:00,ok,2026-09-10T01:29:26.767388+05:30,2026-09-10_0129IST,airline_direct,IndiGo
DEL,BOM,6E,IndiGo,6E 6829,2026-09-11,1,economy,,,13710.0,False,17:20,ok,2026-09-10T01:29:26.767388+05:30,2026-09-10_0129IST,airline_direct,IndiGo
DEL,BOM,6E,IndiGo,6E 5038,2026-09-11,1,economy,,,13789.0,False,14:00,ok,2026-09-10T01:29:26.767388+05:30,2026-09-10_0129IST,airline_direct,IndiGo
DEL,BOM,6E,IndiGo,6E 6282,2026-09-11,1,business,,,40956.0,False,13:30,ok,2026-09-10T01:29:26.767388+05:30,2026-09-10_0129IST,airline_direct,IndiGo
DEL,BOM,6E,IndiGo,6E 6282,2026-09-11,1,economy,,,13920.0,False,13:30,ok,2026-09-10T01:29:26.767388+05:30,2026-09-10_0129IST,airline_direct,IndiGo
DEL,BOM,6E,IndiGo,6E 2169,2026-09-11,1,economy,,,13975.0,False,19:40,ok,2026-09-10T01:29:26.767388+05:30,2026-09-10_0129IST,airline_direct,IndiGo
DEL,BOM,6E,IndiGo,6E 5119,2026-09-11,1,economy,,,14317.0,False,05:10,ok,2026-09-10T01:29:26.767388+05:30,2026-09-10_0129IST,airline_direct,IndiGo
DEL,BOM,6E,IndiGo,6E 6488,2026-09-11,1,economy,,,14925.0,False,11:20,ok,2026-09-10T01:29:26.767388+05:30,2026-09-10_0129IST,airline_direct,IndiGo
DEL,BOM,6E,IndiGo,6E 6829,2026-09-11,1,economy,,,14970.0,False,17:20,ok,2026-09-10T01:29:26.767388+05:30,2026-09-10_0129IST,airline_direct,IndiGo
DEL,BOM,6E,IndiGo,6E 5138,2026-09-11,1,economy,,,16099.0,False,19:10,ok,2026-09-10T01:29:26.767388+05:30,2026-09-10_0129IST,airline_direct,IndiGo
DEL,BOM,6E,IndiGo,6E 5119,2026-09-11,1,economy,,,16992.0,False,05:10,ok,2026-09-10T01:29:26.767388+05:30,2026-09-10_0129IST,airline_direct,IndiGo
DEL,BOM,6E,IndiGo,6E 6293,2026-09-11,1,business,,,36166.0,False,09:55,ok,2026-09-10T01:29:26.767388+05:30,2026-09-10_0129IST,airline_direct,IndiGo
DEL,BOM,6E,IndiGo,6E 6293,2026-09-11,1,economy,,,17939.0,False,09:55,ok,2026-09-10T01:29:26.767388+05:30,2026-09-10_0129IST,airline_direct,IndiGo
DEL,BOM,6E,IndiGo,6E 2076,2026-09-11,1,economy,,,18023.0,False,07:30,ok,2026-09-10T01:29:26.767388+05:30,2026-09-10_0129IST,airline_direct,IndiGo
DEL,BOM,6E,IndiGo,6E 882,2026-09-11,1,business,,,35492.0,False,23:15,ok,2026-09-10T01:29:26.767388+05:30,2026-09-10_0129IST,airline_direct,IndiGo
DEL,BOM,6E,IndiGo,6E 882,2026-09-11,1,economy,,,18059.0,False,23:15,ok,2026-09-10T01:29:26.767388+05:30,2026-09-10_0129IST,airline_direct,IndiGo
DEL,BOM,6E,IndiGo,6E 5014,2026-09-11,1,economy,,,18131.0,False,18:30,ok,2026-09-10T01:29:26.767388+05:30,2026-09-10_0129IST,airline_direct,IndiGo
DEL,BOM,6E,IndiGo,6E 705,2026-09-11,1,business,,,36166.0,False,08:30,ok,2026-09-10T01:29:26.767388+05:30,2026-09-10_0129IST,airline_direct,IndiGo
DEL,BOM,6E,IndiGo,6E 705,2026-09-11,1,economy,,,19552.0,False,08:30,ok,2026-09-10T01:29:26.767388+05:30,2026-09-10_0129IST,airline_direct,IndiGo
DEL,BOM,6E,IndiGo,6E 357,2026-09-11,1,economy,,,20422.0,False,19:30,ok,2026-09-10T01:29:26.767388+05:30,2026-09-10_0129IST,airline_direct,IndiGo
DEL,BOM,6E,IndiGo,6E 5073,2026-09-11,1,economy,,,20986.0,False,17:05,ok,2026-09-10T01:29:26.767388+05:30,2026-09-10_0129IST,airline_direct,IndiGo
DEL,BOM,6E,IndiGo,6E 358,2026-09-11,1,economy,,,21406.0,False,12:15,ok,2026-09-10T01:29:26.767388+05:30,2026-09-10_0129IST,airline_direct,IndiGo
DEL,BOM,6E,IndiGo,6E 2341,2026-09-11,1,economy,,,21624.0,False,14:50,ok,2026-09-10T01:29:26.767388+05:30,2026-09-10_0129IST,airline_direct,IndiGo
DEL,BOM,6E,IndiGo,6E 931,2026-09-11,1,economy,,,22935.0,False,19:35,ok,2026-09-10T01:29:26.767388+05:30,2026-09-10_0129IST,airline_direct,IndiGo
DEL,BOM,6E,IndiGo,6E 5073,2026-09-11,1,economy,,,23301.0,False,17:05,ok,2026-09-10T01:29:26.767388+05:30,2026-09-10_0129IST,airline_direct,IndiGo
DEL,BOM,6E,IndiGo,6E 2013,2026-09-11,1,economy,,,24711.0,False,21:50,ok,2026-09-10T01:29:26.767388+05:30,2026-09-10_0129IST,airline_direct,IndiGo
DEL,BOM,6E,IndiGo,6E 6601,2026-09-11,1,business,,,40956.0,False,19:45,ok,2026-09-10T01:29:26.767388+05:30,2026-09-10_0129IST,airline_direct,IndiGo
DEL,BOM,6E,IndiGo,6E 6601,2026-09-11,1,economy,,,28112.0,False,19:45,ok,2026-09-10T01:29:26.767388+05:30,2026-09-10_0129IST,airline_direct,IndiGo
DEL,BOM,6E,IndiGo,6E 6212,2026-09-11,1,business,,,40956.0,False,14:45,ok,2026-09-10T01:29:26.767388+05:30,2026-09-10_0129IST,airline_direct,IndiGo
DEL,BLR,6E,IndiGo,6E 873,2026-09-11,1,business,,,29942.0,False,08:20,ok,2026-09-10T01:30:37.123167+05:30,2026-09-10_0130IST,airline_direct,IndiGo
DEL,BLR,6E,IndiGo,6E 873,2026-09-11,1,economy,,,8671.0,False,08:20,ok,2026-09-10T01:30:37.123167+05:30,2026-09-10_0130IST,airline_direct,IndiGo
DEL,BLR,6E,IndiGo,6E 871,2026-09-11,1,business,,,29942.0,False,23:30,ok,2026-09-10T01:30:37.123167+05:30,2026-09-10_0130IST,airline_direct,IndiGo
DEL,BLR,6E,IndiGo,6E 871,2026-09-11,1,economy,,,8671.0,False,23:30,ok,2026-09-10T01:30:37.123167+05:30,2026-09-10_0130IST,airline_direct,IndiGo
DEL,BLR,6E,IndiGo,6E 2314,2026-09-11,1,business,,,29942.0,False,05:45,ok,2026-09-10T01:30:37.123167+05:30,2026-09-10_0130IST,airline_direct,IndiGo
DEL,BLR,6E,IndiGo,6E 2314,2026-09-11,1,economy,,,9128.0,False,05:45,ok,2026-09-10T01:30:37.123167+05:30,2026-09-10_0130IST,airline_direct,IndiGo
DEL,BLR,6E,IndiGo,6E 810,2026-09-11,1,business,,,29942.0,False,07:05,ok,2026-09-10T01:30:37.123167+05:30,2026-09-10_0130IST,airline_direct,IndiGo
DEL,BLR,6E,IndiGo,6E 810,2026-09-11,1,economy,,,9128.0,False,07:05,ok,2026-09-10T01:30:37.123167+05:30,2026-09-10_0130IST,airline_direct,IndiGo
DEL,BLR,6E,IndiGo,6E 826,2026-09-11,1,business,,,31228.0,False,09:30,ok,2026-09-10T01:30:37.123167+05:30,2026-09-10_0130IST,airline_direct,IndiGo
DEL,BLR,6E,IndiGo,6E 826,2026-09-11,1,economy,,,9128.0,False,09:30,ok,2026-09-10T01:30:37.123167+05:30,2026-09-10_0130IST,airline_direct,IndiGo
DEL,BLR,6E,IndiGo,6E 842,2026-09-11,1,business,,,29942.0,False,10:45,ok,2026-09-10T01:30:37.123167+05:30,2026-09-10_0130IST,airline_direct,IndiGo
DEL,BLR,6E,IndiGo,6E 842,2026-09-11,1,economy,,,9128.0,False,10:45,ok,2026-09-10T01:30:37.123167+05:30,2026-09-10_0130IST,airline_direct,IndiGo
DEL,BLR,6E,IndiGo,6E 176,2026-09-11,1,business,,,29942.0,False,13:15,ok,2026-09-10T01:30:37.123167+05:30,2026-09-10_0130IST,airline_direct,IndiGo
DEL,BLR,6E,IndiGo,6E 176,2026-09-11,1,economy,,,9128.0,False,13:15,ok,2026-09-10T01:30:37.123167+05:30,2026-09-10_0130IST,airline_direct,IndiGo
DEL,BLR,6E,IndiGo,6E 828,2026-09-11,1,business,,,29942.0,False,14:30,ok,2026-09-10T01:30:37.123167+05:30,2026-09-10_0130IST,airline_direct,IndiGo
DEL,BLR,6E,IndiGo,6E 828,2026-09-11,1,economy,,,9128.0,False,14:30,ok,2026-09-10T01:30:37.123167+05:30,2026-09-10_0130IST,airline_direct,IndiGo
DEL,BLR,6E,IndiGo,6E 820,2026-09-11,1,business,,,29942.0,False,03:00,ok,2026-09-10T01:30:37.123167+05:30,2026-09-10_0130IST,airline_direct,IndiGo
DEL,BLR,6E,IndiGo,6E 820,2026-09-11,1,economy,,,9613.0,False,03:00,ok,2026-09-10T01:30:37.123167+05:30,2026-09-10_0130IST,airline_direct,IndiGo
DEL,BLR,6E,IndiGo,6E 850,2026-09-11,1,business,,,29942.0,False,12:20,ok,2026-09-10T01:30:37.123167+05:30,2026-09-10_0130IST,airline_direct,IndiGo
DEL,BLR,6E,IndiGo,6E 850,2026-09-11,1,economy,,,9613.0,False,12:20,ok,2026-09-10T01:30:37.123167+05:30,2026-09-10_0130IST,airline_direct,IndiGo
DEL,BLR,6E,IndiGo,6E 880,2026-09-11,1,business,,,29942.0,False,15:45,ok,2026-09-10T01:30:37.123167+05:30,2026-09-10_0130IST,airline_direct,IndiGo
DEL,BLR,6E,IndiGo,6E 880,2026-09-11,1,economy,,,9613.0,False,15:45,ok,2026-09-10T01:30:37.123167+05:30,2026-09-10_0130IST,airline_direct,IndiGo
DEL,BLR,6E,IndiGo,6E 837,2026-09-11,1,business,,,31228.0,False,17:00,ok,2026-09-10T01:30:37.123167+05:30,2026-09-10_0130IST,airline_direct,IndiGo
DEL,BLR,6E,IndiGo,6E 837,2026-09-11,1,economy,,,10128.0,False,17:00,ok,2026-09-10T01:30:37.123167+05:30,2026-09-10_0130IST,airline_direct,IndiGo
DEL,BLR,6E,IndiGo,6E 846,2026-09-11,1,business,,,29942.0,False,22:00,ok,2026-09-10T01:30:37.123167+05:30,2026-09-10_0130IST,airline_direct,IndiGo
DEL,BLR,6E,IndiGo,6E 846,2026-09-11,1,economy,,,10128.0,False,22:00,ok,2026-09-10T01:30:37.123167+05:30,2026-09-10_0130IST,airline_direct,IndiGo
DEL,BLR,6E,IndiGo,6E 6515,2026-09-11,1,business,,,29942.0,False,20:45,ok,2026-09-10T01:30:37.123167+05:30,2026-09-10_0130IST,airline_direct,IndiGo
DEL,BLR,6E,IndiGo,6E 6515,2026-09-11,1,economy,,,11257.0,False,20:45,ok,2026-09-10T01:30:37.123167+05:30,2026-09-10_0130IST,airline_direct,IndiGo
DEL,BLR,6E,IndiGo,6E 811,2026-09-11,1,business,,,29942.0,False,18:20,ok,2026-09-10T01:30:37.123167+05:30,2026-09-10_0130IST,airline_direct,IndiGo
DEL,BLR,6E,IndiGo,6E 811,2026-09-11,1,economy,,,11873.0,False,18:20,ok,2026-09-10T01:30:37.123167+05:30,2026-09-10_0130IST,airline_direct,IndiGo
DEL,BLR,6E,IndiGo,6E 861,2026-09-11,1,business,,,29942.0,False,19:30,ok,2026-09-10T01:30:37.123167+05:30,2026-09-10_0130IST,airline_direct,IndiGo
DEL,BLR,6E,IndiGo,6E 861,2026-09-11,1,economy,,,12529.0,False,19:30,ok,2026-09-10T01:30:37.123167+05:30,2026-09-10_0130IST,airline_direct,IndiGo
DEL,BLR,6E,IndiGo,6E 6459,2026-09-11,1,economy,,,8491.0,False,05:55,ok,2026-09-10T01:30:37.123167+05:30,2026-09-10_0130IST,airline_direct,IndiGo
DEL,BLR,6E,IndiGo,6E 6476,2026-09-11,1,economy,,,8570.0,False,07:05,ok,2026-09-10T01:30:37.123167+05:30,2026-09-10_0130IST,airline_direct,IndiGo
DEL,BLR,6E,IndiGo,6E 940,2026-09-11,1,economy,,,8570.0,False,09:15,ok,2026-09-10T01:30:37.123167+05:30,2026-09-10_0130IST,airline_direct,IndiGo
DEL,BLR,6E,IndiGo,6E 2319,2026-09-11,1,economy,,,8570.0,False,09:55,ok,2026-09-10T01:30:37.123167+05:30,2026-09-10_0130IST,airline_direct,IndiGo
DEL,BLR,6E,IndiGo,6E 6226,2026-09-11,1,economy,,,8570.0,False,15:10,ok,2026-09-10T01:30:37.123167+05:30,2026-09-10_0130IST,airline_direct,IndiGo
DEL,BLR,6E,IndiGo,6E 5033,2026-09-11,1,economy,,,8570.0,False,15:50,ok,2026-09-10T01:30:37.123167+05:30,2026-09-10_0130IST,airline_direct,IndiGo
DEL,BLR,6E,IndiGo,6E 2151,2026-09-11,1,economy,,,8570.0,False,19:45,ok,2026-09-10T01:30:37.123167+05:30,2026-09-10_0130IST,airline_direct,IndiGo
DEL,BLR,6E,IndiGo,6E 5001,2026-09-11,1,economy,,,8727.0,False,17:10,ok,2026-09-10T01:30:37.123167+05:30,2026-09-10_0130IST,airline_direct,IndiGo
DEL,BLR,6E,IndiGo,6E 5191,2026-09-11,1,business,,,36178.0,False,05:00,ok,2026-09-10T01:30:37.123167+05:30,2026-09-10_0130IST,airline_direct,IndiGo
DEL,BLR,6E,IndiGo,6E 5191,2026-09-11,1,economy,,,8911.0,False,05:00,ok,2026-09-10T01:30:37.123167+05:30,2026-09-10_0130IST,airline_direct,IndiGo
DEL,BLR,6E,IndiGo,6E 6433,2026-09-11,1,economy,,,8951.0,False,16:30,ok,2026-09-10T01:30:37.123167+05:30,2026-09-10_0130IST,airline_direct,IndiGo
DEL,BLR,6E,IndiGo,6E 6632,2026-09-11,1,economy,,,9239.0,False,17:50,ok,2026-09-10T01:30:37.123167+05:30,2026-09-10_0130IST,airline_direct,IndiGo
DEL,BLR,6E,IndiGo,6E 320,2026-09-11,1,business,,,44135.0,False,08:00,ok,2026-09-10T01:30:37.123167+05:30,2026-09-10_0130IST,airline_direct,IndiGo
DEL,BLR,6E,IndiGo,6E 320,2026-09-11,1,economy,,,10707.0,False,08:00,ok,2026-09-10T01:30:37.123167+05:30,2026-09-10_0130IST,airline_direct,IndiGo
DEL,BLR,6E,IndiGo,6E 434,2026-09-11,1,economy,,,10786.0,False,11:00,ok,2026-09-10T01:30:37.123167+05:30,2026-09-10_0130IST,airline_direct,IndiGo
DEL,BLR,6E,IndiGo,6E 5038,2026-09-11,1,economy,,,11677.0,False,14:00,ok,2026-09-10T01:30:37.123167+05:30,2026-09-10_0130IST,airline_direct,IndiGo
DEL,BLR,6E,IndiGo,6E 769,2026-09-11,1,economy,,,11677.0,False,15:45,ok,2026-09-10T01:30:37.123167+05:30,2026-09-10_0130IST,airline_direct,IndiGo
DEL,BLR,6E,IndiGo,6E 6497,2026-09-11,1,economy,,,11808.0,False,18:40,ok,2026-09-10T01:30:37.123167+05:30,2026-09-10_0130IST,airline_direct,IndiGo
DEL,BLR,6E,IndiGo,6E 2343,2026-09-11,1,business,,,28035.0,False,02:20,ok,2026-09-10T01:30:37.123167+05:30,2026-09-10_0130IST,airline_direct,IndiGo
DEL,BLR,6E,IndiGo,6E 2343,2026-09-11,1,economy,,,12848.0,False,02:20,ok,2026-09-10T01:30:37.123167+05:30,2026-09-10_0130IST,airline_direct,IndiGo
DEL,BLR,6E,IndiGo,6E 884,2026-09-11,1,economy,,,13520.0,False,11:45,ok,2026-09-10T01:30:37.123167+05:30,2026-09-10_0130IST,airline_direct,IndiGo
DEL,BLR,6E,IndiGo,6E 6282,2026-09-11,1,economy,,,13520.0,False,13:30,ok,2026-09-10T01:30:37.123167+05:30,2026-09-10_0130IST,airline_direct,IndiGo
DEL,BLR,6E,IndiGo,6E 2349,2026-09-11,1,economy,,,13580.0,False,10:55,ok,2026-09-10T01:30:37.123167+05:30,2026-09-10_0130IST,airline_direct,IndiGo
DEL,BLR,6E,IndiGo,6E 513,2026-09-11,1,business,,,38656.0,False,08:30,ok,2026-09-10T01:30:37.123167+05:30,2026-09-10_0130IST,airline_direct,IndiGo
DEL,BLR,6E,IndiGo,6E 513,2026-09-11,1,economy,,,14072.0,False,08:30,ok,2026-09-10T01:30:37.123167+05:30,2026-09-10_0130IST,airline_direct,IndiGo
DEL,BLR,6E,IndiGo,6E 6282,2026-09-11,1,economy,,,14703.0,False,13:30,ok,2026-09-10T01:30:37.123167+05:30,2026-09-10_0130IST,airline_direct,IndiGo
DEL,BLR,6E,IndiGo,6E 6212,2026-09-11,1,economy,,,14703.0,False,14:45,ok,2026-09-10T01:30:37.123167+05:30,2026-09-10_0130IST,airline_direct,IndiGo
DEL,BLR,6E,IndiGo,6E 2277,2026-09-11,1,economy,,,14913.0,False,10:25,ok,2026-09-10T01:30:37.123167+05:30,2026-09-10_0130IST,airline_direct,IndiGo
DEL,BLR,6E,IndiGo,6E 6293,2026-09-11,1,economy,,,16003.0,False,09:55,ok,2026-09-10T01:30:37.123167+05:30,2026-09-10_0130IST,airline_direct,IndiGo
DEL,BLR,6E,IndiGo,6E 2557,2026-09-11,1,economy,,,16047.0,False,15:20,ok,2026-09-10T01:30:37.123167+05:30,2026-09-10_0130IST,airline_direct,IndiGo
DEL,BLR,6E,IndiGo,6E 2364,2026-09-11,1,economy,,,16370.0,False,04:50,ok,2026-09-10T01:30:37.123167+05:30,2026-09-10_0130IST,airline_direct,IndiGo
DEL,BLR,6E,IndiGo,6E 5119,2026-09-11,1,economy,,,16729.0,False,05:10,ok,2026-09-10T01:30:37.123167+05:30,2026-09-10_0130IST,airline_direct,IndiGo
DEL,BLR,6E,IndiGo,6E 6470,2026-09-11,1,economy,,,17563.0,False,06:55,ok,2026-09-10T01:30:37.123167+05:30,2026-09-10_0130IST,airline_direct,IndiGo
DEL,BLR,6E,IndiGo,6E 6217,2026-09-11,1,economy,,,19002.0,False,16:15,ok,2026-09-10T01:30:37.123167+05:30,2026-09-10_0130IST,airline_direct,IndiGo
DEL,BLR,6E,IndiGo,6E 2618,2026-09-11,1,business,,,27808.0,False,23:00,ok,2026-09-10T01:30:37.123167+05:30,2026-09-10_0130IST,airline_direct,IndiGo
DEL,BLR,6E,IndiGo,6E 2618,2026-09-11,1,economy,,,20520.0,False,23:00,ok,2026-09-10T01:30:37.123167+05:30,2026-09-10_0130IST,airline_direct,IndiGo
DEL,BLR,6E,IndiGo,6E 6217,2026-09-11,1,economy,,,21418.0,False,16:15,ok,2026-09-10T01:30:37.123167+05:30,2026-09-10_0130IST,airline_direct,IndiGo
DEL,BLR,6E,IndiGo,6E 717,2026-09-11,1,economy,,,21418.0,False,17:55,ok,2026-09-10T01:30:37.123167+05:30,2026-09-10_0130IST,airline_direct,IndiGo
DEL,BLR,6E,IndiGo,6E 6829,2026-09-11,1,economy,,,22998.0,False,17:20,ok,2026-09-10T01:30:37.123167+05:30,2026-09-10_0130IST,airline_direct,IndiGo
DEL,BLR,6E,IndiGo,6E 6673,2026-09-11,1,economy,,,24428.0,False,21:15,ok,2026-09-10T01:30:37.123167+05:30,2026-09-10_0130IST,airline_direct,IndiGo
DEL,BLR,6E,IndiGo,6E 6022,2026-09-11,1,business,,,44106.0,False,14:00,ok,2026-09-10T01:30:37.123167+05:30,2026-09-10_0130IST,airline_direct,IndiGo
DEL,BLR,6E,IndiGo,6E 6022,2026-09-11,1,economy,,,25391.0,False,14:00,ok,2026-09-10T01:30:37.123167+05:30,2026-09-10_0130IST,airline_direct,IndiGo
DEL,BLR,6E,IndiGo,6E 6047,2026-09-11,1,business,,,47705.0,False,11:00,ok,2026-09-10T01:30:37.123167+05:30,2026-09-10_0130IST,airline_direct,IndiGo
DEL,BLR,6E,IndiGo,6E 6047,2026-09-11,1,economy,,,25862.0,False,11:00,ok,2026-09-10T01:30:37.123167+05:30,2026-09-10_0130IST,airline_direct,IndiGo
DEL,BLR,6E,IndiGo,6E 5073,2026-09-11,1,economy,,,27140.0,False,17:05,ok,2026-09-10T01:30:37.123167+05:30,2026-09-10_0130IST,airline_direct,IndiGo
DEL,BLR,6E,IndiGo,6E 2132,2026-09-11,1,business,,,41041.0,False,09:40,ok,2026-09-10T01:30:37.123167+05:30,2026-09-10_0130IST,airline_direct,IndiGo
DEL,BLR,6E,IndiGo,6E 2132,2026-09-11,1,economy,,,29241.0,False,09:40,ok,2026-09-10T01:30:37.123167+05:30,2026-09-10_0130IST,airline_direct,IndiGo
DEL,BLR,6E,IndiGo,6E 6437,2026-09-11,1,economy,,,30512.0,False,16:25,ok,2026-09-10T01:30:37.123167+05:30,2026-09-10_0130IST,airline_direct,IndiGo
DEL,BLR,6E,IndiGo,6E 931,2026-09-11,1,economy,,,31343.0,False,19:35,ok,2026-09-10T01:30:37.123167+05:30,2026-09-10_0130IST,airline_direct,IndiGo
DEL,BLR,6E,IndiGo,6E 853,2026-09-11,1,business,,,47911.0,False,20:45,ok,2026-09-10T01:30:37.123167+05:30,2026-09-10_0130IST,airline_direct,IndiGo
DEL,BLR,6E,IndiGo,6E 853,2026-09-11,1,economy,,,32048.0,False,20:45,ok,2026-09-10T01:30:37.123167+05:30,2026-09-10_0130IST,airline_direct,IndiGo
DEL,BLR,6E,IndiGo,6E 864,2026-09-11,1,business,,,47367.0,False,15:30,ok,2026-09-10T01:30:37.123167+05:30,2026-09-10_0130IST,airline_direct,IndiGo
DEL,BLR,6E,IndiGo,6E 6706,2026-09-11,1,business,,,50966.0,False,17:00,ok,2026-09-10T01:30:37.123167+05:30,2026-09-10_0130IST,airline_direct,IndiGo
DEL,BLR,6E,IndiGo,6E 329,2026-09-11,1,business,,,54742.0,False,18:00,ok,2026-09-10T01:30:37.123167+05:30,2026-09-10_0130IST,airline_direct,IndiGo
DEL,BLR,6E,IndiGo,6E 329,2026-09-11,1,business,,,54742.0,False,18:00,ok,2026-09-10T01:30:37.123167+05:30,2026-09-10_0130IST,airline_direct,IndiGo
BOM,BLR,6E,IndiGo,6E 5296,2026-09-11,1,business,,,22488.0,False,06:30,ok,2026-09-10T01:31:43.754283+05:30,2026-09-10_0131IST,airline_direct,IndiGo
BOM,BLR,6E,IndiGo,6E 5296,2026-09-11,1,economy,,,11787.0,False,06:30,ok,2026-09-10T01:31:43.754283+05:30,2026-09-10_0131IST,airline_direct,IndiGo
BOM,BLR,6E,IndiGo,6E 5193,2026-09-11,1,economy,,,11787.0,False,08:05,ok,2026-09-10T01:31:43.754283+05:30,2026-09-10_0131IST,airline_direct,IndiGo
BOM,BLR,6E,IndiGo,6E 5323,2026-09-11,1,business,,,22488.0,False,01:10,ok,2026-09-10T01:31:43.754283+05:30,2026-09-10_0131IST,airline_direct,IndiGo
BOM,BLR,6E,IndiGo,6E 5323,2026-09-11,1,economy,,,11821.0,False,01:10,ok,2026-09-10T01:31:43.754283+05:30,2026-09-10_0131IST,airline_direct,IndiGo
BOM,BLR,6E,IndiGo,6E 5294,2026-09-11,1,business,,,22488.0,False,04:30,ok,2026-09-10T01:31:43.754283+05:30,2026-09-10_0131IST,airline_direct,IndiGo
BOM,BLR,6E,IndiGo,6E 5294,2026-09-11,1,economy,,,11821.0,False,04:30,ok,2026-09-10T01:31:43.754283+05:30,2026-09-10_0131IST,airline_direct,IndiGo
BOM,BLR,6E,IndiGo,6E 5092,2026-09-11,1,business,,,26688.0,False,09:50,ok,2026-09-10T01:31:43.754283+05:30,2026-09-10_0131IST,airline_direct,IndiGo
BOM,BLR,6E,IndiGo,6E 5092,2026-09-11,1,economy,,,12522.0,False,09:50,ok,2026-09-10T01:31:43.754283+05:30,2026-09-10_0131IST,airline_direct,IndiGo
BOM,BLR,6E,IndiGo,6E 5217,2026-09-11,1,business,,,26688.0,False,11:00,ok,2026-09-10T01:31:43.754283+05:30,2026-09-10_0131IST,airline_direct,IndiGo
BOM,BLR,6E,IndiGo,6E 5217,2026-09-11,1,economy,,,13362.0,False,11:00,ok,2026-09-10T01:31:43.754283+05:30,2026-09-10_0131IST,airline_direct,IndiGo
BOM,BLR,6E,IndiGo,6E 5184,2026-09-11,1,business,,,22488.0,False,12:30,ok,2026-09-10T01:31:43.754283+05:30,2026-09-10_0131IST,airline_direct,IndiGo
BOM,BLR,6E,IndiGo,6E 5184,2026-09-11,1,economy,,,13362.0,False,12:30,ok,2026-09-10T01:31:43.754283+05:30,2026-09-10_0131IST,airline_direct,IndiGo
BOM,BLR,6E,IndiGo,6E 5382,2026-09-11,1,economy,,,15252.0,False,14:30,ok,2026-09-10T01:31:43.754283+05:30,2026-09-10_0131IST,airline_direct,IndiGo
BOM,BLR,6E,IndiGo,6E 5071,2026-09-11,1,business,,,26688.0,False,15:35,ok,2026-09-10T01:31:43.754283+05:30,2026-09-10_0131IST,airline_direct,IndiGo
BOM,BLR,6E,IndiGo,6E 5071,2026-09-11,1,economy,,,19701.0,False,15:35,ok,2026-09-10T01:31:43.754283+05:30,2026-09-10_0131IST,airline_direct,IndiGo
BOM,BLR,6E,IndiGo,6E 5221,2026-09-11,1,business,,,26688.0,False,17:00,ok,2026-09-10T01:31:43.754283+05:30,2026-09-10_0131IST,airline_direct,IndiGo
BOM,BLR,6E,IndiGo,6E 5221,2026-09-11,1,economy,,,19701.0,False,17:00,ok,2026-09-10T01:31:43.754283+05:30,2026-09-10_0131IST,airline_direct,IndiGo
BOM,BLR,6E,IndiGo,6E 5047,2026-09-11,1,business,,,26688.0,False,18:30,ok,2026-09-10T01:31:43.754283+05:30,2026-09-10_0131IST,airline_direct,IndiGo
BOM,BLR,6E,IndiGo,6E 5032,2026-09-11,1,business,,,31148.0,False,19:55,ok,2026-09-10T01:31:43.754283+05:30,2026-09-10_0131IST,airline_direct,IndiGo
BOM,BLR,6E,IndiGo,6E 6188,2026-09-11,1,business,,,31148.0,False,21:30,ok,2026-09-10T01:31:43.754283+05:30,2026-09-10_0131IST,airline_direct,IndiGo
BOM,BLR,6E,IndiGo,6E 5388,2026-09-11,1,business,,,31148.0,False,22:20,ok,2026-09-10T01:31:43.754283+05:30,2026-09-10_0131IST,airline_direct,IndiGo
BOM,BLR,6E,IndiGo,6E 6701,2026-09-11,1,economy,,,12421.0,False,05:35,ok,2026-09-10T01:31:43.754283+05:30,2026-09-10_0131IST,airline_direct,IndiGo
BOM,BLR,6E,IndiGo,6E 6701,2026-09-11,1,economy,,,12421.0,False,05:35,ok,2026-09-10T01:31:43.754283+05:30,2026-09-10_0131IST,airline_direct,IndiGo
BOM,BLR,6E,IndiGo,6E 911,2026-09-11,1,economy,,,13489.0,False,01:30,ok,2026-09-10T01:31:43.754283+05:30,2026-09-10_0131IST,airline_direct,IndiGo
BOM,BLR,6E,IndiGo,6E 632,2026-09-11,1,economy,,,13489.0,False,04:00,ok,2026-09-10T01:31:43.754283+05:30,2026-09-10_0131IST,airline_direct,IndiGo
BOM,BLR,6E,IndiGo,6E 5188,2026-09-11,1,economy,,,13489.0,False,06:15,ok,2026-09-10T01:31:43.754283+05:30,2026-09-10_0131IST,airline_direct,IndiGo
BOM,BLR,6E,IndiGo,6E 673,2026-09-11,1,economy,,,13489.0,False,12:30,ok,2026-09-10T01:31:43.754283+05:30,2026-09-10_0131IST,airline_direct,IndiGo
BOM,BLR,6E,IndiGo,6E 6701,2026-09-11,1,economy,,,14181.0,False,05:35,ok,2026-09-10T01:31:43.754283+05:30,2026-09-10_0131IST,airline_direct,IndiGo
BOM,BLR,6E,IndiGo,6E 6361,2026-09-11,1,economy,,,14322.0,False,05:00,ok,2026-09-10T01:31:43.754283+05:30,2026-09-10_0131IST,airline_direct,IndiGo
BOM,BLR,6E,IndiGo,6E 5109,2026-09-11,1,economy,,,14663.0,False,09:35,ok,2026-09-10T01:31:43.754283+05:30,2026-09-10_0131IST,airline_direct,IndiGo
BOM,BLR,6E,IndiGo,6E 5241,2026-09-11,1,economy,,,15612.0,False,16:40,ok,2026-09-10T01:31:43.754283+05:30,2026-09-10_0131IST,airline_direct,IndiGo
BOM,BLR,6E,IndiGo,6E 5241,2026-09-11,1,economy,,,15612.0,False,16:40,ok,2026-09-10T01:31:43.754283+05:30,2026-09-10_0131IST,airline_direct,IndiGo
BOM,BLR,6E,IndiGo,6E 5126,2026-09-11,1,economy,,,15954.0,False,18:15,ok,2026-09-10T01:31:43.754283+05:30,2026-09-10_0131IST,airline_direct,IndiGo
BOM,BLR,6E,IndiGo,6E 2237,2026-09-11,1,economy,,,15954.0,False,18:40,ok,2026-09-10T01:31:43.754283+05:30,2026-09-10_0131IST,airline_direct,IndiGo
BOM,BLR,6E,IndiGo,6E 6137,2026-09-11,1,economy,,,15954.0,False,23:00,ok,2026-09-10T01:31:43.754283+05:30,2026-09-10_0131IST,airline_direct,IndiGo
BOM,BLR,6E,IndiGo,6E 6802,2026-09-11,1,economy,,,17127.0,False,16:55,ok,2026-09-10T01:31:43.754283+05:30,2026-09-10_0131IST,airline_direct,IndiGo
BOM,BLR,6E,IndiGo,6E 240,2026-09-11,1,economy,,,17237.0,False,15:45,ok,2026-09-10T01:31:43.754283+05:30,2026-09-10_0131IST,airline_direct,IndiGo
BOM,BLR,6E,IndiGo,6E 5201,2026-09-11,1,economy,,,17373.0,False,14:55,ok,2026-09-10T01:31:43.754283+05:30,2026-09-10_0131IST,airline_direct,IndiGo
BOM,BLR,6E,IndiGo,6E 5107,2026-09-11,1,economy,,,17373.0,False,20:00,ok,2026-09-10T01:31:43.754283+05:30,2026-09-10_0131IST,airline_direct,IndiGo
BOM,BLR,6E,IndiGo,6E 6187,2026-09-11,1,economy,,,17424.0,False,00:30,ok,2026-09-10T01:31:43.754283+05:30,2026-09-10_0131IST,airline_direct,IndiGo
BOM,BLR,6E,IndiGo,6E 5188,2026-09-11,1,economy,,,17645.0,False,06:15,ok,2026-09-10T01:31:43.754283+05:30,2026-09-10_0131IST,airline_direct,IndiGo
BOM,BLR,6E,IndiGo,6E 6057,2026-09-11,1,economy,,,18206.0,False,09:15,ok,2026-09-10T01:31:43.754283+05:30,2026-09-10_0131IST,airline_direct,IndiGo
BOM,BLR,6E,IndiGo,6E 5313,2026-09-11,1,economy,,,18386.0,False,09:50,ok,2026-09-10T01:31:43.754283+05:30,2026-09-10_0131IST,airline_direct,IndiGo
BOM,BLR,6E,IndiGo,6E 6674,2026-09-11,1,economy,,,18716.0,False,09:05,ok,2026-09-10T01:31:43.754283+05:30,2026-09-10_0131IST,airline_direct,IndiGo
BOM,BLR,6E,IndiGo,6E 2011,2026-09-11,1,economy,,,19922.0,False,13:35,ok,2026-09-10T01:31:43.754283+05:30,2026-09-10_0131IST,airline_direct,IndiGo
BOM,BLR,6E,IndiGo,6E 2093,2026-09-11,1,economy,,,20281.0,False,22:45,ok,2026-09-10T01:31:43.754283+05:30,2026-09-10_0131IST,airline_direct,IndiGo
BOM,BLR,6E,IndiGo,6E 6599,2026-09-11,1,economy,,,21277.0,False,16:50,ok,2026-09-10T01:31:43.754283+05:30,2026-09-10_0131IST,airline_direct,IndiGo
BOM,BLR,6E,IndiGo,6E 5246,2026-09-11,1,economy,,,21636.0,False,07:15,ok,2026-09-10T01:31:43.754283+05:30,2026-09-10_0131IST,airline_direct,IndiGo
BOM,BLR,6E,IndiGo,6E 5318,2026-09-11,1,economy,,,21636.0,False,10:15,ok,2026-09-10T01:31:43.754283+05:30,2026-09-10_0131IST,airline_direct,IndiGo
BOM,BLR,6E,IndiGo,6E 5178,2026-09-11,1,economy,,,21636.0,False,11:45,ok,2026-09-10T01:31:43.754283+05:30,2026-09-10_0131IST,airline_direct,IndiGo
BOM,BLR,6E,IndiGo,6E 673,2026-09-11,1,economy,,,21996.0,False,12:30,ok,2026-09-10T01:31:43.754283+05:30,2026-09-10_0131IST,airline_direct,IndiGo
BOM,BLR,6E,IndiGo,6E 5318,2026-09-11,1,economy,,,22852.0,False,10:15,ok,2026-09-10T01:31:43.754283+05:30,2026-09-10_0131IST,airline_direct,IndiGo
BOM,BLR,6E,IndiGo,6E 5318,2026-09-11,1,economy,,,22852.0,False,10:15,ok,2026-09-10T01:31:43.754283+05:30,2026-09-10_0131IST,airline_direct,IndiGo
BOM,BLR,6E,IndiGo,6E 5318,2026-09-11,1,economy,,,22852.0,False,10:15,ok,2026-09-10T01:31:43.754283+05:30,2026-09-10_0131IST,airline_direct,IndiGo
BOM,BLR,6E,IndiGo,6E 5178,2026-09-11,1,economy,,,22852.0,False,11:45,ok,2026-09-10T01:31:43.754283+05:30,2026-09-10_0131IST,airline_direct,IndiGo
BOM,BLR,6E,IndiGo,6E 5178,2026-09-11,1,economy,,,22852.0,False,11:45,ok,2026-09-10T01:31:43.754283+05:30,2026-09-10_0131IST,airline_direct,IndiGo
BOM,BLR,6E,IndiGo,6E 5178,2026-09-11,1,economy,,,22852.0,False,11:45,ok,2026-09-10T01:31:43.754283+05:30,2026-09-10_0131IST,airline_direct,IndiGo
BOM,BLR,6E,IndiGo,6E 437,2026-09-11,1,economy,,,22941.0,False,17:10,ok,2026-09-10T01:31:43.754283+05:30,2026-09-10_0131IST,airline_direct,IndiGo
BOM,BLR,6E,IndiGo,6E 5313,2026-09-11,1,economy,,,23105.0,False,09:50,ok,2026-09-10T01:31:43.754283+05:30,2026-09-10_0131IST,airline_direct,IndiGo
BOM,BLR,6E,IndiGo,6E 6349,2026-09-11,1,economy,,,23105.0,False,11:40,ok,2026-09-10T01:31:43.754283+05:30,2026-09-10_0131IST,airline_direct,IndiGo
BOM,BLR,6E,IndiGo,6E 5123,2026-09-11,1,economy,,,24742.0,False,14:40,ok,2026-09-10T01:31:43.754283+05:30,2026-09-10_0131IST,airline_direct,IndiGo
BOM,BLR,6E,IndiGo,6E 5386,2026-09-11,1,economy,,,24952.0,False,15:10,ok,2026-09-10T01:31:43.754283+05:30,2026-09-10_0131IST,airline_direct,IndiGo
BOM,BLR,6E,IndiGo,6E 5386,2026-09-11,1,economy,,,24952.0,False,15:10,ok,2026-09-10T01:31:43.754283+05:30,2026-09-10_0131IST,airline_direct,IndiGo
BOM,BLR,6E,IndiGo,6E 5386,2026-09-11,1,economy,,,24952.0,False,15:10,ok,2026-09-10T01:31:43.754283+05:30,2026-09-10_0131IST,airline_direct,IndiGo
BOM,BLR,6E,IndiGo,6E 5386,2026-09-11,1,economy,,,24952.0,False,15:10,ok,2026-09-10T01:31:43.754283+05:30,2026-09-10_0131IST,airline_direct,IndiGo
BOM,BLR,6E,IndiGo,6E 5228,2026-09-11,1,economy,,,25792.0,False,16:45,ok,2026-09-10T01:31:43.754283+05:30,2026-09-10_0131IST,airline_direct,IndiGo
BOM,BLR,6E,IndiGo,6E 5228,2026-09-11,1,economy,,,25792.0,False,16:45,ok,2026-09-10T01:31:43.754283+05:30,2026-09-10_0131IST,airline_direct,IndiGo
DEL,CCU,6E,IndiGo,unknown,2026-09-11,1,unknown,,,,False,unknown,error,2026-09-10T01:32:54.679292+05:30,2026-09-10_0132IST,airline_direct,IndiGo
BLR,HYD,6E,IndiGo,error,2026-09-11,1,unknown,,,,False,unknown,error,2026-09-10T01:35:24.337724+05:30,2026-09-10_0135IST,airline_direct,IndiGo
MAA,DEL,6E,IndiGo,6E 6002,2026-09-11,1,business,,,28240.0,False,11:10,ok,2026-09-10T01:37:39.642432+05:30,2026-09-10_0137IST,airline_direct,IndiGo
MAA,DEL,6E,IndiGo,6E 6002,2026-09-11,1,economy,,,9830.0,False,11:10,ok,2026-09-10T01:37:39.642432+05:30,2026-09-10_0137IST,airline_direct,IndiGo
MAA,DEL,6E,IndiGo,6E 939,2026-09-11,1,business,,,28240.0,False,13:00,ok,2026-09-10T01:37:39.642432+05:30,2026-09-10_0137IST,airline_direct,IndiGo
MAA,DEL,6E,IndiGo,6E 939,2026-09-11,1,economy,,,9830.0,False,13:00,ok,2026-09-10T01:37:39.642432+05:30,2026-09-10_0137IST,airline_direct,IndiGo
MAA,DEL,6E,IndiGo,6E 404,2026-09-11,1,business,,,28240.0,False,09:15,ok,2026-09-10T01:37:39.642432+05:30,2026-09-10_0137IST,airline_direct,IndiGo
MAA,DEL,6E,IndiGo,6E 404,2026-09-11,1,economy,,,10295.0,False,09:15,ok,2026-09-10T01:37:39.642432+05:30,2026-09-10_0137IST,airline_direct,IndiGo
MAA,DEL,6E,IndiGo,6E 937,2026-09-11,1,business,,,30280.0,False,06:30,ok,2026-09-10T01:37:39.642432+05:30,2026-09-10_0137IST,airline_direct,IndiGo
MAA,DEL,6E,IndiGo,6E 937,2026-09-11,1,economy,,,10785.0,False,06:30,ok,2026-09-10T01:37:39.642432+05:30,2026-09-10_0137IST,airline_direct,IndiGo
MAA,DEL,6E,IndiGo,6E 948,2026-09-11,1,business,,,28240.0,False,14:30,ok,2026-09-10T01:37:39.642432+05:30,2026-09-10_0137IST,airline_direct,IndiGo
MAA,DEL,6E,IndiGo,6E 948,2026-09-11,1,economy,,,10785.0,False,14:30,ok,2026-09-10T01:37:39.642432+05:30,2026-09-10_0137IST,airline_direct,IndiGo
MAA,DEL,6E,IndiGo,6E 2369,2026-09-11,1,business,,,28240.0,False,23:45,ok,2026-09-10T01:37:39.642432+05:30,2026-09-10_0137IST,airline_direct,IndiGo
MAA,DEL,6E,IndiGo,6E 2369,2026-09-11,1,economy,,,17460.0,False,23:45,ok,2026-09-10T01:37:39.642432+05:30,2026-09-10_0137IST,airline_direct,IndiGo
MAA,DEL,6E,IndiGo,6E 698,2026-09-11,1,business,,,28240.0,False,16:45,ok,2026-09-10T01:37:39.642432+05:30,2026-09-10_0137IST,airline_direct,IndiGo
MAA,DEL,6E,IndiGo,6E 698,2026-09-11,1,economy,,,18347.0,False,16:45,ok,2026-09-10T01:37:39.642432+05:30,2026-09-10_0137IST,airline_direct,IndiGo
MAA,DEL,6E,IndiGo,6E 951,2026-09-11,1,business,,,28240.0,False,21:50,ok,2026-09-10T01:37:39.642432+05:30,2026-09-10_0137IST,airline_direct,IndiGo
MAA,DEL,6E,IndiGo,6E 951,2026-09-11,1,economy,,,19283.0,False,21:50,ok,2026-09-10T01:37:39.642432+05:30,2026-09-10_0137IST,airline_direct,IndiGo
MAA,DEL,6E,IndiGo,6E 613,2026-09-11,1,business,,,30280.0,False,19:00,ok,2026-09-10T01:37:39.642432+05:30,2026-09-10_0137IST,airline_direct,IndiGo
MAA,DEL,6E,IndiGo,6E 613,2026-09-11,1,economy,,,22411.0,False,19:00,ok,2026-09-10T01:37:39.642432+05:30,2026-09-10_0137IST,airline_direct,IndiGo
MAA,DEL,6E,IndiGo,6E 973,2026-09-11,1,economy,,,10376.0,False,11:55,ok,2026-09-10T01:37:39.642432+05:30,2026-09-10_0137IST,airline_direct,IndiGo
MAA,DEL,6E,IndiGo,6E 6892,2026-09-11,1,economy,,,10454.0,False,10:55,ok,2026-09-10T01:37:39.642432+05:30,2026-09-10_0137IST,airline_direct,IndiGo
MAA,DEL,6E,IndiGo,6E 6005,2026-09-11,1,economy,,,10454.0,False,15:45,ok,2026-09-10T01:37:39.642432+05:30,2026-09-10_0137IST,airline_direct,IndiGo
MAA,DEL,6E,IndiGo,6E 726,2026-09-11,1,economy,,,10454.0,False,18:20,ok,2026-09-10T01:37:39.642432+05:30,2026-09-10_0137IST,airline_direct,IndiGo
MAA,DEL,6E,IndiGo,6E 5314,2026-09-11,1,business,,,39741.0,False,06:45,ok,2026-09-10T01:37:39.642432+05:30,2026-09-10_0137IST,airline_direct,IndiGo
MAA,DEL,6E,IndiGo,6E 5314,2026-09-11,1,economy,,,10586.0,False,06:45,ok,2026-09-10T01:37:39.642432+05:30,2026-09-10_0137IST,airline_direct,IndiGo
MAA,DEL,6E,IndiGo,6E 981,2026-09-11,1,economy,,,10586.0,False,13:50,ok,2026-09-10T01:37:39.642432+05:30,2026-09-10_0137IST,airline_direct,IndiGo
MAA,DEL,6E,IndiGo,6E 495,2026-09-11,1,economy,,,11208.0,False,07:10,ok,2026-09-10T01:37:39.642432+05:30,2026-09-10_0137IST,airline_direct,IndiGo
MAA,DEL,6E,IndiGo,6E 372,2026-09-11,1,economy,,,11208.0,False,09:55,ok,2026-09-10T01:37:39.642432+05:30,2026-09-10_0137IST,airline_direct,IndiGo
MAA,DEL,6E,IndiGo,6E 848,2026-09-11,1,economy,,,11208.0,False,17:50,ok,2026-09-10T01:37:39.642432+05:30,2026-09-10_0137IST,airline_direct,IndiGo
MAA,DEL,6E,IndiGo,6E 6892,2026-09-11,1,economy,,,11287.0,False,10:55,ok,2026-09-10T01:37:39.642432+05:30,2026-09-10_0137IST,airline_direct,IndiGo
MAA,DEL,6E,IndiGo,6E 7199,2026-09-11,1,economy,,,12202.0,False,15:05,ok,2026-09-10T01:37:39.642432+05:30,2026-09-10_0137IST,airline_direct,IndiGo
MAA,DEL,6E,IndiGo,6E 495,2026-09-11,1,economy,,,12366.0,False,07:10,ok,2026-09-10T01:37:39.642432+05:30,2026-09-10_0137IST,airline_direct,IndiGo
MAA,DEL,6E,IndiGo,6E 6518,2026-09-11,1,economy,,,12648.0,False,12:15,ok,2026-09-10T01:37:39.642432+05:30,2026-09-10_0137IST,airline_direct,IndiGo
MAA,DEL,6E,IndiGo,6E 834,2026-09-11,1,economy,,,13307.0,False,09:05,ok,2026-09-10T01:37:39.642432+05:30,2026-09-10_0137IST,airline_direct,IndiGo
MAA,DEL,6E,IndiGo,6E 834,2026-09-11,1,economy,,,13307.0,False,09:05,ok,2026-09-10T01:37:39.642432+05:30,2026-09-10_0137IST,airline_direct,IndiGo
MAA,DEL,6E,IndiGo,6E 321,2026-09-11,1,business,,,38179.0,False,08:20,ok,2026-09-10T01:37:39.642432+05:30,2026-09-10_0137IST,airline_direct,IndiGo
MAA,DEL,6E,IndiGo,6E 321,2026-09-11,1,economy,,,13339.0,False,08:20,ok,2026-09-10T01:37:39.642432+05:30,2026-09-10_0137IST,airline_direct,IndiGo
MAA,DEL,6E,IndiGo,6E 6348,2026-09-11,1,business,,,43340.0,False,09:00,ok,2026-09-10T01:37:39.642432+05:30,2026-09-10_0137IST,airline_direct,IndiGo
MAA,DEL,6E,IndiGo,6E 6348,2026-09-11,1,economy,,,13339.0,False,09:00,ok,2026-09-10T01:37:39.642432+05:30,2026-09-10_0137IST,airline_direct,IndiGo
MAA,DEL,6E,IndiGo,6E 6815,2026-09-11,1,economy,,,14072.0,False,08:55,ok,2026-09-10T01:37:39.642432+05:30,2026-09-10_0137IST,airline_direct,IndiGo
MAA,DEL,6E,IndiGo,6E 193,2026-09-11,1,economy,,,14234.0,False,20:00,ok,2026-09-10T01:37:39.642432+05:30,2026-09-10_0137IST,airline_direct,IndiGo
MAA,DEL,6E,IndiGo,6E 6081,2026-09-11,1,economy,,,14621.0,False,07:05,ok,2026-09-10T01:37:39.642432+05:30,2026-09-10_0137IST,airline_direct,IndiGo
MAA,DEL,6E,IndiGo,6E 6815,2026-09-11,1,economy,,,14702.0,False,08:55,ok,2026-09-10T01:37:39.642432+05:30,2026-09-10_0137IST,airline_direct,IndiGo
MAA,DEL,6E,IndiGo,6E 6081,2026-09-11,1,economy,,,15251.0,False,07:05,ok,2026-09-10T01:37:39.642432+05:30,2026-09-10_0137IST,airline_direct,IndiGo
MAA,DEL,6E,IndiGo,6E 401,2026-09-11,1,economy,,,15450.0,False,08:10,ok,2026-09-10T01:37:39.642432+05:30,2026-09-10_0137IST,airline_direct,IndiGo
MAA,DEL,6E,IndiGo,6E 372,2026-09-11,1,economy,,,17015.0,False,09:55,ok,2026-09-10T01:37:39.642432+05:30,2026-09-10_0137IST,airline_direct,IndiGo
MAA,DEL,6E,IndiGo,6E 606,2026-09-11,1,business,,,38179.0,False,18:05,ok,2026-09-10T01:37:39.642432+05:30,2026-09-10_0137IST,airline_direct,IndiGo
MAA,DEL,6E,IndiGo,6E 606,2026-09-11,1,economy,,,18349.0,False,18:05,ok,2026-09-10T01:37:39.642432+05:30,2026-09-10_0137IST,airline_direct,IndiGo
MAA,DEL,6E,IndiGo,6E 6326,2026-09-11,1,business,,,36645.0,False,11:45,ok,2026-09-10T01:37:39.642432+05:30,2026-09-10_0137IST,airline_direct,IndiGo
MAA,DEL,6E,IndiGo,6E 6326,2026-09-11,1,economy,,,18465.0,False,11:45,ok,2026-09-10T01:37:39.642432+05:30,2026-09-10_0137IST,airline_direct,IndiGo
MAA,DEL,6E,IndiGo,6E 6925,2026-09-11,1,economy,,,18515.0,False,12:00,ok,2026-09-10T01:37:39.642432+05:30,2026-09-10_0137IST,airline_direct,IndiGo
MAA,DEL,6E,IndiGo,6E 253,2026-09-11,1,economy,,,18678.0,False,03:10,ok,2026-09-10T01:37:39.642432+05:30,2026-09-10_0137IST,airline_direct,IndiGo
MAA,DEL,6E,IndiGo,6E 6140,2026-09-11,1,business,,,39976.0,False,02:30,ok,2026-09-10T01:37:39.642432+05:30,2026-09-10_0137IST,airline_direct,IndiGo
MAA,DEL,6E,IndiGo,6E 6140,2026-09-11,1,economy,,,19189.0,False,02:30,ok,2026-09-10T01:37:39.642432+05:30,2026-09-10_0137IST,airline_direct,IndiGo
MAA,DEL,6E,IndiGo,6E 244,2026-09-11,1,economy,,,19441.0,False,03:55,ok,2026-09-10T01:37:39.642432+05:30,2026-09-10_0137IST,airline_direct,IndiGo
MAA,DEL,6E,IndiGo,6E 6140,2026-09-11,1,business,,,36377.0,False,02:30,ok,2026-09-10T01:37:39.642432+05:30,2026-09-10_0137IST,airline_direct,IndiGo
MAA,DEL,6E,IndiGo,6E 6140,2026-09-11,1,economy,,,19714.0,False,02:30,ok,2026-09-10T01:37:39.642432+05:30,2026-09-10_0137IST,airline_direct,IndiGo
MAA,DEL,6E,IndiGo,6E 6925,2026-09-11,1,economy,,,21087.0,False,12:00,ok,2026-09-10T01:37:39.642432+05:30,2026-09-10_0137IST,airline_direct,IndiGo
MAA,DEL,6E,IndiGo,6E 607,2026-09-11,1,business,,,41629.0,False,05:40,ok,2026-09-10T01:37:39.642432+05:30,2026-09-10_0137IST,airline_direct,IndiGo
MAA,DEL,6E,IndiGo,6E 607,2026-09-11,1,economy,,,23596.0,False,05:40,ok,2026-09-10T01:37:39.642432+05:30,2026-09-10_0137IST,airline_direct,IndiGo
MAA,DEL,6E,IndiGo,6E 6487,2026-09-11,1,economy,,,23942.0,False,21:25,ok,2026-09-10T01:37:39.642432+05:30,2026-09-10_0137IST,airline_direct,IndiGo
MAA,DEL,6E,IndiGo,6E 597,2026-09-11,1,economy,,,23964.0,False,17:45,ok,2026-09-10T01:37:39.642432+05:30,2026-09-10_0137IST,airline_direct,IndiGo
MAA,DEL,6E,IndiGo,6E 489,2026-09-11,1,economy,,,24916.0,False,18:15,ok,2026-09-10T01:37:39.642432+05:30,2026-09-10_0137IST,airline_direct,IndiGo
MAA,DEL,6E,IndiGo,6E 6209,2026-09-11,1,economy,,,25082.0,False,14:35,ok,2026-09-10T01:37:39.642432+05:30,2026-09-10_0137IST,airline_direct,IndiGo
MAA,DEL,6E,IndiGo,6E 6158,2026-09-11,1,economy,,,26184.0,False,16:10,ok,2026-09-10T01:37:39.642432+05:30,2026-09-10_0137IST,airline_direct,IndiGo
MAA,DEL,6E,IndiGo,6E 6209,2026-09-11,1,economy,,,27426.0,False,14:35,ok,2026-09-10T01:37:39.642432+05:30,2026-09-10_0137IST,airline_direct,IndiGo
MAA,DEL,6E,IndiGo,6E 5258,2026-09-11,1,business,,,48341.0,False,12:45,ok,2026-09-10T01:37:39.642432+05:30,2026-09-10_0137IST,airline_direct,IndiGo
MAA,DEL,6E,IndiGo,6E 5258,2026-09-11,1,economy,,,28310.0,False,12:45,ok,2026-09-10T01:37:39.642432+05:30,2026-09-10_0137IST,airline_direct,IndiGo
MAA,DEL,6E,IndiGo,6E 561,2026-09-11,1,business,,,44109.0,False,22:20,ok,2026-09-10T01:37:39.642432+05:30,2026-09-10_0137IST,airline_direct,IndiGo
MAA,DEL,6E,IndiGo,6E 561,2026-09-11,1,economy,,,28357.0,False,22:20,ok,2026-09-10T01:37:39.642432+05:30,2026-09-10_0137IST,airline_direct,IndiGo
MAA,DEL,6E,IndiGo,6E 502,2026-09-11,1,business,,,45600.0,False,11:10,ok,2026-09-10T01:37:39.642432+05:30,2026-09-10_0137IST,airline_direct,IndiGo
MAA,DEL,6E,IndiGo,6E 502,2026-09-11,1,economy,,,28739.0,False,11:10,ok,2026-09-10T01:37:39.642432+05:30,2026-09-10_0137IST,airline_direct,IndiGo
MAA,DEL,6E,IndiGo,6E 6348,2026-09-11,1,business,,,43340.0,False,09:00,ok,2026-09-10T01:37:39.642432+05:30,2026-09-10_0137IST,airline_direct,IndiGo
MAA,DEL,6E,IndiGo,6E 6348,2026-09-11,1,economy,,,32736.0,False,09:00,ok,2026-09-10T01:37:39.642432+05:30,2026-09-10_0137IST,airline_direct,IndiGo
MAA,DEL,6E,IndiGo,6E 5214,2026-09-11,1,business,,,47116.0,False,11:00,ok,2026-09-10T01:37:39.642432+05:30,2026-09-10_0137IST,airline_direct,IndiGo
MAA,DEL,6E,IndiGo,6E 5214,2026-09-11,1,economy,,,32736.0,False,11:00,ok,2026-09-10T01:37:39.642432+05:30,2026-09-10_0137IST,airline_direct,IndiGo
MAA,DEL,6E,IndiGo,6E 847,2026-09-11,1,economy,,,33436.0,False,16:15,ok,2026-09-10T01:37:39.642432+05:30,2026-09-10_0137IST,airline_direct,IndiGo
MAA,DEL,6E,IndiGo,6E 562,2026-09-11,1,economy,,,34892.0,False,18:20,ok,2026-09-10T01:37:39.642432+05:30,2026-09-10_0137IST,airline_direct,IndiGo
MAA,DEL,6E,IndiGo,6E 183,2026-09-11,1,business,,,48550.0,False,16:35,ok,2026-09-10T01:37:39.642432+05:30,2026-09-10_0137IST,airline_direct,IndiGo
MAA,DEL,6E,IndiGo,6E 183,2026-09-11,1,economy,,,35763.0,False,16:35,ok,2026-09-10T01:37:39.642432+05:30,2026-09-10_0137IST,airline_direct,IndiGo
MAA,DEL,6E,IndiGo,6E 5367,2026-09-11,1,business,,,53591.0,False,18:15,ok,2026-09-10T01:37:39.642432+05:30,2026-09-10_0137IST,airline_direct,IndiGo
MAA,DEL,6E,IndiGo,6E 5367,2026-09-11,1,economy,,,42644.0,False,18:15,ok,2026-09-10T01:37:39.642432+05:30,2026-09-10_0137IST,airline_direct,IndiGo
MAA,DEL,6E,IndiGo,6E 5104,2026-09-11,1,business,,,48341.0,False,16:40,ok,2026-09-10T01:37:39.642432+05:30,2026-09-10_0137IST,airline_direct,IndiGo
DEL,BOM,6E,IndiGo,6E 449,2026-09-17,7,business,,,24260.0,False,05:00,ok,2026-09-10T01:39:34.975775+05:30,2026-09-10_0139IST,airline_direct,IndiGo
DEL,BOM,6E,IndiGo,6E 449,2026-09-17,7,economy,,,6305.0,False,05:00,ok,2026-09-10T01:39:34.975775+05:30,2026-09-10_0139IST,airline_direct,IndiGo
DEL,BOM,6E,IndiGo,6E 675,2026-09-17,7,business,,,28443.0,False,08:45,ok,2026-09-10T01:39:34.975775+05:30,2026-09-10_0139IST,airline_direct,IndiGo
DEL,BOM,6E,IndiGo,6E 675,2026-09-17,7,economy,,,6305.0,False,08:45,ok,2026-09-10T01:39:34.975775+05:30,2026-09-10_0139IST,airline_direct,IndiGo
DEL,BOM,6E,IndiGo,6E 6107,2026-09-17,7,business,,,24260.0,False,09:30,ok,2026-09-10T01:39:34.975775+05:30,2026-09-10_0139IST,airline_direct,IndiGo
DEL,BOM,6E,IndiGo,6E 6107,2026-09-17,7,economy,,,6305.0,False,09:30,ok,2026-09-10T01:39:34.975775+05:30,2026-09-10_0139IST,airline_direct,IndiGo
DEL,BOM,6E,IndiGo,6E 6328,2026-09-17,7,business,,,24260.0,False,10:15,ok,2026-09-10T01:39:34.975775+05:30,2026-09-10_0139IST,airline_direct,IndiGo
DEL,BOM,6E,IndiGo,6E 6328,2026-09-17,7,economy,,,6305.0,False,10:15,ok,2026-09-10T01:39:34.975775+05:30,2026-09-10_0139IST,airline_direct,IndiGo
DEL,BOM,6E,IndiGo,6E 6047,2026-09-17,7,business,,,24260.0,False,11:00,ok,2026-09-10T01:39:34.975775+05:30,2026-09-10_0139IST,airline_direct,IndiGo
DEL,BOM,6E,IndiGo,6E 6047,2026-09-17,7,economy,,,6305.0,False,11:00,ok,2026-09-10T01:39:34.975775+05:30,2026-09-10_0139IST,airline_direct,IndiGo
DEL,BOM,6E,IndiGo,6E 6676,2026-09-17,7,business,,,24260.0,False,12:00,ok,2026-09-10T01:39:34.975775+05:30,2026-09-10_0139IST,airline_direct,IndiGo
DEL,BOM,6E,IndiGo,6E 6676,2026-09-17,7,economy,,,6305.0,False,12:00,ok,2026-09-10T01:39:34.975775+05:30,2026-09-10_0139IST,airline_direct,IndiGo
DEL,BOM,6E,IndiGo,6E 324,2026-09-17,7,business,,,24260.0,False,13:00,ok,2026-09-10T01:39:34.975775+05:30,2026-09-10_0139IST,airline_direct,IndiGo
DEL,BOM,6E,IndiGo,6E 324,2026-09-17,7,economy,,,6305.0,False,13:00,ok,2026-09-10T01:39:34.975775+05:30,2026-09-10_0139IST,airline_direct,IndiGo
DEL,BOM,6E,IndiGo,6E 6022,2026-09-17,7,business,,,24260.0,False,14:00,ok,2026-09-10T01:39:34.975775+05:30,2026-09-10_0139IST,airline_direct,IndiGo
DEL,BOM,6E,IndiGo,6E 6022,2026-09-17,7,economy,,,6305.0,False,14:00,ok,2026-09-10T01:39:34.975775+05:30,2026-09-10_0139IST,airline_direct,IndiGo
DEL,BOM,6E,IndiGo,6E 6318,2026-09-17,7,business,,,24260.0,False,14:45,ok,2026-09-10T01:39:34.975775+05:30,2026-09-10_0139IST,airline_direct,IndiGo
DEL,BOM,6E,IndiGo,6E 6318,2026-09-17,7,economy,,,6305.0,False,14:45,ok,2026-09-10T01:39:34.975775+05:30,2026-09-10_0139IST,airline_direct,IndiGo
DEL,BOM,6E,IndiGo,6E 864,2026-09-17,7,business,,,24260.0,False,15:30,ok,2026-09-10T01:39:34.975775+05:30,2026-09-10_0139IST,airline_direct,IndiGo
DEL,BOM,6E,IndiGo,6E 864,2026-09-17,7,economy,,,6305.0,False,15:30,ok,2026-09-10T01:39:34.975775+05:30,2026-09-10_0139IST,airline_direct,IndiGo
DEL,BOM,6E,IndiGo,6E 327,2026-09-17,7,business,,,24260.0,False,16:15,ok,2026-09-10T01:39:34.975775+05:30,2026-09-10_0139IST,airline_direct,IndiGo
DEL,BOM,6E,IndiGo,6E 327,2026-09-17,7,economy,,,6305.0,False,16:15,ok,2026-09-10T01:39:34.975775+05:30,2026-09-10_0139IST,airline_direct,IndiGo
DEL,BOM,6E,IndiGo,6E 6706,2026-09-17,7,business,,,24260.0,False,17:00,ok,2026-09-10T01:39:34.975775+05:30,2026-09-10_0139IST,airline_direct,IndiGo
DEL,BOM,6E,IndiGo,6E 6706,2026-09-17,7,economy,,,6305.0,False,17:00,ok,2026-09-10T01:39:34.975775+05:30,2026-09-10_0139IST,airline_direct,IndiGo
DEL,BOM,6E,IndiGo,6E 6114,2026-09-17,7,business,,,24260.0,False,22:45,ok,2026-09-10T01:39:34.975775+05:30,2026-09-10_0139IST,airline_direct,IndiGo
DEL,BOM,6E,IndiGo,6E 6114,2026-09-17,7,economy,,,6305.0,False,22:45,ok,2026-09-10T01:39:34.975775+05:30,2026-09-10_0139IST,airline_direct,IndiGo
DEL,BOM,6E,IndiGo,6E 322,2026-09-17,7,business,,,24260.0,False,23:30,ok,2026-09-10T01:39:34.975775+05:30,2026-09-10_0139IST,airline_direct,IndiGo
DEL,BOM,6E,IndiGo,6E 322,2026-09-17,7,economy,,,6305.0,False,23:30,ok,2026-09-10T01:39:34.975775+05:30,2026-09-10_0139IST,airline_direct,IndiGo
DEL,BOM,6E,IndiGo,6E 6218,2026-09-17,7,business,,,24260.0,False,06:05,ok,2026-09-10T01:39:34.975775+05:30,2026-09-10_0139IST,airline_direct,IndiGo
DEL,BOM,6E,IndiGo,6E 6218,2026-09-17,7,economy,,,6357.0,False,06:05,ok,2026-09-10T01:39:34.975775+05:30,2026-09-10_0139IST,airline_direct,IndiGo
DEL,BOM,6E,IndiGo,6E 6814,2026-09-17,7,business,,,28443.0,False,07:15,ok,2026-09-10T01:39:34.975775+05:30,2026-09-10_0139IST,airline_direct,IndiGo
DEL,BOM,6E,IndiGo,6E 6814,2026-09-17,7,economy,,,6431.0,False,07:15,ok,2026-09-10T01:39:34.975775+05:30,2026-09-10_0139IST,airline_direct,IndiGo
DEL,BOM,6E,IndiGo,6E 320,2026-09-17,7,business,,,24260.0,False,08:00,ok,2026-09-10T01:39:34.975775+05:30,2026-09-10_0139IST,airline_direct,IndiGo
DEL,BOM,6E,IndiGo,6E 320,2026-09-17,7,economy,,,6431.0,False,08:00,ok,2026-09-10T01:39:34.975775+05:30,2026-09-10_0139IST,airline_direct,IndiGo
DEL,BOM,6E,IndiGo,6E 329,2026-09-17,7,business,,,33500.0,False,18:00,ok,2026-09-10T01:39:34.975775+05:30,2026-09-10_0139IST,airline_direct,IndiGo
DEL,BOM,6E,IndiGo,6E 329,2026-09-17,7,economy,,,6431.0,False,18:00,ok,2026-09-10T01:39:34.975775+05:30,2026-09-10_0139IST,airline_direct,IndiGo
DEL,BOM,6E,IndiGo,6E 395,2026-09-17,7,business,,,24260.0,False,21:45,ok,2026-09-10T01:39:34.975775+05:30,2026-09-10_0139IST,airline_direct,IndiGo
DEL,BOM,6E,IndiGo,6E 395,2026-09-17,7,economy,,,6431.0,False,21:45,ok,2026-09-10T01:39:34.975775+05:30,2026-09-10_0139IST,airline_direct,IndiGo
DEL,BOM,6E,IndiGo,6E 354,2026-09-17,7,business,,,24260.0,False,19:00,ok,2026-09-10T01:39:34.975775+05:30,2026-09-10_0139IST,airline_direct,IndiGo
DEL,BOM,6E,IndiGo,6E 354,2026-09-17,7,economy,,,6688.0,False,19:00,ok,2026-09-10T01:39:34.975775+05:30,2026-09-10_0139IST,airline_direct,IndiGo
DEL,BOM,6E,IndiGo,6E 853,2026-09-17,7,business,,,24260.0,False,20:45,ok,2026-09-10T01:39:34.975775+05:30,2026-09-10_0139IST,airline_direct,IndiGo
DEL,BOM,6E,IndiGo,6E 853,2026-09-17,7,economy,,,6688.0,False,20:45,ok,2026-09-10T01:39:34.975775+05:30,2026-09-10_0139IST,airline_direct,IndiGo
DEL,BOM,6E,IndiGo,6E 303,2026-09-17,7,business,,,33500.0,False,20:00,ok,2026-09-10T01:39:34.975775+05:30,2026-09-10_0139IST,airline_direct,IndiGo
DEL,BOM,6E,IndiGo,6E 303,2026-09-17,7,economy,,,7003.0,False,20:00,ok,2026-09-10T01:39:34.975775+05:30,2026-09-10_0139IST,airline_direct,IndiGo
DEL,BOM,6E,IndiGo,6E 6261,2026-09-17,7,economy,,,6618.0,False,00:15,ok,2026-09-10T01:39:34.975775+05:30,2026-09-10_0139IST,airline_direct,IndiGo
DEL,BOM,6E,IndiGo,6E 5119,2026-09-17,7,economy,,,6618.0,False,05:10,ok,2026-09-10T01:39:34.975775+05:30,2026-09-10_0139IST,airline_direct,IndiGo
DEL,BOM,6E,IndiGo,6E 5119,2026-09-17,7,economy,,,6618.0,False,05:10,ok,2026-09-10T01:39:34.975775+05:30,2026-09-10_0139IST,airline_direct,IndiGo
DEL,BOM,6E,IndiGo,6E 6171,2026-09-17,7,economy,,,6618.0,False,05:40,ok,2026-09-10T01:39:34.975775+05:30,2026-09-10_0139IST,airline_direct,IndiGo
DEL,BOM,6E,IndiGo,6E 2076,2026-09-17,7,economy,,,6618.0,False,07:30,ok,2026-09-10T01:39:34.975775+05:30,2026-09-10_0139IST,airline_direct,IndiGo
DEL,BOM,6E,IndiGo,6E 2298,2026-09-17,7,economy,,,6618.0,False,09:45,ok,2026-09-10T01:39:34.975775+05:30,2026-09-10_0139IST,airline_direct,IndiGo
DEL,BOM,6E,IndiGo,6E 2331,2026-09-17,7,economy,,,6618.0,False,12:20,ok,2026-09-10T01:39:34.975775+05:30,2026-09-10_0139IST,airline_direct,IndiGo
DEL,BOM,6E,IndiGo,6E 6983,2026-09-17,7,economy,,,6618.0,False,15:35,ok,2026-09-10T01:39:34.975775+05:30,2026-09-10_0139IST,airline_direct,IndiGo
DEL,BOM,6E,IndiGo,6E 5073,2026-09-17,7,economy,,,6618.0,False,17:05,ok,2026-09-10T01:39:34.975775+05:30,2026-09-10_0139IST,airline_direct,IndiGo
DEL,BOM,6E,IndiGo,6E 931,2026-09-17,7,economy,,,6618.0,False,19:35,ok,2026-09-10T01:39:34.975775+05:30,2026-09-10_0139IST,airline_direct,IndiGo
DEL,BOM,6E,IndiGo,6E 2013,2026-09-17,7,economy,,,6618.0,False,21:50,ok,2026-09-10T01:39:34.975775+05:30,2026-09-10_0139IST,airline_direct,IndiGo
DEL,BOM,6E,IndiGo,6E 6459,2026-09-17,7,economy,,,6750.0,False,05:55,ok,2026-09-10T01:39:34.975775+05:30,2026-09-10_0139IST,airline_direct,IndiGo
DEL,BOM,6E,IndiGo,6E 6443,2026-09-17,7,economy,,,6750.0,False,09:00,ok,2026-09-10T01:39:34.975775+05:30,2026-09-10_0139IST,airline_direct,IndiGo
DEL,BOM,6E,IndiGo,6E 2249,2026-09-17,7,economy,,,6750.0,False,15:00,ok,2026-09-10T01:39:34.975775+05:30,2026-09-10_0139IST,airline_direct,IndiGo
DEL,BOM,6E,IndiGo,6E 6433,2026-09-17,7,economy,,,6750.0,False,16:30,ok,2026-09-10T01:39:34.975775+05:30,2026-09-10_0139IST,airline_direct,IndiGo
DEL,BOM,6E,IndiGo,6E 6829,2026-09-17,7,economy,,,6750.0,False,17:20,ok,2026-09-10T01:39:34.975775+05:30,2026-09-10_0139IST,airline_direct,IndiGo
DEL,BOM,6E,IndiGo,6E 6829,2026-09-17,7,economy,,,6750.0,False,17:20,ok,2026-09-10T01:39:34.975775+05:30,2026-09-10_0139IST,airline_direct,IndiGo
DEL,BOM,6E,IndiGo,6E 5138,2026-09-17,7,economy,,,6750.0,False,19:10,ok,2026-09-10T01:39:34.975775+05:30,2026-09-10_0139IST,airline_direct,IndiGo
DEL,BOM,6E,IndiGo,6E 2169,2026-09-17,7,economy,,,6750.0,False,19:40,ok,2026-09-10T01:39:34.975775+05:30,2026-09-10_0139IST,airline_direct,IndiGo
DEL,BOM,6E,IndiGo,6E 6050,2026-09-17,7,economy,,,6828.0,False,08:15,ok,2026-09-10T01:39:34.975775+05:30,2026-09-10_0139IST,airline_direct,IndiGo
DEL,BOM,6E,IndiGo,6E 5298,2026-09-17,7,economy,,,6828.0,False,09:00,ok,2026-09-10T01:39:34.975775+05:30,2026-09-10_0139IST,airline_direct,IndiGo
DEL,BOM,6E,IndiGo,6E 5206,2026-09-17,7,economy,,,6828.0,False,13:20,ok,2026-09-10T01:39:34.975775+05:30,2026-09-10_0139IST,airline_direct,IndiGo
DEL,BOM,6E,IndiGo,6E 758,2026-09-17,7,economy,,,6828.0,False,16:10,ok,2026-09-10T01:39:34.975775+05:30,2026-09-10_0139IST,airline_direct,IndiGo
DEL,BOM,6E,IndiGo,6E 2151,2026-09-17,7,economy,,,6828.0,False,19:45,ok,2026-09-10T01:39:34.975775+05:30,2026-09-10_0139IST,airline_direct,IndiGo
DEL,BOM,6E,IndiGo,6E 6479,2026-09-17,7,economy,,,6828.0,False,21:25,ok,2026-09-10T01:39:34.975775+05:30,2026-09-10_0139IST,airline_direct,IndiGo
DEL,BOM,6E,IndiGo,6E 704,2026-09-17,7,business,,,36166.0,False,02:25,ok,2026-09-10T01:39:34.975775+05:30,2026-09-10_0139IST,airline_direct,IndiGo
DEL,BOM,6E,IndiGo,6E 704,2026-09-17,7,economy,,,6960.0,False,02:25,ok,2026-09-10T01:39:34.975775+05:30,2026-09-10_0139IST,airline_direct,IndiGo
DEL,BOM,6E,IndiGo,6E 705,2026-09-17,7,business,,,36166.0,False,08:30,ok,2026-09-10T01:39:34.975775+05:30,2026-09-10_0139IST,airline_direct,IndiGo
DEL,BOM,6E,IndiGo,6E 705,2026-09-17,7,economy,,,6960.0,False,08:30,ok,2026-09-10T01:39:34.975775+05:30,2026-09-10_0139IST,airline_direct,IndiGo
DEL,BOM,6E,IndiGo,6E 6282,2026-09-17,7,business,,,36166.0,False,13:30,ok,2026-09-10T01:39:34.975775+05:30,2026-09-10_0139IST,airline_direct,IndiGo
DEL,BOM,6E,IndiGo,6E 6282,2026-09-17,7,economy,,,6960.0,False,13:30,ok,2026-09-10T01:39:34.975775+05:30,2026-09-10_0139IST,airline_direct,IndiGo
DEL,BOM,6E,IndiGo,6E 6282,2026-09-17,7,business,,,38630.0,False,13:30,ok,2026-09-10T01:39:34.975775+05:30,2026-09-10_0139IST,airline_direct,IndiGo
DEL,BOM,6E,IndiGo,6E 6282,2026-09-17,7,economy,,,6960.0,False,13:30,ok,2026-09-10T01:39:34.975775+05:30,2026-09-10_0139IST,airline_direct,IndiGo
DEL,BOM,6E,IndiGo,6E 717,2026-09-17,7,business,,,36166.0,False,17:55,ok,2026-09-10T01:39:34.975775+05:30,2026-09-10_0139IST,airline_direct,IndiGo
DEL,BOM,6E,IndiGo,6E 717,2026-09-17,7,economy,,,6960.0,False,17:55,ok,2026-09-10T01:39:34.975775+05:30,2026-09-10_0139IST,airline_direct,IndiGo
DEL,BOM,6E,IndiGo,6E 6497,2026-09-17,7,economy,,,6960.0,False,18:40,ok,2026-09-10T01:39:34.975775+05:30,2026-09-10_0139IST,airline_direct,IndiGo
DEL,BOM,6E,IndiGo,6E 6601,2026-09-17,7,business,,,36166.0,False,19:45,ok,2026-09-10T01:39:34.975775+05:30,2026-09-10_0139IST,airline_direct,IndiGo
DEL,BOM,6E,IndiGo,6E 6601,2026-09-17,7,economy,,,6960.0,False,19:45,ok,2026-09-10T01:39:34.975775+05:30,2026-09-10_0139IST,airline_direct,IndiGo
DEL,BOM,6E,IndiGo,6E 882,2026-09-17,7,business,,,29592.0,False,23:15,ok,2026-09-10T01:39:34.975775+05:30,2026-09-10_0139IST,airline_direct,IndiGo
DEL,BOM,6E,IndiGo,6E 882,2026-09-17,7,economy,,,6960.0,False,23:15,ok,2026-09-10T01:39:34.975775+05:30,2026-09-10_0139IST,airline_direct,IndiGo
DEL,BOM,6E,IndiGo,6E 5038,2026-09-17,7,economy,,,7352.0,False,14:00,ok,2026-09-10T01:39:34.975775+05:30,2026-09-10_0139IST,airline_direct,IndiGo
DEL,BOM,6E,IndiGo,6E 6293,2026-09-17,7,business,,,36166.0,False,09:55,ok,2026-09-10T01:39:34.975775+05:30,2026-09-10_0139IST,airline_direct,IndiGo
DEL,BOM,6E,IndiGo,6E 6293,2026-09-17,7,economy,,,7484.0,False,09:55,ok,2026-09-10T01:39:34.975775+05:30,2026-09-10_0139IST,airline_direct,IndiGo
DEL,BOM,6E,IndiGo,6E 5033,2026-09-17,7,economy,,,7718.0,False,15:50,ok,2026-09-10T01:39:34.975775+05:30,2026-09-10_0139IST,airline_direct,IndiGo
DEL,BOM,6E,IndiGo,6E 5073,2026-09-17,7,economy,,,7718.0,False,17:05,ok,2026-09-10T01:39:34.975775+05:30,2026-09-10_0139IST,airline_direct,IndiGo
DEL,BOM,6E,IndiGo,6E 357,2026-09-17,7,economy,,,8138.0,False,19:30,ok,2026-09-10T01:39:34.975775+05:30,2026-09-10_0139IST,airline_direct,IndiGo
DEL,BOM,6E,IndiGo,6E 358,2026-09-17,7,economy,,,8771.0,False,12:15,ok,2026-09-10T01:39:34.975775+05:30,2026-09-10_0139IST,airline_direct,IndiGo
DEL,BOM,6E,IndiGo,6E 2341,2026-09-17,7,economy,,,9047.0,False,14:50,ok,2026-09-10T01:39:34.975775+05:30,2026-09-10_0139IST,airline_direct,IndiGo
DEL,BOM,6E,IndiGo,6E 2349,2026-09-17,7,economy,,,9785.0,False,10:55,ok,2026-09-10T01:39:34.975775+05:30,2026-09-10_0139IST,airline_direct,IndiGo
DEL,BOM,6E,IndiGo,6E 2381,2026-09-17,7,economy,,,10994.0,False,13:45,ok,2026-09-10T01:39:34.975775+05:30,2026-09-10_0139IST,airline_direct,IndiGo
DEL,BOM,6E,IndiGo,6E 6488,2026-09-17,7,economy,,,11708.0,False,11:20,ok,2026-09-10T01:39:34.975775+05:30,2026-09-10_0139IST,airline_direct,IndiGo
DEL,BOM,6E,IndiGo,6E 2496,2026-09-17,7,economy,,,17361.0,False,12:40,ok,2026-09-10T01:39:34.975775+05:30,2026-09-10_0139IST,airline_direct,IndiGo
DEL,BOM,6E,IndiGo,6E 5014,2026-09-17,7,economy,,,18341.0,False,18:30,ok,2026-09-10T01:39:34.975775+05:30,2026-09-10_0139IST,airline_direct,IndiGo
DEL,BLR,6E,IndiGo,error,2026-09-17,7,unknown,,,,False,unknown,error,2026-09-10T01:40:40.566435+05:30,2026-09-10_0140IST,airline_direct,IndiGo
BOM,BLR,6E,IndiGo,6E 5323,2026-09-17,7,business,,,22488.0,False,01:10,ok,2026-09-10T01:42:59.832280+05:30,2026-09-10_0142IST,airline_direct,IndiGo
BOM,BLR,6E,IndiGo,6E 5323,2026-09-17,7,economy,,,4893.0,False,01:10,ok,2026-09-10T01:42:59.832280+05:30,2026-09-10_0142IST,airline_direct,IndiGo
BOM,BLR,6E,IndiGo,6E 5294,2026-09-17,7,business,,,22488.0,False,04:30,ok,2026-09-10T01:42:59.832280+05:30,2026-09-10_0142IST,airline_direct,IndiGo
BOM,BLR,6E,IndiGo,6E 5294,2026-09-17,7,economy,,,6149.0,False,04:30,ok,2026-09-10T01:42:59.832280+05:30,2026-09-10_0142IST,airline_direct,IndiGo
BOM,BLR,6E,IndiGo,6E 5296,2026-09-17,7,business,,,22488.0,False,06:30,ok,2026-09-10T01:42:59.832280+05:30,2026-09-10_0142IST,airline_direct,IndiGo
BOM,BLR,6E,IndiGo,6E 5296,2026-09-17,7,economy,,,6747.0,False,06:30,ok,2026-09-10T01:42:59.832280+05:30,2026-09-10_0142IST,airline_direct,IndiGo
BOM,BLR,6E,IndiGo,6E 5092,2026-09-17,7,business,,,22488.0,False,09:50,ok,2026-09-10T01:42:59.832280+05:30,2026-09-10_0142IST,airline_direct,IndiGo
BOM,BLR,6E,IndiGo,6E 5092,2026-09-17,7,economy,,,6747.0,False,09:50,ok,2026-09-10T01:42:59.832280+05:30,2026-09-10_0142IST,airline_direct,IndiGo
BOM,BLR,6E,IndiGo,6E 5217,2026-09-17,7,business,,,22488.0,False,11:00,ok,2026-09-10T01:42:59.832280+05:30,2026-09-10_0142IST,airline_direct,IndiGo
BOM,BLR,6E,IndiGo,6E 5217,2026-09-17,7,economy,,,6747.0,False,11:00,ok,2026-09-10T01:42:59.832280+05:30,2026-09-10_0142IST,airline_direct,IndiGo
BOM,BLR,6E,IndiGo,6E 5382,2026-09-17,7,business,,,22488.0,False,14:30,ok,2026-09-10T01:42:59.832280+05:30,2026-09-10_0142IST,airline_direct,IndiGo
BOM,BLR,6E,IndiGo,6E 5382,2026-09-17,7,economy,,,6747.0,False,14:30,ok,2026-09-10T01:42:59.832280+05:30,2026-09-10_0142IST,airline_direct,IndiGo
BOM,BLR,6E,IndiGo,6E 5071,2026-09-17,7,business,,,22488.0,False,15:35,ok,2026-09-10T01:42:59.832280+05:30,2026-09-10_0142IST,airline_direct,IndiGo
BOM,BLR,6E,IndiGo,6E 5071,2026-09-17,7,economy,,,6747.0,False,15:35,ok,2026-09-10T01:42:59.832280+05:30,2026-09-10_0142IST,airline_direct,IndiGo
BOM,BLR,6E,IndiGo,6E 5221,2026-09-17,7,business,,,22488.0,False,17:00,ok,2026-09-10T01:42:59.832280+05:30,2026-09-10_0142IST,airline_direct,IndiGo
BOM,BLR,6E,IndiGo,6E 5221,2026-09-17,7,economy,,,6747.0,False,17:00,ok,2026-09-10T01:42:59.832280+05:30,2026-09-10_0142IST,airline_direct,IndiGo
BOM,BLR,6E,IndiGo,6E 5047,2026-09-17,7,business,,,22488.0,False,18:30,ok,2026-09-10T01:42:59.832280+05:30,2026-09-10_0142IST,airline_direct,IndiGo
BOM,BLR,6E,IndiGo,6E 5047,2026-09-17,7,economy,,,6747.0,False,18:30,ok,2026-09-10T01:42:59.832280+05:30,2026-09-10_0142IST,airline_direct,IndiGo
BOM,BLR,6E,IndiGo,6E 6188,2026-09-17,7,business,,,22488.0,False,21:30,ok,2026-09-10T01:42:59.832280+05:30,2026-09-10_0142IST,airline_direct,IndiGo
BOM,BLR,6E,IndiGo,6E 6188,2026-09-17,7,economy,,,6747.0,False,21:30,ok,2026-09-10T01:42:59.832280+05:30,2026-09-10_0142IST,airline_direct,IndiGo
BOM,BLR,6E,IndiGo,6E 5388,2026-09-17,7,business,,,22488.0,False,22:20,ok,2026-09-10T01:42:59.832280+05:30,2026-09-10_0142IST,airline_direct,IndiGo
BOM,BLR,6E,IndiGo,6E 5388,2026-09-17,7,economy,,,6747.0,False,22:20,ok,2026-09-10T01:42:59.832280+05:30,2026-09-10_0142IST,airline_direct,IndiGo
BOM,BLR,6E,IndiGo,6E 5184,2026-09-17,7,business,,,22488.0,False,12:30,ok,2026-09-10T01:42:59.832280+05:30,2026-09-10_0142IST,airline_direct,IndiGo
BOM,BLR,6E,IndiGo,6E 5184,2026-09-17,7,economy,,,7062.0,False,12:30,ok,2026-09-10T01:42:59.832280+05:30,2026-09-10_0142IST,airline_direct,IndiGo
BOM,BLR,6E,IndiGo,6E 5193,2026-09-17,7,economy,,,7377.0,False,08:05,ok,2026-09-10T01:42:59.832280+05:30,2026-09-10_0142IST,airline_direct,IndiGo
BOM,BLR,6E,IndiGo,6E 5032,2026-09-17,7,business,,,22488.0,False,19:55,ok,2026-09-10T01:42:59.832280+05:30,2026-09-10_0142IST,airline_direct,IndiGo
BOM,BLR,6E,IndiGo,6E 5032,2026-09-17,7,economy,,,8217.0,False,19:55,ok,2026-09-10T01:42:59.832280+05:30,2026-09-10_0142IST,airline_direct,IndiGo
BOM,BLR,6E,IndiGo,6E 6361,2026-09-17,7,economy,,,7243.0,False,05:00,ok,2026-09-10T01:42:59.832280+05:30,2026-09-10_0142IST,airline_direct,IndiGo
BOM,BLR,6E,IndiGo,6E 261,2026-09-17,7,economy,,,7243.0,False,11:20,ok,2026-09-10T01:42:59.832280+05:30,2026-09-10_0142IST,airline_direct,IndiGo
BOM,BLR,6E,IndiGo,6E 230,2026-09-17,7,economy,,,7243.0,False,13:55,ok,2026-09-10T01:42:59.832280+05:30,2026-09-10_0142IST,airline_direct,IndiGo
BOM,BLR,6E,IndiGo,6E 5241,2026-09-17,7,economy,,,7243.0,False,16:40,ok,2026-09-10T01:42:59.832280+05:30,2026-09-10_0142IST,airline_direct,IndiGo
BOM,BLR,6E,IndiGo,6E 6057,2026-09-17,7,economy,,,7374.0,False,09:15,ok,2026-09-10T01:42:59.832280+05:30,2026-09-10_0142IST,airline_direct,IndiGo
BOM,BLR,6E,IndiGo,6E 5228,2026-09-17,7,business,,,32404.0,False,16:45,ok,2026-09-10T01:42:59.832280+05:30,2026-09-10_0142IST,airline_direct,IndiGo
BOM,BLR,6E,IndiGo,6E 5228,2026-09-17,7,economy,,,7374.0,False,16:45,ok,2026-09-10T01:42:59.832280+05:30,2026-09-10_0142IST,airline_direct,IndiGo
BOM,BLR,6E,IndiGo,6E 5228,2026-09-17,7,business,,,25462.0,False,16:45,ok,2026-09-10T01:42:59.832280+05:30,2026-09-10_0142IST,airline_direct,IndiGo
BOM,BLR,6E,IndiGo,6E 5228,2026-09-17,7,economy,,,7374.0,False,16:45,ok,2026-09-10T01:42:59.832280+05:30,2026-09-10_0142IST,airline_direct,IndiGo
BOM,BLR,6E,IndiGo,6E 6802,2026-09-17,7,economy,,,7505.0,False,16:55,ok,2026-09-10T01:42:59.832280+05:30,2026-09-10_0142IST,airline_direct,IndiGo
BOM,BLR,6E,IndiGo,6E 632,2026-09-17,7,economy,,,7584.0,False,04:00,ok,2026-09-10T01:42:59.832280+05:30,2026-09-10_0142IST,airline_direct,IndiGo
BOM,BLR,6E,IndiGo,6E 136,2026-09-17,7,business,,,27632.0,False,04:05,ok,2026-09-10T01:42:59.832280+05:30,2026-09-10_0142IST,airline_direct,IndiGo
BOM,BLR,6E,IndiGo,6E 136,2026-09-17,7,economy,,,7584.0,False,04:05,ok,2026-09-10T01:42:59.832280+05:30,2026-09-10_0142IST,airline_direct,IndiGo
BOM,BLR,6E,IndiGo,6E 136,2026-09-17,7,business,,,26389.0,False,04:05,ok,2026-09-10T01:42:59.832280+05:30,2026-09-10_0142IST,airline_direct,IndiGo
BOM,BLR,6E,IndiGo,6E 136,2026-09-17,7,economy,,,7584.0,False,04:05,ok,2026-09-10T01:42:59.832280+05:30,2026-09-10_0142IST,airline_direct,IndiGo
BOM,BLR,6E,IndiGo,6E 136,2026-09-17,7,business,,,26046.0,False,04:05,ok,2026-09-10T01:42:59.832280+05:30,2026-09-10_0142IST,airline_direct,IndiGo
BOM,BLR,6E,IndiGo,6E 136,2026-09-17,7,economy,,,7584.0,False,04:05,ok,2026-09-10T01:42:59.832280+05:30,2026-09-10_0142IST,airline_direct,IndiGo
BOM,BLR,6E,IndiGo,6E 6701,2026-09-17,7,economy,,,7584.0,False,05:35,ok,2026-09-10T01:42:59.832280+05:30,2026-09-10_0142IST,airline_direct,IndiGo
BOM,BLR,6E,IndiGo,6E 6701,2026-09-17,7,economy,,,7584.0,False,05:35,ok,2026-09-10T01:42:59.832280+05:30,2026-09-10_0142IST,airline_direct,IndiGo
BOM,BLR,6E,IndiGo,6E 5188,2026-09-17,7,business,,,26046.0,False,06:15,ok,2026-09-10T01:42:59.832280+05:30,2026-09-10_0142IST,airline_direct,IndiGo
BOM,BLR,6E,IndiGo,6E 5188,2026-09-17,7,economy,,,7584.0,False,06:15,ok,2026-09-10T01:42:59.832280+05:30,2026-09-10_0142IST,airline_direct,IndiGo
BOM,BLR,6E,IndiGo,6E 5109,2026-09-17,7,economy,,,7584.0,False,09:35,ok,2026-09-10T01:42:59.832280+05:30,2026-09-10_0142IST,airline_direct,IndiGo
BOM,BLR,6E,IndiGo,6E 5313,2026-09-17,7,business,,,28130.0,False,09:50,ok,2026-09-10T01:42:59.832280+05:30,2026-09-10_0142IST,airline_direct,IndiGo
BOM,BLR,6E,IndiGo,6E 5313,2026-09-17,7,economy,,,7584.0,False,09:50,ok,2026-09-10T01:42:59.832280+05:30,2026-09-10_0142IST,airline_direct,IndiGo
BOM,BLR,6E,IndiGo,6E 5313,2026-09-17,7,business,,,27179.0,False,09:50,ok,2026-09-10T01:42:59.832280+05:30,2026-09-10_0142IST,airline_direct,IndiGo
BOM,BLR,6E,IndiGo,6E 5313,2026-09-17,7,economy,,,7584.0,False,09:50,ok,2026-09-10T01:42:59.832280+05:30,2026-09-10_0142IST,airline_direct,IndiGo
BOM,BLR,6E,IndiGo,6E 6349,2026-09-17,7,business,,,27179.0,False,11:40,ok,2026-09-10T01:42:59.832280+05:30,2026-09-10_0142IST,airline_direct,IndiGo
BOM,BLR,6E,IndiGo,6E 6349,2026-09-17,7,economy,,,7584.0,False,11:40,ok,2026-09-10T01:42:59.832280+05:30,2026-09-10_0142IST,airline_direct,IndiGo
BOM,BLR,6E,IndiGo,6E 6349,2026-09-17,7,business,,,27632.0,False,11:40,ok,2026-09-10T01:42:59.832280+05:30,2026-09-10_0142IST,airline_direct,IndiGo
BOM,BLR,6E,IndiGo,6E 6349,2026-09-17,7,economy,,,7584.0,False,11:40,ok,2026-09-10T01:42:59.832280+05:30,2026-09-10_0142IST,airline_direct,IndiGo
BOM,BLR,6E,IndiGo,6E 2284,2026-09-17,7,economy,,,7584.0,False,12:05,ok,2026-09-10T01:42:59.832280+05:30,2026-09-10_0142IST,airline_direct,IndiGo
BOM,BLR,6E,IndiGo,6E 673,2026-09-17,7,economy,,,7584.0,False,12:35,ok,2026-09-10T01:42:59.832280+05:30,2026-09-10_0142IST,airline_direct,IndiGo
BOM,BLR,6E,IndiGo,6E 673,2026-09-17,7,economy,,,7584.0,False,12:35,ok,2026-09-10T01:42:59.832280+05:30,2026-09-10_0142IST,airline_direct,IndiGo
BOM,BLR,6E,IndiGo,6E 5337,2026-09-17,7,business,,,27632.0,False,13:45,ok,2026-09-10T01:42:59.832280+05:30,2026-09-10_0142IST,airline_direct,IndiGo
BOM,BLR,6E,IndiGo,6E 5337,2026-09-17,7,economy,,,7584.0,False,13:45,ok,2026-09-10T01:42:59.832280+05:30,2026-09-10_0142IST,airline_direct,IndiGo
BOM,BLR,6E,IndiGo,6E 5337,2026-09-17,7,business,,,28676.0,False,13:45,ok,2026-09-10T01:42:59.832280+05:30,2026-09-10_0142IST,airline_direct,IndiGo
BOM,BLR,6E,IndiGo,6E 5337,2026-09-17,7,economy,,,7584.0,False,13:45,ok,2026-09-10T01:42:59.832280+05:30,2026-09-10_0142IST,airline_direct,IndiGo
BOM,BLR,6E,IndiGo,6E 5196,2026-09-17,7,business,,,28676.0,False,15:25,ok,2026-09-10T01:42:59.832280+05:30,2026-09-10_0142IST,airline_direct,IndiGo
BOM,BLR,6E,IndiGo,6E 5196,2026-09-17,7,economy,,,7584.0,False,15:25,ok,2026-09-10T01:42:59.832280+05:30,2026-09-10_0142IST,airline_direct,IndiGo
BOM,BLR,6E,IndiGo,6E 5196,2026-09-17,7,business,,,26046.0,False,15:25,ok,2026-09-10T01:42:59.832280+05:30,2026-09-10_0142IST,airline_direct,IndiGo
BOM,BLR,6E,IndiGo,6E 5196,2026-09-17,7,economy,,,7584.0,False,15:25,ok,2026-09-10T01:42:59.832280+05:30,2026-09-10_0142IST,airline_direct,IndiGo
BOM,BLR,6E,IndiGo,6E 240,2026-09-17,7,economy,,,7584.0,False,15:45,ok,2026-09-10T01:42:59.832280+05:30,2026-09-10_0142IST,airline_direct,IndiGo
BOM,BLR,6E,IndiGo,6E 437,2026-09-17,7,economy,,,7584.0,False,17:10,ok,2026-09-10T01:42:59.832280+05:30,2026-09-10_0142IST,airline_direct,IndiGo
BOM,BLR,6E,IndiGo,6E 5048,2026-09-17,7,business,,,26046.0,False,17:25,ok,2026-09-10T01:42:59.832280+05:30,2026-09-10_0142IST,airline_direct,IndiGo
BOM,BLR,6E,IndiGo,6E 5048,2026-09-17,7,economy,,,7584.0,False,17:25,ok,2026-09-10T01:42:59.832280+05:30,2026-09-10_0142IST,airline_direct,IndiGo
BOM,BLR,6E,IndiGo,6E 5126,2026-09-17,7,economy,,,7584.0,False,18:15,ok,2026-09-10T01:42:59.832280+05:30,2026-09-10_0142IST,airline_direct,IndiGo
BOM,BLR,6E,IndiGo,6E 2237,2026-09-17,7,economy,,,7584.0,False,18:40,ok,2026-09-10T01:42:59.832280+05:30,2026-09-10_0142IST,airline_direct,IndiGo
BOM,BLR,6E,IndiGo,6E 5107,2026-09-17,7,economy,,,7584.0,False,20:00,ok,2026-09-10T01:42:59.832280+05:30,2026-09-10_0142IST,airline_direct,IndiGo
BOM,BLR,6E,IndiGo,6E 5181,2026-09-17,7,economy,,,7715.0,False,10:25,ok,2026-09-10T01:42:59.832280+05:30,2026-09-10_0142IST,airline_direct,IndiGo
BOM,BLR,6E,IndiGo,6E 6599,2026-09-17,7,economy,,,7715.0,False,16:50,ok,2026-09-10T01:42:59.832280+05:30,2026-09-10_0142IST,airline_direct,IndiGo
BOM,BLR,6E,IndiGo,6E 5082,2026-09-17,7,economy,,,7785.0,False,18:05,ok,2026-09-10T01:42:59.832280+05:30,2026-09-10_0142IST,airline_direct,IndiGo
BOM,BLR,6E,IndiGo,6E 5123,2026-09-17,7,economy,,,8047.0,False,14:40,ok,2026-09-10T01:42:59.832280+05:30,2026-09-10_0142IST,airline_direct,IndiGo
BOM,BLR,6E,IndiGo,6E 2016,2026-09-17,7,economy,,,8126.0,False,13:35,ok,2026-09-10T01:42:59.832280+05:30,2026-09-10_0142IST,airline_direct,IndiGo
BOM,BLR,6E,IndiGo,6E 5241,2026-09-17,7,economy,,,9081.0,False,16:40,ok,2026-09-10T01:42:59.832280+05:30,2026-09-10_0142IST,airline_direct,IndiGo
BOM,BLR,6E,IndiGo,6E 5386,2026-09-17,7,business,,,25462.0,False,15:10,ok,2026-09-10T01:42:59.832280+05:30,2026-09-10_0142IST,airline_direct,IndiGo
BOM,BLR,6E,IndiGo,6E 5386,2026-09-17,7,economy,,,9858.0,False,15:10,ok,2026-09-10T01:42:59.832280+05:30,2026-09-10_0142IST,airline_direct,IndiGo
BOM,BLR,6E,IndiGo,6E 5178,2026-09-17,7,business,,,28258.0,False,11:45,ok,2026-09-10T01:42:59.832280+05:30,2026-09-10_0142IST,airline_direct,IndiGo
BOM,BLR,6E,IndiGo,6E 5178,2026-09-17,7,economy,,,12385.0,False,11:45,ok,2026-09-10T01:42:59.832280+05:30,2026-09-10_0142IST,airline_direct,IndiGo
BOM,BLR,6E,IndiGo,6E 5386,2026-09-17,7,business,,,32404.0,False,15:10,ok,2026-09-10T01:42:59.832280+05:30,2026-09-10_0142IST,airline_direct,IndiGo
BOM,BLR,6E,IndiGo,6E 5386,2026-09-17,7,economy,,,12385.0,False,15:10,ok,2026-09-10T01:42:59.832280+05:30,2026-09-10_0142IST,airline_direct,IndiGo
BOM,BLR,6E,IndiGo,6E 5386,2026-09-17,7,business,,,32404.0,False,15:10,ok,2026-09-10T01:42:59.832280+05:30,2026-09-10_0142IST,airline_direct,IndiGo
BOM,BLR,6E,IndiGo,6E 5386,2026-09-17,7,economy,,,12385.0,False,15:10,ok,2026-09-10T01:42:59.832280+05:30,2026-09-10_0142IST,airline_direct,IndiGo
BOM,BLR,6E,IndiGo,6E 5318,2026-09-17,7,business,,,33689.0,False,10:15,ok,2026-09-10T01:42:59.832280+05:30,2026-09-10_0142IST,airline_direct,IndiGo
BOM,BLR,6E,IndiGo,6E 5318,2026-09-17,7,economy,,,13386.0,False,10:15,ok,2026-09-10T01:42:59.832280+05:30,2026-09-10_0142IST,airline_direct,IndiGo
BOM,BLR,6E,IndiGo,6E 5178,2026-09-17,7,business,,,32404.0,False,11:45,ok,2026-09-10T01:42:59.832280+05:30,2026-09-10_0142IST,airline_direct,IndiGo
BOM,BLR,6E,IndiGo,6E 5178,2026-09-17,7,economy,,,14478.0,False,11:45,ok,2026-09-10T01:42:59.832280+05:30,2026-09-10_0142IST,airline_direct,IndiGo
BOM,BLR,6E,IndiGo,6E 5178,2026-09-17,7,business,,,32404.0,False,11:45,ok,2026-09-10T01:42:59.832280+05:30,2026-09-10_0142IST,airline_direct,IndiGo
BOM,BLR,6E,IndiGo,6E 5178,2026-09-17,7,economy,,,14478.0,False,11:45,ok,2026-09-10T01:42:59.832280+05:30,2026-09-10_0142IST,airline_direct,IndiGo
BOM,BLR,6E,IndiGo,6E 5318,2026-09-17,7,business,,,29543.0,False,10:15,ok,2026-09-10T01:42:59.832280+05:30,2026-09-10_0142IST,airline_direct,IndiGo
BOM,BLR,6E,IndiGo,6E 5318,2026-09-17,7,economy,,,15875.0,False,10:15,ok,2026-09-10T01:42:59.832280+05:30,2026-09-10_0142IST,airline_direct,IndiGo
BOM,BLR,6E,IndiGo,6E 6674,2026-09-17,7,economy,,,16973.0,False,09:05,ok,2026-09-10T01:42:59.832280+05:30,2026-09-10_0142IST,airline_direct,IndiGo
DEL,CCU,6E,IndiGo,6E 5191,2026-09-17,7,business,,,26140.0,False,05:00,ok,2026-09-10T01:44:07.302897+05:30,2026-09-10_0144IST,airline_direct,IndiGo
DEL,CCU,6E,IndiGo,6E 5191,2026-09-17,7,economy,,,8703.0,False,05:00,ok,2026-09-10T01:44:07.302897+05:30,2026-09-10_0144IST,airline_direct,IndiGo
DEL,CCU,6E,IndiGo,6E 340,2026-09-17,7,business,,,26140.0,False,07:20,ok,2026-09-10T01:44:07.302897+05:30,2026-09-10_0144IST,airline_direct,IndiGo
DEL,CCU,6E,IndiGo,6E 340,2026-09-17,7,economy,,,8703.0,False,07:20,ok,2026-09-10T01:44:07.302897+05:30,2026-09-10_0144IST,airline_direct,IndiGo
DEL,CCU,6E,IndiGo,6E 897,2026-09-17,7,business,,,26140.0,False,12:45,ok,2026-09-10T01:44:07.302897+05:30,2026-09-10_0144IST,airline_direct,IndiGo
DEL,CCU,6E,IndiGo,6E 897,2026-09-17,7,economy,,,8703.0,False,12:45,ok,2026-09-10T01:44:07.302897+05:30,2026-09-10_0144IST,airline_direct,IndiGo
DEL,CCU,6E,IndiGo,6E 910,2026-09-17,7,business,,,26140.0,False,14:25,ok,2026-09-10T01:44:07.302897+05:30,2026-09-10_0144IST,airline_direct,IndiGo
DEL,CCU,6E,IndiGo,6E 910,2026-09-17,7,economy,,,8703.0,False,14:25,ok,2026-09-10T01:44:07.302897+05:30,2026-09-10_0144IST,airline_direct,IndiGo
DEL,CCU,6E,IndiGo,6E 6415,2026-09-17,7,business,,,26140.0,False,16:00,ok,2026-09-10T01:44:07.302897+05:30,2026-09-10_0144IST,airline_direct,IndiGo
DEL,CCU,6E,IndiGo,6E 6415,2026-09-17,7,economy,,,8703.0,False,16:00,ok,2026-09-10T01:44:07.302897+05:30,2026-09-10_0144IST,airline_direct,IndiGo
DEL,CCU,6E,IndiGo,6E 2276,2026-09-17,7,business,,,26140.0,False,17:55,ok,2026-09-10T01:44:07.302897+05:30,2026-09-10_0144IST,airline_direct,IndiGo
DEL,CCU,6E,IndiGo,6E 2276,2026-09-17,7,economy,,,8703.0,False,17:55,ok,2026-09-10T01:44:07.302897+05:30,2026-09-10_0144IST,airline_direct,IndiGo
DEL,CCU,6E,IndiGo,6E 389,2026-09-17,7,business,,,26140.0,False,21:50,ok,2026-09-10T01:44:07.302897+05:30,2026-09-10_0144IST,airline_direct,IndiGo
DEL,CCU,6E,IndiGo,6E 389,2026-09-17,7,economy,,,8703.0,False,21:50,ok,2026-09-10T01:44:07.302897+05:30,2026-09-10_0144IST,airline_direct,IndiGo
DEL,CCU,6E,IndiGo,6E 247,2026-09-17,7,business,,,26140.0,False,23:30,ok,2026-09-10T01:44:07.302897+05:30,2026-09-10_0144IST,airline_direct,IndiGo
DEL,CCU,6E,IndiGo,6E 247,2026-09-17,7,economy,,,8703.0,False,23:30,ok,2026-09-10T01:44:07.302897+05:30,2026-09-10_0144IST,airline_direct,IndiGo
DEL,CCU,6E,IndiGo,6E 513,2026-09-17,7,business,,,26140.0,False,08:30,ok,2026-09-10T01:44:07.302897+05:30,2026-09-10_0144IST,airline_direct,IndiGo
DEL,CCU,6E,IndiGo,6E 513,2026-09-17,7,economy,,,8965.0,False,08:30,ok,2026-09-10T01:44:07.302897+05:30,2026-09-10_0144IST,airline_direct,IndiGo
DEL,CCU,6E,IndiGo,6E 894,2026-09-17,7,business,,,26140.0,False,10:15,ok,2026-09-10T01:44:07.302897+05:30,2026-09-10_0144IST,airline_direct,IndiGo
DEL,CCU,6E,IndiGo,6E 894,2026-09-17,7,economy,,,10278.0,False,10:15,ok,2026-09-10T01:44:07.302897+05:30,2026-09-10_0144IST,airline_direct,IndiGo
DEL,CCU,6E,IndiGo,6E 6517,2026-09-17,7,business,,,26140.0,False,19:30,ok,2026-09-10T01:44:07.302897+05:30,2026-09-10_0144IST,airline_direct,IndiGo
DEL,CCU,6E,IndiGo,6E 6517,2026-09-17,7,economy,,,10278.0,False,19:30,ok,2026-09-10T01:44:07.302897+05:30,2026-09-10_0144IST,airline_direct,IndiGo
DEL,CCU,6E,IndiGo,6E 6245,2026-09-17,7,economy,,,7376.0,False,06:20,ok,2026-09-10T01:44:07.302897+05:30,2026-09-10_0144IST,airline_direct,IndiGo
DEL,CCU,6E,IndiGo,6E 5206,2026-09-17,7,economy,,,7376.0,False,13:20,ok,2026-09-10T01:44:07.302897+05:30,2026-09-10_0144IST,airline_direct,IndiGo
DEL,CCU,6E,IndiGo,6E 2453,2026-09-17,7,economy,,,7376.0,False,13:35,ok,2026-09-10T01:44:07.302897+05:30,2026-09-10_0144IST,airline_direct,IndiGo
DEL,CCU,6E,IndiGo,6E 6236,2026-09-17,7,economy,,,7376.0,False,16:20,ok,2026-09-10T01:44:07.302897+05:30,2026-09-10_0144IST,airline_direct,IndiGo
DEL,CCU,6E,IndiGo,6E 6440,2026-09-17,7,economy,,,7376.0,False,16:40,ok,2026-09-10T01:44:07.302897+05:30,2026-09-10_0144IST,airline_direct,IndiGo
DEL,CCU,6E,IndiGo,6E 6459,2026-09-17,7,economy,,,7507.0,False,05:55,ok,2026-09-10T01:44:07.302897+05:30,2026-09-10_0144IST,airline_direct,IndiGo
DEL,CCU,6E,IndiGo,6E 2361,2026-09-17,7,economy,,,7507.0,False,14:35,ok,2026-09-10T01:44:07.302897+05:30,2026-09-10_0144IST,airline_direct,IndiGo
DEL,CCU,6E,IndiGo,6E 6190,2026-09-17,7,economy,,,7586.0,False,07:40,ok,2026-09-10T01:44:07.302897+05:30,2026-09-10_0144IST,airline_direct,IndiGo
DEL,CCU,6E,IndiGo,6E 2296,2026-09-17,7,economy,,,7586.0,False,09:20,ok,2026-09-10T01:44:07.302897+05:30,2026-09-10_0144IST,airline_direct,IndiGo
DEL,CCU,6E,IndiGo,6E 5038,2026-09-17,7,economy,,,7586.0,False,14:00,ok,2026-09-10T01:44:07.302897+05:30,2026-09-10_0144IST,airline_direct,IndiGo
DEL,CCU,6E,IndiGo,6E 2203,2026-09-17,7,economy,,,7691.0,False,04:45,ok,2026-09-10T01:44:07.302897+05:30,2026-09-10_0144IST,airline_direct,IndiGo
DEL,CCU,6E,IndiGo,6E 6124,2026-09-17,7,economy,,,7691.0,False,07:30,ok,2026-09-10T01:44:07.302897+05:30,2026-09-10_0144IST,airline_direct,IndiGo
DEL,CCU,6E,IndiGo,6E 5215,2026-09-17,7,economy,,,7691.0,False,07:45,ok,2026-09-10T01:44:07.302897+05:30,2026-09-10_0144IST,airline_direct,IndiGo
DEL,CCU,6E,IndiGo,6E 5307,2026-09-17,7,economy,,,7691.0,False,10:50,ok,2026-09-10T01:44:07.302897+05:30,2026-09-10_0144IST,airline_direct,IndiGo
DEL,CCU,6E,IndiGo,6E 5041,2026-09-17,7,economy,,,7691.0,False,15:10,ok,2026-09-10T01:44:07.302897+05:30,2026-09-10_0144IST,airline_direct,IndiGo
DEL,CCU,6E,IndiGo,6E 5041,2026-09-17,7,economy,,,7691.0,False,15:10,ok,2026-09-10T01:44:07.302897+05:30,2026-09-10_0144IST,airline_direct,IndiGo
DEL,CCU,6E,IndiGo,6E 6829,2026-09-17,7,economy,,,7717.0,False,17:20,ok,2026-09-10T01:44:07.302897+05:30,2026-09-10_0144IST,airline_direct,IndiGo
DEL,CCU,6E,IndiGo,6E 6503,2026-09-17,7,economy,,,7901.0,False,13:25,ok,2026-09-10T01:44:07.302897+05:30,2026-09-10_0144IST,airline_direct,IndiGo
DEL,CCU,6E,IndiGo,6E 6503,2026-09-17,7,economy,,,7901.0,False,13:25,ok,2026-09-10T01:44:07.302897+05:30,2026-09-10_0144IST,airline_direct,IndiGo
DEL,CCU,6E,IndiGo,6E 704,2026-09-17,7,business,,,31918.0,False,02:25,ok,2026-09-10T01:44:07.302897+05:30,2026-09-10_0144IST,airline_direct,IndiGo
DEL,CCU,6E,IndiGo,6E 704,2026-09-17,7,economy,,,7927.0,False,02:25,ok,2026-09-10T01:44:07.302897+05:30,2026-09-10_0144IST,airline_direct,IndiGo
DEL,CCU,6E,IndiGo,6E 704,2026-09-17,7,business,,,32272.0,False,02:25,ok,2026-09-10T01:44:07.302897+05:30,2026-09-10_0144IST,airline_direct,IndiGo
DEL,CCU,6E,IndiGo,6E 704,2026-09-17,7,economy,,,7927.0,False,02:25,ok,2026-09-10T01:44:07.302897+05:30,2026-09-10_0144IST,airline_direct,IndiGo
DEL,CCU,6E,IndiGo,6E 5119,2026-09-17,7,economy,,,7927.0,False,05:10,ok,2026-09-10T01:44:07.302897+05:30,2026-09-10_0144IST,airline_direct,IndiGo
DEL,CCU,6E,IndiGo,6E 203,2026-09-17,7,business,,,32272.0,False,07:10,ok,2026-09-10T01:44:07.302897+05:30,2026-09-10_0144IST,airline_direct,IndiGo
DEL,CCU,6E,IndiGo,6E 203,2026-09-17,7,economy,,,7927.0,False,07:10,ok,2026-09-10T01:44:07.302897+05:30,2026-09-10_0144IST,airline_direct,IndiGo
DEL,CCU,6E,IndiGo,6E 203,2026-09-17,7,business,,,32272.0,False,07:10,ok,2026-09-10T01:44:07.302897+05:30,2026-09-10_0144IST,airline_direct,IndiGo
DEL,CCU,6E,IndiGo,6E 203,2026-09-17,7,economy,,,7927.0,False,07:10,ok,2026-09-10T01:44:07.302897+05:30,2026-09-10_0144IST,airline_direct,IndiGo
DEL,CCU,6E,IndiGo,6E 705,2026-09-17,7,business,,,32272.0,False,08:30,ok,2026-09-10T01:44:07.302897+05:30,2026-09-10_0144IST,airline_direct,IndiGo
DEL,CCU,6E,IndiGo,6E 705,2026-09-17,7,economy,,,7927.0,False,08:30,ok,2026-09-10T01:44:07.302897+05:30,2026-09-10_0144IST,airline_direct,IndiGo
DEL,CCU,6E,IndiGo,6E 705,2026-09-17,7,business,,,32272.0,False,08:30,ok,2026-09-10T01:44:07.302897+05:30,2026-09-10_0144IST,airline_direct,IndiGo
DEL,CCU,6E,IndiGo,6E 705,2026-09-17,7,economy,,,7927.0,False,08:30,ok,2026-09-10T01:44:07.302897+05:30,2026-09-10_0144IST,airline_direct,IndiGo
DEL,CCU,6E,IndiGo,6E 6293,2026-09-17,7,business,,,32272.0,False,09:55,ok,2026-09-10T01:44:07.302897+05:30,2026-09-10_0144IST,airline_direct,IndiGo
DEL,CCU,6E,IndiGo,6E 6293,2026-09-17,7,economy,,,7927.0,False,09:55,ok,2026-09-10T01:44:07.302897+05:30,2026-09-10_0144IST,airline_direct,IndiGo
DEL,CCU,6E,IndiGo,6E 907,2026-09-17,7,economy,,,7927.0,False,10:00,ok,2026-09-10T01:44:07.302897+05:30,2026-09-10_0144IST,airline_direct,IndiGo
DEL,CCU,6E,IndiGo,6E 884,2026-09-17,7,business,,,32272.0,False,11:45,ok,2026-09-10T01:44:07.302897+05:30,2026-09-10_0144IST,airline_direct,IndiGo
DEL,CCU,6E,IndiGo,6E 884,2026-09-17,7,economy,,,7927.0,False,11:45,ok,2026-09-10T01:44:07.302897+05:30,2026-09-10_0144IST,airline_direct,IndiGo
DEL,CCU,6E,IndiGo,6E 2331,2026-09-17,7,economy,,,7927.0,False,12:20,ok,2026-09-10T01:44:07.302897+05:30,2026-09-10_0144IST,airline_direct,IndiGo
DEL,CCU,6E,IndiGo,6E 6282,2026-09-17,7,business,,,32272.0,False,13:30,ok,2026-09-10T01:44:07.302897+05:30,2026-09-10_0144IST,airline_direct,IndiGo
DEL,CCU,6E,IndiGo,6E 6282,2026-09-17,7,economy,,,7927.0,False,13:30,ok,2026-09-10T01:44:07.302897+05:30,2026-09-10_0144IST,airline_direct,IndiGo
DEL,CCU,6E,IndiGo,6E 6282,2026-09-17,7,business,,,31918.0,False,13:30,ok,2026-09-10T01:44:07.302897+05:30,2026-09-10_0144IST,airline_direct,IndiGo
DEL,CCU,6E,IndiGo,6E 6282,2026-09-17,7,economy,,,7927.0,False,13:30,ok,2026-09-10T01:44:07.302897+05:30,2026-09-10_0144IST,airline_direct,IndiGo
DEL,CCU,6E,IndiGo,6E 2341,2026-09-17,7,economy,,,7927.0,False,14:50,ok,2026-09-10T01:44:07.302897+05:30,2026-09-10_0144IST,airline_direct,IndiGo
DEL,CCU,6E,IndiGo,6E 6217,2026-09-17,7,business,,,31918.0,False,16:15,ok,2026-09-10T01:44:07.302897+05:30,2026-09-10_0144IST,airline_direct,IndiGo
DEL,CCU,6E,IndiGo,6E 6217,2026-09-17,7,economy,,,7927.0,False,16:15,ok,2026-09-10T01:44:07.302897+05:30,2026-09-10_0144IST,airline_direct,IndiGo
DEL,CCU,6E,IndiGo,6E 5073,2026-09-17,7,economy,,,7927.0,False,17:05,ok,2026-09-10T01:44:07.302897+05:30,2026-09-10_0144IST,airline_direct,IndiGo
DEL,CCU,6E,IndiGo,6E 717,2026-09-17,7,business,,,31918.0,False,17:55,ok,2026-09-10T01:44:07.302897+05:30,2026-09-10_0144IST,airline_direct,IndiGo
DEL,CCU,6E,IndiGo,6E 717,2026-09-17,7,economy,,,7927.0,False,17:55,ok,2026-09-10T01:44:07.302897+05:30,2026-09-10_0144IST,airline_direct,IndiGo
DEL,CCU,6E,IndiGo,6E 882,2026-09-17,7,business,,,31918.0,False,23:15,ok,2026-09-10T01:44:07.302897+05:30,2026-09-10_0144IST,airline_direct,IndiGo
DEL,CCU,6E,IndiGo,6E 882,2026-09-17,7,economy,,,7927.0,False,23:15,ok,2026-09-10T01:44:07.302897+05:30,2026-09-10_0144IST,airline_direct,IndiGo
DEL,CCU,6E,IndiGo,6E 6371,2026-09-17,7,economy,,,8032.0,False,06:20,ok,2026-09-10T01:44:07.302897+05:30,2026-09-10_0144IST,airline_direct,IndiGo
DEL,CCU,6E,IndiGo,6E 6312,2026-09-17,7,economy,,,8115.0,False,14:25,ok,2026-09-10T01:44:07.302897+05:30,2026-09-10_0144IST,airline_direct,IndiGo
DEL,CCU,6E,IndiGo,6E 734,2026-09-17,7,economy,,,8115.0,False,16:20,ok,2026-09-10T01:44:07.302897+05:30,2026-09-10_0144IST,airline_direct,IndiGo
DEL,CCU,6E,IndiGo,6E 6190,2026-09-17,7,economy,,,8194.0,False,07:40,ok,2026-09-10T01:44:07.302897+05:30,2026-09-10_0144IST,airline_direct,IndiGo
DEL,CCU,6E,IndiGo,6E 2296,2026-09-17,7,economy,,,8194.0,False,09:20,ok,2026-09-10T01:44:07.302897+05:30,2026-09-10_0144IST,airline_direct,IndiGo
DEL,CCU,6E,IndiGo,6E 2259,2026-09-17,7,economy,,,8194.0,False,12:20,ok,2026-09-10T01:44:07.302897+05:30,2026-09-10_0144IST,airline_direct,IndiGo
DEL,CCU,6E,IndiGo,6E 6053,2026-09-17,7,economy,,,8194.0,False,13:05,ok,2026-09-10T01:44:07.302897+05:30,2026-09-10_0144IST,airline_direct,IndiGo
DEL,CCU,6E,IndiGo,6E 2614,2026-09-17,7,economy,,,8194.0,False,14:40,ok,2026-09-10T01:44:07.302897+05:30,2026-09-10_0144IST,airline_direct,IndiGo
DEL,CCU,6E,IndiGo,6E 2614,2026-09-17,7,economy,,,8194.0,False,14:40,ok,2026-09-10T01:44:07.302897+05:30,2026-09-10_0144IST,airline_direct,IndiGo
DEL,CCU,6E,IndiGo,6E 6073,2026-09-17,7,economy,,,8862.0,False,05:00,ok,2026-09-10T01:44:07.302897+05:30,2026-09-10_0144IST,airline_direct,IndiGo
DEL,CCU,6E,IndiGo,6E 6130,2026-09-17,7,economy,,,26076.0,False,12:55,ok,2026-09-10T01:44:07.302897+05:30,2026-09-10_0144IST,airline_direct,IndiGo
BLR,HYD,6E,IndiGo,6E 6067,2026-09-17,7,economy,,,6239.0,False,16:30,ok,2026-09-10T01:45:08.231924+05:30,2026-09-10_0145IST,airline_direct,IndiGo
BLR,HYD,6E,IndiGo,6E 638,2026-09-17,7,economy,,,6239.0,False,18:35,ok,2026-09-10T01:45:08.231924+05:30,2026-09-10_0145IST,airline_direct,IndiGo
BLR,HYD,6E,IndiGo,6E 6404,2026-09-17,7,economy,,,7361.0,False,11:35,ok,2026-09-10T01:45:08.231924+05:30,2026-09-10_0145IST,airline_direct,IndiGo
BLR,HYD,6E,IndiGo,6E 537,2026-09-17,7,economy,,,9518.0,False,10:15,ok,2026-09-10T01:45:08.231924+05:30,2026-09-10_0145IST,airline_direct,IndiGo
BLR,HYD,6E,IndiGo,6E 312,2026-09-17,7,economy,,,10390.0,False,09:15,ok,2026-09-10T01:45:08.231924+05:30,2026-09-10_0145IST,airline_direct,IndiGo
BLR,HYD,6E,IndiGo,6E 855,2026-09-17,7,economy,,,10390.0,False,19:45,ok,2026-09-10T01:45:08.231924+05:30,2026-09-10_0145IST,airline_direct,IndiGo
BLR,HYD,6E,IndiGo,6E 6784,2026-09-17,7,economy,,,11353.0,False,21:30,ok,2026-09-10T01:45:08.231924+05:30,2026-09-10_0145IST,airline_direct,IndiGo
BLR,HYD,6E,IndiGo,6E 484,2026-09-17,7,economy,,,14882.0,False,08:15,ok,2026-09-10T01:45:08.231924+05:30,2026-09-10_0145IST,airline_direct,IndiGo
BLR,HYD,6E,IndiGo,6E 6178,2026-09-17,7,economy,,,16310.0,False,06:25,ok,2026-09-10T01:45:08.231924+05:30,2026-09-10_0145IST,airline_direct,IndiGo
BLR,HYD,6E,IndiGo,6E 6563,2026-09-17,7,economy,,,5463.0,False,01:05,ok,2026-09-10T01:45:08.231924+05:30,2026-09-10_0145IST,airline_direct,IndiGo
BLR,HYD,6E,IndiGo,6E 6876,2026-09-17,7,economy,,,5463.0,False,02:40,ok,2026-09-10T01:45:08.231924+05:30,2026-09-10_0145IST,airline_direct,IndiGo
BLR,HYD,6E,IndiGo,6E 857,2026-09-17,7,economy,,,5463.0,False,07:05,ok,2026-09-10T01:45:08.231924+05:30,2026-09-10_0145IST,airline_direct,IndiGo
BLR,HYD,6E,IndiGo,6E 857,2026-09-17,7,economy,,,5463.0,False,07:05,ok,2026-09-10T01:45:08.231924+05:30,2026-09-10_0145IST,airline_direct,IndiGo
BLR,HYD,6E,IndiGo,6E 904,2026-09-17,7,economy,,,5463.0,False,10:50,ok,2026-09-10T01:45:08.231924+05:30,2026-09-10_0145IST,airline_direct,IndiGo
BLR,HYD,6E,IndiGo,6E 6104,2026-09-17,7,economy,,,5463.0,False,11:40,ok,2026-09-10T01:45:08.231924+05:30,2026-09-10_0145IST,airline_direct,IndiGo
BLR,HYD,6E,IndiGo,6E 6104,2026-09-17,7,economy,,,5463.0,False,11:40,ok,2026-09-10T01:45:08.231924+05:30,2026-09-10_0145IST,airline_direct,IndiGo
BLR,HYD,6E,IndiGo,6E 6653,2026-09-17,7,economy,,,5463.0,False,12:35,ok,2026-09-10T01:45:08.231924+05:30,2026-09-10_0145IST,airline_direct,IndiGo
BLR,HYD,6E,IndiGo,6E 6653,2026-09-17,7,economy,,,5463.0,False,12:35,ok,2026-09-10T01:45:08.231924+05:30,2026-09-10_0145IST,airline_direct,IndiGo
BLR,HYD,6E,IndiGo,6E 6653,2026-09-17,7,economy,,,5463.0,False,12:35,ok,2026-09-10T01:45:08.231924+05:30,2026-09-10_0145IST,airline_direct,IndiGo
BLR,HYD,6E,IndiGo,6E 6208,2026-09-17,7,economy,,,5463.0,False,12:45,ok,2026-09-10T01:45:08.231924+05:30,2026-09-10_0145IST,airline_direct,IndiGo
BLR,HYD,6E,IndiGo,6E 6208,2026-09-17,7,economy,,,5463.0,False,12:45,ok,2026-09-10T01:45:08.231924+05:30,2026-09-10_0145IST,airline_direct,IndiGo
BLR,HYD,6E,IndiGo,6E 6208,2026-09-17,7,economy,,,5463.0,False,12:45,ok,2026-09-10T01:45:08.231924+05:30,2026-09-10_0145IST,airline_direct,IndiGo
BLR,HYD,6E,IndiGo,6E 6542,2026-09-17,7,economy,,,5463.0,False,13:10,ok,2026-09-10T01:45:08.231924+05:30,2026-09-10_0145IST,airline_direct,IndiGo
BLR,HYD,6E,IndiGo,6E 6542,2026-09-17,7,economy,,,5463.0,False,13:10,ok,2026-09-10T01:45:08.231924+05:30,2026-09-10_0145IST,airline_direct,IndiGo
BLR,HYD,6E,IndiGo,6E 6753,2026-09-17,7,economy,,,5463.0,False,15:15,ok,2026-09-10T01:45:08.231924+05:30,2026-09-10_0145IST,airline_direct,IndiGo
BLR,HYD,6E,IndiGo,6E 6753,2026-09-17,7,economy,,,5463.0,False,15:15,ok,2026-09-10T01:45:08.231924+05:30,2026-09-10_0145IST,airline_direct,IndiGo
BLR,HYD,6E,IndiGo,6E 576,2026-09-17,7,economy,,,5463.0,False,16:25,ok,2026-09-10T01:45:08.231924+05:30,2026-09-10_0145IST,airline_direct,IndiGo
BLR,HYD,6E,IndiGo,6E 356,2026-09-17,7,economy,,,5463.0,False,17:15,ok,2026-09-10T01:45:08.231924+05:30,2026-09-10_0145IST,airline_direct,IndiGo
BLR,HYD,6E,IndiGo,6E 356,2026-09-17,7,economy,,,5463.0,False,17:15,ok,2026-09-10T01:45:08.231924+05:30,2026-09-10_0145IST,airline_direct,IndiGo
BLR,HYD,6E,IndiGo,6E 6168,2026-09-17,7,economy,,,5463.0,False,17:40,ok,2026-09-10T01:45:08.231924+05:30,2026-09-10_0145IST,airline_direct,IndiGo
BLR,HYD,6E,IndiGo,6E 6168,2026-09-17,7,economy,,,5463.0,False,17:40,ok,2026-09-10T01:45:08.231924+05:30,2026-09-10_0145IST,airline_direct,IndiGo
BLR,HYD,6E,IndiGo,6E 6017,2026-09-17,7,economy,,,5463.0,False,18:15,ok,2026-09-10T01:45:08.231924+05:30,2026-09-10_0145IST,airline_direct,IndiGo
BLR,HYD,6E,IndiGo,6E 105,2026-09-17,7,economy,,,5463.0,False,18:50,ok,2026-09-10T01:45:08.231924+05:30,2026-09-10_0145IST,airline_direct,IndiGo
BLR,HYD,6E,IndiGo,6E 105,2026-09-17,7,economy,,,5463.0,False,18:50,ok,2026-09-10T01:45:08.231924+05:30,2026-09-10_0145IST,airline_direct,IndiGo
BLR,HYD,6E,IndiGo,6E 6554,2026-09-17,7,economy,,,5463.0,False,19:15,ok,2026-09-10T01:45:08.231924+05:30,2026-09-10_0145IST,airline_direct,IndiGo
BLR,HYD,6E,IndiGo,6E 441,2026-09-17,7,economy,,,5463.0,False,20:40,ok,2026-09-10T01:45:08.231924+05:30,2026-09-10_0145IST,airline_direct,IndiGo
BLR,HYD,6E,IndiGo,6E 528,2026-09-17,7,economy,,,5463.0,False,21:40,ok,2026-09-10T01:45:08.231924+05:30,2026-09-10_0145IST,airline_direct,IndiGo
BLR,HYD,6E,IndiGo,6E 116,2026-09-17,7,economy,,,5463.0,False,23:05,ok,2026-09-10T01:45:08.231924+05:30,2026-09-10_0145IST,airline_direct,IndiGo
BLR,HYD,6E,IndiGo,6E 116,2026-09-17,7,economy,,,5463.0,False,23:05,ok,2026-09-10T01:45:08.231924+05:30,2026-09-10_0145IST,airline_direct,IndiGo
BLR,HYD,6E,IndiGo,6E 6336,2026-09-17,7,economy,,,5594.0,False,12:25,ok,2026-09-10T01:45:08.231924+05:30,2026-09-10_0145IST,airline_direct,IndiGo
BLR,HYD,6E,IndiGo,6E 6336,2026-09-17,7,economy,,,5594.0,False,12:25,ok,2026-09-10T01:45:08.231924+05:30,2026-09-10_0145IST,airline_direct,IndiGo
BLR,HYD,6E,IndiGo,6E 6336,2026-09-17,7,economy,,,5594.0,False,12:25,ok,2026-09-10T01:45:08.231924+05:30,2026-09-10_0145IST,airline_direct,IndiGo
BLR,HYD,6E,IndiGo,6E 7204,2026-09-17,7,economy,,,6153.0,False,06:50,ok,2026-09-10T01:45:08.231924+05:30,2026-09-10_0145IST,airline_direct,IndiGo
BLR,HYD,6E,IndiGo,6E 7071,2026-09-17,7,economy,,,6153.0,False,10:55,ok,2026-09-10T01:45:08.231924+05:30,2026-09-10_0145IST,airline_direct,IndiGo
BLR,HYD,6E,IndiGo,6E 703,2026-09-17,7,economy,,,6153.0,False,12:55,ok,2026-09-10T01:45:08.231924+05:30,2026-09-10_0145IST,airline_direct,IndiGo
BLR,HYD,6E,IndiGo,6E 5306,2026-09-17,7,economy,,,6153.0,False,14:35,ok,2026-09-10T01:45:08.231924+05:30,2026-09-10_0145IST,airline_direct,IndiGo
BLR,HYD,6E,IndiGo,6E 109,2026-09-17,7,economy,,,6153.0,False,17:00,ok,2026-09-10T01:45:08.231924+05:30,2026-09-10_0145IST,airline_direct,IndiGo
BLR,HYD,6E,IndiGo,6E 6162,2026-09-17,7,economy,,,6153.0,False,18:50,ok,2026-09-10T01:45:08.231924+05:30,2026-09-10_0145IST,airline_direct,IndiGo
BLR,HYD,6E,IndiGo,6E 7227,2026-09-17,7,economy,,,6412.0,False,06:25,ok,2026-09-10T01:45:08.231924+05:30,2026-09-10_0145IST,airline_direct,IndiGo
BLR,HYD,6E,IndiGo,6E 7204,2026-09-17,7,economy,,,6543.0,False,06:50,ok,2026-09-10T01:45:08.231924+05:30,2026-09-10_0145IST,airline_direct,IndiGo
BLR,HYD,6E,IndiGo,6E 7005,2026-09-17,7,economy,,,6543.0,False,08:05,ok,2026-09-10T01:45:08.231924+05:30,2026-09-10_0145IST,airline_direct,IndiGo
BLR,HYD,6E,IndiGo,6E 7005,2026-09-17,7,economy,,,7432.0,False,08:05,ok,2026-09-10T01:45:08.231924+05:30,2026-09-10_0145IST,airline_direct,IndiGo
BLR,HYD,6E,IndiGo,6E 6583,2026-09-17,7,economy,,,7564.0,False,10:40,ok,2026-09-10T01:45:08.231924+05:30,2026-09-10_0145IST,airline_direct,IndiGo
BLR,HYD,6E,IndiGo,6E 6269,2026-09-17,7,economy,,,9081.0,False,07:15,ok,2026-09-10T01:45:08.231924+05:30,2026-09-10_0145IST,airline_direct,IndiGo
BLR,HYD,6E,IndiGo,6E 6445,2026-09-17,7,economy,,,9081.0,False,10:25,ok,2026-09-10T01:45:08.231924+05:30,2026-09-10_0145IST,airline_direct,IndiGo
BLR,HYD,6E,IndiGo,6E 904,2026-09-17,7,economy,,,9081.0,False,10:50,ok,2026-09-10T01:45:08.231924+05:30,2026-09-10_0145IST,airline_direct,IndiGo
BLR,HYD,6E,IndiGo,6E 6269,2026-09-17,7,economy,,,10433.0,False,07:15,ok,2026-09-10T01:45:08.231924+05:30,2026-09-10_0145IST,airline_direct,IndiGo
BLR,HYD,6E,IndiGo,6E 763,2026-09-17,7,economy,,,11204.0,False,07:05,ok,2026-09-10T01:45:08.231924+05:30,2026-09-10_0145IST,airline_direct,IndiGo
BLR,HYD,6E,IndiGo,6E 763,2026-09-17,7,economy,,,12041.0,False,07:05,ok,2026-09-10T01:45:08.231924+05:30,2026-09-10_0145IST,airline_direct,IndiGo
MAA,DEL,6E,IndiGo,6E 939,2026-09-17,7,business,,,28240.0,False,13:00,ok,2026-09-10T01:46:15.935479+05:30,2026-09-10_0146IST,airline_direct,IndiGo
MAA,DEL,6E,IndiGo,6E 939,2026-09-17,7,economy,,,9830.0,False,13:00,ok,2026-09-10T01:46:15.935479+05:30,2026-09-10_0146IST,airline_direct,IndiGo
MAA,DEL,6E,IndiGo,6E 948,2026-09-17,7,business,,,28240.0,False,14:30,ok,2026-09-10T01:46:15.935479+05:30,2026-09-10_0146IST,airline_direct,IndiGo
MAA,DEL,6E,IndiGo,6E 948,2026-09-17,7,economy,,,9830.0,False,14:30,ok,2026-09-10T01:46:15.935479+05:30,2026-09-10_0146IST,airline_direct,IndiGo
MAA,DEL,6E,IndiGo,6E 613,2026-09-17,7,business,,,28240.0,False,19:00,ok,2026-09-10T01:46:15.935479+05:30,2026-09-10_0146IST,airline_direct,IndiGo
MAA,DEL,6E,IndiGo,6E 613,2026-09-17,7,economy,,,9830.0,False,19:00,ok,2026-09-10T01:46:15.935479+05:30,2026-09-10_0146IST,airline_direct,IndiGo
MAA,DEL,6E,IndiGo,6E 951,2026-09-17,7,business,,,28240.0,False,21:50,ok,2026-09-10T01:46:15.935479+05:30,2026-09-10_0146IST,airline_direct,IndiGo
MAA,DEL,6E,IndiGo,6E 951,2026-09-17,7,economy,,,9830.0,False,21:50,ok,2026-09-10T01:46:15.935479+05:30,2026-09-10_0146IST,airline_direct,IndiGo
MAA,DEL,6E,IndiGo,6E 2369,2026-09-17,7,business,,,28240.0,False,23:45,ok,2026-09-10T01:46:15.935479+05:30,2026-09-10_0146IST,airline_direct,IndiGo
MAA,DEL,6E,IndiGo,6E 2369,2026-09-17,7,economy,,,9830.0,False,23:45,ok,2026-09-10T01:46:15.935479+05:30,2026-09-10_0146IST,airline_direct,IndiGo
MAA,DEL,6E,IndiGo,6E 698,2026-09-17,7,business,,,28240.0,False,16:45,ok,2026-09-10T01:46:15.935479+05:30,2026-09-10_0146IST,airline_direct,IndiGo
MAA,DEL,6E,IndiGo,6E 698,2026-09-17,7,economy,,,10295.0,False,16:45,ok,2026-09-10T01:46:15.935479+05:30,2026-09-10_0146IST,airline_direct,IndiGo
MAA,DEL,6E,IndiGo,6E 6002,2026-09-17,7,business,,,28240.0,False,11:10,ok,2026-09-10T01:46:15.935479+05:30,2026-09-10_0146IST,airline_direct,IndiGo
MAA,DEL,6E,IndiGo,6E 6002,2026-09-17,7,economy,,,11303.0,False,11:10,ok,2026-09-10T01:46:15.935479+05:30,2026-09-10_0146IST,airline_direct,IndiGo
MAA,DEL,6E,IndiGo,6E 404,2026-09-17,7,business,,,28240.0,False,09:15,ok,2026-09-10T01:46:15.935479+05:30,2026-09-10_0146IST,airline_direct,IndiGo
MAA,DEL,6E,IndiGo,6E 404,2026-09-17,7,economy,,,11850.0,False,09:15,ok,2026-09-10T01:46:15.935479+05:30,2026-09-10_0146IST,airline_direct,IndiGo
MAA,DEL,6E,IndiGo,6E 937,2026-09-17,7,business,,,28240.0,False,06:30,ok,2026-09-10T01:46:15.935479+05:30,2026-09-10_0146IST,airline_direct,IndiGo
MAA,DEL,6E,IndiGo,6E 937,2026-09-17,7,economy,,,13677.0,False,06:30,ok,2026-09-10T01:46:15.935479+05:30,2026-09-10_0146IST,airline_direct,IndiGo
MAA,DEL,6E,IndiGo,6E 253,2026-09-17,7,business,,,27587.0,False,03:10,ok,2026-09-10T01:46:15.935479+05:30,2026-09-10_0146IST,airline_direct,IndiGo
MAA,DEL,6E,IndiGo,6E 253,2026-09-17,7,economy,,,9778.0,False,03:10,ok,2026-09-10T01:46:15.935479+05:30,2026-09-10_0146IST,airline_direct,IndiGo
MAA,DEL,6E,IndiGo,6E 244,2026-09-17,7,economy,,,9778.0,False,03:55,ok,2026-09-10T01:46:15.935479+05:30,2026-09-10_0146IST,airline_direct,IndiGo
MAA,DEL,6E,IndiGo,6E 607,2026-09-17,7,business,,,27823.0,False,05:40,ok,2026-09-10T01:46:15.935479+05:30,2026-09-10_0146IST,airline_direct,IndiGo
MAA,DEL,6E,IndiGo,6E 607,2026-09-17,7,economy,,,9778.0,False,05:40,ok,2026-09-10T01:46:15.935479+05:30,2026-09-10_0146IST,airline_direct,IndiGo
MAA,DEL,6E,IndiGo,6E 495,2026-09-17,7,business,,,30979.0,False,07:10,ok,2026-09-10T01:46:15.935479+05:30,2026-09-10_0146IST,airline_direct,IndiGo
MAA,DEL,6E,IndiGo,6E 495,2026-09-17,7,economy,,,9778.0,False,07:10,ok,2026-09-10T01:46:15.935479+05:30,2026-09-10_0146IST,airline_direct,IndiGo
MAA,DEL,6E,IndiGo,6E 991,2026-09-17,7,economy,,,9778.0,False,09:30,ok,2026-09-10T01:46:15.935479+05:30,2026-09-10_0146IST,airline_direct,IndiGo
MAA,DEL,6E,IndiGo,6E 372,2026-09-17,7,business,,,30916.0,False,09:55,ok,2026-09-10T01:46:15.935479+05:30,2026-09-10_0146IST,airline_direct,IndiGo
MAA,DEL,6E,IndiGo,6E 372,2026-09-17,7,economy,,,9778.0,False,09:55,ok,2026-09-10T01:46:15.935479+05:30,2026-09-10_0146IST,airline_direct,IndiGo
MAA,DEL,6E,IndiGo,6E 539,2026-09-17,7,economy,,,9778.0,False,11:25,ok,2026-09-10T01:46:15.935479+05:30,2026-09-10_0146IST,airline_direct,IndiGo
MAA,DEL,6E,IndiGo,6E 6925,2026-09-17,7,business,,,30979.0,False,12:00,ok,2026-09-10T01:46:15.935479+05:30,2026-09-10_0146IST,airline_direct,IndiGo
MAA,DEL,6E,IndiGo,6E 6925,2026-09-17,7,economy,,,9778.0,False,12:00,ok,2026-09-10T01:46:15.935479+05:30,2026-09-10_0146IST,airline_direct,IndiGo
MAA,DEL,6E,IndiGo,6E 848,2026-09-17,7,economy,,,9778.0,False,17:50,ok,2026-09-10T01:46:15.935479+05:30,2026-09-10_0146IST,airline_direct,IndiGo
MAA,DEL,6E,IndiGo,6E 562,2026-09-17,7,economy,,,9778.0,False,18:20,ok,2026-09-10T01:46:15.935479+05:30,2026-09-10_0146IST,airline_direct,IndiGo
MAA,DEL,6E,IndiGo,6E 193,2026-09-17,7,economy,,,9778.0,False,20:00,ok,2026-09-10T01:46:15.935479+05:30,2026-09-10_0146IST,airline_direct,IndiGo
MAA,DEL,6E,IndiGo,6E 6487,2026-09-17,7,business,,,30367.0,False,21:25,ok,2026-09-10T01:46:15.935479+05:30,2026-09-10_0146IST,airline_direct,IndiGo
MAA,DEL,6E,IndiGo,6E 6487,2026-09-17,7,economy,,,9778.0,False,21:25,ok,2026-09-10T01:46:15.935479+05:30,2026-09-10_0146IST,airline_direct,IndiGo
MAA,DEL,6E,IndiGo,6E 561,2026-09-17,7,business,,,28059.0,False,22:20,ok,2026-09-10T01:46:15.935479+05:30,2026-09-10_0146IST,airline_direct,IndiGo
MAA,DEL,6E,IndiGo,6E 561,2026-09-17,7,economy,,,9778.0,False,22:20,ok,2026-09-10T01:46:15.935479+05:30,2026-09-10_0146IST,airline_direct,IndiGo
MAA,DEL,6E,IndiGo,6E 6815,2026-09-17,7,business,,,33057.0,False,08:55,ok,2026-09-10T01:46:15.935479+05:30,2026-09-10_0146IST,airline_direct,IndiGo
MAA,DEL,6E,IndiGo,6E 6815,2026-09-17,7,economy,,,9857.0,False,08:55,ok,2026-09-10T01:46:15.935479+05:30,2026-09-10_0146IST,airline_direct,IndiGo
MAA,DEL,6E,IndiGo,6E 6892,2026-09-17,7,business,,,32713.0,False,10:55,ok,2026-09-10T01:46:15.935479+05:30,2026-09-10_0146IST,airline_direct,IndiGo
MAA,DEL,6E,IndiGo,6E 6892,2026-09-17,7,economy,,,9857.0,False,10:55,ok,2026-09-10T01:46:15.935479+05:30,2026-09-10_0146IST,airline_direct,IndiGo
MAA,DEL,6E,IndiGo,6E 6892,2026-09-17,7,business,,,32713.0,False,10:55,ok,2026-09-10T01:46:15.935479+05:30,2026-09-10_0146IST,airline_direct,IndiGo
MAA,DEL,6E,IndiGo,6E 6892,2026-09-17,7,economy,,,9857.0,False,10:55,ok,2026-09-10T01:46:15.935479+05:30,2026-09-10_0146IST,airline_direct,IndiGo
MAA,DEL,6E,IndiGo,6E 726,2026-09-17,7,economy,,,9857.0,False,18:20,ok,2026-09-10T01:46:15.935479+05:30,2026-09-10_0146IST,airline_direct,IndiGo
MAA,DEL,6E,IndiGo,6E 6140,2026-09-17,7,business,,,32775.0,False,02:30,ok,2026-09-10T01:46:15.935479+05:30,2026-09-10_0146IST,airline_direct,IndiGo
MAA,DEL,6E,IndiGo,6E 6140,2026-09-17,7,economy,,,9988.0,False,02:30,ok,2026-09-10T01:46:15.935479+05:30,2026-09-10_0146IST,airline_direct,IndiGo
MAA,DEL,6E,IndiGo,6E 6140,2026-09-17,7,business,,,32775.0,False,02:30,ok,2026-09-10T01:46:15.935479+05:30,2026-09-10_0146IST,airline_direct,IndiGo
MAA,DEL,6E,IndiGo,6E 6140,2026-09-17,7,economy,,,9988.0,False,02:30,ok,2026-09-10T01:46:15.935479+05:30,2026-09-10_0146IST,airline_direct,IndiGo
MAA,DEL,6E,IndiGo,6E 321,2026-09-17,7,business,,,37228.0,False,08:20,ok,2026-09-10T01:46:15.935479+05:30,2026-09-10_0146IST,airline_direct,IndiGo
MAA,DEL,6E,IndiGo,6E 321,2026-09-17,7,economy,,,9988.0,False,08:20,ok,2026-09-10T01:46:15.935479+05:30,2026-09-10_0146IST,airline_direct,IndiGo
MAA,DEL,6E,IndiGo,6E 6348,2026-09-17,7,business,,,39741.0,False,09:00,ok,2026-09-10T01:46:15.935479+05:30,2026-09-10_0146IST,airline_direct,IndiGo
MAA,DEL,6E,IndiGo,6E 6348,2026-09-17,7,economy,,,9988.0,False,09:00,ok,2026-09-10T01:46:15.935479+05:30,2026-09-10_0146IST,airline_direct,IndiGo
MAA,DEL,6E,IndiGo,6E 6348,2026-09-17,7,business,,,43340.0,False,09:00,ok,2026-09-10T01:46:15.935479+05:30,2026-09-10_0146IST,airline_direct,IndiGo
MAA,DEL,6E,IndiGo,6E 6348,2026-09-17,7,economy,,,9988.0,False,09:00,ok,2026-09-10T01:46:15.935479+05:30,2026-09-10_0146IST,airline_direct,IndiGo
MAA,DEL,6E,IndiGo,6E 5214,2026-09-17,7,business,,,39741.0,False,11:00,ok,2026-09-10T01:46:15.935479+05:30,2026-09-10_0146IST,airline_direct,IndiGo
MAA,DEL,6E,IndiGo,6E 5214,2026-09-17,7,economy,,,9988.0,False,11:00,ok,2026-09-10T01:46:15.935479+05:30,2026-09-10_0146IST,airline_direct,IndiGo
MAA,DEL,6E,IndiGo,6E 6326,2026-09-17,7,business,,,35937.0,False,11:45,ok,2026-09-10T01:46:15.935479+05:30,2026-09-10_0146IST,airline_direct,IndiGo
MAA,DEL,6E,IndiGo,6E 6326,2026-09-17,7,economy,,,9988.0,False,11:45,ok,2026-09-10T01:46:15.935479+05:30,2026-09-10_0146IST,airline_direct,IndiGo
MAA,DEL,6E,IndiGo,6E 5258,2026-09-17,7,business,,,39741.0,False,12:45,ok,2026-09-10T01:46:15.935479+05:30,2026-09-10_0146IST,airline_direct,IndiGo
MAA,DEL,6E,IndiGo,6E 5258,2026-09-17,7,economy,,,9988.0,False,12:45,ok,2026-09-10T01:46:15.935479+05:30,2026-09-10_0146IST,airline_direct,IndiGo
MAA,DEL,6E,IndiGo,6E 5371,2026-09-17,7,business,,,39741.0,False,14:45,ok,2026-09-10T01:46:15.935479+05:30,2026-09-10_0146IST,airline_direct,IndiGo
MAA,DEL,6E,IndiGo,6E 5371,2026-09-17,7,economy,,,9988.0,False,14:45,ok,2026-09-10T01:46:15.935479+05:30,2026-09-10_0146IST,airline_direct,IndiGo
MAA,DEL,6E,IndiGo,6E 5104,2026-09-17,7,business,,,39741.0,False,16:40,ok,2026-09-10T01:46:15.935479+05:30,2026-09-10_0146IST,airline_direct,IndiGo
MAA,DEL,6E,IndiGo,6E 5104,2026-09-17,7,economy,,,9988.0,False,16:40,ok,2026-09-10T01:46:15.935479+05:30,2026-09-10_0146IST,airline_direct,IndiGo
MAA,DEL,6E,IndiGo,6E 6113,2026-09-17,7,economy,,,9988.0,False,17:00,ok,2026-09-10T01:46:15.935479+05:30,2026-09-10_0146IST,airline_direct,IndiGo
MAA,DEL,6E,IndiGo,6E 606,2026-09-17,7,business,,,34049.0,False,18:05,ok,2026-09-10T01:46:15.935479+05:30,2026-09-10_0146IST,airline_direct,IndiGo
MAA,DEL,6E,IndiGo,6E 606,2026-09-17,7,economy,,,9988.0,False,18:05,ok,2026-09-10T01:46:15.935479+05:30,2026-09-10_0146IST,airline_direct,IndiGo
MAA,DEL,6E,IndiGo,6E 6797,2026-09-17,7,economy,,,10325.0,False,13:10,ok,2026-09-10T01:46:15.935479+05:30,2026-09-10_0146IST,airline_direct,IndiGo
MAA,DEL,6E,IndiGo,6E 834,2026-09-17,7,business,,,30979.0,False,09:05,ok,2026-09-10T01:46:15.935479+05:30,2026-09-10_0146IST,airline_direct,IndiGo
MAA,DEL,6E,IndiGo,6E 834,2026-09-17,7,economy,,,10535.0,False,09:05,ok,2026-09-10T01:46:15.935479+05:30,2026-09-10_0146IST,airline_direct,IndiGo
MAA,DEL,6E,IndiGo,6E 7084,2026-09-17,7,economy,,,11235.0,False,07:20,ok,2026-09-10T01:46:15.935479+05:30,2026-09-10_0146IST,airline_direct,IndiGo
MAA,DEL,6E,IndiGo,6E 834,2026-09-17,7,business,,,30979.0,False,09:05,ok,2026-09-10T01:46:15.935479+05:30,2026-09-10_0146IST,airline_direct,IndiGo
MAA,DEL,6E,IndiGo,6E 834,2026-09-17,7,economy,,,11366.0,False,09:05,ok,2026-09-10T01:46:15.935479+05:30,2026-09-10_0146IST,airline_direct,IndiGo
MAA,DEL,6E,IndiGo,6E 183,2026-09-17,7,business,,,28415.0,False,16:35,ok,2026-09-10T01:46:15.935479+05:30,2026-09-10_0146IST,airline_direct,IndiGo
MAA,DEL,6E,IndiGo,6E 183,2026-09-17,7,economy,,,12204.0,False,16:35,ok,2026-09-10T01:46:15.935479+05:30,2026-09-10_0146IST,airline_direct,IndiGo
MAA,DEL,6E,IndiGo,6E 973,2026-09-17,7,economy,,,12277.0,False,11:55,ok,2026-09-10T01:46:15.935479+05:30,2026-09-10_0146IST,airline_direct,IndiGo
MAA,DEL,6E,IndiGo,6E 502,2026-09-17,7,business,,,28415.0,False,11:10,ok,2026-09-10T01:46:15.935479+05:30,2026-09-10_0146IST,airline_direct,IndiGo
MAA,DEL,6E,IndiGo,6E 502,2026-09-17,7,economy,,,12498.0,False,11:10,ok,2026-09-10T01:46:15.935479+05:30,2026-09-10_0146IST,airline_direct,IndiGo
MAA,DEL,6E,IndiGo,6E 597,2026-09-17,7,economy,,,13644.0,False,17:45,ok,2026-09-10T01:46:15.935479+05:30,2026-09-10_0146IST,airline_direct,IndiGo
MAA,DEL,6E,IndiGo,6E 6081,2026-09-17,7,business,,,34299.0,False,07:05,ok,2026-09-10T01:46:15.935479+05:30,2026-09-10_0146IST,airline_direct,IndiGo
MAA,DEL,6E,IndiGo,6E 6081,2026-09-17,7,economy,,,13839.0,False,07:05,ok,2026-09-10T01:46:15.935479+05:30,2026-09-10_0146IST,airline_direct,IndiGo
MAA,DEL,6E,IndiGo,6E 6081,2026-09-17,7,business,,,34299.0,False,07:05,ok,2026-09-10T01:46:15.935479+05:30,2026-09-10_0146IST,airline_direct,IndiGo
MAA,DEL,6E,IndiGo,6E 6081,2026-09-17,7,economy,,,13839.0,False,07:05,ok,2026-09-10T01:46:15.935479+05:30,2026-09-10_0146IST,airline_direct,IndiGo
MAA,DEL,6E,IndiGo,6E 6925,2026-09-17,7,business,,,39445.0,False,12:00,ok,2026-09-10T01:46:15.935479+05:30,2026-09-10_0146IST,airline_direct,IndiGo
MAA,DEL,6E,IndiGo,6E 6925,2026-09-17,7,economy,,,13930.0,False,12:00,ok,2026-09-10T01:46:15.935479+05:30,2026-09-10_0146IST,airline_direct,IndiGo
MAA,DEL,6E,IndiGo,6E 6209,2026-09-17,7,business,,,35766.0,False,14:35,ok,2026-09-10T01:46:15.935479+05:30,2026-09-10_0146IST,airline_direct,IndiGo
MAA,DEL,6E,IndiGo,6E 6209,2026-09-17,7,economy,,,14282.0,False,14:35,ok,2026-09-10T01:46:15.935479+05:30,2026-09-10_0146IST,airline_direct,IndiGo
MAA,DEL,6E,IndiGo,6E 372,2026-09-17,7,business,,,30916.0,False,09:55,ok,2026-09-10T01:46:15.935479+05:30,2026-09-10_0146IST,airline_direct,IndiGo
MAA,DEL,6E,IndiGo,6E 372,2026-09-17,7,economy,,,14373.0,False,09:55,ok,2026-09-10T01:46:15.935479+05:30,2026-09-10_0146IST,airline_direct,IndiGo
MAA,DEL,6E,IndiGo,6E 6209,2026-09-17,7,business,,,34797.0,False,14:35,ok,2026-09-10T01:46:15.935479+05:30,2026-09-10_0146IST,airline_direct,IndiGo
MAA,DEL,6E,IndiGo,6E 6209,2026-09-17,7,economy,,,15287.0,False,14:35,ok,2026-09-10T01:46:15.935479+05:30,2026-09-10_0146IST,airline_direct,IndiGo
MAA,DEL,6E,IndiGo,6E 847,2026-09-17,7,business,,,33846.0,False,16:15,ok,2026-09-10T01:46:15.935479+05:30,2026-09-10_0146IST,airline_direct,IndiGo
MAA,DEL,6E,IndiGo,6E 847,2026-09-17,7,economy,,,15585.0,False,16:15,ok,2026-09-10T01:46:15.935479+05:30,2026-09-10_0146IST,airline_direct,IndiGo
MAA,DEL,6E,IndiGo,6E 365,2026-09-17,7,business,,,34299.0,False,17:45,ok,2026-09-10T01:46:15.935479+05:30,2026-09-10_0146IST,airline_direct,IndiGo
MAA,DEL,6E,IndiGo,6E 365,2026-09-17,7,economy,,,15988.0,False,17:45,ok,2026-09-10T01:46:15.935479+05:30,2026-09-10_0146IST,airline_direct,IndiGo
MAA,DEL,6E,IndiGo,6E 495,2026-09-17,7,business,,,30979.0,False,07:10,ok,2026-09-10T01:46:15.935479+05:30,2026-09-10_0146IST,airline_direct,IndiGo
MAA,DEL,6E,IndiGo,6E 495,2026-09-17,7,economy,,,16016.0,False,07:10,ok,2026-09-10T01:46:15.935479+05:30,2026-09-10_0146IST,airline_direct,IndiGo
MAA,DEL,6E,IndiGo,6E 5367,2026-09-17,7,business,,,39741.0,False,18:15,ok,2026-09-10T01:46:15.935479+05:30,2026-09-10_0146IST,airline_direct,IndiGo
MAA,DEL,6E,IndiGo,6E 5367,2026-09-17,7,economy,,,16085.0,False,18:15,ok,2026-09-10T01:46:15.935479+05:30,2026-09-10_0146IST,airline_direct,IndiGo
MAA,DEL,6E,IndiGo,6E 189,2026-09-17,7,business,,,35343.0,False,19:05,ok,2026-09-10T01:46:15.935479+05:30,2026-09-10_0146IST,airline_direct,IndiGo
MAA,DEL,6E,IndiGo,6E 189,2026-09-17,7,economy,,,16326.0,False,19:05,ok,2026-09-10T01:46:15.935479+05:30,2026-09-10_0146IST,airline_direct,IndiGo
MAA,DEL,6E,IndiGo,6E 6158,2026-09-17,7,economy,,,16348.0,False,16:10,ok,2026-09-10T01:46:15.935479+05:30,2026-09-10_0146IST,airline_direct,IndiGo
DEL,BOM,6E,IndiGo,6E 449,2026-09-25,15,business,,,21900.0,False,05:00,ok,2026-09-10T01:47:26.436844+05:30,2026-09-10_0147IST,airline_direct,IndiGo
DEL,BOM,6E,IndiGo,6E 449,2026-09-25,15,economy,,,6305.0,False,05:00,ok,2026-09-10T01:47:26.436844+05:30,2026-09-10_0147IST,airline_direct,IndiGo
DEL,BOM,6E,IndiGo,6E 675,2026-09-25,15,business,,,21900.0,False,08:45,ok,2026-09-10T01:47:26.436844+05:30,2026-09-10_0147IST,airline_direct,IndiGo
DEL,BOM,6E,IndiGo,6E 675,2026-09-25,15,economy,,,6305.0,False,08:45,ok,2026-09-10T01:47:26.436844+05:30,2026-09-10_0147IST,airline_direct,IndiGo
DEL,BOM,6E,IndiGo,6E 6107,2026-09-25,15,business,,,21900.0,False,09:30,ok,2026-09-10T01:47:26.436844+05:30,2026-09-10_0147IST,airline_direct,IndiGo
DEL,BOM,6E,IndiGo,6E 6107,2026-09-25,15,economy,,,6305.0,False,09:30,ok,2026-09-10T01:47:26.436844+05:30,2026-09-10_0147IST,airline_direct,IndiGo
DEL,BOM,6E,IndiGo,6E 6328,2026-09-25,15,business,,,21900.0,False,10:15,ok,2026-09-10T01:47:26.436844+05:30,2026-09-10_0147IST,airline_direct,IndiGo
DEL,BOM,6E,IndiGo,6E 6328,2026-09-25,15,economy,,,6305.0,False,10:15,ok,2026-09-10T01:47:26.436844+05:30,2026-09-10_0147IST,airline_direct,IndiGo
DEL,BOM,6E,IndiGo,6E 6047,2026-09-25,15,business,,,21900.0,False,11:00,ok,2026-09-10T01:47:26.436844+05:30,2026-09-10_0147IST,airline_direct,IndiGo
DEL,BOM,6E,IndiGo,6E 6047,2026-09-25,15,economy,,,6305.0,False,11:00,ok,2026-09-10T01:47:26.436844+05:30,2026-09-10_0147IST,airline_direct,IndiGo
DEL,BOM,6E,IndiGo,6E 6676,2026-09-25,15,business,,,21900.0,False,12:00,ok,2026-09-10T01:47:26.436844+05:30,2026-09-10_0147IST,airline_direct,IndiGo
DEL,BOM,6E,IndiGo,6E 6676,2026-09-25,15,economy,,,6305.0,False,12:00,ok,2026-09-10T01:47:26.436844+05:30,2026-09-10_0147IST,airline_direct,IndiGo
DEL,BOM,6E,IndiGo,6E 6022,2026-09-25,15,business,,,21900.0,False,14:00,ok,2026-09-10T01:47:26.436844+05:30,2026-09-10_0147IST,airline_direct,IndiGo
DEL,BOM,6E,IndiGo,6E 6022,2026-09-25,15,economy,,,6305.0,False,14:00,ok,2026-09-10T01:47:26.436844+05:30,2026-09-10_0147IST,airline_direct,IndiGo
DEL,BOM,6E,IndiGo,6E 6318,2026-09-25,15,business,,,21900.0,False,14:45,ok,2026-09-10T01:47:26.436844+05:30,2026-09-10_0147IST,airline_direct,IndiGo
DEL,BOM,6E,IndiGo,6E 6318,2026-09-25,15,economy,,,6305.0,False,14:45,ok,2026-09-10T01:47:26.436844+05:30,2026-09-10_0147IST,airline_direct,IndiGo
DEL,BOM,6E,IndiGo,6E 864,2026-09-25,15,business,,,21900.0,False,15:30,ok,2026-09-10T01:47:26.436844+05:30,2026-09-10_0147IST,airline_direct,IndiGo
DEL,BOM,6E,IndiGo,6E 864,2026-09-25,15,economy,,,6305.0,False,15:30,ok,2026-09-10T01:47:26.436844+05:30,2026-09-10_0147IST,airline_direct,IndiGo
DEL,BOM,6E,IndiGo,6E 6218,2026-09-25,15,business,,,21900.0,False,06:05,ok,2026-09-10T01:47:26.436844+05:30,2026-09-10_0147IST,airline_direct,IndiGo
DEL,BOM,6E,IndiGo,6E 6218,2026-09-25,15,economy,,,6357.0,False,06:05,ok,2026-09-10T01:47:26.436844+05:30,2026-09-10_0147IST,airline_direct,IndiGo
DEL,BOM,6E,IndiGo,6E 324,2026-09-25,15,business,,,21900.0,False,13:00,ok,2026-09-10T01:47:26.436844+05:30,2026-09-10_0147IST,airline_direct,IndiGo
DEL,BOM,6E,IndiGo,6E 324,2026-09-25,15,economy,,,6357.0,False,13:00,ok,2026-09-10T01:47:26.436844+05:30,2026-09-10_0147IST,airline_direct,IndiGo
DEL,BOM,6E,IndiGo,6E 327,2026-09-25,15,business,,,21900.0,False,16:15,ok,2026-09-10T01:47:26.436844+05:30,2026-09-10_0147IST,airline_direct,IndiGo
DEL,BOM,6E,IndiGo,6E 327,2026-09-25,15,economy,,,6357.0,False,16:15,ok,2026-09-10T01:47:26.436844+05:30,2026-09-10_0147IST,airline_direct,IndiGo
DEL,BOM,6E,IndiGo,6E 6814,2026-09-25,15,business,,,21900.0,False,07:15,ok,2026-09-10T01:47:26.436844+05:30,2026-09-10_0147IST,airline_direct,IndiGo
DEL,BOM,6E,IndiGo,6E 6814,2026-09-25,15,economy,,,6431.0,False,07:15,ok,2026-09-10T01:47:26.436844+05:30,2026-09-10_0147IST,airline_direct,IndiGo
DEL,BOM,6E,IndiGo,6E 6706,2026-09-25,15,business,,,21900.0,False,17:00,ok,2026-09-10T01:47:26.436844+05:30,2026-09-10_0147IST,airline_direct,IndiGo
DEL,BOM,6E,IndiGo,6E 6706,2026-09-25,15,economy,,,6431.0,False,17:00,ok,2026-09-10T01:47:26.436844+05:30,2026-09-10_0147IST,airline_direct,IndiGo
DEL,BOM,6E,IndiGo,6E 6114,2026-09-25,15,business,,,21900.0,False,22:45,ok,2026-09-10T01:47:26.436844+05:30,2026-09-10_0147IST,airline_direct,IndiGo
DEL,BOM,6E,IndiGo,6E 6114,2026-09-25,15,economy,,,6431.0,False,22:45,ok,2026-09-10T01:47:26.436844+05:30,2026-09-10_0147IST,airline_direct,IndiGo
DEL,BOM,6E,IndiGo,6E 320,2026-09-25,15,business,,,21900.0,False,08:00,ok,2026-09-10T01:47:26.436844+05:30,2026-09-10_0147IST,airline_direct,IndiGo
DEL,BOM,6E,IndiGo,6E 320,2026-09-25,15,economy,,,6688.0,False,08:00,ok,2026-09-10T01:47:26.436844+05:30,2026-09-10_0147IST,airline_direct,IndiGo
DEL,BOM,6E,IndiGo,6E 329,2026-09-25,15,business,,,21900.0,False,18:00,ok,2026-09-10T01:47:26.436844+05:30,2026-09-10_0147IST,airline_direct,IndiGo
DEL,BOM,6E,IndiGo,6E 329,2026-09-25,15,economy,,,6688.0,False,18:00,ok,2026-09-10T01:47:26.436844+05:30,2026-09-10_0147IST,airline_direct,IndiGo
DEL,BOM,6E,IndiGo,6E 853,2026-09-25,15,business,,,21900.0,False,20:45,ok,2026-09-10T01:47:26.436844+05:30,2026-09-10_0147IST,airline_direct,IndiGo
DEL,BOM,6E,IndiGo,6E 853,2026-09-25,15,economy,,,6688.0,False,20:45,ok,2026-09-10T01:47:26.436844+05:30,2026-09-10_0147IST,airline_direct,IndiGo
DEL,BOM,6E,IndiGo,6E 395,2026-09-25,15,business,,,21900.0,False,21:45,ok,2026-09-10T01:47:26.436844+05:30,2026-09-10_0147IST,airline_direct,IndiGo
DEL,BOM,6E,IndiGo,6E 395,2026-09-25,15,economy,,,6688.0,False,21:45,ok,2026-09-10T01:47:26.436844+05:30,2026-09-10_0147IST,airline_direct,IndiGo
DEL,BOM,6E,IndiGo,6E 322,2026-09-25,15,business,,,21900.0,False,23:30,ok,2026-09-10T01:47:26.436844+05:30,2026-09-10_0147IST,airline_direct,IndiGo
DEL,BOM,6E,IndiGo,6E 322,2026-09-25,15,economy,,,6688.0,False,23:30,ok,2026-09-10T01:47:26.436844+05:30,2026-09-10_0147IST,airline_direct,IndiGo
DEL,BOM,6E,IndiGo,6E 303,2026-09-25,15,business,,,21900.0,False,20:00,ok,2026-09-10T01:47:26.436844+05:30,2026-09-10_0147IST,airline_direct,IndiGo
DEL,BOM,6E,IndiGo,6E 303,2026-09-25,15,economy,,,7003.0,False,20:00,ok,2026-09-10T01:47:26.436844+05:30,2026-09-10_0147IST,airline_direct,IndiGo
DEL,BOM,6E,IndiGo,6E 354,2026-09-25,15,business,,,21900.0,False,19:00,ok,2026-09-10T01:47:26.436844+05:30,2026-09-10_0147IST,airline_direct,IndiGo
DEL,BOM,6E,IndiGo,6E 354,2026-09-25,15,economy,,,7318.0,False,19:00,ok,2026-09-10T01:47:26.436844+05:30,2026-09-10_0147IST,airline_direct,IndiGo
DEL,BOM,6E,IndiGo,6E 6261,2026-09-25,15,economy,,,7120.0,False,00:15,ok,2026-09-10T01:47:26.436844+05:30,2026-09-10_0147IST,airline_direct,IndiGo
DEL,BOM,6E,IndiGo,6E 5119,2026-09-25,15,economy,,,7120.0,False,05:10,ok,2026-09-10T01:47:26.436844+05:30,2026-09-10_0147IST,airline_direct,IndiGo
DEL,BOM,6E,IndiGo,6E 5119,2026-09-25,15,economy,,,7120.0,False,05:10,ok,2026-09-10T01:47:26.436844+05:30,2026-09-10_0147IST,airline_direct,IndiGo
DEL,BOM,6E,IndiGo,6E 6171,2026-09-25,15,economy,,,7120.0,False,05:40,ok,2026-09-10T01:47:26.436844+05:30,2026-09-10_0147IST,airline_direct,IndiGo
DEL,BOM,6E,IndiGo,6E 2076,2026-09-25,15,economy,,,7120.0,False,07:30,ok,2026-09-10T01:47:26.436844+05:30,2026-09-10_0147IST,airline_direct,IndiGo
DEL,BOM,6E,IndiGo,6E 2298,2026-09-25,15,economy,,,7120.0,False,09:45,ok,2026-09-10T01:47:26.436844+05:30,2026-09-10_0147IST,airline_direct,IndiGo
DEL,BOM,6E,IndiGo,6E 2331,2026-09-25,15,economy,,,7120.0,False,12:20,ok,2026-09-10T01:47:26.436844+05:30,2026-09-10_0147IST,airline_direct,IndiGo
DEL,BOM,6E,IndiGo,6E 2341,2026-09-25,15,economy,,,7120.0,False,14:50,ok,2026-09-10T01:47:26.436844+05:30,2026-09-10_0147IST,airline_direct,IndiGo
DEL,BOM,6E,IndiGo,6E 6983,2026-09-25,15,economy,,,7120.0,False,15:35,ok,2026-09-10T01:47:26.436844+05:30,2026-09-10_0147IST,airline_direct,IndiGo
DEL,BOM,6E,IndiGo,6E 5033,2026-09-25,15,economy,,,7120.0,False,15:50,ok,2026-09-10T01:47:26.436844+05:30,2026-09-10_0147IST,airline_direct,IndiGo
DEL,BOM,6E,IndiGo,6E 5073,2026-09-25,15,economy,,,7120.0,False,17:05,ok,2026-09-10T01:47:26.436844+05:30,2026-09-10_0147IST,airline_direct,IndiGo
DEL,BOM,6E,IndiGo,6E 5073,2026-09-25,15,economy,,,7120.0,False,17:05,ok,2026-09-10T01:47:26.436844+05:30,2026-09-10_0147IST,airline_direct,IndiGo
DEL,BOM,6E,IndiGo,6E 5014,2026-09-25,15,economy,,,7120.0,False,18:30,ok,2026-09-10T01:47:26.436844+05:30,2026-09-10_0147IST,airline_direct,IndiGo
DEL,BOM,6E,IndiGo,6E 2013,2026-09-25,15,economy,,,7120.0,False,21:50,ok,2026-09-10T01:47:26.436844+05:30,2026-09-10_0147IST,airline_direct,IndiGo
DEL,BOM,6E,IndiGo,6E 6569,2026-09-25,15,economy,,,7252.0,False,05:00,ok,2026-09-10T01:47:26.436844+05:30,2026-09-10_0147IST,airline_direct,IndiGo
DEL,BOM,6E,IndiGo,6E 6459,2026-09-25,15,economy,,,7252.0,False,05:55,ok,2026-09-10T01:47:26.436844+05:30,2026-09-10_0147IST,airline_direct,IndiGo
DEL,BOM,6E,IndiGo,6E 6443,2026-09-25,15,economy,,,7252.0,False,09:00,ok,2026-09-10T01:47:26.436844+05:30,2026-09-10_0147IST,airline_direct,IndiGo
DEL,BOM,6E,IndiGo,6E 2249,2026-09-25,15,economy,,,7252.0,False,15:00,ok,2026-09-10T01:47:26.436844+05:30,2026-09-10_0147IST,airline_direct,IndiGo
DEL,BOM,6E,IndiGo,6E 6433,2026-09-25,15,economy,,,7252.0,False,16:30,ok,2026-09-10T01:47:26.436844+05:30,2026-09-10_0147IST,airline_direct,IndiGo
DEL,BOM,6E,IndiGo,6E 6829,2026-09-25,15,economy,,,7252.0,False,17:20,ok,2026-09-10T01:47:26.436844+05:30,2026-09-10_0147IST,airline_direct,IndiGo
DEL,BOM,6E,IndiGo,6E 6829,2026-09-25,15,economy,,,7252.0,False,17:20,ok,2026-09-10T01:47:26.436844+05:30,2026-09-10_0147IST,airline_direct,IndiGo
DEL,BOM,6E,IndiGo,6E 5138,2026-09-25,15,economy,,,7252.0,False,19:10,ok,2026-09-10T01:47:26.436844+05:30,2026-09-10_0147IST,airline_direct,IndiGo
DEL,BOM,6E,IndiGo,6E 2169,2026-09-25,15,economy,,,7252.0,False,19:40,ok,2026-09-10T01:47:26.436844+05:30,2026-09-10_0147IST,airline_direct,IndiGo
DEL,BOM,6E,IndiGo,6E 6476,2026-09-25,15,economy,,,7330.0,False,07:05,ok,2026-09-10T01:47:26.436844+05:30,2026-09-10_0147IST,airline_direct,IndiGo
DEL,BOM,6E,IndiGo,6E 6050,2026-09-25,15,economy,,,7330.0,False,08:15,ok,2026-09-10T01:47:26.436844+05:30,2026-09-10_0147IST,airline_direct,IndiGo
DEL,BOM,6E,IndiGo,6E 5206,2026-09-25,15,economy,,,7330.0,False,13:20,ok,2026-09-10T01:47:26.436844+05:30,2026-09-10_0147IST,airline_direct,IndiGo
DEL,BOM,6E,IndiGo,6E 5038,2026-09-25,15,economy,,,7330.0,False,14:00,ok,2026-09-10T01:47:26.436844+05:30,2026-09-10_0147IST,airline_direct,IndiGo
DEL,BOM,6E,IndiGo,6E 2151,2026-09-25,15,economy,,,7330.0,False,19:45,ok,2026-09-10T01:47:26.436844+05:30,2026-09-10_0147IST,airline_direct,IndiGo
DEL,BOM,6E,IndiGo,6E 6479,2026-09-25,15,economy,,,7330.0,False,21:25,ok,2026-09-10T01:47:26.436844+05:30,2026-09-10_0147IST,airline_direct,IndiGo
DEL,BOM,6E,IndiGo,6E 6212,2026-09-25,15,business,,,32081.0,False,14:45,ok,2026-09-10T01:47:26.436844+05:30,2026-09-10_0147IST,airline_direct,IndiGo
DEL,BOM,6E,IndiGo,6E 6212,2026-09-25,15,economy,,,7462.0,False,14:45,ok,2026-09-10T01:47:26.436844+05:30,2026-09-10_0147IST,airline_direct,IndiGo
DEL,BOM,6E,IndiGo,6E 6497,2026-09-25,15,economy,,,7462.0,False,18:40,ok,2026-09-10T01:47:26.436844+05:30,2026-09-10_0147IST,airline_direct,IndiGo
DEL,BOM,6E,IndiGo,6E 6601,2026-09-25,15,business,,,29617.0,False,19:45,ok,2026-09-10T01:47:26.436844+05:30,2026-09-10_0147IST,airline_direct,IndiGo
DEL,BOM,6E,IndiGo,6E 6601,2026-09-25,15,economy,,,7462.0,False,19:45,ok,2026-09-10T01:47:26.436844+05:30,2026-09-10_0147IST,airline_direct,IndiGo
DEL,BOM,6E,IndiGo,6E 882,2026-09-25,15,business,,,26583.0,False,23:15,ok,2026-09-10T01:47:26.436844+05:30,2026-09-10_0147IST,airline_direct,IndiGo
DEL,BOM,6E,IndiGo,6E 882,2026-09-25,15,economy,,,7462.0,False,23:15,ok,2026-09-10T01:47:26.436844+05:30,2026-09-10_0147IST,airline_direct,IndiGo
DEL,BOM,6E,IndiGo,6E 357,2026-09-25,15,business,,,35317.0,False,19:30,ok,2026-09-10T01:47:26.436844+05:30,2026-09-10_0147IST,airline_direct,IndiGo
DEL,BOM,6E,IndiGo,6E 357,2026-09-25,15,economy,,,7540.0,False,19:30,ok,2026-09-10T01:47:26.436844+05:30,2026-09-10_0147IST,airline_direct,IndiGo
DEL,BOM,6E,IndiGo,6E 931,2026-09-25,15,economy,,,7695.0,False,19:35,ok,2026-09-10T01:47:26.436844+05:30,2026-09-10_0147IST,airline_direct,IndiGo
DEL,BOM,6E,IndiGo,6E 2496,2026-09-25,15,economy,,,7777.0,False,12:40,ok,2026-09-10T01:47:26.436844+05:30,2026-09-10_0147IST,airline_direct,IndiGo
DEL,BOM,6E,IndiGo,6E 5298,2026-09-25,15,economy,,,7905.0,False,09:00,ok,2026-09-10T01:47:26.436844+05:30,2026-09-10_0147IST,airline_direct,IndiGo
DEL,BOM,6E,IndiGo,6E 2381,2026-09-25,15,economy,,,8666.0,False,13:45,ok,2026-09-10T01:47:26.436844+05:30,2026-09-10_0147IST,airline_direct,IndiGo
DEL,BOM,6E,IndiGo,6E 2349,2026-09-25,15,economy,,,9713.0,False,10:55,ok,2026-09-10T01:47:26.436844+05:30,2026-09-10_0147IST,airline_direct,IndiGo
DEL,BOM,6E,IndiGo,6E 358,2026-09-25,15,business,,,35755.0,False,12:15,ok,2026-09-10T01:47:26.436844+05:30,2026-09-10_0147IST,airline_direct,IndiGo
DEL,BOM,6E,IndiGo,6E 358,2026-09-25,15,economy,,,11038.0,False,12:15,ok,2026-09-10T01:47:26.436844+05:30,2026-09-10_0147IST,airline_direct,IndiGo
DEL,BOM,6E,IndiGo,6E 6488,2026-09-25,15,economy,,,11670.0,False,11:20,ok,2026-09-10T01:47:26.436844+05:30,2026-09-10_0147IST,airline_direct,IndiGo
DEL,BOM,6E,IndiGo,6E 6282,2026-09-25,15,business,,,29617.0,False,13:30,ok,2026-09-10T01:47:26.436844+05:30,2026-09-10_0147IST,airline_direct,IndiGo
DEL,BOM,6E,IndiGo,6E 6282,2026-09-25,15,economy,,,13859.0,False,13:30,ok,2026-09-10T01:47:26.436844+05:30,2026-09-10_0147IST,airline_direct,IndiGo
DEL,BOM,6E,IndiGo,6E 6293,2026-09-25,15,business,,,29617.0,False,09:55,ok,2026-09-10T01:47:26.436844+05:30,2026-09-10_0147IST,airline_direct,IndiGo
DEL,BOM,6E,IndiGo,6E 6293,2026-09-25,15,economy,,,14006.0,False,09:55,ok,2026-09-10T01:47:26.436844+05:30,2026-09-10_0147IST,airline_direct,IndiGo
DEL,BOM,6E,IndiGo,6E 705,2026-09-25,15,business,,,29617.0,False,08:30,ok,2026-09-10T01:47:26.436844+05:30,2026-09-10_0147IST,airline_direct,IndiGo
DEL,BOM,6E,IndiGo,6E 705,2026-09-25,15,economy,,,14110.0,False,08:30,ok,2026-09-10T01:47:26.436844+05:30,2026-09-10_0147IST,airline_direct,IndiGo
DEL,BLR,6E,IndiGo,6E 850,2026-09-25,15,business,,,26048.0,False,12:20,ok,2026-09-10T01:48:30.613149+05:30,2026-09-10_0148IST,airline_direct,IndiGo
DEL,BLR,6E,IndiGo,6E 850,2026-09-25,15,economy,,,8671.0,False,12:20,ok,2026-09-10T01:48:30.613149+05:30,2026-09-10_0148IST,airline_direct,IndiGo
DEL,BLR,6E,IndiGo,6E 176,2026-09-25,15,business,,,26048.0,False,13:15,ok,2026-09-10T01:48:30.613149+05:30,2026-09-10_0148IST,airline_direct,IndiGo
DEL,BLR,6E,IndiGo,6E 176,2026-09-25,15,economy,,,8671.0,False,13:15,ok,2026-09-10T01:48:30.613149+05:30,2026-09-10_0148IST,airline_direct,IndiGo
DEL,BLR,6E,IndiGo,6E 828,2026-09-25,15,business,,,30048.0,False,14:30,ok,2026-09-10T01:48:30.613149+05:30,2026-09-10_0148IST,airline_direct,IndiGo
DEL,BLR,6E,IndiGo,6E 828,2026-09-25,15,economy,,,8671.0,False,14:30,ok,2026-09-10T01:48:30.613149+05:30,2026-09-10_0148IST,airline_direct,IndiGo
DEL,BLR,6E,IndiGo,6E 871,2026-09-25,15,business,,,26048.0,False,23:30,ok,2026-09-10T01:48:30.613149+05:30,2026-09-10_0148IST,airline_direct,IndiGo
DEL,BLR,6E,IndiGo,6E 871,2026-09-25,15,economy,,,8671.0,False,23:30,ok,2026-09-10T01:48:30.613149+05:30,2026-09-10_0148IST,airline_direct,IndiGo
DEL,BLR,6E,IndiGo,6E 2314,2026-09-25,15,business,,,26048.0,False,05:45,ok,2026-09-10T01:48:30.613149+05:30,2026-09-10_0148IST,airline_direct,IndiGo
DEL,BLR,6E,IndiGo,6E 2314,2026-09-25,15,economy,,,9128.0,False,05:45,ok,2026-09-10T01:48:30.613149+05:30,2026-09-10_0148IST,airline_direct,IndiGo
DEL,BLR,6E,IndiGo,6E 810,2026-09-25,15,business,,,26048.0,False,07:05,ok,2026-09-10T01:48:30.613149+05:30,2026-09-10_0148IST,airline_direct,IndiGo
DEL,BLR,6E,IndiGo,6E 810,2026-09-25,15,economy,,,9128.0,False,07:05,ok,2026-09-10T01:48:30.613149+05:30,2026-09-10_0148IST,airline_direct,IndiGo
DEL,BLR,6E,IndiGo,6E 6515,2026-09-25,15,business,,,26048.0,False,20:45,ok,2026-09-10T01:48:30.613149+05:30,2026-09-10_0148IST,airline_direct,IndiGo
DEL,BLR,6E,IndiGo,6E 6515,2026-09-25,15,economy,,,9128.0,False,20:45,ok,2026-09-10T01:48:30.613149+05:30,2026-09-10_0148IST,airline_direct,IndiGo
DEL,BLR,6E,IndiGo,6E 846,2026-09-25,15,business,,,26048.0,False,22:00,ok,2026-09-10T01:48:30.613149+05:30,2026-09-10_0148IST,airline_direct,IndiGo
DEL,BLR,6E,IndiGo,6E 846,2026-09-25,15,economy,,,9128.0,False,22:00,ok,2026-09-10T01:48:30.613149+05:30,2026-09-10_0148IST,airline_direct,IndiGo
DEL,BLR,6E,IndiGo,6E 842,2026-09-25,15,business,,,26048.0,False,10:45,ok,2026-09-10T01:48:30.613149+05:30,2026-09-10_0148IST,airline_direct,IndiGo
DEL,BLR,6E,IndiGo,6E 842,2026-09-25,15,economy,,,9613.0,False,10:45,ok,2026-09-10T01:48:30.613149+05:30,2026-09-10_0148IST,airline_direct,IndiGo
DEL,BLR,6E,IndiGo,6E 880,2026-09-25,15,business,,,26048.0,False,15:45,ok,2026-09-10T01:48:30.613149+05:30,2026-09-10_0148IST,airline_direct,IndiGo
DEL,BLR,6E,IndiGo,6E 880,2026-09-25,15,economy,,,9613.0,False,15:45,ok,2026-09-10T01:48:30.613149+05:30,2026-09-10_0148IST,airline_direct,IndiGo
DEL,BLR,6E,IndiGo,6E 811,2026-09-25,15,business,,,26048.0,False,18:20,ok,2026-09-10T01:48:30.613149+05:30,2026-09-10_0148IST,airline_direct,IndiGo
DEL,BLR,6E,IndiGo,6E 811,2026-09-25,15,economy,,,9613.0,False,18:20,ok,2026-09-10T01:48:30.613149+05:30,2026-09-10_0148IST,airline_direct,IndiGo
DEL,BLR,6E,IndiGo,6E 861,2026-09-25,15,business,,,26048.0,False,19:30,ok,2026-09-10T01:48:30.613149+05:30,2026-09-10_0148IST,airline_direct,IndiGo
DEL,BLR,6E,IndiGo,6E 861,2026-09-25,15,economy,,,9613.0,False,19:30,ok,2026-09-10T01:48:30.613149+05:30,2026-09-10_0148IST,airline_direct,IndiGo
DEL,BLR,6E,IndiGo,6E 873,2026-09-25,15,business,,,26048.0,False,08:20,ok,2026-09-10T01:48:30.613149+05:30,2026-09-10_0148IST,airline_direct,IndiGo
DEL,BLR,6E,IndiGo,6E 873,2026-09-25,15,economy,,,10128.0,False,08:20,ok,2026-09-10T01:48:30.613149+05:30,2026-09-10_0148IST,airline_direct,IndiGo
DEL,BLR,6E,IndiGo,6E 837,2026-09-25,15,business,,,26048.0,False,17:00,ok,2026-09-10T01:48:30.613149+05:30,2026-09-10_0148IST,airline_direct,IndiGo
DEL,BLR,6E,IndiGo,6E 837,2026-09-25,15,economy,,,10128.0,False,17:00,ok,2026-09-10T01:48:30.613149+05:30,2026-09-10_0148IST,airline_direct,IndiGo
DEL,BLR,6E,IndiGo,6E 826,2026-09-25,15,business,,,26048.0,False,09:30,ok,2026-09-10T01:48:30.613149+05:30,2026-09-10_0148IST,airline_direct,IndiGo
DEL,BLR,6E,IndiGo,6E 826,2026-09-25,15,economy,,,10675.0,False,09:30,ok,2026-09-10T01:48:30.613149+05:30,2026-09-10_0148IST,airline_direct,IndiGo
DEL,BLR,6E,IndiGo,6E 820,2026-09-25,15,business,,,26048.0,False,03:00,ok,2026-09-10T01:48:30.613149+05:30,2026-09-10_0148IST,airline_direct,IndiGo
DEL,BLR,6E,IndiGo,6E 820,2026-09-25,15,economy,,,11257.0,False,03:00,ok,2026-09-10T01:48:30.613149+05:30,2026-09-10_0148IST,airline_direct,IndiGo
DEL,BLR,6E,IndiGo,6E 6433,2026-09-25,15,economy,,,9867.0,False,16:30,ok,2026-09-10T01:48:30.613149+05:30,2026-09-10_0148IST,airline_direct,IndiGo
DEL,BLR,6E,IndiGo,6E 884,2026-09-25,15,business,,,30479.0,False,11:45,ok,2026-09-10T01:48:30.613149+05:30,2026-09-10_0148IST,airline_direct,IndiGo
DEL,BLR,6E,IndiGo,6E 884,2026-09-25,15,economy,,,9946.0,False,11:45,ok,2026-09-10T01:48:30.613149+05:30,2026-09-10_0148IST,airline_direct,IndiGo
DEL,BLR,6E,IndiGo,6E 6212,2026-09-25,15,business,,,38112.0,False,14:45,ok,2026-09-10T01:48:30.613149+05:30,2026-09-10_0148IST,airline_direct,IndiGo
DEL,BLR,6E,IndiGo,6E 6212,2026-09-25,15,economy,,,9946.0,False,14:45,ok,2026-09-10T01:48:30.613149+05:30,2026-09-10_0148IST,airline_direct,IndiGo
DEL,BLR,6E,IndiGo,6E 2343,2026-09-25,15,business,,,27593.0,False,02:20,ok,2026-09-10T01:48:30.613149+05:30,2026-09-10_0148IST,airline_direct,IndiGo
DEL,BLR,6E,IndiGo,6E 2343,2026-09-25,15,economy,,,10077.0,False,02:20,ok,2026-09-10T01:48:30.613149+05:30,2026-09-10_0148IST,airline_direct,IndiGo
DEL,BLR,6E,IndiGo,6E 5119,2026-09-25,15,economy,,,10077.0,False,05:10,ok,2026-09-10T01:48:30.613149+05:30,2026-09-10_0148IST,airline_direct,IndiGo
DEL,BLR,6E,IndiGo,6E 6459,2026-09-25,15,economy,,,10077.0,False,05:55,ok,2026-09-10T01:48:30.613149+05:30,2026-09-10_0148IST,airline_direct,IndiGo
DEL,BLR,6E,IndiGo,6E 6470,2026-09-25,15,economy,,,10077.0,False,06:55,ok,2026-09-10T01:48:30.613149+05:30,2026-09-10_0148IST,airline_direct,IndiGo
DEL,BLR,6E,IndiGo,6E 6047,2026-09-25,15,business,,,34636.0,False,11:00,ok,2026-09-10T01:48:30.613149+05:30,2026-09-10_0148IST,airline_direct,IndiGo
DEL,BLR,6E,IndiGo,6E 6047,2026-09-25,15,economy,,,10077.0,False,11:00,ok,2026-09-10T01:48:30.613149+05:30,2026-09-10_0148IST,airline_direct,IndiGo
DEL,BLR,6E,IndiGo,6E 6022,2026-09-25,15,business,,,34636.0,False,14:00,ok,2026-09-10T01:48:30.613149+05:30,2026-09-10_0148IST,airline_direct,IndiGo
DEL,BLR,6E,IndiGo,6E 6022,2026-09-25,15,economy,,,10077.0,False,14:00,ok,2026-09-10T01:48:30.613149+05:30,2026-09-10_0148IST,airline_direct,IndiGo
DEL,BLR,6E,IndiGo,6E 2557,2026-09-25,15,economy,,,10077.0,False,15:20,ok,2026-09-10T01:48:30.613149+05:30,2026-09-10_0148IST,airline_direct,IndiGo
DEL,BLR,6E,IndiGo,6E 864,2026-09-25,15,business,,,34636.0,False,15:30,ok,2026-09-10T01:48:30.613149+05:30,2026-09-10_0148IST,airline_direct,IndiGo
DEL,BLR,6E,IndiGo,6E 864,2026-09-25,15,economy,,,10077.0,False,15:30,ok,2026-09-10T01:48:30.613149+05:30,2026-09-10_0148IST,airline_direct,IndiGo
DEL,BLR,6E,IndiGo,6E 734,2026-09-25,15,economy,,,10077.0,False,16:20,ok,2026-09-10T01:48:30.613149+05:30,2026-09-10_0148IST,airline_direct,IndiGo
DEL,BLR,6E,IndiGo,6E 6437,2026-09-25,15,business,,,26999.0,False,16:25,ok,2026-09-10T01:48:30.613149+05:30,2026-09-10_0148IST,airline_direct,IndiGo
DEL,BLR,6E,IndiGo,6E 6437,2026-09-25,15,economy,,,10077.0,False,16:25,ok,2026-09-10T01:48:30.613149+05:30,2026-09-10_0148IST,airline_direct,IndiGo
DEL,BLR,6E,IndiGo,6E 6706,2026-09-25,15,business,,,34636.0,False,17:00,ok,2026-09-10T01:48:30.613149+05:30,2026-09-10_0148IST,airline_direct,IndiGo
DEL,BLR,6E,IndiGo,6E 6706,2026-09-25,15,economy,,,10077.0,False,17:00,ok,2026-09-10T01:48:30.613149+05:30,2026-09-10_0148IST,airline_direct,IndiGo
DEL,BLR,6E,IndiGo,6E 5073,2026-09-25,15,economy,,,10077.0,False,17:05,ok,2026-09-10T01:48:30.613149+05:30,2026-09-10_0148IST,airline_direct,IndiGo
DEL,BLR,6E,IndiGo,6E 6829,2026-09-25,15,economy,,,10077.0,False,17:20,ok,2026-09-10T01:48:30.613149+05:30,2026-09-10_0148IST,airline_direct,IndiGo
DEL,BLR,6E,IndiGo,6E 329,2026-09-25,15,business,,,34636.0,False,18:00,ok,2026-09-10T01:48:30.613149+05:30,2026-09-10_0148IST,airline_direct,IndiGo
DEL,BLR,6E,IndiGo,6E 329,2026-09-25,15,economy,,,10077.0,False,18:00,ok,2026-09-10T01:48:30.613149+05:30,2026-09-10_0148IST,airline_direct,IndiGo
DEL,BLR,6E,IndiGo,6E 329,2026-09-25,15,business,,,34636.0,False,18:00,ok,2026-09-10T01:48:30.613149+05:30,2026-09-10_0148IST,airline_direct,IndiGo
DEL,BLR,6E,IndiGo,6E 329,2026-09-25,15,economy,,,10077.0,False,18:00,ok,2026-09-10T01:48:30.613149+05:30,2026-09-10_0148IST,airline_direct,IndiGo
DEL,BLR,6E,IndiGo,6E 6179,2026-09-25,15,economy,,,10077.0,False,18:30,ok,2026-09-10T01:48:30.613149+05:30,2026-09-10_0148IST,airline_direct,IndiGo
DEL,BLR,6E,IndiGo,6E 931,2026-09-25,15,economy,,,10077.0,False,19:35,ok,2026-09-10T01:48:30.613149+05:30,2026-09-10_0148IST,airline_direct,IndiGo
DEL,BLR,6E,IndiGo,6E 853,2026-09-25,15,business,,,34636.0,False,20:45,ok,2026-09-10T01:48:30.613149+05:30,2026-09-10_0148IST,airline_direct,IndiGo
DEL,BLR,6E,IndiGo,6E 853,2026-09-25,15,economy,,,10077.0,False,20:45,ok,2026-09-10T01:48:30.613149+05:30,2026-09-10_0148IST,airline_direct,IndiGo
DEL,BLR,6E,IndiGo,6E 6673,2026-09-25,15,business,,,26816.0,False,21:15,ok,2026-09-10T01:48:30.613149+05:30,2026-09-10_0148IST,airline_direct,IndiGo
DEL,BLR,6E,IndiGo,6E 6673,2026-09-25,15,economy,,,10077.0,False,21:15,ok,2026-09-10T01:48:30.613149+05:30,2026-09-10_0148IST,airline_direct,IndiGo
DEL,BLR,6E,IndiGo,6E 2618,2026-09-25,15,business,,,26816.0,False,23:00,ok,2026-09-10T01:48:30.613149+05:30,2026-09-10_0148IST,airline_direct,IndiGo
DEL,BLR,6E,IndiGo,6E 2618,2026-09-25,15,economy,,,10077.0,False,23:00,ok,2026-09-10T01:48:30.613149+05:30,2026-09-10_0148IST,airline_direct,IndiGo
DEL,BLR,6E,IndiGo,6E 6476,2026-09-25,15,economy,,,10105.0,False,07:05,ok,2026-09-10T01:48:30.613149+05:30,2026-09-10_0148IST,airline_direct,IndiGo
DEL,BLR,6E,IndiGo,6E 940,2026-09-25,15,business,,,29038.0,False,09:15,ok,2026-09-10T01:48:30.613149+05:30,2026-09-10_0148IST,airline_direct,IndiGo
DEL,BLR,6E,IndiGo,6E 940,2026-09-25,15,economy,,,10156.0,False,09:15,ok,2026-09-10T01:48:30.613149+05:30,2026-09-10_0148IST,airline_direct,IndiGo
DEL,BLR,6E,IndiGo,6E 2319,2026-09-25,15,economy,,,10156.0,False,09:55,ok,2026-09-10T01:48:30.613149+05:30,2026-09-10_0148IST,airline_direct,IndiGo
DEL,BLR,6E,IndiGo,6E 434,2026-09-25,15,business,,,29451.0,False,11:00,ok,2026-09-10T01:48:30.613149+05:30,2026-09-10_0148IST,airline_direct,IndiGo
DEL,BLR,6E,IndiGo,6E 434,2026-09-25,15,economy,,,10156.0,False,11:00,ok,2026-09-10T01:48:30.613149+05:30,2026-09-10_0148IST,airline_direct,IndiGo
DEL,BLR,6E,IndiGo,6E 5038,2026-09-25,15,economy,,,10156.0,False,14:00,ok,2026-09-10T01:48:30.613149+05:30,2026-09-10_0148IST,airline_direct,IndiGo
DEL,BLR,6E,IndiGo,6E 6091,2026-09-25,15,business,,,34352.0,False,15:15,ok,2026-09-10T01:48:30.613149+05:30,2026-09-10_0148IST,airline_direct,IndiGo
DEL,BLR,6E,IndiGo,6E 6091,2026-09-25,15,economy,,,10156.0,False,15:15,ok,2026-09-10T01:48:30.613149+05:30,2026-09-10_0148IST,airline_direct,IndiGo
DEL,BLR,6E,IndiGo,6E 5033,2026-09-25,15,economy,,,10156.0,False,15:50,ok,2026-09-10T01:48:30.613149+05:30,2026-09-10_0148IST,airline_direct,IndiGo
DEL,BLR,6E,IndiGo,6E 947,2026-09-25,15,business,,,30402.0,False,16:40,ok,2026-09-10T01:48:30.613149+05:30,2026-09-10_0148IST,airline_direct,IndiGo
DEL,BLR,6E,IndiGo,6E 947,2026-09-25,15,economy,,,10156.0,False,16:40,ok,2026-09-10T01:48:30.613149+05:30,2026-09-10_0148IST,airline_direct,IndiGo
DEL,BLR,6E,IndiGo,6E 6632,2026-09-25,15,economy,,,10156.0,False,17:50,ok,2026-09-10T01:48:30.613149+05:30,2026-09-10_0148IST,airline_direct,IndiGo
DEL,BLR,6E,IndiGo,6E 2151,2026-09-25,15,economy,,,10156.0,False,19:45,ok,2026-09-10T01:48:30.613149+05:30,2026-09-10_0148IST,airline_direct,IndiGo
DEL,BLR,6E,IndiGo,6E 6497,2026-09-25,15,economy,,,10287.0,False,18:40,ok,2026-09-10T01:48:30.613149+05:30,2026-09-10_0148IST,airline_direct,IndiGo
DEL,BLR,6E,IndiGo,6E 5001,2026-09-25,15,economy,,,10314.0,False,17:10,ok,2026-09-10T01:48:30.613149+05:30,2026-09-10_0148IST,airline_direct,IndiGo
DEL,BLR,6E,IndiGo,6E 5191,2026-09-25,15,business,,,36237.0,False,05:00,ok,2026-09-10T01:48:30.613149+05:30,2026-09-10_0148IST,airline_direct,IndiGo
DEL,BLR,6E,IndiGo,6E 5191,2026-09-25,15,economy,,,10497.0,False,05:00,ok,2026-09-10T01:48:30.613149+05:30,2026-09-10_0148IST,airline_direct,IndiGo
DEL,BLR,6E,IndiGo,6E 513,2026-09-25,15,business,,,31635.0,False,08:30,ok,2026-09-10T01:48:30.613149+05:30,2026-09-10_0148IST,airline_direct,IndiGo
DEL,BLR,6E,IndiGo,6E 513,2026-09-25,15,economy,,,10497.0,False,08:30,ok,2026-09-10T01:48:30.613149+05:30,2026-09-10_0148IST,airline_direct,IndiGo
DEL,BLR,6E,IndiGo,6E 2364,2026-09-25,15,economy,,,11087.0,False,04:50,ok,2026-09-10T01:48:30.613149+05:30,2026-09-10_0148IST,airline_direct,IndiGo
DEL,BLR,6E,IndiGo,6E 2349,2026-09-25,15,economy,,,12530.0,False,10:55,ok,2026-09-10T01:48:30.613149+05:30,2026-09-10_0148IST,airline_direct,IndiGo
DEL,BLR,6E,IndiGo,6E 6293,2026-09-25,15,business,,,28784.0,False,09:55,ok,2026-09-10T01:48:30.613149+05:30,2026-09-10_0148IST,airline_direct,IndiGo
DEL,BLR,6E,IndiGo,6E 6293,2026-09-25,15,economy,,,14603.0,False,09:55,ok,2026-09-10T01:48:30.613149+05:30,2026-09-10_0148IST,airline_direct,IndiGo
DEL,BLR,6E,IndiGo,6E 717,2026-09-25,15,business,,,30479.0,False,17:55,ok,2026-09-10T01:48:30.613149+05:30,2026-09-10_0148IST,airline_direct,IndiGo
DEL,BLR,6E,IndiGo,6E 717,2026-09-25,15,economy,,,15809.0,False,17:55,ok,2026-09-10T01:48:30.613149+05:30,2026-09-10_0148IST,airline_direct,IndiGo
DEL,BLR,6E,IndiGo,6E 950,2026-09-25,15,business,,,30402.0,False,18:15,ok,2026-09-10T01:48:30.613149+05:30,2026-09-10_0148IST,airline_direct,IndiGo
DEL,BLR,6E,IndiGo,6E 950,2026-09-25,15,economy,,,16019.0,False,18:15,ok,2026-09-10T01:48:30.613149+05:30,2026-09-10_0148IST,airline_direct,IndiGo
DEL,BLR,6E,IndiGo,6E 6282,2026-09-25,15,business,,,32541.0,False,13:30,ok,2026-09-10T01:48:30.613149+05:30,2026-09-10_0148IST,airline_direct,IndiGo
DEL,BLR,6E,IndiGo,6E 6282,2026-09-25,15,economy,,,17127.0,False,13:30,ok,2026-09-10T01:48:30.613149+05:30,2026-09-10_0148IST,airline_direct,IndiGo
DEL,BLR,6E,IndiGo,6E 2277,2026-09-25,15,business,,,37885.0,False,10:25,ok,2026-09-10T01:48:30.613149+05:30,2026-09-10_0148IST,airline_direct,IndiGo
DEL,BLR,6E,IndiGo,6E 2277,2026-09-25,15,economy,,,19437.0,False,10:25,ok,2026-09-10T01:48:30.613149+05:30,2026-09-10_0148IST,airline_direct,IndiGo
DEL,BLR,6E,IndiGo,6E 6217,2026-09-25,15,business,,,38112.0,False,16:15,ok,2026-09-10T01:48:30.613149+05:30,2026-09-10_0148IST,airline_direct,IndiGo
DEL,BLR,6E,IndiGo,6E 6217,2026-09-25,15,economy,,,21862.0,False,16:15,ok,2026-09-10T01:48:30.613149+05:30,2026-09-10_0148IST,airline_direct,IndiGo
BOM,BLR,6E,IndiGo,6E 5323,2026-09-25,15,business,,,18948.0,False,01:10,ok,2026-09-10T01:49:31.277404+05:30,2026-09-10_0149IST,airline_direct,IndiGo
BOM,BLR,6E,IndiGo,6E 5323,2026-09-25,15,economy,,,4893.0,False,01:10,ok,2026-09-10T01:49:31.277404+05:30,2026-09-10_0149IST,airline_direct,IndiGo
BOM,BLR,6E,IndiGo,6E 5294,2026-09-25,15,business,,,18948.0,False,04:30,ok,2026-09-10T01:49:31.277404+05:30,2026-09-10_0149IST,airline_direct,IndiGo
BOM,BLR,6E,IndiGo,6E 5294,2026-09-25,15,economy,,,4893.0,False,04:30,ok,2026-09-10T01:49:31.277404+05:30,2026-09-10_0149IST,airline_direct,IndiGo
BOM,BLR,6E,IndiGo,6E 5193,2026-09-25,15,economy,,,6747.0,False,08:05,ok,2026-09-10T01:49:31.277404+05:30,2026-09-10_0149IST,airline_direct,IndiGo
BOM,BLR,6E,IndiGo,6E 5388,2026-09-25,15,business,,,18948.0,False,22:20,ok,2026-09-10T01:49:31.277404+05:30,2026-09-10_0149IST,airline_direct,IndiGo
BOM,BLR,6E,IndiGo,6E 5388,2026-09-25,15,economy,,,6747.0,False,22:20,ok,2026-09-10T01:49:31.277404+05:30,2026-09-10_0149IST,airline_direct,IndiGo
BOM,BLR,6E,IndiGo,6E 5296,2026-09-25,15,business,,,18948.0,False,06:30,ok,2026-09-10T01:49:31.277404+05:30,2026-09-10_0149IST,airline_direct,IndiGo
BOM,BLR,6E,IndiGo,6E 5296,2026-09-25,15,economy,,,7062.0,False,06:30,ok,2026-09-10T01:49:31.277404+05:30,2026-09-10_0149IST,airline_direct,IndiGo
BOM,BLR,6E,IndiGo,6E 5217,2026-09-25,15,business,,,18948.0,False,11:00,ok,2026-09-10T01:49:31.277404+05:30,2026-09-10_0149IST,airline_direct,IndiGo
BOM,BLR,6E,IndiGo,6E 5217,2026-09-25,15,economy,,,7062.0,False,11:00,ok,2026-09-10T01:49:31.277404+05:30,2026-09-10_0149IST,airline_direct,IndiGo
BOM,BLR,6E,IndiGo,6E 5184,2026-09-25,15,business,,,18948.0,False,12:30,ok,2026-09-10T01:49:31.277404+05:30,2026-09-10_0149IST,airline_direct,IndiGo
BOM,BLR,6E,IndiGo,6E 5184,2026-09-25,15,economy,,,7062.0,False,12:30,ok,2026-09-10T01:49:31.277404+05:30,2026-09-10_0149IST,airline_direct,IndiGo
BOM,BLR,6E,IndiGo,6E 5382,2026-09-25,15,business,,,18948.0,False,14:30,ok,2026-09-10T01:49:31.277404+05:30,2026-09-10_0149IST,airline_direct,IndiGo
BOM,BLR,6E,IndiGo,6E 5382,2026-09-25,15,economy,,,7062.0,False,14:30,ok,2026-09-10T01:49:31.277404+05:30,2026-09-10_0149IST,airline_direct,IndiGo
BOM,BLR,6E,IndiGo,6E 5221,2026-09-25,15,business,,,18948.0,False,17:00,ok,2026-09-10T01:49:31.277404+05:30,2026-09-10_0149IST,airline_direct,IndiGo
BOM,BLR,6E,IndiGo,6E 5221,2026-09-25,15,economy,,,7062.0,False,17:00,ok,2026-09-10T01:49:31.277404+05:30,2026-09-10_0149IST,airline_direct,IndiGo
BOM,BLR,6E,IndiGo,6E 6188,2026-09-25,15,business,,,18948.0,False,21:30,ok,2026-09-10T01:49:31.277404+05:30,2026-09-10_0149IST,airline_direct,IndiGo
BOM,BLR,6E,IndiGo,6E 6188,2026-09-25,15,economy,,,7062.0,False,21:30,ok,2026-09-10T01:49:31.277404+05:30,2026-09-10_0149IST,airline_direct,IndiGo
BOM,BLR,6E,IndiGo,6E 5092,2026-09-25,15,business,,,18948.0,False,09:50,ok,2026-09-10T01:49:31.277404+05:30,2026-09-10_0149IST,airline_direct,IndiGo
BOM,BLR,6E,IndiGo,6E 5092,2026-09-25,15,economy,,,7377.0,False,09:50,ok,2026-09-10T01:49:31.277404+05:30,2026-09-10_0149IST,airline_direct,IndiGo
BOM,BLR,6E,IndiGo,6E 5047,2026-09-25,15,business,,,18948.0,False,18:30,ok,2026-09-10T01:49:31.277404+05:30,2026-09-10_0149IST,airline_direct,IndiGo
BOM,BLR,6E,IndiGo,6E 5047,2026-09-25,15,economy,,,7797.0,False,18:30,ok,2026-09-10T01:49:31.277404+05:30,2026-09-10_0149IST,airline_direct,IndiGo
BOM,BLR,6E,IndiGo,6E 5032,2026-09-25,15,business,,,18948.0,False,19:55,ok,2026-09-10T01:49:31.277404+05:30,2026-09-10_0149IST,airline_direct,IndiGo
BOM,BLR,6E,IndiGo,6E 5032,2026-09-25,15,economy,,,7797.0,False,19:55,ok,2026-09-10T01:49:31.277404+05:30,2026-09-10_0149IST,airline_direct,IndiGo
BOM,BLR,6E,IndiGo,6E 5071,2026-09-25,15,business,,,18948.0,False,15:35,ok,2026-09-10T01:49:31.277404+05:30,2026-09-10_0149IST,airline_direct,IndiGo
BOM,BLR,6E,IndiGo,6E 5071,2026-09-25,15,economy,,,8217.0,False,15:35,ok,2026-09-10T01:49:31.277404+05:30,2026-09-10_0149IST,airline_direct,IndiGo
BOM,BLR,6E,IndiGo,6E 6361,2026-09-25,15,economy,,,7243.0,False,05:00,ok,2026-09-10T01:49:31.277404+05:30,2026-09-10_0149IST,airline_direct,IndiGo
BOM,BLR,6E,IndiGo,6E 5241,2026-09-25,15,economy,,,7243.0,False,16:40,ok,2026-09-10T01:49:31.277404+05:30,2026-09-10_0149IST,airline_direct,IndiGo
BOM,BLR,6E,IndiGo,6E 5386,2026-09-25,15,business,,,27670.0,False,15:10,ok,2026-09-10T01:49:31.277404+05:30,2026-09-10_0149IST,airline_direct,IndiGo
BOM,BLR,6E,IndiGo,6E 5386,2026-09-25,15,economy,,,7374.0,False,15:10,ok,2026-09-10T01:49:31.277404+05:30,2026-09-10_0149IST,airline_direct,IndiGo
BOM,BLR,6E,IndiGo,6E 5386,2026-09-25,15,business,,,25607.0,False,15:10,ok,2026-09-10T01:49:31.277404+05:30,2026-09-10_0149IST,airline_direct,IndiGo
BOM,BLR,6E,IndiGo,6E 5386,2026-09-25,15,economy,,,7374.0,False,15:10,ok,2026-09-10T01:49:31.277404+05:30,2026-09-10_0149IST,airline_direct,IndiGo
BOM,BLR,6E,IndiGo,6E 5228,2026-09-25,15,business,,,25607.0,False,16:45,ok,2026-09-10T01:49:31.277404+05:30,2026-09-10_0149IST,airline_direct,IndiGo
BOM,BLR,6E,IndiGo,6E 5228,2026-09-25,15,economy,,,7374.0,False,16:45,ok,2026-09-10T01:49:31.277404+05:30,2026-09-10_0149IST,airline_direct,IndiGo
BOM,BLR,6E,IndiGo,6E 6802,2026-09-25,15,economy,,,7505.0,False,16:55,ok,2026-09-10T01:49:31.277404+05:30,2026-09-10_0149IST,airline_direct,IndiGo
BOM,BLR,6E,IndiGo,6E 632,2026-09-25,15,economy,,,7584.0,False,04:00,ok,2026-09-10T01:49:31.277404+05:30,2026-09-10_0149IST,airline_direct,IndiGo
BOM,BLR,6E,IndiGo,6E 6701,2026-09-25,15,economy,,,7584.0,False,05:35,ok,2026-09-10T01:49:31.277404+05:30,2026-09-10_0149IST,airline_direct,IndiGo
BOM,BLR,6E,IndiGo,6E 6701,2026-09-25,15,economy,,,7584.0,False,05:35,ok,2026-09-10T01:49:31.277404+05:30,2026-09-10_0149IST,airline_direct,IndiGo
BOM,BLR,6E,IndiGo,6E 5188,2026-09-25,15,business,,,24040.0,False,06:15,ok,2026-09-10T01:49:31.277404+05:30,2026-09-10_0149IST,airline_direct,IndiGo
BOM,BLR,6E,IndiGo,6E 5188,2026-09-25,15,economy,,,7584.0,False,06:15,ok,2026-09-10T01:49:31.277404+05:30,2026-09-10_0149IST,airline_direct,IndiGo
BOM,BLR,6E,IndiGo,6E 5109,2026-09-25,15,economy,,,7584.0,False,09:35,ok,2026-09-10T01:49:31.277404+05:30,2026-09-10_0149IST,airline_direct,IndiGo
BOM,BLR,6E,IndiGo,6E 5313,2026-09-25,15,business,,,24760.0,False,09:50,ok,2026-09-10T01:49:31.277404+05:30,2026-09-10_0149IST,airline_direct,IndiGo
BOM,BLR,6E,IndiGo,6E 5313,2026-09-25,15,economy,,,7584.0,False,09:50,ok,2026-09-10T01:49:31.277404+05:30,2026-09-10_0149IST,airline_direct,IndiGo
BOM,BLR,6E,IndiGo,6E 5313,2026-09-25,15,business,,,25173.0,False,09:50,ok,2026-09-10T01:49:31.277404+05:30,2026-09-10_0149IST,airline_direct,IndiGo
BOM,BLR,6E,IndiGo,6E 5313,2026-09-25,15,economy,,,7584.0,False,09:50,ok,2026-09-10T01:49:31.277404+05:30,2026-09-10_0149IST,airline_direct,IndiGo
BOM,BLR,6E,IndiGo,6E 6349,2026-09-25,15,business,,,25173.0,False,11:40,ok,2026-09-10T01:49:31.277404+05:30,2026-09-10_0149IST,airline_direct,IndiGo
BOM,BLR,6E,IndiGo,6E 6349,2026-09-25,15,economy,,,7584.0,False,11:40,ok,2026-09-10T01:49:31.277404+05:30,2026-09-10_0149IST,airline_direct,IndiGo
BOM,BLR,6E,IndiGo,6E 6349,2026-09-25,15,business,,,30074.0,False,11:40,ok,2026-09-10T01:49:31.277404+05:30,2026-09-10_0149IST,airline_direct,IndiGo
BOM,BLR,6E,IndiGo,6E 6349,2026-09-25,15,economy,,,7584.0,False,11:40,ok,2026-09-10T01:49:31.277404+05:30,2026-09-10_0149IST,airline_direct,IndiGo
BOM,BLR,6E,IndiGo,6E 673,2026-09-25,15,economy,,,7584.0,False,12:35,ok,2026-09-10T01:49:31.277404+05:30,2026-09-10_0149IST,airline_direct,IndiGo
BOM,BLR,6E,IndiGo,6E 673,2026-09-25,15,economy,,,7584.0,False,12:35,ok,2026-09-10T01:49:31.277404+05:30,2026-09-10_0149IST,airline_direct,IndiGo
BOM,BLR,6E,IndiGo,6E 5337,2026-09-25,15,business,,,30074.0,False,13:45,ok,2026-09-10T01:49:31.277404+05:30,2026-09-10_0149IST,airline_direct,IndiGo
BOM,BLR,6E,IndiGo,6E 5337,2026-09-25,15,economy,,,7584.0,False,13:45,ok,2026-09-10T01:49:31.277404+05:30,2026-09-10_0149IST,airline_direct,IndiGo
BOM,BLR,6E,IndiGo,6E 5201,2026-09-25,15,economy,,,7584.0,False,14:55,ok,2026-09-10T01:49:31.277404+05:30,2026-09-10_0149IST,airline_direct,IndiGo
BOM,BLR,6E,IndiGo,6E 5196,2026-09-25,15,business,,,30074.0,False,15:25,ok,2026-09-10T01:49:31.277404+05:30,2026-09-10_0149IST,airline_direct,IndiGo
BOM,BLR,6E,IndiGo,6E 5196,2026-09-25,15,economy,,,7584.0,False,15:25,ok,2026-09-10T01:49:31.277404+05:30,2026-09-10_0149IST,airline_direct,IndiGo
BOM,BLR,6E,IndiGo,6E 5196,2026-09-25,15,business,,,26124.0,False,15:25,ok,2026-09-10T01:49:31.277404+05:30,2026-09-10_0149IST,airline_direct,IndiGo
BOM,BLR,6E,IndiGo,6E 5196,2026-09-25,15,economy,,,7584.0,False,15:25,ok,2026-09-10T01:49:31.277404+05:30,2026-09-10_0149IST,airline_direct,IndiGo
BOM,BLR,6E,IndiGo,6E 240,2026-09-25,15,economy,,,7584.0,False,15:45,ok,2026-09-10T01:49:31.277404+05:30,2026-09-10_0149IST,airline_direct,IndiGo
BOM,BLR,6E,IndiGo,6E 437,2026-09-25,15,economy,,,7584.0,False,17:10,ok,2026-09-10T01:49:31.277404+05:30,2026-09-10_0149IST,airline_direct,IndiGo
BOM,BLR,6E,IndiGo,6E 5048,2026-09-25,15,business,,,26124.0,False,17:25,ok,2026-09-10T01:49:31.277404+05:30,2026-09-10_0149IST,airline_direct,IndiGo
BOM,BLR,6E,IndiGo,6E 5048,2026-09-25,15,economy,,,7584.0,False,17:25,ok,2026-09-10T01:49:31.277404+05:30,2026-09-10_0149IST,airline_direct,IndiGo
BOM,BLR,6E,IndiGo,6E 5126,2026-09-25,15,economy,,,7584.0,False,18:15,ok,2026-09-10T01:49:31.277404+05:30,2026-09-10_0149IST,airline_direct,IndiGo
BOM,BLR,6E,IndiGo,6E 2237,2026-09-25,15,economy,,,7584.0,False,18:40,ok,2026-09-10T01:49:31.277404+05:30,2026-09-10_0149IST,airline_direct,IndiGo
BOM,BLR,6E,IndiGo,6E 5107,2026-09-25,15,economy,,,7584.0,False,20:00,ok,2026-09-10T01:49:31.277404+05:30,2026-09-10_0149IST,airline_direct,IndiGo
BOM,BLR,6E,IndiGo,6E 6599,2026-09-25,15,economy,,,7715.0,False,16:50,ok,2026-09-10T01:49:31.277404+05:30,2026-09-10_0149IST,airline_direct,IndiGo
BOM,BLR,6E,IndiGo,6E 5241,2026-09-25,15,economy,,,7785.0,False,16:40,ok,2026-09-10T01:49:31.277404+05:30,2026-09-10_0149IST,airline_direct,IndiGo
BOM,BLR,6E,IndiGo,6E 5082,2026-09-25,15,economy,,,7785.0,False,18:05,ok,2026-09-10T01:49:31.277404+05:30,2026-09-10_0149IST,airline_direct,IndiGo
BOM,BLR,6E,IndiGo,6E 5123,2026-09-25,15,economy,,,8047.0,False,14:40,ok,2026-09-10T01:49:31.277404+05:30,2026-09-10_0149IST,airline_direct,IndiGo
BOM,BLR,6E,IndiGo,6E 230,2026-09-25,15,economy,,,8377.0,False,13:55,ok,2026-09-10T01:49:31.277404+05:30,2026-09-10_0149IST,airline_direct,IndiGo
BOM,BLR,6E,IndiGo,6E 230,2026-09-25,15,economy,,,8377.0,False,13:55,ok,2026-09-10T01:49:31.277404+05:30,2026-09-10_0149IST,airline_direct,IndiGo
BOM,BLR,6E,IndiGo,6E 5386,2026-09-25,15,business,,,33240.0,False,15:10,ok,2026-09-10T01:49:31.277404+05:30,2026-09-10_0149IST,airline_direct,IndiGo
BOM,BLR,6E,IndiGo,6E 5386,2026-09-25,15,economy,,,9154.0,False,15:10,ok,2026-09-10T01:49:31.277404+05:30,2026-09-10_0149IST,airline_direct,IndiGo
BOM,BLR,6E,IndiGo,6E 5386,2026-09-25,15,business,,,33240.0,False,15:10,ok,2026-09-10T01:49:31.277404+05:30,2026-09-10_0149IST,airline_direct,IndiGo
BOM,BLR,6E,IndiGo,6E 5386,2026-09-25,15,economy,,,9858.0,False,15:10,ok,2026-09-10T01:49:31.277404+05:30,2026-09-10_0149IST,airline_direct,IndiGo
BOM,BLR,6E,IndiGo,6E 5228,2026-09-25,15,business,,,33240.0,False,16:45,ok,2026-09-10T01:49:31.277404+05:30,2026-09-10_0149IST,airline_direct,IndiGo
BOM,BLR,6E,IndiGo,6E 5228,2026-09-25,15,economy,,,9858.0,False,16:45,ok,2026-09-10T01:49:31.277404+05:30,2026-09-10_0149IST,airline_direct,IndiGo
BOM,BLR,6E,IndiGo,6E 2011,2026-09-25,15,economy,,,11409.0,False,13:35,ok,2026-09-10T01:49:31.277404+05:30,2026-09-10_0149IST,airline_direct,IndiGo
BOM,BLR,6E,IndiGo,6E 6362,2026-09-25,15,business,,,21922.0,False,05:45,ok,2026-09-10T01:49:31.277404+05:30,2026-09-10_0149IST,airline_direct,IndiGo
BOM,BLR,6E,IndiGo,6E 6362,2026-09-25,15,economy,,,11468.0,False,05:45,ok,2026-09-10T01:49:31.277404+05:30,2026-09-10_0149IST,airline_direct,IndiGo
BOM,BLR,6E,IndiGo,6E 5246,2026-09-25,15,business,,,23913.0,False,07:15,ok,2026-09-10T01:49:31.277404+05:30,2026-09-10_0149IST,airline_direct,IndiGo
BOM,BLR,6E,IndiGo,6E 5246,2026-09-25,15,economy,,,12385.0,False,07:15,ok,2026-09-10T01:49:31.277404+05:30,2026-09-10_0149IST,airline_direct,IndiGo
BOM,BLR,6E,IndiGo,6E 5318,2026-09-25,15,business,,,23913.0,False,10:15,ok,2026-09-10T01:49:31.277404+05:30,2026-09-10_0149IST,airline_direct,IndiGo
BOM,BLR,6E,IndiGo,6E 5318,2026-09-25,15,economy,,,12385.0,False,10:15,ok,2026-09-10T01:49:31.277404+05:30,2026-09-10_0149IST,airline_direct,IndiGo
BOM,BLR,6E,IndiGo,6E 5178,2026-09-25,15,business,,,23913.0,False,11:45,ok,2026-09-10T01:49:31.277404+05:30,2026-09-10_0149IST,airline_direct,IndiGo
BOM,BLR,6E,IndiGo,6E 5178,2026-09-25,15,economy,,,12385.0,False,11:45,ok,2026-09-10T01:49:31.277404+05:30,2026-09-10_0149IST,airline_direct,IndiGo
BOM,BLR,6E,IndiGo,6E 5318,2026-09-25,15,business,,,25607.0,False,10:15,ok,2026-09-10T01:49:31.277404+05:30,2026-09-10_0149IST,airline_direct,IndiGo
BOM,BLR,6E,IndiGo,6E 5318,2026-09-25,15,economy,,,13386.0,False,10:15,ok,2026-09-10T01:49:31.277404+05:30,2026-09-10_0149IST,airline_direct,IndiGo
BOM,BLR,6E,IndiGo,6E 5178,2026-09-25,15,business,,,27670.0,False,11:45,ok,2026-09-10T01:49:31.277404+05:30,2026-09-10_0149IST,airline_direct,IndiGo
BOM,BLR,6E,IndiGo,6E 5178,2026-09-25,15,economy,,,13386.0,False,11:45,ok,2026-09-10T01:49:31.277404+05:30,2026-09-10_0149IST,airline_direct,IndiGo
BOM,BLR,6E,IndiGo,6E 5178,2026-09-25,15,business,,,25607.0,False,11:45,ok,2026-09-10T01:49:31.277404+05:30,2026-09-10_0149IST,airline_direct,IndiGo
BOM,BLR,6E,IndiGo,6E 5178,2026-09-25,15,economy,,,13386.0,False,11:45,ok,2026-09-10T01:49:31.277404+05:30,2026-09-10_0149IST,airline_direct,IndiGo
BOM,BLR,6E,IndiGo,6E 6057,2026-09-25,15,economy,,,15671.0,False,09:15,ok,2026-09-10T01:49:31.277404+05:30,2026-09-10_0149IST,airline_direct,IndiGo
BOM,BLR,6E,IndiGo,6E 6674,2026-09-25,15,economy,,,16486.0,False,09:05,ok,2026-09-10T01:49:31.277404+05:30,2026-09-10_0149IST,airline_direct,IndiGo
BOM,BLR,6E,IndiGo,6E 5178,2026-09-25,15,business,,,33240.0,False,11:45,ok,2026-09-10T01:49:31.277404+05:30,2026-09-10_0149IST,airline_direct,IndiGo
BOM,BLR,6E,IndiGo,6E 5178,2026-09-25,15,economy,,,16973.0,False,11:45,ok,2026-09-10T01:49:31.277404+05:30,2026-09-10_0149IST,airline_direct,IndiGo
BOM,BLR,6E,IndiGo,6E 261,2026-09-25,15,economy,,,19781.0,False,11:20,ok,2026-09-10T01:49:31.277404+05:30,2026-09-10_0149IST,airline_direct,IndiGo
DEL,CCU,6E,IndiGo,error,2026-09-25,15,unknown,,,,False,unknown,error,2026-09-10T01:50:34.721999+05:30,2026-09-10_0150IST,airline_direct,IndiGo
BLR,HYD,6E,IndiGo,6E 6067,2026-09-25,15,economy,,,5318.0,False,16:30,ok,2026-09-10T01:52:47.747860+05:30,2026-09-10_0152IST,airline_direct,IndiGo
BLR,HYD,6E,IndiGo,6E 6404,2026-09-25,15,economy,,,6239.0,False,11:35,ok,2026-09-10T01:52:47.747860+05:30,2026-09-10_0152IST,airline_direct,IndiGo
BLR,HYD,6E,IndiGo,6E 638,2026-09-25,15,economy,,,6239.0,False,18:35,ok,2026-09-10T01:52:47.747860+05:30,2026-09-10_0152IST,airline_direct,IndiGo
BLR,HYD,6E,IndiGo,6E 6178,2026-09-25,15,economy,,,7361.0,False,06:25,ok,2026-09-10T01:52:47.747860+05:30,2026-09-10_0152IST,airline_direct,IndiGo
BLR,HYD,6E,IndiGo,6E 312,2026-09-25,15,economy,,,7361.0,False,09:15,ok,2026-09-10T01:52:47.747860+05:30,2026-09-10_0152IST,airline_direct,IndiGo
BLR,HYD,6E,IndiGo,6E 537,2026-09-25,15,economy,,,7361.0,False,10:15,ok,2026-09-10T01:52:47.747860+05:30,2026-09-10_0152IST,airline_direct,IndiGo
BLR,HYD,6E,IndiGo,6E 484,2026-09-25,15,economy,,,8010.0,False,08:15,ok,2026-09-10T01:52:47.747860+05:30,2026-09-10_0152IST,airline_direct,IndiGo
BLR,HYD,6E,IndiGo,6E 6784,2026-09-25,15,economy,,,8010.0,False,21:30,ok,2026-09-10T01:52:47.747860+05:30,2026-09-10_0152IST,airline_direct,IndiGo
BLR,HYD,6E,IndiGo,6E 855,2026-09-25,15,economy,,,8727.0,False,19:45,ok,2026-09-10T01:52:47.747860+05:30,2026-09-10_0152IST,airline_direct,IndiGo
BLR,HYD,6E,IndiGo,6E 6563,2026-09-25,15,economy,,,5463.0,False,01:05,ok,2026-09-10T01:52:47.747860+05:30,2026-09-10_0152IST,airline_direct,IndiGo
BLR,HYD,6E,IndiGo,6E 6876,2026-09-25,15,economy,,,5463.0,False,02:40,ok,2026-09-10T01:52:47.747860+05:30,2026-09-10_0152IST,airline_direct,IndiGo
BLR,HYD,6E,IndiGo,6E 763,2026-09-25,15,economy,,,5463.0,False,07:05,ok,2026-09-10T01:52:47.747860+05:30,2026-09-10_0152IST,airline_direct,IndiGo
BLR,HYD,6E,IndiGo,6E 857,2026-09-25,15,economy,,,5463.0,False,07:05,ok,2026-09-10T01:52:47.747860+05:30,2026-09-10_0152IST,airline_direct,IndiGo
BLR,HYD,6E,IndiGo,6E 763,2026-09-25,15,economy,,,5463.0,False,07:05,ok,2026-09-10T01:52:47.747860+05:30,2026-09-10_0152IST,airline_direct,IndiGo
BLR,HYD,6E,IndiGo,6E 763,2026-09-25,15,economy,,,5463.0,False,07:05,ok,2026-09-10T01:52:47.747860+05:30,2026-09-10_0152IST,airline_direct,IndiGo
BLR,HYD,6E,IndiGo,6E 6269,2026-09-25,15,economy,,,5463.0,False,07:15,ok,2026-09-10T01:52:47.747860+05:30,2026-09-10_0152IST,airline_direct,IndiGo
BLR,HYD,6E,IndiGo,6E 6445,2026-09-25,15,economy,,,5463.0,False,10:25,ok,2026-09-10T01:52:47.747860+05:30,2026-09-10_0152IST,airline_direct,IndiGo
BLR,HYD,6E,IndiGo,6E 6445,2026-09-25,15,economy,,,5463.0,False,10:25,ok,2026-09-10T01:52:47.747860+05:30,2026-09-10_0152IST,airline_direct,IndiGo
BLR,HYD,6E,IndiGo,6E 6104,2026-09-25,15,economy,,,5463.0,False,11:40,ok,2026-09-10T01:52:47.747860+05:30,2026-09-10_0152IST,airline_direct,IndiGo
BLR,HYD,6E,IndiGo,6E 6104,2026-09-25,15,economy,,,5463.0,False,11:40,ok,2026-09-10T01:52:47.747860+05:30,2026-09-10_0152IST,airline_direct,IndiGo
BLR,HYD,6E,IndiGo,6E 6208,2026-09-25,15,economy,,,5463.0,False,12:45,ok,2026-09-10T01:52:47.747860+05:30,2026-09-10_0152IST,airline_direct,IndiGo
BLR,HYD,6E,IndiGo,6E 6208,2026-09-25,15,economy,,,5463.0,False,12:45,ok,2026-09-10T01:52:47.747860+05:30,2026-09-10_0152IST,airline_direct,IndiGo
BLR,HYD,6E,IndiGo,6E 703,2026-09-25,15,economy,,,5463.0,False,12:55,ok,2026-09-10T01:52:47.747860+05:30,2026-09-10_0152IST,airline_direct,IndiGo
BLR,HYD,6E,IndiGo,6E 6542,2026-09-25,15,economy,,,5463.0,False,13:10,ok,2026-09-10T01:52:47.747860+05:30,2026-09-10_0152IST,airline_direct,IndiGo
BLR,HYD,6E,IndiGo,6E 6542,2026-09-25,15,economy,,,5463.0,False,13:10,ok,2026-09-10T01:52:47.747860+05:30,2026-09-10_0152IST,airline_direct,IndiGo
BLR,HYD,6E,IndiGo,6E 6753,2026-09-25,15,economy,,,5463.0,False,15:15,ok,2026-09-10T01:52:47.747860+05:30,2026-09-10_0152IST,airline_direct,IndiGo
BLR,HYD,6E,IndiGo,6E 6753,2026-09-25,15,economy,,,5463.0,False,15:15,ok,2026-09-10T01:52:47.747860+05:30,2026-09-10_0152IST,airline_direct,IndiGo
BLR,HYD,6E,IndiGo,6E 173,2026-09-25,15,economy,,,5463.0,False,15:30,ok,2026-09-10T01:52:47.747860+05:30,2026-09-10_0152IST,airline_direct,IndiGo
BLR,HYD,6E,IndiGo,6E 173,2026-09-25,15,economy,,,5463.0,False,15:30,ok,2026-09-10T01:52:47.747860+05:30,2026-09-10_0152IST,airline_direct,IndiGo
BLR,HYD,6E,IndiGo,6E 356,2026-09-25,15,economy,,,5463.0,False,17:15,ok,2026-09-10T01:52:47.747860+05:30,2026-09-10_0152IST,airline_direct,IndiGo
BLR,HYD,6E,IndiGo,6E 356,2026-09-25,15,economy,,,5463.0,False,17:15,ok,2026-09-10T01:52:47.747860+05:30,2026-09-10_0152IST,airline_direct,IndiGo
BLR,HYD,6E,IndiGo,6E 6168,2026-09-25,15,economy,,,5463.0,False,17:40,ok,2026-09-10T01:52:47.747860+05:30,2026-09-10_0152IST,airline_direct,IndiGo
BLR,HYD,6E,IndiGo,6E 105,2026-09-25,15,economy,,,5463.0,False,18:50,ok,2026-09-10T01:52:47.747860+05:30,2026-09-10_0152IST,airline_direct,IndiGo
BLR,HYD,6E,IndiGo,6E 105,2026-09-25,15,economy,,,5463.0,False,18:50,ok,2026-09-10T01:52:47.747860+05:30,2026-09-10_0152IST,airline_direct,IndiGo
BLR,HYD,6E,IndiGo,6E 441,2026-09-25,15,economy,,,5463.0,False,20:40,ok,2026-09-10T01:52:47.747860+05:30,2026-09-10_0152IST,airline_direct,IndiGo
BLR,HYD,6E,IndiGo,6E 528,2026-09-25,15,economy,,,5463.0,False,21:40,ok,2026-09-10T01:52:47.747860+05:30,2026-09-10_0152IST,airline_direct,IndiGo
BLR,HYD,6E,IndiGo,6E 116,2026-09-25,15,economy,,,5463.0,False,23:05,ok,2026-09-10T01:52:47.747860+05:30,2026-09-10_0152IST,airline_direct,IndiGo
BLR,HYD,6E,IndiGo,6E 6336,2026-09-25,15,economy,,,5594.0,False,12:25,ok,2026-09-10T01:52:47.747860+05:30,2026-09-10_0152IST,airline_direct,IndiGo
BLR,HYD,6E,IndiGo,6E 6336,2026-09-25,15,economy,,,5594.0,False,12:25,ok,2026-09-10T01:52:47.747860+05:30,2026-09-10_0152IST,airline_direct,IndiGo
BLR,HYD,6E,IndiGo,6E 7204,2026-09-25,15,economy,,,6153.0,False,06:50,ok,2026-09-10T01:52:47.747860+05:30,2026-09-10_0152IST,airline_direct,IndiGo
BLR,HYD,6E,IndiGo,6E 7005,2026-09-25,15,economy,,,6153.0,False,08:05,ok,2026-09-10T01:52:47.747860+05:30,2026-09-10_0152IST,airline_direct,IndiGo
BLR,HYD,6E,IndiGo,6E 7005,2026-09-25,15,economy,,,6153.0,False,08:05,ok,2026-09-10T01:52:47.747860+05:30,2026-09-10_0152IST,airline_direct,IndiGo
BLR,HYD,6E,IndiGo,6E 7227,2026-09-25,15,economy,,,6412.0,False,06:25,ok,2026-09-10T01:52:47.747860+05:30,2026-09-10_0152IST,airline_direct,IndiGo
BLR,HYD,6E,IndiGo,6E 857,2026-09-25,15,economy,,,6543.0,False,07:05,ok,2026-09-10T01:52:47.747860+05:30,2026-09-10_0152IST,airline_direct,IndiGo
BLR,HYD,6E,IndiGo,6E 6168,2026-09-25,15,economy,,,6543.0,False,17:40,ok,2026-09-10T01:52:47.747860+05:30,2026-09-10_0152IST,airline_direct,IndiGo
BLR,HYD,6E,IndiGo,6E 6753,2026-09-25,15,economy,,,6969.0,False,15:15,ok,2026-09-10T01:52:47.747860+05:30,2026-09-10_0152IST,airline_direct,IndiGo
BLR,HYD,6E,IndiGo,6E 6554,2026-09-25,15,economy,,,6969.0,False,19:15,ok,2026-09-10T01:52:47.747860+05:30,2026-09-10_0152IST,airline_direct,IndiGo
BLR,HYD,6E,IndiGo,6E 6653,2026-09-25,15,economy,,,7432.0,False,12:35,ok,2026-09-10T01:52:47.747860+05:30,2026-09-10_0152IST,airline_direct,IndiGo
BLR,HYD,6E,IndiGo,6E 109,2026-09-25,15,economy,,,7432.0,False,17:00,ok,2026-09-10T01:52:47.747860+05:30,2026-09-10_0152IST,airline_direct,IndiGo
BLR,HYD,6E,IndiGo,6E 6162,2026-09-25,15,economy,,,7432.0,False,18:50,ok,2026-09-10T01:52:47.747860+05:30,2026-09-10_0152IST,airline_direct,IndiGo
BLR,HYD,6E,IndiGo,6E 7737,2026-09-25,15,economy,,,7804.0,False,10:50,ok,2026-09-10T01:52:47.747860+05:30,2026-09-10_0152IST,airline_direct,IndiGo
BLR,HYD,6E,IndiGo,6E 6583,2026-09-25,15,economy,,,8615.0,False,10:40,ok,2026-09-10T01:52:47.747860+05:30,2026-09-10_0152IST,airline_direct,IndiGo
BLR,HYD,6E,IndiGo,6E 7737,2026-09-25,15,economy,,,8950.0,False,10:50,ok,2026-09-10T01:52:47.747860+05:30,2026-09-10_0152IST,airline_direct,IndiGo
BLR,HYD,6E,IndiGo,6E 6269,2026-09-25,15,economy,,,9730.0,False,07:15,ok,2026-09-10T01:52:47.747860+05:30,2026-09-10_0152IST,airline_direct,IndiGo
BLR,HYD,6E,IndiGo,6E 904,2026-09-25,15,economy,,,9730.0,False,10:45,ok,2026-09-10T01:52:47.747860+05:30,2026-09-10_0152IST,airline_direct,IndiGo
BLR,HYD,6E,IndiGo,6E 6017,2026-09-25,15,economy,,,9730.0,False,18:15,ok,2026-09-10T01:52:47.747860+05:30,2026-09-10_0152IST,airline_direct,IndiGo
BLR,HYD,6E,IndiGo,6E 7204,2026-09-25,15,economy,,,10435.0,False,06:50,ok,2026-09-10T01:52:47.747860+05:30,2026-09-10_0152IST,airline_direct,IndiGo
BLR,HYD,6E,IndiGo,6E 7285,2026-09-25,15,economy,,,11326.0,False,06:50,ok,2026-09-10T01:52:47.747860+05:30,2026-09-10_0152IST,airline_direct,IndiGo
BLR,HYD,6E,IndiGo,6E 6653,2026-09-25,15,economy,,,15018.0,False,12:35,ok,2026-09-10T01:52:47.747860+05:30,2026-09-10_0152IST,airline_direct,IndiGo
MAA,DEL,6E,IndiGo,unknown,2026-09-25,15,unknown,,,,False,unknown,error,2026-09-10T01:54:57.396617+05:30,2026-09-10_0154IST,airline_direct,IndiGo
DEL,BOM,6E,IndiGo,error,2026-10-10,30,unknown,,,,False,unknown,error,2026-09-10T01:57:41.758148+05:30,2026-09-10_0157IST,airline_direct,IndiGo
DEL,BLR,6E,IndiGo,error,2026-10-10,30,unknown,,,,False,unknown,error,2026-09-10T01:59:54.471683+05:30,2026-09-10_0159IST,airline_direct,IndiGo
BOM,BLR,6E,IndiGo,error,2026-10-10,30,unknown,,,,False,unknown,error,2026-09-10T02:02:15.456451+05:30,2026-09-10_0202IST,airline_direct,IndiGo
DEL,CCU,6E,IndiGo,error,2026-10-10,30,unknown,,,,False,unknown,error,2026-09-10T02:04:27.832021+05:30,2026-09-10_0204IST,airline_direct,IndiGo
