origin,destination,carrier_code,carrier_name,flight_num,travel_date,advance_purchase_days,fare_class,base_fare,taxes_and_fees,total_fare,fare_split_estimated,departure_time,status,scraped_at,capture_run,source,source_name
DEL,BOM,6E,IndiGo,error,2026-09-11,1,unknown,,,,False,unknown,error,2026-09-10T05:44:41.196206+05:30,2026-09-10_0544IST,airline_direct,IndiGo
DEL,BLR,6E,IndiGo,error,2026-09-11,1,unknown,,,,False,unknown,error,2026-09-10T05:45:34.932337+05:30,2026-09-10_0545IST,airline_direct,IndiGo
BOM,BLR,6E,IndiGo,6E 5294,2026-09-11,1,business,,,22488.0,False,04:30,ok,2026-09-10T05:46:22.125933+05:30,2026-09-10_0546IST,airline_direct,IndiGo
BOM,BLR,6E,IndiGo,6E 5294,2026-09-11,1,economy,,,10862.0,False,04:30,ok,2026-09-10T05:46:22.125933+05:30,2026-09-10_0546IST,airline_direct,IndiGo
BOM,BLR,6E,IndiGo,6E 5296,2026-09-11,1,business,,,22488.0,False,06:30,ok,2026-09-10T05:46:22.125933+05:30,2026-09-10_0546IST,airline_direct,IndiGo
BOM,BLR,6E,IndiGo,6E 5296,2026-09-11,1,economy,,,11787.0,False,06:30,ok,2026-09-10T05:46:22.125933+05:30,2026-09-10_0546IST,airline_direct,IndiGo
BOM,BLR,6E,IndiGo,6E 5193,2026-09-11,1,economy,,,11787.0,False,08:05,ok,2026-09-10T05:46:22.125933+05:30,2026-09-10_0546IST,airline_direct,IndiGo
BOM,BLR,6E,IndiGo,6E 5092,2026-09-11,1,business,,,26688.0,False,09:50,ok,2026-09-10T05:46:22.125933+05:30,2026-09-10_0546IST,airline_direct,IndiGo
BOM,BLR,6E,IndiGo,6E 5092,2026-09-11,1,economy,,,11787.0,False,09:50,ok,2026-09-10T05:46:22.125933+05:30,2026-09-10_0546IST,airline_direct,IndiGo
BOM,BLR,6E,IndiGo,6E 5323,2026-09-11,1,business,,,22488.0,False,01:10,ok,2026-09-10T05:46:22.125933+05:30,2026-09-10_0546IST,airline_direct,IndiGo
BOM,BLR,6E,IndiGo,6E 5323,2026-09-11,1,economy,,,11821.0,False,01:10,ok,2026-09-10T05:46:22.125933+05:30,2026-09-10_0546IST,airline_direct,IndiGo
BOM,BLR,6E,IndiGo,6E 5217,2026-09-11,1,business,,,26688.0,False,11:00,ok,2026-09-10T05:46:22.125933+05:30,2026-09-10_0546IST,airline_direct,IndiGo
BOM,BLR,6E,IndiGo,6E 5217,2026-09-11,1,economy,,,12522.0,False,11:00,ok,2026-09-10T05:46:22.125933+05:30,2026-09-10_0546IST,airline_direct,IndiGo
BOM,BLR,6E,IndiGo,6E 5184,2026-09-11,1,business,,,22488.0,False,12:30,ok,2026-09-10T05:46:22.125933+05:30,2026-09-10_0546IST,airline_direct,IndiGo
BOM,BLR,6E,IndiGo,6E 5184,2026-09-11,1,economy,,,13362.0,False,12:30,ok,2026-09-10T05:46:22.125933+05:30,2026-09-10_0546IST,airline_direct,IndiGo
BOM,BLR,6E,IndiGo,6E 5382,2026-09-11,1,economy,,,15252.0,False,14:30,ok,2026-09-10T05:46:22.125933+05:30,2026-09-10_0546IST,airline_direct,IndiGo
BOM,BLR,6E,IndiGo,6E 5071,2026-09-11,1,business,,,26688.0,False,15:35,ok,2026-09-10T05:46:22.125933+05:30,2026-09-10_0546IST,airline_direct,IndiGo
BOM,BLR,6E,IndiGo,6E 5071,2026-09-11,1,economy,,,19701.0,False,15:35,ok,2026-09-10T05:46:22.125933+05:30,2026-09-10_0546IST,airline_direct,IndiGo
BOM,BLR,6E,IndiGo,6E 5221,2026-09-11,1,business,,,26688.0,False,17:00,ok,2026-09-10T05:46:22.125933+05:30,2026-09-10_0546IST,airline_direct,IndiGo
BOM,BLR,6E,IndiGo,6E 5221,2026-09-11,1,economy,,,19701.0,False,17:00,ok,2026-09-10T05:46:22.125933+05:30,2026-09-10_0546IST,airline_direct,IndiGo
BOM,BLR,6E,IndiGo,6E 5047,2026-09-11,1,business,,,26688.0,False,18:30,ok,2026-09-10T05:46:22.125933+05:30,2026-09-10_0546IST,airline_direct,IndiGo
BOM,BLR,6E,IndiGo,6E 5047,2026-09-11,1,economy,,,19701.0,False,18:30,ok,2026-09-10T05:46:22.125933+05:30,2026-09-10_0546IST,airline_direct,IndiGo
BOM,BLR,6E,IndiGo,6E 5032,2026-09-11,1,business,,,31148.0,False,19:55,ok,2026-09-10T05:46:22.125933+05:30,2026-09-10_0546IST,airline_direct,IndiGo
BOM,BLR,6E,IndiGo,6E 6188,2026-09-11,1,business,,,31148.0,False,21:30,ok,2026-09-10T05:46:22.125933+05:30,2026-09-10_0546IST,airline_direct,IndiGo
BOM,BLR,6E,IndiGo,6E 5388,2026-09-11,1,business,,,31148.0,False,22:20,ok,2026-09-10T05:46:22.125933+05:30,2026-09-10_0546IST,airline_direct,IndiGo
BOM,BLR,6E,IndiGo,6E 6701,2026-09-11,1,economy,,,12421.0,False,05:35,ok,2026-09-10T05:46:22.125933+05:30,2026-09-10_0546IST,airline_direct,IndiGo
BOM,BLR,6E,IndiGo,6E 6701,2026-09-11,1,economy,,,12421.0,False,05:35,ok,2026-09-10T05:46:22.125933+05:30,2026-09-10_0546IST,airline_direct,IndiGo
BOM,BLR,6E,IndiGo,6E 911,2026-09-11,1,economy,,,13489.0,False,01:30,ok,2026-09-10T05:46:22.125933+05:30,2026-09-10_0546IST,airline_direct,IndiGo
BOM,BLR,6E,IndiGo,6E 632,2026-09-11,1,economy,,,13489.0,False,04:00,ok,2026-09-10T05:46:22.125933+05:30,2026-09-10_0546IST,airline_direct,IndiGo
BOM,BLR,6E,IndiGo,6E 5188,2026-09-11,1,economy,,,13489.0,False,06:15,ok,2026-09-10T05:46:22.125933+05:30,2026-09-10_0546IST,airline_direct,IndiGo
BOM,BLR,6E,IndiGo,6E 673,2026-09-11,1,economy,,,13489.0,False,12:30,ok,2026-09-10T05:46:22.125933+05:30,2026-09-10_0546IST,airline_direct,IndiGo
BOM,BLR,6E,IndiGo,6E 6701,2026-09-11,1,economy,,,14181.0,False,05:35,ok,2026-09-10T05:46:22.125933+05:30,2026-09-10_0546IST,airline_direct,IndiGo
BOM,BLR,6E,IndiGo,6E 6361,2026-09-11,1,economy,,,14322.0,False,05:00,ok,2026-09-10T05:46:22.125933+05:30,2026-09-10_0546IST,airline_direct,IndiGo
BOM,BLR,6E,IndiGo,6E 5109,2026-09-11,1,economy,,,14663.0,False,09:35,ok,2026-09-10T05:46:22.125933+05:30,2026-09-10_0546IST,airline_direct,IndiGo
BOM,BLR,6E,IndiGo,6E 261,2026-09-11,1,economy,,,15612.0,False,11:20,ok,2026-09-10T05:46:22.125933+05:30,2026-09-10_0546IST,airline_direct,IndiGo
BOM,BLR,6E,IndiGo,6E 5241,2026-09-11,1,economy,,,15612.0,False,16:40,ok,2026-09-10T05:46:22.125933+05:30,2026-09-10_0546IST,airline_direct,IndiGo
BOM,BLR,6E,IndiGo,6E 5241,2026-09-11,1,economy,,,15612.0,False,16:40,ok,2026-09-10T05:46:22.125933+05:30,2026-09-10_0546IST,airline_direct,IndiGo
BOM,BLR,6E,IndiGo,6E 5126,2026-09-11,1,economy,,,15954.0,False,18:15,ok,2026-09-10T05:46:22.125933+05:30,2026-09-10_0546IST,airline_direct,IndiGo
BOM,BLR,6E,IndiGo,6E 2237,2026-09-11,1,economy,,,15954.0,False,18:40,ok,2026-09-10T05:46:22.125933+05:30,2026-09-10_0546IST,airline_direct,IndiGo
BOM,BLR,6E,IndiGo,6E 6137,2026-09-11,1,economy,,,15954.0,False,23:00,ok,2026-09-10T05:46:22.125933+05:30,2026-09-10_0546IST,airline_direct,IndiGo
BOM,BLR,6E,IndiGo,6E 6187,2026-09-11,1,economy,,,16508.0,False,00:30,ok,2026-09-10T05:46:22.125933+05:30,2026-09-10_0546IST,airline_direct,IndiGo
BOM,BLR,6E,IndiGo,6E 6802,2026-09-11,1,economy,,,17127.0,False,16:55,ok,2026-09-10T05:46:22.125933+05:30,2026-09-10_0546IST,airline_direct,IndiGo
BOM,BLR,6E,IndiGo,6E 240,2026-09-11,1,economy,,,17237.0,False,15:45,ok,2026-09-10T05:46:22.125933+05:30,2026-09-10_0546IST,airline_direct,IndiGo
BOM,BLR,6E,IndiGo,6E 5201,2026-09-11,1,economy,,,17373.0,False,14:55,ok,2026-09-10T05:46:22.125933+05:30,2026-09-10_0546IST,airline_direct,IndiGo
BOM,BLR,6E,IndiGo,6E 5107,2026-09-11,1,economy,,,17373.0,False,20:00,ok,2026-09-10T05:46:22.125933+05:30,2026-09-10_0546IST,airline_direct,IndiGo
BOM,BLR,6E,IndiGo,6E 5188,2026-09-11,1,economy,,,17645.0,False,06:15,ok,2026-09-10T05:46:22.125933+05:30,2026-09-10_0546IST,airline_direct,IndiGo
BOM,BLR,6E,IndiGo,6E 6057,2026-09-11,1,economy,,,18206.0,False,09:15,ok,2026-09-10T05:46:22.125933+05:30,2026-09-10_0546IST,airline_direct,IndiGo
BOM,BLR,6E,IndiGo,6E 5313,2026-09-11,1,economy,,,18386.0,False,09:50,ok,2026-09-10T05:46:22.125933+05:30,2026-09-10_0546IST,airline_direct,IndiGo
BOM,BLR,6E,IndiGo,6E 6674,2026-09-11,1,economy,,,18716.0,False,09:05,ok,2026-09-10T05:46:22.125933+05:30,2026-09-10_0546IST,airline_direct,IndiGo
BOM,BLR,6E,IndiGo,6E 2011,2026-09-11,1,economy,,,19922.0,False,13:35,ok,2026-09-10T05:46:22.125933+05:30,2026-09-10_0546IST,airline_direct,IndiGo
BOM,BLR,6E,IndiGo,6E 5246,2026-09-11,1,economy,,,20529.0,False,07:15,ok,2026-09-10T05:46:22.125933+05:30,2026-09-10_0546IST,airline_direct,IndiGo
BOM,BLR,6E,IndiGo,6E 5318,2026-09-11,1,economy,,,20529.0,False,10:15,ok,2026-09-10T05:46:22.125933+05:30,2026-09-10_0546IST,airline_direct,IndiGo
BOM,BLR,6E,IndiGo,6E 5178,2026-09-11,1,economy,,,20529.0,False,11:45,ok,2026-09-10T05:46:22.125933+05:30,2026-09-10_0546IST,airline_direct,IndiGo
BOM,BLR,6E,IndiGo,6E 6599,2026-09-11,1,economy,,,21277.0,False,16:50,ok,2026-09-10T05:46:22.125933+05:30,2026-09-10_0546IST,airline_direct,IndiGo
BOM,BLR,6E,IndiGo,6E 673,2026-09-11,1,economy,,,21996.0,False,12:30,ok,2026-09-10T05:46:22.125933+05:30,2026-09-10_0546IST,airline_direct,IndiGo
BOM,BLR,6E,IndiGo,6E 5318,2026-09-11,1,economy,,,22852.0,False,10:15,ok,2026-09-10T05:46:22.125933+05:30,2026-09-10_0546IST,airline_direct,IndiGo
BOM,BLR,6E,IndiGo,6E 5318,2026-09-11,1,economy,,,22852.0,False,10:15,ok,2026-09-10T05:46:22.125933+05:30,2026-09-10_0546IST,airline_direct,IndiGo
BOM,BLR,6E,IndiGo,6E 5178,2026-09-11,1,economy,,,22852.0,False,11:45,ok,2026-09-10T05:46:22.125933+05:30,2026-09-10_0546IST,airline_direct,IndiGo
BOM,BLR,6E,IndiGo,6E 5178,2026-09-11,1,economy,,,22852.0,False,11:45,ok,2026-09-10T05:46:22.125933+05:30,2026-09-10_0546IST,airline_direct,IndiGo
BOM,BLR,6E,IndiGo,6E 5178,2026-09-11,1,economy,,,22852.0,False,11:45,ok,2026-09-10T05:46:22.125933+05:30,2026-09-10_0546IST,airline_direct,IndiGo
BOM,BLR,6E,IndiGo,6E 5313,2026-09-11,1,economy,,,23105.0,False,09:50,ok,2026-09-10T05:46:22.125933+05:30,2026-09-10_0546IST,airline_direct,IndiGo
BOM,BLR,6E,IndiGo,6E 6349,2026-09-11,1,economy,,,23105.0,False,11:40,ok,2026-09-10T05:46:22.125933+05:30,2026-09-10_0546IST,airline_direct,IndiGo
BOM,BLR,6E,IndiGo,6E 437,2026-09-11,1,economy,,,23920.0,False,17:10,ok,2026-09-10T05:46:22.125933+05:30,2026-09-10_0546IST,airline_direct,IndiGo
BOM,BLR,6E,IndiGo,6E 5123,2026-09-11,1,economy,,,24742.0,False,14:40,ok,2026-09-10T05:46:22.125933+05:30,2026-09-10_0546IST,airline_direct,IndiGo
BOM,BLR,6E,IndiGo,6E 5386,2026-09-11,1,economy,,,24952.0,False,15:10,ok,2026-09-10T05:46:22.125933+05:30,2026-09-10_0546IST,airline_direct,IndiGo
BOM,BLR,6E,IndiGo,6E 5386,2026-09-11,1,economy,,,24952.0,False,15:10,ok,2026-09-10T05:46:22.125933+05:30,2026-09-10_0546IST,airline_direct,IndiGo
BOM,BLR,6E,IndiGo,6E 5386,2026-09-11,1,economy,,,24952.0,False,15:10,ok,2026-09-10T05:46:22.125933+05:30,2026-09-10_0546IST,airline_direct,IndiGo
BOM,BLR,6E,IndiGo,6E 5386,2026-09-11,1,economy,,,24952.0,False,15:10,ok,2026-09-10T05:46:22.125933+05:30,2026-09-10_0546IST,airline_direct,IndiGo
BOM,BLR,6E,IndiGo,6E 5337,2026-09-11,1,economy,,,25375.0,False,13:45,ok,2026-09-10T05:46:22.125933+05:30,2026-09-10_0546IST,airline_direct,IndiGo
BOM,BLR,6E,IndiGo,6E 5228,2026-09-11,1,economy,,,25792.0,False,16:45,ok,2026-09-10T05:46:22.125933+05:30,2026-09-10_0546IST,airline_direct,IndiGo
BOM,BLR,6E,IndiGo,6E 5228,2026-09-11,1,economy,,,25792.0,False,16:45,ok,2026-09-10T05:46:22.125933+05:30,2026-09-10_0546IST,airline_direct,IndiGo
BOM,BLR,6E,IndiGo,6E 5196,2026-09-11,1,economy,,,27031.0,False,15:25,ok,2026-09-10T05:46:22.125933+05:30,2026-09-10_0546IST,airline_direct,IndiGo
BOM,BLR,6E,IndiGo,6E 5048,2026-09-11,1,economy,,,32400.0,False,17:25,ok,2026-09-10T05:46:22.125933+05:30,2026-09-10_0546IST,airline_direct,IndiGo
DEL,CCU,6E,IndiGo,6E 5191,2026-09-11,1,business,,,26140.0,False,05:00,ok,2026-09-10T05:47:21.351245+05:30,2026-09-10_0547IST,airline_direct,IndiGo
DEL,CCU,6E,IndiGo,6E 5191,2026-09-11,1,economy,,,8703.0,False,05:00,ok,2026-09-10T05:47:21.351245+05:30,2026-09-10_0547IST,airline_direct,IndiGo
DEL,CCU,6E,IndiGo,6E 340,2026-09-11,1,business,,,26140.0,False,07:20,ok,2026-09-10T05:47:21.351245+05:30,2026-09-10_0547IST,airline_direct,IndiGo
DEL,CCU,6E,IndiGo,6E 340,2026-09-11,1,economy,,,8703.0,False,07:20,ok,2026-09-10T05:47:21.351245+05:30,2026-09-10_0547IST,airline_direct,IndiGo
DEL,CCU,6E,IndiGo,6E 897,2026-09-11,1,business,,,26140.0,False,12:45,ok,2026-09-10T05:47:21.351245+05:30,2026-09-10_0547IST,airline_direct,IndiGo
DEL,CCU,6E,IndiGo,6E 897,2026-09-11,1,economy,,,8703.0,False,12:45,ok,2026-09-10T05:47:21.351245+05:30,2026-09-10_0547IST,airline_direct,IndiGo
DEL,CCU,6E,IndiGo,6E 910,2026-09-11,1,business,,,26140.0,False,14:25,ok,2026-09-10T05:47:21.351245+05:30,2026-09-10_0547IST,airline_direct,IndiGo
DEL,CCU,6E,IndiGo,6E 910,2026-09-11,1,economy,,,8703.0,False,14:25,ok,2026-09-10T05:47:21.351245+05:30,2026-09-10_0547IST,airline_direct,IndiGo
DEL,CCU,6E,IndiGo,6E 247,2026-09-11,1,business,,,26140.0,False,23:30,ok,2026-09-10T05:47:21.351245+05:30,2026-09-10_0547IST,airline_direct,IndiGo
DEL,CCU,6E,IndiGo,6E 247,2026-09-11,1,economy,,,8703.0,False,23:30,ok,2026-09-10T05:47:21.351245+05:30,2026-09-10_0547IST,airline_direct,IndiGo
DEL,CCU,6E,IndiGo,6E 513,2026-09-11,1,business,,,26140.0,False,08:30,ok,2026-09-10T05:47:21.351245+05:30,2026-09-10_0547IST,airline_direct,IndiGo
DEL,CCU,6E,IndiGo,6E 513,2026-09-11,1,economy,,,8965.0,False,08:30,ok,2026-09-10T05:47:21.351245+05:30,2026-09-10_0547IST,airline_direct,IndiGo
DEL,CCU,6E,IndiGo,6E 6415,2026-09-11,1,business,,,26140.0,False,16:00,ok,2026-09-10T05:47:21.351245+05:30,2026-09-10_0547IST,airline_direct,IndiGo
DEL,CCU,6E,IndiGo,6E 6415,2026-09-11,1,economy,,,8965.0,False,16:00,ok,2026-09-10T05:47:21.351245+05:30,2026-09-10_0547IST,airline_direct,IndiGo
DEL,CCU,6E,IndiGo,6E 389,2026-09-11,1,business,,,26140.0,False,21:50,ok,2026-09-10T05:47:21.351245+05:30,2026-09-10_0547IST,airline_direct,IndiGo
DEL,CCU,6E,IndiGo,6E 389,2026-09-11,1,economy,,,8965.0,False,21:50,ok,2026-09-10T05:47:21.351245+05:30,2026-09-10_0547IST,airline_direct,IndiGo
DEL,CCU,6E,IndiGo,6E 894,2026-09-11,1,business,,,29680.0,False,10:15,ok,2026-09-10T05:47:21.351245+05:30,2026-09-10_0547IST,airline_direct,IndiGo
DEL,CCU,6E,IndiGo,6E 894,2026-09-11,1,economy,,,9280.0,False,10:15,ok,2026-09-10T05:47:21.351245+05:30,2026-09-10_0547IST,airline_direct,IndiGo
DEL,CCU,6E,IndiGo,6E 2276,2026-09-11,1,business,,,29680.0,False,17:55,ok,2026-09-10T05:47:21.351245+05:30,2026-09-10_0547IST,airline_direct,IndiGo
DEL,CCU,6E,IndiGo,6E 2276,2026-09-11,1,economy,,,9280.0,False,17:55,ok,2026-09-10T05:47:21.351245+05:30,2026-09-10_0547IST,airline_direct,IndiGo
DEL,CCU,6E,IndiGo,6E 6517,2026-09-11,1,business,,,29680.0,False,19:30,ok,2026-09-10T05:47:21.351245+05:30,2026-09-10_0547IST,airline_direct,IndiGo
DEL,CCU,6E,IndiGo,6E 6517,2026-09-11,1,economy,,,11643.0,False,19:30,ok,2026-09-10T05:47:21.351245+05:30,2026-09-10_0547IST,airline_direct,IndiGo
DEL,CCU,6E,IndiGo,6E 2361,2026-09-11,1,economy,,,7500.0,False,14:35,ok,2026-09-10T05:47:21.351245+05:30,2026-09-10_0547IST,airline_direct,IndiGo
DEL,CCU,6E,IndiGo,6E 5298,2026-09-11,1,economy,,,7578.0,False,09:00,ok,2026-09-10T05:47:21.351245+05:30,2026-09-10_0547IST,airline_direct,IndiGo
DEL,CCU,6E,IndiGo,6E 5033,2026-09-11,1,economy,,,7578.0,False,15:50,ok,2026-09-10T05:47:21.351245+05:30,2026-09-10_0547IST,airline_direct,IndiGo
DEL,CCU,6E,IndiGo,6E 6503,2026-09-11,1,economy,,,7893.0,False,13:25,ok,2026-09-10T05:47:21.351245+05:30,2026-09-10_0547IST,airline_direct,IndiGo
DEL,CCU,6E,IndiGo,6E 6503,2026-09-11,1,economy,,,7893.0,False,13:25,ok,2026-09-10T05:47:21.351245+05:30,2026-09-10_0547IST,airline_direct,IndiGo
DEL,CCU,6E,IndiGo,6E 2331,2026-09-11,1,economy,,,7920.0,False,12:20,ok,2026-09-10T05:47:21.351245+05:30,2026-09-10_0547IST,airline_direct,IndiGo
DEL,CCU,6E,IndiGo,6E 5073,2026-09-11,1,economy,,,7920.0,False,17:05,ok,2026-09-10T05:47:21.351245+05:30,2026-09-10_0547IST,airline_direct,IndiGo
DEL,CCU,6E,IndiGo,6E 6371,2026-09-11,1,economy,,,8025.0,False,06:20,ok,2026-09-10T05:47:21.351245+05:30,2026-09-10_0547IST,airline_direct,IndiGo
DEL,CCU,6E,IndiGo,6E 6551,2026-09-11,1,economy,,,8025.0,False,12:00,ok,2026-09-10T05:47:21.351245+05:30,2026-09-10_0547IST,airline_direct,IndiGo
DEL,CCU,6E,IndiGo,6E 2203,2026-09-11,1,economy,,,8290.0,False,04:45,ok,2026-09-10T05:47:21.351245+05:30,2026-09-10_0547IST,airline_direct,IndiGo
DEL,CCU,6E,IndiGo,6E 5215,2026-09-11,1,economy,,,8290.0,False,07:45,ok,2026-09-10T05:47:21.351245+05:30,2026-09-10_0547IST,airline_direct,IndiGo
DEL,CCU,6E,IndiGo,6E 203,2026-09-11,1,business,,,35200.0,False,07:10,ok,2026-09-10T05:47:21.351245+05:30,2026-09-10_0547IST,airline_direct,IndiGo
DEL,CCU,6E,IndiGo,6E 203,2026-09-11,1,economy,,,8527.0,False,07:10,ok,2026-09-10T05:47:21.351245+05:30,2026-09-10_0547IST,airline_direct,IndiGo
DEL,CCU,6E,IndiGo,6E 882,2026-09-11,1,business,,,33334.0,False,23:15,ok,2026-09-10T05:47:21.351245+05:30,2026-09-10_0547IST,airline_direct,IndiGo
DEL,CCU,6E,IndiGo,6E 882,2026-09-11,1,economy,,,8527.0,False,23:15,ok,2026-09-10T05:47:21.351245+05:30,2026-09-10_0547IST,airline_direct,IndiGo
DEL,CCU,6E,IndiGo,6E 5041,2026-09-11,1,economy,,,8958.0,False,15:10,ok,2026-09-10T05:47:21.351245+05:30,2026-09-10_0547IST,airline_direct,IndiGo
DEL,CCU,6E,IndiGo,6E 705,2026-09-11,1,business,,,33806.0,False,08:30,ok,2026-09-10T05:47:21.351245+05:30,2026-09-10_0547IST,airline_direct,IndiGo
DEL,CCU,6E,IndiGo,6E 705,2026-09-11,1,economy,,,9194.0,False,08:30,ok,2026-09-10T05:47:21.351245+05:30,2026-09-10_0547IST,airline_direct,IndiGo
DEL,CCU,6E,IndiGo,6E 884,2026-09-11,1,business,,,35104.0,False,11:45,ok,2026-09-10T05:47:21.351245+05:30,2026-09-10_0547IST,airline_direct,IndiGo
DEL,CCU,6E,IndiGo,6E 884,2026-09-11,1,economy,,,9194.0,False,11:45,ok,2026-09-10T05:47:21.351245+05:30,2026-09-10_0547IST,airline_direct,IndiGo
DEL,CCU,6E,IndiGo,6E 6282,2026-09-11,1,business,,,35104.0,False,13:30,ok,2026-09-10T05:47:21.351245+05:30,2026-09-10_0547IST,airline_direct,IndiGo
DEL,CCU,6E,IndiGo,6E 6282,2026-09-11,1,economy,,,9194.0,False,13:30,ok,2026-09-10T05:47:21.351245+05:30,2026-09-10_0547IST,airline_direct,IndiGo
DEL,CCU,6E,IndiGo,6E 2341,2026-09-11,1,economy,,,9194.0,False,14:50,ok,2026-09-10T05:47:21.351245+05:30,2026-09-10_0547IST,airline_direct,IndiGo
DEL,CCU,6E,IndiGo,6E 6124,2026-09-11,1,economy,,,9261.0,False,07:30,ok,2026-09-10T05:47:21.351245+05:30,2026-09-10_0547IST,airline_direct,IndiGo
DEL,CCU,6E,IndiGo,6E 5307,2026-09-11,1,economy,,,9261.0,False,10:50,ok,2026-09-10T05:47:21.351245+05:30,2026-09-10_0547IST,airline_direct,IndiGo
DEL,CCU,6E,IndiGo,6E 6312,2026-09-11,1,economy,,,9508.0,False,14:25,ok,2026-09-10T05:47:21.351245+05:30,2026-09-10_0547IST,airline_direct,IndiGo
DEL,CCU,6E,IndiGo,6E 734,2026-09-11,1,economy,,,9508.0,False,16:20,ok,2026-09-10T05:47:21.351245+05:30,2026-09-10_0547IST,airline_direct,IndiGo
DEL,CCU,6E,IndiGo,6E 6293,2026-09-11,1,business,,,33806.0,False,09:55,ok,2026-09-10T05:47:21.351245+05:30,2026-09-10_0547IST,airline_direct,IndiGo
DEL,CCU,6E,IndiGo,6E 6293,2026-09-11,1,economy,,,9928.0,False,09:55,ok,2026-09-10T05:47:21.351245+05:30,2026-09-10_0547IST,airline_direct,IndiGo
DEL,CCU,6E,IndiGo,6E 6293,2026-09-11,1,business,,,35104.0,False,09:55,ok,2026-09-10T05:47:21.351245+05:30,2026-09-10_0547IST,airline_direct,IndiGo
DEL,CCU,6E,IndiGo,6E 6293,2026-09-11,1,economy,,,9928.0,False,09:55,ok,2026-09-10T05:47:21.351245+05:30,2026-09-10_0547IST,airline_direct,IndiGo
DEL,CCU,6E,IndiGo,6E 6190,2026-09-11,1,economy,,,10011.0,False,07:40,ok,2026-09-10T05:47:21.351245+05:30,2026-09-10_0547IST,airline_direct,IndiGo
DEL,CCU,6E,IndiGo,6E 6312,2026-09-11,1,economy,,,10315.0,False,14:25,ok,2026-09-10T05:47:21.351245+05:30,2026-09-10_0547IST,airline_direct,IndiGo
DEL,CCU,6E,IndiGo,6E 6212,2026-09-11,1,business,,,38644.0,False,14:45,ok,2026-09-10T05:47:21.351245+05:30,2026-09-10_0547IST,airline_direct,IndiGo
DEL,CCU,6E,IndiGo,6E 6212,2026-09-11,1,economy,,,10735.0,False,14:45,ok,2026-09-10T05:47:21.351245+05:30,2026-09-10_0547IST,airline_direct,IndiGo
DEL,CCU,6E,IndiGo,6E 6236,2026-09-11,1,economy,,,11070.0,False,16:20,ok,2026-09-10T05:47:21.351245+05:30,2026-09-10_0547IST,airline_direct,IndiGo
DEL,CCU,6E,IndiGo,6E 5036,2026-09-11,1,economy,,,11201.0,False,08:00,ok,2026-09-10T05:47:21.351245+05:30,2026-09-10_0547IST,airline_direct,IndiGo
DEL,CCU,6E,IndiGo,6E 6190,2026-09-11,1,economy,,,11250.0,False,07:40,ok,2026-09-10T05:47:21.351245+05:30,2026-09-10_0547IST,airline_direct,IndiGo
DEL,CCU,6E,IndiGo,6E 5038,2026-09-11,1,economy,,,11280.0,False,14:00,ok,2026-09-10T05:47:21.351245+05:30,2026-09-10_0547IST,airline_direct,IndiGo
DEL,CCU,6E,IndiGo,6E 6282,2026-09-11,1,business,,,38644.0,False,13:30,ok,2026-09-10T05:47:21.351245+05:30,2026-09-10_0547IST,airline_direct,IndiGo
DEL,CCU,6E,IndiGo,6E 6282,2026-09-11,1,economy,,,11621.0,False,13:30,ok,2026-09-10T05:47:21.351245+05:30,2026-09-10_0547IST,airline_direct,IndiGo
DEL,CCU,6E,IndiGo,6E 2453,2026-09-11,1,economy,,,12044.0,False,13:35,ok,2026-09-10T05:47:21.351245+05:30,2026-09-10_0547IST,airline_direct,IndiGo
DEL,CCU,6E,IndiGo,6E 6053,2026-09-11,1,economy,,,12254.0,False,13:05,ok,2026-09-10T05:47:21.351245+05:30,2026-09-10_0547IST,airline_direct,IndiGo
DEL,CCU,6E,IndiGo,6E 2341,2026-09-11,1,economy,,,12595.0,False,14:50,ok,2026-09-10T05:47:21.351245+05:30,2026-09-10_0547IST,airline_direct,IndiGo
DEL,CCU,6E,IndiGo,6E 5215,2026-09-11,1,economy,,,13431.0,False,07:45,ok,2026-09-10T05:47:21.351245+05:30,2026-09-10_0547IST,airline_direct,IndiGo
DEL,CCU,6E,IndiGo,6E 5119,2026-09-11,1,economy,,,13667.0,False,05:10,ok,2026-09-10T05:47:21.351245+05:30,2026-09-10_0547IST,airline_direct,IndiGo
DEL,CCU,6E,IndiGo,6E 6217,2026-09-11,1,business,,,38644.0,False,16:15,ok,2026-09-10T05:47:21.351245+05:30,2026-09-10_0547IST,airline_direct,IndiGo
DEL,CCU,6E,IndiGo,6E 6217,2026-09-11,1,economy,,,13667.0,False,16:15,ok,2026-09-10T05:47:21.351245+05:30,2026-09-10_0547IST,airline_direct,IndiGo
DEL,CCU,6E,IndiGo,6E 2373,2026-09-11,1,economy,,,14294.0,False,11:10,ok,2026-09-10T05:47:21.351245+05:30,2026-09-10_0547IST,airline_direct,IndiGo
DEL,CCU,6E,IndiGo,6E 5041,2026-09-11,1,economy,,,14856.0,False,15:10,ok,2026-09-10T05:47:21.351245+05:30,2026-09-10_0547IST,airline_direct,IndiGo
DEL,CCU,6E,IndiGo,6E 2614,2026-09-11,1,economy,,,15799.0,False,14:40,ok,2026-09-10T05:47:21.351245+05:30,2026-09-10_0547IST,airline_direct,IndiGo
DEL,CCU,6E,IndiGo,6E 6829,2026-09-11,1,economy,,,15930.0,False,17:20,ok,2026-09-10T05:47:21.351245+05:30,2026-09-10_0547IST,airline_direct,IndiGo
DEL,CCU,6E,IndiGo,6E 203,2026-09-11,1,business,,,35200.0,False,07:10,ok,2026-09-10T05:47:21.351245+05:30,2026-09-10_0547IST,airline_direct,IndiGo
DEL,CCU,6E,IndiGo,6E 203,2026-09-11,1,economy,,,16140.0,False,07:10,ok,2026-09-10T05:47:21.351245+05:30,2026-09-10_0547IST,airline_direct,IndiGo
DEL,CCU,6E,IndiGo,6E 6245,2026-09-11,1,economy,,,17012.0,False,06:20,ok,2026-09-10T05:47:21.351245+05:30,2026-09-10_0547IST,airline_direct,IndiGo
DEL,CCU,6E,IndiGo,6E 2259,2026-09-11,1,economy,,,17222.0,False,12:20,ok,2026-09-10T05:47:21.351245+05:30,2026-09-10_0547IST,airline_direct,IndiGo
DEL,CCU,6E,IndiGo,6E 705,2026-09-11,1,business,,,33806.0,False,08:30,ok,2026-09-10T05:47:21.351245+05:30,2026-09-10_0547IST,airline_direct,IndiGo
DEL,CCU,6E,IndiGo,6E 705,2026-09-11,1,economy,,,17563.0,False,08:30,ok,2026-09-10T05:47:21.351245+05:30,2026-09-10_0547IST,airline_direct,IndiGo
DEL,CCU,6E,IndiGo,6E 2614,2026-09-11,1,economy,,,18534.0,False,14:40,ok,2026-09-10T05:47:21.351245+05:30,2026-09-10_0547IST,airline_direct,IndiGo
DEL,CCU,6E,IndiGo,6E 717,2026-09-11,1,business,,,38644.0,False,17:55,ok,2026-09-10T05:47:21.351245+05:30,2026-09-10_0547IST,airline_direct,IndiGo
DEL,CCU,6E,IndiGo,6E 717,2026-09-11,1,economy,,,21064.0,False,17:55,ok,2026-09-10T05:47:21.351245+05:30,2026-09-10_0547IST,airline_direct,IndiGo
BLR,HYD,6E,IndiGo,6E 6404,2026-09-11,1,economy,,,12416.0,False,11:35,ok,2026-09-10T05:48:14.728272+05:30,2026-09-10_0548IST,airline_direct,IndiGo
BLR,HYD,6E,IndiGo,6E 537,2026-09-11,1,economy,,,13589.0,False,10:15,ok,2026-09-10T05:48:14.728272+05:30,2026-09-10_0548IST,airline_direct,IndiGo
BLR,HYD,6E,IndiGo,6E 6067,2026-09-11,1,economy,,,13589.0,False,16:30,ok,2026-09-10T05:48:14.728272+05:30,2026-09-10_0548IST,airline_direct,IndiGo
BLR,HYD,6E,IndiGo,6E 312,2026-09-11,1,economy,,,16310.0,False,09:15,ok,2026-09-10T05:48:14.728272+05:30,2026-09-10_0548IST,airline_direct,IndiGo
BLR,HYD,6E,IndiGo,6E 6178,2026-09-11,1,economy,,,17886.0,False,06:25,ok,2026-09-10T05:48:14.728272+05:30,2026-09-10_0548IST,airline_direct,IndiGo
BLR,HYD,6E,IndiGo,6E 484,2026-09-11,1,economy,,,17886.0,False,08:15,ok,2026-09-10T05:48:14.728272+05:30,2026-09-10_0548IST,airline_direct,IndiGo
BLR,HYD,6E,IndiGo,6E 638,2026-09-11,1,economy,,,17886.0,False,18:35,ok,2026-09-10T05:48:14.728272+05:30,2026-09-10_0548IST,airline_direct,IndiGo
BLR,HYD,6E,IndiGo,6E 6784,2026-09-11,1,economy,,,17886.0,False,21:30,ok,2026-09-10T05:48:14.728272+05:30,2026-09-10_0548IST,airline_direct,IndiGo
BLR,HYD,6E,IndiGo,6E 6336,2026-09-11,1,economy,,,6402.0,False,12:40,ok,2026-09-10T05:48:14.728272+05:30,2026-09-10_0548IST,airline_direct,IndiGo
BLR,HYD,6E,IndiGo,6E 6445,2026-09-11,1,economy,,,6724.0,False,10:25,ok,2026-09-10T05:48:14.728272+05:30,2026-09-10_0548IST,airline_direct,IndiGo
BLR,HYD,6E,IndiGo,6E 7204,2026-09-11,1,economy,,,7221.0,False,06:50,ok,2026-09-10T05:48:14.728272+05:30,2026-09-10_0548IST,airline_direct,IndiGo
BLR,HYD,6E,IndiGo,6E 7227,2026-09-11,1,economy,,,8238.0,False,06:25,ok,2026-09-10T05:48:14.728272+05:30,2026-09-10_0548IST,airline_direct,IndiGo
BLR,HYD,6E,IndiGo,6E 857,2026-09-11,1,economy,,,8369.0,False,07:05,ok,2026-09-10T05:48:14.728272+05:30,2026-09-10_0548IST,airline_direct,IndiGo
BLR,HYD,6E,IndiGo,6E 6208,2026-09-11,1,economy,,,8369.0,False,12:45,ok,2026-09-10T05:48:14.728272+05:30,2026-09-10_0548IST,airline_direct,IndiGo
BLR,HYD,6E,IndiGo,6E 6542,2026-09-11,1,economy,,,8369.0,False,13:10,ok,2026-09-10T05:48:14.728272+05:30,2026-09-10_0548IST,airline_direct,IndiGo
BLR,HYD,6E,IndiGo,6E 6753,2026-09-11,1,economy,,,8369.0,False,15:15,ok,2026-09-10T05:48:14.728272+05:30,2026-09-10_0548IST,airline_direct,IndiGo
BLR,HYD,6E,IndiGo,6E 763,2026-09-11,1,economy,,,9030.0,False,07:05,ok,2026-09-10T05:48:14.728272+05:30,2026-09-10_0548IST,airline_direct,IndiGo
BLR,HYD,6E,IndiGo,6E 763,2026-09-11,1,economy,,,9030.0,False,07:05,ok,2026-09-10T05:48:14.728272+05:30,2026-09-10_0548IST,airline_direct,IndiGo
BLR,HYD,6E,IndiGo,6E 7005,2026-09-11,1,economy,,,9030.0,False,08:05,ok,2026-09-10T05:48:14.728272+05:30,2026-09-10_0548IST,airline_direct,IndiGo
BLR,HYD,6E,IndiGo,6E 7005,2026-09-11,1,economy,,,9030.0,False,08:05,ok,2026-09-10T05:48:14.728272+05:30,2026-09-10_0548IST,airline_direct,IndiGo
BLR,HYD,6E,IndiGo,6E 6653,2026-09-11,1,economy,,,9756.0,False,12:35,ok,2026-09-10T05:48:14.728272+05:30,2026-09-10_0548IST,airline_direct,IndiGo
BLR,HYD,6E,IndiGo,6E 6208,2026-09-11,1,economy,,,9756.0,False,12:45,ok,2026-09-10T05:48:14.728272+05:30,2026-09-10_0548IST,airline_direct,IndiGo
BLR,HYD,6E,IndiGo,6E 6336,2026-09-11,1,economy,,,10811.0,False,12:40,ok,2026-09-10T05:48:14.728272+05:30,2026-09-10_0548IST,airline_direct,IndiGo
BLR,HYD,6E,IndiGo,6E 6269,2026-09-11,1,economy,,,11748.0,False,07:15,ok,2026-09-10T05:48:14.728272+05:30,2026-09-10_0548IST,airline_direct,IndiGo
BLR,HYD,6E,IndiGo,6E 7737,2026-09-11,1,economy,,,12265.0,False,10:50,ok,2026-09-10T05:48:14.728272+05:30,2026-09-10_0548IST,airline_direct,IndiGo
BLR,HYD,6E,IndiGo,6E 6269,2026-09-11,1,economy,,,13248.0,False,07:15,ok,2026-09-10T05:48:14.728272+05:30,2026-09-10_0548IST,airline_direct,IndiGo
BLR,HYD,6E,IndiGo,6E 857,2026-09-11,1,economy,,,13456.0,False,07:05,ok,2026-09-10T05:48:14.728272+05:30,2026-09-10_0548IST,airline_direct,IndiGo
BLR,HYD,6E,IndiGo,6E 904,2026-09-11,1,economy,,,14181.0,False,10:45,ok,2026-09-10T05:48:14.728272+05:30,2026-09-10_0548IST,airline_direct,IndiGo
BLR,HYD,6E,IndiGo,6E 7204,2026-09-11,1,economy,,,14882.0,False,06:50,ok,2026-09-10T05:48:14.728272+05:30,2026-09-10_0548IST,airline_direct,IndiGo
BLR,HYD,6E,IndiGo,6E 7285,2026-09-11,1,economy,,,16486.0,False,06:50,ok,2026-09-10T05:48:14.728272+05:30,2026-09-10_0548IST,airline_direct,IndiGo
BLR,HYD,6E,IndiGo,6E 6753,2026-09-11,1,economy,,,18247.0,False,15:15,ok,2026-09-10T05:48:14.728272+05:30,2026-09-10_0548IST,airline_direct,IndiGo
BLR,HYD,6E,IndiGo,6E 6168,2026-09-11,1,economy,,,18247.0,False,17:40,ok,2026-09-10T05:48:14.728272+05:30,2026-09-10_0548IST,airline_direct,IndiGo
BLR,HYD,6E,IndiGo,6E 356,2026-09-11,1,economy,,,18275.0,False,17:15,ok,2026-09-10T05:48:14.728272+05:30,2026-09-10_0548IST,airline_direct,IndiGo
BLR,HYD,6E,IndiGo,6E 6583,2026-09-11,1,economy,,,18572.0,False,10:40,ok,2026-09-10T05:48:14.728272+05:30,2026-09-10_0548IST,airline_direct,IndiGo
BLR,HYD,6E,IndiGo,6E 6017,2026-09-11,1,economy,,,18875.0,False,18:15,ok,2026-09-10T05:48:14.728272+05:30,2026-09-10_0548IST,airline_direct,IndiGo
BLR,HYD,6E,IndiGo,6E 6554,2026-09-11,1,economy,,,18984.0,False,19:15,ok,2026-09-10T05:48:14.728272+05:30,2026-09-10_0548IST,airline_direct,IndiGo
BLR,HYD,6E,IndiGo,6E 356,2026-09-11,1,economy,,,19317.0,False,17:15,ok,2026-09-10T05:48:14.728272+05:30,2026-09-10_0548IST,airline_direct,IndiGo
BLR,HYD,6E,IndiGo,6E 6753,2026-09-11,1,economy,,,19822.0,False,15:15,ok,2026-09-10T05:48:14.728272+05:30,2026-09-10_0548IST,airline_direct,IndiGo
BLR,HYD,6E,IndiGo,6E 6168,2026-09-11,1,economy,,,19822.0,False,17:40,ok,2026-09-10T05:48:14.728272+05:30,2026-09-10_0548IST,airline_direct,IndiGo
BLR,HYD,6E,IndiGo,6E 6653,2026-09-11,1,economy,,,20184.0,False,12:35,ok,2026-09-10T05:48:14.728272+05:30,2026-09-10_0548IST,airline_direct,IndiGo
BLR,HYD,6E,IndiGo,6E 6542,2026-09-11,1,economy,,,20774.0,False,13:10,ok,2026-09-10T05:48:14.728272+05:30,2026-09-10_0548IST,airline_direct,IndiGo
BLR,HYD,6E,IndiGo,6E 703,2026-09-11,1,economy,,,21736.0,False,12:55,ok,2026-09-10T05:48:14.728272+05:30,2026-09-10_0548IST,airline_direct,IndiGo
BLR,HYD,6E,IndiGo,6E 6445,2026-09-11,1,economy,,,22543.0,False,10:25,ok,2026-09-10T05:48:14.728272+05:30,2026-09-10_0548IST,airline_direct,IndiGo
BLR,HYD,6E,IndiGo,6E 763,2026-09-11,1,economy,,,23307.0,False,07:05,ok,2026-09-10T05:48:14.728272+05:30,2026-09-10_0548IST,airline_direct,IndiGo
BLR,HYD,6E,IndiGo,6E 6876,2026-09-11,1,economy,,,24285.0,False,02:40,ok,2026-09-10T05:48:14.728272+05:30,2026-09-10_0548IST,airline_direct,IndiGo
BLR,HYD,6E,IndiGo,6E 7737,2026-09-11,1,economy,,,24638.0,False,10:50,ok,2026-09-10T05:48:14.728272+05:30,2026-09-10_0548IST,airline_direct,IndiGo
BLR,HYD,6E,IndiGo,6E 105,2026-09-11,1,economy,,,25446.0,False,18:50,ok,2026-09-10T05:48:14.728272+05:30,2026-09-10_0548IST,airline_direct,IndiGo
BLR,HYD,6E,IndiGo,6E 528,2026-09-11,1,economy,,,25446.0,False,21:40,ok,2026-09-10T05:48:14.728272+05:30,2026-09-10_0548IST,airline_direct,IndiGo
BLR,HYD,6E,IndiGo,6E 116,2026-09-11,1,economy,,,25446.0,False,23:05,ok,2026-09-10T05:48:14.728272+05:30,2026-09-10_0548IST,airline_direct,IndiGo
BLR,HYD,6E,IndiGo,6E 6162,2026-09-11,1,economy,,,25807.0,False,18:50,ok,2026-09-10T05:48:14.728272+05:30,2026-09-10_0548IST,airline_direct,IndiGo
BLR,HYD,6E,IndiGo,6E 6563,2026-09-11,1,economy,,,26759.0,False,01:05,ok,2026-09-10T05:48:14.728272+05:30,2026-09-10_0548IST,airline_direct,IndiGo
BLR,HYD,6E,IndiGo,6E 109,2026-09-11,1,economy,,,27666.0,False,17:00,ok,2026-09-10T05:48:14.728272+05:30,2026-09-10_0548IST,airline_direct,IndiGo
BLR,HYD,6E,IndiGo,6E 5306,2026-09-11,1,economy,,,28730.0,False,14:35,ok,2026-09-10T05:48:14.728272+05:30,2026-09-10_0548IST,airline_direct,IndiGo
BLR,HYD,6E,IndiGo,6E 173,2026-09-11,1,economy,,,29226.0,False,15:30,ok,2026-09-10T05:48:14.728272+05:30,2026-09-10_0548IST,airline_direct,IndiGo
BLR,HYD,6E,IndiGo,6E 105,2026-09-11,1,economy,,,29226.0,False,18:50,ok,2026-09-10T05:48:14.728272+05:30,2026-09-10_0548IST,airline_direct,IndiGo
BLR,HYD,6E,IndiGo,6E 6104,2026-09-11,1,economy,,,29699.0,False,11:40,ok,2026-09-10T05:48:14.728272+05:30,2026-09-10_0548IST,airline_direct,IndiGo
BLR,HYD,6E,IndiGo,6E 6104,2026-09-11,1,economy,,,36366.0,False,11:40,ok,2026-09-10T05:48:14.728272+05:30,2026-09-10_0548IST,airline_direct,IndiGo
BLR,HYD,6E,IndiGo,6E 173,2026-09-11,1,economy,,,36366.0,False,15:30,ok,2026-09-10T05:48:14.728272+05:30,2026-09-10_0548IST,airline_direct,IndiGo
BLR,HYD,6E,IndiGo,6E 855,2026-09-11,1,,,,,False,19:45,sold_out,2026-09-10T05:48:14.728272+05:30,2026-09-10_0548IST,airline_direct,IndiGo
MAA,DEL,6E,IndiGo,6E 404,2026-09-11,1,business,,,28240.0,False,09:15,ok,2026-09-10T05:49:10.232156+05:30,2026-09-10_0549IST,airline_direct,IndiGo
MAA,DEL,6E,IndiGo,6E 404,2026-09-11,1,economy,,,9830.0,False,09:15,ok,2026-09-10T05:49:10.232156+05:30,2026-09-10_0549IST,airline_direct,IndiGo
MAA,DEL,6E,IndiGo,6E 6002,2026-09-11,1,business,,,28240.0,False,11:10,ok,2026-09-10T05:49:10.232156+05:30,2026-09-10_0549IST,airline_direct,IndiGo
MAA,DEL,6E,IndiGo,6E 6002,2026-09-11,1,economy,,,9830.0,False,11:10,ok,2026-09-10T05:49:10.232156+05:30,2026-09-10_0549IST,airline_direct,IndiGo
MAA,DEL,6E,IndiGo,6E 939,2026-09-11,1,business,,,28240.0,False,13:00,ok,2026-09-10T05:49:10.232156+05:30,2026-09-10_0549IST,airline_direct,IndiGo
MAA,DEL,6E,IndiGo,6E 939,2026-09-11,1,economy,,,9830.0,False,13:00,ok,2026-09-10T05:49:10.232156+05:30,2026-09-10_0549IST,airline_direct,IndiGo
MAA,DEL,6E,IndiGo,6E 937,2026-09-11,1,business,,,30280.0,False,06:30,ok,2026-09-10T05:49:10.232156+05:30,2026-09-10_0549IST,airline_direct,IndiGo
MAA,DEL,6E,IndiGo,6E 937,2026-09-11,1,economy,,,10785.0,False,06:30,ok,2026-09-10T05:49:10.232156+05:30,2026-09-10_0549IST,airline_direct,IndiGo
MAA,DEL,6E,IndiGo,6E 948,2026-09-11,1,business,,,28240.0,False,14:30,ok,2026-09-10T05:49:10.232156+05:30,2026-09-10_0549IST,airline_direct,IndiGo
MAA,DEL,6E,IndiGo,6E 948,2026-09-11,1,economy,,,10785.0,False,14:30,ok,2026-09-10T05:49:10.232156+05:30,2026-09-10_0549IST,airline_direct,IndiGo
MAA,DEL,6E,IndiGo,6E 2369,2026-09-11,1,business,,,28240.0,False,23:45,ok,2026-09-10T05:49:10.232156+05:30,2026-09-10_0549IST,airline_direct,IndiGo
MAA,DEL,6E,IndiGo,6E 2369,2026-09-11,1,economy,,,17460.0,False,23:45,ok,2026-09-10T05:49:10.232156+05:30,2026-09-10_0549IST,airline_direct,IndiGo
MAA,DEL,6E,IndiGo,6E 698,2026-09-11,1,business,,,28240.0,False,16:45,ok,2026-09-10T05:49:10.232156+05:30,2026-09-10_0549IST,airline_direct,IndiGo
MAA,DEL,6E,IndiGo,6E 698,2026-09-11,1,economy,,,18347.0,False,16:45,ok,2026-09-10T05:49:10.232156+05:30,2026-09-10_0549IST,airline_direct,IndiGo
MAA,DEL,6E,IndiGo,6E 951,2026-09-11,1,business,,,28240.0,False,21:50,ok,2026-09-10T05:49:10.232156+05:30,2026-09-10_0549IST,airline_direct,IndiGo
MAA,DEL,6E,IndiGo,6E 951,2026-09-11,1,economy,,,19283.0,False,21:50,ok,2026-09-10T05:49:10.232156+05:30,2026-09-10_0549IST,airline_direct,IndiGo
MAA,DEL,6E,IndiGo,6E 613,2026-09-11,1,business,,,30280.0,False,19:00,ok,2026-09-10T05:49:10.232156+05:30,2026-09-10_0549IST,airline_direct,IndiGo
MAA,DEL,6E,IndiGo,6E 613,2026-09-11,1,economy,,,22411.0,False,19:00,ok,2026-09-10T05:49:10.232156+05:30,2026-09-10_0549IST,airline_direct,IndiGo
MAA,DEL,6E,IndiGo,6E 372,2026-09-11,1,economy,,,10376.0,False,09:55,ok,2026-09-10T05:49:10.232156+05:30,2026-09-10_0549IST,airline_direct,IndiGo
MAA,DEL,6E,IndiGo,6E 973,2026-09-11,1,economy,,,10376.0,False,11:55,ok,2026-09-10T05:49:10.232156+05:30,2026-09-10_0549IST,airline_direct,IndiGo
MAA,DEL,6E,IndiGo,6E 6005,2026-09-11,1,economy,,,10454.0,False,15:45,ok,2026-09-10T05:49:10.232156+05:30,2026-09-10_0549IST,airline_direct,IndiGo
MAA,DEL,6E,IndiGo,6E 726,2026-09-11,1,economy,,,10454.0,False,18:20,ok,2026-09-10T05:49:10.232156+05:30,2026-09-10_0549IST,airline_direct,IndiGo
MAA,DEL,6E,IndiGo,6E 5314,2026-09-11,1,business,,,39741.0,False,06:45,ok,2026-09-10T05:49:10.232156+05:30,2026-09-10_0549IST,airline_direct,IndiGo
MAA,DEL,6E,IndiGo,6E 5314,2026-09-11,1,economy,,,10586.0,False,06:45,ok,2026-09-10T05:49:10.232156+05:30,2026-09-10_0549IST,airline_direct,IndiGo
MAA,DEL,6E,IndiGo,6E 981,2026-09-11,1,economy,,,10586.0,False,13:50,ok,2026-09-10T05:49:10.232156+05:30,2026-09-10_0549IST,airline_direct,IndiGo
MAA,DEL,6E,IndiGo,6E 495,2026-09-11,1,economy,,,11208.0,False,07:10,ok,2026-09-10T05:49:10.232156+05:30,2026-09-10_0549IST,airline_direct,IndiGo
MAA,DEL,6E,IndiGo,6E 848,2026-09-11,1,economy,,,11208.0,False,17:50,ok,2026-09-10T05:49:10.232156+05:30,2026-09-10_0549IST,airline_direct,IndiGo
MAA,DEL,6E,IndiGo,6E 6892,2026-09-11,1,economy,,,11287.0,False,10:55,ok,2026-09-10T05:49:10.232156+05:30,2026-09-10_0549IST,airline_direct,IndiGo
MAA,DEL,6E,IndiGo,6E 6892,2026-09-11,1,economy,,,11287.0,False,10:55,ok,2026-09-10T05:49:10.232156+05:30,2026-09-10_0549IST,airline_direct,IndiGo
MAA,DEL,6E,IndiGo,6E 495,2026-09-11,1,economy,,,11835.0,False,07:10,ok,2026-09-10T05:49:10.232156+05:30,2026-09-10_0549IST,airline_direct,IndiGo
MAA,DEL,6E,IndiGo,6E 7199,2026-09-11,1,economy,,,12202.0,False,15:05,ok,2026-09-10T05:49:10.232156+05:30,2026-09-10_0549IST,airline_direct,IndiGo
MAA,DEL,6E,IndiGo,6E 6518,2026-09-11,1,economy,,,12648.0,False,12:15,ok,2026-09-10T05:49:10.232156+05:30,2026-09-10_0549IST,airline_direct,IndiGo
MAA,DEL,6E,IndiGo,6E 834,2026-09-11,1,economy,,,13307.0,False,09:05,ok,2026-09-10T05:49:10.232156+05:30,2026-09-10_0549IST,airline_direct,IndiGo
MAA,DEL,6E,IndiGo,6E 834,2026-09-11,1,economy,,,13307.0,False,09:05,ok,2026-09-10T05:49:10.232156+05:30,2026-09-10_0549IST,airline_direct,IndiGo
MAA,DEL,6E,IndiGo,6E 321,2026-09-11,1,business,,,38179.0,False,08:20,ok,2026-09-10T05:49:10.232156+05:30,2026-09-10_0549IST,airline_direct,IndiGo
MAA,DEL,6E,IndiGo,6E 321,2026-09-11,1,economy,,,13339.0,False,08:20,ok,2026-09-10T05:49:10.232156+05:30,2026-09-10_0549IST,airline_direct,IndiGo
MAA,DEL,6E,IndiGo,6E 6348,2026-09-11,1,business,,,43340.0,False,09:00,ok,2026-09-10T05:49:10.232156+05:30,2026-09-10_0549IST,airline_direct,IndiGo
MAA,DEL,6E,IndiGo,6E 6348,2026-09-11,1,economy,,,13339.0,False,09:00,ok,2026-09-10T05:49:10.232156+05:30,2026-09-10_0549IST,airline_direct,IndiGo
MAA,DEL,6E,IndiGo,6E 6815,2026-09-11,1,economy,,,13481.0,False,08:55,ok,2026-09-10T05:49:10.232156+05:30,2026-09-10_0549IST,airline_direct,IndiGo
MAA,DEL,6E,IndiGo,6E 6081,2026-09-11,1,economy,,,14621.0,False,07:05,ok,2026-09-10T05:49:10.232156+05:30,2026-09-10_0549IST,airline_direct,IndiGo
MAA,DEL,6E,IndiGo,6E 6081,2026-09-11,1,economy,,,15251.0,False,07:05,ok,2026-09-10T05:49:10.232156+05:30,2026-09-10_0549IST,airline_direct,IndiGo
MAA,DEL,6E,IndiGo,6E 401,2026-09-11,1,economy,,,15450.0,False,08:10,ok,2026-09-10T05:49:10.232156+05:30,2026-09-10_0549IST,airline_direct,IndiGo
MAA,DEL,6E,IndiGo,6E 372,2026-09-11,1,economy,,,17015.0,False,09:55,ok,2026-09-10T05:49:10.232156+05:30,2026-09-10_0549IST,airline_direct,IndiGo
MAA,DEL,6E,IndiGo,6E 606,2026-09-11,1,business,,,37589.0,False,18:05,ok,2026-09-10T05:49:10.232156+05:30,2026-09-10_0549IST,airline_direct,IndiGo
MAA,DEL,6E,IndiGo,6E 606,2026-09-11,1,economy,,,17509.0,False,18:05,ok,2026-09-10T05:49:10.232156+05:30,2026-09-10_0549IST,airline_direct,IndiGo
MAA,DEL,6E,IndiGo,6E 6326,2026-09-11,1,business,,,36645.0,False,11:45,ok,2026-09-10T05:49:10.232156+05:30,2026-09-10_0549IST,airline_direct,IndiGo
MAA,DEL,6E,IndiGo,6E 6326,2026-09-11,1,economy,,,18465.0,False,11:45,ok,2026-09-10T05:49:10.232156+05:30,2026-09-10_0549IST,airline_direct,IndiGo
MAA,DEL,6E,IndiGo,6E 6925,2026-09-11,1,economy,,,18515.0,False,12:00,ok,2026-09-10T05:49:10.232156+05:30,2026-09-10_0549IST,airline_direct,IndiGo
MAA,DEL,6E,IndiGo,6E 253,2026-09-11,1,economy,,,18678.0,False,03:10,ok,2026-09-10T05:49:10.232156+05:30,2026-09-10_0549IST,airline_direct,IndiGo
MAA,DEL,6E,IndiGo,6E 244,2026-09-11,1,economy,,,19441.0,False,03:55,ok,2026-09-10T05:49:10.232156+05:30,2026-09-10_0549IST,airline_direct,IndiGo
MAA,DEL,6E,IndiGo,6E 6140,2026-09-11,1,business,,,37132.0,False,02:30,ok,2026-09-10T05:49:10.232156+05:30,2026-09-10_0549IST,airline_direct,IndiGo
MAA,DEL,6E,IndiGo,6E 6140,2026-09-11,1,economy,,,20386.0,False,02:30,ok,2026-09-10T05:49:10.232156+05:30,2026-09-10_0549IST,airline_direct,IndiGo
MAA,DEL,6E,IndiGo,6E 6140,2026-09-11,1,business,,,40731.0,False,02:30,ok,2026-09-10T05:49:10.232156+05:30,2026-09-10_0549IST,airline_direct,IndiGo
MAA,DEL,6E,IndiGo,6E 6140,2026-09-11,1,economy,,,20386.0,False,02:30,ok,2026-09-10T05:49:10.232156+05:30,2026-09-10_0549IST,airline_direct,IndiGo
MAA,DEL,6E,IndiGo,6E 6925,2026-09-11,1,economy,,,21087.0,False,12:00,ok,2026-09-10T05:49:10.232156+05:30,2026-09-10_0549IST,airline_direct,IndiGo
MAA,DEL,6E,IndiGo,6E 6487,2026-09-11,1,economy,,,22899.0,False,21:25,ok,2026-09-10T05:49:10.232156+05:30,2026-09-10_0549IST,airline_direct,IndiGo
MAA,DEL,6E,IndiGo,6E 607,2026-09-11,1,business,,,41629.0,False,05:40,ok,2026-09-10T05:49:10.232156+05:30,2026-09-10_0549IST,airline_direct,IndiGo
MAA,DEL,6E,IndiGo,6E 607,2026-09-11,1,economy,,,23596.0,False,05:40,ok,2026-09-10T05:49:10.232156+05:30,2026-09-10_0549IST,airline_direct,IndiGo
MAA,DEL,6E,IndiGo,6E 193,2026-09-11,1,economy,,,23596.0,False,20:00,ok,2026-09-10T05:49:10.232156+05:30,2026-09-10_0549IST,airline_direct,IndiGo
MAA,DEL,6E,IndiGo,6E 597,2026-09-11,1,economy,,,23964.0,False,17:45,ok,2026-09-10T05:49:10.232156+05:30,2026-09-10_0549IST,airline_direct,IndiGo
MAA,DEL,6E,IndiGo,6E 489,2026-09-11,1,economy,,,24916.0,False,18:15,ok,2026-09-10T05:49:10.232156+05:30,2026-09-10_0549IST,airline_direct,IndiGo
MAA,DEL,6E,IndiGo,6E 6209,2026-09-11,1,economy,,,25082.0,False,14:35,ok,2026-09-10T05:49:10.232156+05:30,2026-09-10_0549IST,airline_direct,IndiGo
MAA,DEL,6E,IndiGo,6E 6158,2026-09-11,1,economy,,,26184.0,False,16:10,ok,2026-09-10T05:49:10.232156+05:30,2026-09-10_0549IST,airline_direct,IndiGo
MAA,DEL,6E,IndiGo,6E 6209,2026-09-11,1,economy,,,27426.0,False,14:35,ok,2026-09-10T05:49:10.232156+05:30,2026-09-10_0549IST,airline_direct,IndiGo
MAA,DEL,6E,IndiGo,6E 502,2026-09-11,1,business,,,44420.0,False,11:10,ok,2026-09-10T05:49:10.232156+05:30,2026-09-10_0549IST,airline_direct,IndiGo
MAA,DEL,6E,IndiGo,6E 502,2026-09-11,1,economy,,,27622.0,False,11:10,ok,2026-09-10T05:49:10.232156+05:30,2026-09-10_0549IST,airline_direct,IndiGo
MAA,DEL,6E,IndiGo,6E 5258,2026-09-11,1,business,,,48341.0,False,12:45,ok,2026-09-10T05:49:10.232156+05:30,2026-09-10_0549IST,airline_direct,IndiGo
MAA,DEL,6E,IndiGo,6E 5258,2026-09-11,1,economy,,,28310.0,False,12:45,ok,2026-09-10T05:49:10.232156+05:30,2026-09-10_0549IST,airline_direct,IndiGo
MAA,DEL,6E,IndiGo,6E 561,2026-09-11,1,business,,,44109.0,False,22:20,ok,2026-09-10T05:49:10.232156+05:30,2026-09-10_0549IST,airline_direct,IndiGo
MAA,DEL,6E,IndiGo,6E 561,2026-09-11,1,economy,,,28357.0,False,22:20,ok,2026-09-10T05:49:10.232156+05:30,2026-09-10_0549IST,airline_direct,IndiGo
MAA,DEL,6E,IndiGo,6E 5214,2026-09-11,1,business,,,47116.0,False,11:00,ok,2026-09-10T05:49:10.232156+05:30,2026-09-10_0549IST,airline_direct,IndiGo
MAA,DEL,6E,IndiGo,6E 5214,2026-09-11,1,economy,,,29586.0,False,11:00,ok,2026-09-10T05:49:10.232156+05:30,2026-09-10_0549IST,airline_direct,IndiGo
MAA,DEL,6E,IndiGo,6E 6348,2026-09-11,1,business,,,43340.0,False,09:00,ok,2026-09-10T05:49:10.232156+05:30,2026-09-10_0549IST,airline_direct,IndiGo
MAA,DEL,6E,IndiGo,6E 6348,2026-09-11,1,economy,,,32736.0,False,09:00,ok,2026-09-10T05:49:10.232156+05:30,2026-09-10_0549IST,airline_direct,IndiGo
MAA,DEL,6E,IndiGo,6E 847,2026-09-11,1,economy,,,33436.0,False,16:15,ok,2026-09-10T05:49:10.232156+05:30,2026-09-10_0549IST,airline_direct,IndiGo
MAA,DEL,6E,IndiGo,6E 562,2026-09-11,1,economy,,,34892.0,False,18:20,ok,2026-09-10T05:49:10.232156+05:30,2026-09-10_0549IST,airline_direct,IndiGo
MAA,DEL,6E,IndiGo,6E 183,2026-09-11,1,business,,,48550.0,False,16:35,ok,2026-09-10T05:49:10.232156+05:30,2026-09-10_0549IST,airline_direct,IndiGo
MAA,DEL,6E,IndiGo,6E 183,2026-09-11,1,economy,,,37532.0,False,16:35,ok,2026-09-10T05:49:10.232156+05:30,2026-09-10_0549IST,airline_direct,IndiGo
MAA,DEL,6E,IndiGo,6E 5104,2026-09-11,1,business,,,48341.0,False,16:40,ok,2026-09-10T05:49:10.232156+05:30,2026-09-10_0549IST,airline_direct,IndiGo
MAA,DEL,6E,IndiGo,6E 5104,2026-09-11,1,economy,,,39179.0,False,16:40,ok,2026-09-10T05:49:10.232156+05:30,2026-09-10_0549IST,airline_direct,IndiGo
MAA,DEL,6E,IndiGo,6E 5367,2026-09-11,1,business,,,53591.0,False,18:15,ok,2026-09-10T05:49:10.232156+05:30,2026-09-10_0549IST,airline_direct,IndiGo
MAA,DEL,6E,IndiGo,6E 5367,2026-09-11,1,economy,,,42644.0,False,18:15,ok,2026-09-10T05:49:10.232156+05:30,2026-09-10_0549IST,airline_direct,IndiGo
MAA,DEL,6E,IndiGo,6E 5258,2026-09-11,1,business,,,48341.0,False,12:45,ok,2026-09-10T05:49:10.232156+05:30,2026-09-10_0549IST,airline_direct,IndiGo
DEL,BOM,6E,IndiGo,error,2026-09-17,7,unknown,,,,False,unknown,error,2026-09-10T05:50:04.622972+05:30,2026-09-10_0550IST,airline_direct,IndiGo
DEL,BLR,6E,IndiGo,6E 820,2026-09-17,7,business,,,29942.0,False,03:00,ok,2026-09-10T05:50:59.221075+05:30,2026-09-10_0550IST,airline_direct,IndiGo
DEL,BLR,6E,IndiGo,6E 820,2026-09-17,7,economy,,,8671.0,False,03:00,ok,2026-09-10T05:50:59.221075+05:30,2026-09-10_0550IST,airline_direct,IndiGo
DEL,BLR,6E,IndiGo,6E 2314,2026-09-17,7,business,,,29942.0,False,05:45,ok,2026-09-10T05:50:59.221075+05:30,2026-09-10_0550IST,airline_direct,IndiGo
DEL,BLR,6E,IndiGo,6E 2314,2026-09-17,7,economy,,,8671.0,False,05:45,ok,2026-09-10T05:50:59.221075+05:30,2026-09-10_0550IST,airline_direct,IndiGo
DEL,BLR,6E,IndiGo,6E 810,2026-09-17,7,business,,,29942.0,False,07:05,ok,2026-09-10T05:50:59.221075+05:30,2026-09-10_0550IST,airline_direct,IndiGo
DEL,BLR,6E,IndiGo,6E 810,2026-09-17,7,economy,,,8671.0,False,07:05,ok,2026-09-10T05:50:59.221075+05:30,2026-09-10_0550IST,airline_direct,IndiGo
DEL,BLR,6E,IndiGo,6E 873,2026-09-17,7,business,,,31228.0,False,08:20,ok,2026-09-10T05:50:59.221075+05:30,2026-09-10_0550IST,airline_direct,IndiGo
DEL,BLR,6E,IndiGo,6E 873,2026-09-17,7,economy,,,8671.0,False,08:20,ok,2026-09-10T05:50:59.221075+05:30,2026-09-10_0550IST,airline_direct,IndiGo
DEL,BLR,6E,IndiGo,6E 826,2026-09-17,7,business,,,29942.0,False,09:30,ok,2026-09-10T05:50:59.221075+05:30,2026-09-10_0550IST,airline_direct,IndiGo
DEL,BLR,6E,IndiGo,6E 826,2026-09-17,7,economy,,,8671.0,False,09:30,ok,2026-09-10T05:50:59.221075+05:30,2026-09-10_0550IST,airline_direct,IndiGo
DEL,BLR,6E,IndiGo,6E 842,2026-09-17,7,business,,,29942.0,False,10:45,ok,2026-09-10T05:50:59.221075+05:30,2026-09-10_0550IST,airline_direct,IndiGo
DEL,BLR,6E,IndiGo,6E 842,2026-09-17,7,economy,,,8671.0,False,10:45,ok,2026-09-10T05:50:59.221075+05:30,2026-09-10_0550IST,airline_direct,IndiGo
DEL,BLR,6E,IndiGo,6E 850,2026-09-17,7,business,,,29942.0,False,12:20,ok,2026-09-10T05:50:59.221075+05:30,2026-09-10_0550IST,airline_direct,IndiGo
DEL,BLR,6E,IndiGo,6E 850,2026-09-17,7,economy,,,8671.0,False,12:20,ok,2026-09-10T05:50:59.221075+05:30,2026-09-10_0550IST,airline_direct,IndiGo
DEL,BLR,6E,IndiGo,6E 176,2026-09-17,7,business,,,29942.0,False,13:15,ok,2026-09-10T05:50:59.221075+05:30,2026-09-10_0550IST,airline_direct,IndiGo
DEL,BLR,6E,IndiGo,6E 176,2026-09-17,7,economy,,,8671.0,False,13:15,ok,2026-09-10T05:50:59.221075+05:30,2026-09-10_0550IST,airline_direct,IndiGo
DEL,BLR,6E,IndiGo,6E 828,2026-09-17,7,business,,,29942.0,False,14:30,ok,2026-09-10T05:50:59.221075+05:30,2026-09-10_0550IST,airline_direct,IndiGo
DEL,BLR,6E,IndiGo,6E 828,2026-09-17,7,economy,,,8671.0,False,14:30,ok,2026-09-10T05:50:59.221075+05:30,2026-09-10_0550IST,airline_direct,IndiGo
DEL,BLR,6E,IndiGo,6E 880,2026-09-17,7,business,,,29942.0,False,15:45,ok,2026-09-10T05:50:59.221075+05:30,2026-09-10_0550IST,airline_direct,IndiGo
DEL,BLR,6E,IndiGo,6E 880,2026-09-17,7,economy,,,8671.0,False,15:45,ok,2026-09-10T05:50:59.221075+05:30,2026-09-10_0550IST,airline_direct,IndiGo
DEL,BLR,6E,IndiGo,6E 6515,2026-09-17,7,business,,,29942.0,False,20:45,ok,2026-09-10T05:50:59.221075+05:30,2026-09-10_0550IST,airline_direct,IndiGo
DEL,BLR,6E,IndiGo,6E 6515,2026-09-17,7,economy,,,8671.0,False,20:45,ok,2026-09-10T05:50:59.221075+05:30,2026-09-10_0550IST,airline_direct,IndiGo
DEL,BLR,6E,IndiGo,6E 846,2026-09-17,7,business,,,29942.0,False,22:00,ok,2026-09-10T05:50:59.221075+05:30,2026-09-10_0550IST,airline_direct,IndiGo
DEL,BLR,6E,IndiGo,6E 846,2026-09-17,7,economy,,,8671.0,False,22:00,ok,2026-09-10T05:50:59.221075+05:30,2026-09-10_0550IST,airline_direct,IndiGo
DEL,BLR,6E,IndiGo,6E 871,2026-09-17,7,business,,,29942.0,False,23:30,ok,2026-09-10T05:50:59.221075+05:30,2026-09-10_0550IST,airline_direct,IndiGo
DEL,BLR,6E,IndiGo,6E 871,2026-09-17,7,economy,,,8671.0,False,23:30,ok,2026-09-10T05:50:59.221075+05:30,2026-09-10_0550IST,airline_direct,IndiGo
DEL,BLR,6E,IndiGo,6E 837,2026-09-17,7,business,,,31228.0,False,17:00,ok,2026-09-10T05:50:59.221075+05:30,2026-09-10_0550IST,airline_direct,IndiGo
DEL,BLR,6E,IndiGo,6E 837,2026-09-17,7,economy,,,9128.0,False,17:00,ok,2026-09-10T05:50:59.221075+05:30,2026-09-10_0550IST,airline_direct,IndiGo
DEL,BLR,6E,IndiGo,6E 811,2026-09-17,7,business,,,29942.0,False,18:20,ok,2026-09-10T05:50:59.221075+05:30,2026-09-10_0550IST,airline_direct,IndiGo
DEL,BLR,6E,IndiGo,6E 811,2026-09-17,7,economy,,,9613.0,False,18:20,ok,2026-09-10T05:50:59.221075+05:30,2026-09-10_0550IST,airline_direct,IndiGo
DEL,BLR,6E,IndiGo,6E 861,2026-09-17,7,business,,,29942.0,False,19:30,ok,2026-09-10T05:50:59.221075+05:30,2026-09-10_0550IST,airline_direct,IndiGo
DEL,BLR,6E,IndiGo,6E 861,2026-09-17,7,economy,,,9613.0,False,19:30,ok,2026-09-10T05:50:59.221075+05:30,2026-09-10_0550IST,airline_direct,IndiGo
DEL,BLR,6E,IndiGo,6E 6433,2026-09-17,7,economy,,,9867.0,False,16:30,ok,2026-09-10T05:50:59.221075+05:30,2026-09-10_0550IST,airline_direct,IndiGo
DEL,BLR,6E,IndiGo,6E 704,2026-09-17,7,business,,,32599.0,False,02:25,ok,2026-09-10T05:50:59.221075+05:30,2026-09-10_0550IST,airline_direct,IndiGo
DEL,BLR,6E,IndiGo,6E 704,2026-09-17,7,economy,,,9946.0,False,02:25,ok,2026-09-10T05:50:59.221075+05:30,2026-09-10_0550IST,airline_direct,IndiGo
DEL,BLR,6E,IndiGo,6E 6282,2026-09-17,7,business,,,34468.0,False,13:30,ok,2026-09-10T05:50:59.221075+05:30,2026-09-10_0550IST,airline_direct,IndiGo
DEL,BLR,6E,IndiGo,6E 6282,2026-09-17,7,economy,,,9946.0,False,13:30,ok,2026-09-10T05:50:59.221075+05:30,2026-09-10_0550IST,airline_direct,IndiGo
DEL,BLR,6E,IndiGo,6E 6217,2026-09-17,7,business,,,36744.0,False,16:15,ok,2026-09-10T05:50:59.221075+05:30,2026-09-10_0550IST,airline_direct,IndiGo
DEL,BLR,6E,IndiGo,6E 6217,2026-09-17,7,economy,,,9946.0,False,16:15,ok,2026-09-10T05:50:59.221075+05:30,2026-09-10_0550IST,airline_direct,IndiGo
DEL,BLR,6E,IndiGo,6E 717,2026-09-17,7,business,,,29802.0,False,17:55,ok,2026-09-10T05:50:59.221075+05:30,2026-09-10_0550IST,airline_direct,IndiGo
DEL,BLR,6E,IndiGo,6E 717,2026-09-17,7,economy,,,9946.0,False,17:55,ok,2026-09-10T05:50:59.221075+05:30,2026-09-10_0550IST,airline_direct,IndiGo
DEL,BLR,6E,IndiGo,6E 2151,2026-09-17,7,economy,,,10000.0,False,19:45,ok,2026-09-10T05:50:59.221075+05:30,2026-09-10_0550IST,airline_direct,IndiGo
DEL,BLR,6E,IndiGo,6E 2343,2026-09-17,7,business,,,28035.0,False,02:20,ok,2026-09-10T05:50:59.221075+05:30,2026-09-10_0550IST,airline_direct,IndiGo
DEL,BLR,6E,IndiGo,6E 2343,2026-09-17,7,economy,,,10077.0,False,02:20,ok,2026-09-10T05:50:59.221075+05:30,2026-09-10_0550IST,airline_direct,IndiGo
DEL,BLR,6E,IndiGo,6E 5119,2026-09-17,7,economy,,,10077.0,False,05:10,ok,2026-09-10T05:50:59.221075+05:30,2026-09-10_0550IST,airline_direct,IndiGo
DEL,BLR,6E,IndiGo,6E 6459,2026-09-17,7,economy,,,10077.0,False,05:55,ok,2026-09-10T05:50:59.221075+05:30,2026-09-10_0550IST,airline_direct,IndiGo
DEL,BLR,6E,IndiGo,6E 6470,2026-09-17,7,economy,,,10077.0,False,06:55,ok,2026-09-10T05:50:59.221075+05:30,2026-09-10_0550IST,airline_direct,IndiGo
DEL,BLR,6E,IndiGo,6E 320,2026-09-17,7,business,,,40536.0,False,08:00,ok,2026-09-10T05:50:59.221075+05:30,2026-09-10_0550IST,airline_direct,IndiGo
DEL,BLR,6E,IndiGo,6E 320,2026-09-17,7,economy,,,10077.0,False,08:00,ok,2026-09-10T05:50:59.221075+05:30,2026-09-10_0550IST,airline_direct,IndiGo
DEL,BLR,6E,IndiGo,6E 6488,2026-09-17,7,economy,,,10077.0,False,11:20,ok,2026-09-10T05:50:59.221075+05:30,2026-09-10_0550IST,airline_direct,IndiGo
DEL,BLR,6E,IndiGo,6E 6022,2026-09-17,7,business,,,40536.0,False,14:00,ok,2026-09-10T05:50:59.221075+05:30,2026-09-10_0550IST,airline_direct,IndiGo
DEL,BLR,6E,IndiGo,6E 6022,2026-09-17,7,economy,,,10077.0,False,14:00,ok,2026-09-10T05:50:59.221075+05:30,2026-09-10_0550IST,airline_direct,IndiGo
DEL,BLR,6E,IndiGo,6E 2557,2026-09-17,7,economy,,,10077.0,False,15:20,ok,2026-09-10T05:50:59.221075+05:30,2026-09-10_0550IST,airline_direct,IndiGo
DEL,BLR,6E,IndiGo,6E 864,2026-09-17,7,business,,,40536.0,False,15:30,ok,2026-09-10T05:50:59.221075+05:30,2026-09-10_0550IST,airline_direct,IndiGo
DEL,BLR,6E,IndiGo,6E 864,2026-09-17,7,economy,,,10077.0,False,15:30,ok,2026-09-10T05:50:59.221075+05:30,2026-09-10_0550IST,airline_direct,IndiGo
DEL,BLR,6E,IndiGo,6E 734,2026-09-17,7,economy,,,10077.0,False,16:20,ok,2026-09-10T05:50:59.221075+05:30,2026-09-10_0550IST,airline_direct,IndiGo
DEL,BLR,6E,IndiGo,6E 6437,2026-09-17,7,business,,,27189.0,False,16:25,ok,2026-09-10T05:50:59.221075+05:30,2026-09-10_0550IST,airline_direct,IndiGo
DEL,BLR,6E,IndiGo,6E 6437,2026-09-17,7,economy,,,10077.0,False,16:25,ok,2026-09-10T05:50:59.221075+05:30,2026-09-10_0550IST,airline_direct,IndiGo
DEL,BLR,6E,IndiGo,6E 5073,2026-09-17,7,economy,,,10077.0,False,17:05,ok,2026-09-10T05:50:59.221075+05:30,2026-09-10_0550IST,airline_direct,IndiGo
DEL,BLR,6E,IndiGo,6E 6829,2026-09-17,7,economy,,,10077.0,False,17:20,ok,2026-09-10T05:50:59.221075+05:30,2026-09-10_0550IST,airline_direct,IndiGo
DEL,BLR,6E,IndiGo,6E 329,2026-09-17,7,business,,,47911.0,False,18:00,ok,2026-09-10T05:50:59.221075+05:30,2026-09-10_0550IST,airline_direct,IndiGo
DEL,BLR,6E,IndiGo,6E 329,2026-09-17,7,economy,,,10077.0,False,18:00,ok,2026-09-10T05:50:59.221075+05:30,2026-09-10_0550IST,airline_direct,IndiGo
DEL,BLR,6E,IndiGo,6E 853,2026-09-17,7,business,,,40536.0,False,20:45,ok,2026-09-10T05:50:59.221075+05:30,2026-09-10_0550IST,airline_direct,IndiGo
DEL,BLR,6E,IndiGo,6E 853,2026-09-17,7,economy,,,10077.0,False,20:45,ok,2026-09-10T05:50:59.221075+05:30,2026-09-10_0550IST,airline_direct,IndiGo
DEL,BLR,6E,IndiGo,6E 6673,2026-09-17,7,business,,,26816.0,False,21:15,ok,2026-09-10T05:50:59.221075+05:30,2026-09-10_0550IST,airline_direct,IndiGo
DEL,BLR,6E,IndiGo,6E 6673,2026-09-17,7,economy,,,10077.0,False,21:15,ok,2026-09-10T05:50:59.221075+05:30,2026-09-10_0550IST,airline_direct,IndiGo
DEL,BLR,6E,IndiGo,6E 2618,2026-09-17,7,business,,,26816.0,False,23:00,ok,2026-09-10T05:50:59.221075+05:30,2026-09-10_0550IST,airline_direct,IndiGo
DEL,BLR,6E,IndiGo,6E 2618,2026-09-17,7,economy,,,10077.0,False,23:00,ok,2026-09-10T05:50:59.221075+05:30,2026-09-10_0550IST,airline_direct,IndiGo
DEL,BLR,6E,IndiGo,6E 6476,2026-09-17,7,economy,,,10156.0,False,07:05,ok,2026-09-10T05:50:59.221075+05:30,2026-09-10_0550IST,airline_direct,IndiGo
DEL,BLR,6E,IndiGo,6E 940,2026-09-17,7,business,,,33411.0,False,09:15,ok,2026-09-10T05:50:59.221075+05:30,2026-09-10_0550IST,airline_direct,IndiGo
DEL,BLR,6E,IndiGo,6E 940,2026-09-17,7,economy,,,10156.0,False,09:15,ok,2026-09-10T05:50:59.221075+05:30,2026-09-10_0550IST,airline_direct,IndiGo
DEL,BLR,6E,IndiGo,6E 2319,2026-09-17,7,economy,,,10156.0,False,09:55,ok,2026-09-10T05:50:59.221075+05:30,2026-09-10_0550IST,airline_direct,IndiGo
DEL,BLR,6E,IndiGo,6E 2277,2026-09-17,7,business,,,33401.0,False,10:25,ok,2026-09-10T05:50:59.221075+05:30,2026-09-10_0550IST,airline_direct,IndiGo
DEL,BLR,6E,IndiGo,6E 2277,2026-09-17,7,economy,,,10156.0,False,10:25,ok,2026-09-10T05:50:59.221075+05:30,2026-09-10_0550IST,airline_direct,IndiGo
DEL,BLR,6E,IndiGo,6E 434,2026-09-17,7,business,,,32460.0,False,11:00,ok,2026-09-10T05:50:59.221075+05:30,2026-09-10_0550IST,airline_direct,IndiGo
DEL,BLR,6E,IndiGo,6E 434,2026-09-17,7,economy,,,10156.0,False,11:00,ok,2026-09-10T05:50:59.221075+05:30,2026-09-10_0550IST,airline_direct,IndiGo
DEL,BLR,6E,IndiGo,6E 6115,2026-09-17,7,business,,,32460.0,False,13:10,ok,2026-09-10T05:50:59.221075+05:30,2026-09-10_0550IST,airline_direct,IndiGo
DEL,BLR,6E,IndiGo,6E 6115,2026-09-17,7,economy,,,10156.0,False,13:10,ok,2026-09-10T05:50:59.221075+05:30,2026-09-10_0550IST,airline_direct,IndiGo
DEL,BLR,6E,IndiGo,6E 5038,2026-09-17,7,economy,,,10156.0,False,14:00,ok,2026-09-10T05:50:59.221075+05:30,2026-09-10_0550IST,airline_direct,IndiGo
DEL,BLR,6E,IndiGo,6E 6091,2026-09-17,7,business,,,33957.0,False,15:15,ok,2026-09-10T05:50:59.221075+05:30,2026-09-10_0550IST,airline_direct,IndiGo
DEL,BLR,6E,IndiGo,6E 6091,2026-09-17,7,economy,,,10156.0,False,15:15,ok,2026-09-10T05:50:59.221075+05:30,2026-09-10_0550IST,airline_direct,IndiGo
DEL,BLR,6E,IndiGo,6E 5033,2026-09-17,7,economy,,,10156.0,False,15:50,ok,2026-09-10T05:50:59.221075+05:30,2026-09-10_0550IST,airline_direct,IndiGo
DEL,BLR,6E,IndiGo,6E 947,2026-09-17,7,business,,,31327.0,False,16:40,ok,2026-09-10T05:50:59.221075+05:30,2026-09-10_0550IST,airline_direct,IndiGo
DEL,BLR,6E,IndiGo,6E 947,2026-09-17,7,economy,,,10156.0,False,16:40,ok,2026-09-10T05:50:59.221075+05:30,2026-09-10_0550IST,airline_direct,IndiGo
DEL,BLR,6E,IndiGo,6E 6632,2026-09-17,7,economy,,,10156.0,False,17:50,ok,2026-09-10T05:50:59.221075+05:30,2026-09-10_0550IST,airline_direct,IndiGo
DEL,BLR,6E,IndiGo,6E 950,2026-09-17,7,business,,,31327.0,False,18:15,ok,2026-09-10T05:50:59.221075+05:30,2026-09-10_0550IST,airline_direct,IndiGo
DEL,BLR,6E,IndiGo,6E 950,2026-09-17,7,economy,,,10156.0,False,18:15,ok,2026-09-10T05:50:59.221075+05:30,2026-09-10_0550IST,airline_direct,IndiGo
DEL,BLR,6E,IndiGo,6E 6497,2026-09-17,7,economy,,,10287.0,False,18:40,ok,2026-09-10T05:50:59.221075+05:30,2026-09-10_0550IST,airline_direct,IndiGo
DEL,BLR,6E,IndiGo,6E 5001,2026-09-17,7,economy,,,10314.0,False,17:10,ok,2026-09-10T05:50:59.221075+05:30,2026-09-10_0550IST,airline_direct,IndiGo
DEL,BLR,6E,IndiGo,6E 5191,2026-09-17,7,business,,,35352.0,False,05:00,ok,2026-09-10T05:50:59.221075+05:30,2026-09-10_0550IST,airline_direct,IndiGo
DEL,BLR,6E,IndiGo,6E 5191,2026-09-17,7,economy,,,10497.0,False,05:00,ok,2026-09-10T05:50:59.221075+05:30,2026-09-10_0550IST,airline_direct,IndiGo
DEL,BLR,6E,IndiGo,6E 513,2026-09-17,7,business,,,34644.0,False,08:30,ok,2026-09-10T05:50:59.221075+05:30,2026-09-10_0550IST,airline_direct,IndiGo
DEL,BLR,6E,IndiGo,6E 513,2026-09-17,7,economy,,,10497.0,False,08:30,ok,2026-09-10T05:50:59.221075+05:30,2026-09-10_0550IST,airline_direct,IndiGo
DEL,BLR,6E,IndiGo,6E 758,2026-09-17,7,economy,,,10720.0,False,16:10,ok,2026-09-10T05:50:59.221075+05:30,2026-09-10_0550IST,airline_direct,IndiGo
DEL,BLR,6E,IndiGo,6E 6706,2026-09-17,7,business,,,40536.0,False,17:00,ok,2026-09-10T05:50:59.221075+05:30,2026-09-10_0550IST,airline_direct,IndiGo
DEL,BLR,6E,IndiGo,6E 6706,2026-09-17,7,economy,,,12620.0,False,17:00,ok,2026-09-10T05:50:59.221075+05:30,2026-09-10_0550IST,airline_direct,IndiGo
DEL,BLR,6E,IndiGo,6E 329,2026-09-17,7,business,,,47911.0,False,18:00,ok,2026-09-10T05:50:59.221075+05:30,2026-09-10_0550IST,airline_direct,IndiGo
DEL,BLR,6E,IndiGo,6E 329,2026-09-17,7,economy,,,13346.0,False,18:00,ok,2026-09-10T05:50:59.221075+05:30,2026-09-10_0550IST,airline_direct,IndiGo
DEL,BLR,6E,IndiGo,6E 884,2026-09-17,7,business,,,32599.0,False,11:45,ok,2026-09-10T05:50:59.221075+05:30,2026-09-10_0550IST,airline_direct,IndiGo
DEL,BLR,6E,IndiGo,6E 884,2026-09-17,7,economy,,,13499.0,False,11:45,ok,2026-09-10T05:50:59.221075+05:30,2026-09-10_0550IST,airline_direct,IndiGo
DEL,BLR,6E,IndiGo,6E 931,2026-09-17,7,economy,,,14734.0,False,19:35,ok,2026-09-10T05:50:59.221075+05:30,2026-09-10_0550IST,airline_direct,IndiGo
DEL,BLR,6E,IndiGo,6E 6293,2026-09-17,7,business,,,36744.0,False,09:55,ok,2026-09-10T05:50:59.221075+05:30,2026-09-10_0550IST,airline_direct,IndiGo
DEL,BLR,6E,IndiGo,6E 6293,2026-09-17,7,economy,,,15809.0,False,09:55,ok,2026-09-10T05:50:59.221075+05:30,2026-09-10_0550IST,airline_direct,IndiGo
BOM,BLR,6E,IndiGo,error,2026-09-17,7,unknown,,,,False,unknown,error,2026-09-10T05:51:56.684560+05:30,2026-09-10_0551IST,airline_direct,IndiGo
DEL,CCU,6E,IndiGo,error,2026-09-17,7,unknown,,,,False,unknown,error,2026-09-10T05:52:43.391159+05:30,2026-09-10_0552IST,airline_direct,IndiGo
BLR,HYD,6E,IndiGo,error,2026-09-17,7,unknown,,,,False,unknown,error,2026-09-10T05:53:37.395356+05:30,2026-09-10_0553IST,airline_direct,IndiGo
MAA,DEL,6E,IndiGo,6E 939,2026-09-17,7,business,,,28240.0,False,13:00,ok,2026-09-10T05:54:27.866321+05:30,2026-09-10_0554IST,airline_direct,IndiGo
MAA,DEL,6E,IndiGo,6E 939,2026-09-17,7,economy,,,9830.0,False,13:00,ok,2026-09-10T05:54:27.866321+05:30,2026-09-10_0554IST,airline_direct,IndiGo
MAA,DEL,6E,IndiGo,6E 948,2026-09-17,7,business,,,28240.0,False,14:30,ok,2026-09-10T05:54:27.866321+05:30,2026-09-10_0554IST,airline_direct,IndiGo
MAA,DEL,6E,IndiGo,6E 948,2026-09-17,7,economy,,,9830.0,False,14:30,ok,2026-09-10T05:54:27.866321+05:30,2026-09-10_0554IST,airline_direct,IndiGo
MAA,DEL,6E,IndiGo,6E 613,2026-09-17,7,business,,,28240.0,False,19:00,ok,2026-09-10T05:54:27.866321+05:30,2026-09-10_0554IST,airline_direct,IndiGo
MAA,DEL,6E,IndiGo,6E 613,2026-09-17,7,economy,,,9830.0,False,19:00,ok,2026-09-10T05:54:27.866321+05:30,2026-09-10_0554IST,airline_direct,IndiGo
MAA,DEL,6E,IndiGo,6E 951,2026-09-17,7,business,,,28240.0,False,21:50,ok,2026-09-10T05:54:27.866321+05:30,2026-09-10_0554IST,airline_direct,IndiGo
MAA,DEL,6E,IndiGo,6E 951,2026-09-17,7,economy,,,9830.0,False,21:50,ok,2026-09-10T05:54:27.866321+05:30,2026-09-10_0554IST,airline_direct,IndiGo
MAA,DEL,6E,IndiGo,6E 2369,2026-09-17,7,business,,,28240.0,False,23:45,ok,2026-09-10T05:54:27.866321+05:30,2026-09-10_0554IST,airline_direct,IndiGo
MAA,DEL,6E,IndiGo,6E 2369,2026-09-17,7,economy,,,9830.0,False,23:45,ok,2026-09-10T05:54:27.866321+05:30,2026-09-10_0554IST,airline_direct,IndiGo
MAA,DEL,6E,IndiGo,6E 698,2026-09-17,7,business,,,28240.0,False,16:45,ok,2026-09-10T05:54:27.866321+05:30,2026-09-10_0554IST,airline_direct,IndiGo
MAA,DEL,6E,IndiGo,6E 698,2026-09-17,7,economy,,,10295.0,False,16:45,ok,2026-09-10T05:54:27.866321+05:30,2026-09-10_0554IST,airline_direct,IndiGo
MAA,DEL,6E,IndiGo,6E 6002,2026-09-17,7,business,,,28240.0,False,11:10,ok,2026-09-10T05:54:27.866321+05:30,2026-09-10_0554IST,airline_direct,IndiGo
MAA,DEL,6E,IndiGo,6E 6002,2026-09-17,7,economy,,,11303.0,False,11:10,ok,2026-09-10T05:54:27.866321+05:30,2026-09-10_0554IST,airline_direct,IndiGo
MAA,DEL,6E,IndiGo,6E 404,2026-09-17,7,business,,,28240.0,False,09:15,ok,2026-09-10T05:54:27.866321+05:30,2026-09-10_0554IST,airline_direct,IndiGo
MAA,DEL,6E,IndiGo,6E 404,2026-09-17,7,economy,,,11850.0,False,09:15,ok,2026-09-10T05:54:27.866321+05:30,2026-09-10_0554IST,airline_direct,IndiGo
MAA,DEL,6E,IndiGo,6E 937,2026-09-17,7,business,,,28240.0,False,06:30,ok,2026-09-10T05:54:27.866321+05:30,2026-09-10_0554IST,airline_direct,IndiGo
MAA,DEL,6E,IndiGo,6E 937,2026-09-17,7,economy,,,13677.0,False,06:30,ok,2026-09-10T05:54:27.866321+05:30,2026-09-10_0554IST,airline_direct,IndiGo
MAA,DEL,6E,IndiGo,6E 253,2026-09-17,7,business,,,27587.0,False,03:10,ok,2026-09-10T05:54:27.866321+05:30,2026-09-10_0554IST,airline_direct,IndiGo
MAA,DEL,6E,IndiGo,6E 253,2026-09-17,7,economy,,,9778.0,False,03:10,ok,2026-09-10T05:54:27.866321+05:30,2026-09-10_0554IST,airline_direct,IndiGo
MAA,DEL,6E,IndiGo,6E 244,2026-09-17,7,economy,,,9778.0,False,03:55,ok,2026-09-10T05:54:27.866321+05:30,2026-09-10_0554IST,airline_direct,IndiGo
MAA,DEL,6E,IndiGo,6E 607,2026-09-17,7,business,,,27823.0,False,05:40,ok,2026-09-10T05:54:27.866321+05:30,2026-09-10_0554IST,airline_direct,IndiGo
MAA,DEL,6E,IndiGo,6E 607,2026-09-17,7,economy,,,9778.0,False,05:40,ok,2026-09-10T05:54:27.866321+05:30,2026-09-10_0554IST,airline_direct,IndiGo
MAA,DEL,6E,IndiGo,6E 495,2026-09-17,7,business,,,30979.0,False,07:10,ok,2026-09-10T05:54:27.866321+05:30,2026-09-10_0554IST,airline_direct,IndiGo
MAA,DEL,6E,IndiGo,6E 495,2026-09-17,7,economy,,,9778.0,False,07:10,ok,2026-09-10T05:54:27.866321+05:30,2026-09-10_0554IST,airline_direct,IndiGo
MAA,DEL,6E,IndiGo,6E 991,2026-09-17,7,economy,,,9778.0,False,09:30,ok,2026-09-10T05:54:27.866321+05:30,2026-09-10_0554IST,airline_direct,IndiGo
MAA,DEL,6E,IndiGo,6E 372,2026-09-17,7,business,,,30916.0,False,09:55,ok,2026-09-10T05:54:27.866321+05:30,2026-09-10_0554IST,airline_direct,IndiGo
MAA,DEL,6E,IndiGo,6E 372,2026-09-17,7,economy,,,9778.0,False,09:55,ok,2026-09-10T05:54:27.866321+05:30,2026-09-10_0554IST,airline_direct,IndiGo
MAA,DEL,6E,IndiGo,6E 539,2026-09-17,7,economy,,,9778.0,False,11:25,ok,2026-09-10T05:54:27.866321+05:30,2026-09-10_0554IST,airline_direct,IndiGo
MAA,DEL,6E,IndiGo,6E 6925,2026-09-17,7,economy,,,9778.0,False,12:00,ok,2026-09-10T05:54:27.866321+05:30,2026-09-10_0554IST,airline_direct,IndiGo
MAA,DEL,6E,IndiGo,6E 848,2026-09-17,7,economy,,,9778.0,False,17:50,ok,2026-09-10T05:54:27.866321+05:30,2026-09-10_0554IST,airline_direct,IndiGo
MAA,DEL,6E,IndiGo,6E 562,2026-09-17,7,economy,,,9778.0,False,18:20,ok,2026-09-10T05:54:27.866321+05:30,2026-09-10_0554IST,airline_direct,IndiGo
MAA,DEL,6E,IndiGo,6E 193,2026-09-17,7,economy,,,9778.0,False,20:00,ok,2026-09-10T05:54:27.866321+05:30,2026-09-10_0554IST,airline_direct,IndiGo
MAA,DEL,6E,IndiGo,6E 6487,2026-09-17,7,business,,,30367.0,False,21:25,ok,2026-09-10T05:54:27.866321+05:30,2026-09-10_0554IST,airline_direct,IndiGo
MAA,DEL,6E,IndiGo,6E 6487,2026-09-17,7,economy,,,9778.0,False,21:25,ok,2026-09-10T05:54:27.866321+05:30,2026-09-10_0554IST,airline_direct,IndiGo
MAA,DEL,6E,IndiGo,6E 561,2026-09-17,7,business,,,28059.0,False,22:20,ok,2026-09-10T05:54:27.866321+05:30,2026-09-10_0554IST,airline_direct,IndiGo
MAA,DEL,6E,IndiGo,6E 561,2026-09-17,7,economy,,,9778.0,False,22:20,ok,2026-09-10T05:54:27.866321+05:30,2026-09-10_0554IST,airline_direct,IndiGo
MAA,DEL,6E,IndiGo,6E 6815,2026-09-17,7,business,,,32713.0,False,08:55,ok,2026-09-10T05:54:27.866321+05:30,2026-09-10_0554IST,airline_direct,IndiGo
MAA,DEL,6E,IndiGo,6E 6815,2026-09-17,7,economy,,,9857.0,False,08:55,ok,2026-09-10T05:54:27.866321+05:30,2026-09-10_0554IST,airline_direct,IndiGo
MAA,DEL,6E,IndiGo,6E 6892,2026-09-17,7,business,,,32713.0,False,10:55,ok,2026-09-10T05:54:27.866321+05:30,2026-09-10_0554IST,airline_direct,IndiGo
MAA,DEL,6E,IndiGo,6E 6892,2026-09-17,7,economy,,,9857.0,False,10:55,ok,2026-09-10T05:54:27.866321+05:30,2026-09-10_0554IST,airline_direct,IndiGo
MAA,DEL,6E,IndiGo,6E 6892,2026-09-17,7,business,,,32713.0,False,10:55,ok,2026-09-10T05:54:27.866321+05:30,2026-09-10_0554IST,airline_direct,IndiGo
MAA,DEL,6E,IndiGo,6E 6892,2026-09-17,7,economy,,,9857.0,False,10:55,ok,2026-09-10T05:54:27.866321+05:30,2026-09-10_0554IST,airline_direct,IndiGo
MAA,DEL,6E,IndiGo,6E 726,2026-09-17,7,economy,,,9857.0,False,18:20,ok,2026-09-10T05:54:27.866321+05:30,2026-09-10_0554IST,airline_direct,IndiGo
MAA,DEL,6E,IndiGo,6E 6140,2026-09-17,7,business,,,32775.0,False,02:30,ok,2026-09-10T05:54:27.866321+05:30,2026-09-10_0554IST,airline_direct,IndiGo
MAA,DEL,6E,IndiGo,6E 6140,2026-09-17,7,economy,,,9988.0,False,02:30,ok,2026-09-10T05:54:27.866321+05:30,2026-09-10_0554IST,airline_direct,IndiGo
MAA,DEL,6E,IndiGo,6E 6140,2026-09-17,7,business,,,32775.0,False,02:30,ok,2026-09-10T05:54:27.866321+05:30,2026-09-10_0554IST,airline_direct,IndiGo
MAA,DEL,6E,IndiGo,6E 6140,2026-09-17,7,economy,,,9988.0,False,02:30,ok,2026-09-10T05:54:27.866321+05:30,2026-09-10_0554IST,airline_direct,IndiGo
MAA,DEL,6E,IndiGo,6E 321,2026-09-17,7,business,,,37228.0,False,08:20,ok,2026-09-10T05:54:27.866321+05:30,2026-09-10_0554IST,airline_direct,IndiGo
MAA,DEL,6E,IndiGo,6E 321,2026-09-17,7,economy,,,9988.0,False,08:20,ok,2026-09-10T05:54:27.866321+05:30,2026-09-10_0554IST,airline_direct,IndiGo
MAA,DEL,6E,IndiGo,6E 6348,2026-09-17,7,business,,,39741.0,False,09:00,ok,2026-09-10T05:54:27.866321+05:30,2026-09-10_0554IST,airline_direct,IndiGo
MAA,DEL,6E,IndiGo,6E 6348,2026-09-17,7,economy,,,9988.0,False,09:00,ok,2026-09-10T05:54:27.866321+05:30,2026-09-10_0554IST,airline_direct,IndiGo
MAA,DEL,6E,IndiGo,6E 6348,2026-09-17,7,business,,,43340.0,False,09:00,ok,2026-09-10T05:54:27.866321+05:30,2026-09-10_0554IST,airline_direct,IndiGo
MAA,DEL,6E,IndiGo,6E 6348,2026-09-17,7,economy,,,9988.0,False,09:00,ok,2026-09-10T05:54:27.866321+05:30,2026-09-10_0554IST,airline_direct,IndiGo
MAA,DEL,6E,IndiGo,6E 5214,2026-09-17,7,business,,,39741.0,False,11:00,ok,2026-09-10T05:54:27.866321+05:30,2026-09-10_0554IST,airline_direct,IndiGo
MAA,DEL,6E,IndiGo,6E 5214,2026-09-17,7,economy,,,9988.0,False,11:00,ok,2026-09-10T05:54:27.866321+05:30,2026-09-10_0554IST,airline_direct,IndiGo
MAA,DEL,6E,IndiGo,6E 6326,2026-09-17,7,business,,,35937.0,False,11:45,ok,2026-09-10T05:54:27.866321+05:30,2026-09-10_0554IST,airline_direct,IndiGo
MAA,DEL,6E,IndiGo,6E 6326,2026-09-17,7,economy,,,9988.0,False,11:45,ok,2026-09-10T05:54:27.866321+05:30,2026-09-10_0554IST,airline_direct,IndiGo
MAA,DEL,6E,IndiGo,6E 5258,2026-09-17,7,business,,,39741.0,False,12:45,ok,2026-09-10T05:54:27.866321+05:30,2026-09-10_0554IST,airline_direct,IndiGo
MAA,DEL,6E,IndiGo,6E 5258,2026-09-17,7,economy,,,9988.0,False,12:45,ok,2026-09-10T05:54:27.866321+05:30,2026-09-10_0554IST,airline_direct,IndiGo
MAA,DEL,6E,IndiGo,6E 5371,2026-09-17,7,business,,,39741.0,False,14:45,ok,2026-09-10T05:54:27.866321+05:30,2026-09-10_0554IST,airline_direct,IndiGo
MAA,DEL,6E,IndiGo,6E 5371,2026-09-17,7,economy,,,9988.0,False,14:45,ok,2026-09-10T05:54:27.866321+05:30,2026-09-10_0554IST,airline_direct,IndiGo
MAA,DEL,6E,IndiGo,6E 5104,2026-09-17,7,business,,,39741.0,False,16:40,ok,2026-09-10T05:54:27.866321+05:30,2026-09-10_0554IST,airline_direct,IndiGo
MAA,DEL,6E,IndiGo,6E 5104,2026-09-17,7,economy,,,9988.0,False,16:40,ok,2026-09-10T05:54:27.866321+05:30,2026-09-10_0554IST,airline_direct,IndiGo
MAA,DEL,6E,IndiGo,6E 6113,2026-09-17,7,economy,,,9988.0,False,17:00,ok,2026-09-10T05:54:27.866321+05:30,2026-09-10_0554IST,airline_direct,IndiGo
MAA,DEL,6E,IndiGo,6E 606,2026-09-17,7,business,,,34049.0,False,18:05,ok,2026-09-10T05:54:27.866321+05:30,2026-09-10_0554IST,airline_direct,IndiGo
MAA,DEL,6E,IndiGo,6E 606,2026-09-17,7,economy,,,9988.0,False,18:05,ok,2026-09-10T05:54:27.866321+05:30,2026-09-10_0554IST,airline_direct,IndiGo
MAA,DEL,6E,IndiGo,6E 6797,2026-09-17,7,economy,,,10325.0,False,13:10,ok,2026-09-10T05:54:27.866321+05:30,2026-09-10_0554IST,airline_direct,IndiGo
MAA,DEL,6E,IndiGo,6E 834,2026-09-17,7,business,,,30979.0,False,09:05,ok,2026-09-10T05:54:27.866321+05:30,2026-09-10_0554IST,airline_direct,IndiGo
MAA,DEL,6E,IndiGo,6E 834,2026-09-17,7,economy,,,10535.0,False,09:05,ok,2026-09-10T05:54:27.866321+05:30,2026-09-10_0554IST,airline_direct,IndiGo
MAA,DEL,6E,IndiGo,6E 7084,2026-09-17,7,economy,,,11235.0,False,07:20,ok,2026-09-10T05:54:27.866321+05:30,2026-09-10_0554IST,airline_direct,IndiGo
MAA,DEL,6E,IndiGo,6E 834,2026-09-17,7,business,,,30979.0,False,09:05,ok,2026-09-10T05:54:27.866321+05:30,2026-09-10_0554IST,airline_direct,IndiGo
MAA,DEL,6E,IndiGo,6E 834,2026-09-17,7,economy,,,11366.0,False,09:05,ok,2026-09-10T05:54:27.866321+05:30,2026-09-10_0554IST,airline_direct,IndiGo
MAA,DEL,6E,IndiGo,6E 372,2026-09-17,7,business,,,30916.0,False,09:55,ok,2026-09-10T05:54:27.866321+05:30,2026-09-10_0554IST,airline_direct,IndiGo
MAA,DEL,6E,IndiGo,6E 372,2026-09-17,7,economy,,,11366.0,False,09:55,ok,2026-09-10T05:54:27.866321+05:30,2026-09-10_0554IST,airline_direct,IndiGo
MAA,DEL,6E,IndiGo,6E 183,2026-09-17,7,business,,,28415.0,False,16:35,ok,2026-09-10T05:54:27.866321+05:30,2026-09-10_0554IST,airline_direct,IndiGo
MAA,DEL,6E,IndiGo,6E 183,2026-09-17,7,economy,,,12204.0,False,16:35,ok,2026-09-10T05:54:27.866321+05:30,2026-09-10_0554IST,airline_direct,IndiGo
MAA,DEL,6E,IndiGo,6E 973,2026-09-17,7,economy,,,12277.0,False,11:55,ok,2026-09-10T05:54:27.866321+05:30,2026-09-10_0554IST,airline_direct,IndiGo
MAA,DEL,6E,IndiGo,6E 502,2026-09-17,7,business,,,28415.0,False,11:10,ok,2026-09-10T05:54:27.866321+05:30,2026-09-10_0554IST,airline_direct,IndiGo
MAA,DEL,6E,IndiGo,6E 502,2026-09-17,7,economy,,,12498.0,False,11:10,ok,2026-09-10T05:54:27.866321+05:30,2026-09-10_0554IST,airline_direct,IndiGo
MAA,DEL,6E,IndiGo,6E 6925,2026-09-17,7,economy,,,13484.0,False,12:00,ok,2026-09-10T05:54:27.866321+05:30,2026-09-10_0554IST,airline_direct,IndiGo
MAA,DEL,6E,IndiGo,6E 597,2026-09-17,7,economy,,,13644.0,False,17:45,ok,2026-09-10T05:54:27.866321+05:30,2026-09-10_0554IST,airline_direct,IndiGo
MAA,DEL,6E,IndiGo,6E 6081,2026-09-17,7,business,,,34299.0,False,07:05,ok,2026-09-10T05:54:27.866321+05:30,2026-09-10_0554IST,airline_direct,IndiGo
MAA,DEL,6E,IndiGo,6E 6081,2026-09-17,7,economy,,,13839.0,False,07:05,ok,2026-09-10T05:54:27.866321+05:30,2026-09-10_0554IST,airline_direct,IndiGo
MAA,DEL,6E,IndiGo,6E 6081,2026-09-17,7,business,,,34299.0,False,07:05,ok,2026-09-10T05:54:27.866321+05:30,2026-09-10_0554IST,airline_direct,IndiGo
MAA,DEL,6E,IndiGo,6E 6081,2026-09-17,7,economy,,,13839.0,False,07:05,ok,2026-09-10T05:54:27.866321+05:30,2026-09-10_0554IST,airline_direct,IndiGo
MAA,DEL,6E,IndiGo,6E 6209,2026-09-17,7,business,,,35766.0,False,14:35,ok,2026-09-10T05:54:27.866321+05:30,2026-09-10_0554IST,airline_direct,IndiGo
MAA,DEL,6E,IndiGo,6E 6209,2026-09-17,7,economy,,,14282.0,False,14:35,ok,2026-09-10T05:54:27.866321+05:30,2026-09-10_0554IST,airline_direct,IndiGo
MAA,DEL,6E,IndiGo,6E 365,2026-09-17,7,business,,,33846.0,False,17:45,ok,2026-09-10T05:54:27.866321+05:30,2026-09-10_0554IST,airline_direct,IndiGo
MAA,DEL,6E,IndiGo,6E 365,2026-09-17,7,economy,,,14452.0,False,17:45,ok,2026-09-10T05:54:27.866321+05:30,2026-09-10_0554IST,airline_direct,IndiGo
MAA,DEL,6E,IndiGo,6E 6209,2026-09-17,7,business,,,34797.0,False,14:35,ok,2026-09-10T05:54:27.866321+05:30,2026-09-10_0554IST,airline_direct,IndiGo
MAA,DEL,6E,IndiGo,6E 6209,2026-09-17,7,economy,,,15287.0,False,14:35,ok,2026-09-10T05:54:27.866321+05:30,2026-09-10_0554IST,airline_direct,IndiGo
MAA,DEL,6E,IndiGo,6E 847,2026-09-17,7,business,,,33846.0,False,16:15,ok,2026-09-10T05:54:27.866321+05:30,2026-09-10_0554IST,airline_direct,IndiGo
MAA,DEL,6E,IndiGo,6E 847,2026-09-17,7,economy,,,15585.0,False,16:15,ok,2026-09-10T05:54:27.866321+05:30,2026-09-10_0554IST,airline_direct,IndiGo
MAA,DEL,6E,IndiGo,6E 495,2026-09-17,7,business,,,30979.0,False,07:10,ok,2026-09-10T05:54:27.866321+05:30,2026-09-10_0554IST,airline_direct,IndiGo
MAA,DEL,6E,IndiGo,6E 495,2026-09-17,7,economy,,,16016.0,False,07:10,ok,2026-09-10T05:54:27.866321+05:30,2026-09-10_0554IST,airline_direct,IndiGo
MAA,DEL,6E,IndiGo,6E 5367,2026-09-17,7,business,,,39741.0,False,18:15,ok,2026-09-10T05:54:27.866321+05:30,2026-09-10_0554IST,airline_direct,IndiGo
MAA,DEL,6E,IndiGo,6E 5367,2026-09-17,7,economy,,,16085.0,False,18:15,ok,2026-09-10T05:54:27.866321+05:30,2026-09-10_0554IST,airline_direct,IndiGo
MAA,DEL,6E,IndiGo,6E 189,2026-09-17,7,business,,,35343.0,False,19:05,ok,2026-09-10T05:54:27.866321+05:30,2026-09-10_0554IST,airline_direct,IndiGo
MAA,DEL,6E,IndiGo,6E 189,2026-09-17,7,economy,,,16326.0,False,19:05,ok,2026-09-10T05:54:27.866321+05:30,2026-09-10_0554IST,airline_direct,IndiGo
MAA,DEL,6E,IndiGo,6E 6158,2026-09-17,7,economy,,,16348.0,False,16:10,ok,2026-09-10T05:54:27.866321+05:30,2026-09-10_0554IST,airline_direct,IndiGo
DEL,CCU,6E,IndiGo,6E 5191,2026-09-25,15,business,,,22600.0,False,05:00,ok,2026-09-10T05:55:26.908644+05:30,2026-09-10_0555IST,airline_direct,IndiGo
DEL,CCU,6E,IndiGo,6E 5191,2026-09-25,15,economy,,,8703.0,False,05:00,ok,2026-09-10T05:55:26.908644+05:30,2026-09-10_0555IST,airline_direct,IndiGo
DEL,CCU,6E,IndiGo,6E 340,2026-09-25,15,business,,,22600.0,False,07:20,ok,2026-09-10T05:55:26.908644+05:30,2026-09-10_0555IST,airline_direct,IndiGo
DEL,CCU,6E,IndiGo,6E 340,2026-09-25,15,economy,,,8703.0,False,07:20,ok,2026-09-10T05:55:26.908644+05:30,2026-09-10_0555IST,airline_direct,IndiGo
DEL,CCU,6E,IndiGo,6E 513,2026-09-25,15,business,,,22600.0,False,08:30,ok,2026-09-10T05:55:26.908644+05:30,2026-09-10_0555IST,airline_direct,IndiGo
DEL,CCU,6E,IndiGo,6E 513,2026-09-25,15,economy,,,8703.0,False,08:30,ok,2026-09-10T05:55:26.908644+05:30,2026-09-10_0555IST,airline_direct,IndiGo
DEL,CCU,6E,IndiGo,6E 894,2026-09-25,15,business,,,22600.0,False,10:15,ok,2026-09-10T05:55:26.908644+05:30,2026-09-10_0555IST,airline_direct,IndiGo
DEL,CCU,6E,IndiGo,6E 894,2026-09-25,15,economy,,,8703.0,False,10:15,ok,2026-09-10T05:55:26.908644+05:30,2026-09-10_0555IST,airline_direct,IndiGo
DEL,CCU,6E,IndiGo,6E 897,2026-09-25,15,business,,,22600.0,False,12:45,ok,2026-09-10T05:55:26.908644+05:30,2026-09-10_0555IST,airline_direct,IndiGo
DEL,CCU,6E,IndiGo,6E 897,2026-09-25,15,economy,,,8703.0,False,12:45,ok,2026-09-10T05:55:26.908644+05:30,2026-09-10_0555IST,airline_direct,IndiGo
DEL,CCU,6E,IndiGo,6E 910,2026-09-25,15,business,,,22600.0,False,14:25,ok,2026-09-10T05:55:26.908644+05:30,2026-09-10_0555IST,airline_direct,IndiGo
DEL,CCU,6E,IndiGo,6E 910,2026-09-25,15,economy,,,8703.0,False,14:25,ok,2026-09-10T05:55:26.908644+05:30,2026-09-10_0555IST,airline_direct,IndiGo
DEL,CCU,6E,IndiGo,6E 6415,2026-09-25,15,business,,,22600.0,False,16:00,ok,2026-09-10T05:55:26.908644+05:30,2026-09-10_0555IST,airline_direct,IndiGo
DEL,CCU,6E,IndiGo,6E 6415,2026-09-25,15,economy,,,8703.0,False,16:00,ok,2026-09-10T05:55:26.908644+05:30,2026-09-10_0555IST,airline_direct,IndiGo
DEL,CCU,6E,IndiGo,6E 2276,2026-09-25,15,business,,,22600.0,False,17:55,ok,2026-09-10T05:55:26.908644+05:30,2026-09-10_0555IST,airline_direct,IndiGo
DEL,CCU,6E,IndiGo,6E 2276,2026-09-25,15,economy,,,8703.0,False,17:55,ok,2026-09-10T05:55:26.908644+05:30,2026-09-10_0555IST,airline_direct,IndiGo
DEL,CCU,6E,IndiGo,6E 6517,2026-09-25,15,business,,,22600.0,False,19:30,ok,2026-09-10T05:55:26.908644+05:30,2026-09-10_0555IST,airline_direct,IndiGo
DEL,CCU,6E,IndiGo,6E 6517,2026-09-25,15,economy,,,8703.0,False,19:30,ok,2026-09-10T05:55:26.908644+05:30,2026-09-10_0555IST,airline_direct,IndiGo
DEL,CCU,6E,IndiGo,6E 389,2026-09-25,15,business,,,22600.0,False,21:50,ok,2026-09-10T05:55:26.908644+05:30,2026-09-10_0555IST,airline_direct,IndiGo
DEL,CCU,6E,IndiGo,6E 389,2026-09-25,15,economy,,,8703.0,False,21:50,ok,2026-09-10T05:55:26.908644+05:30,2026-09-10_0555IST,airline_direct,IndiGo
DEL,CCU,6E,IndiGo,6E 247,2026-09-25,15,business,,,22600.0,False,23:30,ok,2026-09-10T05:55:26.908644+05:30,2026-09-10_0555IST,airline_direct,IndiGo
DEL,CCU,6E,IndiGo,6E 247,2026-09-25,15,economy,,,8703.0,False,23:30,ok,2026-09-10T05:55:26.908644+05:30,2026-09-10_0555IST,airline_direct,IndiGo
DEL,CCU,6E,IndiGo,6E 6245,2026-09-25,15,economy,,,7376.0,False,06:20,ok,2026-09-10T05:55:26.908644+05:30,2026-09-10_0555IST,airline_direct,IndiGo
DEL,CCU,6E,IndiGo,6E 2453,2026-09-25,15,economy,,,7376.0,False,13:35,ok,2026-09-10T05:55:26.908644+05:30,2026-09-10_0555IST,airline_direct,IndiGo
DEL,CCU,6E,IndiGo,6E 6236,2026-09-25,15,economy,,,7376.0,False,16:20,ok,2026-09-10T05:55:26.908644+05:30,2026-09-10_0555IST,airline_direct,IndiGo
DEL,CCU,6E,IndiGo,6E 6312,2026-09-25,15,economy,,,7507.0,False,14:25,ok,2026-09-10T05:55:26.908644+05:30,2026-09-10_0555IST,airline_direct,IndiGo
DEL,CCU,6E,IndiGo,6E 2361,2026-09-25,15,economy,,,7507.0,False,14:35,ok,2026-09-10T05:55:26.908644+05:30,2026-09-10_0555IST,airline_direct,IndiGo
DEL,CCU,6E,IndiGo,6E 5038,2026-09-25,15,economy,,,7586.0,False,14:00,ok,2026-09-10T05:55:26.908644+05:30,2026-09-10_0555IST,airline_direct,IndiGo
DEL,CCU,6E,IndiGo,6E 2203,2026-09-25,15,economy,,,7691.0,False,04:45,ok,2026-09-10T05:55:26.908644+05:30,2026-09-10_0555IST,airline_direct,IndiGo
DEL,CCU,6E,IndiGo,6E 6124,2026-09-25,15,economy,,,7691.0,False,07:30,ok,2026-09-10T05:55:26.908644+05:30,2026-09-10_0555IST,airline_direct,IndiGo
DEL,CCU,6E,IndiGo,6E 5215,2026-09-25,15,economy,,,7691.0,False,07:45,ok,2026-09-10T05:55:26.908644+05:30,2026-09-10_0555IST,airline_direct,IndiGo
DEL,CCU,6E,IndiGo,6E 5307,2026-09-25,15,economy,,,7691.0,False,10:50,ok,2026-09-10T05:55:26.908644+05:30,2026-09-10_0555IST,airline_direct,IndiGo
DEL,CCU,6E,IndiGo,6E 6829,2026-09-25,15,economy,,,7717.0,False,17:20,ok,2026-09-10T05:55:26.908644+05:30,2026-09-10_0555IST,airline_direct,IndiGo
DEL,CCU,6E,IndiGo,6E 6503,2026-09-25,15,economy,,,7901.0,False,13:25,ok,2026-09-10T05:55:26.908644+05:30,2026-09-10_0555IST,airline_direct,IndiGo
DEL,CCU,6E,IndiGo,6E 6503,2026-09-25,15,economy,,,7901.0,False,13:25,ok,2026-09-10T05:55:26.908644+05:30,2026-09-10_0555IST,airline_direct,IndiGo
DEL,CCU,6E,IndiGo,6E 5119,2026-09-25,15,economy,,,7927.0,False,05:10,ok,2026-09-10T05:55:26.908644+05:30,2026-09-10_0555IST,airline_direct,IndiGo
DEL,CCU,6E,IndiGo,6E 203,2026-09-25,15,business,,,28673.0,False,07:10,ok,2026-09-10T05:55:26.908644+05:30,2026-09-10_0555IST,airline_direct,IndiGo
DEL,CCU,6E,IndiGo,6E 203,2026-09-25,15,economy,,,7927.0,False,07:10,ok,2026-09-10T05:55:26.908644+05:30,2026-09-10_0555IST,airline_direct,IndiGo
DEL,CCU,6E,IndiGo,6E 203,2026-09-25,15,business,,,28673.0,False,07:10,ok,2026-09-10T05:55:26.908644+05:30,2026-09-10_0555IST,airline_direct,IndiGo
DEL,CCU,6E,IndiGo,6E 203,2026-09-25,15,economy,,,7927.0,False,07:10,ok,2026-09-10T05:55:26.908644+05:30,2026-09-10_0555IST,airline_direct,IndiGo
DEL,CCU,6E,IndiGo,6E 705,2026-09-25,15,business,,,28673.0,False,08:30,ok,2026-09-10T05:55:26.908644+05:30,2026-09-10_0555IST,airline_direct,IndiGo
DEL,CCU,6E,IndiGo,6E 705,2026-09-25,15,economy,,,7927.0,False,08:30,ok,2026-09-10T05:55:26.908644+05:30,2026-09-10_0555IST,airline_direct,IndiGo
DEL,CCU,6E,IndiGo,6E 705,2026-09-25,15,business,,,28673.0,False,08:30,ok,2026-09-10T05:55:26.908644+05:30,2026-09-10_0555IST,airline_direct,IndiGo
DEL,CCU,6E,IndiGo,6E 705,2026-09-25,15,economy,,,7927.0,False,08:30,ok,2026-09-10T05:55:26.908644+05:30,2026-09-10_0555IST,airline_direct,IndiGo
DEL,CCU,6E,IndiGo,6E 6293,2026-09-25,15,business,,,28673.0,False,09:55,ok,2026-09-10T05:55:26.908644+05:30,2026-09-10_0555IST,airline_direct,IndiGo
DEL,CCU,6E,IndiGo,6E 6293,2026-09-25,15,economy,,,7927.0,False,09:55,ok,2026-09-10T05:55:26.908644+05:30,2026-09-10_0555IST,airline_direct,IndiGo
DEL,CCU,6E,IndiGo,6E 884,2026-09-25,15,business,,,28673.0,False,11:45,ok,2026-09-10T05:55:26.908644+05:30,2026-09-10_0555IST,airline_direct,IndiGo
DEL,CCU,6E,IndiGo,6E 884,2026-09-25,15,economy,,,7927.0,False,11:45,ok,2026-09-10T05:55:26.908644+05:30,2026-09-10_0555IST,airline_direct,IndiGo
DEL,CCU,6E,IndiGo,6E 2331,2026-09-25,15,economy,,,7927.0,False,12:20,ok,2026-09-10T05:55:26.908644+05:30,2026-09-10_0555IST,airline_direct,IndiGo
DEL,CCU,6E,IndiGo,6E 6212,2026-09-25,15,business,,,28201.0,False,14:45,ok,2026-09-10T05:55:26.908644+05:30,2026-09-10_0555IST,airline_direct,IndiGo
DEL,CCU,6E,IndiGo,6E 6212,2026-09-25,15,economy,,,7927.0,False,14:45,ok,2026-09-10T05:55:26.908644+05:30,2026-09-10_0555IST,airline_direct,IndiGo
DEL,CCU,6E,IndiGo,6E 2341,2026-09-25,15,economy,,,7927.0,False,14:50,ok,2026-09-10T05:55:26.908644+05:30,2026-09-10_0555IST,airline_direct,IndiGo
DEL,CCU,6E,IndiGo,6E 2341,2026-09-25,15,economy,,,7927.0,False,14:50,ok,2026-09-10T05:55:26.908644+05:30,2026-09-10_0555IST,airline_direct,IndiGo
DEL,CCU,6E,IndiGo,6E 6217,2026-09-25,15,business,,,28201.0,False,16:15,ok,2026-09-10T05:55:26.908644+05:30,2026-09-10_0555IST,airline_direct,IndiGo
DEL,CCU,6E,IndiGo,6E 6217,2026-09-25,15,economy,,,7927.0,False,16:15,ok,2026-09-10T05:55:26.908644+05:30,2026-09-10_0555IST,airline_direct,IndiGo
DEL,CCU,6E,IndiGo,6E 5073,2026-09-25,15,economy,,,7927.0,False,17:05,ok,2026-09-10T05:55:26.908644+05:30,2026-09-10_0555IST,airline_direct,IndiGo
DEL,CCU,6E,IndiGo,6E 717,2026-09-25,15,business,,,28201.0,False,17:55,ok,2026-09-10T05:55:26.908644+05:30,2026-09-10_0555IST,airline_direct,IndiGo
DEL,CCU,6E,IndiGo,6E 717,2026-09-25,15,economy,,,7927.0,False,17:55,ok,2026-09-10T05:55:26.908644+05:30,2026-09-10_0555IST,airline_direct,IndiGo
DEL,CCU,6E,IndiGo,6E 882,2026-09-25,15,business,,,28201.0,False,23:15,ok,2026-09-10T05:55:26.908644+05:30,2026-09-10_0555IST,airline_direct,IndiGo
DEL,CCU,6E,IndiGo,6E 882,2026-09-25,15,economy,,,7927.0,False,23:15,ok,2026-09-10T05:55:26.908644+05:30,2026-09-10_0555IST,airline_direct,IndiGo
DEL,CCU,6E,IndiGo,6E 6371,2026-09-25,15,economy,,,8032.0,False,06:20,ok,2026-09-10T05:55:26.908644+05:30,2026-09-10_0555IST,airline_direct,IndiGo
DEL,CCU,6E,IndiGo,6E 6551,2026-09-25,15,economy,,,8032.0,False,12:00,ok,2026-09-10T05:55:26.908644+05:30,2026-09-10_0555IST,airline_direct,IndiGo
DEL,CCU,6E,IndiGo,6E 5036,2026-09-25,15,economy,,,8115.0,False,08:00,ok,2026-09-10T05:55:26.908644+05:30,2026-09-10_0555IST,airline_direct,IndiGo
DEL,CCU,6E,IndiGo,6E 6312,2026-09-25,15,economy,,,8115.0,False,14:25,ok,2026-09-10T05:55:26.908644+05:30,2026-09-10_0555IST,airline_direct,IndiGo
DEL,CCU,6E,IndiGo,6E 734,2026-09-25,15,economy,,,8115.0,False,16:20,ok,2026-09-10T05:55:26.908644+05:30,2026-09-10_0555IST,airline_direct,IndiGo
DEL,CCU,6E,IndiGo,6E 2259,2026-09-25,15,economy,,,8194.0,False,12:20,ok,2026-09-10T05:55:26.908644+05:30,2026-09-10_0555IST,airline_direct,IndiGo
DEL,CCU,6E,IndiGo,6E 6130,2026-09-25,15,economy,,,8194.0,False,12:55,ok,2026-09-10T05:55:26.908644+05:30,2026-09-10_0555IST,airline_direct,IndiGo
DEL,CCU,6E,IndiGo,6E 6053,2026-09-25,15,economy,,,8194.0,False,13:05,ok,2026-09-10T05:55:26.908644+05:30,2026-09-10_0555IST,airline_direct,IndiGo
DEL,CCU,6E,IndiGo,6E 2614,2026-09-25,15,economy,,,8194.0,False,14:40,ok,2026-09-10T05:55:26.908644+05:30,2026-09-10_0555IST,airline_direct,IndiGo
DEL,CCU,6E,IndiGo,6E 2614,2026-09-25,15,economy,,,8194.0,False,14:40,ok,2026-09-10T05:55:26.908644+05:30,2026-09-10_0555IST,airline_direct,IndiGo
DEL,CCU,6E,IndiGo,6E 5215,2026-09-25,15,economy,,,8299.0,False,07:45,ok,2026-09-10T05:55:26.908644+05:30,2026-09-10_0555IST,airline_direct,IndiGo
DEL,CCU,6E,IndiGo,6E 5033,2026-09-25,15,economy,,,8862.0,False,15:50,ok,2026-09-10T05:55:26.908644+05:30,2026-09-10_0555IST,airline_direct,IndiGo
DEL,CCU,6E,IndiGo,6E 5041,2026-09-25,15,economy,,,8967.0,False,15:10,ok,2026-09-10T05:55:26.908644+05:30,2026-09-10_0555IST,airline_direct,IndiGo
DEL,CCU,6E,IndiGo,6E 6073,2026-09-25,15,economy,,,10404.0,False,05:00,ok,2026-09-10T05:55:26.908644+05:30,2026-09-10_0555IST,airline_direct,IndiGo
DEL,CCU,6E,IndiGo,6E 6190,2026-09-25,15,economy,,,10404.0,False,07:40,ok,2026-09-10T05:55:26.908644+05:30,2026-09-10_0555IST,airline_direct,IndiGo
DEL,CCU,6E,IndiGo,6E 5298,2026-09-25,15,economy,,,12268.0,False,09:00,ok,2026-09-10T05:55:26.908644+05:30,2026-09-10_0555IST,airline_direct,IndiGo
DEL,CCU,6E,IndiGo,6E 6282,2026-09-25,15,business,,,28673.0,False,13:30,ok,2026-09-10T05:55:26.908644+05:30,2026-09-10_0555IST,airline_direct,IndiGo
DEL,CCU,6E,IndiGo,6E 6282,2026-09-25,15,economy,,,14554.0,False,13:30,ok,2026-09-10T05:55:26.908644+05:30,2026-09-10_0555IST,airline_direct,IndiGo
DEL,CCU,6E,IndiGo,6E 5041,2026-09-25,15,economy,,,16640.0,False,15:10,ok,2026-09-10T05:55:26.908644+05:30,2026-09-10_0555IST,airline_direct,IndiGo
DEL,CCU,6E,IndiGo,6E 6190,2026-09-25,15,economy,,,17241.0,False,07:40,ok,2026-09-10T05:55:26.908644+05:30,2026-09-10_0555IST,airline_direct,IndiGo
DEL,CCU,6E,IndiGo,6E 2296,2026-09-25,15,economy,,,18807.0,False,09:20,ok,2026-09-10T05:55:26.908644+05:30,2026-09-10_0555IST,airline_direct,IndiGo
MAA,DEL,6E,IndiGo,error,2026-09-25,15,unknown,,,,False,unknown,error,2026-09-10T05:56:32.189041+05:30,2026-09-10_0556IST,airline_direct,IndiGo
BLR,HYD,6E,IndiGo,6E 855,2026-10-10,30,economy,,,4235.0,False,19:45,ok,2026-09-10T05:57:25.993083+05:30,2026-09-10_0557IST,airline_direct,IndiGo
BLR,HYD,6E,IndiGo,6E 6784,2026-10-10,30,economy,,,6239.0,False,21:25,ok,2026-09-10T05:57:25.993083+05:30,2026-09-10_0557IST,airline_direct,IndiGo
BLR,HYD,6E,IndiGo,6E 638,2026-10-10,30,economy,,,6772.0,False,18:35,ok,2026-09-10T05:57:25.993083+05:30,2026-09-10_0557IST,airline_direct,IndiGo
BLR,HYD,6E,IndiGo,6E 6067,2026-10-10,30,economy,,,8727.0,False,16:30,ok,2026-09-10T05:57:25.993083+05:30,2026-09-10_0557IST,airline_direct,IndiGo
BLR,HYD,6E,IndiGo,6E 407,2026-10-10,30,economy,,,9518.0,False,14:50,ok,2026-09-10T05:57:25.993083+05:30,2026-09-10_0557IST,airline_direct,IndiGo
BLR,HYD,6E,IndiGo,6E 6178,2026-10-10,30,economy,,,11353.0,False,06:10,ok,2026-09-10T05:57:25.993083+05:30,2026-09-10_0557IST,airline_direct,IndiGo
BLR,HYD,6E,IndiGo,6E 537,2026-10-10,30,economy,,,12416.0,False,10:15,ok,2026-09-10T05:57:25.993083+05:30,2026-09-10_0557IST,airline_direct,IndiGo
BLR,HYD,6E,IndiGo,6E 312,2026-10-10,30,economy,,,13589.0,False,09:15,ok,2026-09-10T05:57:25.993083+05:30,2026-09-10_0557IST,airline_direct,IndiGo
BLR,HYD,6E,IndiGo,6E 6404,2026-10-10,30,economy,,,13589.0,False,11:35,ok,2026-09-10T05:57:25.993083+05:30,2026-09-10_0557IST,airline_direct,IndiGo
BLR,HYD,6E,IndiGo,6E 484,2026-10-10,30,economy,,,14882.0,False,08:15,ok,2026-09-10T05:57:25.993083+05:30,2026-09-10_0557IST,airline_direct,IndiGo
BLR,HYD,6E,IndiGo,6E 7227,2026-10-10,30,economy,,,5331.0,False,06:25,ok,2026-09-10T05:57:25.993083+05:30,2026-09-10_0557IST,airline_direct,IndiGo
BLR,HYD,6E,IndiGo,6E 6563,2026-10-10,30,economy,,,5463.0,False,01:05,ok,2026-09-10T05:57:25.993083+05:30,2026-09-10_0557IST,airline_direct,IndiGo
BLR,HYD,6E,IndiGo,6E 6876,2026-10-10,30,economy,,,5463.0,False,02:40,ok,2026-09-10T05:57:25.993083+05:30,2026-09-10_0557IST,airline_direct,IndiGo
BLR,HYD,6E,IndiGo,6E 7204,2026-10-10,30,economy,,,5463.0,False,06:50,ok,2026-09-10T05:57:25.993083+05:30,2026-09-10_0557IST,airline_direct,IndiGo
BLR,HYD,6E,IndiGo,6E 7204,2026-10-10,30,economy,,,5463.0,False,06:50,ok,2026-09-10T05:57:25.993083+05:30,2026-09-10_0557IST,airline_direct,IndiGo
BLR,HYD,6E,IndiGo,6E 857,2026-10-10,30,economy,,,5463.0,False,07:05,ok,2026-09-10T05:57:25.993083+05:30,2026-09-10_0557IST,airline_direct,IndiGo
BLR,HYD,6E,IndiGo,6E 857,2026-10-10,30,economy,,,5463.0,False,07:05,ok,2026-09-10T05:57:25.993083+05:30,2026-09-10_0557IST,airline_direct,IndiGo
BLR,HYD,6E,IndiGo,6E 6269,2026-10-10,30,economy,,,5463.0,False,07:15,ok,2026-09-10T05:57:25.993083+05:30,2026-09-10_0557IST,airline_direct,IndiGo
BLR,HYD,6E,IndiGo,6E 7005,2026-10-10,30,economy,,,5463.0,False,08:05,ok,2026-09-10T05:57:25.993083+05:30,2026-09-10_0557IST,airline_direct,IndiGo
BLR,HYD,6E,IndiGo,6E 6445,2026-10-10,30,economy,,,5463.0,False,10:25,ok,2026-09-10T05:57:25.993083+05:30,2026-09-10_0557IST,airline_direct,IndiGo
BLR,HYD,6E,IndiGo,6E 6445,2026-10-10,30,economy,,,5463.0,False,10:25,ok,2026-09-10T05:57:25.993083+05:30,2026-09-10_0557IST,airline_direct,IndiGo
BLR,HYD,6E,IndiGo,6E 6104,2026-10-10,30,economy,,,5463.0,False,11:40,ok,2026-09-10T05:57:25.993083+05:30,2026-09-10_0557IST,airline_direct,IndiGo
BLR,HYD,6E,IndiGo,6E 6653,2026-10-10,30,economy,,,5463.0,False,12:35,ok,2026-09-10T05:57:25.993083+05:30,2026-09-10_0557IST,airline_direct,IndiGo
BLR,HYD,6E,IndiGo,6E 6653,2026-10-10,30,economy,,,5463.0,False,12:35,ok,2026-09-10T05:57:25.993083+05:30,2026-09-10_0557IST,airline_direct,IndiGo
BLR,HYD,6E,IndiGo,6E 6208,2026-10-10,30,economy,,,5463.0,False,12:50,ok,2026-09-10T05:57:25.993083+05:30,2026-09-10_0557IST,airline_direct,IndiGo
BLR,HYD,6E,IndiGo,6E 6208,2026-10-10,30,economy,,,5463.0,False,12:50,ok,2026-09-10T05:57:25.993083+05:30,2026-09-10_0557IST,airline_direct,IndiGo
BLR,HYD,6E,IndiGo,6E 6208,2026-10-10,30,economy,,,5463.0,False,12:50,ok,2026-09-10T05:57:25.993083+05:30,2026-09-10_0557IST,airline_direct,IndiGo
BLR,HYD,6E,IndiGo,6E 6542,2026-10-10,30,economy,,,5463.0,False,13:10,ok,2026-09-10T05:57:25.993083+05:30,2026-09-10_0557IST,airline_direct,IndiGo
BLR,HYD,6E,IndiGo,6E 414,2026-10-10,30,economy,,,5463.0,False,14:45,ok,2026-09-10T05:57:25.993083+05:30,2026-09-10_0557IST,airline_direct,IndiGo
BLR,HYD,6E,IndiGo,6E 6753,2026-10-10,30,economy,,,5463.0,False,15:15,ok,2026-09-10T05:57:25.993083+05:30,2026-09-10_0557IST,airline_direct,IndiGo
BLR,HYD,6E,IndiGo,6E 6753,2026-10-10,30,economy,,,5463.0,False,15:15,ok,2026-09-10T05:57:25.993083+05:30,2026-09-10_0557IST,airline_direct,IndiGo
BLR,HYD,6E,IndiGo,6E 109,2026-10-10,30,economy,,,5463.0,False,17:00,ok,2026-09-10T05:57:25.993083+05:30,2026-09-10_0557IST,airline_direct,IndiGo
BLR,HYD,6E,IndiGo,6E 356,2026-10-10,30,economy,,,5463.0,False,17:15,ok,2026-09-10T05:57:25.993083+05:30,2026-09-10_0557IST,airline_direct,IndiGo
BLR,HYD,6E,IndiGo,6E 356,2026-10-10,30,economy,,,5463.0,False,17:15,ok,2026-09-10T05:57:25.993083+05:30,2026-09-10_0557IST,airline_direct,IndiGo
BLR,HYD,6E,IndiGo,6E 6168,2026-10-10,30,economy,,,5463.0,False,17:20,ok,2026-09-10T05:57:25.993083+05:30,2026-09-10_0557IST,airline_direct,IndiGo
BLR,HYD,6E,IndiGo,6E 6168,2026-10-10,30,economy,,,5463.0,False,17:20,ok,2026-09-10T05:57:25.993083+05:30,2026-09-10_0557IST,airline_direct,IndiGo
BLR,HYD,6E,IndiGo,6E 6162,2026-10-10,30,economy,,,5463.0,False,18:50,ok,2026-09-10T05:57:25.993083+05:30,2026-09-10_0557IST,airline_direct,IndiGo
BLR,HYD,6E,IndiGo,6E 105,2026-10-10,30,economy,,,5463.0,False,18:50,ok,2026-09-10T05:57:25.993083+05:30,2026-09-10_0557IST,airline_direct,IndiGo
BLR,HYD,6E,IndiGo,6E 105,2026-10-10,30,economy,,,5463.0,False,18:50,ok,2026-09-10T05:57:25.993083+05:30,2026-09-10_0557IST,airline_direct,IndiGo
BLR,HYD,6E,IndiGo,6E 6554,2026-10-10,30,economy,,,5463.0,False,19:15,ok,2026-09-10T05:57:25.993083+05:30,2026-09-10_0557IST,airline_direct,IndiGo
BLR,HYD,6E,IndiGo,6E 441,2026-10-10,30,economy,,,5463.0,False,20:40,ok,2026-09-10T05:57:25.993083+05:30,2026-09-10_0557IST,airline_direct,IndiGo
BLR,HYD,6E,IndiGo,6E 528,2026-10-10,30,economy,,,5463.0,False,21:40,ok,2026-09-10T05:57:25.993083+05:30,2026-09-10_0557IST,airline_direct,IndiGo
BLR,HYD,6E,IndiGo,6E 116,2026-10-10,30,economy,,,5463.0,False,23:05,ok,2026-09-10T05:57:25.993083+05:30,2026-09-10_0557IST,airline_direct,IndiGo
BLR,HYD,6E,IndiGo,6E 116,2026-10-10,30,economy,,,5463.0,False,23:05,ok,2026-09-10T05:57:25.993083+05:30,2026-09-10_0557IST,airline_direct,IndiGo
BLR,HYD,6E,IndiGo,6E 6583,2026-10-10,30,economy,,,5594.0,False,10:40,ok,2026-09-10T05:57:25.993083+05:30,2026-09-10_0557IST,airline_direct,IndiGo
BLR,HYD,6E,IndiGo,6E 6336,2026-10-10,30,economy,,,5594.0,False,12:25,ok,2026-09-10T05:57:25.993083+05:30,2026-09-10_0557IST,airline_direct,IndiGo
BLR,HYD,6E,IndiGo,6E 6336,2026-10-10,30,economy,,,5925.0,False,12:25,ok,2026-09-10T05:57:25.993083+05:30,2026-09-10_0557IST,airline_direct,IndiGo
BLR,HYD,6E,IndiGo,6E 763,2026-10-10,30,economy,,,6153.0,False,07:10,ok,2026-09-10T05:57:25.993083+05:30,2026-09-10_0557IST,airline_direct,IndiGo
BLR,HYD,6E,IndiGo,6E 763,2026-10-10,30,economy,,,6153.0,False,07:10,ok,2026-09-10T05:57:25.993083+05:30,2026-09-10_0557IST,airline_direct,IndiGo
BLR,HYD,6E,IndiGo,6E 763,2026-10-10,30,economy,,,6543.0,False,07:10,ok,2026-09-10T05:57:25.993083+05:30,2026-09-10_0557IST,airline_direct,IndiGo
BLR,HYD,6E,IndiGo,6E 6269,2026-10-10,30,economy,,,6543.0,False,07:15,ok,2026-09-10T05:57:25.993083+05:30,2026-09-10_0557IST,airline_direct,IndiGo
BLR,HYD,6E,IndiGo,6E 7005,2026-10-10,30,economy,,,6543.0,False,08:05,ok,2026-09-10T05:57:25.993083+05:30,2026-09-10_0557IST,airline_direct,IndiGo
BLR,HYD,6E,IndiGo,6E 904,2026-10-10,30,economy,,,6543.0,False,10:50,ok,2026-09-10T05:57:25.993083+05:30,2026-09-10_0557IST,airline_direct,IndiGo
BLR,HYD,6E,IndiGo,6E 6017,2026-10-10,30,economy,,,6543.0,False,18:15,ok,2026-09-10T05:57:25.993083+05:30,2026-09-10_0557IST,airline_direct,IndiGo
BLR,HYD,6E,IndiGo,6E 703,2026-10-10,30,economy,,,6969.0,False,12:55,ok,2026-09-10T05:57:25.993083+05:30,2026-09-10_0557IST,airline_direct,IndiGo
BLR,HYD,6E,IndiGo,6E 6104,2026-10-10,30,economy,,,7432.0,False,11:40,ok,2026-09-10T05:57:25.993083+05:30,2026-09-10_0557IST,airline_direct,IndiGo
BLR,HYD,6E,IndiGo,6E 7285,2026-10-10,30,economy,,,10107.0,False,06:50,ok,2026-09-10T05:57:25.993083+05:30,2026-09-10_0557IST,airline_direct,IndiGo
BLR,HYD,6E,IndiGo,6E 6583,2026-10-10,30,economy,,,12172.0,False,10:40,ok,2026-09-10T05:57:25.993083+05:30,2026-09-10_0557IST,airline_direct,IndiGo
BLR,HYD,6E,IndiGo,6E 7223,2026-10-10,30,economy,,,12950.0,False,15:30,ok,2026-09-10T05:57:25.993083+05:30,2026-09-10_0557IST,airline_direct,IndiGo
BLR,HYD,6E,IndiGo,6E 7176,2026-10-10,30,economy,,,7573.0,False,10:10,ok,2026-09-10T05:57:25.993083+05:30,2026-09-10_0557IST,airline_direct,IndiGo
MAA,DEL,6E,IndiGo,6E 953,2026-10-10,30,business,,,24700.0,False,02:45,ok,2026-09-10T05:58:24.742879+05:30,2026-09-10_0558IST,airline_direct,IndiGo
MAA,DEL,6E,IndiGo,6E 953,2026-10-10,30,economy,,,9830.0,False,02:45,ok,2026-09-10T05:58:24.742879+05:30,2026-09-10_0558IST,airline_direct,IndiGo
MAA,DEL,6E,IndiGo,6E 937,2026-10-10,30,business,,,24700.0,False,06:30,ok,2026-09-10T05:58:24.742879+05:30,2026-09-10_0558IST,airline_direct,IndiGo
MAA,DEL,6E,IndiGo,6E 937,2026-10-10,30,economy,,,9830.0,False,06:30,ok,2026-09-10T05:58:24.742879+05:30,2026-09-10_0558IST,airline_direct,IndiGo
MAA,DEL,6E,IndiGo,6E 404,2026-10-10,30,business,,,24700.0,False,09:15,ok,2026-09-10T05:58:24.742879+05:30,2026-09-10_0558IST,airline_direct,IndiGo
MAA,DEL,6E,IndiGo,6E 404,2026-10-10,30,economy,,,9830.0,False,09:15,ok,2026-09-10T05:58:24.742879+05:30,2026-09-10_0558IST,airline_direct,IndiGo
MAA,DEL,6E,IndiGo,6E 6002,2026-10-10,30,business,,,24700.0,False,11:10,ok,2026-09-10T05:58:24.742879+05:30,2026-09-10_0558IST,airline_direct,IndiGo
MAA,DEL,6E,IndiGo,6E 6002,2026-10-10,30,economy,,,9830.0,False,11:10,ok,2026-09-10T05:58:24.742879+05:30,2026-09-10_0558IST,airline_direct,IndiGo
MAA,DEL,6E,IndiGo,6E 939,2026-10-10,30,business,,,24700.0,False,13:00,ok,2026-09-10T05:58:24.742879+05:30,2026-09-10_0558IST,airline_direct,IndiGo
MAA,DEL,6E,IndiGo,6E 939,2026-10-10,30,economy,,,9830.0,False,13:00,ok,2026-09-10T05:58:24.742879+05:30,2026-09-10_0558IST,airline_direct,IndiGo
MAA,DEL,6E,IndiGo,6E 948,2026-10-10,30,business,,,24700.0,False,14:30,ok,2026-09-10T05:58:24.742879+05:30,2026-09-10_0558IST,airline_direct,IndiGo
MAA,DEL,6E,IndiGo,6E 948,2026-10-10,30,economy,,,9830.0,False,14:30,ok,2026-09-10T05:58:24.742879+05:30,2026-09-10_0558IST,airline_direct,IndiGo
MAA,DEL,6E,IndiGo,6E 613,2026-10-10,30,business,,,24700.0,False,19:00,ok,2026-09-10T05:58:24.742879+05:30,2026-09-10_0558IST,airline_direct,IndiGo
MAA,DEL,6E,IndiGo,6E 613,2026-10-10,30,economy,,,9830.0,False,19:00,ok,2026-09-10T05:58:24.742879+05:30,2026-09-10_0558IST,airline_direct,IndiGo
MAA,DEL,6E,IndiGo,6E 951,2026-10-10,30,business,,,24700.0,False,21:50,ok,2026-09-10T05:58:24.742879+05:30,2026-09-10_0558IST,airline_direct,IndiGo
MAA,DEL,6E,IndiGo,6E 951,2026-10-10,30,economy,,,9830.0,False,21:50,ok,2026-09-10T05:58:24.742879+05:30,2026-09-10_0558IST,airline_direct,IndiGo
MAA,DEL,6E,IndiGo,6E 2369,2026-10-10,30,business,,,24700.0,False,23:45,ok,2026-09-10T05:58:24.742879+05:30,2026-09-10_0558IST,airline_direct,IndiGo
MAA,DEL,6E,IndiGo,6E 2369,2026-10-10,30,economy,,,9830.0,False,23:45,ok,2026-09-10T05:58:24.742879+05:30,2026-09-10_0558IST,airline_direct,IndiGo
MAA,DEL,6E,IndiGo,6E 698,2026-10-10,30,business,,,24700.0,False,16:45,ok,2026-09-10T05:58:24.742879+05:30,2026-09-10_0558IST,airline_direct,IndiGo
MAA,DEL,6E,IndiGo,6E 698,2026-10-10,30,economy,,,10295.0,False,16:45,ok,2026-09-10T05:58:24.742879+05:30,2026-09-10_0558IST,airline_direct,IndiGo
MAA,DEL,6E,IndiGo,6E 6797,2026-10-10,30,economy,,,9568.0,False,13:10,ok,2026-09-10T05:58:24.742879+05:30,2026-09-10_0558IST,airline_direct,IndiGo
MAA,DEL,6E,IndiGo,6E 7084,2026-10-10,30,economy,,,9647.0,False,07:20,ok,2026-09-10T05:58:24.742879+05:30,2026-09-10_0558IST,airline_direct,IndiGo
MAA,DEL,6E,IndiGo,6E 253,2026-10-10,30,business,,,28061.0,False,03:10,ok,2026-09-10T05:58:24.742879+05:30,2026-09-10_0558IST,airline_direct,IndiGo
MAA,DEL,6E,IndiGo,6E 253,2026-10-10,30,economy,,,9778.0,False,03:10,ok,2026-09-10T05:58:24.742879+05:30,2026-09-10_0558IST,airline_direct,IndiGo
MAA,DEL,6E,IndiGo,6E 244,2026-10-10,30,economy,,,9778.0,False,03:55,ok,2026-09-10T05:58:24.742879+05:30,2026-09-10_0558IST,airline_direct,IndiGo
MAA,DEL,6E,IndiGo,6E 607,2026-10-10,30,business,,,28061.0,False,04:50,ok,2026-09-10T05:58:24.742879+05:30,2026-09-10_0558IST,airline_direct,IndiGo
MAA,DEL,6E,IndiGo,6E 607,2026-10-10,30,economy,,,9778.0,False,04:50,ok,2026-09-10T05:58:24.742879+05:30,2026-09-10_0558IST,airline_direct,IndiGo
MAA,DEL,6E,IndiGo,6E 401,2026-10-10,30,economy,,,9778.0,False,08:10,ok,2026-09-10T05:58:24.742879+05:30,2026-09-10_0558IST,airline_direct,IndiGo
MAA,DEL,6E,IndiGo,6E 991,2026-10-10,30,economy,,,9778.0,False,09:30,ok,2026-09-10T05:58:24.742879+05:30,2026-09-10_0558IST,airline_direct,IndiGo
MAA,DEL,6E,IndiGo,6E 6079,2026-10-10,30,economy,,,9778.0,False,10:15,ok,2026-09-10T05:58:24.742879+05:30,2026-09-10_0558IST,airline_direct,IndiGo
MAA,DEL,6E,IndiGo,6E 6158,2026-10-10,30,business,,,26398.0,False,16:10,ok,2026-09-10T05:58:24.742879+05:30,2026-09-10_0558IST,airline_direct,IndiGo
MAA,DEL,6E,IndiGo,6E 6158,2026-10-10,30,economy,,,9778.0,False,16:10,ok,2026-09-10T05:58:24.742879+05:30,2026-09-10_0558IST,airline_direct,IndiGo
MAA,DEL,6E,IndiGo,6E 183,2026-10-10,30,business,,,28887.0,False,16:35,ok,2026-09-10T05:58:24.742879+05:30,2026-09-10_0558IST,airline_direct,IndiGo
MAA,DEL,6E,IndiGo,6E 183,2026-10-10,30,economy,,,9778.0,False,16:35,ok,2026-09-10T05:58:24.742879+05:30,2026-09-10_0558IST,airline_direct,IndiGo
MAA,DEL,6E,IndiGo,6E 848,2026-10-10,30,economy,,,9778.0,False,17:50,ok,2026-09-10T05:58:24.742879+05:30,2026-09-10_0558IST,airline_direct,IndiGo
MAA,DEL,6E,IndiGo,6E 562,2026-10-10,30,business,,,26398.0,False,18:20,ok,2026-09-10T05:58:24.742879+05:30,2026-09-10_0558IST,airline_direct,IndiGo
MAA,DEL,6E,IndiGo,6E 562,2026-10-10,30,economy,,,9778.0,False,18:20,ok,2026-09-10T05:58:24.742879+05:30,2026-09-10_0558IST,airline_direct,IndiGo
MAA,DEL,6E,IndiGo,6E 193,2026-10-10,30,business,,,26398.0,False,20:00,ok,2026-09-10T05:58:24.742879+05:30,2026-09-10_0558IST,airline_direct,IndiGo
MAA,DEL,6E,IndiGo,6E 193,2026-10-10,30,economy,,,9778.0,False,20:00,ok,2026-09-10T05:58:24.742879+05:30,2026-09-10_0558IST,airline_direct,IndiGo
MAA,DEL,6E,IndiGo,6E 6487,2026-10-10,30,business,,,26398.0,False,21:25,ok,2026-09-10T05:58:24.742879+05:30,2026-09-10_0558IST,airline_direct,IndiGo
MAA,DEL,6E,IndiGo,6E 6487,2026-10-10,30,economy,,,9778.0,False,21:25,ok,2026-09-10T05:58:24.742879+05:30,2026-09-10_0558IST,airline_direct,IndiGo
MAA,DEL,6E,IndiGo,6E 561,2026-10-10,30,business,,,28061.0,False,22:20,ok,2026-09-10T05:58:24.742879+05:30,2026-09-10_0558IST,airline_direct,IndiGo
MAA,DEL,6E,IndiGo,6E 561,2026-10-10,30,economy,,,9778.0,False,22:20,ok,2026-09-10T05:58:24.742879+05:30,2026-09-10_0558IST,airline_direct,IndiGo
MAA,DEL,6E,IndiGo,6E 6209,2026-10-10,30,business,,,29704.0,False,14:35,ok,2026-09-10T05:58:24.742879+05:30,2026-09-10_0558IST,airline_direct,IndiGo
MAA,DEL,6E,IndiGo,6E 6209,2026-10-10,30,economy,,,9857.0,False,14:35,ok,2026-09-10T05:58:24.742879+05:30,2026-09-10_0558IST,airline_direct,IndiGo
MAA,DEL,6E,IndiGo,6E 847,2026-10-10,30,business,,,29704.0,False,16:15,ok,2026-09-10T05:58:24.742879+05:30,2026-09-10_0558IST,airline_direct,IndiGo
MAA,DEL,6E,IndiGo,6E 847,2026-10-10,30,economy,,,9857.0,False,16:15,ok,2026-09-10T05:58:24.742879+05:30,2026-09-10_0558IST,airline_direct,IndiGo
MAA,DEL,6E,IndiGo,6E 365,2026-10-10,30,business,,,29704.0,False,17:45,ok,2026-09-10T05:58:24.742879+05:30,2026-09-10_0558IST,airline_direct,IndiGo
MAA,DEL,6E,IndiGo,6E 365,2026-10-10,30,economy,,,9857.0,False,17:45,ok,2026-09-10T05:58:24.742879+05:30,2026-09-10_0558IST,airline_direct,IndiGo
MAA,DEL,6E,IndiGo,6E 189,2026-10-10,30,business,,,29704.0,False,19:05,ok,2026-09-10T05:58:24.742879+05:30,2026-09-10_0558IST,airline_direct,IndiGo
MAA,DEL,6E,IndiGo,6E 189,2026-10-10,30,economy,,,9857.0,False,19:05,ok,2026-09-10T05:58:24.742879+05:30,2026-09-10_0558IST,airline_direct,IndiGo
MAA,DEL,6E,IndiGo,6E 6812,2026-10-10,30,economy,,,9857.0,False,20:00,ok,2026-09-10T05:58:24.742879+05:30,2026-09-10_0558IST,airline_direct,IndiGo
MAA,DEL,6E,IndiGo,6E 796,2026-10-10,30,business,,,29704.0,False,22:00,ok,2026-09-10T05:58:24.742879+05:30,2026-09-10_0558IST,airline_direct,IndiGo
MAA,DEL,6E,IndiGo,6E 796,2026-10-10,30,economy,,,9857.0,False,22:00,ok,2026-09-10T05:58:24.742879+05:30,2026-09-10_0558IST,airline_direct,IndiGo
MAA,DEL,6E,IndiGo,6E 6140,2026-10-10,30,business,,,29944.0,False,02:30,ok,2026-09-10T05:58:24.742879+05:30,2026-09-10_0558IST,airline_direct,IndiGo
MAA,DEL,6E,IndiGo,6E 6140,2026-10-10,30,economy,,,9988.0,False,02:30,ok,2026-09-10T05:58:24.742879+05:30,2026-09-10_0558IST,airline_direct,IndiGo
MAA,DEL,6E,IndiGo,6E 6140,2026-10-10,30,business,,,29944.0,False,02:30,ok,2026-09-10T05:58:24.742879+05:30,2026-09-10_0558IST,airline_direct,IndiGo
MAA,DEL,6E,IndiGo,6E 6140,2026-10-10,30,economy,,,9988.0,False,02:30,ok,2026-09-10T05:58:24.742879+05:30,2026-09-10_0558IST,airline_direct,IndiGo
MAA,DEL,6E,IndiGo,6E 5093,2026-10-10,30,business,,,35375.0,False,05:00,ok,2026-09-10T05:58:24.742879+05:30,2026-09-10_0558IST,airline_direct,IndiGo
MAA,DEL,6E,IndiGo,6E 5093,2026-10-10,30,economy,,,9988.0,False,05:00,ok,2026-09-10T05:58:24.742879+05:30,2026-09-10_0558IST,airline_direct,IndiGo
MAA,DEL,6E,IndiGo,6E 6348,2026-10-10,30,business,,,35375.0,False,09:00,ok,2026-09-10T05:58:24.742879+05:30,2026-09-10_0558IST,airline_direct,IndiGo
MAA,DEL,6E,IndiGo,6E 6348,2026-10-10,30,economy,,,9988.0,False,09:00,ok,2026-09-10T05:58:24.742879+05:30,2026-09-10_0558IST,airline_direct,IndiGo
MAA,DEL,6E,IndiGo,6E 6348,2026-10-10,30,business,,,35375.0,False,09:00,ok,2026-09-10T05:58:24.742879+05:30,2026-09-10_0558IST,airline_direct,IndiGo
MAA,DEL,6E,IndiGo,6E 6348,2026-10-10,30,economy,,,9988.0,False,09:00,ok,2026-09-10T05:58:24.742879+05:30,2026-09-10_0558IST,airline_direct,IndiGo
MAA,DEL,6E,IndiGo,6E 5214,2026-10-10,30,business,,,35375.0,False,11:00,ok,2026-09-10T05:58:24.742879+05:30,2026-09-10_0558IST,airline_direct,IndiGo
MAA,DEL,6E,IndiGo,6E 5214,2026-10-10,30,economy,,,9988.0,False,11:00,ok,2026-09-10T05:58:24.742879+05:30,2026-09-10_0558IST,airline_direct,IndiGo
MAA,DEL,6E,IndiGo,6E 5258,2026-10-10,30,business,,,35375.0,False,12:45,ok,2026-09-10T05:58:24.742879+05:30,2026-09-10_0558IST,airline_direct,IndiGo
MAA,DEL,6E,IndiGo,6E 5258,2026-10-10,30,economy,,,9988.0,False,12:45,ok,2026-09-10T05:58:24.742879+05:30,2026-09-10_0558IST,airline_direct,IndiGo
MAA,DEL,6E,IndiGo,6E 5371,2026-10-10,30,business,,,35375.0,False,14:45,ok,2026-09-10T05:58:24.742879+05:30,2026-09-10_0558IST,airline_direct,IndiGo
MAA,DEL,6E,IndiGo,6E 5371,2026-10-10,30,economy,,,9988.0,False,14:45,ok,2026-09-10T05:58:24.742879+05:30,2026-09-10_0558IST,airline_direct,IndiGo
MAA,DEL,6E,IndiGo,6E 6113,2026-10-10,30,economy,,,9988.0,False,17:00,ok,2026-09-10T05:58:24.742879+05:30,2026-09-10_0558IST,airline_direct,IndiGo
MAA,DEL,6E,IndiGo,6E 5367,2026-10-10,30,business,,,35375.0,False,18:15,ok,2026-09-10T05:58:24.742879+05:30,2026-09-10_0558IST,airline_direct,IndiGo
MAA,DEL,6E,IndiGo,6E 5367,2026-10-10,30,economy,,,9988.0,False,18:15,ok,2026-09-10T05:58:24.742879+05:30,2026-09-10_0558IST,airline_direct,IndiGo
MAA,DEL,6E,IndiGo,6E 6225,2026-10-10,30,business,,,35375.0,False,22:30,ok,2026-09-10T05:58:24.742879+05:30,2026-09-10_0558IST,airline_direct,IndiGo
MAA,DEL,6E,IndiGo,6E 6225,2026-10-10,30,economy,,,9988.0,False,22:30,ok,2026-09-10T05:58:24.742879+05:30,2026-09-10_0558IST,airline_direct,IndiGo
MAA,DEL,6E,IndiGo,6E 6892,2026-10-10,30,business,,,30424.0,False,10:55,ok,2026-09-10T05:58:24.742879+05:30,2026-09-10_0558IST,airline_direct,IndiGo
MAA,DEL,6E,IndiGo,6E 6892,2026-10-10,30,economy,,,10614.0,False,10:55,ok,2026-09-10T05:58:24.742879+05:30,2026-09-10_0558IST,airline_direct,IndiGo
MAA,DEL,6E,IndiGo,6E 597,2026-10-10,30,economy,,,10903.0,False,17:45,ok,2026-09-10T05:58:24.742879+05:30,2026-09-10_0558IST,airline_direct,IndiGo
MAA,DEL,6E,IndiGo,6E 6081,2026-10-10,30,business,,,29704.0,False,07:05,ok,2026-09-10T05:58:24.742879+05:30,2026-09-10_0558IST,airline_direct,IndiGo
MAA,DEL,6E,IndiGo,6E 6081,2026-10-10,30,economy,,,11445.0,False,07:05,ok,2026-09-10T05:58:24.742879+05:30,2026-09-10_0558IST,airline_direct,IndiGo
MAA,DEL,6E,IndiGo,6E 6081,2026-10-10,30,business,,,29704.0,False,07:05,ok,2026-09-10T05:58:24.742879+05:30,2026-09-10_0558IST,airline_direct,IndiGo
MAA,DEL,6E,IndiGo,6E 6081,2026-10-10,30,economy,,,11445.0,False,07:05,ok,2026-09-10T05:58:24.742879+05:30,2026-09-10_0558IST,airline_direct,IndiGo
MAA,DEL,6E,IndiGo,6E 6815,2026-10-10,30,business,,,29704.0,False,08:55,ok,2026-09-10T05:58:24.742879+05:30,2026-09-10_0558IST,airline_direct,IndiGo
MAA,DEL,6E,IndiGo,6E 6815,2026-10-10,30,economy,,,11445.0,False,08:55,ok,2026-09-10T05:58:24.742879+05:30,2026-09-10_0558IST,airline_direct,IndiGo
MAA,DEL,6E,IndiGo,6E 6892,2026-10-10,30,business,,,30424.0,False,10:55,ok,2026-09-10T05:58:24.742879+05:30,2026-09-10_0558IST,airline_direct,IndiGo
MAA,DEL,6E,IndiGo,6E 6892,2026-10-10,30,economy,,,11445.0,False,10:55,ok,2026-09-10T05:58:24.742879+05:30,2026-09-10_0558IST,airline_direct,IndiGo
MAA,DEL,6E,IndiGo,6E 6209,2026-10-10,30,business,,,29704.0,False,14:35,ok,2026-09-10T05:58:24.742879+05:30,2026-09-10_0558IST,airline_direct,IndiGo
MAA,DEL,6E,IndiGo,6E 6209,2026-10-10,30,economy,,,11445.0,False,14:35,ok,2026-09-10T05:58:24.742879+05:30,2026-09-10_0558IST,airline_direct,IndiGo
MAA,DEL,6E,IndiGo,6E 321,2026-10-10,30,business,,,37412.0,False,08:20,ok,2026-09-10T05:58:24.742879+05:30,2026-09-10_0558IST,airline_direct,IndiGo
MAA,DEL,6E,IndiGo,6E 321,2026-10-10,30,economy,,,11576.0,False,08:20,ok,2026-09-10T05:58:24.742879+05:30,2026-09-10_0558IST,airline_direct,IndiGo
MAA,DEL,6E,IndiGo,6E 986,2026-10-10,30,business,,,37412.0,False,15:05,ok,2026-09-10T05:58:24.742879+05:30,2026-09-10_0558IST,airline_direct,IndiGo
MAA,DEL,6E,IndiGo,6E 986,2026-10-10,30,economy,,,11576.0,False,15:05,ok,2026-09-10T05:58:24.742879+05:30,2026-09-10_0558IST,airline_direct,IndiGo
MAA,DEL,6E,IndiGo,6E 973,2026-10-10,30,business,,,38487.0,False,11:55,ok,2026-09-10T05:58:24.742879+05:30,2026-09-10_0558IST,airline_direct,IndiGo
MAA,DEL,6E,IndiGo,6E 973,2026-10-10,30,economy,,,12277.0,False,11:55,ok,2026-09-10T05:58:24.742879+05:30,2026-09-10_0558IST,airline_direct,IndiGo
MAA,DEL,6E,IndiGo,6E 495,2026-10-10,30,business,,,26398.0,False,07:10,ok,2026-09-10T05:58:24.742879+05:30,2026-09-10_0558IST,airline_direct,IndiGo
MAA,DEL,6E,IndiGo,6E 495,2026-10-10,30,economy,,,13277.0,False,07:10,ok,2026-09-10T05:58:24.742879+05:30,2026-09-10_0558IST,airline_direct,IndiGo
MAA,DEL,6E,IndiGo,6E 834,2026-10-10,30,business,,,26857.0,False,09:05,ok,2026-09-10T05:58:24.742879+05:30,2026-09-10_0558IST,airline_direct,IndiGo
MAA,DEL,6E,IndiGo,6E 834,2026-10-10,30,economy,,,13277.0,False,09:05,ok,2026-09-10T05:58:24.742879+05:30,2026-09-10_0558IST,airline_direct,IndiGo
MAA,DEL,6E,IndiGo,6E 834,2026-10-10,30,business,,,26857.0,False,09:05,ok,2026-09-10T05:58:24.742879+05:30,2026-09-10_0558IST,airline_direct,IndiGo
MAA,DEL,6E,IndiGo,6E 834,2026-10-10,30,economy,,,15577.0,False,09:05,ok,2026-09-10T05:58:24.742879+05:30,2026-09-10_0558IST,airline_direct,IndiGo
MAA,DEL,6E,IndiGo,6E 372,2026-10-10,30,business,,,26398.0,False,09:55,ok,2026-09-10T05:58:24.742879+05:30,2026-09-10_0558IST,airline_direct,IndiGo
MAA,DEL,6E,IndiGo,6E 372,2026-10-10,30,economy,,,15577.0,False,09:55,ok,2026-09-10T05:58:24.742879+05:30,2026-09-10_0558IST,airline_direct,IndiGo
MAA,DEL,6E,IndiGo,6E 6925,2026-10-10,30,business,,,26857.0,False,12:00,ok,2026-09-10T05:58:24.742879+05:30,2026-09-10_0558IST,airline_direct,IndiGo
MAA,DEL,6E,IndiGo,6E 6925,2026-10-10,30,economy,,,16898.0,False,12:00,ok,2026-09-10T05:58:24.742879+05:30,2026-09-10_0558IST,airline_direct,IndiGo
MAA,DEL,6E,IndiGo,6E 588,2026-10-10,30,business,,,37661.0,False,17:40,ok,2026-09-10T05:58:24.742879+05:30,2026-09-10_0558IST,airline_direct,IndiGo
MAA,DEL,6E,IndiGo,6E 588,2026-10-10,30,economy,,,17108.0,False,17:40,ok,2026-09-10T05:58:24.742879+05:30,2026-09-10_0558IST,airline_direct,IndiGo
MAA,DEL,6E,IndiGo,6E 539,2026-10-10,30,economy,,,18347.0,False,11:25,ok,2026-09-10T05:58:24.742879+05:30,2026-09-10_0558IST,airline_direct,IndiGo
DEL,BOM,6E,IndiGo,error,2026-10-25,45,unknown,,,,False,unknown,error,2026-09-10T05:59:19.313814+05:30,2026-09-10_0559IST,airline_direct,IndiGo
DEL,BLR,6E,IndiGo,error,2026-10-25,45,unknown,,,,False,unknown,error,2026-09-10T06:00:13.745886+05:30,2026-09-10_0600IST,airline_direct,IndiGo
BOM,BLR,6E,IndiGo,6E 5323,2026-10-25,45,business,,,18948.0,False,00:45,ok,2026-09-10T06:01:07.086000+05:30,2026-09-10_0601IST,airline_direct,IndiGo
BOM,BLR,6E,IndiGo,6E 5323,2026-10-25,45,economy,,,6747.0,False,00:45,ok,2026-09-10T06:01:07.086000+05:30,2026-09-10_0601IST,airline_direct,IndiGo
BOM,BLR,6E,IndiGo,6E 6335,2026-10-25,45,business,,,18948.0,False,04:30,ok,2026-09-10T06:01:07.086000+05:30,2026-09-10_0601IST,airline_direct,IndiGo
BOM,BLR,6E,IndiGo,6E 6335,2026-10-25,45,economy,,,6747.0,False,04:30,ok,2026-09-10T06:01:07.086000+05:30,2026-09-10_0601IST,airline_direct,IndiGo
BOM,BLR,6E,IndiGo,6E 5296,2026-10-25,45,business,,,18948.0,False,06:00,ok,2026-09-10T06:01:07.086000+05:30,2026-09-10_0601IST,airline_direct,IndiGo
BOM,BLR,6E,IndiGo,6E 5296,2026-10-25,45,economy,,,7062.0,False,06:00,ok,2026-09-10T06:01:07.086000+05:30,2026-09-10_0601IST,airline_direct,IndiGo
BOM,BLR,6E,IndiGo,6E 6284,2026-10-25,45,business,,,18948.0,False,02:15,ok,2026-09-10T06:01:07.086000+05:30,2026-09-10_0601IST,airline_direct,IndiGo
BOM,BLR,6E,IndiGo,6E 6284,2026-10-25,45,economy,,,7377.0,False,02:15,ok,2026-09-10T06:01:07.086000+05:30,2026-09-10_0601IST,airline_direct,IndiGo
BOM,BLR,6E,IndiGo,6E 5193,2026-10-25,45,business,,,18948.0,False,07:25,ok,2026-09-10T06:01:07.086000+05:30,2026-09-10_0601IST,airline_direct,IndiGo
BOM,BLR,6E,IndiGo,6E 5193,2026-10-25,45,economy,,,7377.0,False,07:25,ok,2026-09-10T06:01:07.086000+05:30,2026-09-10_0601IST,airline_direct,IndiGo
BOM,BLR,6E,IndiGo,6E 5092,2026-10-25,45,business,,,18948.0,False,09:40,ok,2026-09-10T06:01:07.086000+05:30,2026-09-10_0601IST,airline_direct,IndiGo
BOM,BLR,6E,IndiGo,6E 5092,2026-10-25,45,economy,,,7377.0,False,09:40,ok,2026-09-10T06:01:07.086000+05:30,2026-09-10_0601IST,airline_direct,IndiGo
BOM,BLR,6E,IndiGo,6E 5388,2026-10-25,45,business,,,18948.0,False,22:55,ok,2026-09-10T06:01:07.086000+05:30,2026-09-10_0601IST,airline_direct,IndiGo
BOM,BLR,6E,IndiGo,6E 5388,2026-10-25,45,economy,,,7377.0,False,22:55,ok,2026-09-10T06:01:07.086000+05:30,2026-09-10_0601IST,airline_direct,IndiGo
BOM,BLR,6E,IndiGo,6E 5217,2026-10-25,45,business,,,18948.0,False,11:05,ok,2026-09-10T06:01:07.086000+05:30,2026-09-10_0601IST,airline_direct,IndiGo
BOM,BLR,6E,IndiGo,6E 5217,2026-10-25,45,economy,,,7797.0,False,11:05,ok,2026-09-10T06:01:07.086000+05:30,2026-09-10_0601IST,airline_direct,IndiGo
BOM,BLR,6E,IndiGo,6E 5083,2026-10-25,45,business,,,18948.0,False,21:45,ok,2026-09-10T06:01:07.086000+05:30,2026-09-10_0601IST,airline_direct,IndiGo
BOM,BLR,6E,IndiGo,6E 5083,2026-10-25,45,economy,,,7797.0,False,21:45,ok,2026-09-10T06:01:07.086000+05:30,2026-09-10_0601IST,airline_direct,IndiGo
BOM,BLR,6E,IndiGo,6E 5032,2026-10-25,45,business,,,18948.0,False,20:15,ok,2026-09-10T06:01:07.086000+05:30,2026-09-10_0601IST,airline_direct,IndiGo
BOM,BLR,6E,IndiGo,6E 5032,2026-10-25,45,economy,,,8217.0,False,20:15,ok,2026-09-10T06:01:07.086000+05:30,2026-09-10_0601IST,airline_direct,IndiGo
BOM,BLR,6E,IndiGo,6E 5047,2026-10-25,45,business,,,18948.0,False,19:00,ok,2026-09-10T06:01:07.086000+05:30,2026-09-10_0601IST,airline_direct,IndiGo
BOM,BLR,6E,IndiGo,6E 5047,2026-10-25,45,economy,,,8742.0,False,19:00,ok,2026-09-10T06:01:07.086000+05:30,2026-09-10_0601IST,airline_direct,IndiGo
BOM,BLR,6E,IndiGo,6E 5257,2026-10-25,45,business,,,18948.0,False,12:30,ok,2026-09-10T06:01:07.086000+05:30,2026-09-10_0601IST,airline_direct,IndiGo
BOM,BLR,6E,IndiGo,6E 5257,2026-10-25,45,economy,,,9267.0,False,12:30,ok,2026-09-10T06:01:07.086000+05:30,2026-09-10_0601IST,airline_direct,IndiGo
BOM,BLR,6E,IndiGo,6E 5221,2026-10-25,45,business,,,18948.0,False,17:45,ok,2026-09-10T06:01:07.086000+05:30,2026-09-10_0601IST,airline_direct,IndiGo
BOM,BLR,6E,IndiGo,6E 5221,2026-10-25,45,economy,,,9267.0,False,17:45,ok,2026-09-10T06:01:07.086000+05:30,2026-09-10_0601IST,airline_direct,IndiGo
BOM,BLR,6E,IndiGo,6E 5382,2026-10-25,45,business,,,18948.0,False,15:00,ok,2026-09-10T06:01:07.086000+05:30,2026-09-10_0601IST,airline_direct,IndiGo
BOM,BLR,6E,IndiGo,6E 5382,2026-10-25,45,economy,,,10422.0,False,15:00,ok,2026-09-10T06:01:07.086000+05:30,2026-09-10_0601IST,airline_direct,IndiGo
BOM,BLR,6E,IndiGo,6E 5071,2026-10-25,45,business,,,18948.0,False,16:20,ok,2026-09-10T06:01:07.086000+05:30,2026-09-10_0601IST,airline_direct,IndiGo
BOM,BLR,6E,IndiGo,6E 5071,2026-10-25,45,economy,,,16512.0,False,16:20,ok,2026-09-10T06:01:07.086000+05:30,2026-09-10_0601IST,airline_direct,IndiGo
BOM,BLR,6E,IndiGo,6E 6361,2026-10-25,45,economy,,,7243.0,False,04:30,ok,2026-09-10T06:01:07.086000+05:30,2026-09-10_0601IST,airline_direct,IndiGo
BOM,BLR,6E,IndiGo,6E 261,2026-10-25,45,economy,,,7243.0,False,11:35,ok,2026-09-10T06:01:07.086000+05:30,2026-09-10_0601IST,airline_direct,IndiGo
BOM,BLR,6E,IndiGo,6E 5011,2026-10-25,45,economy,,,7243.0,False,13:55,ok,2026-09-10T06:01:07.086000+05:30,2026-09-10_0601IST,airline_direct,IndiGo
BOM,BLR,6E,IndiGo,6E 5011,2026-10-25,45,economy,,,7243.0,False,13:55,ok,2026-09-10T06:01:07.086000+05:30,2026-09-10_0601IST,airline_direct,IndiGo
BOM,BLR,6E,IndiGo,6E 6064,2026-10-25,45,economy,,,7243.0,False,17:20,ok,2026-09-10T06:01:07.086000+05:30,2026-09-10_0601IST,airline_direct,IndiGo
BOM,BLR,6E,IndiGo,6E 6064,2026-10-25,45,economy,,,7243.0,False,17:20,ok,2026-09-10T06:01:07.086000+05:30,2026-09-10_0601IST,airline_direct,IndiGo
BOM,BLR,6E,IndiGo,6E 6362,2026-10-25,45,business,,,19670.0,False,05:30,ok,2026-09-10T06:01:07.086000+05:30,2026-09-10_0601IST,airline_direct,IndiGo
BOM,BLR,6E,IndiGo,6E 6362,2026-10-25,45,economy,,,7374.0,False,05:30,ok,2026-09-10T06:01:07.086000+05:30,2026-09-10_0601IST,airline_direct,IndiGo
BOM,BLR,6E,IndiGo,6E 6362,2026-10-25,45,business,,,20441.0,False,05:30,ok,2026-09-10T06:01:07.086000+05:30,2026-09-10_0601IST,airline_direct,IndiGo
BOM,BLR,6E,IndiGo,6E 6362,2026-10-25,45,economy,,,7374.0,False,05:30,ok,2026-09-10T06:01:07.086000+05:30,2026-09-10_0601IST,airline_direct,IndiGo
BOM,BLR,6E,IndiGo,6E 5246,2026-10-25,45,business,,,23913.0,False,07:20,ok,2026-09-10T06:01:07.086000+05:30,2026-09-10_0601IST,airline_direct,IndiGo
BOM,BLR,6E,IndiGo,6E 5246,2026-10-25,45,economy,,,7374.0,False,07:20,ok,2026-09-10T06:01:07.086000+05:30,2026-09-10_0601IST,airline_direct,IndiGo
BOM,BLR,6E,IndiGo,6E 6674,2026-10-25,45,economy,,,7374.0,False,09:10,ok,2026-09-10T06:01:07.086000+05:30,2026-09-10_0601IST,airline_direct,IndiGo
BOM,BLR,6E,IndiGo,6E 6674,2026-10-25,45,economy,,,7374.0,False,09:10,ok,2026-09-10T06:01:07.086000+05:30,2026-09-10_0601IST,airline_direct,IndiGo
BOM,BLR,6E,IndiGo,6E 5064,2026-10-25,45,economy,,,7374.0,False,12:05,ok,2026-09-10T06:01:07.086000+05:30,2026-09-10_0601IST,airline_direct,IndiGo
BOM,BLR,6E,IndiGo,6E 841,2026-10-25,45,economy,,,7374.0,False,15:10,ok,2026-09-10T06:01:07.086000+05:30,2026-09-10_0601IST,airline_direct,IndiGo
BOM,BLR,6E,IndiGo,6E 5147,2026-10-25,45,economy,,,7505.0,False,18:40,ok,2026-09-10T06:01:07.086000+05:30,2026-09-10_0601IST,airline_direct,IndiGo
BOM,BLR,6E,IndiGo,6E 136,2026-10-25,45,business,,,25626.0,False,05:00,ok,2026-09-10T06:01:07.086000+05:30,2026-09-10_0601IST,airline_direct,IndiGo
BOM,BLR,6E,IndiGo,6E 136,2026-10-25,45,economy,,,7584.0,False,05:00,ok,2026-09-10T06:01:07.086000+05:30,2026-09-10_0601IST,airline_direct,IndiGo
BOM,BLR,6E,IndiGo,6E 6280,2026-10-25,45,economy,,,7584.0,False,05:30,ok,2026-09-10T06:01:07.086000+05:30,2026-09-10_0601IST,airline_direct,IndiGo
BOM,BLR,6E,IndiGo,6E 5188,2026-10-25,45,business,,,25626.0,False,07:05,ok,2026-09-10T06:01:07.086000+05:30,2026-09-10_0601IST,airline_direct,IndiGo
BOM,BLR,6E,IndiGo,6E 5188,2026-10-25,45,economy,,,7584.0,False,07:05,ok,2026-09-10T06:01:07.086000+05:30,2026-09-10_0601IST,airline_direct,IndiGo
BOM,BLR,6E,IndiGo,6E 6020,2026-10-25,45,economy,,,7584.0,False,11:20,ok,2026-09-10T06:01:07.086000+05:30,2026-09-10_0601IST,airline_direct,IndiGo
BOM,BLR,6E,IndiGo,6E 5085,2026-10-25,45,business,,,25626.0,False,13:00,ok,2026-09-10T06:01:07.086000+05:30,2026-09-10_0601IST,airline_direct,IndiGo
BOM,BLR,6E,IndiGo,6E 5085,2026-10-25,45,economy,,,7584.0,False,13:00,ok,2026-09-10T06:01:07.086000+05:30,2026-09-10_0601IST,airline_direct,IndiGo
BOM,BLR,6E,IndiGo,6E 5337,2026-10-25,45,business,,,24760.0,False,14:30,ok,2026-09-10T06:01:07.086000+05:30,2026-09-10_0601IST,airline_direct,IndiGo
BOM,BLR,6E,IndiGo,6E 5337,2026-10-25,45,economy,,,7584.0,False,14:30,ok,2026-09-10T06:01:07.086000+05:30,2026-09-10_0601IST,airline_direct,IndiGo
BOM,BLR,6E,IndiGo,6E 5337,2026-10-25,45,business,,,24040.0,False,14:30,ok,2026-09-10T06:01:07.086000+05:30,2026-09-10_0601IST,airline_direct,IndiGo
BOM,BLR,6E,IndiGo,6E 5337,2026-10-25,45,economy,,,7584.0,False,14:30,ok,2026-09-10T06:01:07.086000+05:30,2026-09-10_0601IST,airline_direct,IndiGo
BOM,BLR,6E,IndiGo,6E 5183,2026-10-25,45,economy,,,7584.0,False,15:45,ok,2026-09-10T06:01:07.086000+05:30,2026-09-10_0601IST,airline_direct,IndiGo
BOM,BLR,6E,IndiGo,6E 5196,2026-10-25,45,business,,,24040.0,False,16:30,ok,2026-09-10T06:01:07.086000+05:30,2026-09-10_0601IST,airline_direct,IndiGo
BOM,BLR,6E,IndiGo,6E 5196,2026-10-25,45,economy,,,7584.0,False,16:30,ok,2026-09-10T06:01:07.086000+05:30,2026-09-10_0601IST,airline_direct,IndiGo
BOM,BLR,6E,IndiGo,6E 5196,2026-10-25,45,business,,,25173.0,False,16:30,ok,2026-09-10T06:01:07.086000+05:30,2026-09-10_0601IST,airline_direct,IndiGo
BOM,BLR,6E,IndiGo,6E 5196,2026-10-25,45,economy,,,7584.0,False,16:30,ok,2026-09-10T06:01:07.086000+05:30,2026-09-10_0601IST,airline_direct,IndiGo
BOM,BLR,6E,IndiGo,6E 5386,2026-10-25,45,business,,,25607.0,False,15:05,ok,2026-09-10T06:01:07.086000+05:30,2026-09-10_0601IST,airline_direct,IndiGo
BOM,BLR,6E,IndiGo,6E 5386,2026-10-25,45,economy,,,7916.0,False,15:05,ok,2026-09-10T06:01:07.086000+05:30,2026-09-10_0601IST,airline_direct,IndiGo
BOM,BLR,6E,IndiGo,6E 6549,2026-10-25,45,economy,,,7916.0,False,19:05,ok,2026-09-10T06:01:07.086000+05:30,2026-09-10_0601IST,airline_direct,IndiGo
BOM,BLR,6E,IndiGo,6E 2049,2026-10-25,45,economy,,,8126.0,False,07:10,ok,2026-09-10T06:01:07.086000+05:30,2026-09-10_0601IST,airline_direct,IndiGo
BOM,BLR,6E,IndiGo,6E 5313,2026-10-25,45,business,,,26670.0,False,10:55,ok,2026-09-10T06:01:07.086000+05:30,2026-09-10_0601IST,airline_direct,IndiGo
BOM,BLR,6E,IndiGo,6E 5313,2026-10-25,45,economy,,,8126.0,False,10:55,ok,2026-09-10T06:01:07.086000+05:30,2026-09-10_0601IST,airline_direct,IndiGo
BOM,BLR,6E,IndiGo,6E 5313,2026-10-25,45,business,,,25626.0,False,10:55,ok,2026-09-10T06:01:07.086000+05:30,2026-09-10_0601IST,airline_direct,IndiGo
BOM,BLR,6E,IndiGo,6E 5313,2026-10-25,45,economy,,,8126.0,False,10:55,ok,2026-09-10T06:01:07.086000+05:30,2026-09-10_0601IST,airline_direct,IndiGo
BOM,BLR,6E,IndiGo,6E 5085,2026-10-25,45,business,,,26670.0,False,13:00,ok,2026-09-10T06:01:07.086000+05:30,2026-09-10_0601IST,airline_direct,IndiGo
BOM,BLR,6E,IndiGo,6E 5085,2026-10-25,45,economy,,,8126.0,False,13:00,ok,2026-09-10T06:01:07.086000+05:30,2026-09-10_0601IST,airline_direct,IndiGo
BOM,BLR,6E,IndiGo,6E 6352,2026-10-25,45,economy,,,8126.0,False,15:40,ok,2026-09-10T06:01:07.086000+05:30,2026-09-10_0601IST,airline_direct,IndiGo
BOM,BLR,6E,IndiGo,6E 795,2026-10-25,45,economy,,,8126.0,False,19:15,ok,2026-09-10T06:01:07.086000+05:30,2026-09-10_0601IST,airline_direct,IndiGo
BOM,BLR,6E,IndiGo,6E 294,2026-10-25,45,economy,,,8257.0,False,07:20,ok,2026-09-10T06:01:07.086000+05:30,2026-09-10_0601IST,airline_direct,IndiGo
BOM,BLR,6E,IndiGo,6E 5059,2026-10-25,45,economy,,,8718.0,False,16:45,ok,2026-09-10T06:01:07.086000+05:30,2026-09-10_0601IST,airline_direct,IndiGo
BOM,BLR,6E,IndiGo,6E 5179,2026-10-25,45,business,,,20441.0,False,02:35,ok,2026-09-10T06:01:07.086000+05:30,2026-09-10_0601IST,airline_direct,IndiGo
BOM,BLR,6E,IndiGo,6E 5179,2026-10-25,45,economy,,,9154.0,False,02:35,ok,2026-09-10T06:01:07.086000+05:30,2026-09-10_0601IST,airline_direct,IndiGo
BOM,BLR,6E,IndiGo,6E 5204,2026-10-25,45,business,,,26670.0,False,08:30,ok,2026-09-10T06:01:07.086000+05:30,2026-09-10_0601IST,airline_direct,IndiGo
BOM,BLR,6E,IndiGo,6E 5204,2026-10-25,45,economy,,,9364.0,False,08:30,ok,2026-09-10T06:01:07.086000+05:30,2026-09-10_0601IST,airline_direct,IndiGo
BOM,BLR,6E,IndiGo,6E 136,2026-10-25,45,business,,,26670.0,False,05:00,ok,2026-09-10T06:01:07.086000+05:30,2026-09-10_0601IST,airline_direct,IndiGo
BOM,BLR,6E,IndiGo,6E 136,2026-10-25,45,economy,,,10068.0,False,05:00,ok,2026-09-10T06:01:07.086000+05:30,2026-09-10_0601IST,airline_direct,IndiGo
BOM,BLR,6E,IndiGo,6E 5318,2026-10-25,45,business,,,23913.0,False,10:15,ok,2026-09-10T06:01:07.086000+05:30,2026-09-10_0601IST,airline_direct,IndiGo
BOM,BLR,6E,IndiGo,6E 5318,2026-10-25,45,economy,,,10628.0,False,10:15,ok,2026-09-10T06:01:07.086000+05:30,2026-09-10_0601IST,airline_direct,IndiGo
BOM,BLR,6E,IndiGo,6E 5228,2026-10-25,45,business,,,21379.0,False,16:40,ok,2026-09-10T06:01:07.086000+05:30,2026-09-10_0601IST,airline_direct,IndiGo
BOM,BLR,6E,IndiGo,6E 5228,2026-10-25,45,economy,,,10628.0,False,16:40,ok,2026-09-10T06:01:07.086000+05:30,2026-09-10_0601IST,airline_direct,IndiGo
BOM,BLR,6E,IndiGo,6E 6365,2026-10-25,45,business,,,23913.0,False,12:00,ok,2026-09-10T06:01:07.086000+05:30,2026-09-10_0601IST,airline_direct,IndiGo
BOM,BLR,6E,IndiGo,6E 6365,2026-10-25,45,economy,,,11468.0,False,12:00,ok,2026-09-10T06:01:07.086000+05:30,2026-09-10_0601IST,airline_direct,IndiGo
BOM,BLR,6E,IndiGo,6E 5228,2026-10-25,45,business,,,24718.0,False,16:40,ok,2026-09-10T06:01:07.086000+05:30,2026-09-10_0601IST,airline_direct,IndiGo
BOM,BLR,6E,IndiGo,6E 5228,2026-10-25,45,economy,,,13386.0,False,16:40,ok,2026-09-10T06:01:07.086000+05:30,2026-09-10_0601IST,airline_direct,IndiGo
BOM,BLR,6E,IndiGo,6E 5318,2026-10-25,45,business,,,23183.0,False,10:15,ok,2026-09-10T06:01:07.086000+05:30,2026-09-10_0601IST,airline_direct,IndiGo
BOM,BLR,6E,IndiGo,6E 5318,2026-10-25,45,economy,,,13564.0,False,10:15,ok,2026-09-10T06:01:07.086000+05:30,2026-09-10_0601IST,airline_direct,IndiGo
BOM,BLR,6E,IndiGo,6E 6701,2026-10-25,45,economy,,,13596.0,False,12:30,ok,2026-09-10T06:01:07.086000+05:30,2026-09-10_0601IST,airline_direct,IndiGo
BOM,BLR,6E,IndiGo,6E 5386,2026-10-25,45,business,,,35012.0,False,15:05,ok,2026-09-10T06:01:07.086000+05:30,2026-09-10_0601IST,airline_direct,IndiGo
BOM,BLR,6E,IndiGo,6E 5386,2026-10-25,45,economy,,,14478.0,False,15:05,ok,2026-09-10T06:01:07.086000+05:30,2026-09-10_0601IST,airline_direct,IndiGo
BOM,BLR,6E,IndiGo,6E 5228,2026-10-25,45,business,,,25607.0,False,16:40,ok,2026-09-10T06:01:07.086000+05:30,2026-09-10_0601IST,airline_direct,IndiGo
BOM,BLR,6E,IndiGo,6E 5228,2026-10-25,45,economy,,,17190.0,False,16:40,ok,2026-09-10T06:01:07.086000+05:30,2026-09-10_0601IST,airline_direct,IndiGo
DEL,CCU,6E,IndiGo,error,2026-10-25,45,unknown,,,,False,unknown,error,2026-09-10T06:02:00.389917+05:30,2026-09-10_0602IST,airline_direct,IndiGo
BLR,HYD,6E,IndiGo,6E 312,2026-10-25,45,economy,,,4235.0,False,09:15,ok,2026-09-10T06:02:57.500276+05:30,2026-09-10_0602IST,airline_direct,IndiGo
BLR,HYD,6E,IndiGo,6E 6178,2026-10-25,45,economy,,,4235.0,False,11:25,ok,2026-09-10T06:02:57.500276+05:30,2026-09-10_0602IST,airline_direct,IndiGo
BLR,HYD,6E,IndiGo,6E 855,2026-10-25,45,economy,,,4235.0,False,20:05,ok,2026-09-10T06:02:57.500276+05:30,2026-09-10_0602IST,airline_direct,IndiGo
BLR,HYD,6E,IndiGo,6E 484,2026-10-25,45,economy,,,4561.0,False,07:25,ok,2026-09-10T06:02:57.500276+05:30,2026-09-10_0602IST,airline_direct,IndiGo
BLR,HYD,6E,IndiGo,6E 6923,2026-10-25,45,economy,,,4561.0,False,14:50,ok,2026-09-10T06:02:57.500276+05:30,2026-09-10_0602IST,airline_direct,IndiGo
BLR,HYD,6E,IndiGo,6E 6784,2026-10-25,45,economy,,,4561.0,False,21:35,ok,2026-09-10T06:02:57.500276+05:30,2026-09-10_0602IST,airline_direct,IndiGo
BLR,HYD,6E,IndiGo,6E 638,2026-10-25,45,economy,,,4921.0,False,18:35,ok,2026-09-10T06:02:57.500276+05:30,2026-09-10_0602IST,airline_direct,IndiGo
BLR,HYD,6E,IndiGo,6E 537,2026-10-25,45,economy,,,5318.0,False,10:15,ok,2026-09-10T06:02:57.500276+05:30,2026-09-10_0602IST,airline_direct,IndiGo
BLR,HYD,6E,IndiGo,6E 6404,2026-10-25,45,economy,,,5318.0,False,13:35,ok,2026-09-10T06:02:57.500276+05:30,2026-09-10_0602IST,airline_direct,IndiGo
BLR,HYD,6E,IndiGo,6E 6067,2026-10-25,45,economy,,,5318.0,False,16:40,ok,2026-09-10T06:02:57.500276+05:30,2026-09-10_0602IST,airline_direct,IndiGo
BLR,HYD,6E,IndiGo,6E 7217,2026-10-25,45,economy,,,5331.0,False,11:10,ok,2026-09-10T06:02:57.500276+05:30,2026-09-10_0602IST,airline_direct,IndiGo
BLR,HYD,6E,IndiGo,6E 7203,2026-10-25,45,economy,,,5463.0,False,07:00,ok,2026-09-10T06:02:57.500276+05:30,2026-09-10_0602IST,airline_direct,IndiGo
BLR,HYD,6E,IndiGo,6E 6269,2026-10-25,45,economy,,,5463.0,False,07:10,ok,2026-09-10T06:02:57.500276+05:30,2026-09-10_0602IST,airline_direct,IndiGo
BLR,HYD,6E,IndiGo,6E 6858,2026-10-25,45,economy,,,5463.0,False,07:10,ok,2026-09-10T06:02:57.500276+05:30,2026-09-10_0602IST,airline_direct,IndiGo
BLR,HYD,6E,IndiGo,6E 6269,2026-10-25,45,economy,,,5463.0,False,07:10,ok,2026-09-10T06:02:57.500276+05:30,2026-09-10_0602IST,airline_direct,IndiGo
BLR,HYD,6E,IndiGo,6E 6269,2026-10-25,45,economy,,,5463.0,False,07:10,ok,2026-09-10T06:02:57.500276+05:30,2026-09-10_0602IST,airline_direct,IndiGo
BLR,HYD,6E,IndiGo,6E 904,2026-10-25,45,economy,,,5463.0,False,08:55,ok,2026-09-10T06:02:57.500276+05:30,2026-09-10_0602IST,airline_direct,IndiGo
BLR,HYD,6E,IndiGo,6E 575,2026-10-25,45,economy,,,5463.0,False,10:50,ok,2026-09-10T06:02:57.500276+05:30,2026-09-10_0602IST,airline_direct,IndiGo
BLR,HYD,6E,IndiGo,6E 575,2026-10-25,45,economy,,,5463.0,False,10:50,ok,2026-09-10T06:02:57.500276+05:30,2026-09-10_0602IST,airline_direct,IndiGo
BLR,HYD,6E,IndiGo,6E 575,2026-10-25,45,economy,,,5463.0,False,10:50,ok,2026-09-10T06:02:57.500276+05:30,2026-09-10_0602IST,airline_direct,IndiGo
BLR,HYD,6E,IndiGo,6E 7215,2026-10-25,45,economy,,,5463.0,False,11:05,ok,2026-09-10T06:02:57.500276+05:30,2026-09-10_0602IST,airline_direct,IndiGo
BLR,HYD,6E,IndiGo,6E 356,2026-10-25,45,economy,,,5463.0,False,14:30,ok,2026-09-10T06:02:57.500276+05:30,2026-09-10_0602IST,airline_direct,IndiGo
BLR,HYD,6E,IndiGo,6E 356,2026-10-25,45,economy,,,5463.0,False,14:30,ok,2026-09-10T06:02:57.500276+05:30,2026-09-10_0602IST,airline_direct,IndiGo
BLR,HYD,6E,IndiGo,6E 356,2026-10-25,45,economy,,,5463.0,False,14:30,ok,2026-09-10T06:02:57.500276+05:30,2026-09-10_0602IST,airline_direct,IndiGo
BLR,HYD,6E,IndiGo,6E 498,2026-10-25,45,economy,,,5463.0,False,15:00,ok,2026-09-10T06:02:57.500276+05:30,2026-09-10_0602IST,airline_direct,IndiGo
BLR,HYD,6E,IndiGo,6E 498,2026-10-25,45,economy,,,5463.0,False,15:00,ok,2026-09-10T06:02:57.500276+05:30,2026-09-10_0602IST,airline_direct,IndiGo
BLR,HYD,6E,IndiGo,6E 7223,2026-10-25,45,economy,,,5463.0,False,15:50,ok,2026-09-10T06:02:57.500276+05:30,2026-09-10_0602IST,airline_direct,IndiGo
BLR,HYD,6E,IndiGo,6E 109,2026-10-25,45,economy,,,5463.0,False,16:30,ok,2026-09-10T06:02:57.500276+05:30,2026-09-10_0602IST,airline_direct,IndiGo
BLR,HYD,6E,IndiGo,6E 6562,2026-10-25,45,economy,,,5463.0,False,16:50,ok,2026-09-10T06:02:57.500276+05:30,2026-09-10_0602IST,airline_direct,IndiGo
BLR,HYD,6E,IndiGo,6E 6562,2026-10-25,45,economy,,,5463.0,False,16:50,ok,2026-09-10T06:02:57.500276+05:30,2026-09-10_0602IST,airline_direct,IndiGo
BLR,HYD,6E,IndiGo,6E 6017,2026-10-25,45,economy,,,5463.0,False,18:15,ok,2026-09-10T06:02:57.500276+05:30,2026-09-10_0602IST,airline_direct,IndiGo
BLR,HYD,6E,IndiGo,6E 6597,2026-10-25,45,economy,,,5463.0,False,18:35,ok,2026-09-10T06:02:57.500276+05:30,2026-09-10_0602IST,airline_direct,IndiGo
BLR,HYD,6E,IndiGo,6E 6208,2026-10-25,45,economy,,,5463.0,False,19:15,ok,2026-09-10T06:02:57.500276+05:30,2026-09-10_0602IST,airline_direct,IndiGo
BLR,HYD,6E,IndiGo,6E 435,2026-10-25,45,economy,,,5463.0,False,20:00,ok,2026-09-10T06:02:57.500276+05:30,2026-09-10_0602IST,airline_direct,IndiGo
BLR,HYD,6E,IndiGo,6E 217,2026-10-25,45,economy,,,5594.0,False,06:05,ok,2026-09-10T06:02:57.500276+05:30,2026-09-10_0602IST,airline_direct,IndiGo
BLR,HYD,6E,IndiGo,6E 217,2026-10-25,45,economy,,,5594.0,False,06:05,ok,2026-09-10T06:02:57.500276+05:30,2026-09-10_0602IST,airline_direct,IndiGo
BLR,HYD,6E,IndiGo,6E 113,2026-10-25,45,economy,,,5793.0,False,08:40,ok,2026-09-10T06:02:57.500276+05:30,2026-09-10_0602IST,airline_direct,IndiGo
BLR,HYD,6E,IndiGo,6E 904,2026-10-25,45,economy,,,5793.0,False,08:55,ok,2026-09-10T06:02:57.500276+05:30,2026-09-10_0602IST,airline_direct,IndiGo
BLR,HYD,6E,IndiGo,6E 602,2026-10-25,45,economy,,,5793.0,False,15:55,ok,2026-09-10T06:02:57.500276+05:30,2026-09-10_0602IST,airline_direct,IndiGo
BLR,HYD,6E,IndiGo,6E 6753,2026-10-25,45,economy,,,5793.0,False,16:10,ok,2026-09-10T06:02:57.500276+05:30,2026-09-10_0602IST,airline_direct,IndiGo
BLR,HYD,6E,IndiGo,6E 144,2026-10-25,45,economy,,,5793.0,False,16:45,ok,2026-09-10T06:02:57.500276+05:30,2026-09-10_0602IST,airline_direct,IndiGo
BLR,HYD,6E,IndiGo,6E 6168,2026-10-25,45,economy,,,5793.0,False,17:25,ok,2026-09-10T06:02:57.500276+05:30,2026-09-10_0602IST,airline_direct,IndiGo
BLR,HYD,6E,IndiGo,6E 105,2026-10-25,45,economy,,,5793.0,False,21:55,ok,2026-09-10T06:02:57.500276+05:30,2026-09-10_0602IST,airline_direct,IndiGo
BLR,HYD,6E,IndiGo,6E 6563,2026-10-25,45,economy,,,5793.0,False,23:30,ok,2026-09-10T06:02:57.500276+05:30,2026-09-10_0602IST,airline_direct,IndiGo
BLR,HYD,6E,IndiGo,6E 6876,2026-10-25,45,economy,,,6153.0,False,02:00,ok,2026-09-10T06:02:57.500276+05:30,2026-09-10_0602IST,airline_direct,IndiGo
BLR,HYD,6E,IndiGo,6E 6445,2026-10-25,45,economy,,,6153.0,False,07:05,ok,2026-09-10T06:02:57.500276+05:30,2026-09-10_0602IST,airline_direct,IndiGo
BLR,HYD,6E,IndiGo,6E 6583,2026-10-25,45,economy,,,6153.0,False,11:20,ok,2026-09-10T06:02:57.500276+05:30,2026-09-10_0602IST,airline_direct,IndiGo
BLR,HYD,6E,IndiGo,6E 6104,2026-10-25,45,economy,,,6153.0,False,12:15,ok,2026-09-10T06:02:57.500276+05:30,2026-09-10_0602IST,airline_direct,IndiGo
BLR,HYD,6E,IndiGo,6E 703,2026-10-25,45,economy,,,6153.0,False,12:40,ok,2026-09-10T06:02:57.500276+05:30,2026-09-10_0602IST,airline_direct,IndiGo
BLR,HYD,6E,IndiGo,6E 6554,2026-10-25,45,economy,,,6153.0,False,19:00,ok,2026-09-10T06:02:57.500276+05:30,2026-09-10_0602IST,airline_direct,IndiGo
BLR,HYD,6E,IndiGo,6E 6563,2026-10-25,45,economy,,,6153.0,False,23:30,ok,2026-09-10T06:02:57.500276+05:30,2026-09-10_0602IST,airline_direct,IndiGo
BLR,HYD,6E,IndiGo,6E 6653,2026-10-25,45,economy,,,6543.0,False,12:25,ok,2026-09-10T06:02:57.500276+05:30,2026-09-10_0602IST,airline_direct,IndiGo
BLR,HYD,6E,IndiGo,6E 6003,2026-10-25,45,economy,,,6674.0,False,07:10,ok,2026-09-10T06:02:57.500276+05:30,2026-09-10_0602IST,airline_direct,IndiGo
BLR,HYD,6E,IndiGo,6E 6003,2026-10-25,45,economy,,,6674.0,False,07:10,ok,2026-09-10T06:02:57.500276+05:30,2026-09-10_0602IST,airline_direct,IndiGo
BLR,HYD,6E,IndiGo,6E 969,2026-10-25,45,economy,,,6674.0,False,15:25,ok,2026-09-10T06:02:57.500276+05:30,2026-09-10_0602IST,airline_direct,IndiGo
BLR,HYD,6E,IndiGo,6E 857,2026-10-25,45,economy,,,6969.0,False,10:00,ok,2026-09-10T06:02:57.500276+05:30,2026-09-10_0602IST,airline_direct,IndiGo
BLR,HYD,6E,IndiGo,6E 703,2026-10-25,45,economy,,,6969.0,False,12:40,ok,2026-09-10T06:02:57.500276+05:30,2026-09-10_0602IST,airline_direct,IndiGo
BLR,HYD,6E,IndiGo,6E 6653,2026-10-25,45,economy,,,7432.0,False,12:25,ok,2026-09-10T06:02:57.500276+05:30,2026-09-10_0602IST,airline_direct,IndiGo
BLR,HYD,6E,IndiGo,6E 6583,2026-10-25,45,economy,,,8484.0,False,11:20,ok,2026-09-10T06:02:57.500276+05:30,2026-09-10_0602IST,airline_direct,IndiGo
BLR,HYD,6E,IndiGo,6E 7281,2026-10-25,45,economy,,,9366.0,False,06:55,ok,2026-09-10T06:02:57.500276+05:30,2026-09-10_0602IST,airline_direct,IndiGo
MAA,DEL,6E,IndiGo,6E 953,2026-10-25,45,business,,,24700.0,False,02:45,ok,2026-09-10T06:04:02.536885+05:30,2026-09-10_0604IST,airline_direct,IndiGo
MAA,DEL,6E,IndiGo,6E 953,2026-10-25,45,economy,,,9830.0,False,02:45,ok,2026-09-10T06:04:02.536885+05:30,2026-09-10_0604IST,airline_direct,IndiGo
MAA,DEL,6E,IndiGo,6E 404,2026-10-25,45,business,,,24700.0,False,09:00,ok,2026-09-10T06:04:02.536885+05:30,2026-09-10_0604IST,airline_direct,IndiGo
MAA,DEL,6E,IndiGo,6E 404,2026-10-25,45,economy,,,9830.0,False,09:00,ok,2026-09-10T06:04:02.536885+05:30,2026-09-10_0604IST,airline_direct,IndiGo
MAA,DEL,6E,IndiGo,6E 6002,2026-10-25,45,business,,,24700.0,False,11:00,ok,2026-09-10T06:04:02.536885+05:30,2026-09-10_0604IST,airline_direct,IndiGo
MAA,DEL,6E,IndiGo,6E 6002,2026-10-25,45,economy,,,9830.0,False,11:00,ok,2026-09-10T06:04:02.536885+05:30,2026-09-10_0604IST,airline_direct,IndiGo
MAA,DEL,6E,IndiGo,6E 2202,2026-10-25,45,business,,,24700.0,False,21:30,ok,2026-09-10T06:04:02.536885+05:30,2026-09-10_0604IST,airline_direct,IndiGo
MAA,DEL,6E,IndiGo,6E 2202,2026-10-25,45,economy,,,9830.0,False,21:30,ok,2026-09-10T06:04:02.536885+05:30,2026-09-10_0604IST,airline_direct,IndiGo
MAA,DEL,6E,IndiGo,6E 6343,2026-10-25,45,business,,,24700.0,False,23:45,ok,2026-09-10T06:04:02.536885+05:30,2026-09-10_0604IST,airline_direct,IndiGo
MAA,DEL,6E,IndiGo,6E 6343,2026-10-25,45,economy,,,9830.0,False,23:45,ok,2026-09-10T06:04:02.536885+05:30,2026-09-10_0604IST,airline_direct,IndiGo
MAA,DEL,6E,IndiGo,6E 2335,2026-10-25,45,business,,,24700.0,False,12:30,ok,2026-09-10T06:04:02.536885+05:30,2026-09-10_0604IST,airline_direct,IndiGo
MAA,DEL,6E,IndiGo,6E 2335,2026-10-25,45,economy,,,10295.0,False,12:30,ok,2026-09-10T06:04:02.536885+05:30,2026-09-10_0604IST,airline_direct,IndiGo
MAA,DEL,6E,IndiGo,6E 948,2026-10-25,45,business,,,24700.0,False,14:15,ok,2026-09-10T06:04:02.536885+05:30,2026-09-10_0604IST,airline_direct,IndiGo
MAA,DEL,6E,IndiGo,6E 948,2026-10-25,45,economy,,,10295.0,False,14:15,ok,2026-09-10T06:04:02.536885+05:30,2026-09-10_0604IST,airline_direct,IndiGo
MAA,DEL,6E,IndiGo,6E 698,2026-10-25,45,business,,,24700.0,False,16:30,ok,2026-09-10T06:04:02.536885+05:30,2026-09-10_0604IST,airline_direct,IndiGo
MAA,DEL,6E,IndiGo,6E 698,2026-10-25,45,economy,,,10295.0,False,16:30,ok,2026-09-10T06:04:02.536885+05:30,2026-09-10_0604IST,airline_direct,IndiGo
MAA,DEL,6E,IndiGo,6E 937,2026-10-25,45,business,,,24700.0,False,05:45,ok,2026-09-10T06:04:02.536885+05:30,2026-09-10_0604IST,airline_direct,IndiGo
MAA,DEL,6E,IndiGo,6E 937,2026-10-25,45,economy,,,10785.0,False,05:45,ok,2026-09-10T06:04:02.536885+05:30,2026-09-10_0604IST,airline_direct,IndiGo
MAA,DEL,6E,IndiGo,6E 613,2026-10-25,45,business,,,24700.0,False,19:00,ok,2026-09-10T06:04:02.536885+05:30,2026-09-10_0604IST,airline_direct,IndiGo
MAA,DEL,6E,IndiGo,6E 613,2026-10-25,45,economy,,,10785.0,False,19:00,ok,2026-09-10T06:04:02.536885+05:30,2026-09-10_0604IST,airline_direct,IndiGo
MAA,DEL,6E,IndiGo,6E 6797,2026-10-25,45,economy,,,9568.0,False,13:50,ok,2026-09-10T06:04:02.536885+05:30,2026-09-10_0604IST,airline_direct,IndiGo
MAA,DEL,6E,IndiGo,6E 916,2026-10-25,45,business,,,28061.0,False,00:45,ok,2026-09-10T06:04:02.536885+05:30,2026-09-10_0604IST,airline_direct,IndiGo
MAA,DEL,6E,IndiGo,6E 916,2026-10-25,45,economy,,,9778.0,False,00:45,ok,2026-09-10T06:04:02.536885+05:30,2026-09-10_0604IST,airline_direct,IndiGo
MAA,DEL,6E,IndiGo,6E 253,2026-10-25,45,business,,,28061.0,False,02:20,ok,2026-09-10T06:04:02.536885+05:30,2026-09-10_0604IST,airline_direct,IndiGo
MAA,DEL,6E,IndiGo,6E 253,2026-10-25,45,economy,,,9778.0,False,02:20,ok,2026-09-10T06:04:02.536885+05:30,2026-09-10_0604IST,airline_direct,IndiGo
MAA,DEL,6E,IndiGo,6E 607,2026-10-25,45,business,,,28061.0,False,04:50,ok,2026-09-10T06:04:02.536885+05:30,2026-09-10_0604IST,airline_direct,IndiGo
MAA,DEL,6E,IndiGo,6E 607,2026-10-25,45,economy,,,9778.0,False,04:50,ok,2026-09-10T06:04:02.536885+05:30,2026-09-10_0604IST,airline_direct,IndiGo
MAA,DEL,6E,IndiGo,6E 607,2026-10-25,45,business,,,28061.0,False,04:50,ok,2026-09-10T06:04:02.536885+05:30,2026-09-10_0604IST,airline_direct,IndiGo
MAA,DEL,6E,IndiGo,6E 607,2026-10-25,45,economy,,,9778.0,False,04:50,ok,2026-09-10T06:04:02.536885+05:30,2026-09-10_0604IST,airline_direct,IndiGo
MAA,DEL,6E,IndiGo,6E 6079,2026-10-25,45,economy,,,9778.0,False,05:55,ok,2026-09-10T06:04:02.536885+05:30,2026-09-10_0604IST,airline_direct,IndiGo
MAA,DEL,6E,IndiGo,6E 293,2026-10-25,45,business,,,27970.0,False,07:20,ok,2026-09-10T06:04:02.536885+05:30,2026-09-10_0604IST,airline_direct,IndiGo
MAA,DEL,6E,IndiGo,6E 293,2026-10-25,45,economy,,,9778.0,False,07:20,ok,2026-09-10T06:04:02.536885+05:30,2026-09-10_0604IST,airline_direct,IndiGo
MAA,DEL,6E,IndiGo,6E 293,2026-10-25,45,business,,,27970.0,False,07:20,ok,2026-09-10T06:04:02.536885+05:30,2026-09-10_0604IST,airline_direct,IndiGo
MAA,DEL,6E,IndiGo,6E 293,2026-10-25,45,economy,,,9778.0,False,07:20,ok,2026-09-10T06:04:02.536885+05:30,2026-09-10_0604IST,airline_direct,IndiGo
MAA,DEL,6E,IndiGo,6E 834,2026-10-25,45,business,,,26398.0,False,09:45,ok,2026-09-10T06:04:02.536885+05:30,2026-09-10_0604IST,airline_direct,IndiGo
MAA,DEL,6E,IndiGo,6E 834,2026-10-25,45,economy,,,9778.0,False,09:45,ok,2026-09-10T06:04:02.536885+05:30,2026-09-10_0604IST,airline_direct,IndiGo
MAA,DEL,6E,IndiGo,6E 6925,2026-10-25,45,business,,,26457.0,False,10:40,ok,2026-09-10T06:04:02.536885+05:30,2026-09-10_0604IST,airline_direct,IndiGo
MAA,DEL,6E,IndiGo,6E 6925,2026-10-25,45,economy,,,9778.0,False,10:40,ok,2026-09-10T06:04:02.536885+05:30,2026-09-10_0604IST,airline_direct,IndiGo
MAA,DEL,6E,IndiGo,6E 6925,2026-10-25,45,business,,,26457.0,False,10:40,ok,2026-09-10T06:04:02.536885+05:30,2026-09-10_0604IST,airline_direct,IndiGo
MAA,DEL,6E,IndiGo,6E 6925,2026-10-25,45,economy,,,9778.0,False,10:40,ok,2026-09-10T06:04:02.536885+05:30,2026-09-10_0604IST,airline_direct,IndiGo
MAA,DEL,6E,IndiGo,6E 495,2026-10-25,45,business,,,27420.0,False,13:00,ok,2026-09-10T06:04:02.536885+05:30,2026-09-10_0604IST,airline_direct,IndiGo
MAA,DEL,6E,IndiGo,6E 495,2026-10-25,45,economy,,,9778.0,False,13:00,ok,2026-09-10T06:04:02.536885+05:30,2026-09-10_0604IST,airline_direct,IndiGo
MAA,DEL,6E,IndiGo,6E 6158,2026-10-25,45,business,,,28570.0,False,15:45,ok,2026-09-10T06:04:02.536885+05:30,2026-09-10_0604IST,airline_direct,IndiGo
MAA,DEL,6E,IndiGo,6E 6158,2026-10-25,45,economy,,,9778.0,False,15:45,ok,2026-09-10T06:04:02.536885+05:30,2026-09-10_0604IST,airline_direct,IndiGo
MAA,DEL,6E,IndiGo,6E 401,2026-10-25,45,economy,,,9778.0,False,15:45,ok,2026-09-10T06:04:02.536885+05:30,2026-09-10_0604IST,airline_direct,IndiGo
MAA,DEL,6E,IndiGo,6E 193,2026-10-25,45,business,,,26917.0,False,17:25,ok,2026-09-10T06:04:02.536885+05:30,2026-09-10_0604IST,airline_direct,IndiGo
MAA,DEL,6E,IndiGo,6E 193,2026-10-25,45,economy,,,9778.0,False,17:25,ok,2026-09-10T06:04:02.536885+05:30,2026-09-10_0604IST,airline_direct,IndiGo
MAA,DEL,6E,IndiGo,6E 2445,2026-10-25,45,business,,,26457.0,False,18:35,ok,2026-09-10T06:04:02.536885+05:30,2026-09-10_0604IST,airline_direct,IndiGo
MAA,DEL,6E,IndiGo,6E 2445,2026-10-25,45,economy,,,9778.0,False,18:35,ok,2026-09-10T06:04:02.536885+05:30,2026-09-10_0604IST,airline_direct,IndiGo
MAA,DEL,6E,IndiGo,6E 2445,2026-10-25,45,business,,,26457.0,False,18:35,ok,2026-09-10T06:04:02.536885+05:30,2026-09-10_0604IST,airline_direct,IndiGo
MAA,DEL,6E,IndiGo,6E 2445,2026-10-25,45,economy,,,9778.0,False,18:35,ok,2026-09-10T06:04:02.536885+05:30,2026-09-10_0604IST,airline_direct,IndiGo
MAA,DEL,6E,IndiGo,6E 6215,2026-10-25,45,business,,,26457.0,False,19:40,ok,2026-09-10T06:04:02.536885+05:30,2026-09-10_0604IST,airline_direct,IndiGo
MAA,DEL,6E,IndiGo,6E 6215,2026-10-25,45,economy,,,9778.0,False,19:40,ok,2026-09-10T06:04:02.536885+05:30,2026-09-10_0604IST,airline_direct,IndiGo
MAA,DEL,6E,IndiGo,6E 6374,2026-10-25,45,economy,,,9778.0,False,20:45,ok,2026-09-10T06:04:02.536885+05:30,2026-09-10_0604IST,airline_direct,IndiGo
MAA,DEL,6E,IndiGo,6E 2507,2026-10-25,45,business,,,30303.0,False,22:10,ok,2026-09-10T06:04:02.536885+05:30,2026-09-10_0604IST,airline_direct,IndiGo
MAA,DEL,6E,IndiGo,6E 2507,2026-10-25,45,economy,,,9778.0,False,22:10,ok,2026-09-10T06:04:02.536885+05:30,2026-09-10_0604IST,airline_direct,IndiGo
MAA,DEL,6E,IndiGo,6E 6081,2026-10-25,45,business,,,29704.0,False,07:05,ok,2026-09-10T06:04:02.536885+05:30,2026-09-10_0604IST,airline_direct,IndiGo
MAA,DEL,6E,IndiGo,6E 6081,2026-10-25,45,economy,,,9857.0,False,07:05,ok,2026-09-10T06:04:02.536885+05:30,2026-09-10_0604IST,airline_direct,IndiGo
MAA,DEL,6E,IndiGo,6E 6081,2026-10-25,45,business,,,29704.0,False,07:05,ok,2026-09-10T06:04:02.536885+05:30,2026-09-10_0604IST,airline_direct,IndiGo
MAA,DEL,6E,IndiGo,6E 6081,2026-10-25,45,economy,,,9857.0,False,07:05,ok,2026-09-10T06:04:02.536885+05:30,2026-09-10_0604IST,airline_direct,IndiGo
MAA,DEL,6E,IndiGo,6E 6209,2026-10-25,45,business,,,32334.0,False,12:40,ok,2026-09-10T06:04:02.536885+05:30,2026-09-10_0604IST,airline_direct,IndiGo
MAA,DEL,6E,IndiGo,6E 6209,2026-10-25,45,economy,,,9857.0,False,12:40,ok,2026-09-10T06:04:02.536885+05:30,2026-09-10_0604IST,airline_direct,IndiGo
MAA,DEL,6E,IndiGo,6E 515,2026-10-25,45,economy,,,9857.0,False,13:20,ok,2026-09-10T06:04:02.536885+05:30,2026-09-10_0604IST,airline_direct,IndiGo
MAA,DEL,6E,IndiGo,6E 365,2026-10-25,45,business,,,32334.0,False,15:00,ok,2026-09-10T06:04:02.536885+05:30,2026-09-10_0604IST,airline_direct,IndiGo
MAA,DEL,6E,IndiGo,6E 365,2026-10-25,45,economy,,,9857.0,False,15:00,ok,2026-09-10T06:04:02.536885+05:30,2026-09-10_0604IST,airline_direct,IndiGo
MAA,DEL,6E,IndiGo,6E 847,2026-10-25,45,business,,,31290.0,False,16:20,ok,2026-09-10T06:04:02.536885+05:30,2026-09-10_0604IST,airline_direct,IndiGo
MAA,DEL,6E,IndiGo,6E 847,2026-10-25,45,economy,,,9857.0,False,16:20,ok,2026-09-10T06:04:02.536885+05:30,2026-09-10_0604IST,airline_direct,IndiGo
MAA,DEL,6E,IndiGo,6E 6892,2026-10-25,45,business,,,32334.0,False,17:25,ok,2026-09-10T06:04:02.536885+05:30,2026-09-10_0604IST,airline_direct,IndiGo
MAA,DEL,6E,IndiGo,6E 6892,2026-10-25,45,economy,,,9857.0,False,17:25,ok,2026-09-10T06:04:02.536885+05:30,2026-09-10_0604IST,airline_direct,IndiGo
MAA,DEL,6E,IndiGo,6E 6892,2026-10-25,45,business,,,32334.0,False,17:25,ok,2026-09-10T06:04:02.536885+05:30,2026-09-10_0604IST,airline_direct,IndiGo
MAA,DEL,6E,IndiGo,6E 6892,2026-10-25,45,economy,,,9857.0,False,17:25,ok,2026-09-10T06:04:02.536885+05:30,2026-09-10_0604IST,airline_direct,IndiGo
MAA,DEL,6E,IndiGo,6E 2505,2026-10-25,45,business,,,30424.0,False,18:45,ok,2026-09-10T06:04:02.536885+05:30,2026-09-10_0604IST,airline_direct,IndiGo
MAA,DEL,6E,IndiGo,6E 2505,2026-10-25,45,economy,,,9857.0,False,18:45,ok,2026-09-10T06:04:02.536885+05:30,2026-09-10_0604IST,airline_direct,IndiGo
MAA,DEL,6E,IndiGo,6E 7359,2026-10-25,45,economy,,,9857.0,False,18:50,ok,2026-09-10T06:04:02.536885+05:30,2026-09-10_0604IST,airline_direct,IndiGo
MAA,DEL,6E,IndiGo,6E 189,2026-10-25,45,business,,,29704.0,False,19:45,ok,2026-09-10T06:04:02.536885+05:30,2026-09-10_0604IST,airline_direct,IndiGo
MAA,DEL,6E,IndiGo,6E 189,2026-10-25,45,economy,,,9857.0,False,19:45,ok,2026-09-10T06:04:02.536885+05:30,2026-09-10_0604IST,airline_direct,IndiGo
MAA,DEL,6E,IndiGo,6E 796,2026-10-25,45,business,,,30837.0,False,20:45,ok,2026-09-10T06:04:02.536885+05:30,2026-09-10_0604IST,airline_direct,IndiGo
MAA,DEL,6E,IndiGo,6E 796,2026-10-25,45,economy,,,9857.0,False,20:45,ok,2026-09-10T06:04:02.536885+05:30,2026-09-10_0604IST,airline_direct,IndiGo
MAA,DEL,6E,IndiGo,6E 5093,2026-10-25,45,business,,,35375.0,False,05:30,ok,2026-09-10T06:04:02.536885+05:30,2026-09-10_0604IST,airline_direct,IndiGo
MAA,DEL,6E,IndiGo,6E 5093,2026-10-25,45,economy,,,9988.0,False,05:30,ok,2026-09-10T06:04:02.536885+05:30,2026-09-10_0604IST,airline_direct,IndiGo
MAA,DEL,6E,IndiGo,6E 5314,2026-10-25,45,business,,,35375.0,False,08:00,ok,2026-09-10T06:04:02.536885+05:30,2026-09-10_0604IST,airline_direct,IndiGo
MAA,DEL,6E,IndiGo,6E 5314,2026-10-25,45,economy,,,9988.0,False,08:00,ok,2026-09-10T06:04:02.536885+05:30,2026-09-10_0604IST,airline_direct,IndiGo
MAA,DEL,6E,IndiGo,6E 5214,2026-10-25,45,business,,,35375.0,False,11:30,ok,2026-09-10T06:04:02.536885+05:30,2026-09-10_0604IST,airline_direct,IndiGo
MAA,DEL,6E,IndiGo,6E 5214,2026-10-25,45,economy,,,9988.0,False,11:30,ok,2026-09-10T06:04:02.536885+05:30,2026-09-10_0604IST,airline_direct,IndiGo
MAA,DEL,6E,IndiGo,6E 5258,2026-10-25,45,business,,,35375.0,False,13:40,ok,2026-09-10T06:04:02.536885+05:30,2026-09-10_0604IST,airline_direct,IndiGo
MAA,DEL,6E,IndiGo,6E 5258,2026-10-25,45,economy,,,9988.0,False,13:40,ok,2026-09-10T06:04:02.536885+05:30,2026-09-10_0604IST,airline_direct,IndiGo
MAA,DEL,6E,IndiGo,6E 6225,2026-10-25,45,business,,,35375.0,False,23:15,ok,2026-09-10T06:04:02.536885+05:30,2026-09-10_0604IST,airline_direct,IndiGo
MAA,DEL,6E,IndiGo,6E 6225,2026-10-25,45,economy,,,9988.0,False,23:15,ok,2026-09-10T06:04:02.536885+05:30,2026-09-10_0604IST,airline_direct,IndiGo
MAA,DEL,6E,IndiGo,6E 848,2026-10-25,45,economy,,,10535.0,False,11:15,ok,2026-09-10T06:04:02.536885+05:30,2026-09-10_0604IST,airline_direct,IndiGo
MAA,DEL,6E,IndiGo,6E 588,2026-10-25,45,business,,,36717.0,False,18:55,ok,2026-09-10T06:04:02.536885+05:30,2026-09-10_0604IST,airline_direct,IndiGo
MAA,DEL,6E,IndiGo,6E 588,2026-10-25,45,economy,,,11576.0,False,18:55,ok,2026-09-10T06:04:02.536885+05:30,2026-09-10_0604IST,airline_direct,IndiGo
MAA,DEL,6E,IndiGo,6E 562,2026-10-25,45,business,,,31290.0,False,10:20,ok,2026-09-10T06:04:02.536885+05:30,2026-09-10_0604IST,airline_direct,IndiGo
MAA,DEL,6E,IndiGo,6E 562,2026-10-25,45,economy,,,12356.0,False,10:20,ok,2026-09-10T06:04:02.536885+05:30,2026-09-10_0604IST,airline_direct,IndiGo
MAA,DEL,6E,IndiGo,6E 430,2026-10-25,45,economy,,,14373.0,False,11:40,ok,2026-09-10T06:04:02.536885+05:30,2026-09-10_0604IST,airline_direct,IndiGo
MAA,DEL,6E,IndiGo,6E 5371,2026-10-25,45,business,,,35375.0,False,16:00,ok,2026-09-10T06:04:02.536885+05:30,2026-09-10_0604IST,airline_direct,IndiGo
MAA,DEL,6E,IndiGo,6E 5371,2026-10-25,45,economy,,,14583.0,False,16:00,ok,2026-09-10T06:04:02.536885+05:30,2026-09-10_0604IST,airline_direct,IndiGo
MAA,DEL,6E,IndiGo,6E 6381,2026-10-25,45,economy,,,15609.0,False,17:45,ok,2026-09-10T06:04:02.536885+05:30,2026-09-10_0604IST,airline_direct,IndiGo
MAA,DEL,6E,IndiGo,6E 6815,2026-10-25,45,business,,,32334.0,False,08:55,ok,2026-09-10T06:04:02.536885+05:30,2026-09-10_0604IST,airline_direct,IndiGo
MAA,DEL,6E,IndiGo,6E 6815,2026-10-25,45,economy,,,17245.0,False,08:55,ok,2026-09-10T06:04:02.536885+05:30,2026-09-10_0604IST,airline_direct,IndiGo
MAA,DEL,6E,IndiGo,6E 143,2026-10-25,45,economy,,,18641.0,False,20:10,ok,2026-09-10T06:04:02.536885+05:30,2026-09-10_0604IST,airline_direct,IndiGo
MAA,DEL,6E,IndiGo,6E 6662,2026-10-25,45,business,,,38319.0,False,23:00,ok,2026-09-10T06:04:02.536885+05:30,2026-09-10_0604IST,airline_direct,IndiGo
MAA,DEL,6E,IndiGo,6E 6662,2026-10-25,45,economy,,,24646.0,False,23:00,ok,2026-09-10T06:04:02.536885+05:30,2026-09-10_0604IST,airline_direct,IndiGo
MAA,DEL,6E,IndiGo,6E 987,2026-10-25,45,business,,,37375.0,False,06:05,ok,2026-09-10T06:04:02.536885+05:30,2026-09-10_0604IST,airline_direct,IndiGo
MAA,DEL,6E,IndiGo,6E 987,2026-10-25,45,economy,,,27166.0,False,06:05,ok,2026-09-10T06:04:02.536885+05:30,2026-09-10_0604IST,airline_direct,IndiGo
MAA,DEL,6E,IndiGo,6E 321,2026-10-25,45,business,,,39971.0,False,08:15,ok,2026-09-10T06:04:02.536885+05:30,2026-09-10_0604IST,airline_direct,IndiGo
MAA,DEL,6E,IndiGo,6E 321,2026-10-25,45,economy,,,27481.0,False,08:15,ok,2026-09-10T06:04:02.536885+05:30,2026-09-10_0604IST,airline_direct,IndiGo
MAA,DEL,6E,IndiGo,6E 6326,2026-10-25,45,business,,,42449.0,False,12:10,ok,2026-09-10T06:04:02.536885+05:30,2026-09-10_0604IST,airline_direct,IndiGo
MAA,DEL,6E,IndiGo,6E 6326,2026-10-25,45,economy,,,31996.0,False,12:10,ok,2026-09-10T06:04:02.536885+05:30,2026-09-10_0604IST,airline_direct,IndiGo
